{
  "incumbent_ids": [
    5
  ],
  "rejected_config_ids": [
    2,
    1,
    3,
    4,
    6,
    7,
    8,
    9,
    10,
    11,
    12,
    13,
    14,
    15,
    16,
    17,
    18,
    19,
    20,
    21,
    22,
    23,
    24
  ],
  "incumbents_changed": 4,
  "trajectory": [
    {
      "config_ids": [
        1
      ],
      "costs": [
        0.2310598200477274
      ],
      "trial": 1,
      "walltime": 0.0378875732421875
    },
    {
      "config_ids": [
        3
      ],
      "costs": [
        0.18996539956214753
      ],
      "trial": 3,
      "walltime": 3.3749310970306396
    },
    {
      "config_ids": [
        4
      ],
      "costs": [
        0.1871928535315056
      ],
      "trial": 4,
      "walltime": 3.390941619873047
    },
    {
      "config_ids": [
        5
      ],
      "costs": [
        0.04785941773390534
      ],
      "trial": 5,
      "walltime": 3.4037070274353027
    }
  ],
  "state": {
    "queue": [
      [
        24,
        1
      ]
    ]
  }
}