{
  "incumbent_ids": [
    5
  ],
  "rejected_config_ids": [
    1,
    3,
    4,
    2,
    6,
    7,
    8,
    9
  ],
  "incumbents_changed": 3,
  "trajectory": [
    {
      "config_ids": [
        1
      ],
      "costs": [
        0.6292615966005307
      ],
      "trial": 1,
      "walltime": 2.766411304473877
    },
    {
      "config_ids": [
        2
      ],
      "costs": [
        0.5539363465728381
      ],
      "trial": 2,
      "walltime": 4.763301134109497
    },
    {
      "config_ids": [
        5
      ],
      "costs": [
        0.5174035989713426
      ],
      "trial": 5,
      "walltime": 92.54568219184875
    }
  ],
  "state": {
    "queue": []
  }
}