{
  "DE_params": {
    "mutation_factor": 0.5,
    "crossover_prob": 0.5,
    "strategy": "rand1_bin",
    "configspace": true,
    "boundary_fix_type": "random",
    "max_age": Infinity,
    "dimensions": 31,
    "output_path": "../results/tmp/DEHB_tmp/dehb_20251208-045740_a043",
    "async_strategy": "immediate"
  },
  "HB_params": {
    "min_fidelity": 1,
    "max_fidelity": 10,
    "min_clip": null,
    "max_clip": null,
    "eta": 3
  },
  "internals": {
    "initial_configs": [
      {
        "config_id": 0,
        "config": [
          0.0,
          0.5,
          0.0,
          0.0,
          0.5,
          0.6,
          0.875,
          0.5,
          0.5,
          0.5,
          0.0,
          0.5,
          0.6882322975038206,
          0.3333333333333333,
          0.0,
          0.0,
          0.0,
          0.5,
          0.0,
          0.6978021978021978,
          0.9746835443037974,
          0.42452830188679247,
          0.4101633393829401,
          0.8275154004106776,
          0.4034090909090909,
          0.9565217391304348,
          0.68,
          0.59,
          0.0,
          0.0,
          0.0
        ],
        "results": {
          "1.1111111111111112": {
            "score": Infinity,
            "cost": -1,
            "info": {}
          }
        }
      },
      {
        "config_id": 1,
        "config": [
          0.0,
          0.0,
          0.0,
          0.0,
          0.5,
          0.6,
          0.125,
          0.0,
          0.5,
          0.5,
          0.5,
          0.5,
          0.04228222109016811,
          0.0,
          0.5,
          0.5,
          0.0,
          0.0,
          0.0,
          0.7857142857142857,
          0.08227848101265822,
          0.36792452830188677,
          0.5989110707803993,
          0.4188911704312115,
          0.8181818181818182,
          0.1282051282051282,
          0.687741935483871,
          0.05,
          0.3333333333333333,
          0.0,
          0.0
        ],
        "results": {
          "1.1111111111111112": {
            "score": Infinity,
            "cost": -1,
            "info": {}
          }
        }
      },
      {
        "config_id": 2,
        "config": [
          0.5,
          0.0,
          0.5,
          0.5,
          0.0,
          0.4,
          0.17857142857142858,
          0.5,
          0.0,
          0.5,
          0.5,
          0.5,
          0.24707080998471728,
          0.0,
          0.5,
          0.5,
          0.5,
          0.0,
          0.0,
          0.38461538461538464,
          0.27848101265822783,
          0.5849056603773585,
          0.3956442831215971,
          0.47433264887063653,
          0.45454545454545453,
          0.07246376811594203,
          0.48,
          0.55,
          0.0,
          0.0,
          0.0
        ],
        "results": {
          "1.1111111111111112": {
            "score": Infinity,
            "cost": -1,
            "info": {}
          }
        }
      },
      {
        "config_id": 3,
        "config": [
          0.0,
          0.5,
          0.5,
          0.0,
          0.0,
          0.0,
          0.42857142857142855,
          0.5,
          0.0,
          0.0,
          0.5,
          0.5,
          0.8573611818644932,
          0.0,
          0.0,
          0.5,
          0.0,
          0.0,
          0.5,
          0.7967032967032966,
          0.5506329113924051,
          0.4339622641509434,
          0.4863883847549909,
          0.9691991786447639,
          0.7613636363636364,
          0.8160535117056856,
          0.3445161290322581,
          0.69,
          0.0,
          0.0,
          0.0
        ],
        "results": {
          "1.1111111111111112": {
            "score": Infinity,
            "cost": -1,
            "info": {}
          }
        }
      },
      {
        "config_id": 4,
        "config": [
          0.5,
          0.5,
          0.0,
          0.5,
          0.5,
          0.6,
          0.2857142857142857,
          0.0,
          0.0,
          0.5,
          0.5,
          0.0,
          0.6658176260825267,
          0.0,
          0.0,
          0.5,
          0.5,
          0.5,
          0.0,
          0.23626373626373626,
          0.06329113924050633,
          0.7594339622641509,
          0.35390199637023595,
          0.9856262833675564,
          0.9034090909090909,
          0.6789297658862876,
          0.3561290322580645,
          0.52,
          0.0,
          0.0,
          0.0
        ],
        "results": {
          "1.1111111111111112": {
            "score": Infinity,
            "cost": -1,
            "info": {}
          }
        }
      },
      {
        "config_id": 5,
        "config": [
          0.5,
          0.5,
          0.0,
          0.0,
          0.0,
          0.4,
          0.07142857142857142,
          0.0,
          0.5,
          0.0,
          0.0,
          0.5,
          0.5145185939887926,
          0.6666666666666666,
          0.0,
          0.5,
          0.5,
          0.0,
          0.0,
          0.9010989010989011,
          0.7784810126582279,
          0.47641509433962265,
          0.9183303085299456,
          0.44763860369609854,
          0.8636363636363636,
          0.6354515050167224,
          0.8580645161290322,
          0.96,
          0.6666666666666666,
          0.0,
          0.0
        ],
        "results": {
          "1.1111111111111112": {
            "score": Infinity,
            "cost": -1,
            "info": {}
          }
        }
      },
      {
        "config_id": 6,
        "config": [
          0.5,
          0.5,
          0.5,
          0.0,
          0.5,
          0.0,
          0.32142857142857145,
          0.5,
          0.5,
          0.5,
          0.5,
          0.0,
          0.5797249108507386,
          0.6666666666666666,
          0.0,
          0.0,
          0.0,
          0.0,
          0.5,
          0.45604395604395603,
          0.16455696202531644,
          0.45754716981132076,
          0.3811252268602541,
          0.3655030800821355,
          0.5397727272727273,
          0.07469342251950947,
          0.7225806451612903,
          0.43,
          0.3333333333333333,
          0.0,
          0.0
        ],
        "results": {
          "1.1111111111111112": {
            "score": Infinity,
            "cost": -1,
            "info": {}
          }
        }
      },
      {
        "config_id": 7,
        "config": [
          0.5,
          0.0,
          0.5,
          0.0,
          0.0,
          0.8,
          0.19642857142857142,
          0.5,
          0.5,
          0.5,
          0.0,
          0.5,
          0.07437595517065716,
          0.0,
          0.0,
          0.0,
          0.5,
          0.0,
          0.5,
          0.34065934065934067,
          0.9177215189873418,
          0.12264150943396226,
          0.3956442831215971,
          0.3531827515400411,
          0.375,
          0.9487179487179487,
          0.9329032258064516,
          0.55,
          0.3333333333333333,
          0.0,
          0.0
        ],
        "results": {
          "1.1111111111111112": {
            "score": Infinity,
            "cost": -1,
            "info": {}
          }
        }
      },
      {
        "config_id": 8,
        "config": [
          0.5,
          0.0,
          0.0,
          0.0,
          0.5,
          0.6,
          0.5714285714285714,
          0.5,
          0.0,
          0.0,
          0.0,
          0.0,
          0.5975547631176771,
          0.3333333333333333,
          0.0,
          0.0,
          0.5,
          0.5,
          0.5,
          0.23076923076923078,
          0.189873417721519,
          0.08490566037735849,
          0.7078039927404719,
          0.1919917864476386,
          0.5738636363636364,
          0.5574136008918618,
          0.30838709677419357,
          0.25,
          0.0,
          0.0,
          0.0
        ],