{
  "stats": {
    "submitted": 6,
    "finished": 6,
    "running": 0
  },
  "data": [
    [
      1,
      null,
      44556670,
      null,
      0.16434847490552174,
      0.0018944740295410156,
      1,
      1763450078.1301281,
      1763450078.1334565,
      {}
    ],
    [
      2,
      null,
      44556670,
      null,
      0.164451964780707,
      0.0015416145324707031,
      1,
      1763450078.1427445,
      1763450078.1455657,
      {}
    ],
    [
      3,
      null,
      44556670,
      null,
      0.4503092567992374,
      0.0014295578002929688,
      1,
      1763450079.4171216,
      1763450079.4198287,
      {}
    ],
    [
      4,
      null,
      44556670,
      null,
      0.22126198303864952,
      0.0007045269012451172,
      1,
      1763450079.4240587,
      1763450079.4257445,
      {}
    ],
    [
      5,
      null,
      44556670,
      null,
      0.3891291746135641,
      0.0006837844848632812,
      1,
      1763450079.430488,
      1763450079.432332,
      {}
    ],
    [
      6,
      null,
      44556670,
      null,
      0.39371367963895354,
      0.000591278076171875,
      1,
      1763450079.4372146,
      1763450079.438824,
      {}
    ]
  ],
  "configs": {
    "1": {
      "Criticality": 0.0212355911707866,
      "Criticality Modifier": 0.3590910835204922,
      "Culture": 0.5918227351255682,
      "Dynamism": 0.1395223480869426,
      "Initial Known": 0.4786503989835421,
      "Inter-Dependency": 0.7670414998433904,
      "Plan": 0.2287851912710876,
      "Size": 0.32668451787970293,
      "Team Size": 0.8221631696490276
    },
    "2": {
      "Criticality": 0.010424711949712603,
      "Criticality Modifier": 0.5018733766868371,
      "Culture": 0.49580721671721023,
      "Dynamism": 0.13384612545589988,
      "Initial Known": 0.1421945253999078,
      "Inter-Dependency": 0.21858453339189501,
      "Plan": 0.41850237301883997,
      "Size": 0.2481124230516035,
      "Team Size": 0.0841154424558671
    },
    "3": {
      "Criticality": 0.440293678414125,
      "Criticality Modifier": 0.5264168704961368,
      "Culture": 0.6845194130384477,
      "Dynamism": 0.13121448250492398,
      "Initial Known": 0.1461643848827667,
      "Inter-Dependency": 0.285370837374616,
      "Plan": 0.7813807846669281,
      "Size": 0.5437040697824682,
      "Team Size": 0.3531898988923635
    },
    "4": {
      "Criticality": 0.4846524086651917,
      "Criticality Modifier": 0.05563855246840683,
      "Culture": 0.8281932354402267,
      "Dynamism": 0.5806999968106384,
      "Initial Known": 0.5070543712861215,
      "Inter-Dependency": 0.7814673325385081,
      "Plan": 0.7645606999602496,
      "Size": 0.8151828902098606,
      "Team Size": 0.6213970131793743
    },
    "5": {
      "Criticality": 0.7146759409410204,
      "Criticality Modifier": 0.8726722304754603,
      "Culture": 0.13781465534877507,
      "Dynamism": 0.4469132633658797,
      "Initial Known": 0.452710566523192,
      "Inter-Dependency": 0.41475839386590224,
      "Plan": 0.32477502014252,
      "Size": 0.46293355746643156,
      "Team Size": 0.11330832281216106
    },
    "6": {
      "Criticality": 0.8340921156524863,
      "Criticality Modifier": 0.7397531787963637,
      "Culture": 0.7202022557306362,
      "Dynamism": 0.829496051496916,
      "Initial Known": 0.8422417061915567,
      "Inter-Dependency": 0.9609805968546486,
      "Plan": 0.25052549484241693,
      "Size": 0.7656168120413294,
      "Team Size": 0.9117444629410494
    }
  },
  "config_origins": {
    "1": "Initial Design: Sobol",
    "2": "Random Search",
    "3": "Acquisition Function Maximizer: Local Search",
    "4": "Acquisition Function Maximizer: Local Search",
    "5": "Random Search",
    "6": "Random Search"
  }
}