{
  "incumbent_ids": [
    4
  ],
  "rejected_config_ids": [
    1,
    2,
    3,
    5,
    6,
    7,
    8,
    9,
    10,
    11,
    12
  ],
  "incumbents_changed": 4,
  "trajectory": [
    {
      "config_ids": [
        1
      ],
      "costs": [
        0.7030382011183631
      ],
      "trial": 1,
      "walltime": 0.012038946151733398
    },
    {
      "config_ids": [
        2
      ],
      "costs": [
        0.6977650965126414
      ],
      "trial": 2,
      "walltime": 4.298431396484375
    },
    {
      "config_ids": [
        3
      ],
      "costs": [
        0.6559350550667669
      ],
      "trial": 3,
      "walltime": 4.314893960952759
    },
    {
      "config_ids": [
        4
      ],
      "costs": [
        0.6128435931253863
      ],
      "trial": 4,
      "walltime": 4.330334424972534
    }
  ],
  "state": {
    "queue": [
      [
        12,
        1
      ]
    ]
  }
}