{
  "stats": {
    "submitted": 12,
    "finished": 12,
    "running": 0
  },
  "data": [
    [
      1,
      null,
      1791095845,
      null,
      0.401834019635668,
      0.0034301280975341797,
      1,
      1763462299.6787875,
      1763462299.6843176,
      {}
    ],
    [
      2,
      null,
      1791095845,
      null,
      0.401834019635668,
      0.0019576549530029297,
      1,
      1763462302.5412972,
      1763462302.5452645,
      {}
    ],
    [
      3,
      null,
      1791095845,
      null,
      0.16978392897569405,
      0.0014421939849853516,
      1,
      1763462302.5522943,
      1763462302.5553567,
      {}
    ],
    [
      4,
      null,
      1791095845,
      null,
      0.33787683983198114,
      0.00121307373046875,
      1,
      1763462302.5633667,
      1763462302.5662875,
      {}
    ],
    [
      5,
      null,
      1791095845,
      null,
      0.3531061118509726,
      0.0011053085327148438,
      1,
      1763462302.5739222,
      1763462302.576566,
      {}
    ],
    [
      6,
      null,
      1791095845,
      null,
      0.31571126453144327,
      0.0013282299041748047,
      1,
      1763462302.5840013,
      1763462302.5870373,
      {}
    ],
    [
      7,
      null,
      1791095845,
      null,
      0.6321915565040035,
      0.0015783309936523438,
      1,
      1763462302.5969534,
      1763462302.6009407,
      {}
    ],
    [
      8,
      null,
      1791095845,
      null,
      0.25139744868896885,
      0.0023119449615478516,
      1,
      1763462302.613674,
      1763462302.618439,
      {}
    ],
    [
      9,
      null,
      1791095845,
      null,
      0.44387441300165786,
      0.0017001628875732422,
      1,
      1763462302.632464,
      1763462302.635953,
      {}
    ],
    [
      10,
      null,
      1791095845,
      null,
      0.18414773967089648,
      0.0024521350860595703,
      1,
      1763462305.6788974,
      1763462305.6831555,
      {}
    ],
    [
      11,
      null,
      1791095845,
      null,
      0.24223563408252713,
      0.0027642250061035156,
      1,
      1763462305.6935182,
      1763462305.6979234,
      {}
    ],
    [
      12,
      null,
      1791095845,
      null,
      0.20584279913559367,
      0.001110076904296875,
      1,
      1763462305.7086515,
      1763462305.7113488,
      {}
    ]
  ],
  "configs": {
    "1": {
      " ACAP": 2.3996672984212637,
      " AEXP": 2.927433275617659,
      " CPLx": 5.8814697144553065,
      " DOCU": 3.955069527029991,
      " ETAT": 1.7034838633313774,
      " FLEx": 4.202332815339789,
      " KLOC": 109.48881823940667,
      " LTEx": 2.9294397737830877,
      " PCAP": 3.0,
      " PCON": 2.140500112436712,
      " PLEx": 3.0,
      " PMAT": 1.1808660421520472,
      " PREC": 1.3131628716364503,
      " PVOL": 2.0,
      " RELY": 5.0,
      " RESL": 1.8198697157204151,
      " RUSE": 3.904613045975566,
      " SCED": 2.473439833149314,
      " SITE": 3.0,
      " STOR": 3.485601818189025,
      " TEAM": 2.0629734927788377,
      " TIME": 5.4302694434300065,
      " TOOL": 2.9270974956452847,
      "DATA": 2.7232557650301605
    },
    "2": {
      " ACAP": 2.4695570634540456,
      " AEXP": 2.927433275617659,
      " CPLx": 5.8814697144553065,
      " DOCU": 3.8210974996873563,
      " ETAT": 1.9503453452652448,
      " FLEx": 4.202332815339789,
      " KLOC": 104.77182099481739,
      " LTEx": 3.0054561419506993,
      " PCAP": 3.0,
      " PCON": 2.1787448959399813,
      " PLEx": 3.0,
      " PMAT": 1.1808660421520472,
      " PREC": 1.3131628716364503,
      " PVOL": 2.0,
      " RELY": 5.0,
      " RESL": 1.8198697157204151,
      " RUSE": 3.904613045975566,
      " SCED": 2.454920731141851,
      " SITE": 3.0,
      " STOR": 3.485601818189025,
      " TEAM": 2.0629734927788377,
      " TIME": 5.391548612442506,
      " TOOL": 2.830599066506229,
      "DATA": 2.7232557650301605
    },
    "3": {
      " ACAP": 2.9993753698405827,
      " AEXP": 2.9788648112901464,
      " CPLx": 5.548348045662786,
      " DOCU": 3.4769646705992026,
      " ETAT": 1.575945113344686,
      " FLEx": 2.437405792100082,
      " KLOC": 75.58301609030023,
      " LTEx": 2.7169137404932973,
      " PCAP": 3.0,
      " PCON": 2.021677602223508,
      " PLEx": 3.0,
      " PMAT": 2.2515281533811735,
      " PREC": 1.2528666578597536,
      " PVOL": 2.0,
      " RELY": 5.0,
      " RESL": 1.2672427525371546,
      " RUSE": 2.0618358781629773,
      " SCED": 2.38155570239401,
      " SITE": 3.0,
      " STOR": 3.230215635923434,
      " TEAM": 2.9131599444682017,
      " TIME": 4.335495165731354,
      " TOOL": 2.1937581315929076,
      "DATA": 3.9957673121608606
    },
    "4": {
      " ACAP": 2.031613096788519,
      " AEXP": 2.426379075420908,
      " CPLx": 5.736585311898059,
      " DOCU": 3.087007026598653,
      " ETAT": 5.231215719989816,
      " FLEx": 4.657869306441707,
      " KLOC": 120.29451596449144,
      " LTEx": 2.8434839743974645,
      " PCAP": 3.0,
      " PCON": 2.490608090351358,
      " PLEx": 3.0,
      " PMAT": 2.004434019984078,
      " PREC": 1.2112932848761113,
      " PVOL": 2.0,
      " RELY": 5.0,
      " RESL": 1.6027159608922652,
      " RUSE": 2.843358569512926,
      " SCED": 2.8702871174340654,
      " SITE": 3.0,
      " STOR": 4.098063978094646,
      " TEAM": 2.62992086607046,
      " TIME": 4.30666782126278,
      " TOOL": 2.0319695358016983,
      "DATA": 3.0495803524175145
    },
    "5": {
      " ACAP": 2.99859908858648,
      " AEXP": 2.9064920130238407,
      " CPLx": 5.703528306300802,
      " DOCU": 3.6774330972149922,
      " ETAT": 1.0340187467485278,
      " FLEx": 2.2057824475596832,
      " KLOC": 99.22796161115653,
      " LTEx": 3.2788805816526567,
      " PCAP": 3.0,
      " PCON": 2.2287897865582154,
      " PLEx": 3.0,
      " PMAT": 2.114286327386692,
      " PREC": 1.9308118306110726,
      " PVOL": 2.0,
      " RELY": 5.0,
      " RESL": 1.8243823990919548,
      " RUSE": 3.064655835863282,
      " SCED": 1.4110563406673835,
      " SITE": 3.0,
      " STOR": 3.2553701027550757,
      " TEAM": 2.191706483602116,
      " TIME": 5.22765671256975,
      " TOOL": 2.479728689004354,
      "DATA": 4.810312315964427
    },
    "6": {
      " ACAP": 2.555757287785615,
      " AEXP": 2.8571889729896456,
      " CPLx": 5.7835338587318965,
      " DOCU": 2.4219758652024277,
      " ETAT": 4.191196697037655,
      " FLEx": 3.2974200522595503,
      " KLOC": 83.64309891909727,
      " LTEx": 3.388468069473748,
      " PCAP": 3.0,
      " PCON": 2.3367304662695916,
      " PLEx": 3.0,
      " PMAT": 3.597000085292695,
      " PREC": 1.5328996382965876,
      " PVOL": 2.0,
      " RELY": 5.0,
      " RESL": 1.2223085867392358,
      " RUSE": 2.338683872780555,
      " SCED": 1.3937342371265555,
      " SITE": 3.0,
      " STOR": 3.298339892709218,
      " TEAM": 2.731885961444221,
      " TIME": 4.844145442377631,
      " TOOL": 2.6989858830797715,
      "DATA": 3.886051035408167
    },
    "7": {
      " ACAP": 2.2712213152249574,
      " AEXP": 2.1147816326083757,
      " CPLx": 5.70685225865522,
      " DOCU": 3.7358552634650346,
      " ETAT": 4.592075864813205,
      " FLEx": 3.4012223608234655,
      " KLOC": 119.22995304329424,
      " LTEx": 2.8462390393245087,
      " PCAP": 3.0,
      " PCON": 2.6336884880644402,
      " PLEx": 3.0,
      " PMAT": 1.3622944386982836,
      " PREC": 1.4195591780581287,
      " PVOL": 2.0,
      " RELY": 5.0,
      " RESL": 1.2048257607768267,
      " RUSE": 3.360724007596149,
      " SCED": 1.5018800143445883,
      " SITE": 3.0,
      " STOR": 4.223946891024733,
      " TEAM": 2.816145063657167,
      " TIME": 3.8621363449246653,
      " TOOL": 2.9282612018640504,
      "DATA": 2.864735312994408
    },
    "8": {
      " ACAP": 2.4251422412874852,
      " AEXP": 2.689429222496285,
      " CPLx": 5.886890624069238,
      " DOCU": 3.983711522561525,
      " ETAT": 3.139356592181225,
      " FLEx": 3.0250765341420944,