{"config": {"BORERATIO": 0.778155711, "BORERATIO_SQUARED": 15.5236, "BRAND": 3.0, "CARBODY": 0.0, "CARHEIGHT": 0.564139895, "CARHEIGHT_SQUARED": 3069.16, "CARLENGTH": -0.069006029, "CARLENGTH_SQUARED": 28459.69, "CARWIDTH": -1.592458043, "CARWIDTH_SQUARED": 4251.04, "CAR_ID": 57.0, "CITYMPG": -0.033635707, "CITYMPG_SQUARED": 2025.0, "COMPRESSIONRATIO": -0.364061735, "COMPRESSIONRATIO_SQUARED": 60.84, "CURBWEIGHT": 1.683518485, "CURBWEIGHT_SQUARED": 9333025.0, "CYLINDERNUMBER": 0.0, "ENGINELOCATION": 0.0, "ENGINESIZE": 0.459610557, "ENGINESIZE_SQUARED": 32761.0, "ENGINETYPE": 1.0, "FUELSYSTEM": 5.0, "HIGHWAYMPG": -1.856173652, "HIGHWAYMPG_SQUARED": 1444.0, "HORSEPOWER": 1.264536428, "HORSEPOWER_SQUARED": 33856.0, "LOG_ENGINESIZE": 5.159055299, "MODEL": 5.0, "PEAKRPM": -0.998531191, "PEAKRPM_SQUARED": "25000000", "POWER_TO_WEIGHT_RATIO": 0.038617886, "STROKE": -3.78931067, "STROKE_SQUARED": 10.8241, "SYMBOLING": -1.0, "WHEELBASE": 1.02269728, "WHEELBASE_SQUARED": 8649.0, "carname": "mercury cougar"}, "score": 0.5503846317424034, "info": {}}