{'Clndrs': 4.0, 'Volume': 83.0, 'Model': 74.0, 'origin': 3.0}, {'Clndrs': 4.0, 'Volume': 79.0, 'Model': 77.0, 'origin': 2.0}, {'Clndrs': 4.0, 'Volume': 97.0, 'Model': 70.0, 'origin': 2.0}, {'Clndrs': 4.0, 'Volume': 90.0, 'Model': 80.0, 'origin': 2.0}, {'Clndrs': 4.0, 'Volume': 97.0, 'Model': 70.0, 'origin': 2.0}, {'Clndrs': 4.0, 'Volume': 86.0, 'Model': 80.0, 'origin': 3.0}, {'Clndrs': 4.0, 'Volume': 71.0, 'Model': 74.0, 'origin': 3.0}, {'Clndrs': 4.0, 'Volume': 91.0, 'Model': 78.0, 'origin': 3.0}, {'Clndrs': 4.0, 'Volume': 97.0, 'Model': 80.0, 'origin': 3.0}, {'Clndrs': 4.0, 'Volume': 107.0, 'Model': 80.0, 'origin': 3.0}, {'Clndrs': 4.0, 'Volume': 91.0, 'Model': 82.0, 'origin': 3.0}, {'Clndrs': 4.0, 'Volume': 91.0, 'Model': 71.0, 'origin': 1.0}, {'Clndrs': 4.0, 'Volume': 72.0, 'Model': 71.0, 'origin': 3.0}, {'Clndrs': 4.0, 'Volume': 112.0, 'Model': 82.0, 'origin': 1.0}, {'Clndrs': 4.0, 'Volume': 96.0, 'Model': 72.0, 'origin': 2.0}, {'Clndrs': 4.0, 'Volume': 97.0, 'Model': 73.0, 'origin': 2.0}, {'Clndrs': 4.0, 'Volume': 120.0, 'Model': 81.0, 'origin': 3.0}, {'Clndrs': 4.0, 'Volume': 89.0, 'Model': 80.0, 'origin': 3.0}, {'Clndrs': 4.0, 'Volume': 90.0, 'Model': 80.0, 'origin': 2.0}, {'Clndrs': 4.0, 'Volume': 79.0, 'Model': 77.0, 'origin': 2.0}
0.35656523333298473, 0.2596851205899111, 0.3263298147356364, 0.19532716835654673, 0.3263298147356364, 0.25069416027841385, 0.3189355873546329, 0.3241969946908646, 0.3814812448786977, 0.40922902891586177, 0.3348019145129377, 0.32909678259718966, 0.27467083302654305, 0.39284905848868923, 0.3831896297390449, 0.3216062143047753, 0.4015216308946139, 0.25831625843393935, 0.19532716835654673, 0.2596851205899111
0.034830331802368164, 0.029932260513305664, 0.03555607795715332, 0.04285740852355957, 0.03968977928161621, 0.03128623962402344, 0.02818131446838379, 0.030670166015625, 0.03157663345336914, 0.032134056091308594, 0.03012371063232422, 0.03381037712097168, 0.030231714248657227, 0.03026866912841797, 0.03068399429321289, 0.03759574890136719, 0.03563547134399414, 0.03340601921081543, 0.028749704360961914, 0.05707907676696777