{'Spout_wait': 9.0, 'Spliters': 6.0, 'Counters': 17.0}, {'Spout_wait': 9.0, 'Spliters': 6.0, 'Counters': 17.0}, {'Spout_wait': 8.0, 'Spliters': 6.0, 'Counters': 17.0}, {'Spout_wait': 10.0, 'Spliters': 6.0, 'Counters': 17.0}, {'Spout_wait': 10.0, 'Spliters': 5.0, 'Counters': 17.0}, {'Spout_wait': 5.0, 'Spliters': 3.0, 'Counters': 17.0}, {'Spout_wait': 10.0, 'Spliters': 4.0, 'Counters': 17.0}, {'Spout_wait': 10.0, 'Spliters': 6.0, 'Counters': 17.0}, {'Spout_wait': 10.0, 'Spliters': 6.0, 'Counters': 17.0}, {'Spout_wait': 9.0, 'Spliters': 3.0, 'Counters': 17.0}, {'Spout_wait': 5.0, 'Spliters': 3.0, 'Counters': 17.0}, {'Spout_wait': 5.0, 'Spliters': 3.0, 'Counters': 17.0}, {'Spout_wait': 2.0, 'Spliters': 6.0, 'Counters': 17.0}, {'Spout_wait': 10.0, 'Spliters': 4.0, 'Counters': 17.0}, {'Spout_wait': 5.0, 'Spliters': 3.0, 'Counters': 17.0}, {'Spout_wait': 8.0, 'Spliters': 6.0, 'Counters': 17.0}, {'Spout_wait': 7.0, 'Spliters': 3.0, 'Counters': 17.0}, {'Spout_wait': 10.0, 'Spliters': 6.0, 'Counters': 17.0}, {'Spout_wait': 7.0, 'Spliters': 6.0, 'Counters': 17.0}, {'Spout_wait': 10.0, 'Spliters': 6.0, 'Counters': 18.0}
0.008586239120553896, 0.008586239120553896, 0.006111178207122481, 0.000747363758841324, 0.019199269545525532, 0.021277644326842537, 0.03413510224963634, 0.000747363758841324, 0.000747363758841324, 0.020033994250278075, 0.021277644326842537, 0.021277644326842537, 0.03826415626869606, 0.03413510224963634, 0.021277644326842537, 0.006111178207122481, 0.02967052168107598, 0.000747363758841324, 0.02810356721455487, 0.029511347490367323
0.10674715042114258, 0.10752487182617188, 0.10355114936828613, 0.11140036582946777, 0.1089329719543457, 0.11481213569641113, 0.1035768985748291, 0.12654638290405273, 0.10523724555969238, 0.11132502555847168, 0.10653948783874512, 0.09370732307434082, 0.09046721458435059, 0.10253000259399414, 0.09810090065002441, 0.0915982723236084, 0.12351393699645996, 0.09330940246582031, 0.09096503257751465, 0.11216402053833008