{'Spout_wait': 8.0, 'Spliters': 6.0, 'Counters': 12.0}, {'Spout_wait': 9.0, 'Spliters': 3.0, 'Counters': 18.0}, {'Spout_wait': 8.0, 'Spliters': 5.0, 'Counters': 15.0}, {'Spout_wait': 9.0, 'Spliters': 5.0, 'Counters': 16.0}, {'Spout_wait': 8.0, 'Spliters': 4.0, 'Counters': 15.0}, {'Spout_wait': 6.0, 'Spliters': 4.0, 'Counters': 15.0}, {'Spout_wait': 8.0, 'Spliters': 5.0, 'Counters': 9.0}, {'Spout_wait': 5.0, 'Spliters': 3.0, 'Counters': 18.0}, {'Spout_wait': 2.0, 'Spliters': 4.0, 'Counters': 12.0}, {'Spout_wait': 7.0, 'Spliters': 4.0, 'Counters': 11.0}, {'Spout_wait': 7.0, 'Spliters': 5.0, 'Counters': 17.0}, {'Spout_wait': 100.0, 'Spliters': 5.0, 'Counters': 12.0}, {'Spout_wait': 5.0, 'Spliters': 3.0, 'Counters': 18.0}, {'Spout_wait': 10.0, 'Spliters': 5.0, 'Counters': 13.0}, {'Spout_wait': 9.0, 'Spliters': 6.0, 'Counters': 18.0}, {'Spout_wait': 8.0, 'Spliters': 6.0, 'Counters': 18.0}, {'Spout_wait': 100.0, 'Spliters': 2.0, 'Counters': 10.0}, {'Spout_wait': 2.0, 'Spliters': 5.0, 'Counters': 14.0}, {'Spout_wait': 6.0, 'Spliters': 4.0, 'Counters': 13.0}, {'Spout_wait': 5.0, 'Spliters': 5.0, 'Counters': 13.0}
0.08613239087792068, 0.05981031067793674, 0.0753151814469517, 0.09023476443977496, 0.05818674214934172, 0.08533242378318462, 0.12829901998437587, 0.11319533085451094, 0.12594872049040662, 0.10728271921898691, 0.052111765036209845, 0.09938425092876835, 0.11319533085451094, 0.06555986454644991, 0.03142005946668358, 0.02340892060562716, 0.0987026874265261, 0.1399308591048568, 0.11102593054665022, 0.0887640808830581
0.06531047821044922, 0.07086181640625, 0.05910372734069824, 0.07526564598083496, 0.06508564949035645, 0.051363229751586914, 0.05828237533569336, 0.055532217025756836, 0.05478787422180176, 0.0545961856842041, 0.05511307716369629, 0.060695648193359375, 0.053464412689208984, 0.05318641662597656, 0.051659345626831055, 0.0664060115814209, 0.054070472717285156, 0.06395316123962402, 0.06096458435058594, 0.06884932518005371