{'Max_spout': 1000000.0, 'Spliters': 6.0, 'Counters': 18.0}, {'Max_spout': 1000.0, 'Spliters': 2.0, 'Counters': 12.0}, {'Max_spout': 100.0, 'Spliters': 6.0, 'Counters': 15.0}, {'Max_spout': 1000000.0, 'Spliters': 6.0, 'Counters': 12.0}, {'Max_spout': 10000.0, 'Spliters': 2.0, 'Counters': 12.0}, {'Max_spout': 1000.0, 'Spliters': 2.0, 'Counters': 18.0}, {'Max_spout': 1000.0, 'Spliters': 1.0, 'Counters': 15.0}, {'Max_spout': 100000.0, 'Spliters': 1.0, 'Counters': 9.0}, {'Max_spout': 1000000.0, 'Spliters': 6.0, 'Counters': 1.0}, {'Max_spout': 10000.0, 'Spliters': 2.0, 'Counters': 6.0}, {'Max_spout': 100.0, 'Spliters': 2.0, 'Counters': 12.0}, {'Max_spout': 10000.0, 'Spliters': 2.0, 'Counters': 15.0}, {'Max_spout': 1000000.0, 'Spliters': 6.0, 'Counters': 1.0}, {'Max_spout': 10000.0, 'Spliters': 2.0, 'Counters': 9.0}, {'Max_spout': 10000.0, 'Spliters': 2.0, 'Counters': 12.0}, {'Max_spout': 100000.0, 'Spliters': 6.0, 'Counters': 18.0}, {'Max_spout': 1000.0, 'Spliters': 2.0, 'Counters': 15.0}, {'Max_spout': 100000.0, 'Spliters': 6.0, 'Counters': 18.0}, {'Max_spout': 100000.0, 'Spliters': 6.0, 'Counters': 9.0}, {'Max_spout': 100000.0, 'Spliters': 6.0, 'Counters': 12.0}
0.44459959447439834, 0.38207560321211176, 0.4817930394651002, 0.44984553552444706, 0.3482003422813653, 0.37732074296275253, 0.4838366726732013, 0.35166741075975727, 0.40357683359835317, 0.4166887504479434, 0.4509522821374017, 0.37396253693787807, 0.40357683359835317, 0.40832520008941975, 0.3482003422813653, 0.42495585890769383, 0.36892976043895076, 0.42495585890769383, 0.4694751202821932, 0.4516582690455384
0.03825688362121582, 0.04461050033569336, 0.03665757179260254, 0.041502952575683594, 0.03780651092529297, 0.03660726547241211, 0.044548749923706055, 0.03623509407043457, 0.03825092315673828, 0.04269146919250488, 0.04078102111816406, 0.038042545318603516, 0.04256582260131836, 0.03766202926635742, 0.04081988334655762, 0.03611898422241211, 0.03693890571594238, 0.03808164596557617, 0.04752516746520996, 0.038877248764038086