{'Max_spout': 10000.0, 'Spliters': 2.0, 'Counters': 15.0}, {'Max_spout': 1000.0, 'Spliters': 1.0, 'Counters': 12.0}, {'Max_spout': 1000000.0, 'Spliters': 2.0, 'Counters': 18.0}, {'Max_spout': 100000.0, 'Spliters': 2.0, 'Counters': 13.0}, {'Max_spout': 1000000.0, 'Spliters': 2.0, 'Counters': 18.0}, {'Max_spout': 10000.0, 'Spliters': 2.0, 'Counters': 13.0}, {'Max_spout': 100000.0, 'Spliters': 2.0, 'Counters': 17.0}, {'Max_spout': 10000.0, 'Spliters': 1.0, 'Counters': 11.0}, {'Max_spout': 100000.0, 'Spliters': 2.0, 'Counters': 18.0}, {'Max_spout': 10000.0, 'Spliters': 2.0, 'Counters': 15.0}, {'Max_spout': 1000.0, 'Spliters': 2.0, 'Counters': 15.0}, {'Max_spout': 1000.0, 'Spliters': 1.0, 'Counters': 16.0}, {'Max_spout': 100000.0, 'Spliters': 2.0, 'Counters': 15.0}, {'Max_spout': 1000000.0, 'Spliters': 2.0, 'Counters': 13.0}, {'Max_spout': 1000.0, 'Spliters': 1.0, 'Counters': 13.0}, {'Max_spout': 10000.0, 'Spliters': 1.0, 'Counters': 16.0}, {'Max_spout': 10000.0, 'Spliters': 2.0, 'Counters': 12.0}, {'Max_spout': 1000.0, 'Spliters': 2.0, 'Counters': 11.0}, {'Max_spout': 10000.0, 'Spliters': 2.0, 'Counters': 17.0}, {'Max_spout': 1000.0, 'Spliters': 2.0, 'Counters': 17.0}
0.12284324324612461, 0.2226217790786872, 0.13380251720146819, 0.14855608246731045, 0.13380251720146819, 0.18561058666702812, 0.12371969767889157, 0.22938914119097897, 0.15717968355457912, 0.12284324324612461, 0.22087845968356934, 0.19199060033478188, 0.132539345926719, 0.1753336643562795, 0.21612041686248584, 0.23654305206377335, 0.16476005941792837, 0.2649455695882317, 0.13361873109709843, 0.20413732624457137
0.0657811164855957, 0.05825352668762207, 0.05854296684265137, 0.06190228462219238, 0.0588681697845459, 0.05967068672180176, 0.05836200714111328, 0.06772708892822266, 0.0984959602355957, 0.06055116653442383, 0.0583648681640625, 0.05775141716003418, 0.05697989463806152, 0.057250261306762695, 0.06000018119812012, 0.06679749488830566, 0.07434678077697754, 0.06191086769104004, 0.09288549423217773, 0.06268000602722168