{'Max_spout': 1.0, 'Spliters': 1.0, 'Counters': 15.0}, {'Max_spout': 1.0, 'Spliters': 1.0, 'Counters': 12.0}, {'Max_spout': 1.0, 'Spliters': 1.0, 'Counters': 12.0}, {'Max_spout': 1.0, 'Spliters': 1.0, 'Counters': 18.0}, {'Max_spout': 1.0, 'Spliters': 1.0, 'Counters': 15.0}, {'Max_spout': 1.0, 'Spliters': 1.0, 'Counters': 15.0}, {'Max_spout': 1.0, 'Spliters': 1.0, 'Counters': 15.0}, {'Max_spout': 1.0, 'Spliters': 1.0, 'Counters': 15.0}, {'Max_spout': 1.0, 'Spliters': 1.0, 'Counters': 15.0}, {'Max_spout': 1.0, 'Spliters': 2.0, 'Counters': 1.0}, {'Max_spout': 1.0, 'Spliters': 1.0, 'Counters': 15.0}, {'Max_spout': 1.0, 'Spliters': 1.0, 'Counters': 15.0}, {'Max_spout': 1.0, 'Spliters': 1.0, 'Counters': 15.0}, {'Max_spout': 1.0, 'Spliters': 1.0, 'Counters': 15.0}, {'Max_spout': 1.0, 'Spliters': 1.0, 'Counters': 9.0}, {'Max_spout': 1.0, 'Spliters': 1.0, 'Counters': 15.0}, {'Max_spout': 1.0, 'Spliters': 1.0, 'Counters': 12.0}, {'Max_spout': 1.0, 'Spliters': 2.0, 'Counters': 1.0}, {'Max_spout': 1.0, 'Spliters': 1.0, 'Counters': 9.0}, {'Max_spout': 1.0, 'Spliters': 1.0, 'Counters': 3.0}
0.0, 0.0008150532127657595, 0.0008150532127657595, 0.001956462434749673, 0.0, 0.0, 0.0, 0.0, 0.0, 0.0019045801973868182, 0.0, 0.0, 0.0, 0.0, 0.0012736252462314246, 0.0, 0.0008150532127657595, 0.0019045801973868182, 0.0012736252462314246, 0.0019296845057882317
0.07796549797058105, 0.0642402172088623, 0.06410837173461914, 0.06509709358215332, 0.07384872436523438, 0.06214141845703125, 0.07295465469360352, 0.06373190879821777, 0.06616044044494629, 0.07247543334960938, 0.0676429271697998, 0.06484699249267578, 0.06563472747802734, 0.06464743614196777, 0.06444501876831055, 0.06052875518798828, 0.06692647933959961, 0.11375856399536133, 0.06479620933532715, 0.06474900245666504