{'Max_spout': 1.0, 'Spliters': 6.0, 'Counters': 3.0}, {'Max_spout': 1.0, 'Spliters': 3.0, 'Counters': 6.0}, {'Max_spout': 1.0, 'Spliters': 6.0, 'Counters': 12.0}, {'Max_spout': 10.0, 'Spliters': 3.0, 'Counters': 1.0}, {'Max_spout': 1.0, 'Spliters': 6.0, 'Counters': 1.0}, {'Max_spout': 1.0, 'Spliters': 1.0, 'Counters': 15.0}, {'Max_spout': 1.0, 'Spliters': 1.0, 'Counters': 6.0}, {'Max_spout': 1.0, 'Spliters': 1.0, 'Counters': 3.0}, {'Max_spout': 1.0, 'Spliters': 1.0, 'Counters': 1.0}, {'Max_spout': 1.0, 'Spliters': 3.0, 'Counters': 15.0}, {'Max_spout': 1.0, 'Spliters': 1.0, 'Counters': 3.0}, {'Max_spout': 1.0, 'Spliters': 1.0, 'Counters': 9.0}, {'Max_spout': 1.0, 'Spliters': 2.0, 'Counters': 1.0}, {'Max_spout': 1.0, 'Spliters': 1.0, 'Counters': 15.0}, {'Max_spout': 1.0, 'Spliters': 1.0, 'Counters': 3.0}, {'Max_spout': 1.0, 'Spliters': 1.0, 'Counters': 15.0}, {'Max_spout': 1.0, 'Spliters': 3.0, 'Counters': 3.0}, {'Max_spout': 1.0, 'Spliters': 1.0, 'Counters': 3.0}, {'Max_spout': 1.0, 'Spliters': 3.0, 'Counters': 15.0}, {'Max_spout': 1.0, 'Spliters': 6.0, 'Counters': 1.0}
0.01451196387657383, 0.012763030391275798, 0.010963888289174828, 0.05419350735639916, 0.014498574912093054, 0.0, 0.0032401294043417073, 0.0019296845057882317, 0.0023531105074919845, 0.011732080126257927, 0.0019296845057882317, 0.0012736252462314246, 0.0019045801973868182, 0.0, 0.0019296845057882317, 0.0, 0.012711148153912832, 0.0019296845057882317, 0.011732080126257927, 0.014498574912093054
0.09657001495361328, 0.021364450454711914, 0.02149176597595215, 0.01774287223815918, 0.026286840438842773, 0.02054572105407715, 0.02031087875366211, 0.025165319442749023, 0.019092082977294922, 0.02100205421447754, 0.023613691329956055, 0.017903804779052734, 0.02124786376953125, 0.01890873908996582, 0.017598390579223633, 0.016763687133789062, 0.02483987808227539, 0.04511523246765137, 0.02071666717529297, 0.026349544525146484