{'Max_spout': 100.0, 'Spliters': 6.0, 'Counters': 1.0}, {'Max_spout': 100.0, 'Spliters': 1.0, 'Counters': 1.0}, {'Max_spout': 1.0, 'Spliters': 6.0, 'Counters': 18.0}, {'Max_spout': 10.0, 'Spliters': 3.0, 'Counters': 1.0}, {'Max_spout': 1.0, 'Spliters': 6.0, 'Counters': 1.0}, {'Max_spout': 1.0, 'Spliters': 1.0, 'Counters': 18.0}, {'Max_spout': 1.0, 'Spliters': 3.0, 'Counters': 1.0}, {'Max_spout': 1.0, 'Spliters': 1.0, 'Counters': 1.0}, {'Max_spout': 1.0, 'Spliters': 1.0, 'Counters': 1.0}, {'Max_spout': 1.0, 'Spliters': 3.0, 'Counters': 15.0}, {'Max_spout': 1.0, 'Spliters': 1.0, 'Counters': 3.0}, {'Max_spout': 1.0, 'Spliters': 1.0, 'Counters': 6.0}, {'Max_spout': 1000.0, 'Spliters': 3.0, 'Counters': 1.0}, {'Max_spout': 1.0, 'Spliters': 1.0, 'Counters': 6.0}, {'Max_spout': 1.0, 'Spliters': 1.0, 'Counters': 3.0}, {'Max_spout': 1.0, 'Spliters': 1.0, 'Counters': 9.0}, {'Max_spout': 1.0, 'Spliters': 6.0, 'Counters': 3.0}, {'Max_spout': 1.0, 'Spliters': 1.0, 'Counters': 3.0}, {'Max_spout': 1.0, 'Spliters': 3.0, 'Counters': 15.0}, {'Max_spout': 10.0, 'Spliters': 2.0, 'Counters': 3.0}
0.08487393871203452, 0.07350611392396877, 0.011702457855632509, 0.06878891928068442, 0.01519589775424035, 0.0, 0.01642611883838674, 0.004705878549212117, 0.004705878549212117, 0.012987642825273094, 0.003166889755378377, 0.0020255808389428864, 0.09715190078048719, 0.0020255808389428864, 0.003166889755378377, 0.003115159039619231, 0.019185629207162158, 0.003166889755378377, 0.012987642825273094, 0.16496925255582062
0.04314446449279785, 0.037679433822631836, 0.03572893142700195, 0.03787946701049805, 0.03970170021057129, 0.03464460372924805, 0.05464744567871094, 0.03531813621520996, 0.051116228103637695, 0.0352325439453125, 0.048409223556518555, 0.05963420867919922, 0.03765702247619629, 0.03590822219848633, 0.03019404411315918, 0.028150081634521484, 0.042204856872558594, 0.028415441513061523, 0.029578208923339844, 0.05843663215637207