{
  "stats": {
    "submitted": 18,
    "finished": 18,
    "running": 0
  },
  "data": [
    [
      1,
      null,
      218175338,
      null,
      0.3527570634142956,
      0.003747701644897461,
      1,
      1763448061.2795417,
      1763448061.2852845,
      {}
    ],
    [
      2,
      null,
      218175338,
      null,
      0.46554418596466596,
      0.0020208358764648438,
      1,
      1763448062.617333,
      1763448062.6205535,
      {}
    ],
    [
      3,
      null,
      218175338,
      null,
      0.5347726482501436,
      0.0006844997406005859,
      1,
      1763448062.624536,
      1763448062.6262255,
      {}
    ],
    [
      4,
      null,
      218175338,
      null,
      0.36844227535895535,
      0.0008141994476318359,
      1,
      1763448062.630155,
      1763448062.6320384,
      {}
    ],
    [
      5,
      null,
      218175338,
      null,
      0.42169951814140905,
      0.0008194446563720703,
      1,
      1763448062.6362112,
      1763448062.638072,
      {}
    ],
    [
      6,
      null,
      218175338,
      null,
      0.41023038945493173,
      0.0007865428924560547,
      1,
      1763448062.6423526,
      1763448062.644206,
      {}
    ],
    [
      7,
      null,
      218175338,
      null,
      0.5717722420082154,
      0.0007846355438232422,
      1,
      1763448062.6488743,
      1763448062.6506913,
      {}
    ],
    [
      8,
      null,
      218175338,
      null,
      0.42019503817145787,
      0.0007224082946777344,
      1,
      1763448062.6557062,
      1763448062.6575866,
      {}
    ],
    [
      9,
      null,
      218175338,
      null,
      0.3630352606991797,
      0.0007772445678710938,
      1,
      1763448062.6625633,
      1763448062.6644144,
      {}
    ],
    [
      10,
      null,
      218175338,
      null,
      0.4518954745439031,
      0.0007493495941162109,
      1,
      1763448062.6753507,
      1763448062.6771653,
      {}
    ],
    [
      11,
      null,
      218175338,
      null,
      0.45325693427208624,
      0.001789093017578125,
      1,
      1763448064.101773,
      1763448064.1051178,
      {}
    ],
    [
      12,
      null,
      218175338,
      null,
      0.3446702112382962,
      0.0013387203216552734,
      1,
      1763448064.113708,
      1763448064.1165047,
      {}
    ],
    [
      13,
      null,
      218175338,
      null,
      0.35220642015783943,
      0.0010495185852050781,
      1,
      1763448064.1240234,
      1763448064.1263976,
      {}
    ],
    [
      14,
      null,
      218175338,
      null,
      0.496730353462722,
      0.006470918655395508,
      1,
      1763448064.1334815,
      1763448064.1412854,
      {}
    ],
    [
      15,
      null,
      218175338,
      null,
      0.3116908495987212,
      0.0015223026275634766,
      1,
      1763448064.1521015,
      1763448064.1549532,
      {}
    ],
    [
      16,
      null,
      218175338,
      null,
      0.3205791648736416,
      0.0027697086334228516,
      1,
      1763448064.1644692,
      1763448064.168546,
      {}
    ],
    [
      17,
      null,
      218175338,
      null,
      0.45605832708180527,
      0.0009188652038574219,
      1,
      1763448064.1763744,
      1763448064.1784894,
      {}
    ],
    [
      18,
      null,
      218175338,
      null,
      0.5201841129656793,
      0.0011761188507080078,
      1,
      1763448064.1981308,
      1763448064.2017915,
      {}
    ]
  ],
  "configs": {
    "1": {
      "Criticality": 0.7435517342992042,
      "Criticality Modifier": 0.3440165122318605,
      "Culture": 0.3183615972033882,
      "Dynamism": 0.44976565045714295,
      "Initial Known": 0.29478864352344314,
      "Inter-Dependency": 0.5886927684599783,
      "Plan": 0.5250044766606987,
      "Size": 0.6077498720001698,
      "Team Size": 0.24817230434139603
    },
    "2": {
      "Criticality": 0.7435517342992042,
      "Criticality Modifier": 0.34015317928247313,
      "Culture": 0.33580290984278105,
      "Dynamism": 0.38754112153815296,
      "Initial Known": 0.18460100971802895,
      "Inter-Dependency": 0.5886927684599783,
      "Plan": 0.5250044766606987,
      "Size": 0.5750805175456136,
      "Team Size": 0.2584387212450967
    },
    "3": {
      "Criticality": 0.999000530214033,
      "Criticality Modifier": 0.9513887966164933,
      "Culture": 0.8565861445890302,
      "Dynamism": 0.14165946164279708,
      "Initial Known": 0.8540838863825315,
      "Inter-Dependency": 0.7918183148884259,
      "Plan": 0.406946033362818,
      "Size": 0.9120225671643019,
      "Team Size": 0.9959927320650995
    },
    "4": {
      "Criticality": 0.9988855700654639,
      "Criticality Modifier": 0.44611709693109414,
      "Culture": 0.11830618844996615,
      "Dynamism": 0.9777920497313427,
      "Initial Known": 0.595920523048026,
      "Inter-Dependency": 0.5469471929197618,
      "Plan": 0.6418914878933255,
      "Size": 0.7386897828647652,
      "Team Size": 0.9347539012816847
    },
    "5": {
      "Criticality": 0.9704332826842145,
      "Criticality Modifier": 0.058990497992143266,
      "Culture": 0.38682887385904247,
      "Dynamism": 0.4971632933767585,
      "Initial Known": 0.9793187506506625,
      "Inter-Dependency": 0.5184647294532381,
      "Plan": 0.23377598151341733,
      "Size": 0.8374234551146438,
      "Team Size": 0.9742351460625921
    },
    "6": {
      "Criticality": 0.9996761176531038,
      "Criticality Modifier": 0.2933732808563712,
      "Culture": 0.7518133187527677,
      "Dynamism": 0.07234155925578169,
      "Initial Known": 0.31115733171910864,
      "Inter-Dependency": 0.8982431532241631,
      "Plan": 0.10496200503554368,
      "Size": 0.5815478292775276,
      "Team Size": 0.5694856408049287
    },
    "7": {
      "Criticality": 0.11823124122907588,
      "Criticality Modifier": 0.5963500302692352,
      "Culture": 0.16235155630336034,
      "Dynamism": 0.9456473950130629,
      "Initial Known": 0.6616585522800955,
      "Inter-Dependency": 0.6164741418152759,
      "Plan": 0.23137949094360305,
      "Size": 0.8631101406689474,
      "Team Size": 0.2928740596666513
    },
    "8": {
      "Criticality": 0.20328398981328147,
      "Criticality Modifier": 0.05257017560477495,
      "Culture": 0.9714977894199351,
      "Dynamism": 0.7585046771201712,
      "Initial Known": 0.6186243834246186,
      "Inter-Dependency": 0.9082519134819682,
      "Plan": 0.3690817656621142,
      "Size": 0.17682116227974182,
      "Team Size": 0.30737056284445435
    },
    "9": {
      "Criticality": 0.49336854835974303,
      "Criticality Modifier": 0.6558214518021068,
      "Culture": 0.7264382133001391,
      "Dynamism": 0.07180224532300271,
      "Initial Known": 0.958098080617071,
      "Inter-Dependency": 0.316085811219793,
      "Plan": 0.9497156183000532,
      "Size": 0.2170864233135154,
      "Team Size": 0.33137977144638703
    },
    "10": {
      "Criticality": 0.15395288207725663,
      "Criticality Modifier": 0.07411352189832489,
      "Culture": 0.8151574737844816,
      "Dynamism": 0.8121250261009029,
      "Initial Known": 0.43233705357747004,
      "Inter-Dependency": 0.8554383419872611,
      "Plan": 0.7970972088492656,
      "Size": 0.05080290341982828,
      "Team Size": 0.23528225064304426
    },
    "11": {
      "Criticality": 0.5874100457315277,
      "Criticality Modifier": 0.35160973016787933,
      "Culture": 0.30959221577121554,
      "Dynamism": 0.5089523265748892,
      "Initial Known": 0.6526346685126819,
      "Inter-Dependency": 0.5765171476452526,
      "Plan": 0.9096935373111137,
      "Size": 0.11276816798505365,
      "Team Size": 0.13364435559609827
    },
    "12": {
      "Criticality": 0.19040759361227144,
      "Criticality Modifier": 0.2610049879155018,
      "Culture": 0.026002405636089094,
      "Dynamism": 0.4741124432529997,
      "Initial Known": 0.6012145869336779,
      "Inter-Dependency": 0.2776030602185942,