{
  "incumbent_ids": [
    5
  ],
  "rejected_config_ids": [
    2,
    1,
    4,
    3
  ],
  "incumbents_changed": 3,
  "trajectory": [
    {
      "config_ids": [
        1
      ],
      "costs": [
        0.426931009639097
      ],
      "trial": 1,
      "walltime": 3.4634950160980225
    },
    {
      "config_ids": [
        3
      ],
      "costs": [
        0.39185822838035844
      ],
      "trial": 3,
      "walltime": 10.523842573165894
    },
    {
      "config_ids": [
        5
      ],
      "costs": [
        0.38613120277893687
      ],
      "trial": 5,
      "walltime": 17.590319395065308
    }
  ],
  "state": {
    "queue": []
  }
}