{
  "stats": {
    "submitted": 1,
    "finished": 1,
    "running": 0
  },
  "data": [
    [
      1,
      null,
      774252441,
      null,
      [
        0.6817520612076751,
        0.3893647895894772,
        0.42229547134582823,
        0.624941724941725
      ],
      0.007946491241455078,
      1,
      1763053602.8021297,
      1763053603.0722098,
      {}
    ]
  ],
  "configs": {
    "1": {
      " ACAP": 4.24,
      " AEXP": 3.401,
      " CPLx": 3.75,
      " DOCU": 1.074,
      " ETAT": 4.834,
      " FLEx": 3.333,
      " KLOC": 91.13,
      " LTEx": 1.365,
      " PCAP": 3.018,
      " PCON": 1.639,
      " PLEx": 2.521,
      " PMAT": 2.41,
      " PREC": 1.059,
      " PVOL": 4.974,
      " RELY": 1.612,
      " RESL": 2.714,
      " RUSE": 4.516,
      " SCED": 3.0,
      " SITE": 4.057,
      " STOR": 3.369,
      " TEAM": 1.265,
      " TIME": 3.371,
      " TOOL": 2.0,
      "DATA": 4.78
    }
  },
  "config_origins": {
    "1": "Initial Design: Sobol"
  }
}