{"config": {"Criticality": 0.3918459917833466, "Criticality Modifier": 0.0380625574277913, "Culture": 0.1129563525089178, "Dynamism": 0.3278445369109918, "Initial Known": 0.5160606922457353, "Inter-Dependency": 0.1678789523300534, "Plan": 0.2570967976151563, "Size": 0.0920801908159878, "Team Size": 0.1800570837520719}, "score": 0.03334491020899355, "info": {}}