{
  "incumbent_ids": [
    18
  ],
  "rejected_config_ids": [
    2,
    1,
    4,
    5,
    6,
    7,
    8,
    9,
    10,
    11,
    12,
    13,
    14,
    15,
    16,
    17,
    3,
    19,
    20,
    21,
    22,
    23,
    24
  ],
  "incumbents_changed": 3,
  "trajectory": [
    {
      "config_ids": [
        1
      ],
      "costs": [
        0.6654557178560835
      ],
      "trial": 1,
      "walltime": 0.015195131301879883
    },
    {
      "config_ids": [
        3
      ],
      "costs": [
        0.5524406926340034
      ],
      "trial": 3,
      "walltime": 4.264276742935181
    },
    {
      "config_ids": [
        18
      ],
      "costs": [
        0.5161990005311412
      ],
      "trial": 18,
      "walltime": 9.052993535995483
    }
  ],
  "state": {
    "queue": [
      [
        24,
        1
      ]
    ]
  }
}