{
  "incumbent_ids": [
    8
  ],
  "rejected_config_ids": [
    1,
    3,
    4,
    5,
    6,
    2,
    7,
    9,
    10,
    11,
    12
  ],
  "incumbents_changed": 4,
  "trajectory": [
    {
      "config_ids": [
        1
      ],
      "costs": [
        0.41068775990379347
      ],
      "trial": 1,
      "walltime": 0.004157066345214844
    },
    {
      "config_ids": [
        2
      ],
      "costs": [
        0.11724955970488982
      ],
      "trial": 2,
      "walltime": 1.1910779476165771
    },
    {
      "config_ids": [
        7
      ],
      "costs": [
        0.10310014840891457
      ],
      "trial": 7,
      "walltime": 1.2200908660888672
    },
    {
      "config_ids": [
        8
      ],
      "costs": [
        0.09099415533055122
      ],
      "trial": 8,
      "walltime": 1.2271339893341064
    }
  ],
  "state": {
    "queue": [
      [
        12,
        1
      ]
    ]
  }
}