{
  "incumbent_ids": [
    6
  ],
  "rejected_config_ids": [
    1,
    3,
    4,
    5,
    2
  ],
  "incumbents_changed": 3,
  "trajectory": [
    {
      "config_ids": [
        1
      ],
      "costs": [
        0.5471781989203012
      ],
      "trial": 1,
      "walltime": 0.006842613220214844
    },
    {
      "config_ids": [
        2
      ],
      "costs": [
        0.30442742172544235
      ],
      "trial": 2,
      "walltime": 0.026932239532470703
    },
    {
      "config_ids": [
        6
      ],
      "costs": [
        0.006955442788807553
      ],
      "trial": 6,
      "walltime": 1.5869593620300293
    }
  ],
  "state": {
    "queue": [
      [
        6,
        1
      ]
    ]
  }
}