{
  "incumbent_ids": [
    6
  ],
  "rejected_config_ids": [
    1,
    3,
    4,
    5,
    2,
    7,
    8,
    9
  ],
  "incumbents_changed": 3,
  "trajectory": [
    {
      "config_ids": [
        1
      ],
      "costs": [
        0.4408168855967508
      ],
      "trial": 1,
      "walltime": 0.3911910057067871
    },
    {
      "config_ids": [
        2
      ],
      "costs": [
        0.43104386849605847
      ],
      "trial": 2,
      "walltime": 9.625149488449097
    },
    {
      "config_ids": [
        6
      ],
      "costs": [
        0.2929143502255349
      ],
      "trial": 6,
      "walltime": 10.958519220352173
    }
  ],
  "state": {
    "queue": []
  }
}