{
  "incumbent_ids": [
    5
  ],
  "rejected_config_ids": [
    2,
    1,
    3,
    4,
    6,
    7,
    8,
    9,
    10
  ],
  "incumbents_changed": 4,
  "trajectory": [
    {
      "config_ids": [
        1
      ],
      "costs": [
        0.6361458682577821
      ],
      "trial": 1,
      "walltime": 2.3510336875915527
    },
    {
      "config_ids": [
        3
      ],
      "costs": [
        0.6125521230188822
      ],
      "trial": 3,
      "walltime": 6.967617988586426
    },
    {
      "config_ids": [
        4
      ],
      "costs": [
        0.597380992446988
      ],
      "trial": 4,
      "walltime": 9.613336086273193
    },
    {
      "config_ids": [
        5
      ],
      "costs": [
        0.5931188263393914
      ],
      "trial": 5,
      "walltime": 12.09727954864502
    }
  ],
  "state": {
    "queue": []
  }
}