{
  "incumbent_ids": [
    5
  ],
  "rejected_config_ids": [
    1,
    3,
    2,
    4
  ],
  "incumbents_changed": 4,
  "trajectory": [
    {
      "config_ids": [
        1
      ],
      "costs": [
        0.5099019513592785
      ],
      "trial": 1,
      "walltime": 0.28252124786376953
    },
    {
      "config_ids": [
        2
      ],
      "costs": [
        0.4438934783462618
      ],
      "trial": 2,
      "walltime": 0.5366668701171875
    },
    {
      "config_ids": [
        4
      ],
      "costs": [
        0.4077648701753406
      ],
      "trial": 4,
      "walltime": 1.168199062347412
    },
    {
      "config_ids": [
        5
      ],
      "costs": [
        0.37574383820984036
      ],
      "trial": 5,
      "walltime": 1.4544625282287598
    }
  ],
  "state": {
    "queue": []
  }
}