{'Clndrs': 4, 'Volume': 119, 'HpX': 92, 'Model': 80}, {'Clndrs': 4, 'Volume': 107, 'HpX': 86, 'Model': 76}, {'Clndrs': 4, 'Volume': 71, 'HpX': 65, 'Model': 71}, {'Clndrs': 4, 'Volume': 85, 'HpX': 65, 'Model': 79}, {'Clndrs': 4, 'Volume': 97, 'HpX': 78, 'Model': 80}, {'Clndrs': 4, 'Volume': 86, 'HpX': 65, 'Model': 80}, {'Clndrs': 4, 'Volume': 85, 'HpX': 70, 'Model': 77}, {'Clndrs': 4, 'Volume': 91, 'HpX': 68, 'Model': 82}, {'Clndrs': 4, 'Volume': 151, 'HpX': 90, 'Model': 82}, {'Clndrs': 4, 'Volume': 88, 'HpX': 76, 'Model': 71}, {'Clndrs': 4, 'Volume': 97, 'HpX': 52, 'Model': 82}, {'Clndrs': 4, 'Volume': 98, 'HpX': 90, 'Model': 73}, {'Clndrs': 4, 'Volume': 72, 'HpX': 69, 'Model': 71}, {'Clndrs': 4, 'Volume': 112, 'HpX': 88, 'Model': 82}, {'Clndrs': 4, 'Volume': 96, 'HpX': 69, 'Model': 72}, {'Clndrs': 4, 'Volume': 97, 'HpX': 46, 'Model': 73}, {'Clndrs': 4, 'Volume': 120, 'HpX': 74, 'Model': 81}, {'Clndrs': 4, 'Volume': 151, 'HpX': 90, 'Model': 79}, {'Clndrs': 4, 'Volume': 85, 'HpX': 65, 'Model': 80}, {'Clndrs': 4, 'Volume': 112, 'HpX': 88, 'Model': 82}
0.39028293937137865, 0.4526433876785734, 0.35177988622057615, 0.35328328444748114, 0.4334235600653338, 0.32952024266469904, 0.40233402905237403, 0.3846724966516404, 0.4445960177619976, 0.46271275462554196, 0.16745989117220034, 0.44370200895175216, 0.27467083302654305, 0.3962252228067376, 0.38318962973904497, 0.32160621430477526, 0.40152163089461385, 0.45247076761261545, 0.25394722064135844, 0.3928490584886893
0.03722524642944336, 0.029761791229248047, 0.02386641502380371, 0.01952672004699707, 0.021813631057739258, 0.02263045310974121, 0.022984981536865234, 0.020685672760009766, 0.02034163475036621, 0.02406001091003418, 0.02220606803894043, 0.026302337646484375, 0.027440786361694336, 0.023195743560791016, 0.0209505558013916, 0.022071361541748047, 0.020159244537353516, 0.02587437629699707, 0.02730417251586914, 0.021396875381469727