{'Clndrs': 4, 'Volume': 91, 'HpX': 68, 'Model': 82}, {'Clndrs': 4, 'Volume': 97, 'HpX': 52, 'Model': 82}, {'Clndrs': 4, 'Volume': 72, 'HpX': 69, 'Model': 71}, {'Clndrs': 4, 'Volume': 89, 'HpX': 60, 'Model': 80}, {'Clndrs': 4, 'Volume': 97, 'HpX': 52, 'Model': 82}, {'Clndrs': 4, 'Volume': 89, 'HpX': 60, 'Model': 80}, {'Clndrs': 4, 'Volume': 91, 'HpX': 68, 'Model': 82}, {'Clndrs': 4, 'Volume': 97, 'HpX': 52, 'Model': 82}, {'Clndrs': 4, 'Volume': 91, 'HpX': 68, 'Model': 82}, {'Clndrs': 4, 'Volume': 97, 'HpX': 52, 'Model': 82}, {'Clndrs': 4, 'Volume': 97, 'HpX': 52, 'Model': 82}, {'Clndrs': 4, 'Volume': 97, 'HpX': 52, 'Model': 82}, {'Clndrs': 4, 'Volume': 97, 'HpX': 52, 'Model': 82}, {'Clndrs': 4, 'Volume': 97, 'HpX': 52, 'Model': 82}, {'Clndrs': 4, 'Volume': 97, 'HpX': 52, 'Model': 82}, {'Clndrs': 4, 'Volume': 97, 'HpX': 52, 'Model': 82}, {'Clndrs': 4, 'Volume': 97, 'HpX': 52, 'Model': 82}, {'Clndrs': 4, 'Volume': 97, 'HpX': 52, 'Model': 82}, {'Clndrs': 4, 'Volume': 97, 'HpX': 52, 'Model': 82}, {'Clndrs': 4, 'Volume': 98, 'HpX': 70, 'Model': 82}
0.27717746903880663, 0.16745989117220034, 0.27467083302654305, 0.25831625843393935, 0.16745989117220034, 0.25831625843393935, 0.27717746903880663, 0.16745989117220034, 0.27717746903880663, 0.16745989117220034, 0.16745989117220034, 0.16745989117220034, 0.16745989117220034, 0.16745989117220034, 0.16745989117220034, 0.16745989117220034, 0.16745989117220034, 0.16745989117220034, 0.16745989117220034, 0.3070676349313442
0.0400235652923584, 0.03385114669799805, 0.03442859649658203, 0.034302711486816406, 0.03541374206542969, 0.03337526321411133, 0.07382321357727051, 0.03844594955444336, 0.03494620323181152, 0.032530784606933594, 0.03393435478210449, 0.03527641296386719, 0.04665637016296387, 0.038355112075805664, 0.036568641662597656, 0.03484463691711426, 0.03325986862182617, 0.03369617462158203, 0.033724308013916016, 0.03404712677001953