{'Max_spout': 1000000.0, 'Spliters': 6, 'Counters': 18}, {'Max_spout': 1000000.0, 'Spliters': 6, 'Counters': 18}, {'Max_spout': 10, 'Spliters': 2, 'Counters': 18}, {'Max_spout': 1000000.0, 'Spliters': 6, 'Counters': 12}, {'Max_spout': 10000, 'Spliters': 2, 'Counters': 15}, {'Max_spout': 1000000.0, 'Spliters': 6, 'Counters': 12}, {'Max_spout': 1000000.0, 'Spliters': 6, 'Counters': 9}, {'Max_spout': 100000.0, 'Spliters': 2, 'Counters': 12}, {'Max_spout': 1000, 'Spliters': 2, 'Counters': 6}, {'Max_spout': 1000000.0, 'Spliters': 6, 'Counters': 18}, {'Max_spout': 1000, 'Spliters': 2, 'Counters': 6}, {'Max_spout': 1000000.0, 'Spliters': 6, 'Counters': 18}, {'Max_spout': 100000.0, 'Spliters': 2, 'Counters': 18}, {'Max_spout': 1000, 'Spliters': 2, 'Counters': 9}, {'Max_spout': 1000000.0, 'Spliters': 6, 'Counters': 18}, {'Max_spout': 1000000.0, 'Spliters': 6, 'Counters': 9}, {'Max_spout': 1000, 'Spliters': 2, 'Counters': 12}, {'Max_spout': 1000, 'Spliters': 2, 'Counters': 6}, {'Max_spout': 1000000.0, 'Spliters': 6, 'Counters': 18}, {'Max_spout': 1000000.0, 'Spliters': 6, 'Counters': 18}
0.45684852732534786, 0.45684852732534786, 0.5216628675848648, 0.45132372310007496, 0.3975491585218419, 0.45132372310007496, 0.4550215006629207, 0.43816135911088994, 0.4247156424780914, 0.45684852732534786, 0.4247156424780914, 0.45684852732534786, 0.4412970247361895, 0.3843556979164898, 0.45684852732534786, 0.4550215006629207, 0.3482522082801707, 0.4247156424780914, 0.45684852732534786, 0.45684852732534786
0.033307790756225586, 0.04727292060852051, 0.10302162170410156, 0.04381918907165527, 0.11060166358947754, 0.031010150909423828, 0.0390315055847168, 0.048169851303100586, 0.049391746520996094, 0.034798622131347656, 0.030673742294311523, 0.04270744323730469, 0.03504204750061035, 0.05207562446594238, 0.0491328239440918, 0.03390932083129883, 0.06299066543579102, 0.03565812110900879, 0.024255037307739258, 0.024537086486816406