{'Max_spout': 100, 'Spliters': 2, 'Counters': 18}, {'Max_spout': 100, 'Spliters': 2, 'Counters': 18}, {'Max_spout': 100000.0, 'Spliters': 2, 'Counters': 18}, {'Max_spout': 100000.0, 'Spliters': 2, 'Counters': 18}, {'Max_spout': 10000, 'Spliters': 2, 'Counters': 15}, {'Max_spout': 10000, 'Spliters': 6, 'Counters': 18}, {'Max_spout': 1000, 'Spliters': 2, 'Counters': 12}, {'Max_spout': 100000.0, 'Spliters': 2, 'Counters': 12}, {'Max_spout': 1000, 'Spliters': 2, 'Counters': 9}, {'Max_spout': 1000000.0, 'Spliters': 2, 'Counters': 9}, {'Max_spout': 1000000.0, 'Spliters': 2, 'Counters': 9}, {'Max_spout': 100, 'Spliters': 2, 'Counters': 18}, {'Max_spout': 100, 'Spliters': 2, 'Counters': 18}, {'Max_spout': 1000, 'Spliters': 2, 'Counters': 9}, {'Max_spout': 10000, 'Spliters': 6, 'Counters': 18}, {'Max_spout': 1000000.0, 'Spliters': 2, 'Counters': 15}, {'Max_spout': 1000, 'Spliters': 2, 'Counters': 12}, {'Max_spout': 1000, 'Spliters': 2, 'Counters': 6}, {'Max_spout': 100, 'Spliters': 2, 'Counters': 18}, {'Max_spout': 100, 'Spliters': 2, 'Counters': 18}
0.40079210255235836, 0.40079210255235836, 0.4412970247361895, 0.4412970247361895, 0.3975491585218419, 0.44750804325835974, 0.3482522082801707, 0.43816135911088994, 0.3843556979164898, 0.41464190904005405, 0.41464190904005405, 0.40079210255235836, 0.40079210255235836, 0.3843556979164898, 0.44750804325835974, 0.44378367243631417, 0.3482522082801707, 0.4247156424780914, 0.40079210255235836, 0.40079210255235836
0.06991076469421387, 0.08720946311950684, 0.08847713470458984, 0.07705807685852051, 0.07139420509338379, 0.07339668273925781, 0.07763385772705078, 0.08634781837463379, 0.07935905456542969, 0.06592679023742676, 0.07306909561157227, 0.06524372100830078, 0.0696249008178711, 0.08037090301513672, 0.06906509399414062, 0.0672149658203125, 0.06589818000793457, 0.06768274307250977, 0.0684046745300293, 0.06666088104248047