{'Max_spout': 1000000.0, 'Spliters': 6, 'Counters': 12}, {'Max_spout': 100000.0, 'Spliters': 6, 'Counters': 18}, {'Max_spout': 1000000.0, 'Spliters': 6, 'Counters': 12}, {'Max_spout': 1000000.0, 'Spliters': 6, 'Counters': 12}, {'Max_spout': 10000, 'Spliters': 2, 'Counters': 15}, {'Max_spout': 100000.0, 'Spliters': 6, 'Counters': 18}, {'Max_spout': 1000000.0, 'Spliters': 6, 'Counters': 12}, {'Max_spout': 100000.0, 'Spliters': 6, 'Counters': 18}, {'Max_spout': 1000, 'Spliters': 2, 'Counters': 6}, {'Max_spout': 1000000.0, 'Spliters': 6, 'Counters': 12}, {'Max_spout': 1000, 'Spliters': 2, 'Counters': 6}, {'Max_spout': 1000000.0, 'Spliters': 6, 'Counters': 18}, {'Max_spout': 100000.0, 'Spliters': 2, 'Counters': 18}, {'Max_spout': 10000, 'Spliters': 2, 'Counters': 9}, {'Max_spout': 1000000.0, 'Spliters': 6, 'Counters': 12}, {'Max_spout': 100000.0, 'Spliters': 6, 'Counters': 18}, {'Max_spout': 1000, 'Spliters': 2, 'Counters': 15}, {'Max_spout': 1000, 'Spliters': 2, 'Counters': 6}, {'Max_spout': 1000000.0, 'Spliters': 6, 'Counters': 18}, {'Max_spout': 1000000.0, 'Spliters': 6, 'Counters': 18}
0.4426252477282385, 0.43093537436088897, 0.4426252477282385, 0.4426252477282385, 0.4257248893533731, 0.43093537436088897, 0.4426252477282385, 0.43093537436088897, 0.4143172477501114, 0.4426252477282385, 0.4143172477501114, 0.4433311775223357, 0.4288502324027476, 0.39147958309618697, 0.4426252477282385, 0.43093537436088897, 0.3340436419777277, 0.4143172477501114, 0.4433311775223357, 0.4433311775223357
0.07399559020996094, 0.05765891075134277, 0.06550860404968262, 0.04451465606689453, 0.05436205863952637, 0.052229881286621094, 0.0547792911529541, 0.0515904426574707, 0.050171613693237305, 0.06362271308898926, 0.06059145927429199, 0.05475616455078125, 0.049722909927368164, 0.05312085151672363, 0.05530738830566406, 0.047835350036621094, 0.0524897575378418, 0.04775404930114746, 0.0576934814453125, 0.05283665657043457