{'Max_spout': 1000, 'Spliters': 2, 'Counters': 15}, {'Max_spout': 1000, 'Spliters': 2, 'Counters': 15}, {'Max_spout': 1000000.0, 'Spliters': 2, 'Counters': 9}, {'Max_spout': 1000, 'Spliters': 2, 'Counters': 15}, {'Max_spout': 1000, 'Spliters': 2, 'Counters': 15}, {'Max_spout': 1000, 'Spliters': 2, 'Counters': 15}, {'Max_spout': 1000, 'Spliters': 2, 'Counters': 15}, {'Max_spout': 1000, 'Spliters': 2, 'Counters': 15}, {'Max_spout': 1000, 'Spliters': 2, 'Counters': 12}, {'Max_spout': 1000, 'Spliters': 2, 'Counters': 15}, {'Max_spout': 1000, 'Spliters': 2, 'Counters': 6}, {'Max_spout': 1000, 'Spliters': 2, 'Counters': 15}, {'Max_spout': 1000, 'Spliters': 2, 'Counters': 15}, {'Max_spout': 1000, 'Spliters': 2, 'Counters': 12}, {'Max_spout': 1000, 'Spliters': 2, 'Counters': 15}, {'Max_spout': 1000, 'Spliters': 2, 'Counters': 15}, {'Max_spout': 1000, 'Spliters': 2, 'Counters': 15}, {'Max_spout': 1000, 'Spliters': 2, 'Counters': 6}, {'Max_spout': 1000, 'Spliters': 2, 'Counters': 15}, {'Max_spout': 1000, 'Spliters': 2, 'Counters': 15}
0.3340436419777277, 0.3340436419777277, 0.3961943038278054, 0.3340436419777277, 0.3340436419777277, 0.3340436419777277, 0.3340436419777277, 0.3340436419777277, 0.3530381716077479, 0.3340436419777277, 0.4143172477501114, 0.3340436419777277, 0.3340436419777277, 0.3530381716077479, 0.3340436419777277, 0.3340436419777277, 0.3340436419777277, 0.4143172477501114, 0.3340436419777277, 0.3340436419777277
0.13916492462158203, 0.13068819046020508, 0.12947392463684082, 0.12916111946105957, 0.13167500495910645, 0.13166379928588867, 0.13048577308654785, 0.12945055961608887, 0.12971711158752441, 0.12947344779968262, 0.1295030117034912, 0.13113689422607422, 0.12945818901062012, 0.13013386726379395, 0.1293168067932129, 0.13042783737182617, 0.13013410568237305, 0.12996864318847656, 0.1288454532623291, 0.1288623809814453