{'Max_spout': 1000000.0, 'Spliters': 2, 'Counters': 9}, {'Max_spout': 1000, 'Spliters': 2, 'Counters': 18}, {'Max_spout': 100000.0, 'Spliters': 6, 'Counters': 18}, {'Max_spout': 100000.0, 'Spliters': 2, 'Counters': 18}, {'Max_spout': 1000, 'Spliters': 2, 'Counters': 15}, {'Max_spout': 100000.0, 'Spliters': 6, 'Counters': 18}, {'Max_spout': 100000.0, 'Spliters': 6, 'Counters': 18}, {'Max_spout': 100000.0, 'Spliters': 6, 'Counters': 18}, {'Max_spout': 1000, 'Spliters': 2, 'Counters': 6}, {'Max_spout': 1000000.0, 'Spliters': 2, 'Counters': 9}, {'Max_spout': 1000, 'Spliters': 2, 'Counters': 6}, {'Max_spout': 100, 'Spliters': 2, 'Counters': 18}, {'Max_spout': 1000, 'Spliters': 2, 'Counters': 18}, {'Max_spout': 10000, 'Spliters': 2, 'Counters': 9}, {'Max_spout': 100000.0, 'Spliters': 6, 'Counters': 18}, {'Max_spout': 1000, 'Spliters': 2, 'Counters': 18}, {'Max_spout': 1000, 'Spliters': 2, 'Counters': 15}, {'Max_spout': 1000, 'Spliters': 2, 'Counters': 6}, {'Max_spout': 100, 'Spliters': 2, 'Counters': 18}, {'Max_spout': 10000, 'Spliters': 2, 'Counters': 18}
0.3961943038278054, 0.3513569799560069, 0.43093537436088897, 0.4288502324027476, 0.3340436419777277, 0.43093537436088897, 0.43093537436088897, 0.43093537436088897, 0.4143172477501114, 0.3961943038278054, 0.4143172477501114, 0.4180935235632412, 0.3513569799560069, 0.39147958309618697, 0.43093537436088897, 0.3513569799560069, 0.3340436419777277, 0.4143172477501114, 0.4180935235632412, 0.3893870191155626
0.07893753051757812, 0.07098221778869629, 0.07883501052856445, 0.06789398193359375, 0.062352895736694336, 0.06708383560180664, 0.0594329833984375, 0.0676431655883789, 0.06532788276672363, 0.06104922294616699, 0.056496381759643555, 0.08804202079772949, 0.06507754325866699, 0.058966636657714844, 0.05393552780151367, 0.05414557456970215, 0.057929039001464844, 0.054663896560668945, 0.05421733856201172, 0.05286359786987305