{'Spout': 3, 'Split': 6, 'Count': 12, 'Buffer_size': 105000000.0, 'Heap': 1024}, {'Spout': 1, 'Split': 2, 'Count': 12, 'Buffer_size': 105000000.0, 'Heap': 2048}, {'Spout': 1, 'Split': 2, 'Count': 12, 'Buffer_size': 1050000.0, 'Heap': 2048}, {'Spout': 3, 'Split': 6, 'Count': 12, 'Buffer_size': 105000000.0, 'Heap': 2048}, {'Spout': 1, 'Split': 2, 'Count': 12, 'Buffer_size': 105000000.0, 'Heap': 1024}, {'Spout': 1, 'Split': 2, 'Count': 9, 'Buffer_size': 5240000.0, 'Heap': 2048}, {'Spout': 1, 'Split': 2, 'Count': 9, 'Buffer_size': 5240000.0, 'Heap': 1024}, {'Spout': 1, 'Split': 1, 'Count': 9, 'Buffer_size': 262000.0, 'Heap': 1024}, {'Spout': 1, 'Split': 2, 'Count': 12, 'Buffer_size': 1050000.0, 'Heap': 512}, {'Spout': 1, 'Split': 2, 'Count': 6, 'Buffer_size': 105000000.0, 'Heap': 512}, {'Spout': 3, 'Split': 6, 'Count': 12, 'Buffer_size': 5240000.0, 'Heap': 2048}, {'Spout': 3, 'Split': 6, 'Count': 12, 'Buffer_size': 1050000.0, 'Heap': 512}, {'Spout': 1, 'Split': 1, 'Count': 12, 'Buffer_size': 5240000.0, 'Heap': 512}, {'Spout': 3, 'Split': 6, 'Count': 12, 'Buffer_size': 105000000.0, 'Heap': 512}, {'Spout': 3, 'Split': 6, 'Count': 12, 'Buffer_size': 105000000.0, 'Heap': 512}, {'Spout': 1, 'Split': 1, 'Count': 12, 'Buffer_size': 1050000.0, 'Heap': 512}, {'Spout': 3, 'Split': 6, 'Count': 12, 'Buffer_size': 5240000.0, 'Heap': 2048}, {'Spout': 1, 'Split': 1, 'Count': 12, 'Buffer_size': 5240000.0, 'Heap': 512}, {'Spout': 1, 'Split': 2, 'Count': 12, 'Buffer_size': 105000000.0, 'Heap': 2048}, {'Spout': 1, 'Split': 1, 'Count': 12, 'Buffer_size': 1050000.0, 'Heap': 512}
0.24584077783489322, 0.01592322268422131, 0.02628393512052983, 0.2709055415302204, 0.006302770441314521, 0.059665607462809904, 0.033120516917753466, 0.22758365564568964, 0.004885495408456998, 0.1357998039149482, 0.23775197904992254, 0.25443977943057033, 0.21431792843573635, 0.2570641251648314, 0.2570641251648314, 0.2172328151133768, 0.23775197904992254, 0.21431792843573635, 0.01592322268422131, 0.2172328151133768
0.06308794021606445, 0.07543230056762695, 0.06265377998352051, 0.07906365394592285, 0.06055736541748047, 0.05806469917297363, 0.06321978569030762, 0.06719684600830078, 0.0589909553527832, 0.05382728576660156, 0.07391977310180664, 0.059493303298950195, 0.05748558044433594, 0.06426429748535156, 0.06502723693847656, 0.06022000312805176, 0.06080269813537598, 0.06328320503234863, 0.0571286678314209, 0.05692648887634277