{'Spout': 1, 'Split': 2, 'Count': 12, 'Buffer_size': 105000000.0, 'Heap': 2048}, {'Spout': 1, 'Split': 2, 'Count': 12, 'Buffer_size': 5240000.0, 'Heap': 512}, {'Spout': 1, 'Split': 2, 'Count': 12, 'Buffer_size': 1050000.0, 'Heap': 2048}, {'Spout': 1, 'Split': 2, 'Count': 12, 'Buffer_size': 105000000.0, 'Heap': 2048}, {'Spout': 1, 'Split': 2, 'Count': 12, 'Buffer_size': 5240000.0, 'Heap': 512}, {'Spout': 1, 'Split': 2, 'Count': 12, 'Buffer_size': 5240000.0, 'Heap': 512}, {'Spout': 1, 'Split': 2, 'Count': 12, 'Buffer_size': 5240000.0, 'Heap': 512}, {'Spout': 1, 'Split': 2, 'Count': 12, 'Buffer_size': 5240000.0, 'Heap': 512}, {'Spout': 1, 'Split': 2, 'Count': 12, 'Buffer_size': 5240000.0, 'Heap': 512}, {'Spout': 1, 'Split': 2, 'Count': 12, 'Buffer_size': 5240000.0, 'Heap': 512}, {'Spout': 1, 'Split': 2, 'Count': 12, 'Buffer_size': 262000.0, 'Heap': 1024}, {'Spout': 1, 'Split': 2, 'Count': 12, 'Buffer_size': 105000000.0, 'Heap': 512}, {'Spout': 1, 'Split': 2, 'Count': 12, 'Buffer_size': 5240000.0, 'Heap': 512}, {'Spout': 1, 'Split': 2, 'Count': 12, 'Buffer_size': 5240000.0, 'Heap': 512}, {'Spout': 1, 'Split': 2, 'Count': 12, 'Buffer_size': 5240000.0, 'Heap': 512}, {'Spout': 1, 'Split': 2, 'Count': 12, 'Buffer_size': 5240000.0, 'Heap': 512}, {'Spout': 1, 'Split': 2, 'Count': 12, 'Buffer_size': 262000.0, 'Heap': 512}, {'Spout': 1, 'Split': 2, 'Count': 12, 'Buffer_size': 5240000.0, 'Heap': 512}, {'Spout': 1, 'Split': 2, 'Count': 12, 'Buffer_size': 5240000.0, 'Heap': 512}, {'Spout': 1, 'Split': 2, 'Count': 12, 'Buffer_size': 5240000.0, 'Heap': 512}
0.01592322268422131, 0.0, 0.02628393512052983, 0.01592322268422131, 0.0, 0.0, 0.0, 0.0, 0.0, 0.0, 0.0021204068611183303, 0.016767980467558712, 0.0, 0.0, 0.0, 0.0, 0.006758719400941674, 0.0, 0.0, 0.0
0.36837148666381836, 0.3614919185638428, 0.3657522201538086, 0.36887359619140625, 0.35974693298339844, 0.3744339942932129, 0.37049174308776855, 0.3485865592956543, 0.3501720428466797, 0.3444695472717285, 0.346494197845459, 0.348663330078125, 0.35132288932800293, 0.3702230453491211, 0.3493030071258545, 0.3724055290222168, 0.37981247901916504, 0.3904557228088379, 0.34866905212402344, 0.3489823341369629