{'Max_spout': 1, 'Spliters': 6, 'Counters': 18}, {'Max_spout': 1, 'Spliters': 1, 'Counters': 18}, {'Max_spout': 1, 'Spliters': 6, 'Counters': 12}, {'Max_spout': 1, 'Spliters': 1, 'Counters': 1}, {'Max_spout': 1, 'Spliters': 1, 'Counters': 1}, {'Max_spout': 1, 'Spliters': 1, 'Counters': 18}, {'Max_spout': 1, 'Spliters': 1, 'Counters': 1}, {'Max_spout': 1, 'Spliters': 1, 'Counters': 1}, {'Max_spout': 1, 'Spliters': 1, 'Counters': 1}, {'Max_spout': 1, 'Spliters': 6, 'Counters': 1}, {'Max_spout': 1, 'Spliters': 1, 'Counters': 3}, {'Max_spout': 1, 'Spliters': 2, 'Counters': 1}, {'Max_spout': 1, 'Spliters': 1, 'Counters': 18}, {'Max_spout': 1, 'Spliters': 1, 'Counters': 6}, {'Max_spout': 1, 'Spliters': 1, 'Counters': 3}, {'Max_spout': 1, 'Spliters': 1, 'Counters': 1}, {'Max_spout': 1, 'Spliters': 1, 'Counters': 18}, {'Max_spout': 1, 'Spliters': 1, 'Counters': 1}, {'Max_spout': 1, 'Spliters': 1, 'Counters': 1}, {'Max_spout': 1, 'Spliters': 1, 'Counters': 18}
0.01203333182707483, 0.0019564624347497123, 0.010963888289174847, 0.0023531105074919532, 0.0023531105074919532, 0.0019564624347497123, 0.0023531105074919532, 0.0023531105074919532, 0.0023531105074919532, 0.014498574912093084, 0.0019296845057882198, 0.001904580197386812, 0.0019564624347497123, 0.0032401294043416973, 0.0019296845057882198, 0.0023531105074919532, 0.0019564624347497123, 0.0023531105074919532, 0.0023531105074919532, 0.0019564624347497123
0.03171896934509277, 0.04687047004699707, 0.04863452911376953, 0.04390740394592285, 0.09061074256896973, 0.04900217056274414, 0.04544425010681152, 0.049660444259643555, 0.08574628829956055, 0.05570197105407715, 0.07261466979980469, 0.07610678672790527, 0.07058072090148926, 0.057478904724121094, 0.06785440444946289, 0.07548022270202637, 0.04552626609802246, 0.04549145698547363, 0.06586360931396484, 0.049202680587768555