{'Max_spout': 1, 'Spliters': 6, 'Counters': 18}, {'Max_spout': 1, 'Spliters': 6, 'Counters': 18}, {'Max_spout': 1, 'Spliters': 6, 'Counters': 12}, {'Max_spout': 1, 'Spliters': 1, 'Counters': 1}, {'Max_spout': 1, 'Spliters': 1, 'Counters': 1}, {'Max_spout': 1, 'Spliters': 1, 'Counters': 18}, {'Max_spout': 1, 'Spliters': 1, 'Counters': 1}, {'Max_spout': 1, 'Spliters': 6, 'Counters': 1}, {'Max_spout': 1, 'Spliters': 1, 'Counters': 1}, {'Max_spout': 1, 'Spliters': 6, 'Counters': 1}, {'Max_spout': 1, 'Spliters': 1, 'Counters': 3}, {'Max_spout': 1, 'Spliters': 2, 'Counters': 1}, {'Max_spout': 1, 'Spliters': 1, 'Counters': 18}, {'Max_spout': 1, 'Spliters': 1, 'Counters': 6}, {'Max_spout': 1, 'Spliters': 1, 'Counters': 3}, {'Max_spout': 1, 'Spliters': 1, 'Counters': 1}, {'Max_spout': 1, 'Spliters': 1, 'Counters': 18}, {'Max_spout': 1, 'Spliters': 1, 'Counters': 1}, {'Max_spout': 1, 'Spliters': 1, 'Counters': 1}, {'Max_spout': 1, 'Spliters': 1, 'Counters': 18}
0.01203333182707483, 0.01203333182707483, 0.010963888289174847, 0.0023531105074919532, 0.0023531105074919532, 0.0019564624347497123, 0.0023531105074919532, 0.014498574912093084, 0.0023531105074919532, 0.014498574912093084, 0.0019296845057882198, 0.001904580197386812, 0.0019564624347497123, 0.0032401294043416973, 0.0019296845057882198, 0.0023531105074919532, 0.0019564624347497123, 0.0023531105074919532, 0.0023531105074919532, 0.0019564624347497123
0.03078913688659668, 0.027682781219482422, 0.01726555824279785, 0.016128063201904297, 0.023770809173583984, 0.01836705207824707, 0.025733470916748047, 0.02360677719116211, 0.04322028160095215, 0.026750802993774414, 0.015463829040527344, 0.016115188598632812, 0.03464841842651367, 0.020077943801879883, 0.027333736419677734, 0.05032849311828613, 0.041166067123413086, 0.024325847625732422, 0.0260775089263916, 0.03255605697631836