{'Max_spout': 1, 'Spliters': 6, 'Counters': 18}, {'Max_spout': 1, 'Spliters': 6, 'Counters': 18}, {'Max_spout': 1, 'Spliters': 6, 'Counters': 12}, {'Max_spout': 1, 'Spliters': 1, 'Counters': 1}, {'Max_spout': 1, 'Spliters': 1, 'Counters': 1}, {'Max_spout': 1, 'Spliters': 1, 'Counters': 18}, {'Max_spout': 1, 'Spliters': 6, 'Counters': 18}, {'Max_spout': 1, 'Spliters': 6, 'Counters': 1}, {'Max_spout': 1, 'Spliters': 1, 'Counters': 1}, {'Max_spout': 1, 'Spliters': 6, 'Counters': 1}, {'Max_spout': 1, 'Spliters': 1, 'Counters': 3}, {'Max_spout': 1, 'Spliters': 1, 'Counters': 18}, {'Max_spout': 1, 'Spliters': 1, 'Counters': 18}, {'Max_spout': 1, 'Spliters': 1, 'Counters': 6}, {'Max_spout': 1, 'Spliters': 1, 'Counters': 3}, {'Max_spout': 1, 'Spliters': 1, 'Counters': 1}, {'Max_spout': 1, 'Spliters': 1, 'Counters': 18}, {'Max_spout': 1, 'Spliters': 1, 'Counters': 1}, {'Max_spout': 1, 'Spliters': 1, 'Counters': 1}, {'Max_spout': 1, 'Spliters': 6, 'Counters': 1}
0.011702457855632514, 0.011702457855632514, 0.014659191578239477, 0.004705878549212082, 0.004705878549212082, 0.0, 0.011702457855632514, 0.015195897754240302, 0.004705878549212082, 0.015195897754240302, 0.0031668897553783866, 0.0, 0.0, 0.0020255808389428856, 0.0031668897553783866, 0.004705878549212082, 0.0, 0.004705878549212082, 0.004705878549212082, 0.015195897754240302
0.02633976936340332, 0.06356692314147949, 0.07856941223144531, 0.0770719051361084, 0.048787593841552734, 0.06421446800231934, 0.07721853256225586, 0.04179883003234863, 0.056180715560913086, 0.05833554267883301, 0.05097317695617676, 0.04673194885253906, 0.0469210147857666, 0.04480743408203125, 0.049684762954711914, 0.0526585578918457, 0.040941715240478516, 0.04043412208557129, 0.05065441131591797, 0.06297802925109863