{"config": {"Criticality": 0.6397669564711435, "Criticality Modifier": 0.6361959648096103, "Culture": 0.8776241737205883, "Dynamism": 0.0683250580458852, "Initial Known": 0.473940436478186, "Inter-Dependency": 0.6553863945798435, "Plan": 0.2452974734377874, "Size": 0.7803710541505166, "Team Size": 0.4454256271986746}, "score": 0.22130847985626012, "info": {}}