{
  "incumbent_ids": [
    2
  ],
  "rejected_config_ids": [
    1,
    3,
    4,
    5
  ],
  "incumbents_changed": 2,
  "trajectory": [
    {
      "config_ids": [
        1
      ],
      "costs": [
        0.35715099131737826
      ],
      "trial": 1,
      "walltime": 3.850295066833496
    },
    {
      "config_ids": [
        2
      ],
      "costs": [
        0.2635066318865862
      ],
      "trial": 2,
      "walltime": 158.16575646400452
    }
  ],
  "state": {
    "queue": [
      [
        5,
        1
      ]
    ]
  }
}