{
  "incumbent_ids": [
    3
  ],
  "rejected_config_ids": [
    1,
    2,
    4,
    5
  ],
  "incumbents_changed": 3,
  "trajectory": [
    {
      "config_ids": [
        1
      ],
      "costs": [
        0.6489581010254273
      ],
      "trial": 1,
      "walltime": 3.5519638061523438
    },
    {
      "config_ids": [
        2
      ],
      "costs": [
        0.4966556705326791
      ],
      "trial": 2,
      "walltime": 7.620440483093262
    },
    {
      "config_ids": [
        3
      ],
      "costs": [
        0.2852428914168853
      ],
      "trial": 3,
      "walltime": 186.26140022277832
    }
  ],
  "state": {
    "queue": [
      [
        5,
        1
      ]
    ]
  }
}