{"config": {"Criticality": 0.6052187791924107, "Criticality Modifier": 0.3546188953147057, "Culture": 0.7607829735149102, "Dynamism": 0.1762757840038126, "Initial Known": 0.239941458388436, "Inter-Dependency": 0.2583327565981245, "Plan": 0.7767162356057107, "Size": 0.7563584955294096, "Team Size": 0.5971773443163394}, "score": 0.19661527552971136, "info": {}}