{
  "incumbent_ids": [
    20
  ],
  "rejected_config_ids": [
    1,
    3,
    4,
    5,
    6,
    7,
    8,
    9,
    10,
    11,
    12,
    13,
    14,
    15,
    16,
    17,
    18,
    19,
    2,
    21,
    22,
    23,
    24
  ],
  "incumbents_changed": 3,
  "trajectory": [
    {
      "config_ids": [
        1
      ],
      "costs": [
        0.24302943290122192
      ],
      "trial": 1,
      "walltime": 0.01398158073425293
    },
    {
      "config_ids": [
        2
      ],
      "costs": [
        0.1906610996469038
      ],
      "trial": 2,
      "walltime": 0.026776790618896484
    },
    {
      "config_ids": [
        20
      ],
      "costs": [
        0.1267604854929748
      ],
      "trial": 20,
      "walltime": 12.06714916229248
    }
  ],
  "state": {
    "queue": [
      [
        24,
        1
      ]
    ]
  }
}