{
  "DE_params": {
    "mutation_factor": 0.5,
    "crossover_prob": 0.5,
    "strategy": "rand1_bin",
    "configspace": true,
    "boundary_fix_type": "random",
    "max_age": Infinity,
    "dimensions": 35,
    "output_path": "../results/tmp/DEHB_tmp/dehb_20251208-045059_bef5",
    "async_strategy": "immediate"
  },
  "HB_params": {
    "min_fidelity": 1,
    "max_fidelity": 10,
    "min_clip": null,
    "max_clip": null,
    "eta": 3
  },
  "internals": {
    "initial_configs": [
      {
        "config_id": 0,
        "config": [
          0.2857142857142857,
          0.0,
          0.3626707132018209,
          0.14095744680851063,
          0.3142857142857143,
          0.3142857142857143,
          0.23289070480081717,
          0.8520653218059558,
          0.1450381679389313,
          0.6625310173697271,
          0.1366093366093366,
          0.5142857142857142,
          0.6285714285714286,
          0.5604457610382283,
          0.7031116934163119,
          0.6057315863652972,
          0.5454545454545454,
          0.684931506849315,
          0.42857142857142855,
          0.5828858111927643,
          0.1111111111111111,
          0.8,
          0.7058823529411765,
          0.848359980220867,
          0.0,
          0.0,
          0.0,
          0.25660964230171074,
          0.5,
          0.2571428571428571,
          0.37142857142857144,
          0.5,
          0.4857142857142857,
          0.0,
          0.75
        ],
        "results": {
          "1.1111111111111112": {
            "score": Infinity,
            "cost": -1,
            "info": {}
          }
        }
      },
      {
        "config_id": 1,
        "config": [
          0.42857142857142855,
          0.0,
          0.6722306525037937,
          0.4627659574468085,
          0.8857142857142857,
          0.34285714285714286,
          0.5822267620020429,
          0.1282420749279539,
          0.6234096692111959,
          0.29280397022332505,
          0.7454545454545455,
          0.8571428571428571,
          0.5714285714285714,
          0.7692199181831005,
          0.4148051097281363,
          0.8737798193871692,
          0.9090909090909091,
          0.14582412726469288,
          0.4857142857142857,
          0.16315715093273037,
          0.8333333333333334,
          0.22857142857142856,
          0.7941176470588235,
          0.5144222844898632,
          0.0,
          0.0,
          0.0,
          0.012441679626749611,
          0.625,
          0.7428571428571429,
          0.14285714285714285,
          0.0,
          0.14285714285714285,
          0.75,
          0.0
        ],
        "results": {
          "1.1111111111111112": {
            "score": Infinity,
            "cost": -1,
            "info": {}
          }
        }
      },
      {
        "config_id": 2,
        "config": [
          0.37142857142857144,
          0.0,
          0.9089529590288316,
          0.4308510638297872,
          0.5714285714285714,
          0.34285714285714286,
          0.398876404494382,
          0.7252641690682037,
          0.027989821882951654,
          0.19478908188585609,
          0.8894348894348895,
          0.11428571428571428,
          0.5142857142857142,
          0.48949076033291017,
          0.661054700294792,
          0.7590958918411025,
          0.7272727272727273,
          0.7850198851082634,
          0.7142857142857143,
          0.8803702656868287,
          0.6111111111111112,
          0.6285714285714286,
          0.35294117647058826,
          0.38668205043678916,
          0.0,
          0.0,
          0.0,
          0.5427682737169518,
          0.75,
          0.14285714285714285,
          0.4857142857142857,
          0.0,
          0.9714285714285714,
          0.75,
          0.25
        ],
        "results": {
          "1.1111111111111112": {
            "score": Infinity,
            "cost": -1,
            "info": {}
          }
        }
      },
      {
        "config_id": 3,
        "config": [
          0.45714285714285713,
          0.0,
          0.44916540212443096,
          0.40691489361702127,
          0.0,
          0.37142857142857144,
          0.7824310520939735,
          0.9409221902017291,
          0.04071246819338423,
          0.4317617866004963,
          0.8992628992628993,
          0.0,
          0.6285714285714286,
          0.46649739032303567,
          0.1941041598427776,
          0.6467609751004855,
          0.5454545454545454,
          0.1690234202386213,
          0.14285714285714285,
          0.3140192198982476,
          0.8333333333333334,
          0.2857142857142857,
          0.23529411764705882,
          0.6143069062139442,
          0.0,
          0.0,
          0.0,
          0.8553654743390358,
          0.625,
          0.08571428571428572,
          0.7428571428571429,
          0.0,
          0.2571428571428571,
          0.75,
          0.0
        ],
        "results": {
          "1.1111111111111112": {
            "score": Infinity,
            "cost": -1,
            "info": {}
          }
        }
      },
      {
        "config_id": 4,
        "config": [
          0.5714285714285714,
          0.0,
          0.9150227617602428,
          0.574468085106383,
          0.6285714285714286,
          0.42857142857142855,
          0.2017364657814096,
          0.9351585014409222,
          0.7633587786259542,
          0.5732009925558312,
          0.4742014742014742,
          0.0,
          0.5142857142857142,
          0.9997178727606151,
          0.12977399279397314,
          0.7011536253066765,
          0.09090909090909091,
          0.5148033583738401,
          0.2857142857142857,
          0.071791972866026,
          0.05555555555555555,
          0.4,
          0.3235294117647059,
          0.8938519861546069,
          0.0,
          0.0,
          0.0,
          0.27060653188180406,
          0.75,
          0.6285714285714286,
          0.6857142857142857,
          0.5,
          0.5714285714285714,
          0.0,
          0.75
        ],
        "results": {
          "1.1111111111111112": {
            "score": Infinity,
            "cost": -1,
            "info": {}
          }
        }
      },
      {
        "config_id": 5,
        "config": [
          0.7142857142857143,
          0.0,
          0.30197268588770865,
          0.449468085106383,
          0.6571428571428571,
          0.5714285714285714,
          0.5357507660878448,
          0.9668587896253602,
          0.0916030534351145,
          0.14516129032258066,
          0.8997542997542998,
          0.6571428571428571,
          0.42857142857142855,
          0.9383551981943856,
          0.3150999017359974,
          0.7899462337526753,
          0.2727272727272727,
          0.7008395934600088,
          0.8571428571428571,
          0.3140192198982476,
          0.7777777777777778,
          0.8571428571428571,
          0.029411764705882353,
          0.5445854623372343,
          0.0,
          0.0,
          0.0,
          0.7838258164852255,
          0.25,
          0.7428571428571429,
          0.3142857142857143,
          0.0,
          0.7428571428571429,
          0.5,
          0.5
        ],
        "results": {
          "1.1111111111111112": {
            "score": Infinity,
            "cost": -1,
            "info": {}
          }
        }
      },
      {
        "config_id": 6,