{
  "incumbent_ids": [
    6
  ],
  "rejected_config_ids": [
    2,
    1,
    4,
    3,
    5,
    7,
    8,
    9,
    10,
    11,
    12,
    13,
    14,
    15,
    16,
    17,
    18
  ],
  "incumbents_changed": 4,
  "trajectory": [
    {
      "config_ids": [
        1
      ],
      "costs": [
        0.46258541489317695
      ],
      "trial": 1,
      "walltime": 0.007990360260009766
    },
    {
      "config_ids": [
        3
      ],
      "costs": [
        0.37067150071054544
      ],
      "trial": 3,
      "walltime": 2.019606351852417
    },
    {
      "config_ids": [
        5
      ],
      "costs": [
        0.3573016506074551
      ],
      "trial": 5,
      "walltime": 2.0377607345581055
    },
    {
      "config_ids": [
        6
      ],
      "costs": [
        0.19249308599081116
      ],
      "trial": 6,
      "walltime": 2.046489715576172
    }
  ],
  "state": {
    "queue": [
      [
        18,
        1
      ]
    ]
  }
}