{
  "incumbent_ids": [
    2
  ],
  "rejected_config_ids": [
    1,
    3,
    4,
    5,
    6,
    7,
    8,
    9,
    10,
    11,
    12,
    13,
    14,
    15,
    16,
    17,
    18,
    19,
    20
  ],
  "incumbents_changed": 2,
  "trajectory": [
    {
      "config_ids": [
        1
      ],
      "costs": [
        0.7839628380814399
      ],
      "trial": 1,
      "walltime": 2.1989870071411133
    },
    {
      "config_ids": [
        2
      ],
      "costs": [
        0.5202471297904031
      ],
      "trial": 2,
      "walltime": 4.385012626647949
    }
  ],
  "state": {
    "queue": []
  }
}