{
  "incumbent_ids": [
    14
  ],
  "rejected_config_ids": [
    2,
    3,
    4,
    5,
    6,
    7,
    8,
    1,
    10,
    9,
    12,
    13,
    11,
    15,
    16,
    17,
    18
  ],
  "incumbents_changed": 4,
  "trajectory": [
    {
      "config_ids": [
        1
      ],
      "costs": [
        0.2321360877177321
      ],
      "trial": 1,
      "walltime": 0.020172119140625
    },
    {
      "config_ids": [
        9
      ],
      "costs": [
        0.23123973026843525
      ],
      "trial": 9,
      "walltime": 2.3071911334991455
    },
    {
      "config_ids": [
        11
      ],
      "costs": [
        0.19786340241060374
      ],
      "trial": 11,
      "walltime": 4.148743629455566
    },
    {
      "config_ids": [
        14
      ],
      "costs": [
        0.19230228708426567
      ],
      "trial": 14,
      "walltime": 4.172494649887085
    }
  ],
  "state": {
    "queue": [
      [
        18,
        1
      ]
    ]
  }
}