{
  "DE_params": {
    "mutation_factor": 0.5,
    "crossover_prob": 0.5,
    "strategy": "rand1_bin",
    "configspace": true,
    "boundary_fix_type": "random",
    "max_age": Infinity,
    "dimensions": 24,
    "output_path": "../results/tmp/DEHB_tmp/dehb_20251208-050323_fcf2",
    "async_strategy": "immediate"
  },
  "HB_params": {
    "min_fidelity": 1,
    "max_fidelity": 10,
    "min_clip": null,
    "max_clip": null,
    "eta": 3
  },
  "internals": {
    "initial_configs": [
      {
        "config_id": 0,
        "config": [
          0.22535211267605634,
          0.9651483781918565,
          0.9274861878453039,
          0.09421667119196307,
          0.5079953650057938,
          0.4226775956284153,
          0.5659975669099757,
          0.9170411337711718,
          0.9274924471299094,
          0.03619413216342199,
          0.06505190311418685,
          0.6783216783216783,
          0.9359605911330049,
          0.06241379310344827,
          0.9681219681219682,
          0.03929058663028649,
          0.4635345534007102,
          0.0,
          0.012277044243687746,
          0.7692307692307693,
          0.2718313714754996,
          0.5204795204795205,
          0.0,
          0.946969696969697
        ],
        "results": {
          "1.1111111111111112": {
            "score": Infinity,
            "cost": -1,
            "info": {}
          }
        }
      },
      {
        "config_id": 1,
        "config": [
          0.3782696177062374,
          0.7194616977225673,
          0.7223756906077348,
          0.5321748574531632,
          0.3223638470451912,
          0.5631147540983606,
          0.4082522303325223,
          0.3892153473902523,
          0.4904330312185297,
          0.1253084727173019,
          0.913840830449827,
          0.09290709290709291,
          0.8385331143951834,
          0.6324137931034483,
          0.66008316008316,
          0.5020463847203275,
          0.31821906582900844,
          0.0,
          0.27959230947417185,
          0.8091908091908092,
          0.26006022447303584,
          0.008991008991008992,
          0.0,
          0.6825068870523416
        ],
        "results": {
          "1.1111111111111112": {
            "score": Infinity,
            "cost": -1,
            "info": {}
          }
        }
      },
      {
        "config_id": 2,
        "config": [
          0.7791750503018109,
          0.800552104899931,
          0.23238950276243095,
          0.03312516969861526,
          0.6597914252607184,
          0.524863387978142,
          0.7723033252230332,
          0.661942620117525,
          0.999496475327291,
          0.7104469426926241,
          0.4467128027681661,
          0.2897102897102897,
          0.8990147783251231,
          0.6431034482758621,
          0.7300762300762301,
          0.13860845839017735,
          0.2655012291723573,
          0.0,
          0.05582580495714617,
          0.7902097902097902,
          0.40815767862031205,
          0.11988011988011989,
          0.0,
          0.13360881542699724
        ],
        "results": {
          "1.1111111111111112": {
            "score": Infinity,
            "cost": -1,
            "info": {}
          }
        }
      },
      {
        "config_id": 3,
        "config": [
          0.897887323943662,
          0.09834368530020704,
          0.518646408839779,
          0.3282650013575889,
          0.9216685979142526,
          0.3262295081967213,
          0.7226277372262774,
          0.21949533356377463,
          0.12537764350453173,
          0.28818206745270086,
          0.6169550173010381,
          0.3156843156843157,
          0.8585112205801861,
          0.5437931034482759,
          0.28135828135828134,
          0.0927694406548431,
          0.3859601201857416,
          0.0,
          0.28190873291637714,
          0.5704295704295704,
          0.7300848617574596,
          0.26073926073926074,
          0.0,
          0.20454545454545456
        ],
        "results": {
          "1.1111111111111112": {
            "score": Infinity,
            "cost": -1,
            "info": {}
          }
        }
      },
      {
        "config_id": 4,
        "config": [
          0.1096579476861167,
          0.015527950310559006,
          0.12430939226519337,
          0.714634808579962,
          0.23592120509849362,
          0.9081967213114754,
          0.7271897810218978,
          0.5824403733148981,
          0.2905337361530715,
          0.10967918837400603,
          0.07231833910034602,
          0.7322677322677322,
          0.0571975916803503,
          0.33586206896551724,
          0.9760914760914761,
          0.8728512960436562,
          0.04233815897295821,
          0.0,
          0.22098679638637944,
          0.9240759240759241,
          0.8954284150013687,
          0.9070929070929071,
          0.0,
          0.44214876033057854
        ],
        "results": {
          "1.1111111111111112": {
            "score": Infinity,
            "cost": -1,
            "info": {}
          }
        }
      },
      {
        "config_id": 5,
        "config": [
          0.023138832997987926,
          0.6187025534851622,
          0.9775552486187845,
          0.29948411620961174,
          0.6831981460023175,
          0.4092896174863388,
          0.810624493106245,
          0.3816107846526097,
          0.9290030211480362,
          0.9509185632026323,
          0.08581314878892733,
          0.8061938061938062,
          0.952928297755884,
          0.9296551724137931,
          0.4386694386694387,
          0.40409276944065486,
          0.966675771647091,
          0.0,
          0.37688209404679174,
          0.975024975024975,
          0.002737476047084588,
          0.7482517482517482,
          0.0,
          0.14600550964187328
        ],
        "results": {
          "1.1111111111111112": {
            "score": Infinity,
            "cost": -1,
            "info": {}
          }
        }
      },
      {
        "config_id": 6,
        "config": [
          0.039738430583501,
          0.7249827467218771,
          0.56146408839779,
          0.6711919630735813,
          0.5594438006952491,
          0.3445355191256831,
          0.7281021897810219,
          0.8869685447632216,
          0.7255790533736153,
          0.4990403071017274,
          0.9020761245674741,
          0.9400599400599401,
          0.9956212370005474,
          0.9951724137931034,
          0.11538461538461539,
          0.8019099590723056,
          0.37476099426386233,
          0.0,
          0.9580727356960852,
          0.14885114885114886,
          0.8327402135231317,
          0.015984015984015984,
          0.0,
          0.6639118457300276
        ],
        "results": {
          "1.1111111111111112": {
            "score": Infinity,
            "cost": -1,
            "info": {}
          }
        }
      },
      {
        "config_id": 7,
        "config": [
          0.11619718309859155,
          0.41338854382332646,
          0.4278314917127072,
          0.755090958457779,
          0.40903823870220163,
          0.7729508196721312,
          0.2752433090024331,
          0.12754925682682336,
          0.16968781470292044,
          0.872223745544283,
          0.9062283737024222,
          0.017982017982017984,
          0.02736726874657909,
          0.4386206896551724,
          0.4019404019404019,
          0.6709413369713506,
          0.3143949740508058,
          0.0,
          0.06277507528376187,
          0.7272727272727273,
          0.15795236791678072,
          0.03996003996003996,
          0.0,
          0.6756198347107438
        ],
        "results": {
          "1.1111111111111112": {
            "score": Infinity,
            "cost": -1,
            "info": {}
          }
        }
      },
      {
        "config_id": 8,