{
  "incumbent_ids": [
    19
  ],
  "rejected_config_ids": [
    2,
    3,
    1,
    4,
    6,
    7,
    8,
    9,
    10,
    11,
    12,
    13,
    14,
    15,
    16,
    17,
    18,
    5,
    20,
    21,
    22,
    23,
    24,
    25,
    26,
    27,
    28,
    29,
    30,
    31,
    32,
    33,
    34,
    35,
    36,
    37,
    38,
    39,
    40,
    41,
    42,
    43,
    44
  ],
  "incumbents_changed": 4,
  "trajectory": [
    {
      "config_ids": [
        1
      ],
      "costs": [
        0.2922076240021978
      ],
      "trial": 1,
      "walltime": 0.004338741302490234
    },
    {
      "config_ids": [
        4
      ],
      "costs": [
        0.03012365629973157
      ],
      "trial": 4,
      "walltime": 0.02324962615966797
    },
    {
      "config_ids": [
        5
      ],
      "costs": [
        0.012140991920528088
      ],
      "trial": 5,
      "walltime": 0.0317072868347168
    },
    {
      "config_ids": [
        19
      ],
      "costs": [
        0.0015118562145036707
      ],
      "trial": 19,
      "walltime": 2.583858013153076
    }
  ],
  "state": {
    "queue": []
  }
}