{
  "stats": {
    "submitted": 12,
    "finished": 12,
    "running": 0
  },
  "data": [
    [
      1,
      null,
      327741615,
      null,
      0.8161380861090303,
      0.00218963623046875,
      1,
      1763460952.1990993,
      1763460952.203797,
      {}
    ],
    [
      2,
      null,
      327741615,
      null,
      0.8161380861090303,
      0.0005633831024169922,
      1,
      1763460952.221634,
      1763460952.2245092,
      {}
    ],
    [
      3,
      null,
      327741615,
      null,
      0.8161380861090303,
      0.0006575584411621094,
      1,
      1763460955.6837218,
      1763460955.6866817,
      {}
    ],
    [
      4,
      null,
      327741615,
      null,
      0.8161380861090303,
      0.00048351287841796875,
      1,
      1763460955.6959057,
      1763460955.698404,
      {}
    ],
    [
      5,
      null,
      327741615,
      null,
      0.8161380861090303,
      0.000415802001953125,
      1,
      1763460955.7066855,
      1763460955.7091537,
      {}
    ],
    [
      6,
      null,
      327741615,
      null,
      0.8161380861090303,
      0.0003592967987060547,
      1,
      1763460955.7197673,
      1763460955.7220201,
      {}
    ],
    [
      7,
      null,
      327741615,
      null,
      0.8161380861090303,
      0.00034999847412109375,
      1,
      1763460955.7312405,
      1763460955.7334645,
      {}
    ],
    [
      8,
      null,
      327741615,
      null,
      0.8161380861090303,
      0.000446319580078125,
      1,
      1763460955.745665,
      1763460955.7480075,
      {}
    ],
    [
      9,
      null,
      327741615,
      null,
      0.8161380861090303,
      0.00033402442932128906,
      1,
      1763460955.7586033,
      1763460955.7608886,
      {}
    ],
    [
      10,
      null,
      327741615,
      null,
      0.8161380861090303,
      0.0005819797515869141,
      1,
      1763460959.4362204,
      1763460959.438845,
      {}
    ],
    [
      11,
      null,
      327741615,
      null,
      0.8161380861090303,
      0.00033354759216308594,
      1,
      1763460959.4505038,
      1763460959.4527357,
      {}
    ],
    [
      12,
      null,
      327741615,
      null,
      0.8161380861090303,
      0.000347137451171875,
      1,
      1763460959.4644208,
      1763460959.4666567,
      {}
    ]
  ],
  "configs": {
    "1": {
      "Age": 63.47048497572541,
      "BankruptcyHistory": 0.9315990591421723,
      "BaseInterestRate": 0.349816620964691,
      "CheckingAccountBalance": 17181.30942492932,
      "CreditCardUtilizationRate": 0.6046228284181409,
      "CreditScore": 389.4884465467185,
      "DebtToIncomeRatio": 0.12641123080027034,
      "InterestRate": 0.39188395128813003,
      "JobTenure": 10.484473422169685,
      "LengthOfCreditHistory": 18.70614856109023,
      "LoanApproved": 0.5781455244868994,
      "MonthlyDebtPayments": 1737.8952425140887,
      "MonthlyIncome": 13374.622374540195,
      "MonthlyLoanPayment": 7928.713567918112,
      "NetWorth": 28808.44731682539,
      "NumberOfCreditInquiries": 0.6998453931882977,
      "NumberOfDependents": 2.6246920321136713,
      "NumberOfOpenCreditLines": 6.316000818274915,
      "PaymentHistory": 29.199273464269936,
      "PreviousLoanDefaults": 0.5282828621566296,
      "SavingsAccountBalance": 177909.68621726334,
      "TotalAssets": 91572.26547680236,
      "TotalDebtToIncomeRatio": 3.9986510455113873,
      "TotalLiabilities": 766223.4978484344,
      "UtilityBillsPaymentHistory": 0.4140443617026418,
      "applicationDate": 20066666.872010868,
      "educationLevel": "Bachelor",
      "employmentStatus": "Unemployed",
      "homeOwnershipStatus": "Mortgage",
      "loanPurpose": "Education",
      "maritalStatus": "Divorced"
    },
    "2": {
      "Age": 22.731113941185345,
      "BankruptcyHistory": 0.7799187922401146,
      "BaseInterestRate": 0.2506319731815819,
      "CheckingAccountBalance": 38040.6481646603,
      "CreditCardUtilizationRate": 0.8972095477330483,
      "CreditScore": 541.7049761814501,
      "DebtToIncomeRatio": 0.45299537362123765,
      "InterestRate": 0.137337043108536,
      "JobTenure": 4.295023681629939,
      "LengthOfCreditHistory": 14.996710023115678,
      "LoanApproved": 0.6792299961209405,
      "MonthlyDebtPayments": 2355.927294583453,
      "MonthlyIncome": 10297.351912277787,
      "MonthlyLoanPayment": 808.8525751794807,
      "NetWorth": 750814.7836840553,
      "NumberOfCreditInquiries": 6.367154694037295,
      "NumberOfDependents": 1.0669267678995775,
      "NumberOfOpenCreditLines": 5.877611503629881,
      "PaymentHistory": 42.4546227284938,
      "PreviousLoanDefaults": 0.024899227550348013,
      "SavingsAccountBalance": 120192.39227550394,
      "TotalAssets": 2489089.5210882295,
      "TotalDebtToIncomeRatio": 1.0827171587441695,
      "TotalLiabilities": 777543.8212631085,
      "UtilityBillsPaymentHistory": 0.9321668840221494,
      "applicationDate": 19822089.232775364,
      "educationLevel": "Master",
      "employmentStatus": "Unemployed",
      "homeOwnershipStatus": "Other",
      "loanPurpose": "Education",
      "maritalStatus": "Divorced"
    },
    "3": {
      "Age": 61.92240389119947,
      "BankruptcyHistory": 0.7430026066058973,
      "BaseInterestRate": 0.3997228097311507,
      "CheckingAccountBalance": 35678.16991476035,
      "CreditCardUtilizationRate": 0.3568770958452962,
      "CreditScore": 470.76386099738716,
      "DebtToIncomeRatio": 0.657758096131321,
      "InterestRate": 0.26057084955872317,
      "JobTenure": 2.891604066861215,
      "LengthOfCreditHistory": 14.663992183873836,
      "LoanApproved": 0.8247875877504897,
      "MonthlyDebtPayments": 443.65997669578604,
      "MonthlyIncome": 7847.615346599396,
      "MonthlyLoanPayment": 7444.352520538623,
      "NetWorth": 2494291.7654371136,
      "NumberOfCreditInquiries": 0.2542158715299689,
      "NumberOfDependents": 1.1088761866135228,
      "NumberOfOpenCreditLines": 5.947913028163574,
      "PaymentHistory": 22.534513076263057,
      "PreviousLoanDefaults": 0.3415705899740261,
      "SavingsAccountBalance": 155221.32221806917,
      "TotalAssets": 383124.71499239776,
      "TotalDebtToIncomeRatio": 0.15038618879721768,
      "TotalLiabilities": 86228.89100966702,
      "UtilityBillsPaymentHistory": 0.38058755644746406,
      "applicationDate": 19766056.557409037,
      "educationLevel": "Doctorate",
      "employmentStatus": "Unemployed",
      "homeOwnershipStatus": "Own",
      "loanPurpose": "Other",
      "maritalStatus": "Divorced"
    },
    "4": {
      "Age": 75.1511074466868,
      "BankruptcyHistory": 0.9647718237337888,
      "BaseInterestRate": 0.2288426482233207,
      "CheckingAccountBalance": 51355.81382643596,
      "CreditCardUtilizationRate": 0.5583398073392043,
      "CreditScore": 446.5275146036749,
      "DebtToIncomeRatio": 0.11605961647637128,
      "InterestRate": 0.33002353030829445,
      "JobTenure": 13.479626329422238,
      "LengthOfCreditHistory": 6.327078816505612,
      "LoanApproved": 0.40164371400034493,
      "MonthlyDebtPayments": 375.5970692164344,
      "MonthlyIncome": 4820.663241009214,
      "MonthlyLoanPayment": 6507.758821946875,
      "NetWorth": 1490716.2788733903,
      "NumberOfCreditInquiries": 1.8694049882939847,
      "NumberOfDependents": 0.19809094664375693,
      "NumberOfOpenCreditLines": 12.943325327947763,
      "PaymentHistory": 12.455160250849735,
      "PreviousLoanDefaults": 0.2286673284983567,
      "SavingsAccountBalance": 150309.92356477777,
      "TotalAssets": 2211379.4682952,
      "TotalDebtToIncomeRatio": 3.6660475239075576,
      "TotalLiabilities": 844635.4197492127,
      "UtilityBillsPaymentHistory": 0.4866230321135786,
      "applicationDate": 20190714.662738066,
      "educationLevel": "Doctorate",
      "employmentStatus": "Unemployed",
      "homeOwnershipStatus": "Mortgage",
      "loanPurpose": "Home",
      "maritalStatus": "Widowed"
    },