{
  "stats": {
    "submitted": 18,
    "finished": 18,
    "running": 0
  },
  "data": [
    [
      1,
      null,
      774252441,
      null,
      0.3717973302624139,
      0.009081363677978516,
      1,
      1763450102.5894558,
      1763450102.6000865,
      {}
    ],
    [
      2,
      null,
      774252441,
      null,
      0.3858600699446838,
      0.0030586719512939453,
      1,
      1763450102.6170955,
      1763450102.6215267,
      {}
    ],
    [
      3,
      null,
      774252441,
      null,
      0.48163666831713337,
      0.0013773441314697266,
      1,
      1763450102.6267047,
      1763450102.6316874,
      {}
    ],
    [
      4,
      null,
      774252441,
      null,
      0.35173233290785333,
      0.0014972686767578125,
      1,
      1763450104.1495044,
      1763450104.1522288,
      {}
    ],
    [
      5,
      null,
      774252441,
      null,
      0.40067741483771313,
      0.0012536048889160156,
      1,
      1763450104.1573663,
      1763450104.1596563,
      {}
    ],
    [
      6,
      null,
      774252441,
      null,
      0.3153438737074341,
      0.0007517337799072266,
      1,
      1763450104.16418,
      1763450104.165928,
      {}
    ],
    [
      7,
      null,
      774252441,
      null,
      0.2725128308851186,
      0.002711057662963867,
      1,
      1763450104.1721296,
      1763450104.1760936,
      {}
    ],
    [
      8,
      null,
      774252441,
      null,
      0.25742144499217656,
      0.0013968944549560547,
      1,
      1763450104.1838117,
      1763450104.1871746,
      {}
    ],
    [
      9,
      null,
      774252441,
      null,
      0.4956149781673107,
      0.001171112060546875,
      1,
      1763450104.19516,
      1763450104.1977205,
      {}
    ],
    [
      10,
      null,
      774252441,
      null,
      0.25162101519998104,
      0.0013570785522460938,
      1,
      1763450106.0281262,
      1763450106.0306966,
      {}
    ],
    [
      11,
      null,
      774252441,
      null,
      0.2282415745419688,
      0.0007388591766357422,
      1,
      1763450106.0384994,
      1763450106.0403526,
      {}
    ],
    [
      12,
      null,
      774252441,
      null,
      0.3108959178137777,
      0.0007572174072265625,
      1,
      1763450106.046439,
      1763450106.0483255,
      {}
    ],
    [
      13,
      null,
      774252441,
      null,
      0.17166645408034076,
      0.000988006591796875,
      1,
      1763450106.0546236,
      1763450106.056799,
      {}
    ],
    [
      14,
      null,
      774252441,
      null,
      0.19949427487488136,
      0.001100778579711914,
      1,
      1763450106.0648887,
      1763450106.0671341,
      {}
    ],
    [
      15,
      null,
      774252441,
      null,
      0.19949427487488136,
      0.0006473064422607422,
      1,
      1763450106.073688,
      1763450106.0754755,
      {}
    ],
    [
      16,
      null,
      774252441,
      null,
      0.3626525015853932,
      0.0012049674987792969,
      1,
      1763450106.082148,
      1763450106.085651,
      {}
    ],
    [
      17,
      null,
      774252441,
      null,
      0.4648195618196027,
      0.0006954669952392578,
      1,
      1763450106.0927885,
      1763450106.0945168,
      {}
    ],
    [
      18,
      null,
      774252441,
      null,
      0.14730523369938198,
      0.0009343624114990234,
      1,
      1763450106.1143892,
      1763450106.1165173,
      {}
    ]
  ],
  "configs": {
    "1": {
      "Criticality": 0.6185086857661348,
      "Criticality Modifier": 0.465993096249574,
      "Culture": 0.9176491809624404,
      "Dynamism": 0.01917740594331991,
      "Initial Known": 0.7649220161892377,
      "Inter-Dependency": 0.5805785821079168,
      "Plan": 0.21179258800543777,
      "Size": 0.12355066886937416,
      "Team Size": 0.009220069956088615
    },
    "2": {
      "Criticality": 0.18031137932553237,
      "Criticality Modifier": 0.01948851567652105,
      "Culture": 0.4632562692310999,
      "Dynamism": 0.7249053506892823,
      "Initial Known": 0.4202540864803517,
      "Inter-Dependency": 0.4854276679918504,
      "Plan": 0.012782082206413187,
      "Size": 0.48737421083280075,
      "Team Size": 0.9417952175824204
    },
    "3": {
      "Criticality": 0.8508017820766784,
      "Criticality Modifier": 0.7299564037076471,
      "Culture": 0.1088154005719899,
      "Dynamism": 0.8938626782756472,
      "Initial Known": 0.8571529438891531,
      "Inter-Dependency": 0.1651175422710807,
      "Plan": 0.6323244776192891,
      "Size": 0.020503097229669965,
      "Team Size": 0.11679049895729073
    },
    "4": {
      "Criticality": 0.3379332320925721,
      "Criticality Modifier": 0.7419528870764504,
      "Culture": 0.7644822440207563,
      "Dynamism": 0.40495892607199596,
      "Initial Known": 0.41999003187866407,
      "Inter-Dependency": 0.21417078899272426,
      "Plan": 0.5041583150635834,
      "Size": 0.43427851198687367,
      "Team Size": 0.24218221338387835
    },
    "5": {
      "Criticality": 0.614955906974112,
      "Criticality Modifier": 0.9693966241337907,
      "Culture": 0.5724557056075327,
      "Dynamism": 0.5329406977047499,
      "Initial Known": 0.3600875894972587,
      "Inter-Dependency": 0.6756732165760091,
      "Plan": 0.3088494280975415,
      "Size": 0.6012112137609126,
      "Team Size": 0.20483931559167948
    },
    "6": {
      "Criticality": 0.5506365404214963,
      "Criticality Modifier": 0.7222689246875539,
      "Culture": 0.8189491815322952,
      "Dynamism": 0.8044546296877815,
      "Initial Known": 0.9575565034346638,
      "Inter-Dependency": 0.1768952165211031,
      "Plan": 0.35054504289463995,
      "Size": 0.6239547723260591,
      "Team Size": 0.4809866642916834
    },
    "7": {
      "Criticality": 0.1368622271312334,
      "Criticality Modifier": 0.20299763013238192,
      "Culture": 0.2663192824104319,
      "Dynamism": 0.9960730375399721,
      "Initial Known": 0.6089981124953955,
      "Inter-Dependency": 0.9609278848212947,
      "Plan": 0.467573126699582,
      "Size": 0.9860473055879876,
      "Team Size": 0.9848771018883542
    },
    "8": {
      "Criticality": 0.5581849968508339,
      "Criticality Modifier": 0.7836122786328501,
      "Culture": 0.6293471931985853,
      "Dynamism": 0.2068276055307502,
      "Initial Known": 0.7752861167648779,
      "Inter-Dependency": 0.9761825938660315,
      "Plan": 0.41360889656301475,
      "Size": 0.850076959722927,
      "Team Size": 0.8190367377691212
    },
    "9": {
      "Criticality": 0.532757261065718,
      "Criticality Modifier": 0.2735841613447109,
      "Culture": 0.934599331522773,
      "Dynamism": 0.2924520776577945,
      "Initial Known": 0.640483498887338,
      "Inter-Dependency": 0.9947093112618364,
      "Plan": 0.028134264154129517,
      "Size": 0.016223046783444373,
      "Team Size": 0.1391603897698447
    },
    "10": {
      "Criticality": 0.32561768487987786,
      "Criticality Modifier": 0.3690452256232828,
      "Culture": 0.08418183009444784,
      "Dynamism": 0.9581127811432814,
      "Initial Known": 0.9867498315546291,
      "Inter-Dependency": 0.8726470085459898,
      "Plan": 0.962574755243419,
      "Size": 0.9738694244704031,
      "Team Size": 0.5010680878592739
    },
    "11": {
      "Criticality": 0.17153039352890473,
      "Criticality Modifier": 0.31377078460548935,
      "Culture": 0.2557121955522469,
      "Dynamism": 0.9960730375399721,
      "Initial Known": 0.7621570506886832,
      "Inter-Dependency": 0.8946323315148261,
      "Plan": 0.43768817166347374,
      "Size": 0.9837640241572807,
      "Team Size": 0.8869347647982015
    },
    "12": {
      "Criticality": 0.26175088242681194,
      "Criticality Modifier": 0.2818086231017465,
      "Culture": 0.928038701291536,
      "Dynamism": 0.962197468835829,
      "Initial Known": 0.872401784801226,
      "Inter-Dependency": 0.9773033751217042,
      "Plan": 0.6924977042720101,