{
  "stats": {
    "submitted": 20,
    "finished": 20,
    "running": 0
  },
  "data": [
    [
      1,
      null,
      1192722770,
      null,
      0.7175937359666297,
      2.1572089195251465,
      1,
      1763062014.4945426,
      1763062016.6840403,
      {}
    ],
    [
      2,
      null,
      1192722770,
      null,
      0.6609115183910944,
      2.256091594696045,
      1,
      1763062016.6903975,
      1763062018.9817069,
      {}
    ],
    [
      3,
      null,
      1192722770,
      null,
      0.780616099602881,
      2.2337183952331543,
      1,
      1763062018.9855337,
      1763062021.2532098,
      {}
    ],
    [
      4,
      null,
      1192722770,
      null,
      0.6415329058339448,
      2.5223841667175293,
      1,
      1763062021.257363,
      1763062023.8144917,
      {}
    ],
    [
      5,
      null,
      1192722770,
      null,
      0.7905765971194227,
      2.341033935546875,
      1,
      1763062023.8192773,
      1763062026.2080371,
      {}
    ],
    [
      6,
      null,
      1192722770,
      null,
      0.7994222873247631,
      2.1785569190979004,
      1,
      1763062026.2115026,
      1763062028.4318671,
      {}
    ],
    [
      7,
      null,
      1192722770,
      null,
      0.7953627250223835,
      2.004143714904785,
      1,
      1763062028.4349046,
      1763062030.4722974,
      {}
    ],
    [
      8,
      null,
      1192722770,
      null,
      0.642590972647015,
      2.1001241207122803,
      1,
      1763062030.475415,
      1763062032.6077023,
      {}
    ],
    [
      9,
      null,
      1192722770,
      null,
      0.7893723936621555,
      2.034729242324829,
      1,
      1763062032.611052,
      1763062034.6815171,
      {}
    ],
    [
      10,
      null,
      1192722770,
      null,
      0.7930783966935422,
      2.357459545135498,
      1,
      1763062034.6850631,
      1763062037.0769324,
      {}
    ],
    [
      11,
      null,
      1192722770,
      null,
      0.7917270505316683,
      2.1038451194763184,
      1,
      1763062037.080748,
      1763062039.2170036,
      {}
    ],
    [
      12,
      null,
      1192722770,
      null,
      0.7842958227153959,
      2.314450740814209,
      1,
      1763062039.221867,
      1763062041.5689483,
      {}
    ],
    [
      13,
      null,
      1192722770,
      null,
      0.640127922165821,
      2.185654640197754,
      1,
      1763062041.5727487,
      1763062043.790009,
      {}
    ],
    [
      14,
      null,
      1192722770,
      null,
      0.7948086085725606,
      2.301962375640869,
      1,
      1763062043.7950037,
      1763062046.1331942,
      {}
    ],
    [
      15,
      null,
      1192722770,
      null,
      0.790823349633811,
      2.193702459335327,
      1,
      1763062046.1387029,
      1763062048.3658612,
      {}
    ],
    [
      16,
      null,
      1192722770,
      null,
      0.6881496629594627,
      2.166038990020752,
      1,
      1763062048.3698711,
      1763062050.5717194,
      {}
    ],
    [
      17,
      null,
      1192722770,
      null,
      0.7870716591475145,
      2.0846617221832275,
      1,
      1763062050.575494,
      1763062052.6921797,
      {}
    ],
    [
      18,
      null,
      1192722770,
      null,
      0.8144929292379735,
      2.102248191833496,
      1,
      1763062052.6958537,
      1763062054.829608,
      {}
    ],
    [
      19,
      null,
      1192722770,
      null,
      0.648074665898936,
      2.256103754043579,
      1,
      1763062054.8333616,
      1763062057.1219668,
      {}
    ],
    [
      20,
      null,
      1192722770,
      null,
      0.7917270505316683,
      2.22967529296875,
      1,
      1763062057.1259618,
      1763062059.3884382,
      {}
    ]
  ],
  "configs": {
    "1": {
      "row_id": "5629"
    },
    "2": {
      "row_id": "832"
    },
    "3": {
      "row_id": "4056"
    },
    "4": {
      "row_id": "8851"
    },
    "5": {
      "row_id": "8402"
    },
    "6": {
      "row_id": "3215"
    },
    "7": {
      "row_id": "1282"
    },
    "8": {
      "row_id": "6469"
    },
    "9": {
      "row_id": "7492"
    },
    "10": {
      "row_id": "2285"
    },
    "11": {
      "row_id": "2813"
    },
    "12": {
      "row_id": "8019"
    },
    "13": {
      "row_id": "9718"
    },
    "14": {
      "row_id": "4903"
    },
    "15": {
      "row_id": "586"
    },
    "16": {
      "row_id": "5402"
    },
    "17": {
      "row_id": "5273"
    },
    "18": {
      "row_id": "89"
    },
    "19": {
      "row_id": "4405"
    },
    "20": {
      "row_id": "9590"
    }
  },
  "config_origins": {
    "1": "Initial Design: Sobol",
    "2": "Initial Design: Sobol",
    "3": "Initial Design: Sobol",
    "4": "Initial Design: Sobol",
    "5": "Initial Design: Sobol",
    "6": "Initial Design: Sobol",
    "7": "Initial Design: Sobol",
    "8": "Initial Design: Sobol",
    "9": "Initial Design: Sobol",
    "10": "Initial Design: Sobol",
    "11": "Initial Design: Sobol",
    "12": "Initial Design: Sobol",
    "13": "Initial Design: Sobol",
    "14": "Initial Design: Sobol",
    "15": "Initial Design: Sobol",
    "16": "Initial Design: Sobol",
    "17": "Initial Design: Sobol",
    "18": "Initial Design: Sobol",
    "19": "Initial Design: Sobol",
    "20": "Initial Design: Sobol"
  }
}