{
  "incumbent_ids": [
    8
  ],
  "rejected_config_ids": [
    1,
    3,
    4,
    5,
    6,
    2,
    7,
    9,
    10,
    11,
    12,
    13,
    14,
    15,
    16,
    17,
    18
  ],
  "incumbents_changed": 4,
  "trajectory": [
    {
      "config_ids": [
        1
      ],
      "costs": [
        0.67456092491287
      ],
      "trial": 1,
      "walltime": 0.013570070266723633
    },
    {
      "config_ids": [
        2
      ],
      "costs": [
        0.6675494616910939
      ],
      "trial": 2,
      "walltime": 0.04345440864562988
    },
    {
      "config_ids": [
        7
      ],
      "costs": [
        0.646977675753459
      ],
      "trial": 7,
      "walltime": 4.905184745788574
    },
    {
      "config_ids": [
        8
      ],
      "costs": [
        0.6435107601466886
      ],
      "trial": 8,
      "walltime": 4.923956394195557
    }
  ],
  "state": {
    "queue": [
      [
        18,
        1
      ]
    ]
  }
}