{
  "incumbent_ids": [
    2
  ],
  "rejected_config_ids": [
    1,
    3,
    4,
    5,
    6
  ],
  "incumbents_changed": 2,
  "trajectory": [
    {
      "config_ids": [
        1
      ],
      "costs": [
        0.3947125362323498
      ],
      "trial": 1,
      "walltime": 0.015974044799804688
    },
    {
      "config_ids": [
        2
      ],
      "costs": [
        0.2114546376673777
      ],
      "trial": 2,
      "walltime": 3.7727928161621094
    }
  ],
  "state": {
    "queue": [
      [
        6,
        1
      ]
    ]
  }
}