{'Clndrs': 4, 'Volume': 85, 'HpX': 65, 'Model': 81}, {'Clndrs': 4, 'Volume': 85, 'HpX': 65, 'Model': 80}, {'Clndrs': 4, 'Volume': 97, 'HpX': 52, 'Model': 82}, {'Clndrs': 4, 'Volume': 90, 'HpX': 48, 'Model': 80}, {'Clndrs': 4, 'Volume': 71, 'HpX': 65, 'Model': 71}, {'Clndrs': 4, 'Volume': 72, 'HpX': 69, 'Model': 71}, {'Clndrs': 4, 'Volume': 85, 'HpX': '?', 'Model': 80}, {'Clndrs': 4, 'Volume': 90, 'HpX': 48, 'Model': 80}, {'Clndrs': 4, 'Volume': 90, 'HpX': 48, 'Model': 78}, {'Clndrs': 4, 'Volume': 85, 'HpX': 65, 'Model': 81}, {'Clndrs': 4, 'Volume': 85, 'HpX': 65, 'Model': 81}, {'Clndrs': 4, 'Volume': 86, 'HpX': 65, 'Model': 80}, {'Clndrs': 4, 'Volume': 85, 'HpX': 52, 'Model': 76}, {'Clndrs': 4, 'Volume': 79, 'HpX': 58, 'Model': 77}, {'Clndrs': 4, 'Volume': 97, 'HpX': 46, 'Model': 70}, {'Clndrs': 4, 'Volume': 90, 'HpX': 48, 'Model': 80}, {'Clndrs': 4, 'Volume': 90, 'HpX': 48, 'Model': 78}, {'Clndrs': 4, 'Volume': 97, 'HpX': 52, 'Model': 82}, {'Clndrs': 4, 'Volume': 89, 'HpX': 60, 'Model': 80}, {'Clndrs': 4, 'Volume': 91, 'HpX': 68, 'Model': 82}
0.24245318422143292, 0.25394722064135844, 0.16745989117220034, 0.19034346404804608, 0.35177988622057615, 0.27467083302654305, 0.2976352869025819, 0.1953271683565468, 0.19339815732352833, 0.24245318422143292, 0.24245318422143292, 0.2506941602784139, 0.30998225385304745, 0.25968512058991117, 0.32632981473563644, 0.19034346404804608, 0.19339815732352833, 0.16745989117220034, 0.25831625843393935, 0.27717746903880663
0.01284027099609375, 0.008561134338378906, 0.011512517929077148, 0.008760452270507812, 0.011114835739135742, 0.009529829025268555, 0.009939432144165039, 0.006154298782348633, 0.007983684539794922, 0.008057594299316406, 0.007772922515869141, 0.008351564407348633, 0.00899648666381836, 0.009953975677490234, 0.00898885726928711, 0.008889198303222656, 0.009435415267944336, 0.011408329010009766, 0.007237672805786133, 0.00681304931640625