{'Clndrs': 4, 'Volume': 85, 'HpX': 65, 'Model': 81}, {'Clndrs': 4, 'Volume': 90, 'HpX': 48, 'Model': 78}, {'Clndrs': 4, 'Volume': 90, 'HpX': 48, 'Model': 80}, {'Clndrs': 4, 'Volume': 85, 'HpX': '?', 'Model': 80}, {'Clndrs': 4, 'Volume': 85, 'HpX': 65, 'Model': 80}, {'Clndrs': 4, 'Volume': 90, 'HpX': 48, 'Model': 78}, {'Clndrs': 4, 'Volume': 71, 'HpX': 65, 'Model': 71}, {'Clndrs': 4, 'Volume': 85, 'HpX': 65, 'Model': 80}, {'Clndrs': 4, 'Volume': 90, 'HpX': 48, 'Model': 78}, {'Clndrs': 4, 'Volume': 91, 'HpX': 60, 'Model': 78}, {'Clndrs': 4, 'Volume': 90, 'HpX': 48, 'Model': 80}, {'Clndrs': 4, 'Volume': 85, 'HpX': 65, 'Model': 80}, {'Clndrs': 4, 'Volume': 86, 'HpX': 65, 'Model': 80}, {'Clndrs': 4, 'Volume': 97, 'HpX': 46, 'Model': 70}, {'Clndrs': 4, 'Volume': 86, 'HpX': 65, 'Model': 80}, {'Clndrs': 4, 'Volume': 90, 'HpX': 48, 'Model': 80}, {'Clndrs': 5, 'Volume': 121, 'HpX': 67, 'Model': 80}, {'Clndrs': 4, 'Volume': 97, 'HpX': 60, 'Model': 71}, {'Clndrs': 4, 'Volume': 105, 'HpX': 63, 'Model': 82}, {'Clndrs': 4, 'Volume': 86, 'HpX': 65, 'Model': 80}
0.24245318422143292, 0.19339815732352833, 0.1953271683565468, 0.2976352869025819, 0.25394722064135844, 0.19339815732352833, 0.35177988622057615, 0.25394722064135844, 0.19339815732352833, 0.3241969946908646, 0.19034346404804608, 0.25394722064135844, 0.2506941602784139, 0.32632981473563644, 0.2506941602784139, 0.19034346404804608, 0.3115915232512853, 0.3526639350885194, 0.38514201560003136, 0.2506941602784139
0.009500741958618164, 0.005322694778442383, 0.009060859680175781, 0.004990577697753906, 0.005100250244140625, 0.006034135818481445, 0.005612850189208984, 0.0058596134185791016, 0.005799293518066406, 0.007840394973754883, 0.0050127506256103516, 0.005261898040771484, 0.00512242317199707, 0.005278348922729492, 0.0045397281646728516, 0.004935503005981445, 0.005130767822265625, 0.010453462600708008, 0.0052356719970703125, 0.006057024002075195