{'Spout_wait': 10, 'Spliters': 4, 'Counters': 18}, {'Spout_wait': 3, 'Spliters': 6, 'Counters': 17}, {'Spout_wait': 2, 'Spliters': 4, 'Counters': 15}, {'Spout_wait': 10, 'Spliters': 5, 'Counters': 16}, {'Spout_wait': 8, 'Spliters': 6, 'Counters': 18}, {'Spout_wait': 10, 'Spliters': 6, 'Counters': 18}, {'Spout_wait': 1, 'Spliters': 4, 'Counters': 17}, {'Spout_wait': 8, 'Spliters': 6, 'Counters': 17}, {'Spout_wait': 2, 'Spliters': 6, 'Counters': 17}, {'Spout_wait': 9, 'Spliters': 3, 'Counters': 16}, {'Spout_wait': 100, 'Spliters': 5, 'Counters': 15}, {'Spout_wait': 100, 'Spliters': 3, 'Counters': 17}, {'Spout_wait': 10, 'Spliters': 5, 'Counters': 17}, {'Spout_wait': 5, 'Spliters': 3, 'Counters': 17}, {'Spout_wait': 5, 'Spliters': 4, 'Counters': 17}, {'Spout_wait': 6, 'Spliters': 5, 'Counters': 17}, {'Spout_wait': 10, 'Spliters': 6, 'Counters': 16}, {'Spout_wait': 6, 'Spliters': 3, 'Counters': 12}, {'Spout_wait': 10, 'Spliters': 6, 'Counters': 17}, {'Spout_wait': 10, 'Spliters': 6, 'Counters': 17}
0.05677465215899003, 0.03156592076918641, 0.09251676906793761, 0.08494804826290844, 0.023408920605627135, 0.02951134749036736, 0.09871254034898884, 0.006111178207122468, 0.0382641562686961, 0.06610529136170164, 0.0723502337251269, 0.0736218335355585, 0.019199269545525532, 0.021277644326842485, 0.04594440035556532, 0.05097415907938238, 0.06216759832061322, 0.11489317762171088, 0.0007473637588413625, 0.0007473637588413625
0.011490345001220703, 0.008318901062011719, 0.008571147918701172, 0.009112358093261719, 0.007521867752075195, 0.010257959365844727, 0.007979393005371094, 0.006975412368774414, 0.007206439971923828, 0.010842084884643555, 0.007639884948730469, 0.00736236572265625, 0.007215738296508789, 0.006731748580932617, 0.009338855743408203, 0.008995771408081055, 0.007559537887573242, 0.008045673370361328, 0.00995182991027832, 0.010711431503295898