{'Spout_wait': 10, 'Spliters': 6, 'Counters': 17}, {'Spout_wait': 10, 'Spliters': 6, 'Counters': 17}, {'Spout_wait': 10, 'Spliters': 6, 'Counters': 17}, {'Spout_wait': 10, 'Spliters': 6, 'Counters': 17}, {'Spout_wait': 10, 'Spliters': 6, 'Counters': 17}, {'Spout_wait': 10, 'Spliters': 6, 'Counters': 17}, {'Spout_wait': 10, 'Spliters': 6, 'Counters': 17}, {'Spout_wait': 10, 'Spliters': 6, 'Counters': 17}, {'Spout_wait': 10, 'Spliters': 6, 'Counters': 17}, {'Spout_wait': 10, 'Spliters': 6, 'Counters': 17}, {'Spout_wait': 10, 'Spliters': 6, 'Counters': 17}, {'Spout_wait': 10, 'Spliters': 6, 'Counters': 17}, {'Spout_wait': 10, 'Spliters': 6, 'Counters': 17}, {'Spout_wait': 10, 'Spliters': 6, 'Counters': 17}, {'Spout_wait': 10, 'Spliters': 6, 'Counters': 17}, {'Spout_wait': 10, 'Spliters': 6, 'Counters': 17}, {'Spout_wait': 10, 'Spliters': 6, 'Counters': 17}, {'Spout_wait': 10, 'Spliters': 6, 'Counters': 17}, {'Spout_wait': 10, 'Spliters': 6, 'Counters': 17}, {'Spout_wait': 10, 'Spliters': 6, 'Counters': 17}
0.0007473637588413625, 0.0007473637588413625, 0.0007473637588413625, 0.0007473637588413625, 0.0007473637588413625, 0.0007473637588413625, 0.0007473637588413625, 0.0007473637588413625, 0.0007473637588413625, 0.0007473637588413625, 0.0007473637588413625, 0.0007473637588413625, 0.0007473637588413625, 0.0007473637588413625, 0.0007473637588413625, 0.0007473637588413625, 0.0007473637588413625, 0.0007473637588413625, 0.0007473637588413625, 0.0007473637588413625
0.06337308883666992, 0.062200307846069336, 0.05638265609741211, 0.06359672546386719, 0.06495523452758789, 0.04240250587463379, 0.06674027442932129, 0.06675410270690918, 0.06323885917663574, 0.05770277976989746, 0.057501792907714844, 0.05504179000854492, 0.05819845199584961, 0.06416082382202148, 0.062361717224121094, 0.061226606369018555, 0.06155276298522949, 0.05911731719970703, 0.06320452690124512, 0.06061363220214844