{'Spout_wait': 10, 'Spliters': 6, 'Counters': 17}, {'Spout_wait': 10, 'Spliters': 6, 'Counters': 17}, {'Spout_wait': 10, 'Spliters': 6, 'Counters': 17}, {'Spout_wait': 10, 'Spliters': 6, 'Counters': 17}, {'Spout_wait': 10, 'Spliters': 6, 'Counters': 17}, {'Spout_wait': 10, 'Spliters': 6, 'Counters': 17}, {'Spout_wait': 9, 'Spliters': 6, 'Counters': 17}, {'Spout_wait': 8, 'Spliters': 6, 'Counters': 17}, {'Spout_wait': 8, 'Spliters': 6, 'Counters': 17}, {'Spout_wait': 8, 'Spliters': 6, 'Counters': 17}, {'Spout_wait': 10, 'Spliters': 6, 'Counters': 17}, {'Spout_wait': 10, 'Spliters': 6, 'Counters': 17}, {'Spout_wait': 10, 'Spliters': 6, 'Counters': 17}, {'Spout_wait': 9, 'Spliters': 6, 'Counters': 18}, {'Spout_wait': 8, 'Spliters': 6, 'Counters': 17}, {'Spout_wait': 10, 'Spliters': 6, 'Counters': 17}, {'Spout_wait': 10, 'Spliters': 6, 'Counters': 17}, {'Spout_wait': 9, 'Spliters': 6, 'Counters': 17}, {'Spout_wait': 10, 'Spliters': 6, 'Counters': 17}, {'Spout_wait': 10, 'Spliters': 6, 'Counters': 17}
0.0007473637588413625, 0.0007473637588413625, 0.0007473637588413625, 0.0007473637588413625, 0.0007473637588413625, 0.0007473637588413625, 0.008586239120553875, 0.006111178207122468, 0.006111178207122468, 0.006111178207122468, 0.0007473637588413625, 0.0007473637588413625, 0.0007473637588413625, 0.03142005946668363, 0.006111178207122468, 0.0007473637588413625, 0.0007473637588413625, 0.008586239120553875, 0.0007473637588413625, 0.0007473637588413625
0.02741384506225586, 0.025993824005126953, 0.025120258331298828, 0.02283954620361328, 0.02615976333618164, 0.025796890258789062, 0.020374059677124023, 0.022193431854248047, 0.021394729614257812, 0.024190187454223633, 0.025885343551635742, 0.022796630859375, 0.022757291793823242, 0.01862955093383789, 0.02141737937927246, 0.02880716323852539, 0.023508071899414062, 0.026153087615966797, 0.02576136589050293, 0.027948856353759766