{'Spout_wait': 1, 'Spliters': 6, 'Counters': 15}, {'Spout_wait': 3, 'Spliters': 6, 'Counters': 13}, {'Spout_wait': 5, 'Spliters': 6, 'Counters': 16}, {'Spout_wait': 2, 'Spliters': 3, 'Counters': 16}, {'Spout_wait': 4, 'Spliters': 5, 'Counters': 15}, {'Spout_wait': 5, 'Spliters': 5, 'Counters': 17}, {'Spout_wait': 5, 'Spliters': 6, 'Counters': 16}, {'Spout_wait': 1, 'Spliters': 6, 'Counters': 15}, {'Spout_wait': 6, 'Spliters': 4, 'Counters': 15}, {'Spout_wait': 5, 'Spliters': 6, 'Counters': 16}, {'Spout_wait': 5, 'Spliters': 6, 'Counters': 16}, {'Spout_wait': 5, 'Spliters': 6, 'Counters': 14}, {'Spout_wait': 5, 'Spliters': 6, 'Counters': 14}, {'Spout_wait': 5, 'Spliters': 4, 'Counters': 1}, {'Spout_wait': 6, 'Spliters': 6, 'Counters': 10}, {'Spout_wait': 6, 'Spliters': 5, 'Counters': 16}, {'Spout_wait': 2, 'Spliters': 5, 'Counters': 14}, {'Spout_wait': 2, 'Spliters': 6, 'Counters': 18}, {'Spout_wait': 5, 'Spliters': 6, 'Counters': 14}, {'Spout_wait': 6, 'Spliters': 5, 'Counters': 16}
0.06658790750308659, 0.0605402708922686, 0.05281542808411359, 0.06682831248794603, 0.05317513139432969, 0.0679651530118872, 0.05281542808411359, 0.06658790750308659, 0.05179730875804896, 0.05281542808411359, 0.05281542808411359, 0.05053990568724741, 0.05053990568724741, 0.05485197085539079, 0.0652707997341566, 0.05874364051266883, 0.04724666887988786, 0.05658818806113299, 0.05053990568724741, 0.05874364051266883
0.018268585205078125, 0.017497777938842773, 0.014982223510742188, 0.014662981033325195, 0.012806415557861328, 0.011861085891723633, 0.017902851104736328, 0.021212100982666016, 0.015269279479980469, 0.011951446533203125, 0.015362977981567383, 0.014468193054199219, 0.012342691421508789, 0.01219487190246582, 0.01371002197265625, 0.018046140670776367, 0.013089418411254883, 0.01251673698425293, 0.024955034255981445, 0.012308120727539062