{'Spout_wait': 1, 'Spliters': 6, 'Counters': 15}, {'Spout_wait': 3, 'Spliters': 4, 'Counters': 18}, {'Spout_wait': 5, 'Spliters': 5, 'Counters': 7}, {'Spout_wait': 1, 'Spliters': 6, 'Counters': 15}, {'Spout_wait': 5, 'Spliters': 5, 'Counters': 10}, {'Spout_wait': 2, 'Spliters': 6, 'Counters': 13}, {'Spout_wait': 6, 'Spliters': 4, 'Counters': 1}, {'Spout_wait': 1, 'Spliters': 3, 'Counters': 2}, {'Spout_wait': 4, 'Spliters': 6, 'Counters': 17}, {'Spout_wait': 3, 'Spliters': 5, 'Counters': 10}, {'Spout_wait': 6, 'Spliters': 5, 'Counters': 1}, {'Spout_wait': 4, 'Spliters': 6, 'Counters': 1}, {'Spout_wait': 4, 'Spliters': 6, 'Counters': 1}, {'Spout_wait': 6, 'Spliters': 4, 'Counters': 15}, {'Spout_wait': 4, 'Spliters': 5, 'Counters': 15}, {'Spout_wait': 5, 'Spliters': 3, 'Counters': 8}, {'Spout_wait': 5, 'Spliters': 6, 'Counters': 16}, {'Spout_wait': 4, 'Spliters': 6, 'Counters': 17}, {'Spout_wait': 1, 'Spliters': 3, 'Counters': 16}, {'Spout_wait': 3, 'Spliters': 4, 'Counters': 17}
0.06658790750308659, 0.06347431254953843, 0.08539094303473091, 0.06658790750308659, 0.04293529150197436, 0.08161830138839773, 0.052875420372445255, 0.08461237592154579, 0.0784443358303175, 0.08592971583548262, 0.06185809585680525, 0.06341415770644482, 0.06341415770644482, 0.05179730875804896, 0.05317513139432969, 0.10042160333072762, 0.05281542808411359, 0.0784443358303175, 0.14059527227328483, 0.09676836675537118
0.004933595657348633, 0.004982471466064453, 0.00727534294128418, 0.003493070602416992, 0.004911899566650391, 0.003106832504272461, 0.005620718002319336, 0.004109859466552734, 0.005200624465942383, 0.003155946731567383, 0.0037088394165039062, 0.005099773406982422, 0.005102396011352539, 0.003311634063720703, 0.005144357681274414, 0.005503177642822266, 0.0049839019775390625, 0.005632638931274414, 0.005400180816650391, 0.0052869319915771484