{'Spout_wait': 4, 'Spliters': 6, 'Counters': 14}, {'Spout_wait': 3, 'Spliters': 6, 'Counters': 1}, {'Spout_wait': 1, 'Spliters': 2, 'Counters': 8}, {'Spout_wait': 6, 'Spliters': 4, 'Counters': 15}, {'Spout_wait': 5, 'Spliters': 4, 'Counters': 13}, {'Spout_wait': 2, 'Spliters': 4, 'Counters': 15}, {'Spout_wait': 5, 'Spliters': 3, 'Counters': 6}, {'Spout_wait': 4, 'Spliters': 6, 'Counters': 13}, {'Spout_wait': 2, 'Spliters': 6, 'Counters': 12}, {'Spout_wait': 5, 'Spliters': 3, 'Counters': 17}, {'Spout_wait': 1, 'Spliters': 3, 'Counters': 9}, {'Spout_wait': 2, 'Spliters': 6, 'Counters': 6}, {'Spout_wait': 6, 'Spliters': 3, 'Counters': 8}, {'Spout_wait': 1, 'Spliters': 3, 'Counters': 14}, {'Spout_wait': 5, 'Spliters': 5, 'Counters': 13}, {'Spout_wait': 6, 'Spliters': 6, 'Counters': 3}, {'Spout_wait': 5, 'Spliters': 4, 'Counters': 5}, {'Spout_wait': 4, 'Spliters': 4, 'Counters': 15}, {'Spout_wait': 2, 'Spliters': 6, 'Counters': 10}, {'Spout_wait': 2, 'Spliters': 4, 'Counters': 17}
0.0730553385560346, 0.060959206069921903, 0.17404018651390682, 0.05179730875804896, 0.09107966312515522, 0.08509157517670123, 0.14863160326619768, 0.0791632725865574, 0.10952322874726536, 0.0843131915672451, 0.15258935426603318, 0.08664886213579881, 0.10263692377604894, 0.10551108407483707, 0.0657500972303813, 0.10497251469119456, 0.07275679403201576, 0.10772632149799606, 0.11125956423142078, 0.10640922568906168
0.01199030876159668, 0.010728120803833008, 0.011671304702758789, 0.01035618782043457, 0.009323358535766602, 0.008933305740356445, 0.008996009826660156, 0.009482145309448242, 0.009739875793457031, 0.005993366241455078, 0.008236408233642578, 0.008725404739379883, 0.00956273078918457, 0.008901596069335938, 0.00918436050415039, 0.009114980697631836, 0.009440898895263672, 0.006680488586425781, 0.009362936019897461, 0.011326074600219727