{'Spout_wait': 1, 'Spliters': 6, 'Counters': 15}, {'Spout_wait': 6, 'Spliters': 4, 'Counters': 12}, {'Spout_wait': 3, 'Spliters': 5, 'Counters': 15}, {'Spout_wait': 2, 'Spliters': 5, 'Counters': 15}, {'Spout_wait': 5, 'Spliters': 6, 'Counters': 2}, {'Spout_wait': 6, 'Spliters': 4, 'Counters': 15}, {'Spout_wait': 5, 'Spliters': 5, 'Counters': 18}, {'Spout_wait': 2, 'Spliters': 6, 'Counters': 13}, {'Spout_wait': 3, 'Spliters': 6, 'Counters': 2}, {'Spout_wait': 3, 'Spliters': 5, 'Counters': 15}, {'Spout_wait': 6, 'Spliters': 5, 'Counters': 9}, {'Spout_wait': 4, 'Spliters': 6, 'Counters': 13}, {'Spout_wait': 3, 'Spliters': 5, 'Counters': 6}, {'Spout_wait': 6, 'Spliters': 6, 'Counters': 13}, {'Spout_wait': 5, 'Spliters': 6, 'Counters': 16}, {'Spout_wait': 1, 'Spliters': 6, 'Counters': 15}, {'Spout_wait': 4, 'Spliters': 6, 'Counters': 14}, {'Spout_wait': 5, 'Spliters': 5, 'Counters': 10}, {'Spout_wait': 6, 'Spliters': 6, 'Counters': 10}, {'Spout_wait': 5, 'Spliters': 6, 'Counters': 2}
0.06658790750308659, 0.06053988789959311, 0.07209710043164075, 0.08563030302365297, 0.08569007164386702, 0.05179730875804896, 0.07371393877017848, 0.08161830138839773, 0.0979656869990238, 0.07209710043164075, 0.07652877289069748, 0.0791632725865574, 0.10125941742347802, 0.08359421863765923, 0.05281542808411359, 0.06658790750308659, 0.0730553385560346, 0.04293529150197436, 0.0652707997341566, 0.08569007164386702
0.013131856918334961, 0.012035608291625977, 0.014246463775634766, 0.009374141693115234, 0.012367486953735352, 0.010250568389892578, 0.012575626373291016, 0.013758420944213867, 0.010306358337402344, 0.010288476943969727, 0.009751081466674805, 0.010340213775634766, 0.00927591323852539, 0.009841203689575195, 0.010198116302490234, 0.010006427764892578, 0.01101374626159668, 0.018946170806884766, 0.011743307113647461, 0.010380268096923828