{'Spout_wait': 5, 'Spliters': 6, 'Counters': 14}, {'Spout_wait': 2, 'Spliters': 5, 'Counters': 14}, {'Spout_wait': 6, 'Spliters': 3, 'Counters': 1}, {'Spout_wait': 5, 'Spliters': 6, 'Counters': 16}, {'Spout_wait': 5, 'Spliters': 6, 'Counters': 14}, {'Spout_wait': 2, 'Spliters': 5, 'Counters': 14}, {'Spout_wait': 3, 'Spliters': 4, 'Counters': 15}, {'Spout_wait': 5, 'Spliters': 5, 'Counters': 1}, {'Spout_wait': 5, 'Spliters': 5, 'Counters': 1}, {'Spout_wait': 5, 'Spliters': 6, 'Counters': 14}, {'Spout_wait': 5, 'Spliters': 6, 'Counters': 14}, {'Spout_wait': 5, 'Spliters': 5, 'Counters': 1}, {'Spout_wait': 5, 'Spliters': 6, 'Counters': 16}, {'Spout_wait': 5, 'Spliters': 5, 'Counters': 1}, {'Spout_wait': 5, 'Spliters': 6, 'Counters': 14}, {'Spout_wait': 5, 'Spliters': 6, 'Counters': 14}, {'Spout_wait': 5, 'Spliters': 6, 'Counters': 14}, {'Spout_wait': 5, 'Spliters': 6, 'Counters': 14}, {'Spout_wait': 5, 'Spliters': 6, 'Counters': 14}, {'Spout_wait': 5, 'Spliters': 6, 'Counters': 14}
0.05053990568724741, 0.04724666887988786, 0.042276645461945726, 0.05281542808411359, 0.05053990568724741, 0.04724666887988786, 0.05078002025795369, 4.1023799471427126e-05, 4.1023799471427126e-05, 0.05053990568724741, 0.05053990568724741, 4.1023799471427126e-05, 0.05281542808411359, 4.1023799471427126e-05, 0.05053990568724741, 0.05053990568724741, 0.05053990568724741, 0.05053990568724741, 0.05053990568724741, 0.05053990568724741
0.0678403377532959, 0.032621145248413086, 0.03263092041015625, 0.05369448661804199, 0.04376673698425293, 0.061524152755737305, 0.03829479217529297, 0.03958892822265625, 0.033112287521362305, 0.055492401123046875, 0.05772519111633301, 0.03393888473510742, 0.05323052406311035, 0.04699969291687012, 0.049712419509887695, 0.05317330360412598, 0.048745155334472656, 0.03459048271179199, 0.05872344970703125, 0.06403994560241699