{'Max_spout': 1000, 'Spliters': 6, 'Counters': 12}, {'Max_spout': 100, 'Spliters': 2, 'Counters': 12}, {'Max_spout': 100000.0, 'Spliters': 6, 'Counters': 18}, {'Max_spout': 100, 'Spliters': 6, 'Counters': 9}, {'Max_spout': 1000, 'Spliters': 6, 'Counters': 12}, {'Max_spout': 1000, 'Spliters': 2, 'Counters': 18}, {'Max_spout': 100000.0, 'Spliters': 6, 'Counters': 1}, {'Max_spout': 100000.0, 'Spliters': 6, 'Counters': 18}, {'Max_spout': 1000000.0, 'Spliters': 6, 'Counters': 9}, {'Max_spout': 1000, 'Spliters': 2, 'Counters': 18}, {'Max_spout': 1000, 'Spliters': 2, 'Counters': 15}, {'Max_spout': 100000.0, 'Spliters': 6, 'Counters': 1}, {'Max_spout': 1000, 'Spliters': 2, 'Counters': 18}, {'Max_spout': 10000, 'Spliters': 2, 'Counters': 9}, {'Max_spout': 100000.0, 'Spliters': 6, 'Counters': 18}, {'Max_spout': 10000, 'Spliters': 2, 'Counters': 12}, {'Max_spout': 1000000.0, 'Spliters': 6, 'Counters': 18}, {'Max_spout': 1000000.0, 'Spliters': 1, 'Counters': 9}, {'Max_spout': 100000.0, 'Spliters': 6, 'Counters': 1}, {'Max_spout': 1000, 'Spliters': 6, 'Counters': 12}
0.44840683633798434, 0.4509522821374016, 0.42495585890769383, 0.4878857691976324, 0.44840683633798434, 0.3773207429627526, 0.3984556230484778, 0.42495585890769383, 0.44400910161431717, 0.3773207429627526, 0.3689297604389507, 0.3984556230484778, 0.3773207429627526, 0.4083252000894198, 0.42495585890769383, 0.3482003422813653, 0.4445995944743984, 0.32012653299473015, 0.3984556230484778, 0.44840683633798434
0.025736570358276367, 0.01842808723449707, 0.028308629989624023, 0.014491081237792969, 0.02074408531188965, 0.013314485549926758, 0.010107755661010742, 0.026209592819213867, 0.022422075271606445, 0.022859573364257812, 0.024200439453125, 0.023264169692993164, 0.028423070907592773, 0.01209402084350586, 0.018385648727416992, 0.020627260208129883, 0.022290468215942383, 0.02869701385498047, 0.019076108932495117, 0.020440340042114258