{'Max_spout': 1000000.0, 'Spliters': 2, 'Counters': 18}, {'Max_spout': 1000000.0, 'Spliters': 2, 'Counters': 18}, {'Max_spout': 1000, 'Spliters': 2, 'Counters': 15}, {'Max_spout': 1000000.0, 'Spliters': 6, 'Counters': 1}, {'Max_spout': 100, 'Spliters': 2, 'Counters': 9}, {'Max_spout': 1000000.0, 'Spliters': 2, 'Counters': 18}, {'Max_spout': 100000.0, 'Spliters': 1, 'Counters': 9}, {'Max_spout': 10000, 'Spliters': 2, 'Counters': 15}, {'Max_spout': 10000, 'Spliters': 2, 'Counters': 6}, {'Max_spout': 1000000.0, 'Spliters': 2, 'Counters': 18}, {'Max_spout': 1000000.0, 'Spliters': 2, 'Counters': 18}, {'Max_spout': 1000, 'Spliters': 2, 'Counters': 18}, {'Max_spout': 1000, 'Spliters': 2, 'Counters': 15}, {'Max_spout': 10000, 'Spliters': 2, 'Counters': 12}, {'Max_spout': 1000, 'Spliters': 2, 'Counters': 15}, {'Max_spout': 10000, 'Spliters': 2, 'Counters': 18}, {'Max_spout': 1000000.0, 'Spliters': 2, 'Counters': 18}, {'Max_spout': 1000000.0, 'Spliters': 2, 'Counters': 18}, {'Max_spout': 1000, 'Spliters': 2, 'Counters': 15}, {'Max_spout': 100, 'Spliters': 2, 'Counters': 12}
0.3164259069728935, 0.3164259069728935, 0.3689297604389507, 0.4035768335983531, 0.467081405965204, 0.3164259069728935, 0.3516674107597572, 0.373962536937878, 0.4166887504479434, 0.3164259069728935, 0.3164259069728935, 0.3773207429627526, 0.3689297604389507, 0.3482003422813653, 0.3689297604389507, 0.388030736785339, 0.3164259069728935, 0.3164259069728935, 0.3689297604389507, 0.4509522821374016
0.01593017578125, 0.01253509521484375, 0.010954618453979492, 0.01840043067932129, 0.013823509216308594, 0.010665178298950195, 0.009696483612060547, 0.011883974075317383, 0.010292530059814453, 0.018424272537231445, 0.015851259231567383, 0.011391401290893555, 0.014722347259521484, 0.011315107345581055, 0.011428117752075195, 0.012757301330566406, 0.021485328674316406, 0.014738798141479492, 0.011118650436401367, 0.014250040054321289