{'Max_spout': 100000.0, 'Spliters': 6, 'Counters': 12}, {'Max_spout': 10000, 'Spliters': 6, 'Counters': 6}, {'Max_spout': 1000, 'Spliters': 2, 'Counters': 15}, {'Max_spout': 1000, 'Spliters': 2, 'Counters': 12}, {'Max_spout': 1000, 'Spliters': 2, 'Counters': 15}, {'Max_spout': 1000, 'Spliters': 2, 'Counters': 15}, {'Max_spout': 100000.0, 'Spliters': 6, 'Counters': 12}, {'Max_spout': 1000, 'Spliters': 2, 'Counters': 3}, {'Max_spout': 100000.0, 'Spliters': 6, 'Counters': 18}, {'Max_spout': 1000, 'Spliters': 2, 'Counters': 6}, {'Max_spout': 1000, 'Spliters': 2, 'Counters': 18}, {'Max_spout': 1000000.0, 'Spliters': 6, 'Counters': 1}, {'Max_spout': 100, 'Spliters': 2, 'Counters': 18}, {'Max_spout': 100000.0, 'Spliters': 6, 'Counters': 1}, {'Max_spout': 1000, 'Spliters': 2, 'Counters': 15}, {'Max_spout': 100000.0, 'Spliters': 2, 'Counters': 15}, {'Max_spout': 10, 'Spliters': 2, 'Counters': 12}, {'Max_spout': 1000000.0, 'Spliters': 6, 'Counters': 1}, {'Max_spout': 100000.0, 'Spliters': 6, 'Counters': 18}, {'Max_spout': 1000, 'Spliters': 6, 'Counters': 15}
0.45165826904553846, 0.447705059142028, 0.3689297604389507, 0.38207560321211176, 0.3689297604389507, 0.3689297604389507, 0.45165826904553846, 0.4976484988611444, 0.42495585890769383, 0.4574555529336537, 0.3773207429627526, 0.4035768335983531, 0.4601885108158377, 0.3984556230484778, 0.3689297604389507, 0.42412389951739193, 0.5211384344827727, 0.4035768335983531, 0.42495585890769383, 0.4571280174086521
0.020297765731811523, 0.010768890380859375, 0.012266159057617188, 0.01099252700805664, 0.01171565055847168, 0.010245323181152344, 0.01095438003540039, 0.010764360427856445, 0.010500669479370117, 0.012224912643432617, 0.010848283767700195, 0.010597944259643555, 0.007231473922729492, 0.009996891021728516, 0.00764775276184082, 0.009600400924682617, 0.009612083435058594, 0.0071065425872802734, 0.008405923843383789, 0.007948160171508789