{'Max_spout': 100000.0, 'Spliters': 6, 'Counters': 12}, {'Max_spout': 1000, 'Spliters': 2, 'Counters': 9}, {'Max_spout': 1000, 'Spliters': 6, 'Counters': 6}, {'Max_spout': 10000, 'Spliters': 3, 'Counters': 15}, {'Max_spout': 1000, 'Spliters': 6, 'Counters': 12}, {'Max_spout': 100, 'Spliters': 6, 'Counters': 9}, {'Max_spout': 10000, 'Spliters': 3, 'Counters': 18}, {'Max_spout': 100, 'Spliters': 1, 'Counters': 18}, {'Max_spout': 1000, 'Spliters': 6, 'Counters': 12}, {'Max_spout': 100000.0, 'Spliters': 6, 'Counters': 12}, {'Max_spout': 1000, 'Spliters': 6, 'Counters': 18}, {'Max_spout': 1000000.0, 'Spliters': 6, 'Counters': 12}, {'Max_spout': 100, 'Spliters': 2, 'Counters': 12}, {'Max_spout': 100, 'Spliters': 2, 'Counters': 18}, {'Max_spout': 1000, 'Spliters': 6, 'Counters': 12}, {'Max_spout': 10000, 'Spliters': 6, 'Counters': 6}, {'Max_spout': 1000, 'Spliters': 2, 'Counters': 18}, {'Max_spout': 1000, 'Spliters': 2, 'Counters': 18}, {'Max_spout': 100, 'Spliters': 1, 'Counters': 18}, {'Max_spout': 1000, 'Spliters': 3, 'Counters': 9}
0.45165826904553846, 0.43088765988349514, 0.46102757153250495, 0.5064962756981907, 0.44840683633798434, 0.4878857691976324, 0.5081123955486133, 0.5224188332157975, 0.44840683633798434, 0.45165826904553846, 0.4751683735659055, 0.449845535524447, 0.4509522821374016, 0.4601885108158377, 0.44840683633798434, 0.447705059142028, 0.3773207429627526, 0.3773207429627526, 0.5224188332157975, 0.4905387254901873
0.007170200347900391, 0.005250692367553711, 0.005277872085571289, 0.009753227233886719, 0.005268096923828125, 0.005576372146606445, 0.0060977935791015625, 0.008503437042236328, 0.007835865020751953, 0.005280256271362305, 0.0051805973052978516, 0.009958505630493164, 0.005373716354370117, 0.005198478698730469, 0.005641937255859375, 0.0054018497467041016, 0.005018472671508789, 0.005030632019042969, 0.0065097808837890625, 0.005471706390380859