{'Max_spout': 1000, 'Spliters': 1, 'Counters': 13}, {'Max_spout': 1000, 'Spliters': 2, 'Counters': 13}, {'Max_spout': 1000000.0, 'Spliters': 3, 'Counters': 9}, {'Max_spout': 1000, 'Spliters': 3, 'Counters': 16}, {'Max_spout': 100000.0, 'Spliters': 2, 'Counters': 12}, {'Max_spout': 100, 'Spliters': 6, 'Counters': 12}, {'Max_spout': 100, 'Spliters': 4, 'Counters': 15}, {'Max_spout': 1000000.0, 'Spliters': 3, 'Counters': 2}, {'Max_spout': 10000, 'Spliters': 1, 'Counters': 11}, {'Max_spout': 100, 'Spliters': 4, 'Counters': 16}, {'Max_spout': 100, 'Spliters': 2, 'Counters': 11}, {'Max_spout': 1000, 'Spliters': 5, 'Counters': 13}, {'Max_spout': 1000, 'Spliters': 4, 'Counters': 1}, {'Max_spout': 1000, 'Spliters': 1, 'Counters': 12}, {'Max_spout': 100, 'Spliters': 6, 'Counters': 9}, {'Max_spout': 1000, 'Spliters': 5, 'Counters': 7}, {'Max_spout': 10000, 'Spliters': 1, 'Counters': 4}, {'Max_spout': 1000, 'Spliters': 1, 'Counters': 16}, {'Max_spout': 100000.0, 'Spliters': 1, 'Counters': 9}, {'Max_spout': 100, 'Spliters': 5, 'Counters': 11}
0.21612041686248587, 0.22408941131740884, 0.28915452942880543, 0.276685119402627, 0.14512965696185742, 0.37477257225163696, 0.33273943838009756, 0.24188575533795414, 0.22938914119097903, 0.3328729256347063, 0.2923709776072295, 0.2781926838540735, 0.3317450930804909, 0.2226217790786872, 0.388129261826632, 0.3158839287653739, 0.24374303102488581, 0.19199060033478188, 0.24267659476476694, 0.3236622282330097
0.011522531509399414, 0.011143922805786133, 0.00849151611328125, 0.009236812591552734, 0.009866476058959961, 0.008872509002685547, 0.013864994049072266, 0.00851893424987793, 0.009260892868041992, 0.009564876556396484, 0.009556055068969727, 0.010573863983154297, 0.009118795394897461, 0.008987665176391602, 0.012231826782226562, 0.008974313735961914, 0.009668827056884766, 0.010029792785644531, 0.00984048843383789, 0.009409427642822266