{'Max_spout': 100, 'Spliters': 1, 'Counters': 14}, {'Max_spout': 100, 'Spliters': 3, 'Counters': 2}, {'Max_spout': 1000, 'Spliters': 1, 'Counters': 4}, {'Max_spout': 100000.0, 'Spliters': 3, 'Counters': 14}, {'Max_spout': 100000.0, 'Spliters': 3, 'Counters': 15}, {'Max_spout': 1000, 'Spliters': 3, 'Counters': 12}, {'Max_spout': 100, 'Spliters': 1, 'Counters': 17}, {'Max_spout': 100, 'Spliters': 1, 'Counters': 17}, {'Max_spout': 1000, 'Spliters': 5, 'Counters': 15}, {'Max_spout': 100, 'Spliters': 1, 'Counters': 1}, {'Max_spout': 1000, 'Spliters': 4, 'Counters': 8}, {'Max_spout': 100, 'Spliters': 4, 'Counters': 16}, {'Max_spout': 10, 'Spliters': 3, 'Counters': 4}, {'Max_spout': 10000, 'Spliters': 3, 'Counters': 18}, {'Max_spout': 10000, 'Spliters': 1, 'Counters': 9}, {'Max_spout': 1000, 'Spliters': 4, 'Counters': 16}, {'Max_spout': 1000, 'Spliters': 2, 'Counters': 7}, {'Max_spout': 10000, 'Spliters': 4, 'Counters': 15}, {'Max_spout': 1000000.0, 'Spliters': 3, 'Counters': 2}, {'Max_spout': 1000, 'Spliters': 2, 'Counters': 9}
0.3253661640115888, 0.3402461972527458, 0.33745386668833055, 0.280387931922528, 0.2966100095965472, 0.27320635495790613, 0.32717218433075035, 0.32717218433075035, 0.28263706049534537, 0.3894720033850057, 0.3281881971196673, 0.3328729256347063, 0.494927790534586, 0.2945819743879329, 0.24205134551675467, 0.2730416185209879, 0.3025108134947628, 0.31116421452828436, 0.24188575533795414, 0.2943759511614054
0.011333942413330078, 0.009868383407592773, 0.007761955261230469, 0.0083770751953125, 0.007947683334350586, 0.006875276565551758, 0.00826120376586914, 0.006291627883911133, 0.0072290897369384766, 0.007181406021118164, 0.007601499557495117, 0.009412527084350586, 0.005838155746459961, 0.00795125961303711, 0.005807399749755859, 0.007674217224121094, 0.008575677871704102, 0.007950544357299805, 0.006030559539794922, 0.007847070693969727