{'Max_spout': 1000, 'Spliters': 2, 'Counters': 12}, {'Max_spout': 1000, 'Spliters': 2, 'Counters': 12}, {'Max_spout': 1000, 'Spliters': 2, 'Counters': 12}, {'Max_spout': 1000, 'Spliters': 2, 'Counters': 12}, {'Max_spout': 1000, 'Spliters': 2, 'Counters': 12}, {'Max_spout': 1000, 'Spliters': 2, 'Counters': 12}, {'Max_spout': 1000, 'Spliters': 2, 'Counters': 12}, {'Max_spout': 1000, 'Spliters': 2, 'Counters': 12}, {'Max_spout': 1000, 'Spliters': 2, 'Counters': 12}, {'Max_spout': 1000, 'Spliters': 2, 'Counters': 12}, {'Max_spout': 1000, 'Spliters': 2, 'Counters': 15}, {'Max_spout': 1000, 'Spliters': 2, 'Counters': 12}, {'Max_spout': 1000, 'Spliters': 2, 'Counters': 12}, {'Max_spout': 1000, 'Spliters': 2, 'Counters': 12}, {'Max_spout': 1000, 'Spliters': 2, 'Counters': 12}, {'Max_spout': 1000, 'Spliters': 2, 'Counters': 12}, {'Max_spout': 1000, 'Spliters': 2, 'Counters': 12}, {'Max_spout': 1000, 'Spliters': 2, 'Counters': 12}, {'Max_spout': 1000, 'Spliters': 2, 'Counters': 12}, {'Max_spout': 1000, 'Spliters': 2, 'Counters': 12}
0.3482522082801707, 0.3482522082801707, 0.3482522082801707, 0.3482522082801707, 0.3482522082801707, 0.3482522082801707, 0.3482522082801707, 0.3482522082801707, 0.3482522082801707, 0.3482522082801707, 0.3534006710681069, 0.3482522082801707, 0.3482522082801707, 0.3482522082801707, 0.3482522082801707, 0.3482522082801707, 0.3482522082801707, 0.3482522082801707, 0.3482522082801707, 0.3482522082801707
0.0562744140625, 0.06326651573181152, 0.04953742027282715, 0.04669666290283203, 0.05552983283996582, 0.0536348819732666, 0.054297447204589844, 0.04907679557800293, 0.06656575202941895, 0.04992794990539551, 0.05491042137145996, 0.03371167182922363, 0.04499650001525879, 0.037125349044799805, 0.0381011962890625, 0.054091691970825195, 0.040985107421875, 0.04097175598144531, 0.05731391906738281, 0.05024313926696777