{'Max_spout': 100, 'Spliters': 2, 'Counters': 12}, {'Max_spout': 1000, 'Spliters': 2, 'Counters': 15}, {'Max_spout': 1000, 'Spliters': 2, 'Counters': 12}, {'Max_spout': 1000, 'Spliters': 2, 'Counters': 18}, {'Max_spout': 10000, 'Spliters': 2, 'Counters': 9}, {'Max_spout': 1000, 'Spliters': 2, 'Counters': 9}, {'Max_spout': 10000, 'Spliters': 6, 'Counters': 18}, {'Max_spout': 1000, 'Spliters': 2, 'Counters': 12}, {'Max_spout': 1000, 'Spliters': 2, 'Counters': 15}, {'Max_spout': 1000, 'Spliters': 2, 'Counters': 18}, {'Max_spout': 100000.0, 'Spliters': 6, 'Counters': 12}, {'Max_spout': 1000, 'Spliters': 2, 'Counters': 12}, {'Max_spout': 1000000.0, 'Spliters': 6, 'Counters': 9}, {'Max_spout': 10000, 'Spliters': 6, 'Counters': 18}, {'Max_spout': 100, 'Spliters': 2, 'Counters': 9}, {'Max_spout': 1000, 'Spliters': 2, 'Counters': 12}, {'Max_spout': 10000, 'Spliters': 6, 'Counters': 18}, {'Max_spout': 1000, 'Spliters': 2, 'Counters': 18}, {'Max_spout': 1000, 'Spliters': 2, 'Counters': 18}, {'Max_spout': 1000000.0, 'Spliters': 2, 'Counters': 9}
0.405608670201996, 0.3534006710681069, 0.3482522082801707, 0.36703078577231235, 0.39158101576180454, 0.3843556979164898, 0.44750804325835974, 0.3482522082801707, 0.3534006710681069, 0.36703078577231235, 0.44886024052416346, 0.3482522082801707, 0.4550215006629207, 0.44750804325835974, 0.4332312508997562, 0.3482522082801707, 0.44750804325835974, 0.36703078577231235, 0.36703078577231235, 0.41464190904005405
0.02357172966003418, 0.01874518394470215, 0.018315792083740234, 0.016938447952270508, 0.011750221252441406, 0.013962984085083008, 0.016695261001586914, 0.009983539581298828, 0.010744333267211914, 0.01796269416809082, 0.01508021354675293, 0.01641249656677246, 0.014105558395385742, 0.01164555549621582, 0.014850139617919922, 0.021272897720336914, 0.020677566528320312, 0.01819443702697754, 0.015347480773925781, 0.014173746109008789