{'Max_spout': 100000.0, 'Spliters': 6, 'Counters': 12}, {'Max_spout': 10000, 'Spliters': 6, 'Counters': 12}, {'Max_spout': 100, 'Spliters': 2, 'Counters': 18}, {'Max_spout': 100, 'Spliters': 2, 'Counters': 18}, {'Max_spout': 100, 'Spliters': 2, 'Counters': 15}, {'Max_spout': 1000, 'Spliters': 2, 'Counters': 18}, {'Max_spout': 1000, 'Spliters': 2, 'Counters': 9}, {'Max_spout': 10000, 'Spliters': 6, 'Counters': 18}, {'Max_spout': 1000000.0, 'Spliters': 6, 'Counters': 12}, {'Max_spout': 100, 'Spliters': 2, 'Counters': 6}, {'Max_spout': 1000, 'Spliters': 2, 'Counters': 15}, {'Max_spout': 100, 'Spliters': 2, 'Counters': 18}, {'Max_spout': 10000, 'Spliters': 6, 'Counters': 18}, {'Max_spout': 100, 'Spliters': 1, 'Counters': 9}, {'Max_spout': 10000, 'Spliters': 6, 'Counters': 18}, {'Max_spout': 1000, 'Spliters': 2, 'Counters': 18}, {'Max_spout': 100, 'Spliters': 1, 'Counters': 9}, {'Max_spout': 100, 'Spliters': 2, 'Counters': 9}, {'Max_spout': 1000, 'Spliters': 3, 'Counters': 6}, {'Max_spout': 100, 'Spliters': 2, 'Counters': 12}
0.44886024052416346, 0.46092254917297065, 0.40079210255235836, 0.40079210255235836, 0.420691565681172, 0.36703078577231235, 0.3843556979164898, 0.44750804325835974, 0.45132372310007496, 0.45074322476566475, 0.3534006710681069, 0.40079210255235836, 0.44750804325835974, 0.51124092595886, 0.44750804325835974, 0.36703078577231235, 0.51124092595886, 0.4332312508997562, 0.5245177141164166, 0.405608670201996
0.011236190795898438, 0.007043123245239258, 0.00667572021484375, 0.006435394287109375, 0.0061032772064208984, 0.008349895477294922, 0.006728410720825195, 0.007460355758666992, 0.0064754486083984375, 0.005839824676513672, 0.006045341491699219, 0.0075376033782958984, 0.006493091583251953, 0.007345914840698242, 0.006085634231567383, 0.007409811019897461, 0.007908344268798828, 0.006974935531616211, 0.006290435791015625, 0.00638127326965332