{'Max_spout': 100000.0, 'Spliters': 6, 'Counters': 12}, {'Max_spout': 1000000.0, 'Spliters': 6, 'Counters': 12}, {'Max_spout': 1000, 'Spliters': 2, 'Counters': 9}, {'Max_spout': 100, 'Spliters': 2, 'Counters': 18}, {'Max_spout': 1000, 'Spliters': 2, 'Counters': 15}, {'Max_spout': 100000.0, 'Spliters': 6, 'Counters': 12}, {'Max_spout': 10000, 'Spliters': 2, 'Counters': 18}, {'Max_spout': 1000, 'Spliters': 2, 'Counters': 15}, {'Max_spout': 10000, 'Spliters': 2, 'Counters': 6}, {'Max_spout': 100000.0, 'Spliters': 6, 'Counters': 12}, {'Max_spout': 1000, 'Spliters': 6, 'Counters': 12}, {'Max_spout': 100000.0, 'Spliters': 6, 'Counters': 12}, {'Max_spout': 1000, 'Spliters': 2, 'Counters': 12}, {'Max_spout': 10000, 'Spliters': 6, 'Counters': 18}, {'Max_spout': 10000, 'Spliters': 6, 'Counters': 18}, {'Max_spout': 1000000.0, 'Spliters': 6, 'Counters': 12}, {'Max_spout': 1000, 'Spliters': 2, 'Counters': 12}, {'Max_spout': 1000000.0, 'Spliters': 6, 'Counters': 9}, {'Max_spout': 100, 'Spliters': 6, 'Counters': 18}, {'Max_spout': 1000000.0, 'Spliters': 6, 'Counters': 12}
0.44886024052416346, 0.45132372310007496, 0.3843556979164898, 0.40079210255235836, 0.3534006710681069, 0.44886024052416346, 0.4202161119317217, 0.3534006710681069, 0.40485955073549257, 0.44886024052416346, 0.46453191791875453, 0.44886024052416346, 0.3482522082801707, 0.44750804325835974, 0.44750804325835974, 0.45132372310007496, 0.3482522082801707, 0.4550215006629207, 0.4848950902222227, 0.45132372310007496
0.017871856689453125, 0.019590139389038086, 0.011648178100585938, 0.010212182998657227, 0.014723062515258789, 0.011400699615478516, 0.010450363159179688, 0.011274337768554688, 0.009705066680908203, 0.01133108139038086, 0.009457588195800781, 0.010419845581054688, 0.0068171024322509766, 0.008251190185546875, 0.009109258651733398, 0.014542102813720703, 0.008899927139282227, 0.007938623428344727, 0.011117935180664062, 0.008149147033691406