{'Max_spout': 100000.0, 'Spliters': 6, 'Counters': 12}, {'Max_spout': 1000, 'Spliters': 6, 'Counters': 18}, {'Max_spout': 1000, 'Spliters': 2, 'Counters': 15}, {'Max_spout': 1000000.0, 'Spliters': 6, 'Counters': 9}, {'Max_spout': 1000, 'Spliters': 2, 'Counters': 18}, {'Max_spout': 10000, 'Spliters': 6, 'Counters': 18}, {'Max_spout': 10000, 'Spliters': 6, 'Counters': 18}, {'Max_spout': 10000, 'Spliters': 6, 'Counters': 12}, {'Max_spout': 100, 'Spliters': 6, 'Counters': 12}, {'Max_spout': 100, 'Spliters': 6, 'Counters': 12}, {'Max_spout': 1000, 'Spliters': 2, 'Counters': 12}, {'Max_spout': 100000.0, 'Spliters': 6, 'Counters': 18}, {'Max_spout': 10, 'Spliters': 6, 'Counters': 12}, {'Max_spout': 1000, 'Spliters': 6, 'Counters': 18}, {'Max_spout': 1000, 'Spliters': 2, 'Counters': 18}, {'Max_spout': 1000, 'Spliters': 2, 'Counters': 3}, {'Max_spout': 1000, 'Spliters': 6, 'Counters': 12}, {'Max_spout': 10000, 'Spliters': 2, 'Counters': 9}, {'Max_spout': 100, 'Spliters': 2, 'Counters': 15}, {'Max_spout': 10000, 'Spliters': 6, 'Counters': 12}
0.44886024052416346, 0.4645748136796372, 0.3534006710681069, 0.4550215006629207, 0.36703078577231235, 0.44750804325835974, 0.44750804325835974, 0.46092254917297065, 0.4872099580805636, 0.4872099580805636, 0.3482522082801707, 0.460303679592122, 0.5335485677312941, 0.4645748136796372, 0.36703078577231235, 0.47976677424841024, 0.46453191791875453, 0.39158101576180454, 0.420691565681172, 0.46092254917297065
0.021566152572631836, 0.011384010314941406, 0.011083841323852539, 0.010818243026733398, 0.010584354400634766, 0.01198267936706543, 0.012639999389648438, 0.013805389404296875, 0.010119915008544922, 0.011939287185668945, 0.010811090469360352, 0.011252880096435547, 0.012474298477172852, 0.010770082473754883, 0.013062477111816406, 0.010708808898925781, 0.011234045028686523, 0.010444402694702148, 0.010571002960205078, 0.011573314666748047