{'Max_spout': 100000.0, 'Spliters': 6, 'Counters': 12}, {'Max_spout': 1000, 'Spliters': 2, 'Counters': 9}, {'Max_spout': 1000, 'Spliters': 6, 'Counters': 6}, {'Max_spout': 10000, 'Spliters': 3, 'Counters': 15}, {'Max_spout': 1000, 'Spliters': 6, 'Counters': 12}, {'Max_spout': 1000, 'Spliters': 3, 'Counters': 12}, {'Max_spout': 10000, 'Spliters': 6, 'Counters': 3}, {'Max_spout': 100, 'Spliters': 1, 'Counters': 18}, {'Max_spout': 10000, 'Spliters': 6, 'Counters': 9}, {'Max_spout': 100000.0, 'Spliters': 6, 'Counters': 12}, {'Max_spout': 1000, 'Spliters': 6, 'Counters': 18}, {'Max_spout': 1000000.0, 'Spliters': 6, 'Counters': 12}, {'Max_spout': 100, 'Spliters': 2, 'Counters': 12}, {'Max_spout': 100, 'Spliters': 2, 'Counters': 18}, {'Max_spout': 1000, 'Spliters': 6, 'Counters': 12}, {'Max_spout': 100000.0, 'Spliters': 2, 'Counters': 12}, {'Max_spout': 100, 'Spliters': 1, 'Counters': 15}, {'Max_spout': 100000.0, 'Spliters': 2, 'Counters': 9}, {'Max_spout': 1000, 'Spliters': 6, 'Counters': 18}, {'Max_spout': 10000, 'Spliters': 6, 'Counters': 12}
0.44886024052416346, 0.3843556979164898, 0.4665671268518795, 0.5197812140710412, 0.46453191791875453, 0.48202946729302804, 0.5232217785515418, 0.510825701154224, 0.46278694480825155, 0.44886024052416346, 0.4645748136796372, 0.45132372310007496, 0.405608670201996, 0.40079210255235836, 0.46453191791875453, 0.43816135911088994, 0.5169813600008596, 0.4706443900630809, 0.4645748136796372, 0.46092254917297065
0.016274213790893555, 0.007445096969604492, 0.007287740707397461, 0.006932258605957031, 0.010962724685668945, 0.007175445556640625, 0.006919384002685547, 0.014024972915649414, 0.008154630661010742, 0.007935047149658203, 0.011521577835083008, 0.008041620254516602, 0.008029699325561523, 0.009981870651245117, 0.009764671325683594, 0.008052587509155273, 0.009279012680053711, 0.009368658065795898, 0.00803065299987793, 0.008414506912231445