{'Max_spout': 1000, 'Spliters': 2, 'Counters': 15}, {'Max_spout': 1000, 'Spliters': 2, 'Counters': 15}, {'Max_spout': 1000, 'Spliters': 2, 'Counters': 15}, {'Max_spout': 1000, 'Spliters': 2, 'Counters': 15}, {'Max_spout': 1000, 'Spliters': 2, 'Counters': 15}, {'Max_spout': 1000, 'Spliters': 2, 'Counters': 15}, {'Max_spout': 1000, 'Spliters': 2, 'Counters': 15}, {'Max_spout': 1000, 'Spliters': 2, 'Counters': 12}, {'Max_spout': 1000, 'Spliters': 2, 'Counters': 12}, {'Max_spout': 1000, 'Spliters': 2, 'Counters': 18}, {'Max_spout': 1000, 'Spliters': 2, 'Counters': 15}, {'Max_spout': 1000, 'Spliters': 2, 'Counters': 15}, {'Max_spout': 1000, 'Spliters': 2, 'Counters': 15}, {'Max_spout': 100, 'Spliters': 2, 'Counters': 15}, {'Max_spout': 1000, 'Spliters': 2, 'Counters': 18}, {'Max_spout': 1000, 'Spliters': 2, 'Counters': 18}, {'Max_spout': 1000, 'Spliters': 2, 'Counters': 15}, {'Max_spout': 1000, 'Spliters': 2, 'Counters': 15}, {'Max_spout': 1000, 'Spliters': 2, 'Counters': 12}, {'Max_spout': 1000, 'Spliters': 2, 'Counters': 15}
0.3340436419777277, 0.3340436419777277, 0.3340436419777277, 0.3340436419777277, 0.3340436419777277, 0.3340436419777277, 0.3340436419777277, 0.3530381716077479, 0.3530381716077479, 0.3513569799560069, 0.3340436419777277, 0.3340436419777277, 0.3340436419777277, 0.4182118604682416, 0.3513569799560069, 0.3513569799560069, 0.3340436419777277, 0.3340436419777277, 0.3530381716077479, 0.3340436419777277
0.025874853134155273, 0.018635988235473633, 0.016979217529296875, 0.02134418487548828, 0.03148341178894043, 0.02381277084350586, 0.01656198501586914, 0.02542877197265625, 0.02269721031188965, 0.021829605102539062, 0.017134428024291992, 0.017582178115844727, 0.024491071701049805, 0.018772602081298828, 0.02681899070739746, 0.021160364151000977, 0.023900985717773438, 0.018777847290039062, 0.023721933364868164, 0.032096147537231445