{'Max_spout': 100000.0, 'Spliters': 6, 'Counters': 12}, {'Max_spout': 1000, 'Spliters': 2, 'Counters': 18}, {'Max_spout': 100, 'Spliters': 2, 'Counters': 12}, {'Max_spout': 1000, 'Spliters': 2, 'Counters': 15}, {'Max_spout': 10000, 'Spliters': 6, 'Counters': 9}, {'Max_spout': 10000, 'Spliters': 6, 'Counters': 9}, {'Max_spout': 1000, 'Spliters': 1, 'Counters': 3}, {'Max_spout': 100, 'Spliters': 2, 'Counters': 18}, {'Max_spout': 1000, 'Spliters': 2, 'Counters': 15}, {'Max_spout': 1000, 'Spliters': 6, 'Counters': 6}, {'Max_spout': 100000.0, 'Spliters': 6, 'Counters': 18}, {'Max_spout': 1000, 'Spliters': 2, 'Counters': 15}, {'Max_spout': 1000000.0, 'Spliters': 6, 'Counters': 12}, {'Max_spout': 100000.0, 'Spliters': 6, 'Counters': 18}, {'Max_spout': 10000, 'Spliters': 2, 'Counters': 15}, {'Max_spout': 10000, 'Spliters': 2, 'Counters': 12}, {'Max_spout': 100, 'Spliters': 6, 'Counters': 9}, {'Max_spout': 10000, 'Spliters': 2, 'Counters': 18}, {'Max_spout': 10000, 'Spliters': 6, 'Counters': 12}, {'Max_spout': 1000, 'Spliters': 6, 'Counters': 15}
0.4526470286993124, 0.3513569799560069, 0.44564373939940793, 0.3340436419777277, 0.45121626173179014, 0.45121626173179014, 0.509707355765473, 0.4180935235632412, 0.3340436419777277, 0.45798220162788744, 0.43093537436088897, 0.3340436419777277, 0.4426252477282385, 0.43093537436088897, 0.4257248893533731, 0.37770818548803936, 0.49343058023315467, 0.3893870191155626, 0.4350877441709323, 0.46202695962693524
0.013760805130004883, 0.009795665740966797, 0.008456945419311523, 0.011494874954223633, 0.012421607971191406, 0.01479649543762207, 0.010518312454223633, 0.012538433074951172, 0.012943029403686523, 0.011727333068847656, 0.012493371963500977, 0.011920690536499023, 0.010892629623413086, 0.013301849365234375, 0.008633852005004883, 0.00892329216003418, 0.008750438690185547, 0.009366989135742188, 0.007335186004638672, 0.009490013122558594