{'Width': 3, 'Complexity': 0, 'Fifo': 1, 'Multiplier': 2}, {'Width': 4, 'Complexity': 0, 'Fifo': 4, 'Multiplier': 1}, {'Width': 4, 'Complexity': 1, 'Fifo': 3, 'Multiplier': 1}, {'Width': 3, 'Complexity': 1, 'Fifo': 2, 'Multiplier': 1}, {'Width': 5, 'Complexity': 0, 'Fifo': 2, 'Multiplier': 1}, {'Width': 3, 'Complexity': 1, 'Fifo': 3, 'Multiplier': 1}, {'Width': 4, 'Complexity': 0, 'Fifo': 1, 'Multiplier': 1}, {'Width': 4, 'Complexity': 0, 'Fifo': 2, 'Multiplier': 1}, {'Width': 4, 'Complexity': 1, 'Fifo': 4, 'Multiplier': 1}, {'Width': 4, 'Complexity': 0, 'Fifo': 2, 'Multiplier': 1}, {'Width': 3, 'Complexity': 0, 'Fifo': 2, 'Multiplier': 1}, {'Width': 6, 'Complexity': 1, 'Fifo': 1, 'Multiplier': 1}, {'Width': 4, 'Complexity': 0, 'Fifo': 1, 'Multiplier': 1}, {'Width': 3, 'Complexity': 0, 'Fifo': 2, 'Multiplier': 1}, {'Width': 3, 'Complexity': 1, 'Fifo': 4, 'Multiplier': 1}, {'Width': 4, 'Complexity': 1, 'Fifo': 1, 'Multiplier': 1}, {'Width': 5, 'Complexity': 1, 'Fifo': 4, 'Multiplier': 1}, {'Width': 4, 'Complexity': 1, 'Fifo': 3, 'Multiplier': 1}, {'Width': 3, 'Complexity': 0, 'Fifo': 3, 'Multiplier': 2}, {'Width': 3, 'Complexity': 0, 'Fifo': 4, 'Multiplier': 1}
0.41975353518343883, 0.37790341766003394, 0.3877806214317866, 0.3139305450653319, 0.46136950200259047, 0.3139305450653319, 0.37779533463222775, 0.37790341766003394, 0.3877806214317866, 0.37790341766003394, 0.22587868316250506, 0.4844558240812984, 0.37779533463222775, 0.22587868316250506, 0.3139305450653319, 0.3796361104778351, 0.44772479049532365, 0.3877806214317866, 0.41985099335665094, 0.22587868316250506
0.017951250076293945, 0.01525425910949707, 0.0159304141998291, 0.025923728942871094, 0.017759084701538086, 0.0267636775970459, 0.021901369094848633, 0.021399736404418945, 0.018279314041137695, 0.017481565475463867, 0.021816492080688477, 0.01389765739440918, 0.014110088348388672, 0.013786554336547852, 0.013930559158325195, 0.01220250129699707, 0.014125347137451172, 0.012093544006347656, 0.010244131088256836, 0.012552976608276367