{'Width': 3, 'Complexity': 0, 'Fifo': 1, 'Multiplier': 1}, {'Width': 3, 'Complexity': 0, 'Fifo': 1, 'Multiplier': 1}, {'Width': 3, 'Complexity': 0, 'Fifo': 1, 'Multiplier': 1}, {'Width': 3, 'Complexity': 0, 'Fifo': 1, 'Multiplier': 1}, {'Width': 3, 'Complexity': 0, 'Fifo': 1, 'Multiplier': 1}, {'Width': 3, 'Complexity': 0, 'Fifo': 1, 'Multiplier': 1}, {'Width': 3, 'Complexity': 0, 'Fifo': 1, 'Multiplier': 1}, {'Width': 3, 'Complexity': 0, 'Fifo': 1, 'Multiplier': 1}, {'Width': 3, 'Complexity': 0, 'Fifo': 1, 'Multiplier': 1}, {'Width': 3, 'Complexity': 0, 'Fifo': 1, 'Multiplier': 1}, {'Width': 3, 'Complexity': 0, 'Fifo': 1, 'Multiplier': 1}, {'Width': 3, 'Complexity': 0, 'Fifo': 1, 'Multiplier': 1}, {'Width': 3, 'Complexity': 0, 'Fifo': 1, 'Multiplier': 1}, {'Width': 3, 'Complexity': 0, 'Fifo': 1, 'Multiplier': 1}, {'Width': 3, 'Complexity': 0, 'Fifo': 1, 'Multiplier': 1}, {'Width': 3, 'Complexity': 0, 'Fifo': 1, 'Multiplier': 1}, {'Width': 3, 'Complexity': 0, 'Fifo': 1, 'Multiplier': 1}, {'Width': 3, 'Complexity': 0, 'Fifo': 1, 'Multiplier': 1}, {'Width': 3, 'Complexity': 0, 'Fifo': 1, 'Multiplier': 1}, {'Width': 3, 'Complexity': 0, 'Fifo': 1, 'Multiplier': 1}
0.22581417455021333, 0.22581417455021333, 0.22581417455021333, 0.22581417455021333, 0.22581417455021333, 0.22581417455021333, 0.22581417455021333, 0.22581417455021333, 0.22581417455021333, 0.22581417455021333, 0.22581417455021333, 0.22581417455021333, 0.22581417455021333, 0.22581417455021333, 0.22581417455021333, 0.22581417455021333, 0.22581417455021333, 0.22581417455021333, 0.22581417455021333, 0.22581417455021333
0.07386946678161621, 0.06934022903442383, 0.07609200477600098, 0.0787816047668457, 0.07801389694213867, 0.09061813354492188, 0.08033251762390137, 0.06963086128234863, 0.07375812530517578, 0.07953906059265137, 0.09631609916687012, 0.0647883415222168, 0.07768607139587402, 0.07455277442932129, 0.07613611221313477, 0.079833984375, 0.07312846183776855, 0.08317446708679199, 0.07941484451293945, 0.08068227767944336