{'Spout': 1, 'Split': 2, 'Count': 12, 'Buffer_size': 262000.0, 'Heap': 512}, {'Spout': 1, 'Split': 2, 'Count': 6, 'Buffer_size': 105000000.0, 'Heap': 2048}, {'Spout': 1, 'Split': 2, 'Count': 9, 'Buffer_size': 105000000.0, 'Heap': 512}, {'Spout': 1, 'Split': 1, 'Count': 9, 'Buffer_size': 10500000.0, 'Heap': 512}, {'Spout': 3, 'Split': 6, 'Count': 9, 'Buffer_size': 10500000.0, 'Heap': 512}, {'Spout': 1, 'Split': 2, 'Count': 12, 'Buffer_size': 1050000.0, 'Heap': 512}, {'Spout': 3, 'Split': 3, 'Count': 9, 'Buffer_size': 262000.0, 'Heap': 1024}, {'Spout': 1, 'Split': 2, 'Count': 9, 'Buffer_size': 1050000.0, 'Heap': 512}, {'Spout': 1, 'Split': 2, 'Count': 9, 'Buffer_size': 262000.0, 'Heap': 1024}, {'Spout': 1, 'Split': 2, 'Count': 12, 'Buffer_size': 262000.0, 'Heap': 512}, {'Spout': 1, 'Split': 3, 'Count': 12, 'Buffer_size': 5240000.0, 'Heap': 1024}, {'Spout': 1, 'Split': 6, 'Count': 9, 'Buffer_size': 5240000.0, 'Heap': 1024}, {'Spout': 1, 'Split': 2, 'Count': 9, 'Buffer_size': 1050000.0, 'Heap': 2048}, {'Spout': 1, 'Split': 1, 'Count': 12, 'Buffer_size': 262000.0, 'Heap': 2048}, {'Spout': 1, 'Split': 2, 'Count': 9, 'Buffer_size': 105000000.0, 'Heap': 2048}, {'Spout': 1, 'Split': 1, 'Count': 12, 'Buffer_size': 262000.0, 'Heap': 1024}, {'Spout': 1, 'Split': 1, 'Count': 9, 'Buffer_size': 10500000.0, 'Heap': 512}, {'Spout': 1, 'Split': 2, 'Count': 9, 'Buffer_size': 1050000.0, 'Heap': 1024}, {'Spout': 1, 'Split': 6, 'Count': 6, 'Buffer_size': 1050000.0, 'Heap': 1024}, {'Spout': 2, 'Split': 6, 'Count': 12, 'Buffer_size': 5240000.0, 'Heap': 1024}
0.006758719400941674, 0.16075643534083742, 0.06291105584199864, 0.21521753628725723, 0.2832991013485355, 0.004885495408456998, 0.2897736668551047, 0.06590440707158429, 0.04735433457075185, 0.006758719400941674, 0.27095126194265245, 0.28542976978091794, 0.05435202399594354, 0.2203308792201745, 0.035719561659757766, 0.21013525270144548, 0.21521753628725723, 0.05347830637952824, 0.27421016229613393, 0.2507308308595678
0.008209705352783203, 0.007641315460205078, 0.006530284881591797, 0.00675511360168457, 0.007231950759887695, 0.007577419281005859, 0.0057146549224853516, 0.005387067794799805, 0.007385730743408203, 0.0060384273529052734, 0.006319284439086914, 0.006463766098022461, 0.006064414978027344, 0.005971193313598633, 0.005877256393432617, 0.00701141357421875, 0.008020162582397461, 0.007348060607910156, 0.008030176162719727, 0.007831811904907227