{'Spout': 1, 'Split': 2, 'Count': 12, 'Buffer_size': 262000.0, 'Heap': 1024}, {'Spout': 1, 'Split': 2, 'Count': 12, 'Buffer_size': 262000.0, 'Heap': 2048}, {'Spout': 1, 'Split': 2, 'Count': 12, 'Buffer_size': 262000.0, 'Heap': 2048}, {'Spout': 1, 'Split': 2, 'Count': 6, 'Buffer_size': 10500000.0, 'Heap': 2048}, {'Spout': 1, 'Split': 2, 'Count': 9, 'Buffer_size': 5240000.0, 'Heap': 512}, {'Spout': 3, 'Split': 6, 'Count': 12, 'Buffer_size': 10500000.0, 'Heap': 1024}, {'Spout': 1, 'Split': 2, 'Count': 9, 'Buffer_size': 105000000.0, 'Heap': 1024}, {'Spout': 1, 'Split': 2, 'Count': 12, 'Buffer_size': 262000.0, 'Heap': 2048}, {'Spout': 3, 'Split': 6, 'Count': 12, 'Buffer_size': 10500000.0, 'Heap': 2048}, {'Spout': 1, 'Split': 2, 'Count': 12, 'Buffer_size': 1050000.0, 'Heap': 2048}, {'Spout': 1, 'Split': 2, 'Count': 9, 'Buffer_size': 1050000.0, 'Heap': 2048}, {'Spout': 1, 'Split': 2, 'Count': 12, 'Buffer_size': 10500000.0, 'Heap': 512}, {'Spout': 1, 'Split': 2, 'Count': 6, 'Buffer_size': 5240000.0, 'Heap': 2048}, {'Spout': 1, 'Split': 2, 'Count': 9, 'Buffer_size': 5240000.0, 'Heap': 1024}, {'Spout': 1, 'Split': 2, 'Count': 12, 'Buffer_size': 5240000.0, 'Heap': 1024}, {'Spout': 1, 'Split': 2, 'Count': 9, 'Buffer_size': 1050000.0, 'Heap': 2048}, {'Spout': 1, 'Split': 2, 'Count': 6, 'Buffer_size': 5240000.0, 'Heap': 1024}, {'Spout': 1, 'Split': 1, 'Count': 12, 'Buffer_size': 262000.0, 'Heap': 512}, {'Spout': 1, 'Split': 2, 'Count': 12, 'Buffer_size': 262000.0, 'Heap': 1024}, {'Spout': 1, 'Split': 1, 'Count': 9, 'Buffer_size': 10500000.0, 'Heap': 512}
0.0021204068611183303, 0.004717229689582891, 0.004717229689582891, 0.12249500813598264, 0.04063900334810654, 0.23756918589154716, 0.03771305986217579, 0.004717229689582891, 0.24314012056896367, 0.02628393512052983, 0.05435202399594354, 0.01826880372553447, 0.15160494025547264, 0.033120516917753466, 0.009461510421632468, 0.05435202399594354, 0.12285079798004046, 0.20382321876704398, 0.0021204068611183303, 0.21521753628725723
0.03209376335144043, 0.00877523422241211, 0.012895822525024414, 0.010238409042358398, 0.009083747863769531, 0.011223793029785156, 0.009058237075805664, 0.00896000862121582, 0.013028860092163086, 0.009090900421142578, 0.011458635330200195, 0.00982975959777832, 0.008802652359008789, 0.013184070587158203, 0.011339426040649414, 0.01190638542175293, 0.008990764617919922, 0.010733366012573242, 0.010594367980957031, 0.009900093078613281