{'Max_spout': 1, 'Spliters': 6, 'Counters': 1}, {'Max_spout': 1, 'Spliters': 1, 'Counters': 1}, {'Max_spout': 1000, 'Spliters': 2, 'Counters': 1}, {'Max_spout': 100000.0, 'Spliters': 2, 'Counters': 1}, {'Max_spout': 1, 'Spliters': 1, 'Counters': 3}, {'Max_spout': 10000, 'Spliters': 2, 'Counters': 1}, {'Max_spout': 1, 'Spliters': 3, 'Counters': 1}, {'Max_spout': 1, 'Spliters': 2, 'Counters': 12}, {'Max_spout': 1, 'Spliters': 6, 'Counters': 6}, {'Max_spout': 1, 'Spliters': 6, 'Counters': 9}, {'Max_spout': 1, 'Spliters': 6, 'Counters': 6}, {'Max_spout': 1, 'Spliters': 1, 'Counters': 3}, {'Max_spout': 1, 'Spliters': 3, 'Counters': 12}, {'Max_spout': 1, 'Spliters': 2, 'Counters': 18}, {'Max_spout': 10000, 'Spliters': 2, 'Counters': 1}, {'Max_spout': 1, 'Spliters': 2, 'Counters': 15}, {'Max_spout': 1, 'Spliters': 1, 'Counters': 6}, {'Max_spout': 1, 'Spliters': 6, 'Counters': 6}, {'Max_spout': 1, 'Spliters': 1, 'Counters': 12}, {'Max_spout': 1, 'Spliters': 6, 'Counters': 15}
0.015315934267586241, 0.004807791117257254, 0.06986638010763581, 0.054349326028426896, 0.0034219728532295193, 0.0682192528912808, 0.01628336460232595, 0.0060379984321462885, 0.013611553966170776, 0.012987642141793881, 0.013611553966170776, 0.0034219728532295193, 0.012569254212505845, 0.004859172091029469, 0.0682192528912808, 0.00539940632954876, 0.0033617837125249194, 0.013611553966170776, 0.0, 0.010632925515204367
0.005917787551879883, 0.0067403316497802734, 0.0043141841888427734, 0.00439453125, 0.003091573715209961, 0.0044708251953125, 0.004693269729614258, 0.002052783966064453, 0.0027358531951904297, 0.0028502941131591797, 0.0024755001068115234, 0.002309560775756836, 0.002650737762451172, 0.003758668899536133, 0.0031392574310302734, 0.004263162612915039, 0.002418994903564453, 0.002234220504760742, 0.0027887821197509766, 0.0024156570434570312