{'Max_spout': 1, 'Spliters': 6, 'Counters': 12}, {'Max_spout': 1, 'Spliters': 1, 'Counters': 1}, {'Max_spout': 1, 'Spliters': 1, 'Counters': 3}, {'Max_spout': 1, 'Spliters': 1, 'Counters': 9}, {'Max_spout': 1, 'Spliters': 2, 'Counters': 1}, {'Max_spout': 1, 'Spliters': 1, 'Counters': 9}, {'Max_spout': 1, 'Spliters': 2, 'Counters': 1}, {'Max_spout': 1, 'Spliters': 2, 'Counters': 3}, {'Max_spout': 1, 'Spliters': 1, 'Counters': 12}, {'Max_spout': 1, 'Spliters': 1, 'Counters': 12}, {'Max_spout': 1, 'Spliters': 1, 'Counters': 12}, {'Max_spout': 1, 'Spliters': 2, 'Counters': 12}, {'Max_spout': 1, 'Spliters': 6, 'Counters': 9}, {'Max_spout': 1, 'Spliters': 2, 'Counters': 18}, {'Max_spout': 1, 'Spliters': 1, 'Counters': 18}, {'Max_spout': 1, 'Spliters': 6, 'Counters': 18}, {'Max_spout': 1, 'Spliters': 1, 'Counters': 18}, {'Max_spout': 1, 'Spliters': 6, 'Counters': 9}, {'Max_spout': 1, 'Spliters': 2, 'Counters': 1}, {'Max_spout': 1, 'Spliters': 1, 'Counters': 18}
0.012412175235545064, 0.004807791117257254, 0.0034219728532295193, 0.0018937558904616359, 0.0034219728532295193, 0.0018937558904616359, 0.0034219728532295193, 0.0069261552644945745, 0.0, 0.0, 0.0, 0.0060379984321462885, 0.012987642141793881, 0.004859172091029469, 0.0015707897696077134, 0.010017821857759856, 0.0015707897696077134, 0.012987642141793881, 0.0034219728532295193, 0.0015707897696077134
0.014439582824707031, 0.014326095581054688, 0.009428024291992188, 0.008242368698120117, 0.00766754150390625, 0.013103961944580078, 0.012594461441040039, 0.010436058044433594, 0.015549182891845703, 0.008732080459594727, 0.008642435073852539, 0.009311199188232422, 0.011660099029541016, 0.015182018280029297, 0.0127410888671875, 0.009380102157592773, 0.008118629455566406, 0.010920047760009766, 0.01030278205871582, 0.011944293975830078