{'Max_spout': 1, 'Spliters': 3, 'Counters': 6}, {'Max_spout': 1, 'Spliters': 1, 'Counters': 3}, {'Max_spout': 1, 'Spliters': 1, 'Counters': 9}, {'Max_spout': 1, 'Spliters': 6, 'Counters': 1}, {'Max_spout': 1, 'Spliters': 1, 'Counters': 9}, {'Max_spout': 1, 'Spliters': 3, 'Counters': 1}, {'Max_spout': 1, 'Spliters': 1, 'Counters': 15}, {'Max_spout': 10, 'Spliters': 2, 'Counters': 1}, {'Max_spout': 1, 'Spliters': 1, 'Counters': 9}, {'Max_spout': 1, 'Spliters': 1, 'Counters': 18}, {'Max_spout': 1, 'Spliters': 1, 'Counters': 3}, {'Max_spout': 1, 'Spliters': 1, 'Counters': 1}, {'Max_spout': 1, 'Spliters': 2, 'Counters': 1}, {'Max_spout': 100000.0, 'Spliters': 1, 'Counters': 1}, {'Max_spout': 1, 'Spliters': 2, 'Counters': 9}, {'Max_spout': 1, 'Spliters': 2, 'Counters': 1}, {'Max_spout': 1, 'Spliters': 1, 'Counters': 15}, {'Max_spout': 1, 'Spliters': 1, 'Counters': 1}, {'Max_spout': 10, 'Spliters': 1, 'Counters': 12}, {'Max_spout': 1, 'Spliters': 6, 'Counters': 9}
0.012763030391275743, 0.0019296845057882198, 0.0012736252462314235, 0.014498574912093084, 0.0012736252462314235, 0.014838319885792125, 0.0, 0.048416169182955174, 0.0012736252462314235, 0.0019564624347497123, 0.0019296845057882198, 0.0023531105074919532, 0.001904580197386812, 0.05794743827268969, 0.0038376119442952166, 0.001904580197386812, 0.0, 0.0023531105074919532, 0.154386475806978, 0.009792353897109146
0.0037789344787597656, 0.004027843475341797, 0.0030701160430908203, 0.0026357173919677734, 0.0025899410247802734, 0.0023200511932373047, 0.0038552284240722656, 0.0032296180725097656, 0.0020699501037597656, 0.0025353431701660156, 0.002272367477416992, 0.0020623207092285156, 0.0022640228271484375, 0.002099752426147461, 0.00495147705078125, 0.003146648406982422, 0.0022835731506347656, 0.0022406578063964844, 0.002200603485107422, 0.0021255016326904297