{'Max_spout': 1, 'Spliters': 6, 'Counters': 9}, {'Max_spout': 1, 'Spliters': 1, 'Counters': 3}, {'Max_spout': 1, 'Spliters': 1, 'Counters': 3}, {'Max_spout': 1, 'Spliters': 2, 'Counters': 9}, {'Max_spout': 1, 'Spliters': 1, 'Counters': 3}, {'Max_spout': 1, 'Spliters': 1, 'Counters': 3}, {'Max_spout': 1, 'Spliters': 2, 'Counters': 6}, {'Max_spout': 1, 'Spliters': 1, 'Counters': 12}, {'Max_spout': 1, 'Spliters': 1, 'Counters': 9}, {'Max_spout': 1, 'Spliters': 1, 'Counters': 15}, {'Max_spout': 1, 'Spliters': 2, 'Counters': 3}, {'Max_spout': 1, 'Spliters': 1, 'Counters': 9}, {'Max_spout': 1, 'Spliters': 3, 'Counters': 9}, {'Max_spout': 1, 'Spliters': 1, 'Counters': 15}, {'Max_spout': 1, 'Spliters': 1, 'Counters': 9}, {'Max_spout': 1, 'Spliters': 1, 'Counters': 3}, {'Max_spout': 1, 'Spliters': 1, 'Counters': 6}, {'Max_spout': 1, 'Spliters': 1, 'Counters': 15}, {'Max_spout': 1, 'Spliters': 6, 'Counters': 12}, {'Max_spout': 1, 'Spliters': 6, 'Counters': 9}
0.009792353897109146, 0.0019296845057882198, 0.0019296845057882198, 0.0038376119442952166, 0.0019296845057882198, 0.0019296845057882198, 0.0023413951635712993, 0.0008150532127657052, 0.0012736252462314235, 0.0, 0.003854348149896155, 0.0012736252462314235, 0.01109443069286217, 0.0, 0.0012736252462314235, 0.0019296845057882198, 0.0032401294043416973, 0.0, 0.010963888289174847, 0.009792353897109146
0.013122081756591797, 0.009553194046020508, 0.010406494140625, 0.009423255920410156, 0.015761375427246094, 0.016238927841186523, 0.013782501220703125, 0.009400129318237305, 0.008797645568847656, 0.012336969375610352, 0.010037899017333984, 0.011684656143188477, 0.012316465377807617, 0.009812116622924805, 0.0084991455078125, 0.009488344192504883, 0.011653423309326172, 0.010660886764526367, 0.012572765350341797, 0.010492563247680664