{'Max_spout': 1, 'Spliters': 6, 'Counters': 9}, {'Max_spout': 1, 'Spliters': 2, 'Counters': 6}, {'Max_spout': 1, 'Spliters': 6, 'Counters': 12}, {'Max_spout': 1, 'Spliters': 1, 'Counters': 3}, {'Max_spout': 1, 'Spliters': 2, 'Counters': 3}, {'Max_spout': 1, 'Spliters': 2, 'Counters': 1}, {'Max_spout': 10, 'Spliters': 3, 'Counters': 1}, {'Max_spout': 1, 'Spliters': 6, 'Counters': 6}, {'Max_spout': 10000, 'Spliters': 2, 'Counters': 1}, {'Max_spout': 1, 'Spliters': 2, 'Counters': 1}, {'Max_spout': 1, 'Spliters': 2, 'Counters': 1}, {'Max_spout': 1, 'Spliters': 1, 'Counters': 15}, {'Max_spout': 1, 'Spliters': 2, 'Counters': 18}, {'Max_spout': 1, 'Spliters': 1, 'Counters': 12}, {'Max_spout': 1, 'Spliters': 2, 'Counters': 1}, {'Max_spout': 1, 'Spliters': 1, 'Counters': 18}, {'Max_spout': 1, 'Spliters': 1, 'Counters': 15}, {'Max_spout': 1, 'Spliters': 2, 'Counters': 3}, {'Max_spout': 1, 'Spliters': 1, 'Counters': 15}, {'Max_spout': 1, 'Spliters': 3, 'Counters': 6}
0.009792353897109146, 0.0023413951635712993, 0.010963888289174847, 0.0019296845057882198, 0.003854348149896155, 0.001904580197386812, 0.05419350735639916, 0.012276006808288439, 0.04904545051355047, 0.001904580197386812, 0.001904580197386812, 0.0, 0.004127148301191441, 0.0008150532127657052, 0.001904580197386812, 0.0019564624347497123, 0.0, 0.003854348149896155, 0.0, 0.012763030391275743
0.013664960861206055, 0.011759519577026367, 0.018500804901123047, 0.012047529220581055, 0.01020503044128418, 0.013221502304077148, 0.010889530181884766, 0.011808395385742188, 0.012901782989501953, 0.015869855880737305, 0.012700080871582031, 0.010918855667114258, 0.013675451278686523, 0.010200023651123047, 0.011655092239379883, 0.011607646942138672, 0.010111093521118164, 0.009563684463500977, 0.00938868522644043, 0.0069162845611572266