{'Max_spout': 1, 'Spliters': 3, 'Counters': 6}, {'Max_spout': 100, 'Spliters': 6, 'Counters': 1}, {'Max_spout': 10000, 'Spliters': 6, 'Counters': 1}, {'Max_spout': 10, 'Spliters': 1, 'Counters': 18}, {'Max_spout': 1, 'Spliters': 6, 'Counters': 15}, {'Max_spout': 1000, 'Spliters': 6, 'Counters': 1}, {'Max_spout': 1, 'Spliters': 6, 'Counters': 3}, {'Max_spout': 1, 'Spliters': 1, 'Counters': 3}, {'Max_spout': 1, 'Spliters': 3, 'Counters': 6}, {'Max_spout': 10, 'Spliters': 1, 'Counters': 6}, {'Max_spout': 1, 'Spliters': 2, 'Counters': 12}, {'Max_spout': 1, 'Spliters': 6, 'Counters': 9}, {'Max_spout': 100, 'Spliters': 6, 'Counters': 1}, {'Max_spout': 1, 'Spliters': 6, 'Counters': 1}, {'Max_spout': 1, 'Spliters': 3, 'Counters': 18}, {'Max_spout': 1, 'Spliters': 3, 'Counters': 12}, {'Max_spout': 1, 'Spliters': 2, 'Counters': 18}, {'Max_spout': 10, 'Spliters': 6, 'Counters': 3}, {'Max_spout': 1, 'Spliters': 2, 'Counters': 1}, {'Max_spout': 1, 'Spliters': 3, 'Counters': 18}
0.012763030391275743, 0.07788193276396761, 0.06819669058270447, 0.16124832010336282, 0.01102581224989833, 0.0861680281569923, 0.014511963876573823, 0.0019296845057882198, 0.012763030391275743, 0.15661239115190284, 0.004038446411506479, 0.009792353897109146, 0.07788193276396761, 0.014498574912093084, 0.01021912713993308, 0.010147161455849056, 0.004127148301191441, 0.20861178195401897, 0.001904580197386812, 0.01021912713993308
0.015555381774902344, 0.0072901248931884766, 0.0069158077239990234, 0.013407468795776367, 0.010132074356079102, 0.007658243179321289, 0.006739616394042969, 0.00972127914428711, 0.012845993041992188, 0.01031351089477539, 0.007669210433959961, 0.006788730621337891, 0.012758255004882812, 0.01840829849243164, 0.0075664520263671875, 0.007386684417724609, 0.0072383880615234375, 0.008400917053222656, 0.008218050003051758, 0.009644746780395508