{'Max_spout': 1, 'Spliters': 6, 'Counters': 15}, {'Max_spout': 1, 'Spliters': 1, 'Counters': 3}, {'Max_spout': 1, 'Spliters': 1, 'Counters': 6}, {'Max_spout': 1, 'Spliters': 1, 'Counters': 12}, {'Max_spout': 1, 'Spliters': 1, 'Counters': 9}, {'Max_spout': 1, 'Spliters': 1, 'Counters': 12}, {'Max_spout': 1, 'Spliters': 1, 'Counters': 12}, {'Max_spout': 1, 'Spliters': 1, 'Counters': 6}, {'Max_spout': 1, 'Spliters': 1, 'Counters': 12}, {'Max_spout': 1, 'Spliters': 1, 'Counters': 9}, {'Max_spout': 1, 'Spliters': 1, 'Counters': 12}, {'Max_spout': 1, 'Spliters': 1, 'Counters': 6}, {'Max_spout': 1, 'Spliters': 1, 'Counters': 18}, {'Max_spout': 1, 'Spliters': 1, 'Counters': 12}, {'Max_spout': 1, 'Spliters': 1, 'Counters': 18}, {'Max_spout': 1, 'Spliters': 1, 'Counters': 6}, {'Max_spout': 1, 'Spliters': 1, 'Counters': 6}, {'Max_spout': 1, 'Spliters': 1, 'Counters': 6}, {'Max_spout': 1, 'Spliters': 1, 'Counters': 18}, {'Max_spout': 1, 'Spliters': 1, 'Counters': 6}
0.011018642456691697, 0.0031668897553783866, 0.0020255808389428856, 0.0008018260942663026, 0.003115159039619259, 0.0008018260942663026, 0.0008018260942663026, 0.0020255808389428856, 0.0008018260942663026, 0.003115159039619259, 0.0008018260942663026, 0.0020255808389428856, 0.0, 0.0008018260942663026, 0.0, 0.0020255808389428856, 0.0020255808389428856, 0.0020255808389428856, 0.0, 0.0020255808389428856
0.014150142669677734, 0.013222694396972656, 0.012088298797607422, 0.009414196014404297, 0.009485483169555664, 0.014082193374633789, 0.015298843383789062, 0.011470317840576172, 0.010131120681762695, 0.009043455123901367, 0.009971857070922852, 0.013534069061279297, 0.012967824935913086, 0.008548259735107422, 0.012177705764770508, 0.012009859085083008, 0.008511781692504883, 0.010092496871948242, 0.009617090225219727, 0.019793272018432617