{'Max_spout': 1, 'Spliters': 3, 'Counters': 6}, {'Max_spout': 1, 'Spliters': 2, 'Counters': 3}, {'Max_spout': 1, 'Spliters': 6, 'Counters': 18}, {'Max_spout': 1, 'Spliters': 1, 'Counters': 3}, {'Max_spout': 1, 'Spliters': 6, 'Counters': 1}, {'Max_spout': 1, 'Spliters': 1, 'Counters': 15}, {'Max_spout': 1, 'Spliters': 3, 'Counters': 1}, {'Max_spout': 1, 'Spliters': 2, 'Counters': 12}, {'Max_spout': 1, 'Spliters': 6, 'Counters': 6}, {'Max_spout': 1, 'Spliters': 6, 'Counters': 12}, {'Max_spout': 1, 'Spliters': 1, 'Counters': 18}, {'Max_spout': 1, 'Spliters': 2, 'Counters': 3}, {'Max_spout': 1, 'Spliters': 2, 'Counters': 3}, {'Max_spout': 1, 'Spliters': 1, 'Counters': 12}, {'Max_spout': 1, 'Spliters': 2, 'Counters': 12}, {'Max_spout': 1, 'Spliters': 6, 'Counters': 15}, {'Max_spout': 1, 'Spliters': 1, 'Counters': 6}, {'Max_spout': 1, 'Spliters': 1, 'Counters': 18}, {'Max_spout': 1000000.0, 'Spliters': 3, 'Counters': 15}, {'Max_spout': 1, 'Spliters': 3, 'Counters': 9}
0.01410470296869645, 0.00613332298719019, 0.011702457855632514, 0.0031668897553783866, 0.015195897754240302, 0.003716528610318993, 0.016426118838386784, 0.005236118385743023, 0.014272827794913585, 0.014659191578239477, 0.0, 0.00613332298719019, 0.00613332298719019, 0.0008018260942663026, 0.005236118385743023, 0.011018642456691697, 0.0020255808389428856, 0.0, 0.24822337323064783, 0.013299643704695205
0.012221336364746094, 0.010249137878417969, 0.012309551239013672, 0.01766061782836914, 0.015266656875610352, 0.0176541805267334, 0.010991811752319336, 0.0074615478515625, 0.009157180786132812, 0.014433622360229492, 0.0160369873046875, 0.009691476821899414, 0.008980035781860352, 0.012140274047851562, 0.010243654251098633, 0.01154637336730957, 0.008244991302490234, 0.011020660400390625, 0.010656118392944336, 0.00877237319946289