{'Max_spout': 1, 'Spliters': 3, 'Counters': 6}, {'Max_spout': 1, 'Spliters': 1, 'Counters': 1}, {'Max_spout': 1000, 'Spliters': 2, 'Counters': 1}, {'Max_spout': 1, 'Spliters': 1, 'Counters': 18}, {'Max_spout': 1, 'Spliters': 1, 'Counters': 3}, {'Max_spout': 1, 'Spliters': 1, 'Counters': 6}, {'Max_spout': 1, 'Spliters': 1, 'Counters': 6}, {'Max_spout': 1, 'Spliters': 1, 'Counters': 6}, {'Max_spout': 1, 'Spliters': 2, 'Counters': 18}, {'Max_spout': 1, 'Spliters': 1, 'Counters': 3}, {'Max_spout': 1, 'Spliters': 3, 'Counters': 1}, {'Max_spout': 1, 'Spliters': 1, 'Counters': 3}, {'Max_spout': 1, 'Spliters': 1, 'Counters': 9}, {'Max_spout': 100000.0, 'Spliters': 2, 'Counters': 1}, {'Max_spout': 1, 'Spliters': 6, 'Counters': 15}, {'Max_spout': 1, 'Spliters': 1, 'Counters': 3}, {'Max_spout': 1, 'Spliters': 1, 'Counters': 9}, {'Max_spout': 1, 'Spliters': 2, 'Counters': 3}, {'Max_spout': 1, 'Spliters': 1, 'Counters': 18}, {'Max_spout': 1, 'Spliters': 3, 'Counters': 3}
0.01410470296869645, 0.004705878549212082, 0.07602151997775577, 0.0, 0.0031668897553783866, 0.0020255808389428856, 0.0020255808389428856, 0.0020255808389428856, 0.004397110839524853, 0.0031668897553783866, 0.016426118838386784, 0.0031668897553783866, 0.003115159039619259, 0.05259397207834617, 0.011018642456691697, 0.0031668897553783866, 0.003115159039619259, 0.00613332298719019, 0.0, 0.017691904789617654
0.013584136962890625, 0.009291648864746094, 0.009840250015258789, 0.007470607757568359, 0.009891271591186523, 0.008233308792114258, 0.007902383804321289, 0.006289005279541016, 0.007222890853881836, 0.0070760250091552734, 0.007889747619628906, 0.006569862365722656, 0.010970354080200195, 0.008388280868530273, 0.008237838745117188, 0.006712913513183594, 0.012027263641357422, 0.009032726287841797, 0.008185148239135742, 0.007195711135864258