{'Max_spout': 1, 'Spliters': 3, 'Counters': 6}, {'Max_spout': 100, 'Spliters': 6, 'Counters': 1}, {'Max_spout': 10, 'Spliters': 2, 'Counters': 6}, {'Max_spout': 10, 'Spliters': 1, 'Counters': 18}, {'Max_spout': 1, 'Spliters': 6, 'Counters': 1}, {'Max_spout': 10, 'Spliters': 1, 'Counters': 12}, {'Max_spout': 1, 'Spliters': 1, 'Counters': 12}, {'Max_spout': 1, 'Spliters': 1, 'Counters': 3}, {'Max_spout': 1, 'Spliters': 3, 'Counters': 6}, {'Max_spout': 1000000.0, 'Spliters': 3, 'Counters': 12}, {'Max_spout': 1, 'Spliters': 2, 'Counters': 12}, {'Max_spout': 1, 'Spliters': 2, 'Counters': 9}, {'Max_spout': 1, 'Spliters': 2, 'Counters': 12}, {'Max_spout': 1, 'Spliters': 2, 'Counters': 18}, {'Max_spout': 1, 'Spliters': 1, 'Counters': 1}, {'Max_spout': 1, 'Spliters': 3, 'Counters': 9}, {'Max_spout': 1, 'Spliters': 3, 'Counters': 6}, {'Max_spout': 1000, 'Spliters': 6, 'Counters': 1}, {'Max_spout': 1, 'Spliters': 3, 'Counters': 9}, {'Max_spout': 1, 'Spliters': 3, 'Counters': 3}
0.01410470296869645, 0.0848739387120345, 0.2343692409164096, 0.18006815521801262, 0.015195897754240302, 0.18444910020886274, 0.0008018260942663026, 0.0031668897553783866, 0.01410470296869645, 0.2605417499207873, 0.005236118385743023, 0.006553635052733007, 0.005236118385743023, 0.004397110839524853, 0.004705878549212082, 0.013299643704695205, 0.01410470296869645, 0.12316436788298511, 0.013299643704695205, 0.017691904789617654
0.012469768524169922, 0.010439157485961914, 0.010882139205932617, 0.011076688766479492, 0.006982326507568359, 0.01006317138671875, 0.009581804275512695, 0.013041257858276367, 0.009997367858886719, 0.009375333786010742, 0.01072239875793457, 0.011330842971801758, 0.009604215621948242, 0.009519100189208984, 0.0106658935546875, 0.009432792663574219, 0.007544040679931641, 0.006976604461669922, 0.009819269180297852, 0.009829998016357422