{
  "incumbent_ids": [
    2
  ],
  "rejected_config_ids": [
    1,
    3,
    4,
    5,
    6,
    7,
    8,
    9
  ],
  "incumbents_changed": 2,
  "trajectory": [
    {
      "config_ids": [
        1
      ],
      "costs": [
        0.5284244521968797
      ],
      "trial": 1,
      "walltime": 2.1452999114990234
    },
    {
      "config_ids": [
        2
      ],
      "costs": [
        0.4948479630495024
      ],
      "trial": 2,
      "walltime": 82.64442467689514
    }
  ],
  "state": {
    "queue": []
  }
}