{
  "incumbent_ids": [
    6
  ],
  "rejected_config_ids": [
    1,
    3,
    4,
    2,
    5,
    7,
    8,
    9,
    10,
    11,
    12,
    13,
    14,
    15,
    16,
    17,
    18,
    19,
    20,
    21,
    22,
    23,
    24
  ],
  "incumbents_changed": 4,
  "trajectory": [
    {
      "config_ids": [
        1
      ],
      "costs": [
        0.4894151932259756
      ],
      "trial": 1,
      "walltime": 0.004784822463989258
    },
    {
      "config_ids": [
        2
      ],
      "costs": [
        0.29881398008585314
      ],
      "trial": 2,
      "walltime": 0.010369539260864258
    },
    {
      "config_ids": [
        5
      ],
      "costs": [
        0.2970334525356624
      ],
      "trial": 5,
      "walltime": 0.8325958251953125
    },
    {
      "config_ids": [
        6
      ],
      "costs": [
        0.03068700304183547
      ],
      "trial": 6,
      "walltime": 0.8401238918304443
    }
  ],
  "state": {
    "queue": [
      [
        24,
        1
      ]
    ]
  }
}