{
  "incumbent_ids": [
    14
  ],
  "rejected_config_ids": [
    1,
    3,
    4,
    5,
    6,
    7,
    8,
    9,
    10,
    11,
    12,
    13,
    2,
    15,
    16,
    17,
    18,
    19,
    20
  ],
  "incumbents_changed": 3,
  "trajectory": [
    {
      "config_ids": [
        1
      ],
      "costs": [
        0.8591820802462365
      ],
      "trial": 1,
      "walltime": 2.0589795112609863
    },
    {
      "config_ids": [
        2
      ],
      "costs": [
        0.8588242262715351
      ],
      "trial": 2,
      "walltime": 4.058795213699341
    },
    {
      "config_ids": [
        14
      ],
      "costs": [
        0.821180849363756
      ],
      "trial": 14,
      "walltime": 28.744051694869995
    }
  ],
  "state": {
    "queue": []
  }
}