{
  "incumbent_ids": [
    6
  ],
  "rejected_config_ids": [
    2,
    1,
    4,
    5,
    3,
    7,
    8,
    9,
    10
  ],
  "incumbents_changed": 3,
  "trajectory": [
    {
      "config_ids": [
        1
      ],
      "costs": [
        0.53501748244351
      ],
      "trial": 1,
      "walltime": 2.3029003143310547
    },
    {
      "config_ids": [
        3
      ],
      "costs": [
        0.479918180728774
      ],
      "trial": 3,
      "walltime": 6.681903123855591
    },
    {
      "config_ids": [
        6
      ],
      "costs": [
        0.4700560984345351
      ],
      "trial": 6,
      "walltime": 13.482497692108154
    }
  ],
  "state": {
    "queue": []
  }
}