{'Clndrs': 4.0, 'Volume': 78.0, 'Model': 78.0, 'origin': 3.0}, {'Clndrs': 4.0, 'Volume': 85.0, 'Model': 79.0, 'origin': 3.0}, {'Clndrs': 4.0, 'Volume': 91.0, 'Model': 80.0, 'origin': 3.0}, {'Clndrs': 4.0, 'Volume': 72.0, 'Model': 71.0, 'origin': 3.0}, {'Clndrs': 4.0, 'Volume': 98.0, 'Model': 71.0, 'origin': 1.0}, {'Clndrs': 5.0, 'Volume': 121.0, 'Model': 80.0, 'origin': 2.0}, {'Clndrs': 4.0, 'Volume': 68.0, 'Model': 73.0, 'origin': 2.0}, {'Clndrs': 4.0, 'Volume': 97.0, 'Model': 70.0, 'origin': 2.0}, {'Clndrs': 6.0, 'Volume': 262.0, 'Model': 82.0, 'origin': 1.0}, {'Clndrs': 4.0, 'Volume': 146.0, 'Model': 80.0, 'origin': 2.0}, {'Clndrs': 4.0, 'Volume': 85.0, 'Model': 79.0, 'origin': 3.0}, {'Clndrs': 4.0, 'Volume': 146.0, 'Model': 80.0, 'origin': 2.0}, {'Clndrs': 4.0, 'Volume': 98.0, 'Model': 79.0, 'origin': 1.0}, {'Clndrs': 4.0, 'Volume': 85.0, 'Model': 76.0, 'origin': 1.0}, {'Clndrs': 4.0, 'Volume': 79.0, 'Model': 81.0, 'origin': 3.0}, {'Clndrs': 4.0, 'Volume': 85.0, 'Model': 80.0, 'origin': 2.0}, {'Clndrs': 4.0, 'Volume': 141.0, 'Model': 81.0, 'origin': 2.0}, {'Clndrs': 6.0, 'Volume': 145.0, 'Model': 81.0, 'origin': 2.0}, {'Clndrs': 4.0, 'Volume': 91.0, 'Model': 71.0, 'origin': 1.0}, {'Clndrs': 5.0, 'Volume': 121.0, 'Model': 80.0, 'origin': 2.0}
0.34854013859025934, 0.35328328444748114, 0.40650069422537816, 0.27467083302654305, 0.3578925042330301, 0.31159152325128536, 0.34385632337349503, 0.3263298147356364, 0.38125731428387977, 0.4071477874217173, 0.35328328444748114, 0.4071477874217173, 0.3886093263676752, 0.30998225385304745, 0.30835304541281605, 0.2976352869025818, 0.419834366701459, 0.4235521708778065, 0.32909678259718966, 0.31159152325128536
81.06863284111023, 58.288520097732544, 64.26383948326111, 73.04205822944641, 69.51069259643555, 48.530112504959106, 69.77530264854431, 51.643600940704346, 66.41062331199646, 74.97284030914307, 52.350255250930786, 63.363200426101685, 51.09516453742981, 74.76427292823792, 63.0364191532135, 44.04598069190979, 45.979087591171265, 64.51350474357605, 55.35466527938843, 67.72379469871521