{'Spout_wait': 9.0, 'Spliters': 6.0, 'Counters': 17.0}, {'Spout_wait': 10.0, 'Spliters': 6.0, 'Counters': 17.0}, {'Spout_wait': 10.0, 'Spliters': 5.0, 'Counters': 18.0}, {'Spout_wait': 10.0, 'Spliters': 6.0, 'Counters': 18.0}, {'Spout_wait': 10.0, 'Spliters': 6.0, 'Counters': 17.0}, {'Spout_wait': 8.0, 'Spliters': 6.0, 'Counters': 18.0}, {'Spout_wait': 5.0, 'Spliters': 5.0, 'Counters': 18.0}, {'Spout_wait': 10.0, 'Spliters': 6.0, 'Counters': 17.0}, {'Spout_wait': 10.0, 'Spliters': 6.0, 'Counters': 17.0}, {'Spout_wait': 7.0, 'Spliters': 6.0, 'Counters': 17.0}, {'Spout_wait': 10.0, 'Spliters': 6.0, 'Counters': 18.0}, {'Spout_wait': 10.0, 'Spliters': 6.0, 'Counters': 17.0}, {'Spout_wait': 10.0, 'Spliters': 6.0, 'Counters': 17.0}, {'Spout_wait': 10.0, 'Spliters': 6.0, 'Counters': 17.0}, {'Spout_wait': 10.0, 'Spliters': 4.0, 'Counters': 15.0}, {'Spout_wait': 8.0, 'Spliters': 6.0, 'Counters': 18.0}, {'Spout_wait': 10.0, 'Spliters': 6.0, 'Counters': 17.0}, {'Spout_wait': 10.0, 'Spliters': 6.0, 'Counters': 17.0}, {'Spout_wait': 8.0, 'Spliters': 6.0, 'Counters': 18.0}, {'Spout_wait': 10.0, 'Spliters': 6.0, 'Counters': 17.0}
0.008586239120553896, 0.000747363758841324, 0.03932649393228327, 0.029511347490367323, 0.000747363758841324, 0.02340892060562716, 0.04923334370793886, 0.000747363758841324, 0.000747363758841324, 0.02810356721455487, 0.029511347490367323, 0.000747363758841324, 0.000747363758841324, 0.000747363758841324, 0.030368608200511682, 0.02340892060562716, 0.000747363758841324, 0.000747363758841324, 0.02340892060562716, 0.000747363758841324
182.11788392066956, 171.44509482383728, 171.26305389404297, 172.8879792690277, 173.02097296714783, 169.15852904319763, 170.98794651031494, 169.35268759727478, 170.29073977470398, 170.2654309272766, 171.12044501304626, 172.8232421875, 171.1343960762024, 169.66557621955872, 164.0140950679779, 164.5861701965332, 165.15329217910767, 164.2841513156891, 164.88110899925232, 167.05093908309937