{'Spout_wait': 10.0, 'Spliters': 3.0, 'Counters': 15.0}, {'Spout_wait': 6.0, 'Spliters': 5.0, 'Counters': 17.0}, {'Spout_wait': 4.0, 'Spliters': 3.0, 'Counters': 18.0}, {'Spout_wait': 7.0, 'Spliters': 6.0, 'Counters': 13.0}, {'Spout_wait': 4.0, 'Spliters': 6.0, 'Counters': 17.0}, {'Spout_wait': 100.0, 'Spliters': 3.0, 'Counters': 16.0}, {'Spout_wait': 2.0, 'Spliters': 6.0, 'Counters': 17.0}, {'Spout_wait': 2.0, 'Spliters': 4.0, 'Counters': 15.0}, {'Spout_wait': 9.0, 'Spliters': 4.0, 'Counters': 18.0}, {'Spout_wait': 7.0, 'Spliters': 6.0, 'Counters': 13.0}, {'Spout_wait': 9.0, 'Spliters': 4.0, 'Counters': 15.0}, {'Spout_wait': 6.0, 'Spliters': 4.0, 'Counters': 15.0}, {'Spout_wait': 3.0, 'Spliters': 6.0, 'Counters': 17.0}, {'Spout_wait': 100.0, 'Spliters': 2.0, 'Counters': 14.0}, {'Spout_wait': 10.0, 'Spliters': 3.0, 'Counters': 18.0}, {'Spout_wait': 5.0, 'Spliters': 6.0, 'Counters': 18.0}, {'Spout_wait': 10.0, 'Spliters': 6.0, 'Counters': 15.0}, {'Spout_wait': 10.0, 'Spliters': 2.0, 'Counters': 17.0}, {'Spout_wait': 3.0, 'Spliters': 6.0, 'Counters': 18.0}, {'Spout_wait': 3.0, 'Spliters': 4.0, 'Counters': 17.0}
0.0647745105971006, 0.05097415907938241, 0.08979103759176488, 0.07056443555047553, 0.04488372625774839, 0.1117508373118643, 0.03826415626869606, 0.0925167690679376, 0.060937930180403055, 0.07056443555047553, 0.0812022930997166, 0.08533242378318462, 0.031565920769186406, 0.12411293083187147, 0.06373979741961922, 0.03893991222898485, 0.050251845828924835, 0.07802982644100032, 0.05630847554506302, 0.07572545401912345
54.86090016365051, 43.58508253097534, 47.07441425323486, 44.395328521728516, 46.702460050582886, 43.787572622299194, 46.93630766868591, 50.37188529968262, 43.937201499938965, 47.25741410255432, 43.85652494430542, 47.110533237457275, 46.984232664108276, 43.65792512893677, 46.34885239601135, 43.91283059120178, 46.72026014328003, 43.70254826545715, 40.44008135795593, 46.979063510894775