{'Spout_wait': 1.0, 'Spliters': 3.0, 'Counters': 11.0}, {'Spout_wait': 3.0, 'Spliters': 5.0, 'Counters': 6.0}, {'Spout_wait': 5.0, 'Spliters': 3.0, 'Counters': 17.0}, {'Spout_wait': 2.0, 'Spliters': 3.0, 'Counters': 18.0}, {'Spout_wait': 5.0, 'Spliters': 4.0, 'Counters': 11.0}, {'Spout_wait': 6.0, 'Spliters': 4.0, 'Counters': 1.0}, {'Spout_wait': 5.0, 'Spliters': 3.0, 'Counters': 14.0}, {'Spout_wait': 2.0, 'Spliters': 3.0, 'Counters': 16.0}, {'Spout_wait': 3.0, 'Spliters': 6.0, 'Counters': 1.0}, {'Spout_wait': 5.0, 'Spliters': 4.0, 'Counters': 6.0}, {'Spout_wait': 5.0, 'Spliters': 6.0, 'Counters': 16.0}, {'Spout_wait': 4.0, 'Spliters': 6.0, 'Counters': 2.0}, {'Spout_wait': 6.0, 'Spliters': 5.0, 'Counters': 16.0}, {'Spout_wait': 2.0, 'Spliters': 3.0, 'Counters': 12.0}, {'Spout_wait': 3.0, 'Spliters': 4.0, 'Counters': 18.0}, {'Spout_wait': 2.0, 'Spliters': 5.0, 'Counters': 15.0}, {'Spout_wait': 5.0, 'Spliters': 6.0, 'Counters': 16.0}, {'Spout_wait': 5.0, 'Spliters': 5.0, 'Counters': 10.0}, {'Spout_wait': 6.0, 'Spliters': 4.0, 'Counters': 13.0}, {'Spout_wait': 1.0, 'Spliters': 5.0, 'Counters': 12.0}
0.09048089118900249, 0.101259417423478, 0.08431319156724504, 0.09736732522176661, 0.09377453251947299, 0.0528754203724453, 0.11743945691588298, 0.06682831248794607, 0.06095920606992189, 0.1076670091556513, 0.05281542808411355, 0.09119933091037646, 0.05874364051266878, 0.08125943081752762, 0.06347431254953839, 0.08563030302365293, 0.05281542808411355, 0.04293529150197439, 0.06622868155999706, 0.09089978871582372
39.3171751499176, 36.27106857299805, 38.308130502700806, 34.76896405220032, 35.534236669540405, 34.8143789768219, 34.42531394958496, 37.25448799133301, 39.689263105392456, 39.626681327819824, 34.28775215148926, 42.76352524757385, 39.15647077560425, 34.42710995674133, 37.071885108947754, 36.59675359725952, 34.39286160469055, 37.08858275413513, 38.83726382255554, 34.13247585296631