{'Max_spout': 1000000.0, 'Spliters': 2.0, 'Counters': 18.0}, {'Max_spout': 10000.0, 'Spliters': 1.0, 'Counters': 15.0}, {'Max_spout': 10000.0, 'Spliters': 1.0, 'Counters': 13.0}, {'Max_spout': 10000.0, 'Spliters': 2.0, 'Counters': 15.0}, {'Max_spout': 100000.0, 'Spliters': 2.0, 'Counters': 13.0}, {'Max_spout': 1000000.0, 'Spliters': 2.0, 'Counters': 15.0}, {'Max_spout': 10000.0, 'Spliters': 2.0, 'Counters': 12.0}, {'Max_spout': 10000.0, 'Spliters': 1.0, 'Counters': 15.0}, {'Max_spout': 100000.0, 'Spliters': 2.0, 'Counters': 13.0}, {'Max_spout': 10000.0, 'Spliters': 2.0, 'Counters': 14.0}, {'Max_spout': 1000000.0, 'Spliters': 2.0, 'Counters': 15.0}, {'Max_spout': 1000.0, 'Spliters': 1.0, 'Counters': 14.0}, {'Max_spout': 10000.0, 'Spliters': 1.0, 'Counters': 15.0}, {'Max_spout': 10000.0, 'Spliters': 2.0, 'Counters': 12.0}, {'Max_spout': 1000.0, 'Spliters': 1.0, 'Counters': 12.0}, {'Max_spout': 1000.0, 'Spliters': 1.0, 'Counters': 14.0}, {'Max_spout': 10000.0, 'Spliters': 1.0, 'Counters': 9.0}, {'Max_spout': 100000.0, 'Spliters': 2.0, 'Counters': 14.0}, {'Max_spout': 10000.0, 'Spliters': 2.0, 'Counters': 15.0}, {'Max_spout': 100000.0, 'Spliters': 1.0, 'Counters': 6.0}
0.13380251720146819, 0.23133295685818278, 0.24227665075601124, 0.12284324324612461, 0.14855608246731045, 0.19052519703880066, 0.16476005941792837, 0.23133295685818278, 0.14855608246731045, 0.15332396214456634, 0.19052519703880066, 0.21626152942507804, 0.23133295685818278, 0.16476005941792837, 0.2226217790786872, 0.21626152942507804, 0.24205134551675467, 0.17424465104643616, 0.12284324324612461, 0.2656392446155573
115.12951445579529, 108.49935984611511, 103.3978660106659, 103.91509342193604, 103.40564274787903, 105.93206644058228, 104.28939485549927, 107.3092634677887, 103.40170812606812, 108.36725926399231, 104.91932916641235, 103.68963932991028, 107.30362486839294, 105.72778248786926, 109.84116077423096, 106.78754901885986, 103.49374985694885, 102.8052670955658, 106.77813148498535, 105.44392108917236