{'Max_spout': 10000.0, 'Spliters': 2.0, 'Counters': 16.0}, {'Max_spout': 100000.0, 'Spliters': 2.0, 'Counters': 17.0}, {'Max_spout': 1000000.0, 'Spliters': 2.0, 'Counters': 7.0}, {'Max_spout': 1000.0, 'Spliters': 1.0, 'Counters': 16.0}, {'Max_spout': 100000.0, 'Spliters': 2.0, 'Counters': 13.0}, {'Max_spout': 10000.0, 'Spliters': 1.0, 'Counters': 5.0}, {'Max_spout': 100000.0, 'Spliters': 1.0, 'Counters': 10.0}, {'Max_spout': 100000.0, 'Spliters': 2.0, 'Counters': 13.0}, {'Max_spout': 100000.0, 'Spliters': 2.0, 'Counters': 11.0}, {'Max_spout': 1000000.0, 'Spliters': 2.0, 'Counters': 15.0}, {'Max_spout': 10000.0, 'Spliters': 1.0, 'Counters': 18.0}, {'Max_spout': 10000.0, 'Spliters': 1.0, 'Counters': 7.0}, {'Max_spout': 10000.0, 'Spliters': 1.0, 'Counters': 18.0}, {'Max_spout': 100000.0, 'Spliters': 2.0, 'Counters': 17.0}, {'Max_spout': 10000.0, 'Spliters': 2.0, 'Counters': 17.0}, {'Max_spout': 1000.0, 'Spliters': 1.0, 'Counters': 16.0}, {'Max_spout': 1000.0, 'Spliters': 2.0, 'Counters': 17.0}, {'Max_spout': 10000.0, 'Spliters': 2.0, 'Counters': 17.0}, {'Max_spout': 100000.0, 'Spliters': 2.0, 'Counters': 14.0}, {'Max_spout': 1000.0, 'Spliters': 1.0, 'Counters': 13.0}
0.1811405273230916, 0.12371969767889157, 0.2768382309227042, 0.19199060033478188, 0.14855608246731045, 0.25163726559968014, 0.2534341111142201, 0.14855608246731045, 0.17117835533245507, 0.19052519703880066, 0.24324610341910924, 0.27632437904849594, 0.24324610341910924, 0.12371969767889157, 0.13361873109709843, 0.19199060033478188, 0.20413732624457137, 0.13361873109709843, 0.17424465104643616, 0.21612041686248584
71.74914789199829, 67.923175573349, 67.19090867042542, 65.36309123039246, 65.19016766548157, 64.68991708755493, 65.23034381866455, 68.01679682731628, 64.45093607902527, 65.5980441570282, 66.95677351951599, 64.91352868080139, 67.3416998386383, 66.90314054489136, 67.53613305091858, 64.9611291885376, 66.42101979255676, 62.56695890426636, 64.3220226764679, 65.06862878799438