{'Max_spout': 1000.0, 'Spliters': 2.0, 'Counters': 9.0}, {'Max_spout': 100000.0, 'Spliters': 6.0, 'Counters': 18.0}, {'Max_spout': 100000.0, 'Spliters': 2.0, 'Counters': 9.0}, {'Max_spout': 10000.0, 'Spliters': 2.0, 'Counters': 9.0}, {'Max_spout': 1000.0, 'Spliters': 2.0, 'Counters': 18.0}, {'Max_spout': 1000.0, 'Spliters': 2.0, 'Counters': 15.0}, {'Max_spout': 100.0, 'Spliters': 2.0, 'Counters': 9.0}, {'Max_spout': 1000000.0, 'Spliters': 6.0, 'Counters': 12.0}, {'Max_spout': 1000.0, 'Spliters': 2.0, 'Counters': 15.0}, {'Max_spout': 1000.0, 'Spliters': 6.0, 'Counters': 12.0}, {'Max_spout': 1000.0, 'Spliters': 2.0, 'Counters': 15.0}, {'Max_spout': 1000.0, 'Spliters': 2.0, 'Counters': 15.0}, {'Max_spout': 1000000.0, 'Spliters': 6.0, 'Counters': 12.0}, {'Max_spout': 10000.0, 'Spliters': 2.0, 'Counters': 6.0}, {'Max_spout': 1000.0, 'Spliters': 6.0, 'Counters': 18.0}, {'Max_spout': 100000.0, 'Spliters': 2.0, 'Counters': 15.0}, {'Max_spout': 1000.0, 'Spliters': 2.0, 'Counters': 15.0}, {'Max_spout': 10000.0, 'Spliters': 6.0, 'Counters': 18.0}, {'Max_spout': 1000.0, 'Spliters': 2.0, 'Counters': 12.0}, {'Max_spout': 100000.0, 'Spliters': 2.0, 'Counters': 12.0}
0.3843556979164898, 0.46030367959212204, 0.4706443900630809, 0.3915810157618045, 0.3670307857723123, 0.3534006710681069, 0.4332312508997562, 0.45132372310007496, 0.3534006710681069, 0.4645319179187546, 0.3534006710681069, 0.3534006710681069, 0.45132372310007496, 0.4048595507354926, 0.46457481367963727, 0.43629833300548926, 0.3534006710681069, 0.4475080432583598, 0.34825220828017067, 0.43816135911088994
275.7990679740906, 268.9904832839966, 270.85901284217834, 274.4811325073242, 270.00060415267944, 270.654629945755, 267.6755473613739, 268.38870787620544, 268.1769449710846, 272.8978888988495, 270.5070345401764, 274.4671175479889, 272.3127043247223, 271.60938692092896, 270.6241524219513, 272.90846371650696, 269.32533740997314, 275.06236577033997, 270.33635210990906, 265.7630054950714