{'Max_spout': 1.0, 'Spliters': 2.0, 'Counters': 1.0}, {'Max_spout': 1.0, 'Spliters': 1.0, 'Counters': 12.0}, {'Max_spout': 1.0, 'Spliters': 1.0, 'Counters': 12.0}, {'Max_spout': 1.0, 'Spliters': 2.0, 'Counters': 9.0}, {'Max_spout': 1.0, 'Spliters': 1.0, 'Counters': 18.0}, {'Max_spout': 1.0, 'Spliters': 1.0, 'Counters': 15.0}, {'Max_spout': 1.0, 'Spliters': 1.0, 'Counters': 6.0}, {'Max_spout': 1.0, 'Spliters': 1.0, 'Counters': 9.0}, {'Max_spout': 10000.0, 'Spliters': 2.0, 'Counters': 1.0}, {'Max_spout': 1.0, 'Spliters': 1.0, 'Counters': 18.0}, {'Max_spout': 1.0, 'Spliters': 6.0, 'Counters': 6.0}, {'Max_spout': 1.0, 'Spliters': 1.0, 'Counters': 1.0}, {'Max_spout': 1.0, 'Spliters': 2.0, 'Counters': 9.0}, {'Max_spout': 1.0, 'Spliters': 2.0, 'Counters': 6.0}, {'Max_spout': 1.0, 'Spliters': 1.0, 'Counters': 12.0}, {'Max_spout': 1.0, 'Spliters': 1.0, 'Counters': 9.0}, {'Max_spout': 1.0, 'Spliters': 2.0, 'Counters': 15.0}, {'Max_spout': 1.0, 'Spliters': 6.0, 'Counters': 18.0}, {'Max_spout': 1.0, 'Spliters': 2.0, 'Counters': 18.0}, {'Max_spout': 1.0, 'Spliters': 1.0, 'Counters': 6.0}
0.003421972853229538, 0.0, 0.0, 0.007009832850352171, 0.0015707897696076722, 0.002165341037543289, 0.003361783712524935, 0.0018937558904615903, 0.06821925289128083, 0.0015707897696076722, 0.013611553966170753, 0.004807791117257265, 0.007009832850352171, 0.007622000452152555, 0.0, 0.0018937558904615903, 0.005399406329548717, 0.010017821857759901, 0.0048591720910294844, 0.003361783712524935
174.09974813461304, 160.5780746936798, 161.79355001449585, 159.78017401695251, 159.3909285068512, 158.35380363464355, 162.37096762657166, 159.3457624912262, 157.95430660247803, 161.04234957695007, 155.41421031951904, 158.15326261520386, 155.61578035354614, 160.5094861984253, 163.36457562446594, 161.20963287353516, 159.44083452224731, 158.9479627609253, 162.93167114257812, 160.2957468032837