{'Max_spout': 1.0, 'Spliters': 2.0, 'Counters': 12.0}, {'Max_spout': 1.0, 'Spliters': 6.0, 'Counters': 1.0}, {'Max_spout': 1000.0, 'Spliters': 2.0, 'Counters': 1.0}, {'Max_spout': 1.0, 'Spliters': 1.0, 'Counters': 6.0}, {'Max_spout': 100000.0, 'Spliters': 2.0, 'Counters': 1.0}, {'Max_spout': 1.0, 'Spliters': 1.0, 'Counters': 18.0}, {'Max_spout': 1.0, 'Spliters': 1.0, 'Counters': 9.0}, {'Max_spout': 10.0, 'Spliters': 3.0, 'Counters': 9.0}, {'Max_spout': 10000.0, 'Spliters': 1.0, 'Counters': 3.0}, {'Max_spout': 1.0, 'Spliters': 2.0, 'Counters': 15.0}, {'Max_spout': 100.0, 'Spliters': 6.0, 'Counters': 1.0}, {'Max_spout': 1.0, 'Spliters': 6.0, 'Counters': 1.0}, {'Max_spout': 1.0, 'Spliters': 2.0, 'Counters': 3.0}, {'Max_spout': 1.0, 'Spliters': 6.0, 'Counters': 9.0}, {'Max_spout': 1.0, 'Spliters': 1.0, 'Counters': 3.0}, {'Max_spout': 10000.0, 'Spliters': 3.0, 'Counters': 6.0}, {'Max_spout': 1.0, 'Spliters': 1.0, 'Counters': 18.0}, {'Max_spout': 10000.0, 'Spliters': 6.0, 'Counters': 1.0}, {'Max_spout': 1.0, 'Spliters': 3.0, 'Counters': 12.0}, {'Max_spout': 100000.0, 'Spliters': 1.0, 'Counters': 1.0}
0.004038446411506524, 0.014498574912093054, 0.06312562028562008, 0.0032401294043417073, 0.037256467288249384, 0.001956462434749673, 0.0012736252462314246, 0.20174993765763416, 0.2013650049288126, 0.003507908693956674, 0.0778819327639676, 0.014498574912093054, 0.0038543481498961585, 0.009792353897109196, 0.0019296845057882317, 0.20141521354561542, 0.001956462434749673, 0.0681966905827045, 0.01014716145584904, 0.057947438272689666
87.77198314666748, 84.84022784233093, 83.15537881851196, 82.93788981437683, 80.50620198249817, 80.52810049057007, 82.73961305618286, 79.82281708717346, 77.98175477981567, 76.96595430374146, 74.48223614692688, 77.5863528251648, 76.45004343986511, 74.88542175292969, 77.7596046924591, 77.30683374404907, 79.61780142784119, 77.43772029876709, 74.59239983558655, 77.27608561515808