{'Max_spout': 10.0, 'Spliters': 2.0, 'Counters': 1.0}, {'Max_spout': 1.0, 'Spliters': 2.0, 'Counters': 6.0}, {'Max_spout': 1.0, 'Spliters': 1.0, 'Counters': 15.0}, {'Max_spout': 1.0, 'Spliters': 1.0, 'Counters': 15.0}, {'Max_spout': 1.0, 'Spliters': 1.0, 'Counters': 3.0}, {'Max_spout': 1.0, 'Spliters': 2.0, 'Counters': 18.0}, {'Max_spout': 1.0, 'Spliters': 6.0, 'Counters': 12.0}, {'Max_spout': 1.0, 'Spliters': 1.0, 'Counters': 1.0}, {'Max_spout': 10.0, 'Spliters': 3.0, 'Counters': 3.0}, {'Max_spout': 1.0, 'Spliters': 2.0, 'Counters': 18.0}, {'Max_spout': 1.0, 'Spliters': 2.0, 'Counters': 6.0}, {'Max_spout': 1.0, 'Spliters': 2.0, 'Counters': 1.0}, {'Max_spout': 10.0, 'Spliters': 3.0, 'Counters': 1.0}, {'Max_spout': 1.0, 'Spliters': 2.0, 'Counters': 12.0}, {'Max_spout': 10.0, 'Spliters': 3.0, 'Counters': 3.0}, {'Max_spout': 10.0, 'Spliters': 2.0, 'Counters': 1.0}, {'Max_spout': 1.0, 'Spliters': 1.0, 'Counters': 15.0}, {'Max_spout': 1.0, 'Spliters': 1.0, 'Counters': 15.0}, {'Max_spout': 1.0, 'Spliters': 1.0, 'Counters': 15.0}, {'Max_spout': 10.0, 'Spliters': 2.0, 'Counters': 1.0}
0.048416169182955215, 0.002341395163571347, 0.0, 0.0, 0.0019296845057882317, 0.00412714830119143, 0.010963888289174828, 0.0023531105074919845, 0.16811016439974757, 0.00412714830119143, 0.002341395163571347, 0.0019045801973868182, 0.05419350735639916, 0.004038446411506524, 0.16811016439974757, 0.048416169182955215, 0.0, 0.0, 0.0, 0.048416169182955215
239.12773656845093, 234.3332920074463, 242.23379397392273, 243.6726472377777, 247.04013538360596, 244.8085150718689, 245.69378352165222, 247.74532461166382, 241.3909571170807, 243.395117521286, 247.3969864845276, 242.93023777008057, 244.17553901672363, 241.18105125427246, 234.445050239563, 241.00991034507751, 238.09618854522705, 235.66194868087769, 240.0209276676178, 240.78144216537476