{
  "incumbent_ids": [
    7
  ],
  "rejected_config_ids": [
    1,
    3,
    4,
    5,
    6,
    2,
    8,
    9
  ],
  "incumbents_changed": 3,
  "trajectory": [
    {
      "config_ids": [
        1
      ],
      "costs": [
        0.33747569033611646
      ],
      "trial": 1,
      "walltime": 1.914566993713379
    },
    {
      "config_ids": [
        2
      ],
      "costs": [
        0.3231497412421964
      ],
      "trial": 2,
      "walltime": 77.93704390525818
    },
    {
      "config_ids": [
        7
      ],
      "costs": [
        0.311983789262141
      ],
      "trial": 7,
      "walltime": 86.1588945388794
    }
  ],
  "state": {
    "queue": []
  }
}