{
  "incumbent_ids": [
    2
  ],
  "rejected_config_ids": [
    1
  ],
  "incumbents_changed": 2,
  "trajectory": [
    {
      "config_ids": [
        1
      ],
      "costs": [
        0.7927490163822407
      ],
      "trial": 1,
      "walltime": 2.5505764484405518
    },
    {
      "config_ids": [
        2
      ],
      "costs": [
        0.7908983512833465
      ],
      "trial": 2,
      "walltime": 4.746243953704834
    }
  ],
  "state": {
    "queue": []
  }
}