{
  "incumbent_ids": [
    7
  ],
  "rejected_config_ids": [
    1,
    3,
    4,
    2,
    6,
    5,
    8,
    9,
    10
  ],
  "incumbents_changed": 4,
  "trajectory": [
    {
      "config_ids": [
        1
      ],
      "costs": [
        0.005240548096662634
      ],
      "trial": 1,
      "walltime": 0.6489987373352051
    },
    {
      "config_ids": [
        2
      ],
      "costs": [
        0.001621774144786703
      ],
      "trial": 2,
      "walltime": 1.2913072109222412
    },
    {
      "config_ids": [
        5
      ],
      "costs": [
        0.001012291577289548
      ],
      "trial": 5,
      "walltime": 3.392298936843872
    },
    {
      "config_ids": [
        7
      ],
      "costs": [
        1.8974348638955973e-06
      ],
      "trial": 7,
      "walltime": 4.914155721664429
    }
  ],
  "state": {
    "queue": []
  }
}