{
  "incumbent_ids": [
    48
  ],
  "rejected_config_ids": [
    2,
    3,
    4,
    5,
    6,
    7,
    8,
    9,
    10,
    1,
    12,
    13,
    14,
    15,
    16,
    17,
    18,
    19,
    20,
    21,
    22,
    23,
    11,
    25,
    26,
    27,
    28,
    29,
    30,
    31,
    32,
    33,
    34,
    35,
    36,
    37,
    38,
    39,
    40,
    41,
    42,
    43,
    44,
    45,
    46,
    47,
    24,
    49,
    50,
    51,
    52,
    53,
    54,
    55,
    56,
    57,
    58,
    59,
    60,
    61,
    62,
    63,
    64,
    65,
    66,
    67,
    68,
    69,
    70,
    71,
    72,
    73,
    74,
    75,
    76,
    77,
    78,
    79,
    80,
    81,
    82,
    83,
    84,
    85,
    86,
    87,
    88,
    89,
    90,
    91,
    92,
    93,
    94,
    95,
    96,
    97,
    98,
    99,
    100
  ],
  "incumbents_changed": 4,
  "trajectory": [
    {
      "config_ids": [
        1
      ],
      "costs": [
        0.1349701496760729
      ],
      "trial": 1,
      "walltime": 0.015549659729003906
    },
    {
      "config_ids": [
        11
      ],
      "costs": [
        0.1310118289169686
      ],
      "trial": 11,
      "walltime": 2.996751308441162
    },
    {
      "config_ids": [
        24
      ],
      "costs": [
        0.0981029695840332
      ],
      "trial": 24,
      "walltime": 6.413708448410034
    },
    {
      "config_ids": [
        48
      ],
      "costs": [
        0.07972572008593182
      ],
      "trial": 48,
      "walltime": 17.841561555862427
    }
  ],
  "state": {
    "queue": [
      [
        100,
        1
      ]
    ]
  }
}