{
  "incumbent_ids": [
    2
  ],
  "rejected_config_ids": [
    1,
    3,
    4,
    5,
    6
  ],
  "incumbents_changed": 2,
  "trajectory": [
    {
      "config_ids": [
        1
      ],
      "costs": [
        0.44826244223789824
      ],
      "trial": 1,
      "walltime": 0.009078025817871094
    },
    {
      "config_ids": [
        2
      ],
      "costs": [
        0.2175876812689106
      ],
      "trial": 2,
      "walltime": 2.653522491455078
    }
  ],
  "state": {
    "queue": [
      [
        6,
        1
      ]
    ]
  }
}