{
  "incumbent_ids": [
    3
  ],
  "rejected_config_ids": [
    1,
    2,
    4,
    5,
    6,
    7,
    8,
    9,
    10,
    11,
    12
  ],
  "incumbents_changed": 3,
  "trajectory": [
    {
      "config_ids": [
        1
      ],
      "costs": [
        0.6798531712793187
      ],
      "trial": 1,
      "walltime": 0.0131683349609375
    },
    {
      "config_ids": [
        2
      ],
      "costs": [
        0.5178269270111757
      ],
      "trial": 2,
      "walltime": 0.03654813766479492
    },
    {
      "config_ids": [
        3
      ],
      "costs": [
        0.5141950632806958
      ],
      "trial": 3,
      "walltime": 9.822712659835815
    }
  ],
  "state": {
    "queue": [
      [
        12,
        1
      ]
    ]
  }
}