{
  "incumbent_ids": [
    2
  ],
  "rejected_config_ids": [
    1,
    3,
    4,
    5
  ],
  "incumbents_changed": 2,
  "trajectory": [
    {
      "config_ids": [
        1
      ],
      "costs": [
        0.5434296311977073
      ],
      "trial": 1,
      "walltime": 2.238957166671753
    },
    {
      "config_ids": [
        2
      ],
      "costs": [
        0.5219252976936036
      ],
      "trial": 2,
      "walltime": 69.08503746986389
    }
  ],
  "state": {
    "queue": [
      [
        5,
        1
      ]
    ]
  }
}