{
  "incumbent_ids": [
    10
  ],
  "rejected_config_ids": [
    2,
    1,
    4,
    5,
    6,
    7,
    3,
    9,
    8,
    11,
    12,
    13,
    14,
    15,
    16,
    17,
    18,
    19,
    20
  ],
  "incumbents_changed": 4,
  "trajectory": [
    {
      "config_ids": [
        1
      ],
      "costs": [
        0.5007961790718396
      ],
      "trial": 1,
      "walltime": 3.4367835521698
    },
    {
      "config_ids": [
        3
      ],
      "costs": [
        0.36462610868259504
      ],
      "trial": 3,
      "walltime": 11.167028903961182
    },
    {
      "config_ids": [
        8
      ],
      "costs": [
        0.3432795285390191
      ],
      "trial": 8,
      "walltime": 30.528505325317383
    },
    {
      "config_ids": [
        10
      ],
      "costs": [
        0.2719754752905732
      ],
      "trial": 10,
      "walltime": 38.08650827407837
    }
  ],
  "state": {
    "queue": []
  }
}