{
  "incumbent_ids": [
    2
  ],
  "rejected_config_ids": [
    1,
    3,
    4,
    5
  ],
  "incumbents_changed": 2,
  "trajectory": [
    {
      "config_ids": [
        1
      ],
      "costs": [
        0.8593899387688044
      ],
      "trial": 1,
      "walltime": 2.2280375957489014
    },
    {
      "config_ids": [
        2
      ],
      "costs": [
        0.8592192564003072
      ],
      "trial": 2,
      "walltime": 84.28893518447876
    }
  ],
  "state": {
    "queue": [
      [
        5,
        1
      ]
    ]
  }
}