{
  "incumbent_ids": [
    12
  ],
  "rejected_config_ids": [
    2,
    3,
    4,
    5,
    6,
    1,
    8,
    9,
    10,
    11,
    7,
    13,
    14,
    15,
    16,
    17,
    18
  ],
  "incumbents_changed": 3,
  "trajectory": [
    {
      "config_ids": [
        1
      ],
      "costs": [
        0.16400266636957506
      ],
      "trial": 1,
      "walltime": 0.007437944412231445
    },
    {
      "config_ids": [
        7
      ],
      "costs": [
        0.1371195881868401
      ],
      "trial": 7,
      "walltime": 3.6711161136627197
    },
    {
      "config_ids": [
        12
      ],
      "costs": [
        0.12533419029803206
      ],
      "trial": 12,
      "walltime": 7.76982045173645
    }
  ],
  "state": {
    "queue": [
      [
        18,
        1
      ]
    ]
  }
}