{
  "incumbent_ids": [
    7
  ],
  "rejected_config_ids": [
    1,
    3,
    4,
    5,
    6,
    2,
    8,
    9
  ],
  "incumbents_changed": 3,
  "trajectory": [
    {
      "config_ids": [
        1
      ],
      "costs": [
        0.5377513807113833
      ],
      "trial": 1,
      "walltime": 2.0121936798095703
    },
    {
      "config_ids": [
        2
      ],
      "costs": [
        0.48621966226515534
      ],
      "trial": 2,
      "walltime": 4.3060173988342285
    },
    {
      "config_ids": [
        7
      ],
      "costs": [
        0.4852800605774461
      ],
      "trial": 7,
      "walltime": 108.98168516159058
    }
  ],
  "state": {
    "queue": []
  }
}