{
  "stats": {
    "submitted": 6,
    "finished": 6,
    "running": 0
  },
  "data": [
    [
      1,
      null,
      774252441,
      null,
      0.06656014043708924,
      0.002614259719848633,
      1,
      1763363357.6437347,
      1763363357.6481206,
      {}
    ],
    [
      2,
      null,
      774252441,
      null,
      0.30741903217686706,
      0.0013804435729980469,
      1,
      1763363357.657615,
      1763363357.6606362,
      {}
    ],
    [
      3,
      null,
      774252441,
      null,
      0.29402525847045125,
      0.001556396484375,
      1,
      1763363357.6652372,
      1763363357.6682425,
      {}
    ],
    [
      4,
      null,
      774252441,
      null,
      0.5289941904589117,
      0.0021402835845947266,
      1,
      1763363359.5103095,
      1763363359.5141637,
      {}
    ],
    [
      5,
      null,
      774252441,
      null,
      0.3044291695176491,
      0.0022978782653808594,
      1,
      1763363359.5189414,
      1763363359.522778,
      {}
    ],
    [
      6,
      null,
      774252441,
      null,
      0.094455168677133,
      0.0017185211181640625,
      1,
      1763363359.5274677,
      1763363359.530643,
      {}
    ]
  ],
  "configs": {
    "1": {
      "data_alignFieldPointers": 1,
      "explorationId": 2,
      "no_explorationId": 1,
      "opt_unroll": 1,
      "opt_unroll_interleave": 1,
      "opt_useAddressPrecalc": 1,
      "opt_vectorize": 0,
      "poly_tileSize_x": 0,
      "poly_tileSize_y": 0,
      "poly_tileSize_z": 32,
      "simd_avoidUnaligned": 1
    },
    "2": {
      "data_alignFieldPointers": 0,
      "explorationId": 0,
      "no_explorationId": 0,
      "opt_unroll": 3,
      "opt_unroll_interleave": 0,
      "opt_useAddressPrecalc": 0,
      "opt_vectorize": 0,
      "poly_tileSize_x": 128,
      "poly_tileSize_y": 20,
      "poly_tileSize_z": 16,
      "simd_avoidUnaligned": 1
    },
    "3": {
      "data_alignFieldPointers": 0,
      "explorationId": 4,
      "no_explorationId": 1,
      "opt_unroll": 1,
      "opt_unroll_interleave": 1,
      "opt_useAddressPrecalc": 0,
      "opt_vectorize": 0,
      "poly_tileSize_x": 64,
      "poly_tileSize_y": 32,
      "poly_tileSize_z": 16,
      "simd_avoidUnaligned": 1
    },
    "4": {
      "data_alignFieldPointers": 1,
      "explorationId": 4,
      "no_explorationId": 0,
      "opt_unroll": 1,
      "opt_unroll_interleave": 0,
      "opt_useAddressPrecalc": 0,
      "opt_vectorize": 1,
      "poly_tileSize_x": 20,
      "poly_tileSize_y": 32,
      "poly_tileSize_z": 64,
      "simd_avoidUnaligned": 0
    },
    "5": {
      "data_alignFieldPointers": 0,
      "explorationId": 4,
      "no_explorationId": 1,
      "opt_unroll": 3,
      "opt_unroll_interleave": 1,
      "opt_useAddressPrecalc": 1,
      "opt_vectorize": 1,
      "poly_tileSize_x": 10,
      "poly_tileSize_y": 0,
      "poly_tileSize_z": 20,
      "simd_avoidUnaligned": 0
    },
    "6": {
      "data_alignFieldPointers": 1,
      "explorationId": 2,
      "no_explorationId": 1,
      "opt_unroll": 2,
      "opt_unroll_interleave": 0,
      "opt_useAddressPrecalc": 1,
      "opt_vectorize": 1,
      "poly_tileSize_x": 0,
      "poly_tileSize_y": 0,
      "poly_tileSize_z": 10,
      "simd_avoidUnaligned": 0
    }
  },
  "config_origins": {
    "1": "Initial Design: Sobol",
    "2": "Random Search",
    "3": "Random Search",
    "4": "Acquisition Function Maximizer: Local Search",
    "5": "Acquisition Function Maximizer: Local Search",
    "6": "Acquisition Function Maximizer: Local Search"
  }
}