{
  "stats": {
    "submitted": 17,
    "finished": 17,
    "running": 0
  },
  "data": [
    [
      1,
      null,
      662124363,
      null,
      0.5130400703430125,
      0.05112314224243164,
      1,
      1763050750.0082855,
      1763050750.06071,
      {}
    ],
    [
      2,
      null,
      662124363,
      null,
      0.5494001897600241,
      0.0477144718170166,
      1,
      1763050750.0716937,
      1763050750.1207,
      {}
    ],
    [
      3,
      null,
      662124363,
      null,
      0.5109248181798868,
      0.044107675552368164,
      1,
      1763050750.7260053,
      1763050750.7711124,
      {}
    ],
    [
      4,
      null,
      662124363,
      null,
      0.6980138915767955,
      0.05158519744873047,
      1,
      1763050750.7748673,
      1763050750.827385,
      {}
    ],
    [
      5,
      null,
      662124363,
      null,
      0.522176146264423,
      0.08512282371520996,
      1,
      1763050750.8371596,
      1763050750.9233725,
      {}
    ],
    [
      6,
      null,
      662124363,
      null,
      0.6968452731210879,
      0.03973674774169922,
      1,
      1763050750.927528,
      1763050750.9683242,
      {}
    ],
    [
      7,
      null,
      662124363,
      null,
      0.6040692187838723,
      0.04413342475891113,
      1,
      1763050750.9717033,
      1763050751.0168586,
      {}
    ],
    [
      8,
      null,
      662124363,
      null,
      0.4716991532748779,
      0.05404996871948242,
      1,
      1763050751.0219474,
      1763050751.07784,
      {}
    ],
    [
      9,
      null,
      662124363,
      null,
      0.3893870191155626,
      0.047033071517944336,
      1,
      1763050751.082627,
      1763050751.1307337,
      {}
    ],
    [
      10,
      null,
      662124363,
      null,
      0.5637853132975172,
      0.04158926010131836,
      1,
      1763050751.6443076,
      1763050751.6869202,
      {}
    ],
    [
      11,
      null,
      662124363,
      null,
      0.5294481335049132,
      0.040988922119140625,
      1,
      1763050751.6910646,
      1763050751.7330883,
      {}
    ],
    [
      12,
      null,
      662124363,
      null,
      0.5273971509438041,
      0.04107236862182617,
      1,
      1763050751.7375681,
      1763050751.7797096,
      {}
    ],
    [
      13,
      null,
      662124363,
      null,
      0.6520365734092854,
      0.040018320083618164,
      1,
      1763050751.784979,
      1763050751.8260853,
      {}
    ],
    [
      14,
      null,
      662124363,
      null,
      0.45021922311446794,
      0.06636905670166016,
      1,
      1763050751.8308423,
      1763050751.8982856,
      {}
    ],
    [
      15,
      null,
      662124363,
      null,
      0.5290132676239666,
      0.041005849838256836,
      1,
      1763050751.9038293,
      1763050751.9459205,
      {}
    ],
    [
      16,
      null,
      662124363,
      null,
      0.534318921927539,
      0.040912628173828125,
      1,
      1763050751.951022,
      1763050751.9929967,
      {}
    ],
    [
      17,
      null,
      662124363,
      null,
      0.4853618212673064,
      0.21400690078735352,
      1,
      1763050751.9981928,
      1763050752.2133036,
      {}
    ]
  ],
  "configs": {
    "1": {
      "Counters": 12,
      "Max_spout": 100.0,
      "Spliters": 1
    },
    "2": {
      "Counters": 3,
      "Max_spout": 100000.0,
      "Spliters": 2
    },
    "3": {
      "Counters": 12,
      "Max_spout": 1000.0,
      "Spliters": 3
    },
    "4": {
      "Counters": 3,
      "Max_spout": 100000.0,
      "Spliters": 1
    },
    "5": {
      "Counters": 18,
      "Max_spout": 100.0,
      "Spliters": 3
    },
    "6": {
      "Counters": 3,
      "Max_spout": 1.0,
      "Spliters": 6
    },
    "7": {
      "Counters": 3,
      "Max_spout": 10.0,
      "Spliters": 1
    },
    "8": {
      "Counters": 18,
      "Max_spout": 1000.0,
      "Spliters": 6
    },
    "9": {
      "Counters": 18,
      "Max_spout": 10000.0,
      "Spliters": 2
    },
    "10": {
      "Counters": 6,
      "Max_spout": 10.0,
      "Spliters": 3
    },
    "11": {
      "Counters": 18,
      "Max_spout": 10000.0,
      "Spliters": 3
    },
    "12": {
      "Counters": 18,
      "Max_spout": 10000.0,
      "Spliters": 1
    },
    "13": {
      "Counters": 1,
      "Max_spout": 100.0,
      "Spliters": 6
    },
    "14": {
      "Counters": 18,
      "Max_spout": 10000.0,
      "Spliters": 6
    },
    "15": {
      "Counters": 15,
      "Max_spout": 10000.0,
      "Spliters": 1
    },
    "16": {
      "Counters": 6,
      "Max_spout": 10000.0,
      "Spliters": 1
    },
    "17": {
      "Counters": 12,
      "Max_spout": 1000.0,
      "Spliters": 1
    }
  },
  "config_origins": {
    "1": "Initial Design: Sobol",
    "2": "Random Search",
    "3": "Acquisition Function Maximizer: Local Search",
    "4": "Acquisition Function Maximizer: Local Search",
    "5": "Acquisition Function Maximizer: Local Search",
    "6": "Random Search",
    "7": "Acquisition Function Maximizer: Local Search",
    "8": "Acquisition Function Maximizer: Local Search",
    "9": "Random Search",
    "10": "Random Search",
    "11": "Acquisition Function Maximizer: Local Search",
    "12": "Acquisition Function Maximizer: Local Search",
    "13": "Random Search",
    "14": "Acquisition Function Maximizer: Local Search",
    "15": "Random Search",
    "16": "Random Search",
    "17": "Random Search"
  }
}