{
  "incumbent_ids": [
    3
  ],
  "rejected_config_ids": [
    2,
    1,
    4,
    5
  ],
  "incumbents_changed": 2,
  "trajectory": [
    {
      "config_ids": [
        1
      ],
      "costs": [
        0.27275516302171066
      ],
      "trial": 1,
      "walltime": 1.7739126682281494
    },
    {
      "config_ids": [
        3
      ],
      "costs": [
        0.22987422161631887
      ],
      "trial": 3,
      "walltime": 70.67542123794556
    }
  ],
  "state": {
    "queue": [
      [
        5,
        1
      ]
    ]
  }
}