{
  "stats": {
    "submitted": 6,
    "finished": 6,
    "running": 0
  },
  "data": [
    [
      1,
      null,
      1165313289,
      null,
      0.21041457239643568,
      0.0030982494354248047,
      1,
      1763447123.44751,
      1763447123.4528813,
      {}
    ],
    [
      2,
      null,
      1165313289,
      null,
      0.5219505735929314,
      0.0041751861572265625,
      1,
      1763447126.8824754,
      1763447126.8885267,
      {}
    ],
    [
      3,
      null,
      1165313289,
      null,
      0.3487986285265938,
      0.0010879039764404297,
      1,
      1763447126.895455,
      1763447126.8981643,
      {}
    ],
    [
      4,
      null,
      1165313289,
      null,
      0.26483876679383145,
      0.0010340213775634766,
      1,
      1763447126.904915,
      1763447126.9076743,
      {}
    ],
    [
      5,
      null,
      1165313289,
      null,
      0.41557203017370203,
      0.0010788440704345703,
      1,
      1763447126.9148326,
      1763447126.91752,
      {}
    ],
    [
      6,
      null,
      1165313289,
      null,
      0.2721702396739254,
      0.0010344982147216797,
      1,
      1763447126.924994,
      1763447126.9276733,
      {}
    ]
  ],
  "configs": {
    "1": {
      " ACAP": 2.1097547225654125,
      " AEXP": 2.5399861419573426,
      " CPLx": 5.559656733646989,
      " DOCU": 3.754140991717577,
      " ETAT": 3.784402972063049,
      " FLEx": 4.32161337871477,
      " KLOC": 78.55511802437435,
      " LTEx": 2.94983933866024,
      " PCAP": 3.0,
      " PCON": 2.015390930697322,
      " PLEx": 3.0,
      " PMAT": 3.418850399553776,
      " PREC": 1.76266732160002,
      " PVOL": 2.0,
      " RELY": 5.0,
      " RESL": 1.56183853559196,
      " RUSE": 2.238942937925458,
      " SCED": 2.821529980748892,
      " SITE": 3.0,
      " STOR": 4.534459205344319,
      " TEAM": 2.349846415221691,
      " TIME": 5.316806076094508,
      " TOOL": 2.6586698703467846,
      "DATA": 2.224215443626046
    },
    "2": {
      " ACAP": 2.9998524351217726,
      " AEXP": 2.5670333158226906,
      " CPLx": 5.823485255800952,
      " DOCU": 2.5942199918116655,
      " ETAT": 4.4914362344054295,
      " FLEx": 4.510146998085777,
      " KLOC": 75.21501273657985,
      " LTEx": 2.7238269043187113,
      " PCAP": 3.0,
      " PCON": 2.969285977373719,
      " PLEx": 3.0,
      " PMAT": 2.0317342795495144,
      " PREC": 1.4788704874064087,
      " PVOL": 2.0,
      " RELY": 5.0,
      " RESL": 2.771954393705851,
      " RUSE": 2.812254508793793,
      " SCED": 1.4464478875369071,
      " SITE": 3.0,
      " STOR": 4.265807366737491,
      " TEAM": 2.0456277935791696,
      " TIME": 3.0483772496782655,
      " TOOL": 2.0769744255671077,
      "DATA": 3.5888931472607077
    },
    "3": {
      " ACAP": 2.2592434008584332,
      " AEXP": 2.7088697852209505,
      " CPLx": 5.207418268984941,
      " DOCU": 3.9690007973052457,
      " ETAT": 4.331373295989372,
      " FLEx": 3.0927127834221966,
      " KLOC": 120.45450795947853,
      " LTEx": 3.7346683983767797,
      " PCAP": 3.0,
      " PCON": 2.9732721133445463,
      " PLEx": 3.0,
      " PMAT": 3.223023894440536,
      " PREC": 1.0194862085949796,
      " PVOL": 2.0,
      " RELY": 5.0,
      " RESL": 2.248633554801077,
      " RUSE": 3.6881285117169726,
      " SCED": 1.4558527345949006,
      " SITE": 3.0,
      " STOR": 3.572818214797696,
      " TEAM": 2.853216095796759,
      " TIME": 4.007647770690024,
      " TOOL": 2.86528601780539,
      "DATA": 3.1181538399899935
    },
    "4": {
      " ACAP": 2.9657010528350654,
      " AEXP": 2.7437993490028774,
      " CPLx": 5.590894364715574,
      " DOCU": 3.660636676489245,
      " ETAT": 3.5447862971773865,
      " FLEx": 3.3008551139817257,
      " KLOC": 107.93416320847635,
      " LTEx": 3.2244898512659796,
      " PCAP": 3.0,
      " PCON": 2.0602730715966393,
      " PLEx": 3.0,
      " PMAT": 3.6184323184665206,
      " PREC": 1.699218998201455,
      " PVOL": 2.0,
      " RELY": 5.0,
      " RESL": 2.618275435035307,
      " RUSE": 3.858018959236639,
      " SCED": 2.8545114177077995,
      " SITE": 3.0,
      " STOR": 3.5010631838672053,
      " TEAM": 2.54668111415367,
      " TIME": 5.8445922977866545,
      " TOOL": 2.87457767960144,
      "DATA": 4.2530086354955845
    },
    "5": {
      " ACAP": 2.3665599713676713,
      " AEXP": 2.0315421024391447,
      " CPLx": 5.326001516064354,
      " DOCU": 2.6256382079063867,
      " ETAT": 2.1294050971543808,
      " FLEx": 3.6193616453690245,
      " KLOC": 110.73513782152453,
      " LTEx": 2.2919322117552925,
      " PCAP": 3.0,
      " PCON": 2.161941266017765,
      " PLEx": 3.0,
      " PMAT": 2.0863645751090227,
      " PREC": 1.9460460552399947,
      " PVOL": 2.0,
      " RELY": 5.0,
      " RESL": 2.0057026058931884,
      " RUSE": 2.4456702875220295,
      " SCED": 2.9681638546098097,
      " SITE": 3.0,
      " STOR": 4.754761820369785,
      " TEAM": 2.1201862649849432,
      " TIME": 4.130517588812337,
      " TOOL": 2.747000375706749,
      "DATA": 4.444201639504039
    },
    "6": {
      " ACAP": 2.9998864630321855,
      " AEXP": 2.8744522111415574,
      " CPLx": 5.811618275842095,
      " DOCU": 2.5029467809721746,
      " ETAT": 4.397211204031317,
      " FLEx": 3.419002544509801,
      " KLOC": 83.59129096789611,
      " LTEx": 3.624714209347303,
      " PCAP": 3.0,
      " PCON": 2.9891175985238605,
      " PLEx": 3.0,
      " PMAT": 3.2157307328825935,
      " PREC": 1.1028019744326705,
      " PVOL": 2.0,
      " RELY": 5.0,
      " RESL": 2.999110764190804,
      " RUSE": 3.3558605994568964,
      " SCED": 1.7767332305670949,
      " SITE": 3.0,
      " STOR": 3.5699373570909527,
      " TEAM": 2.5967033685424266,
      " TIME": 5.462455141286691,
      " TOOL": 2.5740356697715323,
      "DATA": 2.2219535160016464
    }
  },
  "config_origins": {
    "1": "Initial Design: Sobol",
    "2": "Acquisition Function Maximizer: Local Search",
    "3": "Random Search",
    "4": "Acquisition Function Maximizer: Local Search",
    "5": "Acquisition Function Maximizer: Local Search",
    "6": "Acquisition Function Maximizer: Local Search"
  }
}