{
  "incumbent_ids": [
    4
  ],
  "rejected_config_ids": [
    2,
    1,
    3,
    5,
    6,
    7,
    8,
    9
  ],
  "incumbents_changed": 3,
  "trajectory": [
    {
      "config_ids": [
        1
      ],
      "costs": [
        0.5613674315058332
      ],
      "trial": 1,
      "walltime": 2.067063331604004
    },
    {
      "config_ids": [
        3
      ],
      "costs": [
        0.5401761383019218
      ],
      "trial": 3,
      "walltime": 95.16910076141357
    },
    {
      "config_ids": [
        4
      ],
      "costs": [
        0.2621908045622089
      ],
      "trial": 4,
      "walltime": 96.78751349449158
    }
  ],
  "state": {
    "queue": []
  }
}