{
  "stats": {
    "submitted": 12,
    "finished": 12,
    "running": 0
  },
  "data": [
    [
      1,
      null,
      645852458,
      null,
      0.15064116733719313,
      0.0008258819580078125,
      1,
      1763449875.3031409,
      1763449875.3050656,
      {}
    ],
    [
      2,
      null,
      645852458,
      null,
      0.4088968493781384,
      0.0012569427490234375,
      1,
      1763449876.41819,
      1763449876.420863,
      {}
    ],
    [
      3,
      null,
      645852458,
      null,
      0.19774979259803593,
      0.0008382797241210938,
      1,
      1763449876.4253662,
      1763449876.4273674,
      {}
    ],
    [
      4,
      null,
      645852458,
      null,
      0.17945364145621778,
      0.0006749629974365234,
      1,
      1763449876.431648,
      1763449876.433395,
      {}
    ],
    [
      5,
      null,
      645852458,
      null,
      0.30847620920161867,
      0.00063323974609375,
      1,
      1763449876.4378805,
      1763449876.4396954,
      {}
    ],
    [
      6,
      null,
      645852458,
      null,
      0.3762735164393477,
      0.0006492137908935547,
      1,
      1763449876.4444091,
      1763449876.446203,
      {}
    ],
    [
      7,
      null,
      645852458,
      null,
      0.5704135769018199,
      0.0006473064422607422,
      1,
      1763449876.4511232,
      1763449876.4529374,
      {}
    ],
    [
      8,
      null,
      645852458,
      null,
      0.08876479308404062,
      0.0006000995635986328,
      1,
      1763449876.457992,
      1763449876.4597363,
      {}
    ],
    [
      9,
      null,
      645852458,
      null,
      0.4909570180209022,
      0.0006489753723144531,
      1,
      1763449876.4655988,
      1763449876.467379,
      {}
    ],
    [
      10,
      null,
      645852458,
      null,
      0.23058441197503532,
      0.001317739486694336,
      1,
      1763449877.8196938,
      1763449877.8225026,
      {}
    ],
    [
      11,
      null,
      645852458,
      null,
      0.15064116733719313,
      0.0004405975341796875,
      1,
      1763449877.8294585,
      1763449877.8312593,
      {}
    ],
    [
      12,
      null,
      645852458,
      null,
      0.29099349258706897,
      0.0009932518005371094,
      1,
      1763449877.8378139,
      1763449877.8400528,
      {}
    ]
  ],
  "configs": {
    "1": {
      "Criticality": 0.5502519047980194,
      "Criticality Modifier": 0.0433025426826222,
      "Culture": 0.019540983331813137,
      "Dynamism": 0.3990374493110696,
      "Initial Known": 0.362881376622816,
      "Inter-Dependency": 0.8458944083307776,
      "Plan": 0.8765101639242406,
      "Size": 0.8004177710729852,
      "Team Size": 0.5335670576141022
    },
    "2": {
      "Criticality": 0.5981346574278007,
      "Criticality Modifier": 0.0771001982428956,
      "Culture": 0.019540983331813137,
      "Dynamism": 0.45559736659155314,
      "Initial Known": 0.27174746842367803,
      "Inter-Dependency": 0.8298240551115983,
      "Plan": 0.9616926673726778,
      "Size": 0.8004177710729852,
      "Team Size": 0.6050059398644391
    },
    "3": {
      "Criticality": 0.9986903287597175,
      "Criticality Modifier": 0.7391803386211336,
      "Culture": 0.583736974922879,
      "Dynamism": 0.23919388463950514,
      "Initial Known": 0.9409483963862353,
      "Inter-Dependency": 0.38613473316005825,
      "Plan": 0.8256216355985697,
      "Size": 0.11270742150908823,
      "Team Size": 0.6287727218089985
    },
    "4": {
      "Criticality": 0.9991008586328198,
      "Criticality Modifier": 0.6241262172405051,
      "Culture": 0.5773904875639373,
      "Dynamism": 0.8107338443754916,
      "Initial Known": 0.7521076704425491,
      "Inter-Dependency": 0.8760165365868683,
      "Plan": 0.05340012126229066,
      "Size": 0.2505592984477619,
      "Team Size": 0.570240594591031
    },
    "5": {
      "Criticality": 0.18973731400456562,
      "Criticality Modifier": 0.9362106039377477,
      "Culture": 0.7893592330929282,
      "Dynamism": 0.890492432721464,
      "Initial Known": 0.12792574348309677,
      "Inter-Dependency": 0.6164430655919003,
      "Plan": 0.8913638062429374,
      "Size": 0.20590250147014436,
      "Team Size": 0.9090053837824047
    },
    "6": {
      "Criticality": 0.9487682254851257,
      "Criticality Modifier": 0.696051756297046,
      "Culture": 0.7135034115156953,
      "Dynamism": 0.8992967446287636,
      "Initial Known": 0.3161662021664847,
      "Inter-Dependency": 0.22974913260475938,
      "Plan": 0.08253675613356816,
      "Size": 0.1617248256594427,
      "Team Size": 0.9947889792763351
    },
    "7": {
      "Criticality": 0.9984671710168699,
      "Criticality Modifier": 0.7539790579788882,
      "Culture": 0.5473789345076517,
      "Dynamism": 0.8230500912220381,
      "Initial Known": 0.059768542401866506,
      "Inter-Dependency": 0.516451862449925,
      "Plan": 0.8403491241319939,
      "Size": 0.13014787988887558,
      "Team Size": 0.10630617243129488
    },
    "8": {
      "Criticality": 0.9982152196800211,
      "Criticality Modifier": 0.20779374177294035,
      "Culture": 0.9517985706417603,
      "Dynamism": 0.17932109538686072,
      "Initial Known": 0.5724635576352437,
      "Inter-Dependency": 0.042541277761215315,
      "Plan": 0.7677050997721051,
      "Size": 0.020174643319922515,
      "Team Size": 0.11051575491196006
    },
    "9": {
      "Criticality": 0.1853159718223663,
      "Criticality Modifier": 0.054063636602824185,
      "Culture": 0.3439841086798513,
      "Dynamism": 0.2273276767722796,
      "Initial Known": 0.5390745958916721,
      "Inter-Dependency": 0.8450339125482335,
      "Plan": 0.40488669578164493,
      "Size": 0.745856219323918,
      "Team Size": 0.9761263562386224
    },
    "10": {
      "Criticality": 0.49926445613538883,
      "Criticality Modifier": 0.12981824171244202,
      "Culture": 0.842057860762437,
      "Dynamism": 0.17902270840232368,
      "Initial Known": 0.548627779227023,
      "Inter-Dependency": 0.877205067653596,
      "Plan": 0.39602395479862473,
      "Size": 0.05620721266594985,
      "Team Size": 0.07837219148634077
    },
    "11": {
      "Criticality": 0.4680530956345806,
      "Criticality Modifier": 0.012058685866821375,
      "Culture": 0.17732700972809476,
      "Dynamism": 0.16709175539332236,
      "Initial Known": 0.5388546887089896,
      "Inter-Dependency": 0.9903903703408593,
      "Plan": 0.8381309856882244,
      "Size": 0.6275520288667455,
      "Team Size": 0.04015875144244468
    },
    "12": {
      "Criticality": 0.8784642557575183,
      "Criticality Modifier": 0.5688375391059097,
      "Culture": 0.8955378570237225,
      "Dynamism": 0.10501040675929872,
      "Initial Known": 0.908598545308312,
      "Inter-Dependency": 0.9153020511641012,
      "Plan": 0.5587652653595455,
      "Size": 0.06918231270274672,
      "Team Size": 0.11103581506125927
    }
  },
  "config_origins": {
    "1": "Initial Design: Sobol",
    "2": "Acquisition Function Maximizer: Local Search",
    "3": "Acquisition Function Maximizer: Local Search",
    "4": "Acquisition Function Maximizer: Local Search",
    "5": "Random Search",
    "6": "Acquisition Function Maximizer: Local Search",
    "7": "Acquisition Function Maximizer: Local Search",
    "8": "Acquisition Function Maximizer: Local Search",
    "9": "Acquisition Function Maximizer: Local Search",
    "10": "Acquisition Function Maximizer: Local Search",
    "11": "Random Search",
    "12": "Acquisition Function Maximizer: Local Search"
  }
}