{
  "incumbent_ids": [
    7
  ],
  "rejected_config_ids": [
    1,
    3,
    4,
    5,
    2,
    6,
    8,
    9,
    10,
    11,
    12,
    13,
    14,
    15,
    16,
    17,
    18
  ],
  "incumbents_changed": 4,
  "trajectory": [
    {
      "config_ids": [
        1
      ],
      "costs": [
        0.47120412824008684
      ],
      "trial": 1,
      "walltime": 0.010387659072875977
    },
    {
      "config_ids": [
        2
      ],
      "costs": [
        0.4001093435585428
      ],
      "trial": 2,
      "walltime": 1.1271941661834717
    },
    {
      "config_ids": [
        6
      ],
      "costs": [
        0.13692564036735977
      ],
      "trial": 6,
      "walltime": 1.1524927616119385
    },
    {
      "config_ids": [
        7
      ],
      "costs": [
        0.09099415533055122
      ],
      "trial": 7,
      "walltime": 1.1594574451446533
    }
  ],
  "state": {
    "queue": [
      [
        18,
        1
      ]
    ]
  }
}