{
  "incumbent_ids": [
    7
  ],
  "rejected_config_ids": [
    2,
    3,
    1,
    5,
    6,
    4,
    8,
    9,
    10,
    11,
    12
  ],
  "incumbents_changed": 3,
  "trajectory": [
    {
      "config_ids": [
        1
      ],
      "costs": [
        0.2839890193067851
      ],
      "trial": 1,
      "walltime": 0.012384891510009766
    },
    {
      "config_ids": [
        4
      ],
      "costs": [
        0.27460327960343045
      ],
      "trial": 4,
      "walltime": 2.6968164443969727
    },
    {
      "config_ids": [
        7
      ],
      "costs": [
        0.0697324451076411
      ],
      "trial": 7,
      "walltime": 2.7421536445617676
    }
  ],
  "state": {
    "queue": [
      [
        12,
        1
      ]
    ]
  }
}