{
  "incumbent_ids": [
    2
  ],
  "rejected_config_ids": [
    1,
    3,
    4,
    5
  ],
  "incumbents_changed": 2,
  "trajectory": [
    {
      "config_ids": [
        1
      ],
      "costs": [
        0.7764905357793807
      ],
      "trial": 1,
      "walltime": 2.69062876701355
    },
    {
      "config_ids": [
        2
      ],
      "costs": [
        0.5970953420846338
      ],
      "trial": 2,
      "walltime": 78.39884996414185
    }
  ],
  "state": {
    "queue": [
      [
        5,
        1
      ]
    ]
  }
}