{
  "stats": {
    "submitted": 20,
    "finished": 20,
    "running": 0
  },
  "data": [
    [
      1,
      null,
      1265576559,
      null,
      0.00570437328795792,
      3.1612932682037354,
      1,
      1763066504.0266886,
      1763066507.2825341,
      {}
    ],
    [
      2,
      null,
      1265576559,
      null,
      0.0123062605983556,
      2.979635000228882,
      1,
      1763066507.2857547,
      1763066510.329761,
      {}
    ],
    [
      3,
      null,
      1265576559,
      null,
      0.8561446613490745,
      2.98506236076355,
      1,
      1763066510.3328388,
      1763066513.3796628,
      {}
    ],
    [
      4,
      null,
      1265576559,
      null,
      0.8677870341347361,
      3.036982774734497,
      1,
      1763066513.3827348,
      1763066516.4796462,
      {}
    ],
    [
      5,
      null,
      1265576559,
      null,
      0.892985567740893,
      2.9335479736328125,
      1,
      1763066516.4835787,
      1763066519.4804795,
      {}
    ],
    [
      6,
      null,
      1265576559,
      null,
      0.803041423873873,
      2.91435170173645,
      1,
      1763066519.4836829,
      1763066522.4597056,
      {}
    ],
    [
      7,
      null,
      1265576559,
      null,
      0.00887390220017481,
      2.945286989212036,
      1,
      1763066522.4630105,
      1763066525.4700224,
      {}
    ],
    [
      8,
      null,
      1265576559,
      null,
      0.0020150260590567903,
      2.9662468433380127,
      1,
      1763066525.473365,
      1763066528.5042167,
      {}
    ],
    [
      9,
      null,
      1265576559,
      null,
      0.8346783064436054,
      2.9295763969421387,
      1,
      1763066528.508444,
      1763066531.4980364,
      {}
    ],
    [
      10,
      null,
      1265576559,
      null,
      0.003553065273216083,
      2.8932764530181885,
      1,
      1763066531.50152,
      1763066534.4559374,
      {}
    ],
    [
      11,
      null,
      1265576559,
      null,
      0.8999145317449346,
      2.9889285564422607,
      1,
      1763066534.4595618,
      1763066537.5106585,
      {}
    ],
    [
      12,
      null,
      1265576559,
      null,
      0.9050328926234472,
      2.958940029144287,
      1,
      1763066537.515002,
      1763066540.5346403,
      {}
    ],
    [
      13,
      null,
      1265576559,
      null,
      0.8732422061322985,
      2.9847800731658936,
      1,
      1763066540.5386765,
      1763066543.5875893,
      {}
    ],
    [
      14,
      null,
      1265576559,
      null,
      0.8793885223336921,
      2.8871588706970215,
      1,
      1763066543.591818,
      1763066546.5395844,
      {}
    ],
    [
      15,
      null,
      1265576559,
      null,
      0.8412081590059984,
      3.253530979156494,
      1,
      1763066546.5433946,
      1763066549.8589451,
      {}
    ],
    [
      16,
      null,
      1265576559,
      null,
      0.008603285173885977,
      3.3075411319732666,
      1,
      1763066549.86335,
      1763066553.2680755,
      {}
    ],
    [
      17,
      null,
      1265576559,
      null,
      0.8372384603254023,
      2.780548095703125,
      1,
      1763066553.271693,
      1763066556.1120477,
      {}
    ],
    [
      18,
      null,
      1265576559,
      null,
      0.004536242239229327,
      2.889058828353882,
      1,
      1763066556.116347,
      1763066559.0638146,
      {}
    ],
    [
      19,
      null,
      1265576559,
      null,
      0.007226837421467458,
      2.825868844985962,
      1,
      1763066559.0674846,
      1763066561.954601,
      {}
    ],
    [
      20,
      null,
      1265576559,
      null,
      0.006594099770072859,
      2.7831802368164062,
      1,
      1763066561.9596944,
      1763066564.8029966,
      {}
    ]
  ],
  "configs": {
    "1": {
      "row_id": "162"
    },
    "2": {
      "row_id": "13357"
    },
    "3": {
      "row_id": "17116"
    },
    "4": {
      "row_id": "6482"
    },
    "5": {
      "row_id": "7591"
    },
    "6": {
      "row_id": "16035"
    },
    "7": {
      "row_id": "9696"
    },
    "8": {
      "row_id": "3814"
    },
    "9": {
      "row_id": "3106"
    },
    "10": {
      "row_id": "11295"
    },
    "11": {
      "row_id": "15258"
    },
    "12": {
      "row_id": "9260"
    },
    "13": {
      "row_id": "5775"
    },
    "14": {
      "row_id": "18715"
    },
    "15": {
      "row_id": "12580"
    },
    "16": {
      "row_id": "1830"
    },
    "17": {
      "row_id": "1373"
    },
    "18": {
      "row_id": "12155"
    },
    "19": {
      "row_id": "18327"
    },
    "20": {
      "row_id": "5280"
    }
  },
  "config_origins": {
    "1": "Initial Design: Sobol",
    "2": "Initial Design: Sobol",
    "3": "Initial Design: Sobol",
    "4": "Initial Design: Sobol",
    "5": "Initial Design: Sobol",
    "6": "Initial Design: Sobol",
    "7": "Initial Design: Sobol",
    "8": "Initial Design: Sobol",
    "9": "Initial Design: Sobol",
    "10": "Initial Design: Sobol",
    "11": "Initial Design: Sobol",
    "12": "Initial Design: Sobol",
    "13": "Initial Design: Sobol",
    "14": "Initial Design: Sobol",
    "15": "Initial Design: Sobol",
    "16": "Initial Design: Sobol",
    "17": "Initial Design: Sobol",
    "18": "Initial Design: Sobol",
    "19": "Initial Design: Sobol",
    "20": "Initial Design: Sobol"
  }
}