{
  "incumbent_ids": [
    2
  ],
  "rejected_config_ids": [
    1,
    3,
    4,
    5,
    6,
    7,
    8,
    9
  ],
  "incumbents_changed": 2,
  "trajectory": [
    {
      "config_ids": [
        1
      ],
      "costs": [
        0.6371456500743141
      ],
      "trial": 1,
      "walltime": 3.1240336894989014
    },
    {
      "config_ids": [
        2
      ],
      "costs": [
        0.45426024516731855
      ],
      "trial": 2,
      "walltime": 67.83811974525452
    }
  ],
  "state": {
    "queue": []
  }
}