{
  "incumbent_ids": [
    10
  ],
  "rejected_config_ids": [
    2,
    3,
    1,
    5,
    6,
    4,
    8,
    9,
    7,
    11,
    12,
    13,
    14,
    15,
    16,
    17,
    18,
    19,
    20,
    21,
    22,
    23,
    24
  ],
  "incumbents_changed": 4,
  "trajectory": [
    {
      "config_ids": [
        1
      ],
      "costs": [
        0.20208602819676846
      ],
      "trial": 1,
      "walltime": 0.014642000198364258
    },
    {
      "config_ids": [
        4
      ],
      "costs": [
        0.0930675409111632
      ],
      "trial": 4,
      "walltime": 3.2638516426086426
    },
    {
      "config_ids": [
        7
      ],
      "costs": [
        0.09099415533055122
      ],
      "trial": 7,
      "walltime": 3.3246657848358154
    },
    {
      "config_ids": [
        10
      ],
      "costs": [
        0.07326606268784652
      ],
      "trial": 10,
      "walltime": 3.3707079887390137
    }
  ],
  "state": {
    "queue": [
      [
        24,
        1
      ]
    ]
  }
}