{
  "stats": {
    "submitted": 5,
    "finished": 5,
    "running": 0
  },
  "data": [
    [
      1,
      null,
      774252441,
      null,
      0.47081381721121374,
      0.0582425594329834,
      1,
      1763050743.4305747,
      1763050743.6063135,
      {}
    ],
    [
      2,
      null,
      774252441,
      null,
      0.7043813454755053,
      0.052718162536621094,
      1,
      1763050743.616548,
      1763050743.6707952,
      {}
    ],
    [
      3,
      null,
      774252441,
      null,
      0.41821186046824166,
      0.05973553657531738,
      1,
      1763050743.6757438,
      1763050743.7373736,
      {}
    ],
    [
      4,
      null,
      774252441,
      null,
      0.7057422881919914,
      0.04754281044006348,
      1,
      1763050744.5321274,
      1763050744.5807884,
      {}
    ],
    [
      5,
      null,
      774252441,
      null,
      0.5021169684422148,
      0.058937788009643555,
      1,
      1763050744.5843318,
      1763050744.6442585,
      {}
    ]
  ],
  "configs": {
    "1": {
      "Counters": 12,
      "Max_spout": 1000.0,
      "Spliters": 6
    },
    "2": {
      "Counters": 3,
      "Max_spout": 1.0,
      "Spliters": 2
    },
    "3": {
      "Counters": 15,
      "Max_spout": 100.0,
      "Spliters": 2
    },
    "4": {
      "Counters": 3,
      "Max_spout": 1.0,
      "Spliters": 1
    },
    "5": {
      "Counters": 6,
      "Max_spout": 100.0,
      "Spliters": 6
    }
  },
  "config_origins": {
    "1": "Initial Design: Sobol",
    "2": "Random Search",
    "3": "Random Search",
    "4": "Acquisition Function Maximizer: Local Search",
    "5": "Acquisition Function Maximizer: Local Search"
  }
}