{
  "incumbent_ids": [
    4
  ],
  "rejected_config_ids": [
    2,
    3,
    1,
    5,
    6
  ],
  "incumbents_changed": 2,
  "trajectory": [
    {
      "config_ids": [
        1
      ],
      "costs": [
        0.20208602819676846
      ],
      "trial": 1,
      "walltime": 0.01019597053527832
    },
    {
      "config_ids": [
        4
      ],
      "costs": [
        0.09237936296964167
      ],
      "trial": 4,
      "walltime": 1.2573449611663818
    }
  ],
  "state": {
    "queue": [
      [
        6,
        1
      ]
    ]
  }
}