{
  "incumbent_ids": [
    9
  ],
  "rejected_config_ids": [
    2,
    3,
    4,
    5,
    6,
    7,
    8,
    1,
    10,
    11,
    12
  ],
  "incumbents_changed": 2,
  "trajectory": [
    {
      "config_ids": [
        1
      ],
      "costs": [
        0.5323877241661046
      ],
      "trial": 1,
      "walltime": 0.0483701229095459
    },
    {
      "config_ids": [
        9
      ],
      "costs": [
        0.5141950632806958
      ],
      "trial": 9,
      "walltime": 16.378760814666748
    }
  ],
  "state": {
    "queue": [
      [
        12,
        1
      ]
    ]
  }
}