{
  "incumbent_ids": [
    2
  ],
  "rejected_config_ids": [
    1,
    3,
    4,
    5,
    6
  ],
  "incumbents_changed": 2,
  "trajectory": [
    {
      "config_ids": [
        1
      ],
      "costs": [
        0.39562784633007353
      ],
      "trial": 1,
      "walltime": 0.006479024887084961
    },
    {
      "config_ids": [
        2
      ],
      "costs": [
        0.15617005063409828
      ],
      "trial": 2,
      "walltime": 0.016825437545776367
    }
  ],
  "state": {
    "queue": [
      [
        6,
        1
      ]
    ]
  }
}