{
  "incumbent_ids": [
    18
  ],
  "rejected_config_ids": [
    2,
    1,
    4,
    5,
    6,
    7,
    3,
    9,
    10,
    11,
    12,
    13,
    14,
    15,
    16,
    17,
    8,
    19,
    20,
    21,
    22,
    23,
    24,
    25,
    26,
    27,
    28,
    29,
    30,
    31,
    32,
    33,
    34,
    35,
    36,
    37,
    38,
    39,
    40,
    41,
    42,
    43,
    44,
    45,
    46,
    47,
    48,
    49,
    50,
    51,
    52,
    53,
    54,
    55,
    56,
    57,
    58,
    59,
    60,
    61,
    62,
    63,
    64,
    65,
    66,
    67,
    68,
    69,
    70,
    71,
    72,
    73,
    74,
    75,
    76,
    77,
    78,
    79,
    80,
    81,
    82,
    83,
    84,
    85,
    86,
    87,
    88,
    89,
    90,
    91,
    92,
    93,
    94,
    95,
    96,
    97,
    98,
    99,
    100
  ],
  "incumbents_changed": 4,
  "trajectory": [
    {
      "config_ids": [
        1
      ],
      "costs": [
        0.5104643210598085
      ],
      "trial": 1,
      "walltime": 0.00945138931274414
    },
    {
      "config_ids": [
        3
      ],
      "costs": [
        0.37474042272787367
      ],
      "trial": 3,
      "walltime": 0.03255581855773926
    },
    {
      "config_ids": [
        8
      ],
      "costs": [
        0.3345470104371162
      ],
      "trial": 8,
      "walltime": 0.0832219123840332
    },
    {
      "config_ids": [
        18
      ],
      "costs": [
        0.23368157538171563
      ],
      "trial": 18,
      "walltime": 2.046090841293335
    }
  ],
  "state": {
    "queue": [
      [
        100,
        1
      ]
    ]
  }
}