{
  "incumbent_ids": [
    3
  ],
  "rejected_config_ids": [
    1,
    2,
    4,
    5,
    6,
    7,
    8,
    9
  ],
  "incumbents_changed": 3,
  "trajectory": [
    {
      "config_ids": [
        1
      ],
      "costs": [
        0.005240548096662634
      ],
      "trial": 1,
      "walltime": 0.8512134552001953
    },
    {
      "config_ids": [
        2
      ],
      "costs": [
        0.0006814065779661149
      ],
      "trial": 2,
      "walltime": 24.749159574508667
    },
    {
      "config_ids": [
        3
      ],
      "costs": [
        1.1065010897981509e-05
      ],
      "trial": 3,
      "walltime": 25.3754141330719
    }
  ],
  "state": {
    "queue": []
  }
}