{
  "incumbent_ids": [
    64
  ],
  "rejected_config_ids": [
    1,
    3,
    4,
    5,
    6,
    7,
    2,
    9,
    10,
    11,
    12,
    13,
    14,
    15,
    16,
    17,
    18,
    19,
    20,
    21,
    22,
    23,
    24,
    25,
    26,
    27,
    28,
    29,
    30,
    31,
    32,
    33,
    34,
    35,
    36,
    37,
    38,
    39,
    40,
    41,
    42,
    43,
    44,
    45,
    46,
    47,
    48,
    49,
    50,
    51,
    52,
    53,
    54,
    55,
    56,
    57,
    58,
    59,
    60,
    61,
    62,
    63,
    8,
    65,
    66,
    67,
    68,
    69,
    70,
    71,
    72,
    73,
    74,
    75,
    76,
    77,
    78,
    79,
    80,
    81,
    82,
    83,
    84,
    85,
    86,
    87,
    88,
    89,
    90,
    91,
    92,
    93,
    94,
    95,
    96,
    97,
    98,
    99,
    100
  ],
  "incumbents_changed": 4,
  "trajectory": [
    {
      "config_ids": [
        1
      ],
      "costs": [
        0.28862076367173817
      ],
      "trial": 1,
      "walltime": 0.008025407791137695
    },
    {
      "config_ids": [
        2
      ],
      "costs": [
        0.15141708438210688
      ],
      "trial": 2,
      "walltime": 0.019359588623046875
    },
    {
      "config_ids": [
        8
      ],
      "costs": [
        0.0810233322867413
      ],
      "trial": 8,
      "walltime": 0.09856605529785156
    },
    {
      "config_ids": [
        64
      ],
      "costs": [
        0.03947142562465711
      ],
      "trial": 64,
      "walltime": 22.658493280410767
    }
  ],
  "state": {
    "queue": [
      [
        100,
        1
      ]
    ]
  }
}