{"config": {"BORERATIO": -0.221169547, "BORERATIO_SQUARED": 11.1556, "BRAND": 21.0, "CARBODY": 0.0, "CARHEIGHT": -1.44607126, "CARHEIGHT_SQUARED": 2970.25, "CARLENGTH": 0.264133358, "CARLENGTH_SQUARED": 31612.84, "CARWIDTH": -0.143836391, "CARWIDTH_SQUARED": 4096.0, "CAR_ID": 17.0, "CITYMPG": 1.345428266, "CITYMPG_SQUARED": 441.0, "COMPRESSIONRATIO": -0.540724994, "COMPRESSIONRATIO_SQUARED": 90.25, "CURBWEIGHT": 0.555312506, "CURBWEIGHT_SQUARED": 6431296.0, "CYLINDERNUMBER": 3.0, "ENGINELOCATION": 0.0, "ENGINESIZE": 2.57799953, "ENGINESIZE_SQUARED": 19881.0, "ENGINETYPE": 3.0, "FUELSYSTEM": 6.0, "HIGHWAYMPG": -0.982763709, "HIGHWAYMPG_SQUARED": 784.0, "HORSEPOWER": 0.96033541, "HORSEPOWER_SQUARED": 13225.0, "LOG_ENGINESIZE": 5.272999559, "MODEL": 94.0, "PEAKRPM": -2.049346869, "PEAKRPM_SQUARED": "20250000", "POWER_TO_WEIGHT_RATIO": 0.035453597, "STROKE": -1.136122692, "STROKE_SQUARED": 12.8164, "SYMBOLING": -1.0, "WHEELBASE": -0.708595876, "WHEELBASE_SQUARED": 9235.21, "carname": "nissan otti"}, "score": 0.6881585782699973, "info": {}}