{
  "incumbent_ids": [
    4
  ],
  "rejected_config_ids": [
    1,
    3,
    2,
    5,
    6,
    7,
    8,
    9
  ],
  "incumbents_changed": 3,
  "trajectory": [
    {
      "config_ids": [
        1
      ],
      "costs": [
        0.19937862536627327
      ],
      "trial": 1,
      "walltime": 1.8510429859161377
    },
    {
      "config_ids": [
        2
      ],
      "costs": [
        0.177430362724169
      ],
      "trial": 2,
      "walltime": 3.5607588291168213
    },
    {
      "config_ids": [
        4
      ],
      "costs": [
        0.16003081982362488
      ],
      "trial": 4,
      "walltime": 97.18805503845215
    }
  ],
  "state": {
    "queue": []
  }
}