{
  "incumbent_ids": [
    3
  ],
  "rejected_config_ids": [
    1,
    2,
    4,
    5,
    6,
    7,
    8,
    9
  ],
  "incumbents_changed": 3,
  "trajectory": [
    {
      "config_ids": [
        1
      ],
      "costs": [
        0.8987055161095007
      ],
      "trial": 1,
      "walltime": 3.5534496307373047
    },
    {
      "config_ids": [
        2
      ],
      "costs": [
        0.8223525769944378
      ],
      "trial": 2,
      "walltime": 152.81379199028015
    },
    {
      "config_ids": [
        3
      ],
      "costs": [
        0.005675170011739672
      ],
      "trial": 3,
      "walltime": 156.17915630340576
    }
  ],
  "state": {
    "queue": []
  }
}