{
  "incumbent_ids": [
    5
  ],
  "rejected_config_ids": [
    2,
    1,
    4,
    3,
    6,
    7,
    8,
    9,
    10,
    11,
    12,
    13,
    14,
    15,
    16,
    17,
    18,
    19,
    20,
    21,
    22,
    23,
    24,
    25,
    26,
    27,
    28,
    29,
    30,
    31,
    32,
    33,
    34,
    35,
    36,
    37,
    38,
    39,
    40,
    41,
    42,
    43,
    44,
    45,
    46,
    47,
    48,
    49,
    50
  ],
  "incumbents_changed": 3,
  "trajectory": [
    {
      "config_ids": [
        1
      ],
      "costs": [
        0.16400266636957506
      ],
      "trial": 1,
      "walltime": 0.00642848014831543
    },
    {
      "config_ids": [
        3
      ],
      "costs": [
        0.10131621670427604
      ],
      "trial": 3,
      "walltime": 0.026558399200439453
    },
    {
      "config_ids": [
        5
      ],
      "costs": [
        0.050815515589219595
      ],
      "trial": 5,
      "walltime": 0.04936504364013672
    }
  ],
  "state": {
    "queue": [
      [
        50,
        1
      ]
    ]
  }
}