{
  "incumbent_ids": [
    5
  ],
  "rejected_config_ids": [
    2,
    3,
    4,
    1
  ],
  "incumbents_changed": 2,
  "trajectory": [
    {
      "config_ids": [
        1
      ],
      "costs": [
        0.6022850148091922
      ],
      "trial": 1,
      "walltime": 2.075836181640625
    },
    {
      "config_ids": [
        5
      ],
      "costs": [
        0.6006805213807698
      ],
      "trial": 5,
      "walltime": 86.91891360282898
    }
  ],
  "state": {
    "queue": [
      [
        5,
        1
      ]
    ]
  }
}