{'Clndrs': 4.0, 'Volume': 98.0, 'Model': 78.0, 'origin': 3.0}, {'Clndrs': 4.0, 'Volume': 141.0, 'Model': 81.0, 'origin': 2.0}, {'Clndrs': 4.0, 'Volume': 85.0, 'Model': 76.0, 'origin': 1.0}, {'Clndrs': 4.0, 'Volume': 78.0, 'Model': 78.0, 'origin': 3.0}, {'Clndrs': 4.0, 'Volume': 140.0, 'Model': 71.0, 'origin': 1.0}, {'Clndrs': 5.0, 'Volume': 121.0, 'Model': 80.0, 'origin': 2.0}, {'Clndrs': 5.0, 'Volume': 183.0, 'Model': 79.0, 'origin': 2.0}, {'Clndrs': 4.0, 'Volume': 105.0, 'Model': 82.0, 'origin': 2.0}, {'Clndrs': 4.0, 'Volume': 85.0, 'Model': 77.0, 'origin': 3.0}, {'Clndrs': 4.0, 'Volume': 79.0, 'Model': 71.0, 'origin': 2.0}, {'Clndrs': 4.0, 'Volume': 97.0, 'Model': 70.0, 'origin': 2.0}, {'Clndrs': 4.0, 'Volume': 96.0, 'Model': 72.0, 'origin': 2.0}, {'Clndrs': 5.0, 'Volume': 121.0, 'Model': 80.0, 'origin': 2.0}, {'Clndrs': 4.0, 'Volume': 105.0, 'Model': 82.0, 'origin': 2.0}, {'Clndrs': 4.0, 'Volume': 119.0, 'Model': 82.0, 'origin': 1.0}, {'Clndrs': 4.0, 'Volume': 140.0, 'Model': 74.0, 'origin': 1.0}, {'Clndrs': 4.0, 'Volume': 98.0, 'Model': 71.0, 'origin': 1.0}, {'Clndrs': 4.0, 'Volume': 97.0, 'Model': 75.0, 'origin': 3.0}, {'Clndrs': 4.0, 'Volume': 98.0, 'Model': 82.0, 'origin': 1.0}, {'Clndrs': 4.0, 'Volume': 98.0, 'Model': 82.0, 'origin': 1.0}
0.41236767459335466, 0.419834366701459, 0.30998225385304745, 0.34854013859025934, 0.4436626620892513, 0.31159152325128536, 0.4559540336686524, 0.36198096077750375, 0.40233402905237403, 0.3495755905847796, 0.3263298147356364, 0.3831896297390449, 0.31159152325128536, 0.36198096077750375, 0.3880838546009786, 0.42227124853922704, 0.3578925042330301, 0.42794322946981855, 0.30706763493134415, 0.30706763493134415
0.011166572570800781, 0.008144855499267578, 0.012606143951416016, 0.008036613464355469, 0.00806427001953125, 0.007980585098266602, 0.007939815521240234, 0.008005142211914062, 0.007943153381347656, 0.007976055145263672, 0.0080413818359375, 0.008060693740844727, 0.008019208908081055, 0.008144855499267578, 0.008015871047973633, 0.007879495620727539, 0.008042335510253906, 0.007924079895019531, 0.00795745849609375, 0.007988691329956055