{'Clndrs': 4.0, 'Volume': 85.0, 'Model': 80.0, 'origin': 2.0}, {'Clndrs': 4.0, 'Volume': 85.0, 'Model': 76.0, 'origin': 1.0}, {'Clndrs': 4.0, 'Volume': 85.0, 'Model': 80.0, 'origin': 3.0}, {'Clndrs': 4.0, 'Volume': 78.0, 'Model': 78.0, 'origin': 3.0}, {'Clndrs': 5.0, 'Volume': 121.0, 'Model': 80.0, 'origin': 2.0}, {'Clndrs': 5.0, 'Volume': 121.0, 'Model': 80.0, 'origin': 2.0}, {'Clndrs': 4.0, 'Volume': 85.0, 'Model': 80.0, 'origin': 3.0}, {'Clndrs': 4.0, 'Volume': 86.0, 'Model': 81.0, 'origin': 1.0}, {'Clndrs': 4.0, 'Volume': 98.0, 'Model': 79.0, 'origin': 1.0}, {'Clndrs': 4.0, 'Volume': 97.0, 'Model': 73.0, 'origin': 2.0}, {'Clndrs': 4.0, 'Volume': 91.0, 'Model': 78.0, 'origin': 3.0}, {'Clndrs': 4.0, 'Volume': 96.0, 'Model': 72.0, 'origin': 2.0}, {'Clndrs': 5.0, 'Volume': 121.0, 'Model': 80.0, 'origin': 2.0}, {'Clndrs': 4.0, 'Volume': 85.0, 'Model': 76.0, 'origin': 1.0}, {'Clndrs': 4.0, 'Volume': 98.0, 'Model': 82.0, 'origin': 1.0}, {'Clndrs': 4.0, 'Volume': 98.0, 'Model': 71.0, 'origin': 1.0}, {'Clndrs': 5.0, 'Volume': 121.0, 'Model': 80.0, 'origin': 2.0}, {'Clndrs': 4.0, 'Volume': 98.0, 'Model': 82.0, 'origin': 1.0}, {'Clndrs': 4.0, 'Volume': 98.0, 'Model': 82.0, 'origin': 1.0}, {'Clndrs': 4.0, 'Volume': 90.0, 'Model': 78.0, 'origin': 2.0}
0.2976352869025818, 0.30998225385304745, 0.25394722064135844, 0.34854013859025934, 0.31159152325128536, 0.31159152325128536, 0.25394722064135844, 0.3255856910455688, 0.3886093263676752, 0.3216062143047753, 0.3241969946908646, 0.3831896297390449, 0.31159152325128536, 0.30998225385304745, 0.30706763493134415, 0.3578925042330301, 0.31159152325128536, 0.30706763493134415, 0.30706763493134415, 0.19339815732352839
0.037502288818359375, 0.030605554580688477, 0.03072381019592285, 0.030641555786132812, 0.030270814895629883, 0.030567169189453125, 0.030524015426635742, 0.029800891876220703, 0.030565261840820312, 0.030765295028686523, 0.030750513076782227, 0.030034780502319336, 0.029871225357055664, 0.03030872344970703, 0.029944181442260742, 0.02976250648498535, 0.030222415924072266, 0.03032207489013672, 0.03008747100830078, 0.030141592025756836