{'Spout_wait': 7.0, 'Spliters': 4.0, 'Counters': 13.0}, {'Spout_wait': 8.0, 'Spliters': 6.0, 'Counters': 18.0}, {'Spout_wait': 3.0, 'Spliters': 3.0, 'Counters': 15.0}, {'Spout_wait': 10.0, 'Spliters': 6.0, 'Counters': 12.0}, {'Spout_wait': 10.0, 'Spliters': 4.0, 'Counters': 16.0}, {'Spout_wait': 100.0, 'Spliters': 3.0, 'Counters': 18.0}, {'Spout_wait': 6.0, 'Spliters': 6.0, 'Counters': 11.0}, {'Spout_wait': 6.0, 'Spliters': 4.0, 'Counters': 18.0}, {'Spout_wait': 6.0, 'Spliters': 6.0, 'Counters': 15.0}, {'Spout_wait': 9.0, 'Spliters': 6.0, 'Counters': 17.0}, {'Spout_wait': 10.0, 'Spliters': 4.0, 'Counters': 15.0}, {'Spout_wait': 3.0, 'Spliters': 5.0, 'Counters': 16.0}, {'Spout_wait': 9.0, 'Spliters': 4.0, 'Counters': 17.0}, {'Spout_wait': 8.0, 'Spliters': 6.0, 'Counters': 17.0}, {'Spout_wait': 2.0, 'Spliters': 6.0, 'Counters': 15.0}, {'Spout_wait': 5.0, 'Spliters': 4.0, 'Counters': 15.0}, {'Spout_wait': 4.0, 'Spliters': 6.0, 'Counters': 14.0}, {'Spout_wait': 8.0, 'Spliters': 6.0, 'Counters': 14.0}, {'Spout_wait': 6.0, 'Spliters': 4.0, 'Counters': 17.0}, {'Spout_wait': 8.0, 'Spliters': 5.0, 'Counters': 13.0}
0.08593668512781016, 0.02340892060562716, 0.06530366529199416, 0.059561592720216106, 0.07739417901803258, 0.08330311549337521, 0.11114018584802376, 0.09215494647517553, 0.0516294898461388, 0.008586239120553896, 0.030368608200511682, 0.09648484901296717, 0.05457370508667703, 0.006111178207122481, 0.09037721671244892, 0.08261887043698013, 0.08761474371349254, 0.10345865610041827, 0.05504432310620622, 0.06869452197396686
0.018839597702026367, 0.02070140838623047, 0.017640113830566406, 0.017558813095092773, 0.01752018928527832, 0.017487287521362305, 0.017575740814208984, 0.017468690872192383, 0.017493486404418945, 0.017462968826293945, 0.0176541805267334, 0.01777505874633789, 0.017465829849243164, 0.017441511154174805, 0.01752161979675293, 0.017581939697265625, 0.01752018928527832, 0.017376184463500977, 0.01754307746887207, 0.017277240753173828