{'Spout_wait': 100.0, 'Spliters': 6.0, 'Counters': 11.0}, {'Spout_wait': 8.0, 'Spliters': 6.0, 'Counters': 18.0}, {'Spout_wait': 6.0, 'Spliters': 4.0, 'Counters': 10.0}, {'Spout_wait': 7.0, 'Spliters': 2.0, 'Counters': 16.0}, {'Spout_wait': 100.0, 'Spliters': 4.0, 'Counters': 13.0}, {'Spout_wait': 4.0, 'Spliters': 5.0, 'Counters': 11.0}, {'Spout_wait': 6.0, 'Spliters': 6.0, 'Counters': 11.0}, {'Spout_wait': 6.0, 'Spliters': 4.0, 'Counters': 18.0}, {'Spout_wait': 3.0, 'Spliters': 5.0, 'Counters': 13.0}, {'Spout_wait': 5.0, 'Spliters': 6.0, 'Counters': 8.0}, {'Spout_wait': 10.0, 'Spliters': 4.0, 'Counters': 15.0}, {'Spout_wait': 10.0, 'Spliters': 1.0, 'Counters': 17.0}, {'Spout_wait': 4.0, 'Spliters': 3.0, 'Counters': 15.0}, {'Spout_wait': 2.0, 'Spliters': 4.0, 'Counters': 18.0}, {'Spout_wait': 10.0, 'Spliters': 2.0, 'Counters': 14.0}, {'Spout_wait': 5.0, 'Spliters': 4.0, 'Counters': 15.0}, {'Spout_wait': 4.0, 'Spliters': 6.0, 'Counters': 14.0}, {'Spout_wait': 9.0, 'Spliters': 5.0, 'Counters': 8.0}, {'Spout_wait': 6.0, 'Spliters': 4.0, 'Counters': 17.0}, {'Spout_wait': 8.0, 'Spliters': 5.0, 'Counters': 13.0}
0.10495416997350338, 0.02340892060562716, 0.11758535031937278, 0.07469957232036739, 0.11611341982205081, 0.1504783407349044, 0.11114018584802376, 0.09215494647517553, 0.12146821587714862, 0.16496577943138702, 0.030368608200511682, 0.13435493480279603, 0.09457155307266985, 0.12001744216165422, 0.0968530019712015, 0.08261887043698013, 0.08761474371349254, 0.1641236132882553, 0.05504432310620622, 0.06869452197396686
0.008739233016967773, 0.007021903991699219, 0.009854316711425781, 0.006675243377685547, 0.006502866744995117, 0.0066547393798828125, 0.0064239501953125, 0.00635981559753418, 0.0065517425537109375, 0.006522178649902344, 0.006524324417114258, 0.00725102424621582, 0.006440639495849609, 0.0062983036041259766, 0.006293773651123047, 0.00643467903137207, 0.0063207149505615234, 0.0062863826751708984, 0.006380319595336914, 0.0063860416412353516