{'Spout_wait': 6.0, 'Spliters': 5.0, 'Counters': 9.0}, {'Spout_wait': 4.0, 'Spliters': 6.0, 'Counters': 14.0}, {'Spout_wait': 5.0, 'Spliters': 5.0, 'Counters': 10.0}, {'Spout_wait': 3.0, 'Spliters': 6.0, 'Counters': 1.0}, {'Spout_wait': 4.0, 'Spliters': 5.0, 'Counters': 17.0}, {'Spout_wait': 6.0, 'Spliters': 4.0, 'Counters': 1.0}, {'Spout_wait': 5.0, 'Spliters': 5.0, 'Counters': 10.0}, {'Spout_wait': 3.0, 'Spliters': 4.0, 'Counters': 18.0}, {'Spout_wait': 6.0, 'Spliters': 3.0, 'Counters': 12.0}, {'Spout_wait': 2.0, 'Spliters': 5.0, 'Counters': 14.0}, {'Spout_wait': 6.0, 'Spliters': 6.0, 'Counters': 18.0}, {'Spout_wait': 6.0, 'Spliters': 5.0, 'Counters': 9.0}, {'Spout_wait': 3.0, 'Spliters': 6.0, 'Counters': 13.0}, {'Spout_wait': 2.0, 'Spliters': 4.0, 'Counters': 15.0}, {'Spout_wait': 4.0, 'Spliters': 5.0, 'Counters': 10.0}, {'Spout_wait': 5.0, 'Spliters': 4.0, 'Counters': 5.0}, {'Spout_wait': 6.0, 'Spliters': 4.0, 'Counters': 15.0}, {'Spout_wait': 6.0, 'Spliters': 4.0, 'Counters': 13.0}, {'Spout_wait': 5.0, 'Spliters': 5.0, 'Counters': 16.0}, {'Spout_wait': 4.0, 'Spliters': 3.0, 'Counters': 18.0}
0.07652877289069748, 0.07305533855603463, 0.04293529150197439, 0.06095920606992189, 0.06898395533115131, 0.0528754203724453, 0.04293529150197439, 0.06347431254953839, 0.07299553757811195, 0.04724666887988782, 0.06317483948161395, 0.07652877289069748, 0.060540270892268655, 0.08509157517670118, 0.04928309323600877, 0.07275679403201574, 0.051797308758049, 0.06622868155999706, 0.07796547139309484, 0.06820537694265139
0.05047750473022461, 0.04268980026245117, 0.04303908348083496, 0.042217254638671875, 0.042351484298706055, 0.041892290115356445, 0.042667388916015625, 0.04313182830810547, 0.04196596145629883, 0.04224705696105957, 0.042038917541503906, 0.041864871978759766, 0.042253732681274414, 0.042171478271484375, 0.042593955993652344, 0.04244875907897949, 0.04266858100891113, 0.04265737533569336, 0.041642189025878906, 0.04197096824645996