{'Spout_wait': 2.0, 'Spliters': 3.0, 'Counters': 14.0}, {'Spout_wait': 5.0, 'Spliters': 4.0, 'Counters': 1.0}, {'Spout_wait': 5.0, 'Spliters': 5.0, 'Counters': 10.0}, {'Spout_wait': 3.0, 'Spliters': 4.0, 'Counters': 15.0}, {'Spout_wait': 2.0, 'Spliters': 5.0, 'Counters': 14.0}, {'Spout_wait': 6.0, 'Spliters': 3.0, 'Counters': 1.0}, {'Spout_wait': 5.0, 'Spliters': 5.0, 'Counters': 10.0}, {'Spout_wait': 3.0, 'Spliters': 4.0, 'Counters': 15.0}, {'Spout_wait': 5.0, 'Spliters': 5.0, 'Counters': 1.0}, {'Spout_wait': 2.0, 'Spliters': 5.0, 'Counters': 14.0}, {'Spout_wait': 2.0, 'Spliters': 5.0, 'Counters': 14.0}, {'Spout_wait': 5.0, 'Spliters': 5.0, 'Counters': 1.0}, {'Spout_wait': 6.0, 'Spliters': 4.0, 'Counters': 12.0}, {'Spout_wait': 2.0, 'Spliters': 5.0, 'Counters': 14.0}, {'Spout_wait': 4.0, 'Spliters': 5.0, 'Counters': 10.0}, {'Spout_wait': 6.0, 'Spliters': 3.0, 'Counters': 1.0}, {'Spout_wait': 6.0, 'Spliters': 4.0, 'Counters': 15.0}, {'Spout_wait': 4.0, 'Spliters': 5.0, 'Counters': 10.0}, {'Spout_wait': 5.0, 'Spliters': 5.0, 'Counters': 1.0}, {'Spout_wait': 6.0, 'Spliters': 4.0, 'Counters': 15.0}
0.06407312853136182, 0.05485197085539084, 0.04293529150197439, 0.050780020257953695, 0.04724666887988782, 0.04227664546194576, 0.04293529150197439, 0.050780020257953695, 4.1023799471462397e-05, 0.04724666887988782, 0.04724666887988782, 4.1023799471462397e-05, 0.06053988789959308, 0.04724666887988782, 0.04928309323600877, 0.04227664546194576, 0.051797308758049, 0.04928309323600877, 4.1023799471462397e-05, 0.051797308758049
0.1878669261932373, 0.18035888671875, 0.24474120140075684, 0.18296480178833008, 0.17861318588256836, 0.17564892768859863, 0.17905139923095703, 0.1744234561920166, 0.173508882522583, 0.17339301109313965, 0.17319178581237793, 0.17572593688964844, 0.17460203170776367, 0.1762526035308838, 0.1798398494720459, 0.17729759216308594, 0.17571806907653809, 0.17446231842041016, 0.17539381980895996, 0.17595529556274414