{'Max_spout': 10000.0, 'Spliters': 2.0, 'Counters': 12.0}, {'Max_spout': 1000.0, 'Spliters': 2.0, 'Counters': 15.0}, {'Max_spout': 100000.0, 'Spliters': 1.0, 'Counters': 9.0}, {'Max_spout': 1000000.0, 'Spliters': 2.0, 'Counters': 18.0}, {'Max_spout': 1000000.0, 'Spliters': 1.0, 'Counters': 6.0}, {'Max_spout': 100000.0, 'Spliters': 1.0, 'Counters': 9.0}, {'Max_spout': 10000.0, 'Spliters': 2.0, 'Counters': 12.0}, {'Max_spout': 10000.0, 'Spliters': 2.0, 'Counters': 12.0}, {'Max_spout': 10000.0, 'Spliters': 1.0, 'Counters': 6.0}, {'Max_spout': 1000.0, 'Spliters': 2.0, 'Counters': 12.0}, {'Max_spout': 10000.0, 'Spliters': 2.0, 'Counters': 12.0}, {'Max_spout': 1000000.0, 'Spliters': 2.0, 'Counters': 18.0}, {'Max_spout': 1000000.0, 'Spliters': 2.0, 'Counters': 18.0}, {'Max_spout': 10000.0, 'Spliters': 2.0, 'Counters': 12.0}, {'Max_spout': 1000000.0, 'Spliters': 1.0, 'Counters': 9.0}, {'Max_spout': 100000.0, 'Spliters': 1.0, 'Counters': 9.0}, {'Max_spout': 1000000.0, 'Spliters': 1.0, 'Counters': 6.0}, {'Max_spout': 1000.0, 'Spliters': 2.0, 'Counters': 18.0}, {'Max_spout': 10000.0, 'Spliters': 2.0, 'Counters': 12.0}, {'Max_spout': 1000.0, 'Spliters': 2.0, 'Counters': 18.0}
0.3482003422813653, 0.36892976043895076, 0.35166741075975727, 0.3164259069728935, 0.36846990554864756, 0.35166741075975727, 0.3482003422813653, 0.3482003422813653, 0.41494030786695557, 0.38207560321211176, 0.3482003422813653, 0.3164259069728935, 0.3164259069728935, 0.3482003422813653, 0.32012653299473015, 0.35166741075975727, 0.36846990554864756, 0.37732074296275253, 0.3482003422813653, 0.37732074296275253
0.03939986228942871, 0.0336606502532959, 0.033513784408569336, 0.03350019454956055, 0.03253054618835449, 0.03255653381347656, 0.03267478942871094, 0.03289484977722168, 0.03247261047363281, 0.03311729431152344, 0.033011674880981445, 0.03259396553039551, 0.03202033042907715, 0.03186440467834473, 0.032828569412231445, 0.036016225814819336, 0.032845258712768555, 0.03241372108459473, 0.10452890396118164, 0.03224325180053711