{'Max_spout': 10000.0, 'Spliters': 2.0, 'Counters': 17.0}, {'Max_spout': 1000000.0, 'Spliters': 2.0, 'Counters': 15.0}, {'Max_spout': 10000.0, 'Spliters': 1.0, 'Counters': 5.0}, {'Max_spout': 1000.0, 'Spliters': 2.0, 'Counters': 17.0}, {'Max_spout': 1000.0, 'Spliters': 2.0, 'Counters': 17.0}, {'Max_spout': 10000.0, 'Spliters': 2.0, 'Counters': 14.0}, {'Max_spout': 100000.0, 'Spliters': 3.0, 'Counters': 2.0}, {'Max_spout': 1000.0, 'Spliters': 5.0, 'Counters': 18.0}, {'Max_spout': 100000.0, 'Spliters': 2.0, 'Counters': 12.0}, {'Max_spout': 1000.0, 'Spliters': 1.0, 'Counters': 9.0}, {'Max_spout': 1000.0, 'Spliters': 2.0, 'Counters': 15.0}, {'Max_spout': 1000.0, 'Spliters': 2.0, 'Counters': 15.0}, {'Max_spout': 10000.0, 'Spliters': 1.0, 'Counters': 14.0}, {'Max_spout': 10000.0, 'Spliters': 2.0, 'Counters': 14.0}, {'Max_spout': 10000.0, 'Spliters': 2.0, 'Counters': 17.0}, {'Max_spout': 100000.0, 'Spliters': 2.0, 'Counters': 13.0}, {'Max_spout': 10000.0, 'Spliters': 2.0, 'Counters': 13.0}, {'Max_spout': 10000.0, 'Spliters': 1.0, 'Counters': 10.0}, {'Max_spout': 1000000.0, 'Spliters': 2.0, 'Counters': 13.0}, {'Max_spout': 10000.0, 'Spliters': 2.0, 'Counters': 18.0}
0.13361873109709843, 0.19052519703880066, 0.25163726559968014, 0.20413732624457137, 0.20413732624457137, 0.15332396214456634, 0.24275536721044977, 0.2812314825436557, 0.14512965696185742, 0.25040289674104876, 0.22087845968356934, 0.22087845968356934, 0.2503918831855877, 0.15332396214456634, 0.13361873109709843, 0.14855608246731045, 0.18561058666702812, 0.24109562036587606, 0.1753336643562795, 0.13646979561984285
0.024384498596191406, 0.018984317779541016, 0.01885390281677246, 0.018841266632080078, 0.018877744674682617, 0.01893925666809082, 0.018975496292114258, 0.018931150436401367, 0.018985748291015625, 0.018967866897583008, 0.01891469955444336, 0.018962621688842773, 0.018843650817871094, 0.018961668014526367, 0.018743038177490234, 0.018693208694458008, 0.018761157989501953, 0.018793582916259766, 0.01874828338623047, 0.03341031074523926