{'Max_spout': 1000.0, 'Spliters': 2.0, 'Counters': 12.0}, {'Max_spout': 1000000.0, 'Spliters': 6.0, 'Counters': 12.0}, {'Max_spout': 100000.0, 'Spliters': 1.0, 'Counters': 15.0}, {'Max_spout': 10000.0, 'Spliters': 6.0, 'Counters': 6.0}, {'Max_spout': 1000.0, 'Spliters': 1.0, 'Counters': 9.0}, {'Max_spout': 1000.0, 'Spliters': 2.0, 'Counters': 6.0}, {'Max_spout': 10000.0, 'Spliters': 2.0, 'Counters': 12.0}, {'Max_spout': 1000.0, 'Spliters': 2.0, 'Counters': 6.0}, {'Max_spout': 1000.0, 'Spliters': 3.0, 'Counters': 6.0}, {'Max_spout': 10000.0, 'Spliters': 3.0, 'Counters': 3.0}, {'Max_spout': 1000000.0, 'Spliters': 6.0, 'Counters': 9.0}, {'Max_spout': 1000.0, 'Spliters': 1.0, 'Counters': 9.0}, {'Max_spout': 100.0, 'Spliters': 6.0, 'Counters': 6.0}, {'Max_spout': 1000.0, 'Spliters': 6.0, 'Counters': 6.0}, {'Max_spout': 1000000.0, 'Spliters': 2.0, 'Counters': 15.0}, {'Max_spout': 10000.0, 'Spliters': 2.0, 'Counters': 9.0}, {'Max_spout': 1000.0, 'Spliters': 2.0, 'Counters': 12.0}, {'Max_spout': 10.0, 'Spliters': 3.0, 'Counters': 18.0}, {'Max_spout': 100.0, 'Spliters': 2.0, 'Counters': 9.0}, {'Max_spout': 1000.0, 'Spliters': 2.0, 'Counters': 18.0}
0.353038171607748, 0.4426252477282385, 0.6120256478408291, 0.43515614436816086, 0.5174469340638226, 0.41431724775011136, 0.3777081854880393, 0.41431724775011136, 0.513885203239707, 0.5384336609260343, 0.45474848674620594, 0.5174469340638226, 0.5021169684422148, 0.4579822016278874, 0.5377809488779259, 0.391479583096187, 0.353038171607748, 0.5630279189726654, 0.46999872704776124, 0.3513569799560069
0.0068607330322265625, 0.005018949508666992, 0.010601997375488281, 0.005478382110595703, 0.005307197570800781, 0.006014823913574219, 0.00535130500793457, 0.005525112152099609, 0.005261421203613281, 0.005097627639770508, 0.005200862884521484, 0.005338430404663086, 0.005248308181762695, 0.005090951919555664, 0.005380153656005859, 0.0053288936614990234, 0.005045175552368164, 0.005030393600463867, 0.005527973175048828, 0.0051763057708740234