{'Max_spout': 1000.0, 'Spliters': 2.0, 'Counters': 12.0}, {'Max_spout': 1000.0, 'Spliters': 2.0, 'Counters': 6.0}, {'Max_spout': 100000.0, 'Spliters': 3.0, 'Counters': 9.0}, {'Max_spout': 10000.0, 'Spliters': 6.0, 'Counters': 6.0}, {'Max_spout': 1000.0, 'Spliters': 2.0, 'Counters': 18.0}, {'Max_spout': 1000.0, 'Spliters': 2.0, 'Counters': 18.0}, {'Max_spout': 10000.0, 'Spliters': 2.0, 'Counters': 12.0}, {'Max_spout': 10000.0, 'Spliters': 2.0, 'Counters': 9.0}, {'Max_spout': 1000.0, 'Spliters': 2.0, 'Counters': 6.0}, {'Max_spout': 1000.0, 'Spliters': 2.0, 'Counters': 12.0}, {'Max_spout': 10000.0, 'Spliters': 6.0, 'Counters': 18.0}, {'Max_spout': 100000.0, 'Spliters': 6.0, 'Counters': 9.0}, {'Max_spout': 100000.0, 'Spliters': 6.0, 'Counters': 15.0}, {'Max_spout': 10000.0, 'Spliters': 2.0, 'Counters': 12.0}, {'Max_spout': 100000.0, 'Spliters': 6.0, 'Counters': 15.0}, {'Max_spout': 10000.0, 'Spliters': 2.0, 'Counters': 9.0}, {'Max_spout': 1000.0, 'Spliters': 2.0, 'Counters': 12.0}, {'Max_spout': 1000.0, 'Spliters': 2.0, 'Counters': 18.0}, {'Max_spout': 1000.0, 'Spliters': 2.0, 'Counters': 6.0}, {'Max_spout': 1000.0, 'Spliters': 2.0, 'Counters': 18.0}
0.353038171607748, 0.41431724775011136, 0.5000005369538446, 0.43515614436816086, 0.3513569799560069, 0.3513569799560069, 0.3777081854880393, 0.391479583096187, 0.41431724775011136, 0.353038171607748, 0.45021922311446794, 0.45112191811043734, 0.43816779038423925, 0.3777081854880393, 0.43816779038423925, 0.391479583096187, 0.353038171607748, 0.3513569799560069, 0.41431724775011136, 0.3513569799560069
0.017142772674560547, 0.019315481185913086, 0.01562952995300293, 0.015543937683105469, 0.015411138534545898, 0.01572394371032715, 0.01563858985900879, 0.015503883361816406, 0.01550745964050293, 0.015400409698486328, 0.015532970428466797, 0.015302658081054688, 0.01532745361328125, 0.015483379364013672, 0.01555323600769043, 0.015352725982666016, 0.01550912857055664, 0.015412092208862305, 0.015537500381469727, 0.015268325805664062