{'Max_spout': 1000.0, 'Spliters': 2.0, 'Counters': 12.0}, {'Max_spout': 1000000.0, 'Spliters': 6.0, 'Counters': 12.0}, {'Max_spout': 100000.0, 'Spliters': 6.0, 'Counters': 3.0}, {'Max_spout': 10000.0, 'Spliters': 6.0, 'Counters': 6.0}, {'Max_spout': 1000.0, 'Spliters': 2.0, 'Counters': 18.0}, {'Max_spout': 1000.0, 'Spliters': 2.0, 'Counters': 18.0}, {'Max_spout': 10000.0, 'Spliters': 2.0, 'Counters': 12.0}, {'Max_spout': 10000.0, 'Spliters': 2.0, 'Counters': 9.0}, {'Max_spout': 100.0, 'Spliters': 2.0, 'Counters': 9.0}, {'Max_spout': 1000.0, 'Spliters': 2.0, 'Counters': 12.0}, {'Max_spout': 1000000.0, 'Spliters': 6.0, 'Counters': 9.0}, {'Max_spout': 100000.0, 'Spliters': 6.0, 'Counters': 9.0}, {'Max_spout': 10000.0, 'Spliters': 6.0, 'Counters': 18.0}, {'Max_spout': 1000.0, 'Spliters': 6.0, 'Counters': 6.0}, {'Max_spout': 1000.0, 'Spliters': 6.0, 'Counters': 3.0}, {'Max_spout': 10000.0, 'Spliters': 2.0, 'Counters': 9.0}, {'Max_spout': 1000.0, 'Spliters': 2.0, 'Counters': 12.0}, {'Max_spout': 100.0, 'Spliters': 2.0, 'Counters': 9.0}, {'Max_spout': 1000.0, 'Spliters': 2.0, 'Counters': 6.0}, {'Max_spout': 1000.0, 'Spliters': 2.0, 'Counters': 18.0}
0.353038171607748, 0.4426252477282385, 0.5203276478698825, 0.43515614436816086, 0.3513569799560069, 0.3513569799560069, 0.3777081854880393, 0.391479583096187, 0.46999872704776124, 0.353038171607748, 0.45474848674620594, 0.45112191811043734, 0.45021922311446794, 0.4579822016278874, 0.5002144420884215, 0.391479583096187, 0.353038171607748, 0.46999872704776124, 0.41431724775011136, 0.3513569799560069
0.011050701141357422, 0.012506723403930664, 0.009418964385986328, 0.009441852569580078, 0.009199857711791992, 0.009374141693115234, 0.009412288665771484, 0.009357452392578125, 0.009354114532470703, 0.009415864944458008, 0.009353876113891602, 0.009180307388305664, 0.009420394897460938, 0.009357690811157227, 0.009382009506225586, 0.009341001510620117, 0.009297847747802734, 0.009355306625366211, 0.009408235549926758, 0.009361505508422852