{'Max_spout': 1000.0, 'Spliters': 2.0, 'Counters': 15.0}, {'Max_spout': 1000.0, 'Spliters': 2.0, 'Counters': 15.0}, {'Max_spout': 1000.0, 'Spliters': 2.0, 'Counters': 15.0}, {'Max_spout': 1000.0, 'Spliters': 2.0, 'Counters': 15.0}, {'Max_spout': 1000.0, 'Spliters': 2.0, 'Counters': 18.0}, {'Max_spout': 1000.0, 'Spliters': 2.0, 'Counters': 15.0}, {'Max_spout': 1000.0, 'Spliters': 2.0, 'Counters': 15.0}, {'Max_spout': 1000.0, 'Spliters': 2.0, 'Counters': 15.0}, {'Max_spout': 1000.0, 'Spliters': 2.0, 'Counters': 15.0}, {'Max_spout': 1000.0, 'Spliters': 2.0, 'Counters': 15.0}, {'Max_spout': 10000.0, 'Spliters': 2.0, 'Counters': 12.0}, {'Max_spout': 1000.0, 'Spliters': 2.0, 'Counters': 15.0}, {'Max_spout': 1000.0, 'Spliters': 2.0, 'Counters': 15.0}, {'Max_spout': 1000.0, 'Spliters': 2.0, 'Counters': 15.0}, {'Max_spout': 1000.0, 'Spliters': 2.0, 'Counters': 15.0}, {'Max_spout': 1000.0, 'Spliters': 2.0, 'Counters': 18.0}, {'Max_spout': 1000.0, 'Spliters': 2.0, 'Counters': 18.0}, {'Max_spout': 1000.0, 'Spliters': 2.0, 'Counters': 15.0}, {'Max_spout': 1000.0, 'Spliters': 2.0, 'Counters': 15.0}, {'Max_spout': 1000.0, 'Spliters': 2.0, 'Counters': 18.0}
0.33404364197772773, 0.33404364197772773, 0.33404364197772773, 0.33404364197772773, 0.3513569799560069, 0.33404364197772773, 0.33404364197772773, 0.33404364197772773, 0.33404364197772773, 0.33404364197772773, 0.3777081854880393, 0.33404364197772773, 0.33404364197772773, 0.33404364197772773, 0.33404364197772773, 0.3513569799560069, 0.3513569799560069, 0.33404364197772773, 0.33404364197772773, 0.3513569799560069
0.1726548671722412, 0.1679701805114746, 0.16679835319519043, 0.16479802131652832, 0.22944927215576172, 0.1596829891204834, 0.1600937843322754, 0.1597139835357666, 0.16371798515319824, 0.15984559059143066, 0.15791678428649902, 0.15988731384277344, 0.15949559211730957, 0.1596231460571289, 0.1590111255645752, 0.15948748588562012, 0.16099882125854492, 0.1601858139038086, 0.16071772575378418, 0.15838074684143066