{'Max_spout': 1.0, 'Spliters': 1.0, 'Counters': 9.0}, {'Max_spout': 1.0, 'Spliters': 1.0, 'Counters': 1.0}, {'Max_spout': 1.0, 'Spliters': 1.0, 'Counters': 9.0}, {'Max_spout': 10000.0, 'Spliters': 3.0, 'Counters': 1.0}, {'Max_spout': 1000.0, 'Spliters': 2.0, 'Counters': 1.0}, {'Max_spout': 1.0, 'Spliters': 1.0, 'Counters': 18.0}, {'Max_spout': 1.0, 'Spliters': 3.0, 'Counters': 18.0}, {'Max_spout': 1.0, 'Spliters': 1.0, 'Counters': 18.0}, {'Max_spout': 1.0, 'Spliters': 1.0, 'Counters': 15.0}, {'Max_spout': 1.0, 'Spliters': 2.0, 'Counters': 6.0}, {'Max_spout': 1.0, 'Spliters': 2.0, 'Counters': 3.0}, {'Max_spout': 1.0, 'Spliters': 1.0, 'Counters': 18.0}, {'Max_spout': 1.0, 'Spliters': 2.0, 'Counters': 6.0}, {'Max_spout': 1.0, 'Spliters': 1.0, 'Counters': 1.0}, {'Max_spout': 1.0, 'Spliters': 1.0, 'Counters': 18.0}, {'Max_spout': 1.0, 'Spliters': 2.0, 'Counters': 12.0}, {'Max_spout': 1.0, 'Spliters': 2.0, 'Counters': 9.0}, {'Max_spout': 1.0, 'Spliters': 2.0, 'Counters': 15.0}, {'Max_spout': 1.0, 'Spliters': 6.0, 'Counters': 6.0}, {'Max_spout': 10.0, 'Spliters': 2.0, 'Counters': 1.0}
0.0018937558904615903, 0.004807791117257265, 0.0018937558904615903, 0.07676904692697739, 0.0698663801076358, 0.0015707897696076722, 0.012992046225260068, 0.0015707897696076722, 0.002165341037543289, 0.007622000452152555, 0.006926155264494582, 0.0015707897696076722, 0.007622000452152555, 0.004807791117257265, 0.0015707897696076722, 0.006037998432146252, 0.007009832850352171, 0.005399406329548717, 0.013611553966170753, 0.06193168972938379
0.011779069900512695, 0.013298511505126953, 0.010326147079467773, 0.010994434356689453, 0.010429620742797852, 0.010776281356811523, 0.01047658920288086, 0.010553598403930664, 0.010779142379760742, 0.010932207107543945, 0.010590076446533203, 0.010701894760131836, 0.010612726211547852, 0.010710954666137695, 0.010696172714233398, 0.010847806930541992, 0.01028585433959961, 0.011011123657226562, 0.010867595672607422, 0.010900497436523438