{'Max_spout': 1.0, 'Spliters': 1.0, 'Counters': 9.0}, {'Max_spout': 1.0, 'Spliters': 1.0, 'Counters': 1.0}, {'Max_spout': 1.0, 'Spliters': 1.0, 'Counters': 9.0}, {'Max_spout': 1000000.0, 'Spliters': 6.0, 'Counters': 3.0}, {'Max_spout': 1000.0, 'Spliters': 2.0, 'Counters': 1.0}, {'Max_spout': 1.0, 'Spliters': 1.0, 'Counters': 18.0}, {'Max_spout': 10000.0, 'Spliters': 3.0, 'Counters': 1.0}, {'Max_spout': 1.0, 'Spliters': 6.0, 'Counters': 12.0}, {'Max_spout': 100000.0, 'Spliters': 1.0, 'Counters': 1.0}, {'Max_spout': 1.0, 'Spliters': 2.0, 'Counters': 6.0}, {'Max_spout': 1.0, 'Spliters': 2.0, 'Counters': 9.0}, {'Max_spout': 1.0, 'Spliters': 1.0, 'Counters': 18.0}, {'Max_spout': 10.0, 'Spliters': 3.0, 'Counters': 1.0}, {'Max_spout': 1.0, 'Spliters': 1.0, 'Counters': 1.0}, {'Max_spout': 1.0, 'Spliters': 1.0, 'Counters': 6.0}, {'Max_spout': 1.0, 'Spliters': 2.0, 'Counters': 12.0}, {'Max_spout': 1.0, 'Spliters': 2.0, 'Counters': 9.0}, {'Max_spout': 1.0, 'Spliters': 2.0, 'Counters': 15.0}, {'Max_spout': 1.0, 'Spliters': 6.0, 'Counters': 6.0}, {'Max_spout': 1000.0, 'Spliters': 6.0, 'Counters': 1.0}
0.0018937558904615903, 0.004807791117257265, 0.0018937558904615903, 0.2622426180220967, 0.0698663801076358, 0.0015707897696076722, 0.07676904692697739, 0.012412175235545053, 0.07136817256960648, 0.007622000452152555, 0.007009832850352171, 0.0015707897696076722, 0.0605502755488222, 0.004807791117257265, 0.003361783712524935, 0.006037998432146252, 0.007009832850352171, 0.005399406329548717, 0.013611553966170753, 0.07417650979321366
0.008161067962646484, 0.005705833435058594, 0.009838104248046875, 0.0057735443115234375, 0.00560450553894043, 0.005701780319213867, 0.005672931671142578, 0.005742311477661133, 0.005675554275512695, 0.005742549896240234, 0.005908489227294922, 0.005777597427368164, 0.005721569061279297, 0.005723476409912109, 0.005819559097290039, 0.005810260772705078, 0.00589299201965332, 0.005829572677612305, 0.005852222442626953, 0.005882740020751953