{'Max_spout': 1.0, 'Spliters': 1.0, 'Counters': 9.0}, {'Max_spout': 1.0, 'Spliters': 1.0, 'Counters': 1.0}, {'Max_spout': 1.0, 'Spliters': 1.0, 'Counters': 9.0}, {'Max_spout': 1.0, 'Spliters': 1.0, 'Counters': 1.0}, {'Max_spout': 1.0, 'Spliters': 2.0, 'Counters': 15.0}, {'Max_spout': 1.0, 'Spliters': 2.0, 'Counters': 1.0}, {'Max_spout': 1.0, 'Spliters': 3.0, 'Counters': 18.0}, {'Max_spout': 1.0, 'Spliters': 1.0, 'Counters': 18.0}, {'Max_spout': 1.0, 'Spliters': 1.0, 'Counters': 15.0}, {'Max_spout': 1.0, 'Spliters': 1.0, 'Counters': 18.0}, {'Max_spout': 1.0, 'Spliters': 2.0, 'Counters': 9.0}, {'Max_spout': 1.0, 'Spliters': 1.0, 'Counters': 18.0}, {'Max_spout': 1.0, 'Spliters': 2.0, 'Counters': 6.0}, {'Max_spout': 1.0, 'Spliters': 1.0, 'Counters': 1.0}, {'Max_spout': 1.0, 'Spliters': 2.0, 'Counters': 1.0}, {'Max_spout': 1.0, 'Spliters': 2.0, 'Counters': 12.0}, {'Max_spout': 1.0, 'Spliters': 1.0, 'Counters': 6.0}, {'Max_spout': 1.0, 'Spliters': 2.0, 'Counters': 1.0}, {'Max_spout': 1.0, 'Spliters': 1.0, 'Counters': 9.0}, {'Max_spout': 1.0, 'Spliters': 2.0, 'Counters': 12.0}
0.0012736252462314246, 0.0023531105074919845, 0.0012736252462314246, 0.0023531105074919845, 0.003507908693956674, 0.0019045801973868182, 0.010219127139933115, 0.001956462434749673, 0.0, 0.001956462434749673, 0.003837611944295216, 0.001956462434749673, 0.002341395163571347, 0.0023531105074919845, 0.0019045801973868182, 0.004038446411506524, 0.0032401294043417073, 0.0019045801973868182, 0.0012736252462314246, 0.004038446411506524
0.020694255828857422, 0.016360044479370117, 0.016475677490234375, 0.01586627960205078, 0.01600933074951172, 0.016438007354736328, 0.017418384552001953, 0.016680002212524414, 0.016298770904541016, 0.01594829559326172, 0.016344785690307617, 0.016018152236938477, 0.015991926193237305, 0.015837669372558594, 0.016064882278442383, 0.0159757137298584, 0.015897274017333984, 0.01603102684020996, 0.0158236026763916, 0.015992164611816406