{'Max_spout': 1.0, 'Spliters': 1.0, 'Counters': 15.0}, {'Max_spout': 1.0, 'Spliters': 1.0, 'Counters': 1.0}, {'Max_spout': 1.0, 'Spliters': 1.0, 'Counters': 15.0}, {'Max_spout': 1.0, 'Spliters': 1.0, 'Counters': 12.0}, {'Max_spout': 1.0, 'Spliters': 1.0, 'Counters': 15.0}, {'Max_spout': 1.0, 'Spliters': 1.0, 'Counters': 15.0}, {'Max_spout': 1.0, 'Spliters': 1.0, 'Counters': 9.0}, {'Max_spout': 1.0, 'Spliters': 1.0, 'Counters': 12.0}, {'Max_spout': 1.0, 'Spliters': 1.0, 'Counters': 15.0}, {'Max_spout': 1.0, 'Spliters': 1.0, 'Counters': 15.0}, {'Max_spout': 1.0, 'Spliters': 1.0, 'Counters': 3.0}, {'Max_spout': 1.0, 'Spliters': 2.0, 'Counters': 1.0}, {'Max_spout': 1.0, 'Spliters': 1.0, 'Counters': 15.0}, {'Max_spout': 1.0, 'Spliters': 1.0, 'Counters': 12.0}, {'Max_spout': 1.0, 'Spliters': 1.0, 'Counters': 15.0}, {'Max_spout': 1.0, 'Spliters': 1.0, 'Counters': 15.0}, {'Max_spout': 1.0, 'Spliters': 2.0, 'Counters': 1.0}, {'Max_spout': 1.0, 'Spliters': 1.0, 'Counters': 15.0}, {'Max_spout': 1.0, 'Spliters': 1.0, 'Counters': 9.0}, {'Max_spout': 1.0, 'Spliters': 1.0, 'Counters': 12.0}
0.0, 0.0023531105074919845, 0.0, 0.0008150532127657595, 0.0, 0.0, 0.0012736252462314246, 0.0008150532127657595, 0.0, 0.0, 0.0019296845057882317, 0.0019045801973868182, 0.0, 0.0008150532127657595, 0.0, 0.0, 0.0019045801973868182, 0.0, 0.0012736252462314246, 0.0008150532127657595
0.07888317108154297, 0.07364201545715332, 0.0790560245513916, 0.07307291030883789, 0.07340025901794434, 0.07421135902404785, 0.07311344146728516, 0.07209134101867676, 0.07149767875671387, 0.14962434768676758, 0.07321667671203613, 0.07142138481140137, 0.0706946849822998, 0.07216453552246094, 0.07067203521728516, 0.0708308219909668, 0.07090353965759277, 0.07070708274841309, 0.07283782958984375, 0.07521891593933105