{'Max_spout': 1.0, 'Spliters': 1.0, 'Counters': 9.0}, {'Max_spout': 1.0, 'Spliters': 1.0, 'Counters': 1.0}, {'Max_spout': 1.0, 'Spliters': 1.0, 'Counters': 9.0}, {'Max_spout': 1000000.0, 'Spliters': 6.0, 'Counters': 3.0}, {'Max_spout': 100.0, 'Spliters': 2.0, 'Counters': 1.0}, {'Max_spout': 1.0, 'Spliters': 1.0, 'Counters': 18.0}, {'Max_spout': 10000.0, 'Spliters': 3.0, 'Counters': 1.0}, {'Max_spout': 1.0, 'Spliters': 6.0, 'Counters': 12.0}, {'Max_spout': 100000.0, 'Spliters': 1.0, 'Counters': 1.0}, {'Max_spout': 1.0, 'Spliters': 2.0, 'Counters': 6.0}, {'Max_spout': 1.0, 'Spliters': 2.0, 'Counters': 9.0}, {'Max_spout': 1.0, 'Spliters': 1.0, 'Counters': 18.0}, {'Max_spout': 10.0, 'Spliters': 3.0, 'Counters': 1.0}, {'Max_spout': 1.0, 'Spliters': 1.0, 'Counters': 1.0}, {'Max_spout': 1.0, 'Spliters': 1.0, 'Counters': 1.0}, {'Max_spout': 1.0, 'Spliters': 2.0, 'Counters': 12.0}, {'Max_spout': 1.0, 'Spliters': 2.0, 'Counters': 9.0}, {'Max_spout': 1.0, 'Spliters': 2.0, 'Counters': 15.0}, {'Max_spout': 1.0, 'Spliters': 6.0, 'Counters': 6.0}, {'Max_spout': 100.0, 'Spliters': 1.0, 'Counters': 1.0}
0.0012736252462314246, 0.0023531105074919845, 0.0012736252462314246, 0.2706863685279002, 0.06182354348986707, 0.001956462434749673, 0.06990210993344015, 0.010963888289174828, 0.057947438272689666, 0.002341395163571347, 0.003837611944295216, 0.001956462434749673, 0.05419350735639916, 0.0023531105074919845, 0.0023531105074919845, 0.004038446411506524, 0.003837611944295216, 0.003507908693956674, 0.012276006808288442, 0.07726771401841315
0.005890846252441406, 0.004645586013793945, 0.007696628570556641, 0.004702091217041016, 0.0047607421875, 0.00464940071105957, 0.00466156005859375, 0.004664897918701172, 0.00470733642578125, 0.004691362380981445, 0.0046885013580322266, 0.004714250564575195, 0.0046613216400146484, 0.0046770572662353516, 0.004721164703369141, 0.0046176910400390625, 0.004579782485961914, 0.004720926284790039, 0.0047054290771484375, 0.004772663116455078