{'Max_spout': 1.0, 'Spliters': 1.0, 'Counters': 9.0}, {'Max_spout': 1.0, 'Spliters': 1.0, 'Counters': 1.0}, {'Max_spout': 1.0, 'Spliters': 1.0, 'Counters': 9.0}, {'Max_spout': 1.0, 'Spliters': 1.0, 'Counters': 18.0}, {'Max_spout': 1.0, 'Spliters': 1.0, 'Counters': 6.0}, {'Max_spout': 1.0, 'Spliters': 1.0, 'Counters': 18.0}, {'Max_spout': 1.0, 'Spliters': 3.0, 'Counters': 9.0}, {'Max_spout': 1.0, 'Spliters': 1.0, 'Counters': 18.0}, {'Max_spout': 1.0, 'Spliters': 1.0, 'Counters': 9.0}, {'Max_spout': 1.0, 'Spliters': 1.0, 'Counters': 18.0}, {'Max_spout': 1.0, 'Spliters': 2.0, 'Counters': 3.0}, {'Max_spout': 1.0, 'Spliters': 1.0, 'Counters': 18.0}, {'Max_spout': 1.0, 'Spliters': 1.0, 'Counters': 15.0}, {'Max_spout': 1.0, 'Spliters': 1.0, 'Counters': 1.0}, {'Max_spout': 1.0, 'Spliters': 1.0, 'Counters': 18.0}, {'Max_spout': 1.0, 'Spliters': 1.0, 'Counters': 12.0}, {'Max_spout': 1.0, 'Spliters': 1.0, 'Counters': 18.0}, {'Max_spout': 1.0, 'Spliters': 1.0, 'Counters': 12.0}, {'Max_spout': 1.0, 'Spliters': 1.0, 'Counters': 9.0}, {'Max_spout': 1.0, 'Spliters': 1.0, 'Counters': 12.0}
0.003115159039619231, 0.004705878549212117, 0.003115159039619231, 0.0, 0.0020255808389428864, 0.0, 0.013299643704695163, 0.0, 0.003115159039619231, 0.0, 0.0061333229871901596, 0.0, 0.0037165286103190143, 0.004705878549212117, 0.0, 0.0008018260942662669, 0.0, 0.0008018260942662669, 0.003115159039619231, 0.0008018260942662669
0.03900575637817383, 0.03499460220336914, 0.037885189056396484, 0.034792423248291016, 0.03533124923706055, 0.03510713577270508, 0.03469228744506836, 0.03481173515319824, 0.03486776351928711, 0.035112619400024414, 0.035010576248168945, 0.034995317459106445, 0.03570747375488281, 0.03605842590332031, 0.03858327865600586, 0.03576993942260742, 0.03423333168029785, 0.03352665901184082, 0.03364229202270508, 0.08805203437805176