{'Max_spout': 1.0, 'Spliters': 1.0, 'Counters': 9.0}, {'Max_spout': 1.0, 'Spliters': 1.0, 'Counters': 1.0}, {'Max_spout': 1.0, 'Spliters': 1.0, 'Counters': 9.0}, {'Max_spout': 1.0, 'Spliters': 1.0, 'Counters': 1.0}, {'Max_spout': 1.0, 'Spliters': 2.0, 'Counters': 15.0}, {'Max_spout': 1.0, 'Spliters': 1.0, 'Counters': 18.0}, {'Max_spout': 1.0, 'Spliters': 3.0, 'Counters': 18.0}, {'Max_spout': 1.0, 'Spliters': 1.0, 'Counters': 18.0}, {'Max_spout': 1.0, 'Spliters': 1.0, 'Counters': 9.0}, {'Max_spout': 1.0, 'Spliters': 1.0, 'Counters': 18.0}, {'Max_spout': 1.0, 'Spliters': 2.0, 'Counters': 3.0}, {'Max_spout': 1.0, 'Spliters': 1.0, 'Counters': 18.0}, {'Max_spout': 1.0, 'Spliters': 2.0, 'Counters': 6.0}, {'Max_spout': 1.0, 'Spliters': 1.0, 'Counters': 1.0}, {'Max_spout': 1.0, 'Spliters': 1.0, 'Counters': 18.0}, {'Max_spout': 1.0, 'Spliters': 2.0, 'Counters': 12.0}, {'Max_spout': 1.0, 'Spliters': 1.0, 'Counters': 6.0}, {'Max_spout': 1.0, 'Spliters': 1.0, 'Counters': 1.0}, {'Max_spout': 1.0, 'Spliters': 1.0, 'Counters': 9.0}, {'Max_spout': 1.0, 'Spliters': 2.0, 'Counters': 12.0}
0.003115159039619231, 0.004705878549212117, 0.003115159039619231, 0.004705878549212117, 0.005286232516634626, 0.0, 0.015921744359735368, 0.0, 0.003115159039619231, 0.0, 0.0061333229871901596, 0.0, 0.007426590881168038, 0.004705878549212117, 0.0, 0.005236118385743005, 0.0020255808389428864, 0.004705878549212117, 0.003115159039619231, 0.005236118385743005
0.021108388900756836, 0.01714468002319336, 0.017061233520507812, 0.016932249069213867, 0.01689004898071289, 0.016809701919555664, 0.017190933227539062, 0.01701068878173828, 0.0169830322265625, 0.01721024513244629, 0.017070770263671875, 0.016689538955688477, 0.016904115676879883, 0.017264842987060547, 0.016847610473632812, 0.0171356201171875, 0.016949176788330078, 0.017000198364257812, 0.01696944236755371, 0.01712322235107422