{'Max_spout': 1.0, 'Spliters': 1.0, 'Counters': 9.0}, {'Max_spout': 1.0, 'Spliters': 1.0, 'Counters': 1.0}, {'Max_spout': 1.0, 'Spliters': 1.0, 'Counters': 9.0}, {'Max_spout': 10000.0, 'Spliters': 3.0, 'Counters': 1.0}, {'Max_spout': 1000.0, 'Spliters': 2.0, 'Counters': 1.0}, {'Max_spout': 1.0, 'Spliters': 1.0, 'Counters': 18.0}, {'Max_spout': 1.0, 'Spliters': 3.0, 'Counters': 18.0}, {'Max_spout': 1.0, 'Spliters': 1.0, 'Counters': 18.0}, {'Max_spout': 1.0, 'Spliters': 1.0, 'Counters': 15.0}, {'Max_spout': 1.0, 'Spliters': 2.0, 'Counters': 6.0}, {'Max_spout': 1.0, 'Spliters': 2.0, 'Counters': 3.0}, {'Max_spout': 1.0, 'Spliters': 1.0, 'Counters': 18.0}, {'Max_spout': 1.0, 'Spliters': 2.0, 'Counters': 6.0}, {'Max_spout': 1.0, 'Spliters': 1.0, 'Counters': 1.0}, {'Max_spout': 1.0, 'Spliters': 1.0, 'Counters': 18.0}, {'Max_spout': 1.0, 'Spliters': 2.0, 'Counters': 12.0}, {'Max_spout': 1.0, 'Spliters': 2.0, 'Counters': 9.0}, {'Max_spout': 1.0, 'Spliters': 2.0, 'Counters': 12.0}, {'Max_spout': 1.0, 'Spliters': 6.0, 'Counters': 6.0}, {'Max_spout': 10.0, 'Spliters': 2.0, 'Counters': 1.0}
0.003115159039619231, 0.004705878549212117, 0.003115159039619231, 0.07628502331115383, 0.07602151997775575, 0.0, 0.015921744359735368, 0.0, 0.0037165286103190143, 0.007426590881168038, 0.0061333229871901596, 0.0, 0.007426590881168038, 0.004705878549212117, 0.0, 0.005236118385743005, 0.006553635052732987, 0.005236118385743005, 0.014272827794913567, 0.04917651166850956
0.009618520736694336, 0.011731386184692383, 0.008613109588623047, 0.008602380752563477, 0.00846409797668457, 0.008522748947143555, 0.008570671081542969, 0.008489847183227539, 0.008573532104492188, 0.008671998977661133, 0.008554458618164062, 0.008384466171264648, 0.008600473403930664, 0.008507013320922852, 0.008612394332885742, 0.008553266525268555, 0.008461475372314453, 0.008643388748168945, 0.0085601806640625, 0.008531808853149414