{'Max_spout': 1.0, 'Spliters': 1.0, 'Counters': 6.0}, {'Max_spout': 1.0, 'Spliters': 1.0, 'Counters': 1.0}, {'Max_spout': 1.0, 'Spliters': 1.0, 'Counters': 9.0}, {'Max_spout': 1.0, 'Spliters': 1.0, 'Counters': 18.0}, {'Max_spout': 1.0, 'Spliters': 1.0, 'Counters': 18.0}, {'Max_spout': 1.0, 'Spliters': 1.0, 'Counters': 18.0}, {'Max_spout': 1.0, 'Spliters': 1.0, 'Counters': 9.0}, {'Max_spout': 1.0, 'Spliters': 1.0, 'Counters': 18.0}, {'Max_spout': 1.0, 'Spliters': 1.0, 'Counters': 9.0}, {'Max_spout': 1.0, 'Spliters': 1.0, 'Counters': 18.0}, {'Max_spout': 1.0, 'Spliters': 1.0, 'Counters': 3.0}, {'Max_spout': 1.0, 'Spliters': 1.0, 'Counters': 18.0}, {'Max_spout': 1.0, 'Spliters': 1.0, 'Counters': 15.0}, {'Max_spout': 1.0, 'Spliters': 1.0, 'Counters': 12.0}, {'Max_spout': 1.0, 'Spliters': 1.0, 'Counters': 18.0}, {'Max_spout': 1.0, 'Spliters': 1.0, 'Counters': 12.0}, {'Max_spout': 1.0, 'Spliters': 1.0, 'Counters': 18.0}, {'Max_spout': 1.0, 'Spliters': 1.0, 'Counters': 12.0}, {'Max_spout': 1.0, 'Spliters': 1.0, 'Counters': 9.0}, {'Max_spout': 1.0, 'Spliters': 1.0, 'Counters': 12.0}
0.0020255808389428864, 0.004705878549212117, 0.003115159039619231, 0.0, 0.0, 0.0, 0.003115159039619231, 0.0, 0.003115159039619231, 0.0, 0.003166889755378377, 0.0, 0.0037165286103190143, 0.0008018260942662669, 0.0, 0.0008018260942662669, 0.0, 0.0008018260942662669, 0.003115159039619231, 0.0008018260942662669
0.09774899482727051, 0.08997416496276855, 0.09021210670471191, 0.08966588973999023, 0.08996176719665527, 0.0897073745727539, 0.08941459655761719, 0.08857512474060059, 0.0887899398803711, 0.17102837562561035, 0.08833503723144531, 0.08761906623840332, 0.08682537078857422, 0.08759021759033203, 0.0875239372253418, 0.08715295791625977, 0.08596920967102051, 0.08690810203552246, 0.08661985397338867, 0.08631062507629395