{'Max_spout': 1.0, 'Spliters': 1.0, 'Counters': 18.0}, {'Max_spout': 1.0, 'Spliters': 1.0, 'Counters': 18.0}, {'Max_spout': 1.0, 'Spliters': 1.0, 'Counters': 18.0}, {'Max_spout': 1.0, 'Spliters': 1.0, 'Counters': 18.0}, {'Max_spout': 1.0, 'Spliters': 1.0, 'Counters': 18.0}, {'Max_spout': 1.0, 'Spliters': 1.0, 'Counters': 18.0}, {'Max_spout': 1.0, 'Spliters': 1.0, 'Counters': 9.0}, {'Max_spout': 1.0, 'Spliters': 1.0, 'Counters': 18.0}, {'Max_spout': 1.0, 'Spliters': 1.0, 'Counters': 12.0}, {'Max_spout': 1.0, 'Spliters': 1.0, 'Counters': 18.0}, {'Max_spout': 1.0, 'Spliters': 1.0, 'Counters': 12.0}, {'Max_spout': 1.0, 'Spliters': 1.0, 'Counters': 18.0}, {'Max_spout': 1.0, 'Spliters': 1.0, 'Counters': 6.0}, {'Max_spout': 1.0, 'Spliters': 1.0, 'Counters': 12.0}, {'Max_spout': 1.0, 'Spliters': 1.0, 'Counters': 18.0}, {'Max_spout': 1.0, 'Spliters': 1.0, 'Counters': 12.0}, {'Max_spout': 1.0, 'Spliters': 1.0, 'Counters': 18.0}, {'Max_spout': 1.0, 'Spliters': 1.0, 'Counters': 18.0}, {'Max_spout': 1.0, 'Spliters': 1.0, 'Counters': 18.0}, {'Max_spout': 1.0, 'Spliters': 1.0, 'Counters': 12.0}
0.0, 0.0, 0.0, 0.0, 0.0, 0.0, 0.003115159039619231, 0.0, 0.0008018260942662669, 0.0, 0.0008018260942662669, 0.0, 0.0020255808389428864, 0.0008018260942662669, 0.0, 0.0008018260942662669, 0.0, 0.0, 0.0, 0.0008018260942662669
0.1562345027923584, 0.15039467811584473, 0.1520376205444336, 0.14913702011108398, 0.25018978118896484, 0.1467905044555664, 0.14809751510620117, 0.1449878215789795, 0.14672327041625977, 0.14714670181274414, 0.14458990097045898, 0.1513383388519287, 0.1463627815246582, 0.1463007926940918, 0.14530062675476074, 0.1457538604736328, 0.14567899703979492, 0.14571809768676758, 0.14526033401489258, 0.1442699432373047