{'Max_spout': 1.0, 'Spliters': 1.0, 'Counters': 9.0}, {'Max_spout': 1.0, 'Spliters': 1.0, 'Counters': 1.0}, {'Max_spout': 1.0, 'Spliters': 1.0, 'Counters': 9.0}, {'Max_spout': 1.0, 'Spliters': 1.0, 'Counters': 1.0}, {'Max_spout': 1.0, 'Spliters': 2.0, 'Counters': 15.0}, {'Max_spout': 1.0, 'Spliters': 1.0, 'Counters': 18.0}, {'Max_spout': 1.0, 'Spliters': 3.0, 'Counters': 18.0}, {'Max_spout': 1.0, 'Spliters': 1.0, 'Counters': 18.0}, {'Max_spout': 1.0, 'Spliters': 1.0, 'Counters': 9.0}, {'Max_spout': 1.0, 'Spliters': 1.0, 'Counters': 18.0}, {'Max_spout': 1.0, 'Spliters': 2.0, 'Counters': 3.0}, {'Max_spout': 1.0, 'Spliters': 1.0, 'Counters': 18.0}, {'Max_spout': 1.0, 'Spliters': 2.0, 'Counters': 6.0}, {'Max_spout': 1.0, 'Spliters': 1.0, 'Counters': 1.0}, {'Max_spout': 1.0, 'Spliters': 1.0, 'Counters': 18.0}, {'Max_spout': 1.0, 'Spliters': 2.0, 'Counters': 12.0}, {'Max_spout': 1.0, 'Spliters': 2.0, 'Counters': 9.0}, {'Max_spout': 1.0, 'Spliters': 2.0, 'Counters': 12.0}, {'Max_spout': 1.0, 'Spliters': 2.0, 'Counters': 18.0}, {'Max_spout': 10.0, 'Spliters': 2.0, 'Counters': 1.0}
0.003115159039619231, 0.004705878549212117, 0.003115159039619231, 0.004705878549212117, 0.005286232516634626, 0.0, 0.015921744359735368, 0.0, 0.003115159039619231, 0.0, 0.0061333229871901596, 0.0, 0.007426590881168038, 0.004705878549212117, 0.0, 0.005236118385743005, 0.006553635052732987, 0.005236118385743005, 0.004397110839524876, 0.04917651166850956
0.022860050201416016, 0.01611161231994629, 0.015799760818481445, 0.015594244003295898, 0.015723466873168945, 0.015772342681884766, 0.016274213790893555, 0.015281438827514648, 0.015216588973999023, 0.01580500602722168, 0.015852928161621094, 0.016086816787719727, 0.01574563980102539, 0.016176939010620117, 0.01573491096496582, 0.016007184982299805, 0.01570916175842285, 0.016104698181152344, 0.016051292419433594, 0.015548944473266602