{
  "incumbent_ids": [
    3
  ],
  "rejected_config_ids": [
    2,
    1,
    4,
    5
  ],
  "incumbents_changed": 2,
  "trajectory": [
    {
      "config_ids": [
        1
      ],
      "costs": [
        0.5852535314162003
      ],
      "trial": 1,
      "walltime": 2.7737231254577637
    },
    {
      "config_ids": [
        3
      ],
      "costs": [
        0.48829535665719936
      ],
      "trial": 3,
      "walltime": 7.265842437744141
    }
  ],
  "state": {
    "queue": []
  }
}