{
  "incumbent_ids": [
    13
  ],
  "rejected_config_ids": [
    2,
    3,
    1,
    5,
    6,
    7,
    8,
    9,
    10,
    11,
    12,
    4,
    14,
    15,
    16,
    17,
    18,
    19,
    20,
    21,
    22,
    23,
    24
  ],
  "incumbents_changed": 3,
  "trajectory": [
    {
      "config_ids": [
        1
      ],
      "costs": [
        0.1715078534456148
      ],
      "trial": 1,
      "walltime": 0.038158416748046875
    },
    {
      "config_ids": [
        4
      ],
      "costs": [
        0.16400491776847392
      ],
      "trial": 4,
      "walltime": 0.11774826049804688
    },
    {
      "config_ids": [
        13
      ],
      "costs": [
        0.10435807692320065
      ],
      "trial": 13,
      "walltime": 8.581435918807983
    }
  ],
  "state": {
    "queue": [
      [
        24,
        1
      ]
    ]
  }
}