{
  "stats": {
    "submitted": 6,
    "finished": 6,
    "running": 0
  },
  "data": [
    [
      1,
      null,
      959027881,
      null,
      0.251045127871812,
      0.0016782283782958984,
      1,
      1763449869.8141575,
      1763449869.81739,
      {}
    ],
    [
      2,
      null,
      959027881,
      null,
      0.273412805847869,
      0.0010607242584228516,
      1,
      1763449871.3892255,
      1763449871.391593,
      {}
    ],
    [
      3,
      null,
      959027881,
      null,
      0.4368647094143696,
      0.0011551380157470703,
      1,
      1763449871.3959682,
      1763449871.3982675,
      {}
    ],
    [
      4,
      null,
      959027881,
      null,
      0.21958893860510265,
      0.0005898475646972656,
      1,
      1763449871.4033165,
      1763449871.4050252,
      {}
    ],
    [
      5,
      null,
      959027881,
      null,
      0.4981592894209954,
      0.0006191730499267578,
      1,
      1763449871.4104435,
      1763449871.4121788,
      {}
    ],
    [
      6,
      null,
      959027881,
      null,
      0.23757603200651722,
      0.0006246566772460938,
      1,
      1763449871.4169376,
      1763449871.4186742,
      {}
    ]
  ],
  "configs": {
    "1": {
      "Criticality": 0.49428272967722015,
      "Criticality Modifier": 0.6884719539754727,
      "Culture": 0.9433959882843682,
      "Dynamism": 0.3866533100226277,
      "Initial Known": 0.1279452157580335,
      "Inter-Dependency": 0.8835254439268445,
      "Plan": 0.7162944479075813,
      "Size": 0.7400464543208356,
      "Team Size": 0.6574020396188536
    },
    "2": {
      "Criticality": 0.9211639402065497,
      "Criticality Modifier": 0.34561732648726656,
      "Culture": 0.13029825614695684,
      "Dynamism": 0.9441982824442451,
      "Initial Known": 0.2978340535584878,
      "Inter-Dependency": 0.026755671503826305,
      "Plan": 0.8228544726594169,
      "Size": 0.9146705020025147,
      "Team Size": 0.49396220578810446
    },
    "3": {
      "Criticality": 0.9060324619853533,
      "Criticality Modifier": 0.9399945728002467,
      "Culture": 0.7475395244937914,
      "Dynamism": 0.31063184853595677,
      "Initial Known": 0.17432709527682805,
      "Inter-Dependency": 0.9904106441547403,
      "Plan": 0.38581984761447274,
      "Size": 0.9072121899893574,
      "Team Size": 0.025572064688821075
    },
    "4": {
      "Criticality": 0.14621007999122868,
      "Criticality Modifier": 0.4654788022355748,
      "Culture": 0.6897874625518248,
      "Dynamism": 0.38986125466669197,
      "Initial Known": 0.9988783439731759,
      "Inter-Dependency": 0.3814622580452714,
      "Plan": 0.4010682280230502,
      "Size": 0.1661833935028699,
      "Team Size": 0.3604556678160048
    },
    "5": {
      "Criticality": 0.5977049866000065,
      "Criticality Modifier": 0.27514766594574064,
      "Culture": 0.8865308380214082,
      "Dynamism": 0.6532839124314955,
      "Initial Known": 0.8342796294977949,
      "Inter-Dependency": 0.012052123428646231,
      "Plan": 0.1575496063317421,
      "Size": 0.5573527960350212,
      "Team Size": 0.2985293704987249
    },
    "6": {
      "Criticality": 0.51198939968054,
      "Criticality Modifier": 0.7165498609555373,
      "Culture": 0.9796091839101415,
      "Dynamism": 0.8569806925854533,
      "Initial Known": 0.7530774686613155,
      "Inter-Dependency": 0.6885870305784061,
      "Plan": 0.5676612722636828,
      "Size": 0.006704365574860395,
      "Team Size": 0.8987717581149752
    }
  },
  "config_origins": {
    "1": "Initial Design: Sobol",
    "2": "Acquisition Function Maximizer: Local Search",
    "3": "Acquisition Function Maximizer: Local Search",
    "4": "Acquisition Function Maximizer: Local Search",
    "5": "Random Search",
    "6": "Acquisition Function Maximizer: Local Search"
  }
}