{
  "incumbent_ids": [
    4
  ],
  "rejected_config_ids": [
    2,
    3,
    1,
    5
  ],
  "incumbents_changed": 2,
  "trajectory": [
    {
      "config_ids": [
        1
      ],
      "costs": [
        0.6361458682577821
      ],
      "trial": 1,
      "walltime": 2.5322492122650146
    },
    {
      "config_ids": [
        4
      ],
      "costs": [
        0.6022706937036914
      ],
      "trial": 4,
      "walltime": 77.44852185249329
    }
  ],
  "state": {
    "queue": [
      [
        5,
        1
      ]
    ]
  }
}