{
  "stats": {
    "submitted": 12,
    "finished": 12,
    "running": 0
  },
  "data": [
    [
      1,
      null,
      2005877882,
      null,
      0.1673194442819964,
      0.0018310546875,
      1,
      1763449034.721548,
      1763449034.725003,
      {}
    ],
    [
      2,
      null,
      2005877882,
      null,
      0.32140709269708734,
      0.0011515617370605469,
      1,
      1763449035.9227297,
      1763449035.9251337,
      {}
    ],
    [
      3,
      null,
      2005877882,
      null,
      0.30232716692236017,
      0.0011568069458007812,
      1,
      1763449035.9296417,
      1763449035.931844,
      {}
    ],
    [
      4,
      null,
      2005877882,
      null,
      0.3963236050309994,
      0.0010552406311035156,
      1,
      1763449035.9357731,
      1763449035.9378788,
      {}
    ],
    [
      5,
      null,
      2005877882,
      null,
      0.34960055967580295,
      0.001604318618774414,
      1,
      1763449035.9419703,
      1763449035.9446185,
      {}
    ],
    [
      6,
      null,
      2005877882,
      null,
      0.24603008744059796,
      0.0010004043579101562,
      1,
      1763449035.948916,
      1763449035.9509673,
      {}
    ],
    [
      7,
      null,
      2005877882,
      null,
      0.3535798753483148,
      0.0011436939239501953,
      1,
      1763449035.955525,
      1763449035.9577148,
      {}
    ],
    [
      8,
      null,
      2005877882,
      null,
      0.29284369605967875,
      0.0008726119995117188,
      1,
      1763449035.9624171,
      1763449035.9650505,
      {}
    ],
    [
      9,
      null,
      2005877882,
      null,
      0.4222870658454627,
      0.001190185546875,
      1,
      1763449035.9700916,
      1763449035.972339,
      {}
    ],
    [
      10,
      null,
      2005877882,
      null,
      0.11859816182576222,
      0.0012118816375732422,
      1,
      1763449037.2888799,
      1763449037.2912624,
      {}
    ],
    [
      11,
      null,
      2005877882,
      null,
      0.28641173325542457,
      0.0009520053863525391,
      1,
      1763449037.2973597,
      1763449037.299382,
      {}
    ],
    [
      12,
      null,
      2005877882,
      null,
      0.40463632837662544,
      0.0008232593536376953,
      1,
      1763449037.304848,
      1763449037.306706,
      {}
    ]
  ],
  "configs": {
    "1": {
      "Criticality": 0.11393201715720927,
      "Criticality Modifier": 0.791863061135878,
      "Culture": 0.046464798646349684,
      "Dynamism": 0.33508224508072426,
      "Initial Known": 0.2166168170233298,
      "Inter-Dependency": 0.5294010965863711,
      "Plan": 0.3115895061619924,
      "Size": 0.4400272268328509,
      "Team Size": 0.6914405898007131
    },
    "2": {
      "Criticality": 0.9253540414596818,
      "Criticality Modifier": 0.4028947867658339,
      "Culture": 0.9423388939717766,
      "Dynamism": 0.15924599399324613,
      "Initial Known": 0.6101741088472074,
      "Inter-Dependency": 0.8905497772594719,
      "Plan": 0.13747002228016778,
      "Size": 0.4128077489478315,
      "Team Size": 0.598939584346767
    },
    "3": {
      "Criticality": 0.558385554498804,
      "Criticality Modifier": 0.6447919866417401,
      "Culture": 0.34311097784447664,
      "Dynamism": 0.8641274387258598,
      "Initial Known": 0.464191110017105,
      "Inter-Dependency": 0.8516450127154596,
      "Plan": 0.4611928282740496,
      "Size": 0.2757392500126837,
      "Team Size": 0.9025875089078903
    },
    "4": {
      "Criticality": 0.6717069264446753,
      "Criticality Modifier": 0.24163060189196134,
      "Culture": 0.5681431006911515,
      "Dynamism": 0.7290624956490623,
      "Initial Known": 0.8851610666034012,
      "Inter-Dependency": 0.46221843409963,
      "Plan": 0.7827738333288371,
      "Size": 0.22969715094405363,
      "Team Size": 0.6804609118715897
    },
    "5": {
      "Criticality": 0.9165939706445894,
      "Criticality Modifier": 0.5613591409682697,
      "Culture": 0.4927475417844417,
      "Dynamism": 0.1806578955110209,
      "Initial Known": 0.5290633865495001,
      "Inter-Dependency": 0.6196317106789849,
      "Plan": 0.9866794595759855,
      "Size": 0.20449102787721649,
      "Team Size": 0.3820805736309441
    },
    "6": {
      "Criticality": 0.6629553964597943,
      "Criticality Modifier": 0.004044096259418803,
      "Culture": 0.33629120175541005,
      "Dynamism": 0.5419461343316948,
      "Initial Known": 0.9821613633660224,
      "Inter-Dependency": 0.8980726417192765,
      "Plan": 0.055298670847057856,
      "Size": 0.6443461948047398,
      "Team Size": 0.36653668416357454
    },
    "7": {
      "Criticality": 0.9888769878469651,
      "Criticality Modifier": 0.7346826290717164,
      "Culture": 0.4535219716532068,
      "Dynamism": 0.2712215609222558,
      "Initial Known": 0.7608484364952542,
      "Inter-Dependency": 0.3261962637817686,
      "Plan": 0.9765997415668923,
      "Size": 0.4504732259293785,
      "Team Size": 0.3955279021000962
    },
    "8": {
      "Criticality": 0.3023345276770767,
      "Criticality Modifier": 0.5953845714149459,
      "Culture": 0.9624037305778912,
      "Dynamism": 0.005401853921436144,
      "Initial Known": 0.5163953233851731,
      "Inter-Dependency": 0.41703417997505915,
      "Plan": 0.01466542817915891,
      "Size": 0.9191043867042541,
      "Team Size": 0.06658676691874586
    },
    "9": {
      "Criticality": 0.3365599494061454,
      "Criticality Modifier": 0.437425679063612,
      "Culture": 0.12443617277687972,
      "Dynamism": 0.7658723552266691,
      "Initial Known": 0.27429170831544286,
      "Inter-Dependency": 0.21257136031940083,
      "Plan": 0.5158693303902904,
      "Size": 0.38090415932732846,
      "Team Size": 0.4276026818514356
    },
    "10": {
      "Criticality": 0.0027515093393514116,
      "Criticality Modifier": 0.8620750036421405,
      "Culture": 0.09830912154349912,
      "Dynamism": 0.16186315025151304,
      "Initial Known": 0.05052717024741239,
      "Inter-Dependency": 0.8333845884171365,
      "Plan": 0.9821440093215197,
      "Size": 0.6163144869639674,
      "Team Size": 0.8117783604562055
    },
    "11": {
      "Criticality": 0.07714435400915672,
      "Criticality Modifier": 0.8475759494218671,
      "Culture": 0.15304498227952373,
      "Dynamism": 0.5938738996316152,
      "Initial Known": 0.2312510601604618,
      "Inter-Dependency": 0.33591461078609636,
      "Plan": 0.9147336576375885,
      "Size": 0.49694471041509314,
      "Team Size": 0.9701393150120784
    },
    "12": {
      "Criticality": 0.09793974501681273,
      "Criticality Modifier": 0.9194047384934424,
      "Culture": 0.09161011070559939,
      "Dynamism": 0.5256012271805378,
      "Initial Known": 0.22073859502595933,
      "Inter-Dependency": 0.40567352153138264,
      "Plan": 0.7616280760494442,
      "Size": 0.7370225571466844,
      "Team Size": 0.7346704011525836
    }
  },
  "config_origins": {
    "1": "Initial Design: Sobol",
    "2": "Acquisition Function Maximizer: Local Search",
    "3": "Acquisition Function Maximizer: Local Search",
    "4": "Acquisition Function Maximizer: Local Search",
    "5": "Acquisition Function Maximizer: Local Search",
    "6": "Acquisition Function Maximizer: Local Search",
    "7": "Acquisition Function Maximizer: Local Search",
    "8": "Acquisition Function Maximizer: Local Search",
    "9": "Random Search",
    "10": "Acquisition Function Maximizer: Local Search",
    "11": "Acquisition Function Maximizer: Local Search",
    "12": "Acquisition Function Maximizer: Local Search"
  }
}