{"config": {"Criticality": 0.1327288666764629, "Criticality Modifier": 0.5264722376212745, "Culture": 0.5198771732914877, "Dynamism": 0.0631237273280276, "Initial Known": 0.3294845531551016, "Inter-Dependency": 0.3435159551214357, "Plan": 0.0630333533897592, "Size": 0.8290822719739429, "Team Size": 0.3737325952896433}, "score": 0.10393320762955549, "info": {}}