{
  "DE_params": {
    "mutation_factor": 0.5,
    "crossover_prob": 0.5,
    "strategy": "rand1_bin",
    "configspace": true,
    "boundary_fix_type": "random",
    "max_age": Infinity,
    "dimensions": 24,
    "output_path": "../results/tmp/DEHB_tmp/dehb_20251208-050315_9602",
    "async_strategy": "immediate"
  },
  "HB_params": {
    "min_fidelity": 1,
    "max_fidelity": 10,
    "min_clip": null,
    "max_clip": null,
    "eta": 3
  },
  "internals": {
    "initial_configs": [
      {
        "config_id": 0,
        "config": [
          0.8043259557344065,
          0.34057971014492755,
          0.5977209944751382,
          0.4490904154222102,
          0.9235225955967555,
          0.11939890710382514,
          0.6514598540145985,
          0.6733494642239889,
          0.9113796576032226,
          0.7493830545653962,
          0.7889273356401384,
          0.6793206793206793,
          0.9802955665024631,
          0.3596551724137931,
          0.5214830214830215,
          0.45211459754433836,
          0.7391423108440317,
          0.0,
          0.49131341209173035,
          0.36163836163836166,
          0.7599233506706816,
          0.8821178821178821,
          0.0,
          0.634641873278237
        ],
        "results": {
          "1.1111111111111112": {
            "score": Infinity,
            "cost": -1,
            "info": {}
          }
        }
      },
      {
        "config_id": 1,
        "config": [
          0.1398390342052314,
          0.8347135955831608,
          0.587707182320442,
          0.4010317675807765,
          0.5281575898030128,
          0.1557377049180328,
          0.30636658556366586,
          0.1755962668510197,
          0.6938569989929506,
          0.3940224842336167,
          0.5626297577854671,
          0.0979020979020979,
          0.5311986863711001,
          0.9762068965517241,
          0.45495495495495497,
          0.18090040927694406,
          0.35864517891286535,
          0.0,
          0.8350706509149872,
          0.8131868131868132,
          0.6309882288529975,
          0.995004995004995,
          0.0,
          0.10399449035812672
        ],
        "results": {
          "1.1111111111111112": {
            "score": Infinity,
            "cost": -1,
            "info": {}
          }
        }
      },
      {
        "config_id": 2,
        "config": [
          0.9959758551307847,
          0.2070393374741201,
          0.5562845303867403,
          0.9782785772468097,
          0.32954808806488994,
          0.9669398907103826,
          0.13858475263584752,
          0.24196335983408226,
          0.33081570996978854,
          0.24458459007403346,
          0.5401384083044982,
          0.17882117882117882,
          0.19458128078817735,
          0.59,
          0.625086625086625,
          0.3096862210095498,
          0.9765091505053264,
          0.0,
          0.778318276580959,
          0.5974025974025974,
          0.4108951546673967,
          0.8741258741258742,
          0.0,
          0.4497245179063361
        ],
        "results": {
          "1.1111111111111112": {
            "score": Infinity,
            "cost": -1,
            "info": {}
          }
        }
      },
      {
        "config_id": 3,
        "config": [
          0.4104627766599598,
          0.961352657004831,
          0.669889502762431,
          0.786587021449905,
          0.8164542294322132,
          0.1284153005464481,
          0.16119221411192214,
          0.08468717594192879,
          0.0850956696878147,
          0.43515217987386895,
          0.01453287197231834,
          0.0959040959040959,
          0.6910235358511221,
          0.7906896551724137,
          0.7110187110187111,
          0.7538881309686221,
          0.5859054903031958,
          0.0,
          0.05744730136668983,
          0.9270729270729271,
          0.6928551875171092,
          0.5334665334665335,
          0.0,
          0.8863636363636364
        ],
        "results": {
          "1.1111111111111112": {
            "score": Infinity,
            "cost": -1,
            "info": {}
          }
        }
      },
      {
        "config_id": 4,
        "config": [
          0.8812877263581489,
          0.1984126984126984,
          0.6422651933701657,
          0.24083627477599784,
          0.8523754345307069,
          0.5617486338797815,
          0.9892538523925385,
          0.8548219840995507,
          0.7678751258811681,
          0.7340279681930354,
          0.5211072664359861,
          0.19080919080919082,
          0.11056376573617953,
          0.8796551724137931,
          0.6098406098406098,
          0.6930422919508867,
          0.01666211417645452,
          0.0,
          0.1911049339819319,
          0.3036963036963037,
          0.820421571311251,
          0.02197802197802198,
          0.0,
          0.042355371900826444
        ],
        "results": {
          "1.1111111111111112": {
            "score": Infinity,
            "cost": -1,
            "info": {}
          }
        }
      },
      {
        "config_id": 5,
        "config": [
          0.6338028169014085,
          0.20876466528640442,
          0.44751381215469616,
          0.152864512625577,
          0.5524913093858632,
          0.66775956284153,
          0.44282238442822386,
          0.9837538886968544,
          0.022658610271903322,
          0.7562380038387716,
          0.47923875432525953,
          0.945054945054945,
          0.18801313628899835,
          0.48724137931034484,
          0.23492723492723494,
          0.24420190995907232,
          0.8983884184649003,
          0.0,
          0.639796154737086,
          0.1018981018981019,
          0.12017519846701341,
          0.6783216783216783,
          0.0,
          0.6215564738292011
        ],
        "results": {
          "1.1111111111111112": {
            "score": Infinity,
            "cost": -1,
            "info": {}
          }
        }
      },
      {
        "config_id": 6,
        "config": [
          0.27364185110663986,
          0.7087646652864045,
          0.6336325966850829,
          0.011132229161010046,
          0.7928157589803013,
          0.11939890710382514,
          0.8965936739659367,
          0.47251987556170066,
          0.7119838872104733,
          0.10035645736221552,
          0.7328719723183391,
          0.24375624375624375,
          0.6841817186644773,
          0.6293103448275862,
          0.37248787248787246,
          0.10832196452933152,
          0.08686151324774652,
          0.0,
          0.48436414176511466,
          0.8111888111888111,
          0.9225294278675061,
          0.36863136863136864,
          0.0,
          0.8856749311294766
        ],
        "results": {
          "1.1111111111111112": {
            "score": Infinity,
            "cost": -1,
            "info": {}
          }
        }
      },
      {
        "config_id": 7,
        "config": [
          0.42303822937625757,
          0.9924085576259489,
          0.4381906077348066,
          0.4029323920716807,
          0.07253765932792584,
          0.22459016393442624,
          0.7913625304136253,
          0.5143449706187349,
          0.3716012084592145,
          0.6114614751850836,
          0.9363321799307959,
          0.08791208791208792,
          0.46852764094143406,
          0.3079310344827586,
          0.8998613998613999,
          0.08649386084583902,
          0.6768642447418738,
          0.0,
          0.03127171646977067,
          0.42657342657342656,
          0.608540925266904,
          0.5974025974025974,
          0.0,
          0.07851239669421488
        ],
        "results": {
          "1.1111111111111112": {
            "score": Infinity,
            "cost": -1,
            "info": {}
          }
        }
      },
      {
        "config_id": 8,