{
  "stats": {
    "submitted": 6,
    "finished": 6,
    "running": 0
  },
  "data": [
    [
      1,
      null,
      418903645,
      null,
      0.7905028940330304,
      0.0007309913635253906,
      1,
      1763363195.4707916,
      1763363195.4735267,
      {}
    ],
    [
      2,
      null,
      418903645,
      null,
      0.7892313867088788,
      0.0005049705505371094,
      1,
      1763363195.4780726,
      1763363195.4803355,
      {}
    ],
    [
      3,
      null,
      418903645,
      null,
      0.7792374953249506,
      0.0013096332550048828,
      1,
      1763363196.833955,
      1763363196.8378782,
      {}
    ],
    [
      4,
      null,
      418903645,
      null,
      0.7943071955447752,
      0.0006878376007080078,
      1,
      1763363196.8439627,
      1763363196.8470361,
      {}
    ],
    [
      5,
      null,
      418903645,
      null,
      0.7768704234333308,
      0.0008456707000732422,
      1,
      1763363196.852193,
      1763363196.8554013,
      {}
    ],
    [
      6,
      null,
      418903645,
      null,
      0.7845910067679509,
      0.0006768703460693359,
      1,
      1763363196.8614464,
      1763363196.8644898,
      {}
    ]
  ],
  "configs": {
    "1": {
      "Max_depth": 19,
      "Min_impurity_decrease": 4.5,
      "Min_sample_leaves": 12,
      "N_estimators": 110,
      "criterion": "absolute_error"
    },
    "2": {
      "Max_depth": 2,
      "Min_impurity_decrease": 0.0,
      "Min_sample_leaves": 5,
      "N_estimators": 140,
      "criterion": "squared_error"
    },
    "3": {
      "Max_depth": 6,
      "Min_impurity_decrease": 1.75,
      "Min_sample_leaves": 9,
      "N_estimators": 20,
      "criterion": "absolute_error"
    },
    "4": {
      "Max_depth": 17,
      "Min_impurity_decrease": 9.25,
      "Min_sample_leaves": 20,
      "N_estimators": 80,
      "criterion": "poisson"
    },
    "5": {
      "Max_depth": 10,
      "Min_impurity_decrease": 6.0,
      "Min_sample_leaves": 11,
      "N_estimators": 30,
      "criterion": "poisson"
    },
    "6": {
      "Max_depth": 6,
      "Min_impurity_decrease": 3.25,
      "Min_sample_leaves": 7,
      "N_estimators": 40,
      "criterion": "poisson"
    }
  },
  "config_origins": {
    "1": "Initial Design: Sobol",
    "2": "Random Search",
    "3": "Acquisition Function Maximizer: Local Search",
    "4": "Acquisition Function Maximizer: Local Search",
    "5": "Random Search",
    "6": "Acquisition Function Maximizer: Local Search"
  }
}