{
  "incumbent_ids": [
    5
  ],
  "rejected_config_ids": [
    1,
    3,
    4,
    2,
    6
  ],
  "incumbents_changed": 3,
  "trajectory": [
    {
      "config_ids": [
        1
      ],
      "costs": [
        0.33069374214046654
      ],
      "trial": 1,
      "walltime": 0.008930683135986328
    },
    {
      "config_ids": [
        2
      ],
      "costs": [
        0.2926794554877318
      ],
      "trial": 2,
      "walltime": 0.01855611801147461
    },
    {
      "config_ids": [
        5
      ],
      "costs": [
        0.04030435505021435
      ],
      "trial": 5,
      "walltime": 0.8880877494812012
    }
  ],
  "state": {
    "queue": [
      [
        6,
        1
      ]
    ]
  }
}