{
  "stats": {
    "submitted": 18,
    "finished": 18,
    "running": 0
  },
  "data": [
    [
      1,
      null,
      327741615,
      null,
      0.5646025000872026,
      0.002055644989013672,
      1,
      1763449706.2246294,
      1763449706.2289972,
      {}
    ],
    [
      2,
      null,
      327741615,
      null,
      0.43685051256982166,
      0.0009257793426513672,
      1,
      1763449706.241708,
      1763449706.24466,
      {}
    ],
    [
      3,
      null,
      327741615,
      null,
      0.4993958412180537,
      0.0016813278198242188,
      1,
      1763449707.2541082,
      1763449707.2579901,
      {}
    ],
    [
      4,
      null,
      327741615,
      null,
      0.4993958412180537,
      0.0008192062377929688,
      1,
      1763449707.270506,
      1763449707.2757165,
      {}
    ],
    [
      5,
      null,
      327741615,
      null,
      0.5166215644796682,
      0.0028679370880126953,
      1,
      1763449707.2888312,
      1763449707.2957325,
      {}
    ],
    [
      6,
      null,
      327741615,
      null,
      0.47025945023693416,
      0.0025124549865722656,
      1,
      1763449707.3104184,
      1763449707.316926,
      {}
    ],
    [
      7,
      null,
      327741615,
      null,
      0.5734802820837315,
      0.002791166305541992,
      1,
      1763449707.332608,
      1763449707.339512,
      {}
    ],
    [
      8,
      null,
      327741615,
      null,
      0.5761203155101481,
      0.001355886459350586,
      1,
      1763449707.3561552,
      1763449707.3620648,
      {}
    ],
    [
      9,
      null,
      327741615,
      null,
      0.4926561255290707,
      0.001558542251586914,
      1,
      1763449707.3885176,
      1763449707.394236,
      {}
    ],
    [
      10,
      null,
      327741615,
      null,
      0.5646025000872026,
      0.0008006095886230469,
      1,
      1763449709.165149,
      1763449709.169421,
      {}
    ],
    [
      11,
      null,
      327741615,
      null,
      0.5690647424080537,
      0.0015382766723632812,
      1,
      1763449709.182695,
      1763449709.187226,
      {}
    ],
    [
      12,
      null,
      327741615,
      null,
      0.5646025000872026,
      0.0005507469177246094,
      1,
      1763449709.2014048,
      1763449709.2054627,
      {}
    ],
    [
      13,
      null,
      327741615,
      null,
      0.5690986236277961,
      0.017899751663208008,
      1,
      1763449709.226802,
      1763449709.2482061,
      {}
    ],
    [
      14,
      null,
      327741615,
      null,
      0.5690647424080537,
      0.0005207061767578125,
      1,
      1763449709.2619462,
      1763449709.2645679,
      {}
    ],
    [
      15,
      null,
      327741615,
      null,
      0.5690986236277961,
      0.0005385875701904297,
      1,
      1763449709.291905,
      1763449709.2946541,
      {}
    ],
    [
      16,
      null,
      327741615,
      null,
      0.43685051256982166,
      0.0007557868957519531,
      1,
      1763449709.3222036,
      1763449709.3267715,
      {}
    ],
    [
      17,
      null,
      327741615,
      null,
      0.5656609046954411,
      0.0012538433074951172,
      1,
      1763449709.3752546,
      1763449709.3789096,
      {}
    ],
    [
      18,
      null,
      327741615,
      null,
      0.5498131060021049,
      0.0012729167938232422,
      1,
      1763449711.5349777,
      1763449711.5382771,
      {}
    ]
  ],
  "configs": {
    "1": {
      "acap": "vh",
      "apex": "vh",
      "cplx": "vh",
      "data": "l",
      "docu": "n",
      "flex": "h",
      "ltex": "n",
      "pcap": "h",
      "pcon": "n",
      "plex": "h",
      "pmat": "n",
      "prec": "h",
      "pvol": "l",
      "rely": "n",
      "resl": "h",
      "ruse": "n",
      "sced": "n",
      "site": "n",
      "stor": "vh",
      "team": "vh",
      "time": "vh",
      "tool": "h"
    },
    "2": {
      "acap": "h",
      "apex": "vh",
      "cplx": "n",
      "data": "n",
      "docu": "n",
      "flex": "h",
      "ltex": "vl",
      "pcap": "n",
      "pcon": "n",
      "plex": "n",
      "pmat": "h",
      "prec": "        h",
      "pvol": "l",
      "rely": "n",
      "resl": "h",
      "ruse": "n",
      "sced": "n",
      "site": "n",
      "stor": "n",
      "team": "vh",
      "time": "h",
      "tool": "h"
    },
    "3": {
      "acap": "vh",
      "apex": "l",
      "cplx": "h",
      "data": "n",
      "docu": "n",
      "flex": "h",
      "ltex": "l",
      "pcap": "vh",
      "pcon": "n",
      "plex": "h",
      "pmat": "l",
      "prec": "h",
      "pvol": "h",
      "rely": "l",
      "resl": "h",
      "ruse": "n",
      "sced": "n",
      "site": "n",
      "stor": "h",
      "team": "vh",
      "time": "h",
      "tool": "n"
    },
    "4": {
      "acap": "n",
      "apex": "n",
      "cplx": "l",
      "data": "l",
      "docu": "n",
      "flex": "h",
      "ltex": "n",
      "pcap": "vh",
      "pcon": "n",
      "plex": "vl",
      "pmat": "l",
      "prec": "        h",
      "pvol": "n",
      "rely": "vh",
      "resl": "h",
      "ruse": "n",
      "sced": "l",
      "site": "n",
      "stor": "vh",
      "team": "vh",
      "time": "n",
      "tool": "n"
    },
    "5": {
      "acap": "n",
      "apex": "l",
      "cplx": "n",
      "data": "vh",
      "docu": "n",
      "flex": "h",
      "ltex": "l",
      "pcap": "vh",
      "pcon": "n",
      "plex": "h",
      "pmat": "h",
      "prec": "h",
      "pvol": "n",
      "rely": "n",
      "resl": "h",
      "ruse": "n",
      "sced": "l",
      "site": "n",
      "stor": "h",
      "team": "vh",
      "time": "h",
      "tool": "n"
    },
    "6": {
      "acap": "vh",
      "apex": "h",
      "cplx": "l",
      "data": "n",
      "docu": "n",
      "flex": "h",
      "ltex": "l",
      "pcap": "h",
      "pcon": "n",
      "plex": "h",
      "pmat": "h",
      "prec": "        h",
      "pvol": "l",
      "rely": "l",
      "resl": "h",
      "ruse": "n",
      "sced": "l",
      "site": "n",
      "stor": "n",
      "team": "vh",
      "time": "n",
      "tool": "n"
    },
    "7": {
      "acap": "h",
      "apex": "h",
      "cplx": "n",
      "data": "h",
      "docu": "n",
      "flex": "h",
      "ltex": "vl",
      "pcap": "vh",
      "pcon": "n",
      "plex": "l",
      "pmat": "l",
      "prec": "h",
      "pvol": "h",
      "rely": "l",
      "resl": "h",
      "ruse": "n",
      "sced": "l",
      "site": "n",
      "stor": "xh",
      "team": "vh",
      "time": "vh",
      "tool": "h"
    },
    "8": {
      "acap": "n",
      "apex": "h",
      "cplx": "vh",
      "data": "l",
      "docu": "n",
      "flex": "h",
      "ltex": "n",
      "pcap": "h",
      "pcon": "n",
      "plex": "h",
      "pmat": "n",
      "prec": "        h",
      "pvol": "h",
      "rely": "n",
      "resl": "h",
      "ruse": "n",
      "sced": "n",
      "site": "n",
      "stor": "vh",
      "team": "vh",
      "time": "h",
      "tool": "h"
    },
    "9": {
      "acap": "h",
      "apex": "n",
      "cplx": "l",
      "data": "h",
      "docu": "n",
      "flex": "h",
      "ltex": "l",
      "pcap": "vh",
      "pcon": "n",
      "plex": "l",
      "pmat": "l",
      "prec": "        h",
      "pvol": "l",
      "rely": "h",
      "resl": "h",
      "ruse": "n",
      "sced": "l",
      "site": "n",
      "stor": "h",
      "team": "vh",
      "time": "n",
      "tool": "n"
    },
    "10": {
      "acap": "vh",
      "apex": "vh",
      "cplx": "vh",
      "data": "h",
      "docu": "n",
      "flex": "h",
      "ltex": "l",
      "pcap": "h",
      "pcon": "n",
      "plex": "n",
      "pmat": "h",
      "prec": "        h",
      "pvol": "h",
      "rely": "h",
      "resl": "h",
      "ruse": "n",
      "sced": "l",
      "site": "n",
      "stor": "n",
      "team": "vh",
      "time": "xh",
      "tool": "h"
    },
    "11": {
      "acap": "vh",
      "apex": "vh",
      "cplx": "vh",