{
  "DE_params": {
    "mutation_factor": 0.5,
    "crossover_prob": 0.5,
    "strategy": "rand1_bin",
    "configspace": true,
    "boundary_fix_type": "random",
    "max_age": Infinity,
    "dimensions": 24,
    "output_path": "../results/tmp/DEHB_tmp/dehb_20251208-050316_2687",
    "async_strategy": "immediate"
  },
  "HB_params": {
    "min_fidelity": 1,
    "max_fidelity": 10,
    "min_clip": null,
    "max_clip": null,
    "eta": 3
  },
  "internals": {
    "initial_configs": [
      {
        "config_id": 0,
        "config": [
          0.8631790744466801,
          0.728088336783989,
          0.362914364640884,
          0.9204452891664404,
          0.20347624565469294,
          0.21092896174863388,
          0.5667072181670721,
          0.30487383339094365,
          0.18479355488418933,
          0.9585961063888128,
          0.2754325259515571,
          0.8171828171828172,
          0.7755883962780514,
          0.8593103448275862,
          0.7065142065142065,
          0.592087312414734,
          0.9595738869161431,
          0.0,
          0.8267315265230484,
          0.0899100899100899,
          0.5603613468382151,
          0.27972027972027974,
          0.0,
          0.3987603305785124
        ],
        "results": {
          "1.1111111111111112": {
            "score": Infinity,
            "cost": -1,
            "info": {}
          }
        }
      },
      {
        "config_id": 1,
        "config": [
          0.795271629778672,
          0.5714285714285714,
          0.6971685082872928,
          0.16155308172685312,
          0.06280417149478563,
          0.2726775956284153,
          0.5852595296025953,
          0.3259592118907708,
          0.8821752265861027,
          0.7077049629832739,
          0.11107266435986159,
          0.061938061938061936,
          0.9630541871921182,
          0.16241379310344828,
          0.18884268884268884,
          0.17871759890859482,
          0.9500136574706365,
          0.0,
          0.2256196432707899,
          0.48951048951048953,
          0.6386531617848343,
          0.47052947052947053,
          0.0,
          0.6181129476584022
        ],
        "results": {
          "1.1111111111111112": {
            "score": Infinity,
            "cost": -1,
            "info": {}
          }
        }
      },
      {
        "config_id": 2,
        "config": [
          0.06690140845070422,
          0.1048999309868875,
          0.2617403314917127,
          0.16345370621775726,
          0.287369640787949,
          0.7948087431693989,
          0.9503244120032441,
          0.08641548565502938,
          0.19687814702920442,
          0.38223197148341104,
          0.9474048442906574,
          0.26573426573426573,
          0.8897099069512863,
          0.6037931034482759,
          0.11226611226611227,
          0.6324693042291951,
          0.07293089319857962,
          0.0,
          0.014130182997451933,
          0.8171828171828172,
          0.17437722419928825,
          0.1028971028971029,
          0.0,
          0.7775482093663911
        ],
        "results": {
          "1.1111111111111112": {
            "score": Infinity,
            "cost": -1,
            "info": {}
          }
        }
      },
      {
        "config_id": 3,
        "config": [
          0.4134808853118712,
          0.37681159420289856,
          0.1923342541436464,
          0.9017105620418138,
          0.35341830822711473,
          0.1489071038251366,
          0.4033860502838605,
          0.5606636709298306,
          0.9813695871097684,
          0.3726350425006855,
          0.9307958477508651,
          0.11688311688311688,
          0.23289545703338807,
          0.5972413793103448,
          0.7803187803187803,
          0.0417462482946794,
          0.13029226987161976,
          0.0,
          0.8946027333796618,
          0.5044955044955045,
          0.5143717492471941,
          0.7012987012987013,
          0.0,
          0.7252066115702479
        ],
        "results": {
          "1.1111111111111112": {
            "score": Infinity,
            "cost": -1,
            "info": {}
          }
        }
      },
      {
        "config_id": 4,
        "config": [
          0.4768611670020121,
          0.050724637681159424,
          0.663328729281768,
          0.5245723594895466,
          0.6943221320973348,
          0.992896174863388,
          0.5065896188158961,
          0.14759764949879017,
          0.4269889224572004,
          0.8055936386070743,
          0.9885813148788928,
          0.7472527472527473,
          0.26081007115489874,
          0.4575862068965517,
          0.808038808038808,
          0.7623465211459755,
          0.28817263042884456,
          0.0,
          0.5545517720639332,
          0.6973026973026973,
          0.917054475773337,
          0.3046953046953047,
          0.0,
          0.01721763085399449
        ],
        "results": {
          "1.1111111111111112": {
            "score": Infinity,
            "cost": -1,
            "info": {}
          }
        }
      },
      {
        "config_id": 5,
        "config": [
          0.4512072434607646,
          0.5876466528640442,
          0.5852900552486188,
          0.14960629921259844,
          0.5056778679026651,
          0.9519125683060109,
          0.6337185725871858,
          0.7981334255098513,
          0.1324269889224572,
          0.5601864546202359,
          0.011418685121107266,
          0.017982017982017984,
          0.7753147235905856,
          0.9806896551724138,
          0.9338184338184338,
          0.8968622100954979,
          0.045069653100245834,
          0.0,
          0.16516099142923327,
          0.25074925074925075,
          0.3397207774431974,
          0.33666333666333664,
          0.0,
          0.28994490358126723
        ],
        "results": {
          "1.1111111111111112": {
            "score": Infinity,
            "cost": -1,
            "info": {}
          }
        }
      },
      {
        "config_id": 6,
        "config": [
          0.9673038229376257,
          0.023119392684610076,
          0.4513121546961326,
          0.0456149877816997,
          0.2078794901506373,
          0.257103825136612,
          0.9225466342254663,
          0.4832353957829243,
          0.7351460221550856,
          0.7225116534137648,
          0.62560553633218,
          0.3756243756243756,
          0.5539135194307608,
          0.8986206896551724,
          0.2851697851697852,
          0.9508867667121419,
          0.8123463534553401,
          0.0,
          0.24276117674310865,
          0.6813186813186813,
          0.6274295099917876,
          0.1008991008991009,
          0.0,
          0.8767217630853994
        ],
        "results": {
          "1.1111111111111112": {
            "score": Infinity,
            "cost": -1,
            "info": {}
          }
        }
      },
      {
        "config_id": 7,
        "config": [
          0.9512072434607646,
          0.6283643892339544,
          0.09461325966850828,
          0.9313060005430356,
          0.8882966396292005,
          0.4540983606557377,
          0.6938361719383617,
          0.32042862080884893,
          0.9315206445115811,
          0.4170551137921579,
          0.6235294117647059,
          0.45354645354645357,
          0.6050903119868637,
          0.6931034482758621,
          0.24705474705474706,
          0.5582537517053207,
          0.7448784485113357,
          0.0,
          0.5364836692147325,
          0.16883116883116883,
          0.9698877634820695,
          0.9230769230769231,
          0.0,
          0.8849862258953168
        ],
        "results": {
          "1.1111111111111112": {
            "score": Infinity,
            "cost": -1,
            "info": {}
          }
        }
      },
      {
        "config_id": 8,