{
  "incumbent_ids": [
    26
  ],
  "rejected_config_ids": [
    2,
    3,
    4,
    5,
    6,
    7,
    8,
    9,
    10,
    11,
    12,
    13,
    14,
    15,
    16,
    17,
    18,
    19,
    1,
    21,
    20,
    23,
    24,
    25,
    22,
    27,
    28,
    29,
    30,
    31,
    32,
    33,
    34,
    35,
    36,
    37,
    38,
    39,
    40,
    41,
    42,
    43,
    44,
    45,
    46,
    47,
    48,
    49,
    50
  ],
  "incumbents_changed": 4,
  "trajectory": [
    {
      "config_ids": [
        1
      ],
      "costs": [
        0.23932701390248523
      ],
      "trial": 1,
      "walltime": 0.018619060516357422
    },
    {
      "config_ids": [
        20
      ],
      "costs": [
        0.1755674404631853
      ],
      "trial": 20,
      "walltime": 4.929650068283081
    },
    {
      "config_ids": [
        22
      ],
      "costs": [
        0.16155715601416154
      ],
      "trial": 22,
      "walltime": 7.613240718841553
    },
    {
      "config_ids": [
        26
      ],
      "costs": [
        0.06872794990801412
      ],
      "trial": 26,
      "walltime": 7.73397421836853
    }
  ],
  "state": {
    "queue": [
      [
        50,
        1
      ]
    ]
  }
}