{"config": {"BORERATIO": 1.740468922, "BORERATIO_SQUARED": 15.5236, "BRAND": 11.0, "CARBODY": 0.0, "CARHEIGHT": -2.020417304, "CARHEIGHT_SQUARED": 2520.04, "CARLENGTH": 0.353512218, "CARLENGTH_SQUARED": 29480.89, "CARWIDTH": 2.052460954, "CARWIDTH_SQUARED": 4624.0, "CAR_ID": 27.0, "CITYMPG": 0.579281614, "CITYMPG_SQUARED": 529.0, "COMPRESSIONRATIO": -0.364061735, "COMPRESSIONRATIO_SQUARED": 82.81, "CURBWEIGHT": 1.067433309, "CURBWEIGHT_SQUARED": 5400976.0, "CYLINDERNUMBER": 6.0, "ENGINELOCATION": 1.0, "ENGINESIZE": -0.142204493, "ENGINESIZE_SQUARED": 17161.0, "ENGINETYPE": 6.0, "FUELSYSTEM": 7.0, "HIGHWAYMPG": -2.1473103, "HIGHWAYMPG_SQUARED": 1444.0, "HORSEPOWER": 0.782884816, "HORSEPOWER_SQUARED": 20449.0, "LOG_ENGINESIZE": 4.990432587, "MODEL": 111.0, "PEAKRPM": -0.262960216, "PEAKRPM_SQUARED": "20250000", "POWER_TO_WEIGHT_RATIO": 0.04144385, "STROKE": -0.560732528, "STROKE_SQUARED": 12.0409, "SYMBOLING": 2.0, "WHEELBASE": -0.741889976, "WHEELBASE_SQUARED": 9900.25, "carname": "subaru"}, "score": 0.6483996311077277, "info": {}}