{
  "stats": {
    "submitted": 12,
    "finished": 12,
    "running": 0
  },
  "data": [
    [
      1,
      null,
      418903645,
      null,
      0.37105652745269735,
      0.002495288848876953,
      1,
      1763365711.6756697,
      1763365711.6804056,
      {}
    ],
    [
      2,
      null,
      418903645,
      null,
      0.266717544872874,
      0.0017459392547607422,
      1,
      1763365711.6877508,
      1763365711.6910996,
      {}
    ],
    [
      3,
      null,
      418903645,
      null,
      0.14123478358288533,
      0.002802133560180664,
      1,
      1763365714.5373979,
      1763365714.5420957,
      {}
    ],
    [
      4,
      null,
      418903645,
      null,
      0.4464261197100402,
      0.0021469593048095703,
      1,
      1763365714.5533028,
      1763365714.5571756,
      {}
    ],
    [
      5,
      null,
      418903645,
      null,
      0.20181139535160297,
      0.0012402534484863281,
      1,
      1763365714.5647078,
      1763365714.567526,
      {}
    ],
    [
      6,
      null,
      418903645,
      null,
      0.23106921755662335,
      0.0015604496002197266,
      1,
      1763365714.575164,
      1763365714.578368,
      {}
    ],
    [
      7,
      null,
      418903645,
      null,
      0.19277275049789733,
      0.0013539791107177734,
      1,
      1763365714.5868182,
      1763365714.589835,
      {}
    ],
    [
      8,
      null,
      418903645,
      null,
      0.3469300942349064,
      0.0011851787567138672,
      1,
      1763365714.5984025,
      1763365714.6013038,
      {}
    ],
    [
      9,
      null,
      418903645,
      null,
      0.356484671905801,
      0.0012025833129882812,
      1,
      1763365714.6111834,
      1763365714.6142802,
      {}
    ],
    [
      10,
      null,
      418903645,
      null,
      0.14123478358288533,
      0.0024039745330810547,
      1,
      1763365717.588403,
      1763365717.5925064,
      {}
    ],
    [
      11,
      null,
      418903645,
      null,
      0.2004736473719848,
      0.0013568401336669922,
      1,
      1763365717.6027696,
      1763365717.6056533,
      {}
    ],
    [
      12,
      null,
      418903645,
      null,
      0.37595625427174284,
      0.0011544227600097656,
      1,
      1763365717.6158535,
      1763365717.618511,
      {}
    ]
  ],
  "configs": {
    "1": {
      " ACAP": 4.865738837048411,
      " AEXP": 3.5959916206784546,
      " CPLx": 2.7658278178423643,
      " DOCU": 4.704877391457558,
      " ETAT": 5.038440451640636,
      " FLEx": 1.666368380188942,
      " KLOC": 205.8403546503987,
      " LTEx": 1.4568592069642619,
      " PCAP": 3.4280109144747257,
      " PCON": 2.0305564925074577,
      " PLEx": 2.907541467808187,
      " PMAT": 2.489489572122693,
      " PREC": 3.0846393548678606,
      " PVOL": 4.954945691807195,
      " RELY": 3.148145880803466,
      " RESL": 4.217393310358748,
      " RUSE": 4.305667186535895,
      " SCED": 3.0,
      " SITE": 3.91842891369015,
      " STOR": 3.6468698531389236,
      " TEAM": 1.203823371999897,
      " TIME": 3.362668034620583,
      " TOOL": 2.0,
      "DATA": 3.1137898007202893
    },
    "2": {
      " ACAP": 3.195067203498903,
      " AEXP": 4.282987900307894,
      " CPLx": 1.7408139194989811,
      " DOCU": 1.5525267499052782,
      " ETAT": 2.6579070301015735,
      " FLEx": 1.3319982600275715,
      " KLOC": 267.02374877001296,
      " LTEx": 3.418974800686811,
      " PCAP": 4.965483829088428,
      " PCON": 3.5426429391874104,
      " PLEx": 1.6477697681415409,
      " PMAT": 2.5490274320842796,
      " PREC": 3.182694272078895,
      " PVOL": 2.702994143367858,
      " RELY": 1.3410638031782312,
      " RESL": 2.99813740892877,
      " RUSE": 2.6082815812647304,
      " SCED": 3.0,
      " SITE": 3.6634304027863482,
      " STOR": 3.387006768446549,
      " TEAM": 3.7536212063052354,
      " TIME": 3.3729271564083927,
      " TOOL": 2.0,
      "DATA": 4.837533974845214
    },
    "3": {
      " ACAP": 3.61130437713158,
      " AEXP": 2.053953299899724,
      " CPLx": 3.7588396718789534,
      " DOCU": 2.335825638426683,
      " ETAT": 4.737814112059164,
      " FLEx": 2.7056555643364364,
      " KLOC": 92.41042540487015,
      " LTEx": 3.4924931823588565,
      " PCAP": 4.345936788972384,
      " PCON": 4.30473670803465,
      " PLEx": 3.806930100894283,
      " PMAT": 2.9965033281090543,
      " PREC": 1.224691768208513,
      " PVOL": 4.79625892245487,
      " RELY": 2.029101777704172,
      " RESL": 4.499251218093327,
      " RUSE": 5.4386886308348465,
      " SCED": 3.0,
      " SITE": 2.3400942380023375,
      " STOR": 3.1270878532150364,
      " TEAM": 2.1555839691574477,
      " TIME": 3.7871304816268667,
      " TOOL": 2.0,
      "DATA": 4.997849530511504
    },
    "4": {
      " ACAP": 3.4054738119088643,
      " AEXP": 3.07775978354284,
      " CPLx": 1.6604716115260318,
      " DOCU": 3.671935773382177,
      " ETAT": 3.252450282230625,
      " FLEx": 2.4222150279535573,
      " KLOC": 159.5733608121032,
      " LTEx": 2.9237307775031853,
      " PCAP": 4.780295335491422,
      " PCON": 4.204605842120941,
      " PLEx": 2.0270995854422007,
      " PMAT": 2.368387887300525,
      " PREC": 1.0178042694234832,
      " PVOL": 4.643692585296478,
      " RELY": 1.584928406236212,
      " RESL": 3.16364988941593,
      " RUSE": 5.678946013809556,
      " SCED": 3.0,
      " SITE": 2.9284766081763207,
      " STOR": 3.1536929489927785,
      " TEAM": 2.973817981820628,
      " TIME": 3.9624425444984466,
      " TOOL": 2.0,
      "DATA": 3.118291368392852
    },
    "5": {
      " ACAP": 4.312752215384981,
      " AEXP": 4.06841653005497,
      " CPLx": 3.670305330063503,
      " DOCU": 4.292496488673196,
      " ETAT": 1.1120683452951785,
      " FLEx": 4.842668239063757,
      " KLOC": 89.1204636849096,
      " LTEx": 2.2850174040324838,
      " PCAP": 3.3805422056906,
      " PCON": 4.641181289836045,
      " PLEx": 2.763113266219469,
      " PMAT": 2.0620825176166617,
      " PREC": 3.584131548909272,
      " PVOL": 3.03995187279361,
      " RELY": 2.504017601901175,
      " RESL": 4.214571839460663,
      " RUSE": 4.453467881002126,
      " SCED": 3.0,
      " SITE": 1.6560086432363916,
      " STOR": 3.9348710586028934,
      " TEAM": 4.180130952965351,
      " TIME": 3.164894482262537,
      " TOOL": 2.0,
      "DATA": 3.2797299167349054
    },
    "6": {
      " ACAP": 3.8808037210602366,
      " AEXP": 3.431029245880098,
      " CPLx": 1.80017172902504,
      " DOCU": 3.5242746048462084,
      " ETAT": 5.663459899585708,
      " FLEx": 4.415726684270792,
      " KLOC": 228.72895406254062,
      " LTEx": 2.1150319906473776,
      " PCAP": 4.401207585940606,
      " PCON": 1.9290178922325687,
      " PLEx": 1.0667492697135348,
      " PMAT": 2.1631240660119735,
      " PREC": 3.5261112703705746,
      " PVOL": 4.78907521489622,
      " RELY": 2.920759193446465,
      " RESL": 3.383451418252126,
      " RUSE": 2.0669248696602223,
      " SCED": 3.0,
      " SITE": 4.399883483672141,
      " STOR": 3.563211733950715,
      " TEAM": 3.8302315881362103,
      " TIME": 3.217621453456079,
      " TOOL": 2.0,
      "DATA": 3.3740022043862568
    },
    "7": {
      " ACAP": 3.5789540361981107,
      " AEXP": 4.196198805373207,
      " CPLx": 2.32624540636432,
      " DOCU": 4.052831643513228,
      " ETAT": 4.342325158759536,
      " FLEx": 3.1771682988455625,
      " KLOC": 153.15138870265363,
      " LTEx": 1.3431661530157415,
      " PCAP": 4.751071756952734,
      " PCON": 4.709349973305871,
      " PLEx": 2.8509035356661228,
      " PMAT": 2.7954778222030807,
      " PREC": 4.429059986293744,
      " PVOL": 2.8627960827196195,
      " RELY": 2.082083494947347,
      " RESL": 3.658764130701673,
      " RUSE": 2.971266709665009,
      " SCED": 3.0,
      " SITE": 3.203978014978079,
      " STOR": 3.164689199501755,
      " TEAM": 3.1987078199329466,
      " TIME": 3.972666019686407,