{
  "incumbent_ids": [
    5
  ],
  "rejected_config_ids": [
    1,
    2,
    4,
    3,
    6,
    7,
    8,
    9,
    10,
    11,
    12,
    13,
    14,
    15,
    16,
    17,
    18,
    19,
    20,
    21,
    22,
    23,
    24,
    25,
    26,
    27,
    28,
    29,
    30,
    31,
    32,
    33,
    34,
    35,
    36,
    37,
    38,
    39,
    40,
    41,
    42,
    43,
    44,
    45,
    46,
    47,
    48,
    49,
    50,
    51,
    52,
    53,
    54,
    55,
    56,
    57,
    58,
    59,
    60,
    61,
    62,
    63,
    64,
    65,
    66,
    67,
    68,
    69,
    70,
    71,
    72,
    73,
    74,
    75,
    76,
    77,
    78,
    79,
    80,
    81,
    82,
    83,
    84,
    85,
    86,
    87,
    88,
    89,
    90,
    91,
    92,
    93,
    94,
    95,
    96,
    97,
    98,
    99,
    100
  ],
  "incumbents_changed": 4,
  "trajectory": [
    {
      "config_ids": [
        1
      ],
      "costs": [
        0.27118323966991564
      ],
      "trial": 1,
      "walltime": 0.012505531311035156
    },
    {
      "config_ids": [
        2
      ],
      "costs": [
        0.23430093528164742
      ],
      "trial": 2,
      "walltime": 0.023112773895263672
    },
    {
      "config_ids": [
        3
      ],
      "costs": [
        0.20860222981275478
      ],
      "trial": 3,
      "walltime": 0.033303260803222656
    },
    {
      "config_ids": [
        5
      ],
      "costs": [
        0.048612075966008916
      ],
      "trial": 5,
      "walltime": 0.0559689998626709
    }
  ],
  "state": {
    "queue": [
      [
        100,
        1
      ]
    ]
  }
}