{
  "incumbent_ids": [
    6
  ],
  "rejected_config_ids": [
    1,
    2,
    4,
    5,
    3
  ],
  "incumbents_changed": 4,
  "trajectory": [
    {
      "config_ids": [
        1
      ],
      "costs": [
        0.7924206561024142
      ],
      "trial": 1,
      "walltime": 0.01789546012878418
    },
    {
      "config_ids": [
        2
      ],
      "costs": [
        0.7908983512833465
      ],
      "trial": 2,
      "walltime": 2.42055344581604
    },
    {
      "config_ids": [
        3
      ],
      "costs": [
        0.7898650748583506
      ],
      "trial": 3,
      "walltime": 2.469304084777832
    },
    {
      "config_ids": [
        6
      ],
      "costs": [
        0.6968734479888683
      ],
      "trial": 6,
      "walltime": 2.518665313720703
    }
  ],
  "state": {
    "queue": [
      [
        6,
        1
      ]
    ]
  }
}