{
  "stats": {
    "submitted": 6,
    "finished": 6,
    "running": 0
  },
  "data": [
    [
      1,
      null,
      1687321482,
      null,
      0.7924206561024142,
      0.006662130355834961,
      1,
      1763363148.370586,
      1763363148.3793375,
      {}
    ],
    [
      2,
      null,
      1687321482,
      null,
      0.7908983512833465,
      0.002113819122314453,
      1,
      1763363150.783807,
      1763363150.787643,
      {}
    ],
    [
      3,
      null,
      1687321482,
      null,
      0.7898650748583506,
      0.0240323543548584,
      1,
      1763363150.7977715,
      1763363150.836468,
      {}
    ],
    [
      4,
      null,
      1687321482,
      null,
      0.7903611600964421,
      0.0022814273834228516,
      1,
      1763363150.8569126,
      1763363150.8628426,
      {}
    ],
    [
      5,
      null,
      1687321482,
      null,
      0.8053875148935323,
      0.002458810806274414,
      1,
      1763363150.8694456,
      1763363150.8741293,
      {}
    ],
    [
      6,
      null,
      1687321482,
      null,
      0.6968734479888683,
      0.002218484878540039,
      1,
      1763363150.880057,
      1763363150.8847606,
      {}
    ]
  ],
  "configs": {
    "1": {
      "Max_depth": 17,
      "Min_impurity_decrease": 3.5,
      "Min_sample_leaves": 10,
      "N_estimators": 140,
      "criterion": "poisson"
    },
    "2": {
      "Max_depth": 10,
      "Min_impurity_decrease": 5.25,
      "Min_sample_leaves": 17,
      "N_estimators": 80,
      "criterion": "poisson"
    },
    "3": {
      "Max_depth": 18,
      "Min_impurity_decrease": 8.25,
      "Min_sample_leaves": 6,
      "N_estimators": 70,
      "criterion": "absolute_error"
    },
    "4": {
      "Max_depth": 6,
      "Min_impurity_decrease": 8.5,
      "Min_sample_leaves": 12,
      "N_estimators": 70,
      "criterion": "poisson"
    },
    "5": {
      "Max_depth": 4,
      "Min_impurity_decrease": 3.5,
      "Min_sample_leaves": 5,
      "N_estimators": 20,
      "criterion": "absolute_error"
    },
    "6": {
      "Max_depth": 13,
      "Min_impurity_decrease": 8.25,
      "Min_sample_leaves": 13,
      "N_estimators": 160,
      "criterion": "absolute_error"
    }
  },
  "config_origins": {
    "1": "Initial Design: Sobol",
    "2": "Acquisition Function Maximizer: Local Search",
    "3": "Acquisition Function Maximizer: Local Search",
    "4": "Acquisition Function Maximizer: Local Search",
    "5": "Random Search",
    "6": "Random Search"
  }
}