{"config": {"Criticality": 0.22399945217286, "Criticality Modifier": 0.5826965492333871, "Culture": 0.989338111779326, "Dynamism": 0.1124511490717186, "Initial Known": 0.3416732908830796, "Inter-Dependency": 0.3489379084735667, "Plan": 0.115177355407569, "Size": 0.998200731013447, "Team Size": 0.0579556803932228}, "score": 0.1706334714830141, "info": {}}