{
  "DE_params": {
    "mutation_factor": 0.5,
    "crossover_prob": 0.5,
    "strategy": "rand1_bin",
    "configspace": true,
    "boundary_fix_type": "random",
    "max_age": Infinity,
    "dimensions": 20,
    "output_path": "../results/tmp/DEHB_tmp/dehb_20251208-045726_3c69",
    "async_strategy": "immediate"
  },
  "HB_params": {
    "min_fidelity": 1,
    "max_fidelity": 10,
    "min_clip": null,
    "max_clip": null,
    "eta": 3
  },
  "internals": {
    "initial_configs": [
      {
        "config_id": 0,
        "config": [
          0.9441707717569786,
          0.975,
          0.5870646766169154,
          0.6971153846153846,
          0.6948356807511737,
          0.2618384401114206,
          0.5,
          0.5768767563227619,
          0.2840909090909091,
          0.2699724517906336,
          0.4979123173277662,
          0.6351351351351351,
          0.7915752523036419,
          0.13553113553113552,
          0.0625,
          0.10880829015544041,
          0.2727272727272727,
          0.570446735395189,
          0.0,
          0.05555555555555555
        ],
        "results": {
          "1.1111111111111112": {
            "score": Infinity,
            "cost": -1,
            "info": {}
          }
        }
      },
      {
        "config_id": 1,
        "config": [
          0.45648604269293924,
          0.83,
          0.9800995024875622,
          0.6826923076923077,
          0.22065727699530516,
          0.904363974001857,
          0.21951219512195122,
          0.35808912083500605,
          0.4772727272727273,
          0.4931129476584022,
          0.42171189979123175,
          0.04054054054054054,
          0.9003949100482668,
          0.873015873015873,
          0.4375,
          0.5751295336787565,
          0.507177033492823,
          0.9901202749140894,
          0.5,
          0.3055555555555556
        ],
        "results": {
          "1.1111111111111112": {
            "score": Infinity,
            "cost": -1,
            "info": {}
          }
        }
      },
      {
        "config_id": 2,
        "config": [
          0.6091954022988506,
          0.375,
          0.0945273631840796,
          0.052884615384615384,
          0.13615023474178403,
          0.4883936861652739,
          0.2073170731707317,
          0.637093536732236,
          0.6704545454545454,
          0.2644628099173554,
          0.019832985386221295,
          0.2702702702702703,
          0.7722685388328214,
          0.8412698412698413,
          0.0625,
          0.12435233160621761,
          0.22009569377990432,
          0.6447594501718213,
          0.0,
          0.38492063492063494
        ],
        "results": {
          "1.1111111111111112": {
            "score": Infinity,
            "cost": -1,
            "info": {}
          }
        }
      },
      {
        "config_id": 3,
        "config": [
          0.9852216748768473,
          0.74,
          0.40298507462686567,
          0.1778846153846154,
          0.9835680751173709,
          0.47168059424326836,
          0.5,
          0.9152950622240065,
          0.23863636363636365,
          0.5261707988980716,
          0.8173277661795407,
          0.8243243243243243,
          0.7270732777534006,
          0.6007326007326007,
          0.8125,
          0.16580310880829016,
          0.41148325358851673,
          0.8191580756013745,
          0.0,
          0.4880952380952381
        ],
        "results": {
          "1.1111111111111112": {
            "score": Infinity,
            "cost": -1,
            "info": {}
          }
        }
      },
      {
        "config_id": 4,
        "config": [
          0.9441707717569786,
          0.34,
          0.5920398009950248,
          0.6778846153846154,
          0.018779342723004695,
          0.6499535747446611,
          0.5487804878048781,
          0.6527498996386993,
          0.45454545454545453,
          0.5482093663911846,
          0.40292275574112735,
          0.44594594594594594,
          0.29091706888986396,
          0.8034188034188035,
          0.5625,
          0.010362694300518135,
          0.7655502392344498,
          0.22938144329896906,
          0.0,
          0.9365079365079365
        ],
        "results": {
          "1.1111111111111112": {
            "score": Infinity,
            "cost": -1,
            "info": {}
          }
        }
      },
      {
        "config_id": 5,
        "config": [
          0.8932676518883416,
          0.3,
          0.07960199004975124,
          0.24519230769230768,
          0.19248826291079812,
          0.2906220984215413,
          0.14634146341463414,
          0.10919309514251305,
          0.9090909090909091,
          0.6225895316804407,
          0.8684759916492694,
          0.6486486486486487,
          0.7512066695919263,
          0.5311355311355311,
          0.125,
          0.5284974093264249,
          0.9473684210526315,
          0.8981958762886598,
          0.0,
          0.16666666666666666
        ],
        "results": {
          "1.1111111111111112": {
            "score": Infinity,
            "cost": -1,
            "info": {}
          }
        }
      },
      {
        "config_id": 6,
        "config": [
          0.48111658456486045,
          0.405,
          0.5920398009950248,
          0.1971153846153846,
          0.7887323943661971,
          0.6220984215413184,
          0.6463414634146342,
          0.26174227217984747,
          0.2840909090909091,
          0.5922865013774105,
          0.3768267223382046,
          0.6756756756756757,
          0.7626151820974112,
          0.8278388278388278,
          0.875,
          0.3160621761658031,
          0.583732057416268,
          0.5025773195876289,
          0.5,
          0.6944444444444444
        ],
        "results": {
          "1.1111111111111112": {
            "score": Infinity,
            "cost": -1,
            "info": {}
          }
        }
      },
      {
        "config_id": 7,
        "config": [
          0.993431855500821,
          0.025,
          0.21393034825870647,
          0.9807692307692307,
          0.1596244131455399,
          0.04642525533890436,
          0.6585365853658537,
          0.5447611401043757,
          0.6704545454545454,
          0.256198347107438,
          0.07306889352818371,
          0.5,
          0.6200087757788504,
          0.06227106227106227,
          0.3125,
          0.927461139896373,
          0.22966507177033493,
          0.05798969072164949,
          0.5,
          0.25793650793650796
        ],
        "results": {
          "1.1111111111111112": {
            "score": Infinity,
            "cost": -1,
            "info": {}
          }
        }
      },
      {
        "config_id": 8,
        "config": [
          0.38587848932676516,
          0.245,
          0.6218905472636815,
          0.9663461538461539,
          0.3873239436619718,
          0.036211699164345405,
          0.6585365853658537,
          0.8655158570855078,
          0.5113636363636364,
          0.5454545454545454,
          0.6868475991649269,
          0.5540540540540541,
          0.8007898200965335,
          0.9877899877899878,
          0.9375,
          0.32124352331606215,
          0.9473684210526315,
          0.041237113402061855,
          0.0,
          0.4523809523809524
        ],
        "results": {
          "1.1111111111111112": {
            "score": Infinity,
            "cost": -1,
            "info": {}
          }
        }
      },
      {
        "config_id": 9,