{
  "incumbent_ids": [
    6
  ],
  "rejected_config_ids": [
    1,
    3,
    4,
    5,
    2,
    7,
    8,
    9,
    10,
    11,
    12,
    13,
    14,
    15,
    16,
    17,
    18,
    19,
    20,
    21,
    22,
    23,
    24,
    25,
    26,
    27,
    28,
    29,
    30,
    31,
    32,
    33,
    34,
    35,
    36,
    37,
    38,
    39,
    40,
    41,
    42,
    43,
    44,
    45,
    46,
    47,
    48,
    49,
    50
  ],
  "incumbents_changed": 3,
  "trajectory": [
    {
      "config_ids": [
        1
      ],
      "costs": [
        0.6798531712793187
      ],
      "trial": 1,
      "walltime": 0.012670516967773438
    },
    {
      "config_ids": [
        2
      ],
      "costs": [
        0.5772244198951152
      ],
      "trial": 2,
      "walltime": 0.03423428535461426
    },
    {
      "config_ids": [
        6
      ],
      "costs": [
        0.5178269270111757
      ],
      "trial": 6,
      "walltime": 0.1405327320098877
    }
  ],
  "state": {
    "queue": [
      [
        50,
        1
      ]
    ]
  }
}