{
  "incumbent_ids": [
    4
  ],
  "rejected_config_ids": [
    2,
    3,
    1,
    5,
    6,
    7,
    8,
    9,
    10
  ],
  "incumbents_changed": 2,
  "trajectory": [
    {
      "config_ids": [
        1
      ],
      "costs": [
        0.6376470720945961
      ],
      "trial": 1,
      "walltime": 2.1552536487579346
    },
    {
      "config_ids": [
        4
      ],
      "costs": [
        0.593064599882215
      ],
      "trial": 4,
      "walltime": 8.918428897857666
    }
  ],
  "state": {
    "queue": []
  }
}