{
  "incumbent_ids": [
    5
  ],
  "rejected_config_ids": [
    2,
    1,
    4,
    3,
    6,
    7,
    8,
    9
  ],
  "incumbents_changed": 3,
  "trajectory": [
    {
      "config_ids": [
        1
      ],
      "costs": [
        0.6422377567135638
      ],
      "trial": 1,
      "walltime": 3.0287888050079346
    },
    {
      "config_ids": [
        3
      ],
      "costs": [
        0.6412515467436453
      ],
      "trial": 3,
      "walltime": 71.13446521759033
    },
    {
      "config_ids": [
        5
      ],
      "costs": [
        0.6345220767930158
      ],
      "trial": 5,
      "walltime": 75.23930978775024
    }
  ],
  "state": {
    "queue": []
  }
}