{
  "DE_params": {
    "mutation_factor": 0.5,
    "crossover_prob": 0.5,
    "strategy": "rand1_bin",
    "configspace": true,
    "boundary_fix_type": "random",
    "max_age": Infinity,
    "dimensions": 20,
    "output_path": "../results/tmp/DEHB_tmp/dehb_20251208-045121_903e",
    "async_strategy": "immediate"
  },
  "HB_params": {
    "min_fidelity": 1,
    "max_fidelity": 10,
    "min_clip": null,
    "max_clip": null,
    "eta": 3
  },
  "internals": {
    "initial_configs": [
      {
        "config_id": 0,
        "config": [
          0.0,
          0.35714285714285715,
          0.8571428571428571,
          0.5,
          0.8652792990142387,
          0.28806133625410735,
          0.0,
          0.3333333333333333,
          0.2,
          0.3347457627118644,
          0.5,
          0.0,
          0.25,
          0.6666666666666666,
          0.16417910447761194,
          0.5,
          0.8992332968236583,
          0.780952380952381,
          0.6666666666666666,
          0.7272727272727273
        ],
        "results": {
          "1.1111111111111112": {
            "score": Infinity,
            "cost": -1,
            "info": {}
          }
        }
      },
      {
        "config_id": 1,
        "config": [
          0.5,
          0.6428571428571429,
          0.35714285714285715,
          0.5,
          0.4600219058050383,
          0.3910186199342826,
          0.0,
          0.3333333333333333,
          0.4,
          0.4449152542372881,
          0.0,
          0.0,
          0.75,
          0.6666666666666666,
          0.029850746268656716,
          0.5,
          0.34063526834611174,
          0.7333333333333333,
          0.0,
          0.5454545454545454
        ],
        "results": {
          "1.1111111111111112": {
            "score": Infinity,
            "cost": -1,
            "info": {}
          }
        }
      },
      {
        "config_id": 2,
        "config": [
          0.25,
          0.42857142857142855,
          0.5,
          0.5,
          0.5815991237677984,
          0.40744797371303393,
          0.0,
          0.3333333333333333,
          0.0,
          0.7796610169491526,
          0.5,
          0.0,
          0.5,
          0.6666666666666666,
          0.1044776119402985,
          0.5,
          0.4534501642935378,
          0.8285714285714286,
          0.0,
          0.5454545454545454
        ],
        "results": {
          "1.1111111111111112": {
            "score": Infinity,
            "cost": -1,
            "info": {}
          }
        }
      },
      {
        "config_id": 3,
        "config": [
          0.5,
          0.5714285714285714,
          0.9285714285714286,
          0.0,
          0.17305585980284777,
          0.013143483023001095,
          0.0,
          0.6666666666666666,
          0.0,
          0.1059322033898305,
          0.0,
          0.0,
          0.25,
          0.6666666666666666,
          0.9850746268656716,
          0.0,
          0.17524644030668127,
          0.06666666666666667,
          0.3333333333333333,
          0.5454545454545454
        ],
        "results": {
          "1.1111111111111112": {
            "score": Infinity,
            "cost": -1,
            "info": {}
          }
        }
      },
      {
        "config_id": 4,
        "config": [
          0.25,
          0.14285714285714285,
          0.6428571428571429,
          0.5,
          0.4654983570646221,
          0.6998904709748083,
          0.0,
          0.0,
          0.0,
          0.00423728813559322,
          0.0,
          0.0,
          0.25,
          0.0,
          0.6268656716417911,
          0.5,
          0.8433734939759037,
          0.1523809523809524,
          0.3333333333333333,
          0.9090909090909091
        ],
        "results": {
          "1.1111111111111112": {
            "score": Infinity,
            "cost": -1,
            "info": {}
          }
        }
      },
      {
        "config_id": 5,
        "config": [
          0.5,
          0.2857142857142857,
          0.5,
          0.5,
          0.312157721796276,
          0.9463307776560789,
          0.0,
          0.0,
          0.0,
          0.8432203389830508,
          0.5,
          0.0,
          0.0,
          0.3333333333333333,
          0.373134328358209,
          0.5,
          0.3209200438116101,
          0.13333333333333333,
          0.6666666666666666,
          0.45454545454545453
        ],
        "results": {
          "1.1111111111111112": {
            "score": Infinity,
            "cost": -1,
            "info": {}
          }
        }
      },
      {
        "config_id": 6,
        "config": [
          0.5,
          0.5714285714285714,
          0.35714285714285715,
          0.0,
          0.4293537787513691,
          0.13581599123767799,
          0.0,
          0.6666666666666666,
          0.4,
          0.046610169491525424,
          0.5,
          0.0,
          0.75,
          0.0,
          0.29850746268656714,
          0.5,
          0.6637458926615553,
          0.05714285714285714,
          0.8333333333333334,
          0.9090909090909091
        ],
        "results": {
          "1.1111111111111112": {
            "score": Infinity,
            "cost": -1,
            "info": {}
          }
        }
      },
      {
        "config_id": 7,
        "config": [
          0.25,
          0.7857142857142857,
          0.9285714285714286,
          0.0,
          0.882803943044907,
          0.03066812705366922,
          0.0,
          0.3333333333333333,
          0.4,
          0.17796610169491525,
          0.5,
          0.0,
          0.0,
          0.6666666666666666,
          0.6716417910447762,
          0.0,
          0.42716319824753557,
          0.6285714285714286,
          0.8333333333333334,
          0.9090909090909091
        ],
        "results": {
          "1.1111111111111112": {
            "score": Infinity,
            "cost": -1,
            "info": {}
          }
        }
      },
      {
        "config_id": 8,
        "config": [
          0.75,
          0.9285714285714286,
          0.6428571428571429,
          0.0,
          0.5060240963855421,
          0.019715224534501644,
          0.0,
          0.3333333333333333,
          0.4,
          0.5677966101694916,
          0.0,
          0.0,
          0.75,
          0.0,
          0.1044776119402985,
          0.0,
          0.5958378970427163,
          0.9333333333333333,
          0.8333333333333334,
          0.5454545454545454
        ],
        "results": {
          "1.1111111111111112": {
            "score": Infinity,
            "cost": -1,
            "info": {}
          }
        }
      },
      {
        "config_id": 9,
        "config": [
          0.0,
          0.5714285714285714,
          0.6428571428571429,
          0.0,
          0.21467688937568455,
          0.8072289156626506,
          0.0,
          0.6666666666666666,
          0.0,
          0.2033898305084746,
          0.5,
          0.0,
          0.75,
          0.3333333333333333,
          0.7164179104477612,
          0.0,
          0.4140197152245345,
          0.5904761904761905,
          0.0,
          0.0
        ],
        "results": {
          "3.333333333333333": {
            "score": Infinity,
            "cost": -1,
            "info": {}
          }
        }
      },
      {
        "config_id": 10,
        "config": [
          0.5,
          0.07142857142857142,
          0.42857142857142855,
          0.5,
          0.15553121577217963,
          0.7163198247535597,
          0.0,
          0.6666666666666666,
          0.0,
          0.3135593220338983,
          0.5,
          0.0,
          0.75,
          0.3333333333333333,
          0.07462686567164178,
          0.0,
          0.07886089813800658,
          0.2,
          0.16666666666666666,
          0.09090909090909091
        ],