{
  "incumbent_ids": [
    5
  ],
  "rejected_config_ids": [
    2,
    3,
    4,
    1,
    6,
    7,
    8,
    9
  ],
  "incumbents_changed": 2,
  "trajectory": [
    {
      "config_ids": [
        1
      ],
      "costs": [
        0.20912053142777998
      ],
      "trial": 1,
      "walltime": 1.9618356227874756
    },
    {
      "config_ids": [
        5
      ],
      "costs": [
        0.06102422387339379
      ],
      "trial": 5,
      "walltime": 97.30010414123535
    }
  ],
  "state": {
    "queue": []
  }
}