{'Clndrs': 4, 'Volume': 91, 'HpX': 68, 'Model': 82}, {'Clndrs': 4, 'Volume': 97, 'HpX': 52, 'Model': 82}, {'Clndrs': 4, 'Volume': 72, 'HpX': 69, 'Model': 71}, {'Clndrs': 4, 'Volume': 89, 'HpX': 60, 'Model': 80}, {'Clndrs': 4, 'Volume': 97, 'HpX': 52, 'Model': 82}, {'Clndrs': 4, 'Volume': 89, 'HpX': 60, 'Model': 80}, {'Clndrs': 4, 'Volume': 91, 'HpX': 68, 'Model': 82}, {'Clndrs': 4, 'Volume': 91, 'HpX': 68, 'Model': 82}, {'Clndrs': 4, 'Volume': 91, 'HpX': 68, 'Model': 82}, {'Clndrs': 4, 'Volume': 97, 'HpX': 52, 'Model': 82}, {'Clndrs': 4, 'Volume': 97, 'HpX': 52, 'Model': 82}, {'Clndrs': 4, 'Volume': 97, 'HpX': 52, 'Model': 82}, {'Clndrs': 4, 'Volume': 85, 'HpX': 65, 'Model': 81}, {'Clndrs': 4, 'Volume': 97, 'HpX': 52, 'Model': 82}, {'Clndrs': 4, 'Volume': 97, 'HpX': 52, 'Model': 82}, {'Clndrs': 4, 'Volume': 97, 'HpX': 52, 'Model': 82}, {'Clndrs': 4, 'Volume': 91, 'HpX': 68, 'Model': 82}, {'Clndrs': 4, 'Volume': 97, 'HpX': 52, 'Model': 82}, {'Clndrs': 4, 'Volume': 97, 'HpX': 52, 'Model': 82}, {'Clndrs': 4, 'Volume': 98, 'HpX': 70, 'Model': 82}
0.27717746903880663, 0.16745989117220034, 0.27467083302654305, 0.25831625843393935, 0.16745989117220034, 0.25831625843393935, 0.27717746903880663, 0.27717746903880663, 0.27717746903880663, 0.16745989117220034, 0.16745989117220034, 0.16745989117220034, 0.24245318422143292, 0.16745989117220034, 0.16745989117220034, 0.16745989117220034, 0.27717746903880663, 0.16745989117220034, 0.16745989117220034, 0.3070676349313442
0.03682851791381836, 0.04152369499206543, 0.050399065017700195, 0.02949213981628418, 0.028074264526367188, 0.028530120849609375, 0.026067256927490234, 0.025697946548461914, 0.028669118881225586, 0.027114391326904297, 0.025664567947387695, 0.053671836853027344, 0.027750492095947266, 0.07213807106018066, 0.030622005462646484, 0.0258026123046875, 0.025434017181396484, 0.02697134017944336, 0.02332925796508789, 0.025199413299560547