{'Spout_wait': 10, 'Spliters': 6, 'Counters': 17}, {'Spout_wait': 8, 'Spliters': 6, 'Counters': 18}, {'Spout_wait': 10, 'Spliters': 6, 'Counters': 17}, {'Spout_wait': 10, 'Spliters': 6, 'Counters': 17}, {'Spout_wait': 10, 'Spliters': 6, 'Counters': 18}, {'Spout_wait': 8, 'Spliters': 6, 'Counters': 17}, {'Spout_wait': 8, 'Spliters': 6, 'Counters': 18}, {'Spout_wait': 8, 'Spliters': 6, 'Counters': 18}, {'Spout_wait': 10, 'Spliters': 6, 'Counters': 17}, {'Spout_wait': 8, 'Spliters': 6, 'Counters': 18}, {'Spout_wait': 9, 'Spliters': 5, 'Counters': 17}, {'Spout_wait': 8, 'Spliters': 6, 'Counters': 18}, {'Spout_wait': 7, 'Spliters': 3, 'Counters': 17}, {'Spout_wait': 10, 'Spliters': 6, 'Counters': 17}, {'Spout_wait': 8, 'Spliters': 6, 'Counters': 17}, {'Spout_wait': 8, 'Spliters': 6, 'Counters': 18}, {'Spout_wait': 10, 'Spliters': 6, 'Counters': 17}, {'Spout_wait': 8, 'Spliters': 6, 'Counters': 17}, {'Spout_wait': 6, 'Spliters': 6, 'Counters': 17}, {'Spout_wait': 8, 'Spliters': 6, 'Counters': 17}
0.0007473637588413625, 0.023408920605627135, 0.0007473637588413625, 0.0007473637588413625, 0.02951134749036736, 0.006111178207122468, 0.023408920605627135, 0.023408920605627135, 0.0007473637588413625, 0.023408920605627135, 0.020466796587967708, 0.023408920605627135, 0.029670521681075954, 0.0007473637588413625, 0.006111178207122468, 0.023408920605627135, 0.0007473637588413625, 0.006111178207122468, 0.02559787725652472, 0.006111178207122468
0.09506893157958984, 0.07995128631591797, 0.07233023643493652, 0.07409262657165527, 0.07462573051452637, 0.06636667251586914, 0.06989097595214844, 0.07308268547058105, 0.07147336006164551, 0.06978535652160645, 0.07392692565917969, 0.09422993659973145, 0.07441449165344238, 0.0802316665649414, 0.07179093360900879, 0.07500171661376953, 0.07237052917480469, 0.07665848731994629, 0.09639358520507812, 0.08621931076049805