{'Spout_wait': 7, 'Spliters': 6, 'Counters': 18}, {'Spout_wait': 10, 'Spliters': 6, 'Counters': 18}, {'Spout_wait': 10, 'Spliters': 6, 'Counters': 17}, {'Spout_wait': 10, 'Spliters': 6, 'Counters': 17}, {'Spout_wait': 4, 'Spliters': 6, 'Counters': 18}, {'Spout_wait': 9, 'Spliters': 6, 'Counters': 17}, {'Spout_wait': 8, 'Spliters': 6, 'Counters': 18}, {'Spout_wait': 4, 'Spliters': 6, 'Counters': 17}, {'Spout_wait': 8, 'Spliters': 6, 'Counters': 18}, {'Spout_wait': 4, 'Spliters': 6, 'Counters': 18}, {'Spout_wait': 6, 'Spliters': 5, 'Counters': 18}, {'Spout_wait': 10, 'Spliters': 6, 'Counters': 18}, {'Spout_wait': 5, 'Spliters': 3, 'Counters': 18}, {'Spout_wait': 6, 'Spliters': 6, 'Counters': 15}, {'Spout_wait': 9, 'Spliters': 6, 'Counters': 18}, {'Spout_wait': 8, 'Spliters': 6, 'Counters': 18}, {'Spout_wait': 8, 'Spliters': 6, 'Counters': 18}, {'Spout_wait': 8, 'Spliters': 6, 'Counters': 18}, {'Spout_wait': 5, 'Spliters': 6, 'Counters': 18}, {'Spout_wait': 8, 'Spliters': 6, 'Counters': 18}
0.06136399527686517, 0.02951134749036736, 0.0007473637588413625, 0.0007473637588413625, 0.0408853285508582, 0.008586239120553875, 0.023408920605627135, 0.04488372625774841, 0.023408920605627135, 0.0408853285508582, 0.04321425314260735, 0.02951134749036736, 0.11319533085451094, 0.0516294898461388, 0.03142005946668363, 0.023408920605627135, 0.023408920605627135, 0.023408920605627135, 0.03893991222898481, 0.023408920605627135
0.10962677001953125, 0.049512624740600586, 0.040886878967285156, 0.03923988342285156, 0.03690934181213379, 0.03847193717956543, 0.03727078437805176, 0.03973650932312012, 0.042498111724853516, 0.0420079231262207, 0.056648969650268555, 0.05527758598327637, 0.04498457908630371, 0.042609214782714844, 0.08846664428710938, 0.04585409164428711, 0.037726640701293945, 0.0372161865234375, 0.037885427474975586, 0.03964734077453613