{'Spout_wait': 3, 'Spliters': 5, 'Counters': 9}, {'Spout_wait': 3, 'Spliters': 6, 'Counters': 1}, {'Spout_wait': 3, 'Spliters': 6, 'Counters': 1}, {'Spout_wait': 3, 'Spliters': 6, 'Counters': 1}, {'Spout_wait': 4, 'Spliters': 6, 'Counters': 1}, {'Spout_wait': 3, 'Spliters': 6, 'Counters': 1}, {'Spout_wait': 5, 'Spliters': 5, 'Counters': 1}, {'Spout_wait': 2, 'Spliters': 6, 'Counters': 18}, {'Spout_wait': 3, 'Spliters': 6, 'Counters': 1}, {'Spout_wait': 4, 'Spliters': 6, 'Counters': 1}, {'Spout_wait': 3, 'Spliters': 6, 'Counters': 1}, {'Spout_wait': 1, 'Spliters': 6, 'Counters': 6}, {'Spout_wait': 2, 'Spliters': 6, 'Counters': 2}, {'Spout_wait': 4, 'Spliters': 6, 'Counters': 1}, {'Spout_wait': 2, 'Spliters': 3, 'Counters': 1}, {'Spout_wait': 4, 'Spliters': 5, 'Counters': 17}, {'Spout_wait': 4, 'Spliters': 6, 'Counters': 1}, {'Spout_wait': 2, 'Spliters': 5, 'Counters': 14}, {'Spout_wait': 6, 'Spliters': 6, 'Counters': 18}, {'Spout_wait': 2, 'Spliters': 6, 'Counters': 18}
0.08209778137571769, 0.060959206069921903, 0.060959206069921903, 0.060959206069921903, 0.06341415770644482, 0.060959206069921903, 4.1023799471427126e-05, 0.05658818806113299, 0.060959206069921903, 0.06341415770644482, 0.060959206069921903, 0.1562063043689364, 0.08886505717085376, 0.06341415770644482, 0.07964273981014112, 0.0689839553311513, 0.06341415770644482, 0.04724666887988786, 0.06317483948161394, 0.05658818806113299
0.08300375938415527, 0.08841514587402344, 0.0826723575592041, 0.0799555778503418, 0.08326983451843262, 0.07783269882202148, 0.08313941955566406, 0.08826017379760742, 0.11933755874633789, 0.08226728439331055, 0.08832716941833496, 0.07450342178344727, 0.0709233283996582, 0.07198405265808105, 0.0744926929473877, 0.08124780654907227, 0.07352137565612793, 0.07194685935974121, 0.07627630233764648, 0.07260489463806152