{'Max_spout': 1000, 'Spliters': 4, 'Counters': 17}, {'Max_spout': 10000, 'Spliters': 2, 'Counters': 17}, {'Max_spout': 1000, 'Spliters': 2, 'Counters': 17}, {'Max_spout': 100000.0, 'Spliters': 3, 'Counters': 18}, {'Max_spout': 1000000.0, 'Spliters': 3, 'Counters': 2}, {'Max_spout': 1000, 'Spliters': 4, 'Counters': 17}, {'Max_spout': 1000000.0, 'Spliters': 4, 'Counters': 1}, {'Max_spout': 100000.0, 'Spliters': 6, 'Counters': 2}, {'Max_spout': 100000.0, 'Spliters': 2, 'Counters': 17}, {'Max_spout': 1000000.0, 'Spliters': 2, 'Counters': 18}, {'Max_spout': 10000, 'Spliters': 2, 'Counters': 15}, {'Max_spout': 100000.0, 'Spliters': 2, 'Counters': 17}, {'Max_spout': 10000, 'Spliters': 2, 'Counters': 17}, {'Max_spout': 1000000.0, 'Spliters': 2, 'Counters': 13}, {'Max_spout': 1000000.0, 'Spliters': 2, 'Counters': 13}, {'Max_spout': 10000, 'Spliters': 2, 'Counters': 17}, {'Max_spout': 10000, 'Spliters': 2, 'Counters': 17}, {'Max_spout': 1000000.0, 'Spliters': 3, 'Counters': 2}, {'Max_spout': 10000, 'Spliters': 6, 'Counters': 1}, {'Max_spout': 1000, 'Spliters': 1, 'Counters': 18}
0.2673802716242708, 0.13361873109709846, 0.20413732624457143, 0.2849287725356881, 0.24188575533795414, 0.2673802716242708, 0.26337326026837865, 0.3118618414296406, 0.1237196976788916, 0.13380251720146813, 0.12284324324612456, 0.1237196976788916, 0.13361873109709846, 0.17533366435627948, 0.17533366435627948, 0.13361873109709846, 0.13361873109709846, 0.24188575533795414, 0.3049403342160628, 0.21699195389798218
0.07565665245056152, 0.07067513465881348, 0.07752442359924316, 0.08019495010375977, 0.07482242584228516, 0.07495594024658203, 0.06559967994689941, 0.07646894454956055, 0.07208824157714844, 0.062307119369506836, 0.06226158142089844, 0.06624102592468262, 0.0657963752746582, 0.060651302337646484, 0.06737303733825684, 0.062391042709350586, 0.06381893157958984, 0.06361150741577148, 0.06474137306213379, 0.06134963035583496