{'Max_spout': 1000, 'Spliters': 3, 'Counters': 16}, {'Max_spout': 100, 'Spliters': 1, 'Counters': 18}, {'Max_spout': 1000, 'Spliters': 2, 'Counters': 17}, {'Max_spout': 1000000.0, 'Spliters': 6, 'Counters': 2}, {'Max_spout': 1000000.0, 'Spliters': 6, 'Counters': 1}, {'Max_spout': 100, 'Spliters': 1, 'Counters': 18}, {'Max_spout': 1000000.0, 'Spliters': 3, 'Counters': 18}, {'Max_spout': 1000000.0, 'Spliters': 6, 'Counters': 2}, {'Max_spout': 100, 'Spliters': 5, 'Counters': 17}, {'Max_spout': 1000000.0, 'Spliters': 2, 'Counters': 13}, {'Max_spout': 1000000.0, 'Spliters': 1, 'Counters': 14}, {'Max_spout': 1000, 'Spliters': 1, 'Counters': 16}, {'Max_spout': 1000, 'Spliters': 2, 'Counters': 16}, {'Max_spout': 1000000.0, 'Spliters': 2, 'Counters': 13}, {'Max_spout': 1000, 'Spliters': 3, 'Counters': 13}, {'Max_spout': 1000000.0, 'Spliters': 2, 'Counters': 18}, {'Max_spout': 1000, 'Spliters': 1, 'Counters': 18}, {'Max_spout': 1000000.0, 'Spliters': 6, 'Counters': 1}, {'Max_spout': 1000, 'Spliters': 5, 'Counters': 12}, {'Max_spout': 100000.0, 'Spliters': 1, 'Counters': 18}
0.276685119402627, 0.32248438585727973, 0.20413732624457143, 0.32312977282615724, 0.31281164929133526, 0.32248438585727973, 0.2942332091133377, 0.32312977282615724, 0.33036020389534587, 0.17533366435627948, 0.2737265488931854, 0.19199060033478188, 0.24800718592450482, 0.17533366435627948, 0.2771798056250871, 0.13380251720146813, 0.21699195389798218, 0.31281164929133526, 0.3089422016292604, 0.24656688748131764
0.03719139099121094, 0.04048919677734375, 0.04150032997131348, 0.04356217384338379, 0.04508256912231445, 0.03838014602661133, 0.037607431411743164, 0.042639732360839844, 0.03822755813598633, 0.04204416275024414, 0.0454707145690918, 0.044586181640625, 0.04444456100463867, 0.04314112663269043, 0.04293942451477051, 0.04846954345703125, 0.04548764228820801, 0.04221510887145996, 0.040245771408081055, 0.036965131759643555