{'Max_spout': 10000, 'Spliters': 2, 'Counters': 15}, {'Max_spout': 10000, 'Spliters': 2, 'Counters': 15}, {'Max_spout': 10000, 'Spliters': 2, 'Counters': 15}, {'Max_spout': 10000, 'Spliters': 2, 'Counters': 15}, {'Max_spout': 10000, 'Spliters': 2, 'Counters': 7}, {'Max_spout': 10000, 'Spliters': 2, 'Counters': 15}, {'Max_spout': 10000, 'Spliters': 2, 'Counters': 15}, {'Max_spout': 1000000.0, 'Spliters': 3, 'Counters': 2}, {'Max_spout': 10000, 'Spliters': 2, 'Counters': 15}, {'Max_spout': 10000, 'Spliters': 2, 'Counters': 15}, {'Max_spout': 10000, 'Spliters': 2, 'Counters': 15}, {'Max_spout': 10000, 'Spliters': 2, 'Counters': 15}, {'Max_spout': 10000, 'Spliters': 2, 'Counters': 15}, {'Max_spout': 10000, 'Spliters': 2, 'Counters': 15}, {'Max_spout': 10000, 'Spliters': 2, 'Counters': 15}, {'Max_spout': 10000, 'Spliters': 2, 'Counters': 15}, {'Max_spout': 10000, 'Spliters': 2, 'Counters': 15}, {'Max_spout': 100000.0, 'Spliters': 2, 'Counters': 17}, {'Max_spout': 1000000.0, 'Spliters': 2, 'Counters': 18}, {'Max_spout': 10000, 'Spliters': 2, 'Counters': 15}
0.12284324324612456, 0.12284324324612456, 0.12284324324612456, 0.12284324324612456, 0.227209103204168, 0.12284324324612456, 0.12284324324612456, 0.24188575533795414, 0.12284324324612456, 0.12284324324612456, 0.12284324324612456, 0.12284324324612456, 0.12284324324612456, 0.12284324324612456, 0.12284324324612456, 0.12284324324612456, 0.12284324324612456, 0.1237196976788916, 0.13380251720146813, 0.12284324324612456
0.22768521308898926, 0.21633028984069824, 0.21040797233581543, 0.20467615127563477, 0.20261526107788086, 0.2024247646331787, 0.19918060302734375, 0.2043471336364746, 0.1988053321838379, 0.20535755157470703, 0.2028026580810547, 0.20123577117919922, 0.19955158233642578, 0.2017807960510254, 0.20711588859558105, 0.20276165008544922, 0.20064520835876465, 0.20357894897460938, 0.20751309394836426, 0.20929837226867676