{'Max_spout': 1000000.0, 'Spliters': 6, 'Counters': 18}, {'Max_spout': 1000000.0, 'Spliters': 6, 'Counters': 18}, {'Max_spout': 1000000.0, 'Spliters': 6, 'Counters': 18}, {'Max_spout': 1000000.0, 'Spliters': 6, 'Counters': 12}, {'Max_spout': 10000, 'Spliters': 2, 'Counters': 15}, {'Max_spout': 1000000.0, 'Spliters': 6, 'Counters': 12}, {'Max_spout': 1000000.0, 'Spliters': 6, 'Counters': 9}, {'Max_spout': 100000.0, 'Spliters': 2, 'Counters': 12}, {'Max_spout': 1000, 'Spliters': 2, 'Counters': 6}, {'Max_spout': 1000000.0, 'Spliters': 6, 'Counters': 12}, {'Max_spout': 1000, 'Spliters': 2, 'Counters': 6}, {'Max_spout': 1000000.0, 'Spliters': 6, 'Counters': 18}, {'Max_spout': 100000.0, 'Spliters': 2, 'Counters': 18}, {'Max_spout': 1000, 'Spliters': 2, 'Counters': 9}, {'Max_spout': 1000000.0, 'Spliters': 6, 'Counters': 12}, {'Max_spout': 1000000.0, 'Spliters': 6, 'Counters': 9}, {'Max_spout': 1000, 'Spliters': 2, 'Counters': 12}, {'Max_spout': 1000, 'Spliters': 2, 'Counters': 6}, {'Max_spout': 1000000.0, 'Spliters': 6, 'Counters': 18}, {'Max_spout': 10000, 'Spliters': 6, 'Counters': 18}
0.45684852732534786, 0.45684852732534786, 0.45684852732534786, 0.45132372310007496, 0.3975491585218419, 0.45132372310007496, 0.4550215006629207, 0.43816135911088994, 0.4247156424780914, 0.45132372310007496, 0.4247156424780914, 0.45684852732534786, 0.4412970247361895, 0.3843556979164898, 0.45132372310007496, 0.4550215006629207, 0.3482522082801707, 0.4247156424780914, 0.45684852732534786, 0.44750804325835974
0.04787254333496094, 0.04374408721923828, 0.10542654991149902, 0.05655956268310547, 0.08206629753112793, 0.035439252853393555, 0.035558462142944336, 0.04875469207763672, 0.04192662239074707, 0.03222060203552246, 0.03215193748474121, 0.04981827735900879, 0.04184532165527344, 0.04683089256286621, 0.04220438003540039, 0.04018688201904297, 0.06577920913696289, 0.03446626663208008, 0.03304862976074219, 0.03506112098693848