{'Width': 3, 'Complexity': 0, 'Fifo': 4, 'Multiplier': 1}, {'Width': 3, 'Complexity': 0, 'Fifo': 4, 'Multiplier': 1}, {'Width': 3, 'Complexity': 0, 'Fifo': 4, 'Multiplier': 1}, {'Width': 3, 'Complexity': 0, 'Fifo': 4, 'Multiplier': 1}, {'Width': 3, 'Complexity': 1, 'Fifo': 1, 'Multiplier': 1}, {'Width': 3, 'Complexity': 0, 'Fifo': 3, 'Multiplier': 1}, {'Width': 3, 'Complexity': 1, 'Fifo': 2, 'Multiplier': 1}, {'Width': 3, 'Complexity': 0, 'Fifo': 1, 'Multiplier': 1}, {'Width': 3, 'Complexity': 0, 'Fifo': 1, 'Multiplier': 1}, {'Width': 3, 'Complexity': 0, 'Fifo': 4, 'Multiplier': 1}, {'Width': 3, 'Complexity': 0, 'Fifo': 4, 'Multiplier': 1}, {'Width': 3, 'Complexity': 0, 'Fifo': 4, 'Multiplier': 1}, {'Width': 3, 'Complexity': 0, 'Fifo': 4, 'Multiplier': 1}, {'Width': 3, 'Complexity': 0, 'Fifo': 4, 'Multiplier': 1}, {'Width': 3, 'Complexity': 0, 'Fifo': 4, 'Multiplier': 1}, {'Width': 3, 'Complexity': 0, 'Fifo': 4, 'Multiplier': 1}, {'Width': 5, 'Complexity': 1, 'Fifo': 4, 'Multiplier': 1}, {'Width': 3, 'Complexity': 0, 'Fifo': 1, 'Multiplier': 1}, {'Width': 3, 'Complexity': 0, 'Fifo': 1, 'Multiplier': 1}, {'Width': 3, 'Complexity': 0, 'Fifo': 4, 'Multiplier': 1}
0.22587868316250506, 0.22587868316250506, 0.22587868316250506, 0.22587868316250506, 0.3131549450517663, 0.22587868316250506, 0.3139305450653319, 0.22581417455021333, 0.22581417455021333, 0.22587868316250506, 0.22587868316250506, 0.22587868316250506, 0.22587868316250506, 0.22587868316250506, 0.22587868316250506, 0.22587868316250506, 0.44772479049532365, 0.22581417455021333, 0.22581417455021333, 0.22587868316250506
0.06348466873168945, 0.05225944519042969, 0.04294466972351074, 0.035398006439208984, 0.05338931083679199, 0.05377697944641113, 0.051393985748291016, 0.05509305000305176, 0.06137251853942871, 0.05126810073852539, 0.04866647720336914, 0.054962158203125, 0.04739260673522949, 0.04884195327758789, 0.05264616012573242, 0.0531926155090332, 0.04662466049194336, 0.05799388885498047, 0.0498807430267334, 0.055658578872680664