{'Max_spout': 10, 'Spliters': 2, 'Counters': 6}, {'Max_spout': 10, 'Spliters': 6, 'Counters': 1}, {'Max_spout': 1, 'Spliters': 6, 'Counters': 12}, {'Max_spout': 1, 'Spliters': 1, 'Counters': 1}, {'Max_spout': 10, 'Spliters': 6, 'Counters': 18}, {'Max_spout': 1, 'Spliters': 6, 'Counters': 1}, {'Max_spout': 10, 'Spliters': 1, 'Counters': 1}, {'Max_spout': 100000.0, 'Spliters': 3, 'Counters': 15}, {'Max_spout': 1, 'Spliters': 1, 'Counters': 1}, {'Max_spout': 100000.0, 'Spliters': 3, 'Counters': 6}, {'Max_spout': 1, 'Spliters': 1, 'Counters': 3}, {'Max_spout': 1, 'Spliters': 2, 'Counters': 1}, {'Max_spout': 10, 'Spliters': 1, 'Counters': 1}, {'Max_spout': 1, 'Spliters': 1, 'Counters': 6}, {'Max_spout': 1, 'Spliters': 1, 'Counters': 3}, {'Max_spout': 1, 'Spliters': 6, 'Counters': 9}, {'Max_spout': 1, 'Spliters': 6, 'Counters': 1}, {'Max_spout': 10, 'Spliters': 6, 'Counters': 18}, {'Max_spout': 100, 'Spliters': 1, 'Counters': 15}, {'Max_spout': 10000, 'Spliters': 3, 'Counters': 6}
0.22529777893815472, 0.06051477221187367, 0.010963888289174847, 0.0023531105074919532, 0.22951530274959125, 0.014498574912093084, 0.05876918596769578, 0.25948984698087224, 0.0023531105074919532, 0.2246450669197181, 0.0019296845057882198, 0.001904580197386812, 0.05876918596769578, 0.0032401294043416973, 0.0019296845057882198, 0.009792353897109146, 0.014498574912093084, 0.22951530274959125, 0.23267844560816864, 0.2014152135456154
0.022233247756958008, 0.05570816993713379, 0.045717477798461914, 0.05057120323181152, 0.06136488914489746, 0.038437604904174805, 0.05881667137145996, 0.0721890926361084, 0.04067182540893555, 0.03350639343261719, 0.038526296615600586, 0.04849672317504883, 0.03425025939941406, 0.029279232025146484, 0.027970552444458008, 0.030413150787353516, 0.03434491157531738, 0.03576302528381348, 0.05167698860168457, 0.037119150161743164