{
  "stats": {
    "submitted": 6,
    "finished": 6,
    "running": 0
  },
  "data": [
    [
      1,
      null,
      1603867075,
      null,
      0.135536152202836,
      0.0028977394104003906,
      1,
      1763448294.6583357,
      1763448294.6634881,
      {}
    ],
    [
      2,
      null,
      1603867075,
      null,
      0.28063664333370364,
      0.002317190170288086,
      1,
      1763448297.5934675,
      1763448297.5975504,
      {}
    ],
    [
      3,
      null,
      1603867075,
      null,
      0.3009240097531095,
      0.0011610984802246094,
      1,
      1763448297.6046436,
      1763448297.607371,
      {}
    ],
    [
      4,
      null,
      1603867075,
      null,
      0.1955523890575801,
      0.0010180473327636719,
      1,
      1763448297.6143816,
      1763448297.6169653,
      {}
    ],
    [
      5,
      null,
      1603867075,
      null,
      0.20477414460631294,
      0.001039743423461914,
      1,
      1763448297.6246576,
      1763448297.6272993,
      {}
    ],
    [
      6,
      null,
      1603867075,
      null,
      0.31321229699757525,
      0.0010728836059570312,
      1,
      1763448297.6361709,
      1763448297.638905,
      {}
    ]
  ],
  "configs": {
    "1": {
      " ACAP": 4.367141455411911,
      " AEXP": 4.567378405481577,
      " CPLx": 1.8237533707860858,
      " DOCU": 1.202308419781737,
      " ETAT": 3.8081680010026324,
      " FLEx": 4.698452996228822,
      " KLOC": 75.42216048234702,
      " LTEx": 2.438328929245472,
      " PCAP": 4.130796430632472,
      " PCON": 2.192410346120596,
      " PLEx": 1.3947702479651198,
      " PMAT": 2.7906440189108253,
      " PREC": 3.2201657277503983,
      " PVOL": 2.8931502075865865,
      " RELY": 3.2979030879214406,
      " RESL": 2.933265586568974,
      " RUSE": 5.55010581552051,
      " SCED": 3.0,
      " SITE": 3.2659320943057537,
      " STOR": 3.747660524211824,
      " TEAM": 3.978505959535949,
      " TIME": 3.3234233437106013,
      " TOOL": 2.0,
      "DATA": 4.027387819252908
    },
    "2": {
      " ACAP": 4.998472338880613,
      " AEXP": 2.324006991776997,
      " CPLx": 1.7185634683134001,
      " DOCU": 1.9948859560617118,
      " ETAT": 1.1170318831556887,
      " FLEx": 1.1004178825061985,
      " KLOC": 14.470619424758283,
      " LTEx": 1.4971929267524153,
      " PCAP": 4.002083583231215,
      " PCON": 1.4436573906469001,
      " PLEx": 3.691649932386674,
      " PMAT": 2.1955075179320898,
      " PREC": 4.111032156609845,
      " PVOL": 4.030143147905521,
      " RELY": 3.3479138777365414,
      " RESL": 4.587339198411204,
      " RUSE": 5.227371278589207,
      " SCED": 3.0,
      " SITE": 3.074295646659544,
      " STOR": 3.046276329048189,
      " TEAM": 4.120055988925211,
      " TIME": 3.038532499437654,
      " TOOL": 2.0,
      "DATA": 4.988756920242077
    },
    "3": {
      " ACAP": 4.950428077399957,
      " AEXP": 2.5904778249659897,
      " CPLx": 1.664006705077829,
      " DOCU": 3.4310922508765267,
      " ETAT": 3.4914358745731606,
      " FLEx": 3.025706558968707,
      " KLOC": 348.6126674880347,
      " LTEx": 1.6729608640930107,
      " PCAP": 4.489802278100713,
      " PCON": 1.493098038153677,
      " PLEx": 3.9013697828244123,
      " PMAT": 2.478979197689958,
      " PREC": 1.9942901322771278,
      " PVOL": 3.521654858512054,
      " RELY": 1.132719952416584,
      " RESL": 4.316496273761033,
      " RUSE": 3.0075682772381076,
      " SCED": 3.0,
      " SITE": 3.426577922233886,
      " STOR": 3.5686511196355757,
      " TEAM": 4.852544675739708,
      " TIME": 3.445922666377829,
      " TOOL": 2.0,
      "DATA": 3.361014598304365
    },
    "4": {
      " ACAP": 4.970023581185806,
      " AEXP": 2.8259520898269326,
      " CPLx": 2.7416457862056376,
      " DOCU": 3.015873237506157,
      " ETAT": 1.033900903635561,
      " FLEx": 2.50154427473976,
      " KLOC": 338.2908258280294,
      " LTEx": 3.7257223509154143,
      " PCAP": 4.0235441264264855,
      " PCON": 2.686290521113903,
      " PLEx": 3.9697345115718474,
      " PMAT": 2.2732324105982156,
      " PREC": 1.1837417603266107,
      " PVOL": 3.4507097220655205,
      " RELY": 1.7796441381430048,
      " RESL": 1.6849619892720922,
      " RUSE": 3.0329210211494617,
      " SCED": 3.0,
      " SITE": 2.2351602384013365,
      " STOR": 3.355852937371383,
      " TEAM": 4.587906249459962,
      " TIME": 3.4696578875916315,
      " TOOL": 2.0,
      "DATA": 2.6302494921071906
    },
    "5": {
      " ACAP": 4.998812668733101,
      " AEXP": 4.011615765389639,
      " CPLx": 1.2789368525711677,
      " DOCU": 3.3850654410832517,
      " ETAT": 1.7706246890862491,
      " FLEx": 2.4114922502801965,
      " KLOC": 217.72136118860672,
      " LTEx": 3.8643274167778294,
      " PCAP": 4.116896321076106,
      " PCON": 1.1278292806590304,
      " PLEx": 3.073726023961798,
      " PMAT": 2.180334118833018,
      " PREC": 1.0937077633939247,
      " PVOL": 2.2619374019614646,
      " RELY": 2.890124024993493,
      " RESL": 4.86008171566287,
      " RUSE": 5.839965795218041,
      " SCED": 3.0,
      " SITE": 1.4134061841758896,
      " STOR": 3.283704929172925,
      " TEAM": 3.578586344842409,
      " TIME": 3.8869718872177033,
      " TOOL": 2.0,
      "DATA": 4.651604884437798
    },
    "6": {
      " ACAP": 4.999726945017956,
      " AEXP": 3.3873253407329162,
      " CPLx": 3.023793358398557,
      " DOCU": 2.451403820329126,
      " ETAT": 1.1177631442492695,
      " FLEx": 4.348534799988415,
      " KLOC": 346.3750079982765,
      " LTEx": 2.1587987656968535,
      " PCAP": 4.77632224834836,
      " PCON": 3.818508047122989,
      " PLEx": 1.5745245084754873,
      " PMAT": 2.393340772495319,
      " PREC": 1.074505132860701,
      " PVOL": 2.0482412858220793,
      " RELY": 3.572015046101945,
      " RESL": 3.931740573705471,
      " RUSE": 3.972579891355309,
      " SCED": 3.0,
      " SITE": 1.697798660161844,
      " STOR": 3.389075890254926,
      " TEAM": 3.959653532376608,
      " TIME": 3.7739010011371987,
      " TOOL": 2.0,
      "DATA": 4.107476136747929
    }
  },
  "config_origins": {
    "1": "Initial Design: Sobol",
    "2": "Acquisition Function Maximizer: Local Search",
    "3": "Acquisition Function Maximizer: Local Search",
    "4": "Acquisition Function Maximizer: Local Search",
    "5": "Acquisition Function Maximizer: Local Search",
    "6": "Acquisition Function Maximizer: Local Search"
  }
}