{
  "incumbent_ids": [
    2
  ],
  "rejected_config_ids": [
    1
  ],
  "incumbents_changed": 2,
  "trajectory": [
    {
      "config_ids": [
        1
      ],
      "costs": [
        0.8591820802462365
      ],
      "trial": 1,
      "walltime": 2.1488988399505615
    },
    {
      "config_ids": [
        2
      ],
      "costs": [
        0.8588242262715351
      ],
      "trial": 2,
      "walltime": 4.214628458023071
    }
  ],
  "state": {
    "queue": []
  }
}