{
  "DE_params": {
    "mutation_factor": 0.5,
    "crossover_prob": 0.5,
    "strategy": "rand1_bin",
    "configspace": true,
    "boundary_fix_type": "random",
    "max_age": Infinity,
    "dimensions": 26,
    "output_path": "../results/tmp/DEHB_tmp/dehb_20251208-045807_6128",
    "async_strategy": "immediate"
  },
  "HB_params": {
    "min_fidelity": 1,
    "max_fidelity": 10,
    "min_clip": null,
    "max_clip": null,
    "eta": 3
  },
  "internals": {
    "initial_configs": [
      {
        "config_id": 0,
        "config": [
          0.36585365853658536,
          0.9230769230769231,
          0.0,
          0.5490196078431373,
          0.0,
          0.975,
          0.5217391304347826,
          0.6363636363636364,
          0.0,
          0.38961038961038963,
          0.42028985507246375,
          0.2631578947368421,
          0.782608695652174,
          0.0,
          0.9871794871794872,
          0.8,
          0.9285714285714286,
          0.2826086956521739,
          0.0,
          0.0,
          0.0,
          0.14285714285714285,
          0.0,
          0.9090909090909091,
          0.09090909090909091,
          0.8701298701298701
        ],
        "results": {
          "1.1111111111111112": {
            "score": Infinity,
            "cost": -1,
            "info": {}
          }
        }
      },
      {
        "config_id": 1,
        "config": [
          0.9512195121951219,
          0.5641025641025641,
          0.19047619047619047,
          0.4117647058823529,
          0.7096774193548387,
          0.4,
          0.21739130434782608,
          0.7954545454545454,
          0.0,
          0.2727272727272727,
          0.5942028985507246,
          0.05263157894736842,
          0.30434782608695654,
          0.0,
          0.1282051282051282,
          0.2,
          0.8,
          0.6086956521739131,
          0.0,
          0.0,
          0.0,
          0.14285714285714285,
          0.0,
          0.9848484848484849,
          0.09090909090909091,
          0.33766233766233766
        ],
        "results": {
          "1.1111111111111112": {
            "score": Infinity,
            "cost": -1,
            "info": {}
          }
        }
      },
      {
        "config_id": 2,
        "config": [
          0.7073170731707317,
          0.5641025641025641,
          0.8333333333333334,
          0.13725490196078433,
          0.5161290322580645,
          0.625,
          0.2608695652173913,
          0.8863636363636364,
          0.0,
          0.45454545454545453,
          0.2463768115942029,
          0.42105263157894735,
          0.7391304347826086,
          0.0,
          0.7948717948717948,
          0.8,
          0.9571428571428572,
          0.5434782608695652,
          0.0,
          0.0,
          0.0,
          0.2857142857142857,
          0.0,
          0.9242424242424242,
          0.8181818181818182,
          0.8181818181818182
        ],
        "results": {
          "1.1111111111111112": {
            "score": Infinity,
            "cost": -1,
            "info": {}
          }
        }
      },
      {
        "config_id": 3,
        "config": [
          0.5853658536585366,
          0.717948717948718,
          0.8333333333333334,
          0.8627450980392157,
          0.8387096774193549,
          0.175,
          0.782608695652174,
          0.5454545454545454,
          0.0,
          0.5974025974025974,
          0.34782608695652173,
          0.8421052631578947,
          0.9565217391304348,
          0.0,
          0.782051282051282,
          0.0,
          0.45714285714285713,
          0.6086956521739131,
          0.0,
          0.0,
          0.0,
          0.2857142857142857,
          0.0,
          0.0,
          0.7272727272727273,
          0.33766233766233766
        ],
        "results": {
          "1.1111111111111112": {
            "score": Infinity,
            "cost": -1,
            "info": {}
          }
        }
      },
      {
        "config_id": 4,
        "config": [
          0.8536585365853658,
          0.38461538461538464,
          0.9523809523809523,
          0.13725490196078433,
          0.2903225806451613,
          0.225,
          0.8695652173913043,
          0.25,
          0.0,
          0.6233766233766234,
          0.7536231884057971,
          0.15789473684210525,
          0.391304347826087,
          0.0,
          0.358974358974359,
          0.3,
          0.5428571428571428,
          0.45652173913043476,
          0.0,
          0.0,
          0.0,
          0.14285714285714285,
          0.0,
          0.4696969696969697,
          0.2727272727272727,
          0.07792207792207792
        ],
        "results": {
          "1.1111111111111112": {
            "score": Infinity,
            "cost": -1,
            "info": {}
          }
        }
      },
      {
        "config_id": 5,
        "config": [
          0.6585365853658537,
          0.358974358974359,
          0.5952380952380952,
          0.4117647058823529,
          0.3870967741935484,
          0.975,
          0.782608695652174,
          0.1590909090909091,
          0.0,
          0.5584415584415584,
          0.8840579710144928,
          0.15789473684210525,
          0.08695652173913043,
          0.0,
          0.34615384615384615,
          0.4,
          0.9857142857142858,
          0.41304347826086957,
          0.0,
          0.0,
          0.0,
          0.2857142857142857,
          0.0,
          0.8333333333333334,
          0.5454545454545454,
          0.6753246753246753
        ],
        "results": {
          "1.1111111111111112": {
            "score": Infinity,
            "cost": -1,
            "info": {}
          }
        }
      },
      {
        "config_id": 6,
        "config": [
          0.5853658536585366,
          0.2564102564102564,
          0.09523809523809523,
          0.0196078431372549,
          0.5161290322580645,
          0.2,
          0.8260869565217391,
          0.11363636363636363,
          0.0,
          0.012987012987012988,
          0.11594202898550725,
          0.42105263157894735,
          0.30434782608695654,
          0.0,
          0.14102564102564102,
          0.7,
          0.4714285714285714,
          0.10869565217391304,
          0.0,
          0.0,
          0.0,
          0.5714285714285714,
          0.0,
          0.6666666666666666,
          0.45454545454545453,
          0.8701298701298701
        ],
        "results": {
          "1.1111111111111112": {
            "score": Infinity,
            "cost": -1,
            "info": {}
          }
        }
      },
      {
        "config_id": 7,
        "config": [
          0.975609756097561,
          0.9487179487179487,
          0.6904761904761905,
          0.43137254901960786,
          0.9032258064516129,
          0.075,
          0.13043478260869565,
          0.6136363636363636,
          0.0,
          0.012987012987012988,
          0.36231884057971014,
          0.10526315789473684,
          0.6086956521739131,
          0.0,
          0.20512820512820512,
          0.7,
          0.02857142857142857,
          0.9347826086956522,
          0.0,
          0.0,
          0.0,
          0.0,
          0.0,
          0.07575757575757576,
          0.6363636363636364,
          0.3116883116883117
        ],
        "results": {
          "1.1111111111111112": {
            "score": Infinity,
            "cost": -1,
            "info": {}
          }
        }
      },
      {
        "config_id": 8,