{
  "incumbent_ids": [
    3
  ],
  "rejected_config_ids": [
    2,
    1,
    4,
    5,
    6
  ],
  "incumbents_changed": 2,
  "trajectory": [
    {
      "config_ids": [
        1
      ],
      "costs": [
        0.6586833719367521
      ],
      "trial": 1,
      "walltime": 0.09348201751708984
    },
    {
      "config_ids": [
        3
      ],
      "costs": [
        0.5870155319884509
      ],
      "trial": 3,
      "walltime": 658.1669373512268
    }
  ],
  "state": {
    "queue": [
      [
        6,
        1
      ]
    ]
  }
}