{
  "incumbent_ids": [
    2
  ],
  "rejected_config_ids": [
    1
  ],
  "incumbents_changed": 2,
  "trajectory": [
    {
      "config_ids": [
        1
      ],
      "costs": [
        0.5434296311977073
      ],
      "trial": 1,
      "walltime": 2.3106839656829834
    },
    {
      "config_ids": [
        2
      ],
      "costs": [
        0.508028530676404
      ],
      "trial": 2,
      "walltime": 4.767251491546631
    }
  ],
  "state": {
    "queue": []
  }
}