{
  "DE_params": {
    "mutation_factor": 0.5,
    "crossover_prob": 0.5,
    "strategy": "rand1_bin",
    "configspace": true,
    "boundary_fix_type": "random",
    "max_age": Infinity,
    "dimensions": 17,
    "output_path": "../results/tmp/DEHB_tmp/dehb_20251208-050105_21d8",
    "async_strategy": "immediate"
  },
  "HB_params": {
    "min_fidelity": 1,
    "max_fidelity": 10,
    "min_clip": null,
    "max_clip": null,
    "eta": 3
  },
  "internals": {
    "initial_configs": [
      {
        "config_id": 0,
        "config": [
          0.1891891891891892,
          0.211340206185567,
          0.92,
          0.14238952536824878,
          0.1891891891891892,
          0.2058252427184466,
          0.5,
          0.5,
          0.5,
          0.5,
          0.9523809523809523,
          0.11538461538461539,
          0.6697247706422018,
          0.6363636363636364,
          0.07,
          0.5254833040421792,
          0.6744186046511628
        ],
        "results": {
          "1.1111111111111112": {
            "score": Infinity,
            "cost": -1,
            "info": {}
          }
        }
      },
      {
        "config_id": 1,
        "config": [
          0.8108108108108109,
          0.32989690721649484,
          0.36,
          0.6972176759410802,
          0.2702702702702703,
          0.7436893203883496,
          0.5,
          0.5,
          0.5,
          0.5,
          0.5714285714285714,
          0.0,
          0.8348623853211009,
          0.36363636363636365,
          0.95,
          0.9226713532513181,
          0.07751937984496124
        ],
        "results": {
          "1.1111111111111112": {
            "score": Infinity,
            "cost": -1,
            "info": {}
          }
        }
      },
      {
        "config_id": 2,
        "config": [
          0.5675675675675675,
          0.422680412371134,
          0.96,
          0.41080196399345337,
          0.6486486486486487,
          0.46601941747572817,
          0.0,
          0.5,
          0.5,
          0.5,
          0.8571428571428571,
          0.6153846153846154,
          0.0779816513761468,
          0.5454545454545454,
          0.74,
          0.5272407732864675,
          0.6976744186046512
        ],
        "results": {
          "1.1111111111111112": {
            "score": Infinity,
            "cost": -1,
            "info": {}
          }
        }
      },
      {
        "config_id": 3,
        "config": [
          0.918918918918919,
          0.6030927835051546,
          0.0,
          0.3944353518821604,
          0.43243243243243246,
          0.6407766990291263,
          0.5,
          0.5,
          0.0,
          0.5,
          0.42857142857142855,
          0.9038461538461539,
          0.3669724770642202,
          0.7272727272727273,
          0.15,
          0.36379613356766255,
          0.6046511627906976
        ],
        "results": {
          "1.1111111111111112": {
            "score": Infinity,
            "cost": -1,
            "info": {}
          }
        }
      },
      {
        "config_id": 4,
        "config": [
          0.8378378378378378,
          0.20618556701030927,
          0.92,
          0.309328968903437,
          0.43243243243243246,
          0.3087378640776699,
          0.0,
          0.5,
          0.5,
          0.5,
          0.5238095238095238,
          0.8653846153846154,
          0.6467889908256881,
          0.36363636363636365,
          0.7,
          0.37258347978910367,
          0.9612403100775194
        ],
        "results": {
          "1.1111111111111112": {
            "score": Infinity,
            "cost": -1,
            "info": {}
          }
        }
      },
      {
        "config_id": 5,
        "config": [
          0.7567567567567568,
          0.20618556701030927,
          0.0,
          0.9689034369885434,
          0.7027027027027027,
          0.7223300970873786,
          0.5,
          0.0,
          0.5,
          0.0,
          0.2857142857142857,
          0.038461538461538464,
          0.11926605504587157,
          0.36363636363636365,
          0.47,
          0.5817223198594025,
          0.6356589147286822
        ],
        "results": {
          "1.1111111111111112": {
            "score": Infinity,
            "cost": -1,
            "info": {}
          }
        }
      },
      {
        "config_id": 6,
        "config": [
          0.8648648648648649,
          0.061855670103092786,
          0.76,
          0.39279869067103107,
          0.02702702702702703,
          0.5184466019417475,
          0.0,
          0.0,
          0.5,
          0.0,
          0.8095238095238095,
          0.5576923076923077,
          0.7935779816513762,
          0.2727272727272727,
          0.76,
          0.6151142355008787,
          0.4496124031007752
        ],
        "results": {
          "1.1111111111111112": {
            "score": Infinity,
            "cost": -1,
            "info": {}
          }
        }
      },
      {
        "config_id": 7,
        "config": [
          0.8918918918918919,
          0.1958762886597938,
          0.28,
          0.7381342062193126,
          0.7567567567567568,
          0.5359223300970873,
          0.0,
          0.5,
          0.5,
          0.0,
          0.0,
          0.4230769230769231,
          0.3394495412844037,
          0.36363636363636365,
          0.29,
          0.3022847100175747,
          0.6201550387596899
        ],
        "results": {
          "1.1111111111111112": {
            "score": Infinity,
            "cost": -1,
            "info": {}
          }
        }
      },
      {
        "config_id": 8,
        "config": [
          0.918918918918919,
          0.7835051546391752,
          0.56,
          0.3829787234042553,
          0.8918918918918919,
          0.6912621359223301,
          0.5,
          0.5,
          0.5,
          0.5,
          0.6666666666666666,
          0.057692307692307696,
          0.11009174311926606,
          0.18181818181818182,
          0.67,
          0.5272407732864675,
          0.09302325581395349
        ],
        "results": {
          "1.1111111111111112": {
            "score": Infinity,
            "cost": -1,
            "info": {}
          }
        }
      },
      {
        "config_id": 9,
        "config": [
          0.5135135135135135,
          0.1958762886597938,
          0.96,
          0.397708674304419,
          0.02702702702702703,
          0.3145631067961165,
          0.0,
          0.0,
          0.5,
          0.0,
          0.0,
          0.8269230769230769,
          0.1834862385321101,
          0.18181818181818182,
          0.44,
          0.3233743409490334,
          0.9069767441860465
        ],
        "results": {
          "3.333333333333333": {
            "score": Infinity,
            "cost": -1,
            "info": {}
          }
        }
      },
      {
        "config_id": 10,
        "config": [
          0.8108108108108109,
          0.8298969072164949,
          0.84,
          0.5286415711947627,
          0.21621621621621623,
          0.6873786407766991,
          0.5,
          0.5,
          0.5,
          0.5,
          0.8571428571428571,
          0.40384615384615385,
          0.1559633027522936,
          0.18181818181818182,
          0.39,
          0.4446397188049209,
          0.9844961240310077
        ],
        "results": {
          "3.333333333333333": {
            "score": Infinity,
            "cost": -1,
            "info": {}
          }
        }
      },
      {
        "config_id": 11,