{"config": {"Criticality": 0.6561573167630058, "Criticality Modifier": 0.3171107695221005, "Culture": 0.3105062199787896, "Dynamism": 0.3983868159699119, "Initial Known": 0.974409063624902, "Inter-Dependency": 0.3712167109133785, "Plan": 0.54439552687379, "Size": 0.8190279499411337, "Team Size": 0.6976663800130477}, "score": 0.25182641490981217, "info": {}}