{"config": {"Criticality": 0.1508222434241515, "Criticality Modifier": 0.2160733634178422, "Culture": 0.6424185108394946, "Dynamism": 0.6738304789498581, "Initial Known": 0.2236980715843521, "Inter-Dependency": 0.0913308026456276, "Plan": 0.5192867131663997, "Size": 0.5689690581190471, "Team Size": 0.0128094441564702}, "score": 0.16139197621915835, "info": {}}