{"config": {"BORERATIO": 0.963215944, "BORERATIO_SQUARED": 9.9225, "BRAND": 10.0, "CARBODY": 0.0, "CARHEIGHT": 0.605164613, "CARHEIGHT_SQUARED": 2948.49, "CARLENGTH": -1.247181909, "CARLENGTH_SQUARED": 31046.44, "CARWIDTH": -0.09710666, "CARWIDTH_SQUARED": 4664.89, "CAR_ID": 107.0, "CITYMPG": 0.426052284, "CITYMPG_SQUARED": 576.0, "COMPRESSIONRATIO": -0.338824127, "COMPRESSIONRATIO_SQUARED": 84.64, "CURBWEIGHT": 1.234931466, "CURBWEIGHT_SQUARED": 6507601.0, "CYLINDERNUMBER": 5.0, "ENGINELOCATION": 0.0, "ENGINESIZE": 1.302151626, "ENGINESIZE_SQUARED": 17161.0, "ENGINETYPE": 3.0, "FUELSYSTEM": 1.0, "HIGHWAYMPG": 0.327351206, "HIGHWAYMPG_SQUARED": 529.0, "HORSEPOWER": -1.321172227, "HORSEPOWER_SQUARED": 14400.0, "LOG_ENGINESIZE": 5.556828062, "MODEL": 83.0, "PEAKRPM": 1.418344869, "PEAKRPM_SQUARED": "27040000", "POWER_TO_WEIGHT_RATIO": 0.035978836, "STROKE": 0.462183319, "STROKE_SQUARED": 12.0409, "SYMBOLING": 3.0, "WHEELBASE": -0.475537182, "WHEELBASE_SQUARED": 10080.16, "carname": "toyota celica gt"}, "score": 0.7538506387711121, "info": {}}