{
  "incumbent_ids": [
    7
  ],
  "rejected_config_ids": [
    1,
    3,
    4,
    2,
    6,
    5,
    8,
    9,
    10,
    11,
    12,
    13,
    14,
    15,
    16,
    17,
    18
  ],
  "incumbents_changed": 4,
  "trajectory": [
    {
      "config_ids": [
        1
      ],
      "costs": [
        0.4775209518162886
      ],
      "trial": 1,
      "walltime": 0.010338783264160156
    },
    {
      "config_ids": [
        2
      ],
      "costs": [
        0.23665206801610195
      ],
      "trial": 2,
      "walltime": 1.254049301147461
    },
    {
      "config_ids": [
        5
      ],
      "costs": [
        0.23657112650787615
      ],
      "trial": 5,
      "walltime": 1.2761104106903076
    },
    {
      "config_ids": [
        7
      ],
      "costs": [
        0.10116358159613881
      ],
      "trial": 7,
      "walltime": 1.307429552078247
    }
  ],
  "state": {
    "queue": [
      [
        18,
        1
      ]
    ]
  }
}