{
  "stats": {
    "submitted": 12,
    "finished": 12,
    "running": 0
  },
  "data": [
    [
      1,
      null,
      959027881,
      null,
      0.1858479683617712,
      0.0034601688385009766,
      1,
      1763461837.077148,
      1763461837.0825648,
      {}
    ],
    [
      2,
      null,
      959027881,
      null,
      0.3300139132854236,
      0.0035817623138427734,
      1,
      1763461839.8122876,
      1763461839.8176744,
      {}
    ],
    [
      3,
      null,
      959027881,
      null,
      0.17719242821992365,
      0.003156900405883789,
      1,
      1763461839.8238604,
      1763461839.8286018,
      {}
    ],
    [
      4,
      null,
      959027881,
      null,
      0.31893180611371297,
      0.0023987293243408203,
      1,
      1763461839.8367238,
      1763461839.840729,
      {}
    ],
    [
      5,
      null,
      959027881,
      null,
      0.262747074201072,
      0.002824544906616211,
      1,
      1763461839.848822,
      1763461839.8533113,
      {}
    ],
    [
      6,
      null,
      959027881,
      null,
      0.2478670506046441,
      0.0017795562744140625,
      1,
      1763461839.8606827,
      1763461839.8640597,
      {}
    ],
    [
      7,
      null,
      959027881,
      null,
      0.23626739567380906,
      0.002276182174682617,
      1,
      1763461839.8717022,
      1763461839.8755414,
      {}
    ],
    [
      8,
      null,
      959027881,
      null,
      0.22273720678211795,
      0.0022592544555664062,
      1,
      1763461839.8837807,
      1763461839.8877413,
      {}
    ],
    [
      9,
      null,
      959027881,
      null,
      0.20260343667001568,
      0.002601146697998047,
      1,
      1763461839.8978255,
      1763461839.9445527,
      {}
    ],
    [
      10,
      null,
      959027881,
      null,
      0.3189064901381329,
      0.00189208984375,
      1,
      1763461839.963771,
      1763461839.967275,
      {}
    ],
    [
      11,
      null,
      959027881,
      null,
      0.2698263026068777,
      0.0024192333221435547,
      1,
      1763461842.67984,
      1763461842.684007,
      {}
    ],
    [
      12,
      null,
      959027881,
      null,
      0.17719242821992365,
      0.0007169246673583984,
      1,
      1763461842.6949704,
      1763461842.6973097,
      {}
    ]
  ],
  "configs": {
    "1": {
      " ACAP": 3.986786112189293,
      " AEXP": 4.064598084580153,
      " CPLx": 3.832640193402767,
      " DOCU": 2.5437415465712547,
      " ETAT": 1.6270071787051856,
      " FLEx": 4.538518864661455,
      " KLOC": 284.2370064651975,
      " LTEx": 3.223350525373593,
      " PCAP": 4.316558038815856,
      " PCON": 2.717793431133032,
      " PLEx": 3.0486397352069616,
      " PMAT": 2.5373304691165686,
      " PREC": 4.4784367318116125,
      " PVOL": 3.5341413414031266,
      " RELY": 2.149214054565877,
      " RESL": 1.5710110050356016,
      " RUSE": 5.047532686596736,
      " SCED": 3.0,
      " SITE": 5.803436282090843,
      " STOR": 3.2133772298693657,
      " TEAM": 2.8704796523889526,
      " TIME": 3.4992144517600536,
      " TOOL": 2.0,
      "DATA": 4.124904192583635
    },
    "2": {
      " ACAP": 4.998982461539076,
      " AEXP": 3.035340038227184,
      " CPLx": 1.2954590705857711,
      " DOCU": 4.781769481668249,
      " ETAT": 2.609997030743559,
      " FLEx": 1.0731672935539835,
      " KLOC": 324.9257288729968,
      " LTEx": 3.954325157291301,
      " PCAP": 4.022327620164157,
      " PCON": 3.849427713982349,
      " PLEx": 2.7216986386724455,
      " PMAT": 2.643132619484454,
      " PREC": 2.9758989866176764,
      " PVOL": 2.798881100866703,
      " RELY": 1.886778652139264,
      " RESL": 2.224011859826745,
      " RUSE": 5.81728977633545,
      " SCED": 3.0,
      " SITE": 4.697377402197592,
      " STOR": 3.0775003246451114,
      " TEAM": 2.419430595817479,
      " TIME": 3.79376958316152,
      " TOOL": 2.0,
      "DATA": 3.4019235600689033
    },
    "3": {
      " ACAP": 4.9978944759202495,
      " AEXP": 4.81967518872125,
      " CPLx": 3.33474122731157,
      " DOCU": 2.6811039913703,
      " ETAT": 1.8595713158314142,
      " FLEx": 4.967068048162858,
      " KLOC": 158.04907336861575,
      " LTEx": 3.725616134558974,
      " PCAP": 3.069624362954038,
      " PCON": 1.8597444002840882,
      " PLEx": 3.6984599992328047,
      " PMAT": 2.710309911929852,
      " PREC": 4.026428256495525,
      " PVOL": 4.516540449812329,
      " RELY": 3.108101814265359,
      " RESL": 1.8288729164685045,
      " RUSE": 2.421591887860538,
      " SCED": 3.0,
      " SITE": 1.0039621180164784,
      " STOR": 3.4784630990762224,
      " TEAM": 4.525812823087918,
      " TIME": 3.7890219392948676,
      " TOOL": 2.0,
      "DATA": 2.646692936377623
    },
    "4": {
      " ACAP": 3.8854960805433985,
      " AEXP": 4.821963424628815,
      " CPLx": 2.1176042162205686,
      " DOCU": 1.405998731692379,
      " ETAT": 4.595895034318756,
      " FLEx": 1.055113358519995,
      " KLOC": 189.17879308060512,
      " LTEx": 1.0456965567802794,
      " PCAP": 4.129365757125161,
      " PCON": 2.0403531256926946,
      " PLEx": 3.0952182603092764,
      " PMAT": 2.002002137775129,
      " PREC": 1.5911485824061893,
      " PVOL": 3.3683150960275277,
      " RELY": 1.1024086976205358,
      " RESL": 1.769718218626289,
      " RUSE": 4.260479385441224,
      " SCED": 3.0,
      " SITE": 2.5077193376724427,
      " STOR": 3.6679062664484965,
      " TEAM": 3.6500422344388683,
      " TIME": 3.199304588743245,
      " TOOL": 2.0,
      "DATA": 4.817142908403657
    },
    "5": {
      " ACAP": 4.100078278640037,
      " AEXP": 4.760061630757066,
      " CPLx": 1.039117635153223,
      " DOCU": 1.7886623775697026,
      " ETAT": 2.0624522746539853,
      " FLEx": 4.725094403320087,
      " KLOC": 25.305369710360935,
      " LTEx": 1.6935270165834413,
      " PCAP": 4.58765547490032,
      " PCON": 2.5638888141191574,
      " PLEx": 2.318107796159077,
      " PMAT": 2.409293081537423,
      " PREC": 2.6702723562703126,
      " PVOL": 3.9778659174136117,
      " RELY": 1.0379881445910306,
      " RESL": 1.3133203773865476,
      " RUSE": 5.714425078552415,
      " SCED": 3.0,
      " SITE": 3.9046434522280924,
      " STOR": 3.9153768042555126,
      " TEAM": 2.9450243147318718,
      " TIME": 3.2152154625876417,
      " TOOL": 2.0,
      "DATA": 4.73087697603416
    },
    "6": {
      " ACAP": 4.590593693379282,
      " AEXP": 2.3835437218756703,
      " CPLx": 2.7381277088191935,
      " DOCU": 3.2103053149046374,
      " ETAT": 3.345197996134834,
      " FLEx": 1.6993375216395514,
      " KLOC": 252.5490118128221,
      " LTEx": 2.734502596044937,
      " PCAP": 3.4218657608448275,
      " PCON": 2.3103701228132922,
      " PLEx": 2.171863396481842,
      " PMAT": 2.3728457804919585,
      " PREC": 1.8991057319814588,
      " PVOL": 2.705243001639329,
      " RELY": 2.008822417010398,
      " RESL": 4.634498152068378,
      " RUSE": 2.1302946630738795,
      " SCED": 3.0,
      " SITE": 2.588344684620879,
      " STOR": 3.0590940598846643,
      " TEAM": 3.4587633667625344,
      " TIME": 3.3691244796422346,
      " TOOL": 2.0,
      "DATA": 3.435064176051246
    },
    "7": {
      " ACAP": 3.156577005779759,
      " AEXP": 4.165651855432024,
      " CPLx": 2.2169066582905783,
      " DOCU": 2.0421820161612216,
      " ETAT": 2.1120410117579276,
      " FLEx": 2.474397407848221,
      " KLOC": 148.32295585490738,
      " LTEx": 1.9238692212078634,
      " PCAP": 4.5095750861934025,
      " PCON": 3.2789557506619955,
      " PLEx": 2.231372937802927,
      " PMAT": 2.5355783881664378,
      " PREC": 4.294907246284357,
      " PVOL": 4.005813339316254,
      " RELY": 2.7016832122682866,
      " RESL": 2.615184087135897,
      " RUSE": 4.950891120384771,
      " SCED": 3.0,
      " SITE": 1.778588105200878,
      " STOR": 3.1622262576464464,
      " TEAM": 1.9403304318211807,
      " TIME": 3.209176831159326,