{
  "stats": {
    "submitted": 43,
    "finished": 43,
    "running": 0
  },
  "data": [
    [
      1,
      null,
      2005877882,
      null,
      0.7946885727239745,
      0.0021369457244873047,
      1,
      1763363262.4343874,
      1763363262.438086,
      {}
    ],
    [
      2,
      null,
      2005877882,
      null,
      0.7953627250223835,
      0.0005435943603515625,
      1,
      1763363262.4446306,
      1763363262.446501,
      {}
    ],
    [
      3,
      null,
      2005877882,
      null,
      0.7417272278965514,
      0.0005331039428710938,
      1,
      1763363262.449676,
      1763363262.4515924,
      {}
    ],
    [
      4,
      null,
      2005877882,
      null,
      0.7903250487510152,
      0.0005600452423095703,
      1,
      1763363262.455202,
      1763363262.457065,
      {}
    ],
    [
      5,
      null,
      2005877882,
      null,
      0.7886780047438697,
      0.0005164146423339844,
      1,
      1763363262.4603088,
      1763363262.4620934,
      {}
    ],
    [
      6,
      null,
      2005877882,
      null,
      0.790823349633811,
      0.0005288124084472656,
      1,
      1763363262.465563,
      1763363262.4673877,
      {}
    ],
    [
      7,
      null,
      2005877882,
      null,
      0.7878549011955316,
      0.0005018711090087891,
      1,
      1763363262.471406,
      1763363262.473294,
      {}
    ],
    [
      8,
      null,
      2005877882,
      null,
      0.7934523870419189,
      0.0005185604095458984,
      1,
      1763363262.4770625,
      1763363262.4788883,
      {}
    ],
    [
      9,
      null,
      2005877882,
      null,
      0.7955078121116727,
      0.0004870891571044922,
      1,
      1763363262.4829326,
      1763363262.484736,
      {}
    ],
    [
      10,
      null,
      2005877882,
      null,
      0.7888505673273549,
      0.0005047321319580078,
      1,
      1763363262.4886258,
      1763363262.4903953,
      {}
    ],
    [
      11,
      null,
      2005877882,
      null,
      0.7856442624704985,
      0.0004942417144775391,
      1,
      1763363262.494375,
      1763363262.4962041,
      {}
    ],
    [
      12,
      null,
      2005877882,
      null,
      0.7905765971194227,
      0.0004906654357910156,
      1,
      1763363262.500359,
      1763363262.5022423,
      {}
    ],
    [
      13,
      null,
      2005877882,
      null,
      0.7920933171226173,
      0.0005006790161132812,
      1,
      1763363262.5065947,
      1763363262.508511,
      {}
    ],
    [
      14,
      null,
      2005877882,
      null,
      0.792563873927891,
      0.0004911422729492188,
      1,
      1763363262.5129077,
      1763363262.5146592,
      {}
    ],
    [
      15,
      null,
      2005877882,
      null,
      0.7880548386288784,
      0.0005304813385009766,
      1,
      1763363262.5191145,
      1763363262.5209095,
      {}
    ],
    [
      16,
      null,
      2005877882,
      null,
      0.7952176729955366,
      0.0005326271057128906,
      1,
      1763363262.5254693,
      1763363262.5272644,
      {}
    ],
    [
      17,
      null,
      2005877882,
      null,
      0.7951700462901283,
      0.0005042552947998047,
      1,
      1763363262.532202,
      1763363262.5341234,
      {}
    ],
    [
      18,
      null,
      2005877882,
      null,
      0.7939732911750225,
      0.00048065185546875,
      1,
      1763363262.5391316,
      1763363262.5409045,
      {}
    ],
    [
      19,
      null,
      2005877882,
      null,
      0.7975665295329059,
      0.0004782676696777344,
      1,
      1763363262.5460749,
      1763363262.5478685,
      {}
    ],
    [
      20,
      null,
      2005877882,
      null,
      0.790823349633811,
      0.0005035400390625,
      1,
      1763363262.55291,
      1763363262.554674,
      {}
    ],
    [
      21,
      null,
      2005877882,
      null,
      0.790539537973479,
      0.0010046958923339844,
      1,
      1763363264.3019712,
      1763363264.3059595,
      {}
    ],
    [
      22,
      null,
      2005877882,
      null,
      0.7874358364241777,
      0.0024597644805908203,
      1,
      1763363264.3137307,
      1763363264.3175554,
      {}
    ],
    [
      23,
      null,
      2005877882,
      null,
      0.7860629132038063,
      0.020842552185058594,
      1,
      1763363264.3248477,
      1763363264.3471437,
      {}
    ],
    [
      24,
      null,
      2005877882,
      null,
      0.7924206561024142,
      0.0011239051818847656,
      1,
      1763363264.3557208,
      1763363264.3582516,
      {}
    ],
    [
      25,
      null,
      2005877882,
      null,
      0.7860629132038063,
      0.0002906322479248047,
      1,
      1763363264.3806162,
      1763363264.38224,
      {}
    ],
    [
      26,
      null,
      2005877882,
      null,
      0.7944975456217682,
      0.0005848407745361328,
      1,
      1763363264.3887444,
      1763363264.3906407,
      {}
    ],
    [
      27,
      null,
      2005877882,
      null,
      0.7968249523836312,
      0.0007507801055908203,
      1,
      1763363264.4142168,
      1763363264.4163437,
      {}
    ],
    [
      28,
      null,
      2005877882,
      null,
      0.3782648080320291,
      0.0005314350128173828,
      1,
      1763363264.4227726,
      1763363264.4246635,
      {}
    ],
    [
      29,
      null,
      2005877882,
      null,
      0.7971170847250257,
      0.0009510517120361328,
      1,
      1763363264.475898,
      1763363264.4785101,
      {}
    ],
    [
      30,
      null,
      2005877882,
      null,
      0.790539537973479,
      0.0012812614440917969,
      1,
      1763363266.4949036,
      1763363266.4978456,
      {}
    ],
    [
      31,
      null,
      2005877882,
      null,
      0.7882257080769272,
      0.0010952949523925781,
      1,
      1763363266.5054648,
      1763363266.5080714,
      {}
    ],
    [
      32,
      null,
      2005877882,
      null,
      0.7898650748583506,
      0.0006682872772216797,
      1,
      1763363266.516412,
      1763363266.518388,
      {}
    ],
    [
      33,
      null,
      2005877882,
      null,
      0.7969197697737076,
      0.0007426738739013672,
      1,
      1763363266.5254793,
      1763363266.527529,
      {}
    ],
    [
      34,
      null,
      2005877882,
      null,
      0.7908983512833465,
      0.0006520748138427734,
      1,
      1763363266.535957,
      1763363266.5379074,
      {}
    ],
    [
      35,
      null,
      2005877882,
      null,
      0.7895477137822791,
      0.00066375732421875,
      1,
      1763363266.5457275,
      1763363266.5477247,
      {}
    ],
    [
      36,
      null,
      2005877882,
      null,
      0.792236347063061,
      0.0006492137908935547,
      1,
      1763363266.5554035,
      1763363266.5573883,
      {}
    ],
    [
      37,
      null,
      2005877882,
      null,
      0.7824992874951442,
      0.0020432472229003906,
      1,
      1763363268.4418302,
      1763363268.4467945,
      {}
    ],
    [
      38,
      null,
      2005877882,
      null,
      0.7943071955447752,
      0.0016360282897949219,
      1,
      1763363268.4614246,
      1763363268.464755,
      {}
    ],
    [
      39,
      null,
      2005877882,
      null,
      0.7912211333010927,
      0.0013718605041503906,
      1,
      1763363268.4800987,
      1763363268.4835331,
      {}
    ],
    [
      40,
      null,
      2005877882,
      null,
      0.7923978677270475,
      0.0008234977722167969,
      1,
      1763363268.499052,
      1763363268.5016413,
      {}
    ],
    [
      41,
      null,
      2005877882,
      null,
      0.7912211333010927,
      0.0008268356323242188,
      1,
      1763363268.513913,
      1763363268.516676,
      {}
    ],
    [
      42,
      null,
      2005877882,
      null,
      0.7973673493310975,
      0.006583690643310547,
      1,
      1763363268.5347905,
