{
  "stats": {
    "submitted": 6,
    "finished": 6,
    "running": 0
  },
  "data": [
    [
      1,
      null,
      959027881,
      null,
      0.24715191590024277,
      0.003493070602416992,
      1,
      1763448295.154891,
      1763448295.1604958,
      {}
    ],
    [
      2,
      null,
      959027881,
      null,
      0.3544867355491179,
      0.0024635791778564453,
      1,
      1763448297.9424262,
      1763448297.9467587,
      {}
    ],
    [
      3,
      null,
      959027881,
      null,
      0.13831626396160512,
      0.0014472007751464844,
      1,
      1763448297.9535034,
      1763448297.9565463,
      {}
    ],
    [
      4,
      null,
      959027881,
      null,
      0.32365974246456186,
      0.0011055469512939453,
      1,
      1763448297.964502,
      1763448297.9671652,
      {}
    ],
    [
      5,
      null,
      959027881,
      null,
      0.27013971716586804,
      0.0010559558868408203,
      1,
      1763448297.9748147,
      1763448297.9774997,
      {}
    ],
    [
      6,
      null,
      959027881,
      null,
      0.2474337578258533,
      0.0009129047393798828,
      1,
      1763448297.9852707,
      1763448297.9876912,
      {}
    ]
  ],
  "configs": {
    "1": {
      " ACAP": 3.986786112189293,
      " AEXP": 4.065286513417959,
      " CPLx": 3.8316959800049664,
      " DOCU": 2.543355611184612,
      " ETAT": 1.6263824832560494,
      " FLEx": 4.53863423494529,
      " KLOC": 284.2035732662082,
      " LTEx": 3.224091889336705,
      " PCAP": 4.316558038815856,
      " PCON": 2.717793431133032,
      " PLEx": 3.047956855295226,
      " PMAT": 2.5373304691165686,
      " PREC": 4.4784367318116125,
      " PVOL": 3.5336525589227676,
      " RELY": 2.149597253650427,
      " RESL": 1.5710110050356016,
      " RUSE": 5.048532686596737,
      " SCED": 3.0,
      " SITE": 5.803436282090843,
      " STOR": 3.2133772298693657,
      " TEAM": 2.8704796523889526,
      " TIME": 3.4992144517600536,
      " TOOL": 2.0,
      "DATA": 4.125612730160356
    },
    "2": {
      " ACAP": 4.998982461539076,
      " AEXP": 3.0356852666494007,
      " CPLx": 1.2953605842289093,
      " DOCU": 4.780824039297832,
      " ETAT": 2.6099626014185455,
      " FLEx": 1.074149001730595,
      " KLOC": 324.88150843380646,
      " LTEx": 3.9553102607115385,
      " PCAP": 4.022327620164157,
      " PCON": 3.849427713982349,
      " PLEx": 2.721124739126221,
      " PMAT": 2.643132619484454,
      " PREC": 2.9758989866176764,
      " PVOL": 2.7981471499166757,
      " RELY": 1.8870743435871264,
      " RESL": 2.224011859826745,
      " RUSE": 5.818289776335451,
      " SCED": 3.0,
      " SITE": 4.697377402197592,
      " STOR": 3.0775003246451114,
      " TEAM": 2.419430595817479,
      " TIME": 3.79376958316152,
      " TOOL": 2.0,
      "DATA": 3.4023910237434842
    },
    "3": {
      " ACAP": 4.9978944759202495,
      " AEXP": 4.820615393852535,
      " CPLx": 3.3339629802357997,
      " DOCU": 2.680683715372457,
      " ETAT": 1.8590862705847155,
      " FLEx": 4.967076281150817,
      " KLOC": 158.04909463720938,
      " LTEx": 3.726524976217713,
      " PCAP": 3.069624362954038,
      " PCON": 1.8597444002840882,
      " PLEx": 3.697560512566394,
      " PMAT": 2.710309911929852,
      " PREC": 4.026428256495525,
      " PVOL": 4.516379242893293,
      " RELY": 3.108804749181753,
      " RESL": 1.8288729164685045,
      " RUSE": 2.4225918878605377,
      " SCED": 3.0,
      " SITE": 1.0039621180164784,
      " STOR": 3.4784630990762224,
      " TEAM": 4.525812823087918,
      " TIME": 3.7890219392948676,
      " TOOL": 2.0,
      "DATA": 2.646908572568479
    },
    "4": {
      " ACAP": 3.8854960805433985,
      " AEXP": 4.822904392759735,
      " CPLx": 2.1172316814818286,
      " DOCU": 1.4058972320094558,
      " ETAT": 4.597053097790125,
      " FLEx": 1.056099580180365,
      " KLOC": 189.17056135564053,
      " LTEx": 1.045711794044961,
      " PCAP": 4.129365757125161,
      " PCON": 2.0403531256926946,
      " PLEx": 3.0945198542225065,
      " PMAT": 2.002002137775129,
      " PREC": 1.5911485824061893,
      " PVOL": 3.3677710197007613,
      " RELY": 1.1024428452356143,
      " RESL": 1.769718218626289,
      " RUSE": 4.261479385441224,
      " SCED": 3.0,
      " SITE": 2.5077193376724427,
      " STOR": 3.6679062664484965,
      " TEAM": 3.6500422344388683,
      " TIME": 3.199304588743245,
      " TOOL": 2.0,
      "DATA": 4.818082269160044
    },
    "5": {
      " ACAP": 4.100078278640037,
      " AEXP": 4.7609819580764245,
      " CPLx": 1.0391045959415053,
      " DOCU": 1.7884652119753102,
      " ETAT": 2.0620890554434093,
      " FLEx": 4.725163129719256,
      " KLOC": 25.340583487635108,
      " LTEx": 1.693758269339888,
      " PCAP": 4.58765547490032,
      " PCON": 2.5638888141191574,
      " PLEx": 2.3176684268936905,
      " PMAT": 2.409293081537423,
      " PREC": 2.6702723562703126,
      " PVOL": 3.9775250924444268,
      " RELY": 1.0380008115282067,
      " RESL": 1.3133203773865476,
      " RUSE": 5.715425078552416,
      " SCED": 3.0,
      " SITE": 3.9046434522280924,
      " STOR": 3.9153768042555126,
      " TEAM": 2.9450243147318718,
      " TIME": 3.2152154625876417,
      " TOOL": 2.0,
      "DATA": 4.7317875718914575
    },
    "6": {
      " ACAP": 4.590593693379282,
      " AEXP": 2.383671612413141,
      " CPLx": 2.737548332916254,
      " DOCU": 3.209752738575911,
      " ETAT": 3.345605040568061,
      " FLEx": 1.7001626872591413,
      " KLOC": 252.5239796151318,
      " LTEx": 2.7350809563637246,
      " PCAP": 3.4218657608448275,
      " PCON": 2.3103701228132922,
      " PLEx": 2.1714727753496814,
      " PMAT": 2.3728457804919585,
      " PREC": 1.8991057319814588,
      " PVOL": 2.704477827581856,
      " RELY": 2.009158803278158,
      " RESL": 4.634498152068378,
      " RUSE": 2.1312946630738794,
      " SCED": 3.0,
      " SITE": 2.588344684620879,
      " STOR": 3.0590940598846643,
      " TEAM": 3.4587633667625344,
      " TIME": 3.3691244796422346,
      " TOOL": 2.0,
      "DATA": 3.43554269028134
    }
  },
  "config_origins": {
    "1": "Initial Design: Sobol",
    "2": "Acquisition Function Maximizer: Local Search",
    "3": "Acquisition Function Maximizer: Local Search",
    "4": "Acquisition Function Maximizer: Local Search",
    "5": "Random Search",
    "6": "Acquisition Function Maximizer: Local Search"
  }
}