{
  "stats": {
    "submitted": 1,
    "finished": 1,
    "running": 0
  },
  "data": [
    [
      1,
      null,
      1687321482,
      null,
      0.557853627137746,
      1.674330472946167,
      1,
      1763053775.4799166,
      1763053777.4373465,
      {}
    ]
  ],
  "configs": {
    "1": {
      " ACAP": 4.656,
      " AEXP": 2.794,
      " CPLx": 2.466,
      " DOCU": 1.518,
      " ETAT": 5.4,
      " FLEx": 2.849,
      " KLOC": 266.797,
      " LTEx": 1.585,
      " PCAP": 3.167,
      " PCON": 1.199,
      " PLEx": 1.883,
      " PMAT": 2.059,
      " PREC": 3.062,
      " PVOL": 3.491,
      " RELY": 1.562,
      " RESL": 2.891,
      " RUSE": 2.471,
      " SCED": 3.0,
      " SITE": 2.205,
      " STOR": 3.488,
      " TEAM": 1.235,
      " TIME": 3.668,
      " TOOL": 2.0,
      "DATA": 4.138
    }
  },
  "config_origins": {
    "1": "Initial Design: Sobol"
  }
}