{
  "stats": {
    "submitted": 20,
    "finished": 20,
    "running": 0
  },
  "data": [
    [
      1,
      null,
      953453411,
      null,
      0.0,
      2.755707025527954,
      1,
      1763067464.8553371,
      1763067467.6473155,
      {}
    ],
    [
      2,
      null,
      953453411,
      null,
      0.0,
      2.2985291481018066,
      1,
      1763067467.6544979,
      1763067469.9865265,
      {}
    ],
    [
      3,
      null,
      953453411,
      null,
      1.0,
      2.8598639965057373,
      1,
      1763067469.9894357,
      1763067472.8821044,
      {}
    ],
    [
      4,
      null,
      953453411,
      null,
      0.0,
      2.2819862365722656,
      1,
      1763067472.885286,
      1763067475.2008643,
      {}
    ],
    [
      5,
      null,
      953453411,
      null,
      0.0,
      2.424517869949341,
      1,
      1763067475.2038016,
      1763067477.659513,
      {}
    ],
    [
      6,
      null,
      953453411,
      null,
      1.0,
      2.2064332962036133,
      1,
      1763067477.6627991,
      1763067479.9017823,
      {}
    ],
    [
      7,
      null,
      953453411,
      null,
      0.0,
      2.978854179382324,
      1,
      1763067479.9061258,
      1763067482.9201922,
      {}
    ],
    [
      8,
      null,
      953453411,
      null,
      1.0,
      2.3449225425720215,
      1,
      1763067482.9232576,
      1763067485.301648,
      {}
    ],
    [
      9,
      null,
      953453411,
      null,
      0.0,
      2.5438907146453857,
      1,
      1763067485.305026,
      1763067487.8807,
      {}
    ],
    [
      10,
      null,
      953453411,
      null,
      1.0,
      2.3029468059539795,
      1,
      1763067487.8842216,
      1763067490.2287729,
      {}
    ],
    [
      11,
      null,
      953453411,
      null,
      0.0,
      2.0232017040252686,
      1,
      1763067490.2319732,
      1763067492.2895334,
      {}
    ],
    [
      12,
      null,
      953453411,
      null,
      0.0,
      2.1261916160583496,
      1,
      1763067492.2927573,
      1763067494.4503713,
      {}
    ],
    [
      13,
      null,
      953453411,
      null,
      0.0,
      2.4699156284332275,
      1,
      1763067494.454171,
      1763067496.9714208,
      {}
    ],
    [
      14,
      null,
      953453411,
      null,
      0.0,
      2.304701089859009,
      1,
      1763067496.975202,
      1763067499.3163123,
      {}
    ],
    [
      15,
      null,
      953453411,
      null,
      0.0,
      2.2707035541534424,
      1,
      1763067499.3202505,
      1763067501.62453,
      {}
    ],
    [
      16,
      null,
      953453411,
      null,
      0.0,
      2.3247475624084473,
      1,
      1763067501.6288025,
      1763067503.986984,
      {}
    ],
    [
      17,
      null,
      953453411,
      null,
      0.0,
      2.2785887718200684,
      1,
      1763067503.9915233,
      1763067506.305929,
      {}
    ],
    [
      18,
      null,
      953453411,
      null,
      1.0,
      2.145169973373413,
      1,
      1763067506.3100464,
      1763067508.488366,
      {}
    ],
    [
      19,
      null,
      953453411,
      null,
      0.0,
      2.1388580799102783,
      1,
      1763067508.4926322,
      1763067510.666983,
      {}
    ],
    [
      20,
      null,
      953453411,
      null,
      0.0,
      2.138646125793457,
      1,
      1763067510.6712892,
      1763067512.8491852,
      {}
    ]
  ],
  "configs": {
    "1": {
      "row_id": "3503"
    },
    "2": {
      "row_id": "7211"
    },
    "3": {
      "row_id": "9019"
    },
    "4": {
      "row_id": "303"
    },
    "5": {
      "row_id": "1702"
    },
    "6": {
      "row_id": "7919"
    },
    "7": {
      "row_id": "5811"
    },
    "8": {
      "row_id": "4604"
    },
    "9": {
      "row_id": "3842"
    },
    "10": {
      "row_id": "5134"
    },
    "11": {
      "row_id": "8632"
    },
    "12": {
      "row_id": "2350"
    },
    "13": {
      "row_id": "643"
    },
    "14": {
      "row_id": "9426"
    },
    "15": {
      "row_id": "6840"
    },
    "16": {
      "row_id": "3048"
    },
    "17": {
      "row_id": "2578"
    },
    "18": {
      "row_id": "6282"
    },
    "19": {
      "row_id": "9946"
    },
    "20": {
      "row_id": "1232"
    }
  },
  "config_origins": {
    "1": "Initial Design: Sobol",
    "2": "Initial Design: Sobol",
    "3": "Initial Design: Sobol",
    "4": "Initial Design: Sobol",
    "5": "Initial Design: Sobol",
    "6": "Initial Design: Sobol",
    "7": "Initial Design: Sobol",
    "8": "Initial Design: Sobol",
    "9": "Initial Design: Sobol",
    "10": "Initial Design: Sobol",
    "11": "Initial Design: Sobol",
    "12": "Initial Design: Sobol",
    "13": "Initial Design: Sobol",
    "14": "Initial Design: Sobol",
    "15": "Initial Design: Sobol",
    "16": "Initial Design: Sobol",
    "17": "Initial Design: Sobol",
    "18": "Initial Design: Sobol",
    "19": "Initial Design: Sobol",
    "20": "Initial Design: Sobol"
  }
}