{
  "incumbent_ids": [
    11
  ],
  "rejected_config_ids": [
    2,
    1,
    4,
    5,
    6,
    7,
    8,
    9,
    10,
    3,
    12,
    13,
    14,
    15,
    16,
    17,
    18,
    19,
    20,
    21,
    22,
    23,
    24
  ],
  "incumbents_changed": 3,
  "trajectory": [
    {
      "config_ids": [
        1
      ],
      "costs": [
        0.6931512543195926
      ],
      "trial": 1,
      "walltime": 0.011274099349975586
    },
    {
      "config_ids": [
        3
      ],
      "costs": [
        0.6099753117231251
      ],
      "trial": 3,
      "walltime": 4.434243679046631
    },
    {
      "config_ids": [
        11
      ],
      "costs": [
        0.5524406926340034
      ],
      "trial": 11,
      "walltime": 4.600003480911255
    }
  ],
  "state": {
    "queue": [
      [
        24,
        1
      ]
    ]
  }
}