{
  "incumbent_ids": [
    9
  ],
  "rejected_config_ids": [
    1,
    3,
    4,
    5,
    6,
    7,
    8,
    2
  ],
  "incumbents_changed": 3,
  "trajectory": [
    {
      "config_ids": [
        1
      ],
      "costs": [
        0.3095373649679196
      ],
      "trial": 1,
      "walltime": 1.7044413089752197
    },
    {
      "config_ids": [
        2
      ],
      "costs": [
        0.09039735071545196
      ],
      "trial": 2,
      "walltime": 3.429880142211914
    },
    {
      "config_ids": [
        9
      ],
      "costs": [
        0.08080591640880397
      ],
      "trial": 9,
      "walltime": 98.83032178878784
    }
  ],
  "state": {
    "queue": []
  }
}