{
  "DE_params": {
    "mutation_factor": 0.5,
    "crossover_prob": 0.5,
    "strategy": "rand1_bin",
    "configspace": true,
    "boundary_fix_type": "random",
    "max_age": Infinity,
    "dimensions": 22,
    "output_path": "../results/tmp/DEHB_tmp/dehb_20251208-050218_824d",
    "async_strategy": "immediate"
  },
  "HB_params": {
    "min_fidelity": 1,
    "max_fidelity": 10,
    "min_clip": null,
    "max_clip": null,
    "eta": 3
  },
  "internals": {
    "initial_configs": [
      {
        "config_id": 0,
        "config": [
          0.21052631578947367,
          0.0,
          0.0,
          0.6666666666666666,
          0.5333333333333333,
          0.4,
          0.5294117647058824,
          0.0,
          0.0,
          0.004048582995951417,
          0.09523809523809523,
          0.75,
          0.8333333333333334,
          0.9068825910931174,
          0.6666666666666666,
          0.125,
          0.16666666666666666,
          0.3360323886639676,
          0.5,
          0.6666666666666666,
          0.8,
          0.3333333333333333
        ],
        "results": {
          "1.1111111111111112": {
            "score": Infinity,
            "cost": -1,
            "info": {}
          }
        }
      },
      {
        "config_id": 1,
        "config": [
          0.5344129554655871,
          0.0,
          0.5,
          0.0,
          0.4666666666666667,
          0.26666666666666666,
          0.5294117647058824,
          0.25,
          0.0,
          0.5991902834008097,
          0.9047619047619048,
          0.25,
          0.75,
          0.6761133603238867,
          0.6666666666666666,
          0.75,
          0.9583333333333334,
          0.0,
          0.5,
          0.3333333333333333,
          0.0,
          0.5
        ],
        "results": {
          "1.1111111111111112": {
            "score": Infinity,
            "cost": -1,
            "info": {}
          }
        }
      },
      {
        "config_id": 2,
        "config": [
          0.9757085020242915,
          0.0,
          0.0,
          0.8333333333333334,
          0.13333333333333333,
          0.06666666666666667,
          0.5882352941176471,
          0.0,
          0.0,
          0.6153846153846154,
          0.6190476190476191,
          0.75,
          0.75,
          0.3117408906882591,
          0.6666666666666666,
          0.5,
          0.9375,
          0.951417004048583,
          0.5,
          0.3333333333333333,
          0.2,
          0.8333333333333334
        ],
        "results": {
          "1.1111111111111112": {
            "score": Infinity,
            "cost": -1,
            "info": {}
          }
        }
      },
      {
        "config_id": 3,
        "config": [
          0.6275303643724697,
          0.0,
          0.0,
          0.16666666666666666,
          0.06666666666666667,
          0.9333333333333333,
          0.29411764705882354,
          0.75,
          0.5,
          0.3684210526315789,
          0.2857142857142857,
          0.3125,
          0.08333333333333333,
          0.3319838056680162,
          0.0,
          0.25,
          0.4583333333333333,
          0.21052631578947367,
          0.25,
          0.3333333333333333,
          0.6,
          0.16666666666666666
        ],
        "results": {
          "1.1111111111111112": {
            "score": Infinity,
            "cost": -1,
            "info": {}
          }
        }
      },
      {
        "config_id": 4,
        "config": [
          0.008097165991902834,
          0.0,
          0.0,
          0.3333333333333333,
          0.5333333333333333,
          0.8,
          0.9411764705882353,
          0.25,
          0.0,
          0.582995951417004,
          0.9523809523809523,
          0.25,
          0.9166666666666666,
          0.5910931174089069,
          0.3333333333333333,
          0.75,
          0.6041666666666666,
          0.06477732793522267,
          0.5,
          0.6666666666666666,
          0.5,
          0.0
        ],
        "results": {
          "1.1111111111111112": {
            "score": Infinity,
            "cost": -1,
            "info": {}
          }
        }
      },
      {
        "config_id": 5,
        "config": [
          0.7732793522267206,
          0.0,
          0.5,
          0.6666666666666666,
          0.13333333333333333,
          0.06666666666666667,
          0.5882352941176471,
          0.25,
          0.0,
          0.8016194331983806,
          0.7619047619047619,
          0.0,
          0.25,
          0.06072874493927125,
          0.6666666666666666,
          0.625,
          0.3541666666666667,
          0.2145748987854251,
          0.0,
          0.0,
          0.7,
          0.6666666666666666
        ],
        "results": {
          "1.1111111111111112": {
            "score": Infinity,
            "cost": -1,
            "info": {}
          }
        }
      },
      {
        "config_id": 6,
        "config": [
          0.20647773279352227,
          0.0,
          0.5,
          0.16666666666666666,
          0.2,
          0.06666666666666667,
          0.0,
          0.5,
          0.0,
          0.9109311740890689,
          0.8571428571428571,
          0.1875,
          0.4166666666666667,
          0.6558704453441295,
          0.3333333333333333,
          0.25,
          0.9375,
          0.0728744939271255,
          0.25,
          0.6666666666666666,
          0.6,
          0.0
        ],
        "results": {
          "1.1111111111111112": {
            "score": Infinity,
            "cost": -1,
            "info": {}
          }
        }
      },
      {
        "config_id": 7,
        "config": [
          0.97165991902834,
          0.0,
          0.5,
          0.0,
          0.26666666666666666,
          0.4,
          0.5294117647058824,
          0.5,
          0.5,
          0.21862348178137653,
          0.47619047619047616,
          0.5625,
          0.8333333333333334,
          0.008097165991902834,
          0.3333333333333333,
          0.0,
          0.9791666666666666,
          0.5101214574898786,
          0.5,
          0.6666666666666666,
          0.3,
          0.16666666666666666
        ],
        "results": {
          "1.1111111111111112": {
            "score": Infinity,
            "cost": -1,
            "info": {}
          }
        }
      },
      {
        "config_id": 8,
        "config": [
          0.9190283400809717,
          0.0,
          0.0,
          0.16666666666666666,
          0.3333333333333333,
          0.0,
          0.11764705882352941,
          0.0,
          0.5,
          0.5344129554655871,
          0.6666666666666666,
          0.9375,
          0.5,
          0.8178137651821862,
          0.6666666666666666,
          0.125,
          0.6458333333333334,
          0.7894736842105263,
          0.0,
          0.6666666666666666,
          0.2,
          0.5
        ],
        "results": {
          "1.1111111111111112": {
            "score": Infinity,
            "cost": -1,
            "info": {}
          }
        }
      },
      {
        "config_id": 9,
        "config": [
          0.6356275303643725,
          0.0,
          0.0,
          0.3333333333333333,
          0.2,
          0.13333333333333333,
          0.0,
          0.25,
          0.5,
          0.2874493927125506,
          0.3333333333333333,
          0.5,
          0.6666666666666666,
          0.8461538461538461,
          0.3333333333333333,
          0.625,
          0.020833333333333332,
          0.5060728744939271,
          0.5,
          0.6666666666666666,
          0.4,
          0.6666666666666666
        ],
        "results": {
          "3.333333333333333": {
            "score": Infinity,
            "cost": -1,
            "info": {}
          }
        }
      },
      {
        "config_id": 10,