{
  "stats": {
    "submitted": 24,
    "finished": 24,
    "running": 0
  },
  "data": [
    [
      1,
      null,
      218175338,
      null,
      0.3059660290250654,
      0.0024077892303466797,
      1,
      1763450118.4485996,
      1763450118.4526477,
      {}
    ],
    [
      2,
      null,
      218175338,
      null,
      0.1951173737925337,
      0.0009722709655761719,
      1,
      1763450118.458475,
      1763450118.460622,
      {}
    ],
    [
      3,
      null,
      218175338,
      null,
      0.4183689390774352,
      0.002415895462036133,
      1,
      1763450120.2509549,
      1763450120.254643,
      {}
    ],
    [
      4,
      null,
      218175338,
      null,
      0.32440655107799055,
      0.003144979476928711,
      1,
      1763450120.2590547,
      1763450120.26322,
      {}
    ],
    [
      5,
      null,
      218175338,
      null,
      0.2478646962128127,
      0.0015149116516113281,
      1,
      1763450120.2674541,
      1763450120.2699924,
      {}
    ],
    [
      6,
      null,
      218175338,
      null,
      0.24108770738824425,
      0.000774383544921875,
      1,
      1763450120.283423,
      1763450120.285413,
      {}
    ],
    [
      7,
      null,
      218175338,
      null,
      0.1470606048077001,
      0.0008416175842285156,
      1,
      1763450120.2901704,
      1763450120.2927659,
      {}
    ],
    [
      8,
      null,
      218175338,
      null,
      0.1951173737925337,
      0.0004968643188476562,
      1,
      1763450120.298188,
      1763450120.3002713,
      {}
    ],
    [
      9,
      null,
      218175338,
      null,
      0.5109932559936895,
      0.000835418701171875,
      1,
      1763450120.305512,
      1763450120.3073597,
      {}
    ],
    [
      10,
      null,
      218175338,
      null,
      0.34511114915180274,
      0.0008089542388916016,
      1,
      1763450120.3132515,
      1763450120.3153746,
      {}
    ],
    [
      11,
      null,
      218175338,
      null,
      0.20820611698533464,
      0.0009093284606933594,
      1,
      1763450120.3278518,
      1763450120.329929,
      {}
    ],
    [
      12,
      null,
      218175338,
      null,
      0.3164288762688182,
      0.0014407634735107422,
      1,
      1763450121.9177635,
      1763450121.920579,
      {}
    ],
    [
      13,
      null,
      218175338,
      null,
      0.12243246389444806,
      0.0006959438323974609,
      1,
      1763450121.9271667,
      1763450121.928957,
      {}
    ],
    [
      14,
      null,
      218175338,
      null,
      0.39403140914902424,
      0.0011496543884277344,
      1,
      1763450121.9361095,
      1763450121.938397,
      {}
    ],
    [
      15,
      null,
      218175338,
      null,
      0.3223726244172044,
      0.0009713172912597656,
      1,
      1763450121.9451234,
      1763450121.9472246,
      {}
    ],
    [
      16,
      null,
      218175338,
      null,
      0.23321357138034038,
      0.0010113716125488281,
      1,
      1763450121.9538314,
      1763450121.955984,
      {}
    ],
    [
      17,
      null,
      218175338,
      null,
      0.5216486474973558,
      0.0008568763732910156,
      1,
      1763450121.9629488,
      1763450121.9649572,
      {}
    ],
    [
      18,
      null,
      218175338,
      null,
      0.32440655107799055,
      0.0004889965057373047,
      1,
      1763450121.972223,
      1763450121.9738264,
      {}
    ],
    [
      19,
      null,
      218175338,
      null,
      0.47454313629996414,
      0.0019423961639404297,
      1,
      1763450121.9934535,
      1763450121.9966733,
      {}
    ],
    [
      20,
      null,
      218175338,
      null,
      0.1629142406605979,
      0.001264810562133789,
      1,
      1763450123.371647,
      1763450123.374115,
      {}
    ],
    [
      21,
      null,
      218175338,
      null,
      0.09220017614503628,
      0.0009675025939941406,
      1,
      1763450123.3856723,
      1763450123.3877163,
      {}
    ],
    [
      22,
      null,
      218175338,
      null,
      0.12243246389444806,
      0.0002830028533935547,
      1,
      1763450123.3963444,
      1763450123.3976815,
      {}
    ],
    [
      23,
      null,
      218175338,
      null,
      0.30579484481006514,
      0.0006427764892578125,
      1,
      1763450123.4058018,
      1763450123.4075556,
      {}
    ],
    [
      24,
      null,
      218175338,
      null,
      0.12243246389444806,
      0.00034308433532714844,
      1,
      1763450123.4157658,
      1763450123.4171906,
      {}
    ]
  ],
  "configs": {
    "1": {
      "Criticality": 0.7436529859265631,
      "Criticality Modifier": 0.34400033272494923,
      "Culture": 0.3183693102234617,
      "Dynamism": 0.4496819439771203,
      "Initial Known": 0.2948576571722774,
      "Inter-Dependency": 0.5886546931604447,
      "Plan": 0.5249818679845444,
      "Size": 0.6077723253302253,
      "Team Size": 0.2482100669567301
    },
    "2": {
      "Criticality": 0.46785615472161185,
      "Criticality Modifier": 0.6574412160063964,
      "Culture": 0.5889450736597956,
      "Dynamism": 0.6002618094455694,
      "Initial Known": 0.8806177818814152,
      "Inter-Dependency": 0.0752015584629554,
      "Plan": 0.226131277412505,
      "Size": 0.40433095261787516,
      "Team Size": 0.9264001303250827
    },
    "3": {
      "Criticality": 0.9773150848580603,
      "Criticality Modifier": 0.9104320275819374,
      "Culture": 0.7499991115842481,
      "Dynamism": 0.8354374567174285,
      "Initial Known": 0.7034034604547373,
      "Inter-Dependency": 0.3779863376347487,
      "Plan": 0.9147378229224983,
      "Size": 0.26758615889223375,
      "Team Size": 0.9276278522887313
    },
    "4": {
      "Criticality": 0.9437350865179029,
      "Criticality Modifier": 0.46339623838977184,
      "Culture": 0.45848702701132016,
      "Dynamism": 0.06510527419730543,
      "Initial Known": 0.9112607453033433,
      "Inter-Dependency": 0.24583697859707984,
      "Plan": 0.31725125427340867,
      "Size": 0.2726493863034295,
      "Team Size": 0.9454533139796937
    },
    "5": {
      "Criticality": 0.9576578036685269,
      "Criticality Modifier": 0.4887240174694687,
      "Culture": 0.5821014821357519,
      "Dynamism": 0.010132306951358841,
      "Initial Known": 0.9394570231005194,
      "Inter-Dependency": 0.5819700181583227,
      "Plan": 0.09378775511751457,
      "Size": 0.13939590555645429,
      "Team Size": 0.9636814176332616
    },
    "6": {
      "Criticality": 0.9815977913599767,
      "Criticality Modifier": 0.720076117085802,
      "Culture": 0.6424343501054522,
      "Dynamism": 0.7426296370592493,
      "Initial Known": 0.7634703051491272,
      "Inter-Dependency": 0.623387872511018,
      "Plan": 0.3564150849182223,
      "Size": 0.14145732402824213,
      "Team Size": 0.9210482559098573
    },
    "7": {
      "Criticality": 0.9863206071729691,
      "Criticality Modifier": 0.6558006876274427,
      "Culture": 0.8536822540361247,
      "Dynamism": 0.4254127254862799,
      "Initial Known": 0.6187068247485916,
      "Inter-Dependency": 0.20694248633998927,
      "Plan": 0.4407335235140003,
      "Size": 0.048537768832228934,
      "Team Size": 0.9435531482547185
    },
    "8": {
      "Criticality": 0.4654664446939177,
      "Criticality Modifier": 0.6535771894578128,
      "Culture": 0.5728667543156142,
      "Dynamism": 0.5678390604573775,
      "Initial Known": 0.798232353089233,
      "Inter-Dependency": 0.03181799124205456,
      "Plan": 0.16988749284597723,
      "Size": 0.40433095261787516,
      "Team Size": 0.9264001303250827
    },
    "9": {
      "Criticality": 0.8774477482995259,
      "Criticality Modifier": 0.3156035544610627,
      "Culture": 0.3538517547884367,
      "Dynamism": 0.8319089160006926,
      "Initial Known": 0.9761938891242726,
      "Inter-Dependency": 0.19001997049742692,
      "Plan": 0.3769358847663889,