{
  "stats": {
    "submitted": 12,
    "finished": 12,
    "running": 0
  },
  "data": [
    [
      1,
      null,
      1687321482,
      null,
      0.36737974571942966,
      0.002361774444580078,
      1,
      1763363363.5994737,
      1763363363.603446,
      {}
    ],
    [
      2,
      null,
      1687321482,
      null,
      0.5963548507280463,
      0.0008485317230224609,
      1,
      1763363364.4684608,
      1763363364.4708967,
      {}
    ],
    [
      3,
      null,
      1687321482,
      null,
      0.49726253328823233,
      0.0009405612945556641,
      1,
      1763363364.4750288,
      1763363364.4774196,
      {}
    ],
    [
      4,
      null,
      1687321482,
      null,
      0.409403272424382,
      0.0006527900695800781,
      1,
      1763363364.4817774,
      1763363364.4842868,
      {}
    ],
    [
      5,
      null,
      1687321482,
      null,
      0.11628194863598651,
      0.0007169246673583984,
      1,
      1763363364.489427,
      1763363364.4915771,
      {}
    ],
    [
      6,
      null,
      1687321482,
      null,
      0.41020114271028274,
      0.0007419586181640625,
      1,
      1763363364.5135896,
      1763363364.5158799,
      {}
    ],
    [
      7,
      null,
      1687321482,
      null,
      0.03012365629973157,
      0.0009210109710693359,
      1,
      1763363364.5209224,
      1763363364.5232732,
      {}
    ],
    [
      8,
      null,
      1687321482,
      null,
      0.2968806890152459,
      0.012627124786376953,
      1,
      1763363364.5290363,
      1763363364.543148,
      {}
    ],
    [
      9,
      null,
      1687321482,
      null,
      0.471869326247227,
      0.0008246898651123047,
      1,
      1763363364.5488865,
      1763363364.5512006,
      {}
    ],
    [
      10,
      null,
      1687321482,
      null,
      0.1003045294555781,
      0.0011005401611328125,
      1,
      1763363365.5258224,
      1763363365.5290177,
      {}
    ],
    [
      11,
      null,
      1687321482,
      null,
      0.11685787181829976,
      0.0009167194366455078,
      1,
      1763363365.5364943,
      1763363365.5389223,
      {}
    ],
    [
      12,
      null,
      1687321482,
      null,
      0.5019698826160143,
      0.0008485317230224609,
      1,
      1763363365.5449936,
      1763363365.5473166,
      {}
    ]
  ],
  "configs": {
    "1": {
      "data_alignFieldPointers": 1,
      "explorationId": 1,
      "no_explorationId": 0,
      "opt_unroll": 1,
      "opt_unroll_interleave": 1,
      "opt_useAddressPrecalc": 0,
      "opt_vectorize": 1,
      "poly_tileSize_x": 32,
      "poly_tileSize_y": 0,
      "poly_tileSize_z": 0,
      "simd_avoidUnaligned": 0
    },
    "2": {
      "data_alignFieldPointers": 1,
      "explorationId": 1,
      "no_explorationId": 0,
      "opt_unroll": 3,
      "opt_unroll_interleave": 1,
      "opt_useAddressPrecalc": 0,
      "opt_vectorize": 1,
      "poly_tileSize_x": 128,
      "poly_tileSize_y": 0,
      "poly_tileSize_z": 64,
      "simd_avoidUnaligned": 1
    },
    "3": {
      "data_alignFieldPointers": 1,
      "explorationId": 0,
      "no_explorationId": 0,
      "opt_unroll": 1,
      "opt_unroll_interleave": 1,
      "opt_useAddressPrecalc": 0,
      "opt_vectorize": 0,
      "poly_tileSize_x": 0,
      "poly_tileSize_y": 0,
      "poly_tileSize_z": 32,
      "simd_avoidUnaligned": 1
    },
    "4": {
      "data_alignFieldPointers": 0,
      "explorationId": 2,
      "no_explorationId": 1,
      "opt_unroll": 1,
      "opt_unroll_interleave": 0,
      "opt_useAddressPrecalc": 1,
      "opt_vectorize": 1,
      "poly_tileSize_x": 0,
      "poly_tileSize_y": 128,
      "poly_tileSize_z": 0,
      "simd_avoidUnaligned": 1
    },
    "5": {
      "data_alignFieldPointers": 0,
      "explorationId": 1,
      "no_explorationId": 1,
      "opt_unroll": 3,
      "opt_unroll_interleave": 0,
      "opt_useAddressPrecalc": 0,
      "opt_vectorize": 1,
      "poly_tileSize_x": 8,
      "poly_tileSize_y": 8,
      "poly_tileSize_z": 64,
      "simd_avoidUnaligned": 1
    },
    "6": {
      "data_alignFieldPointers": 0,
      "explorationId": 3,
      "no_explorationId": 0,
      "opt_unroll": 3,
      "opt_unroll_interleave": 0,
      "opt_useAddressPrecalc": 0,
      "opt_vectorize": 1,
      "poly_tileSize_x": 16,
      "poly_tileSize_y": 10,
      "poly_tileSize_z": 20,
      "simd_avoidUnaligned": 0
    },
    "7": {
      "data_alignFieldPointers": 0,
      "explorationId": 1,
      "no_explorationId": 1,
      "opt_unroll": 1,
      "opt_unroll_interleave": 1,
      "opt_useAddressPrecalc": 1,
      "opt_vectorize": 1,
      "poly_tileSize_x": 8,
      "poly_tileSize_y": 16,
      "poly_tileSize_z": 8,
      "simd_avoidUnaligned": 0
    },
    "8": {
      "data_alignFieldPointers": 0,
      "explorationId": 3,
      "no_explorationId": 0,
      "opt_unroll": 2,
      "opt_unroll_interleave": 1,
      "opt_useAddressPrecalc": 1,
      "opt_vectorize": 0,
      "poly_tileSize_x": 32,
      "poly_tileSize_y": 10,
      "poly_tileSize_z": 128,
      "simd_avoidUnaligned": 0
    },
    "9": {
      "data_alignFieldPointers": 0,
      "explorationId": 0,
      "no_explorationId": 0,
      "opt_unroll": 4,
      "opt_unroll_interleave": 0,
      "opt_useAddressPrecalc": 0,
      "opt_vectorize": 1,
      "poly_tileSize_x": 64,
      "poly_tileSize_y": 20,
      "poly_tileSize_z": 20,
      "simd_avoidUnaligned": 0
    },
    "10": {
      "data_alignFieldPointers": 1,
      "explorationId": 0,
      "no_explorationId": 1,
      "opt_unroll": 1,
      "opt_unroll_interleave": 1,
      "opt_useAddressPrecalc": 0,
      "opt_vectorize": 1,
      "poly_tileSize_x": 8,
      "poly_tileSize_y": 16,
      "poly_tileSize_z": 8,
      "simd_avoidUnaligned": 1
    },
    "11": {
      "data_alignFieldPointers": 1,
      "explorationId": 0,
      "no_explorationId": 1,
      "opt_unroll": 1,
      "opt_unroll_interleave": 0,
      "opt_useAddressPrecalc": 0,
      "opt_vectorize": 1,
      "poly_tileSize_x": 8,
      "poly_tileSize_y": 16,
      "poly_tileSize_z": 8,
      "simd_avoidUnaligned": 0
    },
    "12": {
      "data_alignFieldPointers": 0,
      "explorationId": 4,
      "no_explorationId": 1,
      "opt_unroll": 1,
      "opt_unroll_interleave": 0,
      "opt_useAddressPrecalc": 0,
      "opt_vectorize": 1,
      "poly_tileSize_x": 8,
      "poly_tileSize_y": 16,
      "poly_tileSize_z": 8,
      "simd_avoidUnaligned": 1
    }
  },
  "config_origins": {
    "1": "Initial Design: Sobol",
    "2": "Acquisition Function Maximizer: Local Search",
    "3": "Acquisition Function Maximizer: Local Search",
    "4": "Acquisition Function Maximizer: Local Search",
    "5": "Random Search",
    "6": "Random Search",
    "7": "Acquisition Function Maximizer: Local Search",
    "8": "Acquisition Function Maximizer: Local Search",
    "9": "Acquisition Function Maximizer: Local Search",
    "10": "Acquisition Function Maximizer: Local Search",
    "11": "Acquisition Function Maximizer: Local Search",
    "12": "Acquisition Function Maximizer: Local Search"
  }
}