{
  "incumbent_ids": [
    10
  ],
  "rejected_config_ids": [
    1,
    2,
    4,
    5,
    6,
    7,
    8,
    9,
    3,
    11,
    12
  ],
  "incumbents_changed": 4,
  "trajectory": [
    {
      "config_ids": [
        1
      ],
      "costs": [
        0.9602792240863226
      ],
      "trial": 1,
      "walltime": 0.011554479598999023
    },
    {
      "config_ids": [
        2
      ],
      "costs": [
        0.8081691767527214
      ],
      "trial": 2,
      "walltime": 2.165635585784912
    },
    {
      "config_ids": [
        3
      ],
      "costs": [
        0.41471993532128537
      ],
      "trial": 3,
      "walltime": 2.1749448776245117
    },
    {
      "config_ids": [
        10
      ],
      "costs": [
        0.41326407458957903
      ],
      "trial": 10,
      "walltime": 4.420656204223633
    }
  ],
  "state": {
    "queue": [
      [
        12,
        1
      ]
    ]
  }
}