{
  "DE_params": {
    "mutation_factor": 0.5,
    "crossover_prob": 0.5,
    "strategy": "rand1_bin",
    "configspace": true,
    "boundary_fix_type": "random",
    "max_age": Infinity,
    "dimensions": 14,
    "output_path": "../results/tmp/DEHB_tmp/dehb_20251208-044942_56e3",
    "async_strategy": "immediate"
  },
  "HB_params": {
    "min_fidelity": 1,
    "max_fidelity": 10,
    "min_clip": null,
    "max_clip": null,
    "eta": 3
  },
  "internals": {
    "initial_configs": [
      {
        "config_id": 0,
        "config": [
          0.0,
          0.9536128456735058,
          0.5714285714285714,
          0.7857142857142857,
          0.33809099018733274,
          0.5,
          0.6758620689655173,
          0.3333333333333333,
          0.0,
          0.23076923076923078,
          0.8333333333333334,
          0.0,
          0.8617305976806423,
          0.3333333333333333
        ],
        "results": {
          "1.1111111111111112": {
            "score": Infinity,
            "cost": -1,
            "info": {}
          }
        }
      },
      {
        "config_id": 1,
        "config": [
          0.0,
          0.247992863514719,
          0.9285714285714286,
          0.0,
          0.9634255129348795,
          0.5,
          0.18275862068965518,
          0.3333333333333333,
          0.0,
          0.23076923076923078,
          0.16666666666666666,
          0.0,
          0.8902765388046388,
          0.6666666666666666
        ],
        "results": {
          "1.1111111111111112": {
            "score": Infinity,
            "cost": -1,
            "info": {}
          }
        }
      },
      {
        "config_id": 2,
        "config": [
          0.6666666666666666,
          0.5548617305976806,
          0.21428571428571427,
          0.8571428571428571,
          0.12667261373773417,
          0.0,
          0.6379310344827587,
          0.0,
          0.0,
          0.6923076923076923,
          0.5,
          0.0,
          0.2569134701159679,
          0.6666666666666666
        ],
        "results": {
          "1.1111111111111112": {
            "score": Infinity,
            "cost": -1,
            "info": {}
          }
        }
      },
      {
        "config_id": 3,
        "config": [
          0.3333333333333333,
          0.6190900981266726,
          0.9285714285714286,
          0.42857142857142855,
          0.4264049955396967,
          0.5,
          0.3,
          0.6666666666666666,
          0.0,
          0.23076923076923078,
          0.0,
          0.0,
          0.1302408563782337,
          0.0
        ],
        "results": {
          "1.1111111111111112": {
            "score": Infinity,
            "cost": -1,
            "info": {}
          }
        }
      },
      {
        "config_id": 4,
        "config": [
          0.3333333333333333,
          0.4281891168599465,
          0.5714285714285714,
          0.35714285714285715,
          0.7743086529884032,
          0.0,
          0.9793103448275862,
          0.3333333333333333,
          0.0,
          0.6923076923076923,
          0.8333333333333334,
          0.0,
          0.8010704727921498,
          0.0
        ],
        "results": {
          "1.1111111111111112": {
            "score": Infinity,
            "cost": -1,
            "info": {}
          }
        }
      },
      {
        "config_id": 5,
        "config": [
          0.0,
          0.9482604817127565,
          0.6428571428571429,
          0.2857142857142857,
          0.5771632471008028,
          0.5,
          0.38620689655172413,
          0.6666666666666666,
          0.0,
          0.6153846153846154,
          0.16666666666666666,
          0.0,
          0.3033006244424621,
          0.3333333333333333
        ],
        "results": {
          "1.1111111111111112": {
            "score": Infinity,
            "cost": -1,
            "info": {}
          }
        }
      },
      {
        "config_id": 6,
        "config": [
          0.0,
          0.4335414808206958,
          0.5714285714285714,
          0.5,
          0.935771632471008,
          0.5,
          0.7758620689655172,
          0.0,
          0.0,
          0.07692307692307693,
          0.8333333333333334,
          0.0,
          0.10258697591436218,
          0.0
        ],
        "results": {
          "1.1111111111111112": {
            "score": Infinity,
            "cost": -1,
            "info": {}
          }
        }
      },
      {
        "config_id": 7,
        "config": [
          0.3333333333333333,
          0.9536128456735058,
          0.14285714285714285,
          0.5714285714285714,
          0.8180196253345228,
          0.5,
          0.5241379310344828,
          0.0,
          0.0,
          0.6153846153846154,
          0.0,
          0.0,
          0.784121320249777,
          0.3333333333333333
        ],
        "results": {
          "1.1111111111111112": {
            "score": Infinity,
            "cost": -1,
            "info": {}
          }
        }
      },
      {
        "config_id": 8,
        "config": [
          0.6666666666666666,
          0.5156110615521855,
          0.5,
          0.35714285714285715,
          0.9206066012488849,
          0.0,
          0.6379310344827587,
          0.0,
          0.0,
          0.7692307692307693,
          0.0,
          0.0,
          0.5477252453166815,
          0.6666666666666666
        ],
        "results": {
          "1.1111111111111112": {
            "score": Infinity,
            "cost": -1,
            "info": {}
          }
        }
      },
      {
        "config_id": 9,
        "config": [
          0.3333333333333333,
          0.6949152542372882,
          0.07142857142857142,
          0.8571428571428571,
          0.9072256913470116,
          0.5,
          0.3310344827586207,
          0.3333333333333333,
          0.0,
          0.38461538461538464,
          0.6666666666666666,
          0.0,
          0.36306868867082964,
          0.6666666666666666
        ],
        "results": {
          "3.333333333333333": {
            "score": Infinity,
            "cost": -1,
            "info": {}
          }
        }
      },
      {
        "config_id": 10,
        "config": [
          0.0,
          0.45227475468331846,
          0.5714285714285714,
          0.21428571428571427,
          0.0936663693131133,
          0.0,
          0.7517241379310344,
          0.0,
          0.0,
          0.38461538461538464,
          0.16666666666666666,
          0.0,
          0.7528991971454059,
          0.6666666666666666
        ],
        "results": {
          "3.333333333333333": {
            "score": Infinity,
            "cost": -1,
            "info": {}
          }
        }
      },
      {
        "config_id": 11,
        "config": [
          0.6666666666666666,
          0.3157894736842105,
          0.9285714285714286,
          0.7142857142857143,
          0.4567350579839429,
          0.0,
          0.3931034482758621,
          0.0,
          0.0,
          0.7692307692307693,
          0.6666666666666666,
          0.0,
          0.6645851917930419,
          0.3333333333333333
        ],
        "results": {
          "3.333333333333333": {
            "score": Infinity,
            "cost": -1,
            "info": {}
          }
        }
      },
      {
        "config_id": 12,
        "config": [
          0.6666666666666666,
          0.22033898305084745,
          0.5714285714285714,
          0.35714285714285715,
          0.05084745762711865,
          0.5,
          0.28620689655172415,
          0.0,
          0.0,
          0.46153846153846156,
          0.16666666666666666,
          0.0,
          0.4808206958073149,
          0.3333333333333333
        ],
        "results": {
          "10.0": {
            "score": Infinity,
            "cost": -1,