{
  "incumbent_ids": [
    9
  ],
  "rejected_config_ids": [
    2,
    3,
    4,
    5,
    6,
    7,
    8,
    1
  ],
  "incumbents_changed": 2,
  "trajectory": [
    {
      "config_ids": [
        1
      ],
      "costs": [
        0.8591480042369923
      ],
      "trial": 1,
      "walltime": 2.211164951324463
    },
    {
      "config_ids": [
        9
      ],
      "costs": [
        0.858885145988593
      ],
      "trial": 9,
      "walltime": 90.06076955795288
    }
  ],
  "state": {
    "queue": []
  }
}