{
  "stats": {
    "submitted": 18,
    "finished": 18,
    "running": 0
  },
  "data": [
    [
      1,
      null,
      1498160584,
      null,
      0.23283844302500745,
      0.011545658111572266,
      1,
      1763365719.46261,
      1763365719.4760551,
      {}
    ],
    [
      2,
      null,
      1498160584,
      null,
      0.2521071311477172,
      0.003363370895385742,
      1,
      1763365722.215463,
      1763365722.2206664,
      {}
    ],
    [
      3,
      null,
      1498160584,
      null,
      0.2153552461457927,
      0.0024290084838867188,
      1,
      1763365722.2280657,
      1763365722.2321024,
      {}
    ],
    [
      4,
      null,
      1498160584,
      null,
      0.4369858279126184,
      0.002427816390991211,
      1,
      1763365722.2398016,
      1763365722.243862,
      {}
    ],
    [
      5,
      null,
      1498160584,
      null,
      0.21498399775172028,
      0.002223968505859375,
      1,
      1763365722.2509227,
      1763365722.255409,
      {}
    ],
    [
      6,
      null,
      1498160584,
      null,
      0.18979484380366363,
      0.004794597625732422,
      1,
      1763365722.264784,
      1763365722.271318,
      {}
    ],
    [
      7,
      null,
      1498160584,
      null,
      0.3415772238734742,
      0.0034716129302978516,
      1,
      1763365722.2809007,
      1763365722.2861235,
      {}
    ],
    [
      8,
      null,
      1498160584,
      null,
      0.3158383030237888,
      0.003223419189453125,
      1,
      1763365722.299861,
      1763365722.304997,
      {}
    ],
    [
      9,
      null,
      1498160584,
      null,
      0.12645507527601918,
      0.0030591487884521484,
      1,
      1763365722.3167894,
      1763365722.3216763,
      {}
    ],
    [
      10,
      null,
      1498160584,
      null,
      0.35140726260143773,
      0.003144502639770508,
      1,
      1763365722.3460946,
      1763365722.351402,
      {}
    ],
    [
      11,
      null,
      1498160584,
      null,
      0.18551839477053234,
      0.003658294677734375,
      1,
      1763365725.5870373,
      1763365725.5926404,
      {}
    ],
    [
      12,
      null,
      1498160584,
      null,
      0.32668395894461943,
      0.0018658638000488281,
      1,
      1763365725.6056151,
      1763365725.609081,
      {}
    ],
    [
      13,
      null,
      1498160584,
      null,
      0.2078296650736332,
      0.0013759136199951172,
      1,
      1763365725.6213753,
      1763365725.624287,
      {}
    ],
    [
      14,
      null,
      1498160584,
      null,
      0.3200362736773543,
      0.001402139663696289,
      1,
      1763365725.6374514,
      1763365725.6406736,
      {}
    ],
    [
      15,
      null,
      1498160584,
      null,
      0.12645507527601918,
      0.0008127689361572266,
      1,
      1763365725.654407,
      1763365725.6569993,
      {}
    ],
    [
      16,
      null,
      1498160584,
      null,
      0.4042404545898175,
      0.0014507770538330078,
      1,
      1763365725.6707866,
      1763365725.674206,
      {}
    ],
    [
      17,
      null,
      1498160584,
      null,
      0.14123478358288533,
      0.0024297237396240234,
      1,
      1763365725.6889055,
      1763365725.6930025,
      {}
    ],
    [
      18,
      null,
      1498160584,
      null,
      0.2085359015720012,
      0.0024476051330566406,
      1,
      1763365725.7288244,
      1763365725.7328775,
      {}
    ]
  ],
  "configs": {
    "1": {
      " ACAP": 3.886750252917409,
      " AEXP": 3.8861050937287507,
      " CPLx": 2.2986545488238335,
      " DOCU": 1.6994174979627132,
      " ETAT": 1.4830546863153578,
      " FLEx": 1.9019191935658455,
      " KLOC": 178.19359799582602,
      " LTEx": 2.153451062856242,
      " PCAP": 3.1548999194055796,
      " PCON": 3.1067144982516766,
      " PLEx": 2.09546360373497,
      " PMAT": 2.176075075753033,
      " PREC": 1.0059218670148402,
      " PVOL": 4.766930644947104,
      " RELY": 3.519233459203504,
      " RESL": 4.3432037654872975,
      " RUSE": 3.048750169456005,
      " SCED": 3.0,
      " SITE": 4.713194881565869,
      " STOR": 3.605138162150979,
      " TEAM": 1.892081171487458,
      " TIME": 3.1195013420656323,
      " TOOL": 2.0,
      "DATA": 3.166509505146183
    },
    "2": {
      " ACAP": 4.998292143453556,
      " AEXP": 2.2406513853840195,
      " CPLx": 3.2518193195750564,
      " DOCU": 3.231420562055541,
      " ETAT": 1.6211298933631322,
      " FLEx": 2.9848674651478233,
      " KLOC": 278.0898266355408,
      " LTEx": 1.7021347775439382,
      " PCAP": 4.0643751757238595,
      " PCON": 4.764460752182207,
      " PLEx": 3.134633000176194,
      " PMAT": 2.9244879458931328,
      " PREC": 2.3548382856966965,
      " PVOL": 2.375570665728013,
      " RELY": 1.048472618525964,
      " RESL": 2.0923384424338867,
      " RUSE": 3.225608574827194,
      " SCED": 3.0,
      " SITE": 1.980216412131173,
      " STOR": 3.9157212590521624,
      " TEAM": 3.17675337221912,
      " TIME": 3.7235390179273824,
      " TOOL": 2.0,
      "DATA": 2.5521974855197325
    },
    "3": {
      " ACAP": 4.134995895285791,
      " AEXP": 3.1009706520902327,
      " CPLx": 1.4030012598186352,
      " DOCU": 4.897370059695613,
      " ETAT": 2.465477986779201,
      " FLEx": 4.8982218996378695,
      " KLOC": 378.96676812519786,
      " LTEx": 3.522815103931364,
      " PCAP": 3.891837958974945,
      " PCON": 4.293789202553231,
      " PLEx": 3.2222567449427726,
      " PMAT": 2.866094985259918,
      " PREC": 3.4124291285171395,
      " PVOL": 2.565042544829022,
      " RELY": 3.816179589496186,
      " RESL": 1.746123080037854,
      " RUSE": 5.173101724525648,
      " SCED": 3.0,
      " SITE": 3.728311292452043,
      " STOR": 3.6979096056368386,
      " TEAM": 4.089023798811828,
      " TIME": 3.097259786361999,
      " TOOL": 2.0,
      "DATA": 4.247255053957275
    },
    "4": {
      " ACAP": 3.536656823323972,
      " AEXP": 2.2632480938337407,
      " CPLx": 3.5704188120501366,
      " DOCU": 4.016029463818496,
      " ETAT": 2.4097654779315314,
      " FLEx": 4.56529326390457,
      " KLOC": 321.61103027483944,
      " LTEx": 1.8886692092267818,
      " PCAP": 3.6785633726473472,
      " PCON": 2.274189551079581,
      " PLEx": 3.0306886649033156,
      " PMAT": 2.8631981649585536,
      " PREC": 3.606300078122174,
      " PVOL": 3.882893397198152,
      " RELY": 1.8548598348960146,
      " RESL": 2.643837644480836,
      " RUSE": 4.889633422417013,
      " SCED": 3.0,
      " SITE": 3.8678786152814277,
      " STOR": 3.726623433592381,
      " TEAM": 1.3251484119176928,
      " TIME": 3.8243698623942444,
      " TOOL": 2.0,
      "DATA": 2.310526668738888
    },
    "5": {
      " ACAP": 3.5895740703407055,
      " AEXP": 3.136551353973723,
      " CPLx": 2.8722934847733255,
      " DOCU": 1.3491257934948004,
      " ETAT": 3.1808100325475843,
      " FLEx": 1.3591986984222035,
      " KLOC": 74.91715000000599,
      " LTEx": 1.9300775849702432,
      " PCAP": 4.747918923526489,
      " PCON": 1.0903133924837882,
      " PLEx": 3.2450662477077032,
      " PMAT": 2.755050763943484,
      " PREC": 3.4626983492517702,
      " PVOL": 3.032636163473378,
      " RELY": 2.717636634898171,
      " RESL": 4.050004003806096,
      " RUSE": 3.020442681810164,
      " SCED": 3.0,
      " SITE": 3.94219699768659,
      " STOR": 3.47262553946031,
      " TEAM": 2.8925537535531896,
      " TIME": 3.2957141918235435,
      " TOOL": 2.0,
      "DATA": 4.74768430555069
    },
    "6": {
      " ACAP": 3.951847099053298,
      " AEXP": 3.7000724070477213,
      " CPLx": 1.404765179431409,
      " DOCU": 2.007861388688892,
      " ETAT": 1.4666051718835922,
      " FLEx": 4.496069421026563,
      " KLOC": 214.29215330107047,
      " LTEx": 3.039479749911683,
      " PCAP": 4.700464681251658,
      " PCON": 2.7772524488035932,
      " PLEx": 2.8287455363702985,
      " PMAT": 2.2166704277730593,