{
  "incumbent_ids": [
    19
  ],
  "rejected_config_ids": [
    2,
    3,
    4,
    1,
    6,
    7,
    8,
    9,
    10,
    11,
    12,
    13,
    14,
    15,
    16,
    17,
    18,
    5,
    20
  ],
  "incumbents_changed": 3,
  "trajectory": [
    {
      "config_ids": [
        1
      ],
      "costs": [
        0.6814589131366923
      ],
      "trial": 1,
      "walltime": 2.5467212200164795
    },
    {
      "config_ids": [
        5
      ],
      "costs": [
        0.6338210724320249
      ],
      "trial": 5,
      "walltime": 10.287853479385376
    },
    {
      "config_ids": [
        19
      ],
      "costs": [
        0.6293824206980374
      ],
      "trial": 19,
      "walltime": 39.5896520614624
    }
  ],
  "state": {
    "queue": []
  }
}