{
  "incumbent_ids": [
    7
  ],
  "rejected_config_ids": [
    1,
    3,
    4,
    5,
    6,
    2,
    8,
    9,
    10
  ],
  "incumbents_changed": 3,
  "trajectory": [
    {
      "config_ids": [
        1
      ],
      "costs": [
        0.4914606829138233
      ],
      "trial": 1,
      "walltime": 14.051010370254517
    },
    {
      "config_ids": [
        2
      ],
      "costs": [
        0.2203900603832899
      ],
      "trial": 2,
      "walltime": 29.093157052993774
    },
    {
      "config_ids": [
        7
      ],
      "costs": [
        0.21053032731700005
      ],
      "trial": 7,
      "walltime": 106.91586112976074
    }
  ],
  "state": {
    "queue": []
  }
}