{
  "incumbent_ids": [
    9
  ],
  "rejected_config_ids": [
    1,
    2,
    4,
    5,
    6,
    7,
    8,
    3,
    10,
    11,
    12,
    13,
    14,
    15,
    16,
    17,
    18,
    19,
    20,
    21,
    22,
    23,
    24
  ],
  "incumbents_changed": 4,
  "trajectory": [
    {
      "config_ids": [
        1
      ],
      "costs": [
        0.39562784633007353
      ],
      "trial": 1,
      "walltime": 0.008094310760498047
    },
    {
      "config_ids": [
        2
      ],
      "costs": [
        0.18405042978000274
      ],
      "trial": 2,
      "walltime": 0.017371654510498047
    },
    {
      "config_ids": [
        3
      ],
      "costs": [
        0.15617005063409828
      ],
      "trial": 3,
      "walltime": 0.029245853424072266
    },
    {
      "config_ids": [
        9
      ],
      "costs": [
        0.15309239924587648
      ],
      "trial": 9,
      "walltime": 2.3146278858184814
    }
  ],
  "state": {
    "queue": [
      [
        24,
        1
      ]
    ]
  }
}