{
  "incumbent_ids": [
    12
  ],
  "rejected_config_ids": [
    2,
    3,
    4,
    1,
    6,
    5,
    8,
    9,
    10,
    11,
    7,
    13,
    14,
    15,
    16,
    17,
    18
  ],
  "incumbents_changed": 4,
  "trajectory": [
    {
      "config_ids": [
        1
      ],
      "costs": [
        0.20174505409931276
      ],
      "trial": 1,
      "walltime": 0.008708953857421875
    },
    {
      "config_ids": [
        5
      ],
      "costs": [
        0.18363205337453525
      ],
      "trial": 5,
      "walltime": 2.894925832748413
    },
    {
      "config_ids": [
        7
      ],
      "costs": [
        0.1521475234721228
      ],
      "trial": 7,
      "walltime": 2.919189691543579
    },
    {
      "config_ids": [
        12
      ],
      "costs": [
        0.14654823838542264
      ],
      "trial": 12,
      "walltime": 5.713148832321167
    }
  ],
  "state": {
    "queue": [
      [
        18,
        1
      ]
    ]
  }
}