{
  "DE_params": {
    "mutation_factor": 0.5,
    "crossover_prob": 0.5,
    "strategy": "rand1_bin",
    "configspace": true,
    "boundary_fix_type": "random",
    "max_age": Infinity,
    "dimensions": 24,
    "output_path": "../results/tmp/DEHB_tmp/dehb_20251208-050301_eae2",
    "async_strategy": "immediate"
  },
  "HB_params": {
    "min_fidelity": 1,
    "max_fidelity": 10,
    "min_clip": null,
    "max_clip": null,
    "eta": 3
  },
  "internals": {
    "initial_configs": [
      {
        "config_id": 0,
        "config": [
          0.8329979879275654,
          0.961007591442374,
          0.5020718232044199,
          0.9801792017377138,
          0.5793742757821553,
          0.7918032786885246,
          0.43400243309002434,
          0.7604562737642585,
          0.47482376636455187,
          0.6078969015629284,
          0.242560553633218,
          0.45854145854145856,
          0.39272030651340994,
          0.8510344827586207,
          0.039154539154539154,
          0.25866302864938606,
          0.20868615132477464,
          0.0,
          0.846421125781793,
          0.7662337662337663,
          0.46728716123733915,
          0.6593406593406593,
          0.0,
          0.4493801652892562
        ],
        "results": {
          "1.1111111111111112": {
            "score": Infinity,
            "cost": -1,
            "info": {}
          }
        }
      },
      {
        "config_id": 1,
        "config": [
          0.29275653923541245,
          0.5593512767425811,
          0.9785911602209945,
          0.8840619060548466,
          0.1768250289687138,
          0.1284153005464481,
          0.44525547445255476,
          0.8406498444521259,
          0.8182275931520645,
          0.617768028516589,
          0.7816608996539792,
          0.5364635364635365,
          0.4389709906951286,
          0.05310344827586207,
          0.3343728343728344,
          0.3819918144611187,
          0.21824638077028136,
          0.0,
          0.5179522816770906,
          0.8231768231768232,
          0.6663016698603887,
          0.983016983016983,
          0.0,
          0.2596418732782369
        ],
        "results": {
          "1.1111111111111112": {
            "score": Infinity,
            "cost": -1,
            "info": {}
          }
        }
      },
      {
        "config_id": 2,
        "config": [
          0.5246478873239436,
          0.5707384403036577,
          0.9071132596685083,
          0.6581591094216671,
          0.9536500579374276,
          0.5825136612021858,
          0.16970802919708028,
          0.05219495333563775,
          0.09718026183282981,
          0.48231423087469155,
          0.36920415224913494,
          0.8041958041958042,
          0.4909688013136289,
          0.23206896551724138,
          0.3406098406098406,
          0.14597544338335608,
          0.7137394154602568,
          0.0,
          0.7398656474403521,
          0.7742257742257742,
          0.7588283602518477,
          0.37462537462537465,
          0.0,
          0.5912534435261708
        ],
        "results": {
          "1.1111111111111112": {
            "score": Infinity,
            "cost": -1,
            "info": {}
          }
        }
      },
      {
        "config_id": 3,
        "config": [
          0.11066398390342053,
          0.5072463768115942,
          0.05662983425414365,
          0.4781428183546022,
          0.47508690614136734,
          0.9983606557377049,
          0.7438158961881589,
          0.1935706878672658,
          0.8454179254783485,
          0.6089936934466685,
          0.4958477508650519,
          0.08791208791208792,
          0.5796387520525451,
          0.6437931034482759,
          0.8503118503118503,
          0.8646657571623465,
          0.32095055995629607,
          0.0,
          0.3900857076673616,
          0.3006993006993007,
          0.25814399124007664,
          0.02097902097902098,
          0.0,
          0.6608126721763086
        ],
        "results": {
          "1.1111111111111112": {
            "score": Infinity,
            "cost": -1,
            "info": {}
          }
        }
      },
      {
        "config_id": 4,
        "config": [
          0.14285714285714285,
          0.5438233264320221,
          0.93853591160221,
          0.9600868856910127,
          0.8662804171494786,
          0.30546448087431693,
          0.1802514193025142,
          0.7110266159695817,
          0.6057401812688822,
          0.837126405264601,
          0.5100346020761246,
          0.8841158841158842,
          0.8721948549534756,
          0.7903448275862069,
          0.2907137907137907,
          0.0660300136425648,
          0.3422562141491396,
          0.0,
          0.024554088487375492,
          0.5144855144855145,
          0.2652614289624966,
          0.36663336663336665,
          0.0,
          0.0168732782369146
        ],
        "results": {
          "1.1111111111111112": {
            "score": Infinity,
            "cost": -1,
            "info": {}
          }
        }
      },
      {
        "config_id": 5,
        "config": [
          0.4612676056338028,
          0.004140786749482402,
          0.024861878453038673,
          0.41569372793918,
          0.5893395133256083,
          0.33060109289617484,
          0.41565287915652877,
          0.07397165572070515,
          0.36706948640483383,
          0.21935837674801206,
          0.6782006920415224,
          0.7682317682317682,
          0.5322933771209634,
          0.48586206896551726,
          0.5696465696465697,
          0.261118690313779,
          0.7011745424747337,
          0.0,
          0.4018994672226083,
          0.13786213786213786,
          0.8209690665206679,
          0.9500499500499501,
          0.0,
          0.33746556473829203
        ],
        "results": {
          "1.1111111111111112": {
            "score": Infinity,
            "cost": -1,
            "info": {}
          }
        }
      },
      {
        "config_id": 6,
        "config": [
          0.6871227364185111,
          0.49309868875086266,
          0.8259668508287292,
          0.5750746673907141,
          0.8340672074159907,
          0.7109289617486338,
          0.9637064071370641,
          0.09885931558935361,
          0.15861027190332327,
          0.9799835481217439,
          0.9252595155709342,
          0.6133866133866134,
          0.9677066228790366,
          0.7296551724137931,
          0.5377685377685377,
          0.17326057298772168,
          0.30210325047801145,
          0.0,
          0.5283761871670142,
          0.16283716283716285,
          0.43361620585819877,
          0.45454545454545453,
          0.0,
          0.2916666666666667
        ],
        "results": {
          "1.1111111111111112": {
            "score": Infinity,
            "cost": -1,
            "info": {}
          }
        }
      },
      {
        "config_id": 7,
        "config": [
          0.7127766599597586,
          0.19358178053830227,
          0.43232044198895025,
          0.0038012489818083084,
          0.5042873696407879,
          0.6702185792349726,
          0.3468167072181671,
          0.8683027998617352,
          0.446122860020141,
          0.39566767205922676,
          0.3588235294117647,
          0.7792207792207793,
          0.8535851122058019,
          0.7313793103448276,
          0.9753984753984754,
          0.2635743519781719,
          0.7391423108440317,
          0.0,
          0.45216585591846187,
          0.4595404595404595,
          0.9230769230769231,
          0.1798201798201798,
          0.0,
          0.18009641873278237
        ],
        "results": {
          "1.1111111111111112": {
            "score": Infinity,
            "cost": -1,
            "info": {}
          }
        }
      },
      {
        "config_id": 8,