{
  "incumbent_ids": [
    11
  ],
  "rejected_config_ids": [
    2,
    3,
    4,
    5,
    6,
    7,
    8,
    9,
    10,
    1,
    12,
    13,
    14,
    15,
    16,
    17,
    18,
    19,
    20
  ],
  "incumbents_changed": 2,
  "trajectory": [
    {
      "config_ids": [
        1
      ],
      "costs": [
        0.8589062150229047
      ],
      "trial": 1,
      "walltime": 2.1288270950317383
    },
    {
      "config_ids": [
        11
      ],
      "costs": [
        0.5773502691896257
      ],
      "trial": 11,
      "walltime": 24.240378618240356
    }
  ],
  "state": {
    "queue": []
  }
}