{
  "incumbent_ids": [
    5
  ],
  "rejected_config_ids": [
    2,
    3,
    4,
    1,
    6,
    7,
    8,
    9,
    10,
    11,
    12,
    13,
    14,
    15,
    16,
    17,
    18
  ],
  "incumbents_changed": 2,
  "trajectory": [
    {
      "config_ids": [
        1
      ],
      "costs": [
        0.703017562915723
      ],
      "trial": 1,
      "walltime": 0.013389825820922852
    },
    {
      "config_ids": [
        5
      ],
      "costs": [
        0.5955431732752166
      ],
      "trial": 5,
      "walltime": 3.760963201522827
    }
  ],
  "state": {
    "queue": [
      [
        18,
        1
      ]
    ]
  }
}