{
  "incumbent_ids": [
    2
  ],
  "rejected_config_ids": [
    1,
    3,
    4,
    5
  ],
  "incumbents_changed": 2,
  "trajectory": [
    {
      "config_ids": [
        1
      ],
      "costs": [
        0.0018131588115550823
      ],
      "trial": 1,
      "walltime": 0.9072258472442627
    },
    {
      "config_ids": [
        2
      ],
      "costs": [
        1.0281851136273445e-05
      ],
      "trial": 2,
      "walltime": 1.6034948825836182
    }
  ],
  "state": {
    "queue": []
  }
}