{
  "incumbent_ids": [
    2
  ],
  "rejected_config_ids": [
    1,
    3,
    4,
    5,
    6
  ],
  "incumbents_changed": 2,
  "trajectory": [
    {
      "config_ids": [
        1
      ],
      "costs": [
        0.8917203080598135
      ],
      "trial": 1,
      "walltime": 0.01137399673461914
    },
    {
      "config_ids": [
        2
      ],
      "costs": [
        0.7813026551945553
      ],
      "trial": 2,
      "walltime": 2.4692845344543457
    }
  ],
  "state": {
    "queue": [
      [
        6,
        1
      ]
    ]
  }
}