{
  "incumbent_ids": [
    2
  ],
  "rejected_config_ids": [
    1,
    3,
    4,
    5
  ],
  "incumbents_changed": 2,
  "trajectory": [
    {
      "config_ids": [
        1
      ],
      "costs": [
        0.4914606829138233
      ],
      "trial": 1,
      "walltime": 13.976675987243652
    },
    {
      "config_ids": [
        2
      ],
      "costs": [
        0.2203900603832899
      ],
      "trial": 2,
      "walltime": 27.627697706222534
    }
  ],
  "state": {
    "queue": []
  }
}