{
  "incumbent_ids": [
    3
  ],
  "rejected_config_ids": [
    2,
    1,
    4,
    5,
    6
  ],
  "incumbents_changed": 2,
  "trajectory": [
    {
      "config_ids": [
        1
      ],
      "costs": [
        0.7748715806192519
      ],
      "trial": 1,
      "walltime": 0.012524843215942383
    },
    {
      "config_ids": [
        3
      ],
      "costs": [
        0.7553473057689546
      ],
      "trial": 3,
      "walltime": 2.117238998413086
    }
  ],
  "state": {
    "queue": [
      [
        6,
        1
      ]
    ]
  }
}