{
  "stats": {
    "submitted": 12,
    "finished": 12,
    "running": 0
  },
  "data": [
    [
      1,
      null,
      218175338,
      null,
      0.28038583836166997,
      0.005590200424194336,
      1,
      1763957050.171446,
      1763957050.1806622,
      {}
    ],
    [
      2,
      null,
      218175338,
      null,
      0.19897020387994757,
      0.0035936832427978516,
      1,
      1763957050.1947205,
      1763957050.2017627,
      {}
    ],
    [
      3,
      null,
      218175338,
      null,
      0.3469300942349064,
      0.003651142120361328,
      1,
      1763957050.2145212,
      1763957050.2218153,
      {}
    ],
    [
      4,
      null,
      218175338,
      null,
      0.32743383907383117,
      0.0027785301208496094,
      1,
      1763957054.7735543,
      1763957054.7780194,
      {}
    ],
    [
      5,
      null,
      218175338,
      null,
      0.4449723316892312,
      0.0019237995147705078,
      1,
      1763957054.786108,
      1763957054.7897527,
      {}
    ],
    [
      6,
      null,
      218175338,
      null,
      0.19782818799400448,
      0.002418994903564453,
      1,
      1763957054.797971,
      1763957054.8026679,
      {}
    ],
    [
      7,
      null,
      218175338,
      null,
      0.36909556194250315,
      0.0022459030151367188,
      1,
      1763957054.815459,
      1763957054.819986,
      {}
    ],
    [
      8,
      null,
      218175338,
      null,
      0.2523352762448374,
      0.0021238327026367188,
      1,
      1763957054.8319216,
      1763957054.8360043,
      {}
    ],
    [
      9,
      null,
      218175338,
      null,
      0.22475706509054405,
      0.0023784637451171875,
      1,
      1763957054.8471923,
      1763957054.8519533,
      {}
    ],
    [
      10,
      null,
      218175338,
      null,
      0.3291409674642046,
      0.002076387405395508,
      1,
      1763957054.8645303,
      1763957054.8684614,
      {}
    ],
    [
      11,
      null,
      218175338,
      null,
      0.3878983595671439,
      0.002902984619140625,
      1,
      1763957055.23624,
      1763957055.2411113,
      {}
    ],
    [
      12,
      null,
      218175338,
      null,
      0.3683871958511612,
      0.002720355987548828,
      1,
      1763957055.2637916,
      1763957055.2683053,
      {}
    ]
  ],
  "configs": {
    "1": {
      " ACAP": 4.487281400710344,
      " AEXP": 3.031646421404555,
      " CPLx": 1.954943704418838,
      " DOCU": 2.7987579479813576,
      " ETAT": 2.4747823917381466,
      " FLEx": 3.354655623435974,
      " KLOC": 211.02663717525638,
      " LTEx": 2.8227144512869415,
      " PCAP": 3.4963342752307653,
      " PCON": 3.4053986854851246,
      " PLEx": 3.6461703991517425,
      " PMAT": 2.2839088775217533,
      " PREC": 4.032060383154079,
      " PVOL": 4.58240580151137,
      " RELY": 3.5313928845226767,
      " RESL": 1.7282785171065478,
      " RUSE": 5.77068071672041,
      " SCED": 3.0,
      " SITE": 3.7656715596094728,
      " STOR": 3.4976685624569654,
      " TEAM": 1.3973230720087884,
      " TIME": 3.2497139321640134,
      " TOOL": 2.0,
      "DATA": 4.502128736699931
    },
    "2": {
      " ACAP": 3.346130909398198,
      " AEXP": 3.7223364684870464,
      " CPLx": 2.5048017101362348,
      " DOCU": 3.6268493309617043,
      " ETAT": 4.570195867426694,
      " FLEx": 2.8966642022132874,
      " KLOC": 124.79023222373425,
      " LTEx": 1.7818166749617084,
      " PCAP": 4.788220515474677,
      " PCON": 1.0276273414492607,
      " PLEx": 1.3651300575584173,
      " PMAT": 2.6705582290887833,
      " PREC": 2.212542771792039,
      " PVOL": 2.6225708813956006,
      " RELY": 2.222316235398874,
      " RESL": 4.4432995702847835,
      " RUSE": 3.807119723119773,
      " SCED": 3.0,
      " SITE": 2.488730935379863,
      " STOR": 3.5415804274380207,
      " TEAM": 4.821112528208643,
      " TIME": 3.9285126449540257,
      " TOOL": 2.0,
      "DATA": 3.1780942129511383
    },
    "3": {
      " ACAP": 3.991810292005539,
      " AEXP": 2.5024433457832784,
      " CPLx": 1.1791237881407142,
      " DOCU": 1.277416616678238,
      " ETAT": 5.883012705266476,
      " FLEx": 1.7164894603192806,
      " KLOC": 362.71313270783145,
      " LTEx": 1.2211230328250677,
      " PCAP": 4.014790333807468,
      " PCON": 2.142529610544443,
      " PLEx": 1.8409807533025742,
      " PMAT": 2.8765917932614684,
      " PREC": 3.9097481997897847,
      " PVOL": 3.6727362988367673,
      " RELY": 1.3702684869589286,
      " RESL": 2.0083240628112105,
      " RUSE": 2.563989206628874,
      " SCED": 3.0,
      " SITE": 4.974087694659829,
      " STOR": 3.962394703179598,
      " TEAM": 2.810563018063083,
      " TIME": 3.3926236797124147,
      " TOOL": 2.0,
      "DATA": 2.705202387712896
    },
    "4": {
      " ACAP": 3.4426166323810223,
      " AEXP": 3.29593509443945,
      " CPLx": 1.7660522448615878,
      " DOCU": 2.4908616805806467,
      " ETAT": 2.486485532972192,
      " FLEx": 4.756187050198328,
      " KLOC": 332.24905695782843,
      " LTEx": 2.2324252143847896,
      " PCAP": 4.519151155473271,
      " PCON": 1.3685711140866132,
      " PLEx": 1.239950350883322,
      " PMAT": 2.554718974867122,
      " PREC": 1.4557779226670275,
      " PVOL": 3.9471968245164706,
      " RELY": 1.3882948349099034,
      " RESL": 1.4312873462957394,
      " RUSE": 3.571602791424393,
      " SCED": 3.0,
      " SITE": 1.7931651047966404,
      " STOR": 3.849677958769976,
      " TEAM": 4.906339769630616,
      " TIME": 3.6528017684212446,
      " TOOL": 2.0,
      "DATA": 4.58567502221475
    },
    "5": {
      " ACAP": 3.4752996745488733,
      " AEXP": 4.474798075644085,
      " CPLx": 3.7638974608913722,
      " DOCU": 1.3613129701567463,
      " ETAT": 3.1131252063866555,
      " FLEx": 1.7063046888946518,
      " KLOC": 383.3895095511536,
      " LTEx": 1.8693875729184941,
      " PCAP": 4.00889272187612,
      " PCON": 2.6267227802032673,
      " PLEx": 1.3891917217314393,
      " PMAT": 2.449893094482973,
      " PREC": 1.5474691531772957,
      " PVOL": 2.7411230019332438,
      " RELY": 1.5850255132400684,
      " RESL": 1.4271950410517602,
      " RUSE": 5.8583569027870865,
      " SCED": 3.0,
      " SITE": 3.2222602415527697,
      " STOR": 3.0088865138485903,
      " TEAM": 2.242878260328659,
      " TIME": 3.834831782226088,
      " TOOL": 2.0,
      "DATA": 2.7882617111902377
    },
    "6": {
      " ACAP": 3.426052424956483,
      " AEXP": 2.390643905505801,
      " CPLx": 1.2876248795208964,
      " DOCU": 1.728721762368092,
      " ETAT": 4.332532036313658,
      " FLEx": 4.556849171282201,
      " KLOC": 149.72997414454278,
      " LTEx": 3.3409384488271057,
      " PCAP": 3.9500185840563184,
      " PCON": 3.9956782470043875,
      " PLEx": 1.156740030021101,
      " PMAT": 2.5642753600172403,
      " PREC": 1.793700695021442,
      " PVOL": 2.8830587942548194,
      " RELY": 3.5303156887387455,
      " RESL": 2.5357973361664694,
      " RUSE": 3.275548629687954,
      " SCED": 3.0,
      " SITE": 3.173494588538939,
      " STOR": 3.6478192877737543,
      " TEAM": 3.9868730145554707,
      " TIME": 3.6842503755117644,
      " TOOL": 2.0,
      "DATA": 3.3389635057880858
    },
    "7": {
      " ACAP": 3.4756512440144394,
      " AEXP": 4.4046404776088615,
      " CPLx": 1.821966335156011,
      " DOCU": 2.6877648204930997,
      " ETAT": 5.853697049670738,
      " FLEx": 2.9703301106656625,
      " KLOC": 384.92831477433333,
      " LTEx": 3.5487072389668524,
      " PCAP": 3.8972380292844093,
      " PCON": 4.133848839481322,
      " PLEx": 1.0843449760251298,
      " PMAT": 2.3935818327410936,
      " PREC": 1.4058494312640606,
      " PVOL": 4.4807471960153284,
      " RELY": 2.9462088459463156,
      " RESL": 3.7768662808364937,
      " RUSE": 5.622042897307324,
      " SCED": 3.0,
      " SITE": 2.0936028075645816,
      " STOR": 3.864442295306661,
      " TEAM": 4.390559694119438,