{"config": {"Criticality": 0.2942159248457513, "Criticality Modifier": 0.0489975039895433, "Culture": 0.0545578944919964, "Dynamism": 0.6619567667607731, "Initial Known": 0.660844502250516, "Inter-Dependency": 0.1645745394521941, "Plan": 0.1374761528008157, "Size": 0.2564993667920285, "Team Size": 0.5081995433906322}, "score": 0.058183512533759085, "info": {}}