{
  "incumbent_ids": [
    10
  ],
  "rejected_config_ids": [
    2,
    3,
    4,
    5,
    6,
    7,
    1,
    9,
    8,
    11,
    12
  ],
  "incumbents_changed": 3,
  "trajectory": [
    {
      "config_ids": [
        1
      ],
      "costs": [
        0.24492555558325813
      ],
      "trial": 1,
      "walltime": 0.012878894805908203
    },
    {
      "config_ids": [
        8
      ],
      "costs": [
        0.18916966975077987
      ],
      "trial": 8,
      "walltime": 2.4835782051086426
    },
    {
      "config_ids": [
        10
      ],
      "costs": [
        0.17158735757637955
      ],
      "trial": 10,
      "walltime": 4.97628927230835
    }
  ],
  "state": {
    "queue": [
      [
        12,
        1
      ]
    ]
  }
}