{
  "incumbent_ids": [
    4
  ],
  "rejected_config_ids": [
    2,
    3,
    1,
    5,
    6,
    7,
    8,
    9
  ],
  "incumbents_changed": 2,
  "trajectory": [
    {
      "config_ids": [
        1
      ],
      "costs": [
        0.6814589131366923
      ],
      "trial": 1,
      "walltime": 2.267385482788086
    },
    {
      "config_ids": [
        4
      ],
      "costs": [
        0.6668068021404426
      ],
      "trial": 4,
      "walltime": 87.44242143630981
    }
  ],
  "state": {
    "queue": []
  }
}