{
  "incumbent_ids": [
    2
  ],
  "rejected_config_ids": [
    1,
    3,
    4,
    5
  ],
  "incumbents_changed": 2,
  "trajectory": [
    {
      "config_ids": [
        1
      ],
      "costs": [
        0.574307935886541
      ],
      "trial": 1,
      "walltime": 3.424581527709961
    },
    {
      "config_ids": [
        2
      ],
      "costs": [
        0.2399611405121046
      ],
      "trial": 2,
      "walltime": 156.82949995994568
    }
  ],
  "state": {
    "queue": [
      [
        5,
        1
      ]
    ]
  }
}