{
  "incumbent_ids": [
    10
  ],
  "rejected_config_ids": [
    1,
    3,
    4,
    5,
    6,
    7,
    8,
    2,
    9,
    11,
    12,
    13,
    14,
    15,
    16,
    17,
    18,
    19,
    20,
    21,
    22,
    23,
    24,
    25,
    26,
    27,
    28,
    29,
    30,
    31,
    32,
    33,
    34,
    35,
    36,
    37,
    38,
    39,
    40,
    41,
    42,
    43,
    44,
    45,
    46,
    47,
    48,
    49,
    50
  ],
  "incumbents_changed": 4,
  "trajectory": [
    {
      "config_ids": [
        1
      ],
      "costs": [
        0.2397494235468789
      ],
      "trial": 1,
      "walltime": 0.015527009963989258
    },
    {
      "config_ids": [
        2
      ],
      "costs": [
        0.16905165062289162
      ],
      "trial": 2,
      "walltime": 0.02698993682861328
    },
    {
      "config_ids": [
        9
      ],
      "costs": [
        0.16378801074777583
      ],
      "trial": 9,
      "walltime": 2.94134259223938
    },
    {
      "config_ids": [
        10
      ],
      "costs": [
        0.15170821063374462
      ],
      "trial": 10,
      "walltime": 2.953782081604004
    }
  ],
  "state": {
    "queue": [
      [
        50,
        1
      ]
    ]
  }
}