{
  "stats": {
    "submitted": 45,
    "finished": 45,
    "running": 0
  },
  "data": [
    [
      1,
      null,
      662124363,
      null,
      0.5130400703430125,
      0.0928030014038086,
      1,
      1763050763.539492,
      1763050763.6496754,
      {}
    ],
    [
      2,
      null,
      662124363,
      null,
      0.5369167587890777,
      0.09249758720397949,
      1,
      1763050763.6560822,
      1763050763.7496488,
      {}
    ],
    [
      3,
      null,
      662124363,
      null,
      0.6728713888025759,
      0.09302091598510742,
      1,
      1763050763.7529452,
      1763050763.8470643,
      {}
    ],
    [
      4,
      null,
      662124363,
      null,
      0.45021922311446794,
      0.09311747550964355,
      1,
      1763050763.8508716,
      1763050763.9451442,
      {}
    ],
    [
      5,
      null,
      662124363,
      null,
      0.6988109477720973,
      0.08873653411865234,
      1,
      1763050763.958469,
      1763050764.0483453,
      {}
    ],
    [
      6,
      null,
      662124363,
      null,
      0.5494001897600241,
      0.09462475776672363,
      1,
      1763050764.064879,
      1763050764.160728,
      {}
    ],
    [
      7,
      null,
      662124363,
      null,
      0.5273971509438041,
      0.04345703125,
      1,
      1763050764.8773751,
      1763050764.9218547,
      {}
    ],
    [
      8,
      null,
      662124363,
      null,
      0.3961943038278054,
      0.04075264930725098,
      1,
      1763050764.9270306,
      1763050764.968826,
      {}
    ],
    [
      9,
      null,
      662124363,
      null,
      0.8713847026205241,
      0.04154539108276367,
      1,
      1763050764.9736655,
      1763050765.0162215,
      {}
    ],
    [
      10,
      null,
      662124363,
      null,
      0.5150609041420104,
      0.042237281799316406,
      1,
      1763050765.0201254,
      1763050765.0632775,
      {}
    ],
    [
      11,
      null,
      662124363,
      null,
      0.7046263151671761,
      0.042090654373168945,
      1,
      1763050765.0686052,
      1763050765.11159,
      {}
    ],
    [
      12,
      null,
      662124363,
      null,
      0.7232831747503715,
      0.04437708854675293,
      1,
      1763050765.493815,
      1763050765.5392334,
      {}
    ],
    [
      13,
      null,
      662124363,
      null,
      0.6687861978671078,
      0.04585623741149902,
      1,
      1763050765.544113,
      1763050765.591033,
      {}
    ],
    [
      14,
      null,
      662124363,
      null,
      0.5637853132975172,
      0.06365799903869629,
      1,
      1763050765.5984514,
      1763050765.6632109,
      {}
    ],
    [
      15,
      null,
      662124363,
      null,
      0.47835452846938886,
      0.043862104415893555,
      1,
      1763050766.500595,
      1763050766.545472,
      {}
    ],
    [
      16,
      null,
      662124363,
      null,
      0.4350877441709323,
      0.04177737236022949,
      1,
      1763050766.5511267,
      1763050766.5939329,
      {}
    ],
    [
      17,
      null,
      662124363,
      null,
      0.597939059093988,
      0.04206228256225586,
      1,
      1763050766.5994155,
      1763050766.6424465,
      {}
    ],
    [
      18,
      null,
      662124363,
      null,
      0.513885203239707,
      0.043228864669799805,
      1,
      1763050766.6472309,
      1763050766.691416,
      {}
    ],
    [
      19,
      null,
      662124363,
      null,
      0.46999872704776124,
      0.03961992263793945,
      1,
      1763050767.2376478,
      1763050767.2782571,
      {}
    ],
    [
      20,
      null,
      662124363,
      null,
      0.5963650992280811,
      0.041439056396484375,
      1,
      1763050767.2843099,
      1763050767.3267064,
      {}
    ],
    [
      21,
      null,
      662124363,
      null,
      0.516534077968935,
      0.0428166389465332,
      1,
      1763050767.331713,
      1763050767.3754609,
      {}
    ],
    [
      22,
      null,
      662124363,
      null,
      0.4426252477282385,
      0.04945254325866699,
      1,
      1763050768.5326273,
      1763050768.5831952,
      {}
    ],
    [
      23,
      null,
      662124363,
      null,
      0.5309096706334578,
      0.06849789619445801,
      1,
      1763050768.6130865,
      1763050768.6828241,
      {}
    ],
    [
      24,
      null,
      662124363,
      null,
      0.5159175666939738,
      0.04973149299621582,
      1,
      1763050768.689399,
      1763050768.740273,
      {}
    ],
    [
      25,
      null,
      662124363,
      null,
      0.40781820730939655,
      0.041712284088134766,
      1,
      1763050769.1758344,
      1763050769.218567,
      {}
    ],
    [
      26,
      null,
      662124363,
      null,
      0.6029212928651345,
      0.05277848243713379,
      1,
      1763050770.1136472,
      1763050770.1674585,
      {}
    ],
    [
      27,
      null,
      662124363,
      null,
      0.5292067443550948,
      0.09972119331359863,
      1,
      1763050770.191458,
      1763050770.2923295,
      {}
    ],
    [
      28,
      null,
      662124363,
      null,
      0.5630279189726654,
      0.0603635311126709,
      1,
      1763050770.3122659,
      1763050770.3736308,
      {}
    ],
    [
      29,
      null,
      662124363,
      null,
      0.3893870191155626,
      0.048775672912597656,
      1,
      1763050770.8216794,
      1763050770.8714242,
      {}
    ],
    [
      30,
      null,
      662124363,
      null,
      0.41821186046824166,
      0.04865455627441406,
      1,
      1763050771.6234934,
      1763050771.6731405,
      {}
    ],
    [
      31,
      null,
      662124363,
      null,
      0.5203276478698825,
      0.0796961784362793,
      1,
      1763050771.6792705,
      1763050771.7620113,
      {}
    ],
    [
      32,
      null,
      662124363,
      null,
      0.6040692187838723,
      0.056226491928100586,
      1,
      1763050771.7730536,
      1763050771.8302886,
      {}
    ],
    [
      33,
      null,
      662124363,
      null,
      0.6655506985551767,
      0.03894376754760742,
      1,
      1763050771.8638048,
      1763050771.903731,
      {}
    ],
    [
      34,
      null,
      662124363,
      null,
      0.6294628090054213,
      0.0856635570526123,
      1,
      1763050772.2886744,
      1763050772.3753316,
      {}
    ],
    [
      35,
      null,
      662124363,
      null,
      0.5021169684422148,
      0.08684110641479492,
      1,
      1763050772.381646,
      1763050772.4694538,
      {}
    ],
    [
      36,
      null,
      662124363,
      null,
      0.6591185020859024,
      0.0400388240814209,
      1,
      1763050773.566018,
      1763050773.6070216,
      {}
    ],
    [
      37,
      null,
      662124363,
      null,
      0.3777081854880393,
      0.04286932945251465,
      1,
      1763050774.388412,
      1763050774.432352,
      {}
    ],
    [
      38,
      null,
      662124363,
      null,
      0.5897734025356605,
      0.04189491271972656,
      1,
      1763050774.443673,
      1763050774.486557,
      {}
    ],
    [
      39,
      null,
      662124363,
      null,
      0.7008460447697168,
      0.04174160957336426,
      1,
      1763050774.863875,
      1763050774.9067502,
      {}
    ],
    [
      40,
      null,
      662124363,
      null,
      0.5436908271456216,
      0.0414273738861084,
      1,
      1763050774.9154043,
      1763050774.9578488,
      {}
    ],
    [
      41,
      null,
      662124363,
      null,
      0.6966145045739909,
      0.041556358337402344,
      1,
      1763050774.9793696,
      1763050775.0219305,
      {}
    ],
    [
      42,
      null,
      662124363,
      null,
      0.6814863997522544,
      0.04329371452331543,
      1,
      1763050775.502585,
      1763050775.5470448,
      {}
    ],
    [
      43,
      null,
      662124363,
      null,
      0.353038171607748,
