{'Clndrs': 4.0, 'Volume': 140.0, 'Model': 71.0, 'origin': 1.0}, {'Clndrs': 4.0, 'Volume': 140.0, 'Model': 75.0, 'origin': 1.0}, {'Clndrs': 4.0, 'Volume': 121.0, 'Model': 79.0, 'origin': 1.0}, {'Clndrs': 5.0, 'Volume': 183.0, 'Model': 79.0, 'origin': 2.0}, {'Clndrs': 4.0, 'Volume': 97.0, 'Model': 70.0, 'origin': 2.0}, {'Clndrs': 4.0, 'Volume': 140.0, 'Model': 82.0, 'origin': 1.0}, {'Clndrs': 4.0, 'Volume': 122.0, 'Model': 80.0, 'origin': 2.0}, {'Clndrs': 4.0, 'Volume': 98.0, 'Model': 82.0, 'origin': 1.0}, {'Clndrs': 4.0, 'Volume': 105.0, 'Model': 82.0, 'origin': 2.0}, {'Clndrs': 4.0, 'Volume': 98.0, 'Model': 81.0, 'origin': 1.0}, {'Clndrs': 4.0, 'Volume': 97.0, 'Model': 73.0, 'origin': 2.0}, {'Clndrs': 4.0, 'Volume': 97.0, 'Model': 70.0, 'origin': 2.0}, {'Clndrs': 6.0, 'Volume': 145.0, 'Model': 81.0, 'origin': 2.0}, {'Clndrs': 4.0, 'Volume': 72.0, 'Model': 71.0, 'origin': 3.0}, {'Clndrs': 4.0, 'Volume': 98.0, 'Model': 74.0, 'origin': 2.0}, {'Clndrs': 4.0, 'Volume': 105.0, 'Model': 79.0, 'origin': 1.0}, {'Clndrs': 4.0, 'Volume': 85.0, 'Model': 79.0, 'origin': 3.0}, {'Clndrs': 4.0, 'Volume': 91.0, 'Model': 71.0, 'origin': 1.0}, {'Clndrs': 4.0, 'Volume': 85.0, 'Model': 76.0, 'origin': 3.0}, {'Clndrs': 4.0, 'Volume': 122.0, 'Model': 80.0, 'origin': 2.0}
0.4436626620892513, 0.5099580946488214, 0.4761269953755567, 0.4559540336686524, 0.3263298147356364, 0.46948549832268416, 0.3912012433655878, 0.30706763493134415, 0.36198096077750375, 0.41914545658949853, 0.3216062143047753, 0.3263298147356364, 0.4235521708778065, 0.27467083302654305, 0.417773571755387, 0.45476695344501283, 0.35328328444748114, 0.32909678259718966, 0.3987424541225786, 0.3912012433655878
44.54775857925415, 27.4595685005188, 24.542978763580322, 21.96945858001709, 27.15140151977539, 25.208082914352417, 23.948651790618896, 21.88008761405945, 18.85458469390869, 27.989832878112793, 28.41107726097107, 25.326100826263428, 28.43903374671936, 25.195433855056763, 28.719671964645386, 26.277870178222656, 22.459168434143066, 22.785691022872925, 23.048707485198975, 26.841864585876465