{'Spout_wait': 4.0, 'Spliters': 5.0, 'Counters': 17.0}, {'Spout_wait': 9.0, 'Spliters': 6.0, 'Counters': 16.0}, {'Spout_wait': 10.0, 'Spliters': 5.0, 'Counters': 18.0}, {'Spout_wait': 4.0, 'Spliters': 4.0, 'Counters': 12.0}, {'Spout_wait': 3.0, 'Spliters': 5.0, 'Counters': 14.0}, {'Spout_wait': 7.0, 'Spliters': 6.0, 'Counters': 13.0}, {'Spout_wait': 8.0, 'Spliters': 4.0, 'Counters': 13.0}, {'Spout_wait': 5.0, 'Spliters': 5.0, 'Counters': 13.0}, {'Spout_wait': 7.0, 'Spliters': 3.0, 'Counters': 16.0}, {'Spout_wait': 5.0, 'Spliters': 5.0, 'Counters': 7.0}, {'Spout_wait': 10.0, 'Spliters': 4.0, 'Counters': 12.0}, {'Spout_wait': 5.0, 'Spliters': 5.0, 'Counters': 14.0}, {'Spout_wait': 100.0, 'Spliters': 6.0, 'Counters': 17.0}, {'Spout_wait': 7.0, 'Spliters': 5.0, 'Counters': 15.0}, {'Spout_wait': 5.0, 'Spliters': 4.0, 'Counters': 14.0}, {'Spout_wait': 9.0, 'Spliters': 6.0, 'Counters': 15.0}, {'Spout_wait': 4.0, 'Spliters': 5.0, 'Counters': 15.0}, {'Spout_wait': 3.0, 'Spliters': 4.0, 'Counters': 17.0}, {'Spout_wait': 10.0, 'Spliters': 5.0, 'Counters': 12.0}, {'Spout_wait': 3.0, 'Spliters': 5.0, 'Counters': 17.0}
0.0492717305442536, 0.05896302441698942, 0.03932649393228327, 0.12302448733889304, 0.11693860191663319, 0.07056443555047553, 0.10556090118423667, 0.0887640808830581, 0.08071823509139209, 0.17086496903247417, 0.09562253326990577, 0.12203177018427391, 0.06173091761865335, 0.06939789413429098, 0.11883139903371365, 0.05703678646842847, 0.06713198483889915, 0.07572545401912345, 0.07727105045676619, 0.07451111866140236
21.885315895080566, 17.96403169631958, 15.53429889678955, 15.088362455368042, 15.414175748825073, 15.338963031768799, 15.496800422668457, 15.531837224960327, 15.325911283493042, 12.746048212051392, 15.59194016456604, 15.421840906143188, 20.636071920394897, 15.6061110496521, 12.803772926330566, 15.619457960128784, 17.903316974639893, 15.587926864624023, 17.388248205184937, 15.316442966461182