{'Spout_wait': 3.0, 'Spliters': 6.0, 'Counters': 17.0}, {'Spout_wait': 9.0, 'Spliters': 3.0, 'Counters': 18.0}, {'Spout_wait': 9.0, 'Spliters': 4.0, 'Counters': 18.0}, {'Spout_wait': 10.0, 'Spliters': 3.0, 'Counters': 15.0}, {'Spout_wait': 10.0, 'Spliters': 6.0, 'Counters': 16.0}, {'Spout_wait': 6.0, 'Spliters': 6.0, 'Counters': 15.0}, {'Spout_wait': 9.0, 'Spliters': 6.0, 'Counters': 18.0}, {'Spout_wait': 9.0, 'Spliters': 5.0, 'Counters': 17.0}, {'Spout_wait': 10.0, 'Spliters': 6.0, 'Counters': 18.0}, {'Spout_wait': 8.0, 'Spliters': 6.0, 'Counters': 17.0}, {'Spout_wait': 5.0, 'Spliters': 5.0, 'Counters': 15.0}, {'Spout_wait': 5.0, 'Spliters': 5.0, 'Counters': 15.0}, {'Spout_wait': 8.0, 'Spliters': 5.0, 'Counters': 13.0}, {'Spout_wait': 9.0, 'Spliters': 6.0, 'Counters': 18.0}, {'Spout_wait': 5.0, 'Spliters': 3.0, 'Counters': 16.0}, {'Spout_wait': 10.0, 'Spliters': 6.0, 'Counters': 17.0}, {'Spout_wait': 100.0, 'Spliters': 4.0, 'Counters': 16.0}, {'Spout_wait': 9.0, 'Spliters': 5.0, 'Counters': 15.0}, {'Spout_wait': 8.0, 'Spliters': 4.0, 'Counters': 15.0}, {'Spout_wait': 10.0, 'Spliters': 6.0, 'Counters': 17.0}
0.031565920769186406, 0.05981031067793674, 0.060937930180403055, 0.0647745105971006, 0.06216759832061325, 0.0516294898461388, 0.03142005946668358, 0.020466796587967684, 0.029511347490367323, 0.006111178207122481, 0.06522933540472042, 0.06522933540472042, 0.06869452197396686, 0.03142005946668358, 0.09876403292331659, 0.000747363758841324, 0.1005762916356221, 0.07006267573259617, 0.05818674214934172, 0.000747363758841324
94.01814198493958, 88.9613208770752, 86.73776412010193, 89.48428678512573, 88.77174544334412, 89.97606015205383, 87.73373126983643, 86.45930337905884, 89.43837237358093, 89.70705771446228, 92.55486416816711, 86.57551717758179, 89.4501690864563, 86.41353678703308, 96.52251648902893, 86.03962802886963, 87.2300660610199, 90.61442399024963, 90.8438835144043, 85.198077917099