{'Spout_wait': 4.0, 'Spliters': 5.0, 'Counters': 10.0}, {'Spout_wait': 3.0, 'Spliters': 3.0, 'Counters': 18.0}, {'Spout_wait': 2.0, 'Spliters': 5.0, 'Counters': 15.0}, {'Spout_wait': 1.0, 'Spliters': 6.0, 'Counters': 5.0}, {'Spout_wait': 6.0, 'Spliters': 6.0, 'Counters': 10.0}, {'Spout_wait': 6.0, 'Spliters': 4.0, 'Counters': 15.0}, {'Spout_wait': 2.0, 'Spliters': 4.0, 'Counters': 10.0}, {'Spout_wait': 6.0, 'Spliters': 3.0, 'Counters': 1.0}, {'Spout_wait': 5.0, 'Spliters': 6.0, 'Counters': 14.0}, {'Spout_wait': 2.0, 'Spliters': 5.0, 'Counters': 10.0}, {'Spout_wait': 4.0, 'Spliters': 5.0, 'Counters': 17.0}, {'Spout_wait': 3.0, 'Spliters': 4.0, 'Counters': 15.0}, {'Spout_wait': 3.0, 'Spliters': 6.0, 'Counters': 15.0}, {'Spout_wait': 5.0, 'Spliters': 4.0, 'Counters': 1.0}, {'Spout_wait': 4.0, 'Spliters': 5.0, 'Counters': 15.0}, {'Spout_wait': 4.0, 'Spliters': 3.0, 'Counters': 5.0}, {'Spout_wait': 5.0, 'Spliters': 5.0, 'Counters': 4.0}, {'Spout_wait': 3.0, 'Spliters': 6.0, 'Counters': 13.0}, {'Spout_wait': 6.0, 'Spliters': 6.0, 'Counters': 18.0}, {'Spout_wait': 3.0, 'Spliters': 4.0, 'Counters': 1.0}
0.04928309323600877, 0.06952258069177952, 0.08563030302365293, 0.09413416011886078, 0.06527079973415661, 0.051797308758049, 0.054792021290341, 0.04227664546194576, 0.05053990568724742, 0.08551131741457396, 0.06898395533115131, 0.050780020257953695, 0.08431274234181418, 0.05485197085539084, 0.05317513139432972, 0.09209799450449718, 0.054612027473105784, 0.060540270892268655, 0.06317483948161395, 0.07760647054765257
81.73004078865051, 77.92605590820312, 71.0040512084961, 75.69800567626953, 73.6237382888794, 75.54831457138062, 75.56483936309814, 74.0423514842987, 75.08092641830444, 75.02965259552002, 71.13879704475403, 74.47840428352356, 72.8516628742218, 73.57265114784241, 78.21334552764893, 71.57586693763733, 75.74527931213379, 78.81182622909546, 73.13594484329224, 77.00759649276733