{'Spout_wait': 5.0, 'Spliters': 5.0, 'Counters': 1.0}, {'Spout_wait': 5.0, 'Spliters': 6.0, 'Counters': 16.0}, {'Spout_wait': 6.0, 'Spliters': 3.0, 'Counters': 1.0}, {'Spout_wait': 5.0, 'Spliters': 6.0, 'Counters': 16.0}, {'Spout_wait': 2.0, 'Spliters': 5.0, 'Counters': 14.0}, {'Spout_wait': 5.0, 'Spliters': 5.0, 'Counters': 1.0}, {'Spout_wait': 6.0, 'Spliters': 3.0, 'Counters': 1.0}, {'Spout_wait': 5.0, 'Spliters': 6.0, 'Counters': 14.0}, {'Spout_wait': 2.0, 'Spliters': 5.0, 'Counters': 14.0}, {'Spout_wait': 5.0, 'Spliters': 5.0, 'Counters': 1.0}, {'Spout_wait': 5.0, 'Spliters': 5.0, 'Counters': 1.0}, {'Spout_wait': 4.0, 'Spliters': 5.0, 'Counters': 10.0}, {'Spout_wait': 3.0, 'Spliters': 4.0, 'Counters': 15.0}, {'Spout_wait': 5.0, 'Spliters': 5.0, 'Counters': 1.0}, {'Spout_wait': 3.0, 'Spliters': 4.0, 'Counters': 15.0}, {'Spout_wait': 6.0, 'Spliters': 3.0, 'Counters': 1.0}, {'Spout_wait': 5.0, 'Spliters': 6.0, 'Counters': 14.0}, {'Spout_wait': 3.0, 'Spliters': 4.0, 'Counters': 15.0}, {'Spout_wait': 5.0, 'Spliters': 5.0, 'Counters': 1.0}, {'Spout_wait': 6.0, 'Spliters': 3.0, 'Counters': 1.0}
4.1023799471462397e-05, 0.05281542808411355, 0.04227664546194576, 0.05281542808411355, 0.04724666887988782, 4.1023799471462397e-05, 0.04227664546194576, 0.05053990568724742, 0.04724666887988782, 4.1023799471462397e-05, 4.1023799471462397e-05, 0.04928309323600877, 0.050780020257953695, 4.1023799471462397e-05, 0.050780020257953695, 0.04227664546194576, 0.05053990568724742, 0.050780020257953695, 4.1023799471462397e-05, 0.04227664546194576
343.16262888908386, 306.25275230407715, 301.7871890068054, 287.67990016937256, 287.3117244243622, 278.94026255607605, 261.7480881214142, 254.96817779541016, 262.64035177230835, 260.4660737514496, 258.76236748695374, 259.3453404903412, 251.1838502883911, 262.7719988822937, 256.3584861755371, 262.70500779151917, 260.576673746109, 263.6824748516083, 259.4683451652527, 254.34954380989075