{'Max_spout': 100.0, 'Spliters': 2.0, 'Counters': 18.0}, {'Max_spout': 1000000.0, 'Spliters': 6.0, 'Counters': 15.0}, {'Max_spout': 10000.0, 'Spliters': 2.0, 'Counters': 15.0}, {'Max_spout': 1000.0, 'Spliters': 2.0, 'Counters': 15.0}, {'Max_spout': 100.0, 'Spliters': 2.0, 'Counters': 12.0}, {'Max_spout': 100000.0, 'Spliters': 2.0, 'Counters': 18.0}, {'Max_spout': 1000000.0, 'Spliters': 1.0, 'Counters': 9.0}, {'Max_spout': 1000000.0, 'Spliters': 1.0, 'Counters': 3.0}, {'Max_spout': 1000000.0, 'Spliters': 1.0, 'Counters': 6.0}, {'Max_spout': 100.0, 'Spliters': 3.0, 'Counters': 15.0}, {'Max_spout': 1000000.0, 'Spliters': 1.0, 'Counters': 9.0}, {'Max_spout': 10000.0, 'Spliters': 2.0, 'Counters': 15.0}, {'Max_spout': 100000.0, 'Spliters': 2.0, 'Counters': 15.0}, {'Max_spout': 1000000.0, 'Spliters': 6.0, 'Counters': 1.0}, {'Max_spout': 10000.0, 'Spliters': 3.0, 'Counters': 15.0}, {'Max_spout': 1000000.0, 'Spliters': 2.0, 'Counters': 18.0}, {'Max_spout': 10000.0, 'Spliters': 1.0, 'Counters': 6.0}, {'Max_spout': 1000000.0, 'Spliters': 6.0, 'Counters': 12.0}, {'Max_spout': 1000000.0, 'Spliters': 1.0, 'Counters': 9.0}, {'Max_spout': 10000.0, 'Spliters': 2.0, 'Counters': 9.0}
0.46018851081583767, 0.46478414719232286, 0.37396253693787807, 0.36892976043895076, 0.4509522821374017, 0.43400974818367466, 0.32012653299473015, 0.39445597231778273, 0.36846990554864756, 0.4867655869588914, 0.32012653299473015, 0.37396253693787807, 0.42412389951739193, 0.40357683359835317, 0.5064962756981907, 0.3164259069728935, 0.41494030786695557, 0.44984553552444706, 0.32012653299473015, 0.40832520008941975
238.76033782958984, 232.12970066070557, 229.5432562828064, 226.40873193740845, 228.19992661476135, 225.40204668045044, 226.14766478538513, 227.96983361244202, 227.32053637504578, 230.95890712738037, 226.5782332420349, 222.33555126190186, 219.73323822021484, 220.96498107910156, 222.88175058364868, 224.46568059921265, 221.71536564826965, 224.63273167610168, 223.40333771705627, 220.06012749671936