{'Max_spout': 1000.0, 'Spliters': 2.0, 'Counters': 18.0}, {'Max_spout': 1000000.0, 'Spliters': 5.0, 'Counters': 17.0}, {'Max_spout': 100000.0, 'Spliters': 5.0, 'Counters': 9.0}, {'Max_spout': 1000.0, 'Spliters': 3.0, 'Counters': 11.0}, {'Max_spout': 100000.0, 'Spliters': 1.0, 'Counters': 11.0}, {'Max_spout': 100000.0, 'Spliters': 2.0, 'Counters': 9.0}, {'Max_spout': 100000.0, 'Spliters': 1.0, 'Counters': 9.0}, {'Max_spout': 1000.0, 'Spliters': 3.0, 'Counters': 12.0}, {'Max_spout': 1000.0, 'Spliters': 2.0, 'Counters': 13.0}, {'Max_spout': 100.0, 'Spliters': 1.0, 'Counters': 12.0}, {'Max_spout': 1000.0, 'Spliters': 2.0, 'Counters': 13.0}, {'Max_spout': 1000.0, 'Spliters': 3.0, 'Counters': 13.0}, {'Max_spout': 100000.0, 'Spliters': 2.0, 'Counters': 8.0}, {'Max_spout': 10000.0, 'Spliters': 2.0, 'Counters': 11.0}, {'Max_spout': 10000.0, 'Spliters': 2.0, 'Counters': 14.0}, {'Max_spout': 1000000.0, 'Spliters': 3.0, 'Counters': 10.0}, {'Max_spout': 100.0, 'Spliters': 3.0, 'Counters': 11.0}, {'Max_spout': 1000.0, 'Spliters': 2.0, 'Counters': 15.0}, {'Max_spout': 10000.0, 'Spliters': 3.0, 'Counters': 11.0}, {'Max_spout': 10000.0, 'Spliters': 3.0, 'Counters': 2.0}
0.2352639057826642, 0.30298249038522884, 0.31227865751625816, 0.2864531194843023, 0.23453324511852047, 0.20799191559604002, 0.24267659476476688, 0.27320635495790613, 0.22408941131740878, 0.3234816228317803, 0.22408941131740878, 0.27717980562508715, 0.2892939653335842, 0.17147007144779203, 0.15332396214456634, 0.30027109419634246, 0.3177023636381934, 0.22087845968356934, 0.2903552138983221, 0.24761777002500884
24.67876362800598, 28.06651020050049, 21.349119663238525, 24.693042755126953, 17.836296558380127, 27.682743787765503, 17.98121428489685, 21.362243175506592, 21.442037343978882, 21.082003355026245, 24.284911394119263, 21.372193098068237, 28.01583766937256, 21.218793630599976, 21.37387204170227, 24.451757669448853, 20.861339330673218, 24.240389585494995, 21.052643299102783, 27.169769287109375