{'Max_spout': 100000.0, 'Spliters': 2.0, 'Counters': 14.0}, {'Max_spout': 1000000.0, 'Spliters': 2.0, 'Counters': 15.0}, {'Max_spout': 10000.0, 'Spliters': 1.0, 'Counters': 13.0}, {'Max_spout': 1000.0, 'Spliters': 1.0, 'Counters': 14.0}, {'Max_spout': 10000.0, 'Spliters': 2.0, 'Counters': 18.0}, {'Max_spout': 1000000.0, 'Spliters': 2.0, 'Counters': 12.0}, {'Max_spout': 1000.0, 'Spliters': 3.0, 'Counters': 12.0}, {'Max_spout': 1000.0, 'Spliters': 2.0, 'Counters': 18.0}, {'Max_spout': 100000.0, 'Spliters': 2.0, 'Counters': 13.0}, {'Max_spout': 100000.0, 'Spliters': 3.0, 'Counters': 14.0}, {'Max_spout': 10000.0, 'Spliters': 2.0, 'Counters': 3.0}, {'Max_spout': 10000.0, 'Spliters': 3.0, 'Counters': 11.0}, {'Max_spout': 1000000.0, 'Spliters': 3.0, 'Counters': 12.0}, {'Max_spout': 1000000.0, 'Spliters': 2.0, 'Counters': 13.0}, {'Max_spout': 1000.0, 'Spliters': 3.0, 'Counters': 13.0}, {'Max_spout': 100000.0, 'Spliters': 2.0, 'Counters': 9.0}, {'Max_spout': 100000.0, 'Spliters': 1.0, 'Counters': 9.0}, {'Max_spout': 10000.0, 'Spliters': 2.0, 'Counters': 14.0}, {'Max_spout': 1000000.0, 'Spliters': 4.0, 'Counters': 16.0}, {'Max_spout': 10000.0, 'Spliters': 2.0, 'Counters': 12.0}
0.17424465104643616, 0.19052519703880066, 0.24227665075601124, 0.21626152942507804, 0.13646979561984285, 0.17863486685012364, 0.27320635495790613, 0.2352639057826642, 0.14855608246731045, 0.280387931922528, 0.2631456917190933, 0.2903552138983221, 0.28512387545681706, 0.1753336643562795, 0.27717980562508715, 0.20799191559604002, 0.24267659476476688, 0.15332396214456634, 0.3008514080543855, 0.16476005941792837
56.02868366241455, 50.74085712432861, 49.8639452457428, 50.273595333099365, 53.00229358673096, 52.717413902282715, 49.98968029022217, 48.984070777893066, 50.129188537597656, 53.79158020019531, 52.677709341049194, 49.91195273399353, 53.07591962814331, 49.333731174468994, 52.933902740478516, 49.04811406135559, 52.744365215301514, 45.53366470336914, 53.0343713760376, 50.48281192779541