{'Max_spout': 1.0, 'Spliters': 1.0, 'Counters': 15.0}, {'Max_spout': 1.0, 'Spliters': 1.0, 'Counters': 18.0}, {'Max_spout': 10.0, 'Spliters': 1.0, 'Counters': 6.0}, {'Max_spout': 1.0, 'Spliters': 2.0, 'Counters': 18.0}, {'Max_spout': 1.0, 'Spliters': 6.0, 'Counters': 1.0}, {'Max_spout': 10.0, 'Spliters': 3.0, 'Counters': 1.0}, {'Max_spout': 1.0, 'Spliters': 1.0, 'Counters': 18.0}, {'Max_spout': 1.0, 'Spliters': 1.0, 'Counters': 18.0}, {'Max_spout': 1.0, 'Spliters': 1.0, 'Counters': 1.0}, {'Max_spout': 1.0, 'Spliters': 1.0, 'Counters': 15.0}, {'Max_spout': 1.0, 'Spliters': 2.0, 'Counters': 1.0}, {'Max_spout': 1.0, 'Spliters': 1.0, 'Counters': 6.0}, {'Max_spout': 1.0, 'Spliters': 1.0, 'Counters': 12.0}, {'Max_spout': 1.0, 'Spliters': 1.0, 'Counters': 12.0}, {'Max_spout': 1.0, 'Spliters': 2.0, 'Counters': 18.0}, {'Max_spout': 10.0, 'Spliters': 2.0, 'Counters': 1.0}, {'Max_spout': 1.0, 'Spliters': 1.0, 'Counters': 3.0}, {'Max_spout': 1.0, 'Spliters': 1.0, 'Counters': 18.0}, {'Max_spout': 1.0, 'Spliters': 3.0, 'Counters': 9.0}, {'Max_spout': 1.0, 'Spliters': 1.0, 'Counters': 3.0}
0.0037165286103190143, 0.0, 0.17630151247680192, 0.004397110839524876, 0.01519589775424035, 0.06878891928068442, 0.0, 0.0, 0.004705878549212117, 0.0037165286103190143, 0.005342812986996237, 0.0020255808389428864, 0.0008018260942662669, 0.0008018260942662669, 0.004397110839524876, 0.04917651166850956, 0.003166889755378377, 0.0, 0.013299643704695163, 0.003166889755378377
237.2587742805481, 226.95835900306702, 227.49591898918152, 227.31893730163574, 229.33174681663513, 225.21639108657837, 230.2250621318817, 229.32258915901184, 227.94353652000427, 228.05921077728271, 229.18505430221558, 223.92877650260925, 226.8732979297638, 225.46255373954773, 221.13040161132812, 220.15866446495056, 220.33632445335388, 220.04502153396606, 220.43358540534973, 220.48407673835754