{
  "stats": {
    "submitted": 20,
    "finished": 20,
    "running": 0
  },
  "data": [
    [
      1,
      null,
      44556670,
      null,
      0.6489581010254273,
      3.4182538986206055,
      1,
      1763065114.122341,
      1763065117.605158,
      {}
    ],
    [
      2,
      null,
      44556670,
      null,
      0.38904512380671696,
      3.3820698261260986,
      1,
      1763065117.612291,
      1763065121.0630708,
      {}
    ],
    [
      3,
      null,
      44556670,
      null,
      0.5307498835308759,
      4.342480182647705,
      1,
      1763065121.0690892,
      1763065125.5143423,
      {}
    ],
    [
      4,
      null,
      44556670,
      null,
      0.516545406646431,
      3.4328174591064453,
      1,
      1763065125.5175164,
      1763065129.0193758,
      {}
    ],
    [
      5,
      null,
      44556670,
      null,
      0.3722957132080239,
      4.524404287338257,
      1,
      1763065129.0224042,
      1763065133.632486,
      {}
    ],
    [
      6,
      null,
      44556670,
      null,
      0.5324411360705336,
      3.595057487487793,
      1,
      1763065133.6367714,
      1763065137.3042219,
      {}
    ],
    [
      7,
      null,
      44556670,
      null,
      0.6142971970840067,
      3.552603244781494,
      1,
      1763065137.3075662,
      1763065140.9256306,
      {}
    ],
    [
      8,
      null,
      44556670,
      null,
      0.4245931649868422,
      3.16253662109375,
      1,
      1763065140.930599,
      1763065144.1594846,
      {}
    ],
    [
      9,
      null,
      44556670,
      null,
      0.3165091483332605,
      3.651543378829956,
      1,
      1763065144.1628923,
      1763065147.8763423,
      {}
    ],
    [
      10,
      null,
      44556670,
      null,
      0.38756549008442653,
      3.7513866424560547,
      1,
      1763065147.8800244,
      1763065151.7014658,
      {}
    ],
    [
      11,
      null,
      44556670,
      null,
      0.31935335702382617,
      3.344219446182251,
      1,
      1763065151.70533,
      1763065155.1494362,
      {}
    ],
    [
      12,
      null,
      44556670,
      null,
      0.2790980732210654,
      3.3593013286590576,
      1,
      1763065155.1531336,
      1763065158.5757184,
      {}
    ],
    [
      13,
      null,
      44556670,
      null,
      0.463207955821759,
      3.4761927127838135,
      1,
      1763065158.580059,
      1763065162.1704504,
      {}
    ],
    [
      14,
      null,
      44556670,
      null,
      0.37139745638016175,
      3.106424331665039,
      1,
      1763065162.1741614,
      1763065165.3481848,
      {}
    ],
    [
      15,
      null,
      44556670,
      null,
      0.3987477285067915,
      3.181504011154175,
      1,
      1763065165.3518457,
      1763065168.5954857,
      {}
    ],
    [
      16,
      null,
      44556670,
      null,
      0.4257292307697298,
      3.2066452503204346,
      1,
      1763065168.5991373,
      1763065171.8703985,
      {}
    ],
    [
      17,
      null,
      44556670,
      null,
      0.5798529490228436,
      3.3902528285980225,
      1,
      1763065171.8740644,
      1763065175.545872,
      {}
    ],
    [
      18,
      null,
      44556670,
      null,
      0.4002722287129872,
      3.1511805057525635,
      1,
      1763065175.5501778,
      1763065178.7668865,
      {}
    ],
    [
      19,
      null,
      44556670,
      null,
      0.508191627803184,
      3.60155987739563,
      1,
      1763065178.771344,
      1763065182.4394703,
      {}
    ],
    [
      20,
      null,
      44556670,
      null,
      0.23235705418532604,
      3.3341169357299805,
      1,
      1763065182.4436,
      1763065185.8423095,
      {}
    ]
  ],
  "configs": {
    "1": {
      "row_id": "423"
    },
    "2": {
      "row_id": "11015"
    },
    "3": {
      "row_id": "17939"
    },
    "4": {
      "row_id": "8453"
    },
    "5": {
      "row_id": "6868"
    },
    "6": {
      "row_id": "17380"
    },
    "7": {
      "row_id": "14308"
    },
    "8": {
      "row_id": "4899"
    },
    "9": {
      "row_id": "3619"
    },
    "10": {
      "row_id": "13105"
    },
    "11": {
      "row_id": "16142"
    },
    "12": {
      "row_id": "5550"
    },
    "13": {
      "row_id": "9752"
    },
    "14": {
      "row_id": "19162"
    },
    "15": {
      "row_id": "12195"
    },
    "16": {
      "row_id": "1683"
    },
    "17": {
      "row_id": "2291"
    },
    "18": {
      "row_id": "11623"
    },
    "19": {
      "row_id": "19812"
    },
    "20": {
      "row_id": "9066"
    }
  },
  "config_origins": {
    "1": "Initial Design: Sobol",
    "2": "Initial Design: Sobol",
    "3": "Initial Design: Sobol",
    "4": "Initial Design: Sobol",
    "5": "Initial Design: Sobol",
    "6": "Initial Design: Sobol",
    "7": "Initial Design: Sobol",
    "8": "Initial Design: Sobol",
    "9": "Initial Design: Sobol",
    "10": "Initial Design: Sobol",
    "11": "Initial Design: Sobol",
    "12": "Initial Design: Sobol",
    "13": "Initial Design: Sobol",
    "14": "Initial Design: Sobol",
    "15": "Initial Design: Sobol",
    "16": "Initial Design: Sobol",
    "17": "Initial Design: Sobol",
    "18": "Initial Design: Sobol",
    "19": "Initial Design: Sobol",
    "20": "Initial Design: Sobol"
  }
}