{
  "DE_params": {
    "mutation_factor": 0.5,
    "crossover_prob": 0.5,
    "strategy": "rand1_bin",
    "configspace": true,
    "boundary_fix_type": "random",
    "max_age": Infinity,
    "dimensions": 38,
    "output_path": "../results/tmp/DEHB_tmp/dehb_20251208-045033_6546",
    "async_strategy": "immediate"
  },
  "HB_params": {
    "min_fidelity": 1,
    "max_fidelity": 10,
    "min_clip": null,
    "max_clip": null,
    "eta": 3
  },
  "internals": {
    "initial_configs": [
      {
        "config_id": 0,
        "config": [
          0.15789473684210525,
          0.8421052631578947,
          0.03571428571428571,
          0.2,
          0.46938775510204084,
          0.6122448979591837,
          0.8133333333333334,
          0.26666666666666666,
          0.8636363636363636,
          0.38636363636363635,
          0.36097560975609755,
          0.41379310344827586,
          0.06896551724137931,
          0.90625,
          0.46875,
          0.1286549707602339,
          0.029239766081871343,
          0.2857142857142857,
          0.0,
          0.13636363636363635,
          0.6136363636363636,
          0.0,
          0.75,
          0.9,
          0.9666666666666667,
          0.6101694915254238,
          0.15254237288135594,
          0.022727272727272728,
          0.8943661971830986,
          0.17391304347826086,
          0.2608695652173913,
          0.6918918918918919,
          0.5675675675675675,
          0.3783783783783784,
          0.6666666666666666,
          0.660377358490566,
          0.8113207547169812,
          0.17006802721088435
        ],
        "results": {
          "1.1111111111111112": {
            "score": Infinity,
            "cost": -1,
            "info": {}
          }
        }
      },
      {
        "config_id": 1,
        "config": [
          0.34210526315789475,
          0.3684210526315789,
          0.21428571428571427,
          0.4,
          0.20408163265306123,
          0.8367346938775511,
          0.28,
          0.92,
          0.5454545454545454,
          0.8409090909090909,
          0.824390243902439,
          0.9310344827586207,
          0.3793103448275862,
          0.84375,
          0.65625,
          0.03508771929824561,
          0.52046783625731,
          0.7142857142857143,
          0.5,
          0.3181818181818182,
          0.11363636363636363,
          0.2857142857142857,
          0.0,
          0.4666666666666667,
          0.5,
          0.8305084745762712,
          0.8813559322033898,
          0.5909090909090909,
          0.19718309859154928,
          0.8695652173913043,
          0.13043478260869565,
          0.918918918918919,
          0.10810810810810811,
          0.32432432432432434,
          0.0,
          0.9056603773584906,
          0.3018867924528302,
          0.19727891156462585
        ],
        "results": {
          "1.1111111111111112": {
            "score": Infinity,
            "cost": -1,
            "info": {}
          }
        }
      },
      {
        "config_id": 2,
        "config": [
          0.13157894736842105,
          0.5263157894736842,
          0.75,
          0.0,
          0.5510204081632653,
          0.16326530612244897,
          0.84,
          0.38666666666666666,
          0.3409090909090909,
          0.75,
          0.8292682926829268,
          0.7931034482758621,
          0.896551724137931,
          0.65625,
          0.375,
          0.07017543859649122,
          0.7251461988304093,
          0.42857142857142855,
          0.5,
          0.22727272727272727,
          0.20454545454545456,
          0.42857142857142855,
          0.0,
          0.7333333333333333,
          0.1,
          0.7457627118644068,
          0.7796610169491526,
          0.3181818181818182,
          0.1619718309859155,
          0.43478260869565216,
          0.30434782608695654,
          0.04864864864864865,
          0.3783783783783784,
          0.1891891891891892,
          0.3333333333333333,
          0.1320754716981132,
          0.07547169811320754,
          0.6870748299319728
        ],
        "results": {
          "1.1111111111111112": {
            "score": Infinity,
            "cost": -1,
            "info": {}
          }
        }
      },
      {
        "config_id": 3,
        "config": [
          0.7631578947368421,
          0.7368421052631579,
          0.8928571428571429,
          0.2,
          0.16326530612244897,
          0.9387755102040817,
          0.24,
          0.38666666666666666,
          0.6363636363636364,
          0.6590909090909091,
          0.9853658536585366,
          0.7931034482758621,
          0.8275862068965517,
          0.21875,
          0.6875,
          0.49122807017543857,
          0.03508771929824561,
          0.42857142857142855,
          0.5,
          0.4090909090909091,
          0.7954545454545454,
          0.7142857142857143,
          0.375,
          0.9333333333333333,
          0.26666666666666666,
          0.22033898305084745,
          0.4406779661016949,
          0.3181818181818182,
          0.4014084507042254,
          0.21739130434782608,
          0.7391304347826086,
          0.1891891891891892,
          0.4864864864864865,
          0.918918918918919,
          0.5,
          0.8679245283018868,
          0.9056603773584906,
          0.3129251700680272
        ],
        "results": {
          "1.1111111111111112": {
            "score": Infinity,
            "cost": -1,
            "info": {}
          }
        }
      },
      {
        "config_id": 4,
        "config": [
          0.02631578947368421,
          0.5263157894736842,
          0.39285714285714285,
          0.0,
          0.16326530612244897,
          0.9183673469387755,
          0.24,
          0.6666666666666666,
          0.45454545454545453,
          0.1590909090909091,
          0.9902439024390244,
          0.5517241379310345,
          0.034482758620689655,
          0.71875,
          0.78125,
          0.6900584795321637,
          0.1871345029239766,
          0.2857142857142857,
          0.5,
          0.8181818181818182,
          0.3181818181818182,
          0.7142857142857143,
          0.625,
          0.4,
          0.6666666666666666,
          0.4067796610169492,
          0.6610169491525424,
          0.7045454545454546,
          0.5774647887323944,
          0.9565217391304348,
          0.782608695652174,
          0.7513513513513513,
          0.32432432432432434,
          0.35135135135135137,
          0.6666666666666666,
          0.18867924528301888,
          0.11320754716981132,
          0.5374149659863946
        ],
        "results": {
          "1.1111111111111112": {
            "score": Infinity,
            "cost": -1,
            "info": {}
          }
        }
      },
      {
        "config_id": 5,
        "config": [
          0.6578947368421053,
          0.3684210526315789,
          0.9285714285714286,
          0.0,
          0.9183673469387755,
          0.7346938775510204,
          0.22666666666666666,
          0.8266666666666667,
          0.38636363636363635,
          0.5227272727272727,
          0.15121951219512195,
          0.4827586206896552,
          0.6551724137931034,
          0.71875,
          0.875,
          0.5380116959064327,
          0.6900584795321637,
          0.7142857142857143,
          0.5,
          0.29545454545454547,
          0.3409090909090909,
          0.8571428571428571,
          0.0,
          0.0,
          0.6,
          0.8135593220338984,
          0.7796610169491526,
          0.9545454545454546,
          0.7394366197183099,
          0.5217391304347826,
          0.30434782608695654,
          0.15675675675675677,
          0.4864864864864865,
          0.43243243243243246,
          0.16666666666666666,
          0.7169811320754716,
          0.4716981132075472,
          0.6666666666666666
        ],