{
  "incumbent_ids": [
    3
  ],
  "rejected_config_ids": [
    1,
    2,
    4,
    5
  ],
  "incumbents_changed": 3,
  "trajectory": [
    {
      "config_ids": [
        1
      ],
      "costs": [
        0.7276729274931997
      ],
      "trial": 1,
      "walltime": 2.5481600761413574
    },
    {
      "config_ids": [
        2
      ],
      "costs": [
        0.6441385682607577
      ],
      "trial": 2,
      "walltime": 4.675376653671265
    },
    {
      "config_ids": [
        3
      ],
      "costs": [
        0.6381627518566482
      ],
      "trial": 3,
      "walltime": 7.0679590702056885
    }
  ],
  "state": {
    "queue": []
  }
}