{
  "incumbent_ids": [
    12
  ],
  "rejected_config_ids": [
    1,
    3,
    4,
    5,
    6,
    7,
    8,
    9,
    10,
    11,
    2
  ],
  "incumbents_changed": 3,
  "trajectory": [
    {
      "config_ids": [
        1
      ],
      "costs": [
        0.3117131509447977
      ],
      "trial": 1,
      "walltime": 0.015778064727783203
    },
    {
      "config_ids": [
        2
      ],
      "costs": [
        0.29022219327066423
      ],
      "trial": 2,
      "walltime": 2.970268726348877
    },
    {
      "config_ids": [
        12
      ],
      "costs": [
        0.2808001897403616
      ],
      "trial": 12,
      "walltime": 6.686917304992676
    }
  ],
  "state": {
    "queue": [
      [
        12,
        1
      ]
    ]
  }
}