{
  "stats": {
    "submitted": 6,
    "finished": 6,
    "running": 0
  },
  "data": [
    [
      1,
      null,
      662124363,
      null,
      0.281989750514144,
      0.0017070770263671875,
      1,
      1763449025.400778,
      1763449025.4037795,
      {}
    ],
    [
      2,
      null,
      662124363,
      null,
      0.3914163171236349,
      0.0008096694946289062,
      1,
      1763449025.4120896,
      1763449025.4139934,
      {}
    ],
    [
      3,
      null,
      662124363,
      null,
      0.4725693573841605,
      0.0011224746704101562,
      1,
      1763449026.6938987,
      1763449026.6962278,
      {}
    ],
    [
      4,
      null,
      662124363,
      null,
      0.3976387388972382,
      0.0005729198455810547,
      1,
      1763449026.7004116,
      1763449026.7019756,
      {}
    ],
    [
      5,
      null,
      662124363,
      null,
      0.34067012824198817,
      0.0007555484771728516,
      1,
      1763449026.7060242,
      1763449026.7077968,
      {}
    ],
    [
      6,
      null,
      662124363,
      null,
      0.21607514193624888,
      0.0008068084716796875,
      1,
      1763449026.7120554,
      1763449026.7138548,
      {}
    ]
  ],
  "configs": {
    "1": {
      "Criticality": 0.6263756322878258,
      "Criticality Modifier": 0.3234945086504675,
      "Culture": 0.009747420997053278,
      "Dynamism": 0.9921694475640987,
      "Initial Known": 0.7458081385134927,
      "Inter-Dependency": 0.1885319705064218,
      "Plan": 0.3754053363854491,
      "Size": 0.887072512325015,
      "Team Size": 0.4566565763567448
    },
    "2": {
      "Criticality": 0.1541743736196888,
      "Criticality Modifier": 0.7399986018166317,
      "Culture": 0.26331574606041425,
      "Dynamism": 0.5337018821162993,
      "Initial Known": 0.014594516006118084,
      "Inter-Dependency": 0.9187436771455957,
      "Plan": 0.9007113435951605,
      "Size": 0.033541943619915006,
      "Team Size": 0.9568583702486089
    },
    "3": {
      "Criticality": 0.48841820171263106,
      "Criticality Modifier": 0.7278146301503402,
      "Culture": 0.741273564377694,
      "Dynamism": 0.6553453062154786,
      "Initial Known": 0.19420894836944083,
      "Inter-Dependency": 0.18855924029836285,
      "Plan": 0.07972410856343345,
      "Size": 0.9182037003028138,
      "Team Size": 0.22935609640208476
    },
    "4": {
      "Criticality": 0.8845796478067235,
      "Criticality Modifier": 0.25469601001608255,
      "Culture": 0.7724216356827971,
      "Dynamism": 0.15521898772070317,
      "Initial Known": 0.9052531654996836,
      "Inter-Dependency": 0.7544962811066953,
      "Plan": 0.42683956214906543,
      "Size": 0.75178633043914,
      "Team Size": 0.7783713643040446
    },
    "5": {
      "Criticality": 0.1305210953603738,
      "Criticality Modifier": 0.3309287405012551,
      "Culture": 0.8930389874486592,
      "Dynamism": 0.9967504350564966,
      "Initial Known": 0.5972748677730648,
      "Inter-Dependency": 0.27374177523889615,
      "Plan": 0.7404143869161752,
      "Size": 0.17187729616181402,
      "Team Size": 0.7168838699004145
    },
    "6": {
      "Criticality": 0.4585237526507003,
      "Criticality Modifier": 0.5762818992216096,
      "Culture": 0.3545647533568307,
      "Dynamism": 0.5767275209716435,
      "Initial Known": 0.7273662772502453,
      "Inter-Dependency": 0.13785666933427887,
      "Plan": 0.028209557877674474,
      "Size": 0.22960283205769735,
      "Team Size": 0.023568434946975185
    }
  },
  "config_origins": {
    "1": "Initial Design: Sobol",
    "2": "Random Search",
    "3": "Acquisition Function Maximizer: Local Search",
    "4": "Acquisition Function Maximizer: Local Search",
    "5": "Acquisition Function Maximizer: Local Search",
    "6": "Random Search"
  }
}