iteration,config,value,elapsed_time
0,"{'Culture': 0.4485802527098225, 'Criticality': 0.1489799589949875, 'Criticality Modifier': 0.6773076085623955, 'Initial Known': 0.7130005152116439, 'Inter-Dependency': 0.0167293108957868, 'Dynamism': 0.1772133536754807, 'Size': 0.968776577385131, 'Plan': 0.8764285034893345, 'Team Size': 0.37874884520967}",0.3543259899748228,1
