iteration,config,value,elapsed_time
0,"{'Culture': 0.3343347562522288, 'Criticality': 0.0849773137101971, 'Criticality Modifier': 0.0815272512146058, 'Initial Known': 0.4643033677764506, 'Inter-Dependency': 0.3631284096662163, 'Dynamism': 0.3611135096518139, 'Size': 0.4000134591123312, 'Plan': 0.6021785324313547, 'Team Size': 0.9761978274554334}",0.1715908978072902,1
1,"{'Culture': 0.2142280381892446, 'Criticality': 0.3351401600317859, 'Criticality Modifier': 0.8703075535606628, 'Initial Known': 0.946952963369376, 'Inter-Dependency': 0.7714056413606769, 'Dynamism': 0.6776470916848472, 'Size': 0.8527028153449348, 'Plan': 0.9977464497790532, 'Team Size': 0.735574625159659}",0.2912853855960611,1
2,"{'Culture': 0.625995249087803, 'Criticality': 0.977211411223189, 'Criticality Modifier': 0.3718691559822298, 'Initial Known': 0.9903819038156262, 'Inter-Dependency': 0.7087886946338904, 'Dynamism': 0.9288045518468926, 'Size': 0.3832744238499064, 'Plan': 0.0158621830617855, 'Team Size': 0.3701285651079761}",0.3971662042834121,1
3,"{'Culture': 0.9864613123386804, 'Criticality': 0.8938468779848344, 'Criticality Modifier': 0.4484261332059849, 'Initial Known': 0.1919069230342209, 'Inter-Dependency': 0.8735395774900406, 'Dynamism': 0.1009442117319966, 'Size': 0.7140241071326698, 'Plan': 0.3955409957190859, 'Team Size': 0.5399675396920933}",0.32873748011339865,1
4,"{'Culture': 0.1211330015633481, 'Criticality': 0.1034703272738248, 'Criticality Modifier': 0.0056200814759673, 'Initial Known': 0.0225311173039638, 'Inter-Dependency': 0.0603573056405895, 'Dynamism': 0.7058630292219631, 'Size': 0.1154114350055754, 'Plan': 0.1906643721687562, 'Team Size': 0.8618458965740021}",0.14321202869811034,1
5,"{'Culture': 0.1621981650904734, 'Criticality': 0.0287668021429512, 'Criticality Modifier': 0.5378531514335199, 'Initial Known': 0.9305479014258492, 'Inter-Dependency': 0.9002882164465127, 'Dynamism': 0.5468340134254076, 'Size': 0.5175777420252958, 'Plan': 0.8192086425289249, 'Team Size': 0.7628858353919172}",0.1795701491211672,1
6,"{'Culture': 0.3513509109738777, 'Criticality': 0.4553722014049994, 'Criticality Modifier': 0.5901458252107988, 'Initial Known': 0.3297329493104761, 'Inter-Dependency': 0.656339047260234, 'Dynamism': 0.9553066909818232, 'Size': 0.5933353086548379, 'Plan': 0.7733906571422978, 'Team Size': 0.7756442648943052}",0.321132357817987,1
