iteration,config,value,elapsed_time
0,"{'Culture': 0.302952797480833, 'Criticality': 0.142722883907753, 'Criticality Modifier': 0.4489904860819678, 'Initial Known': 0.7564689145064344, 'Inter-Dependency': 0.0482883514565868, 'Dynamism': 0.5258443439537243, 'Size': 0.5271101923444921, 'Plan': 0.9915242960477344, 'Team Size': 0.0169174475087757}",0.2286623837208427,1
1,"{'Culture': 0.0912185659512994, 'Criticality': 0.2256152123806336, 'Criticality Modifier': 0.9642186953178798, 'Initial Known': 0.5294369371748239, 'Inter-Dependency': 0.5244201273795102, 'Dynamism': 0.7137180183897206, 'Size': 0.6964535550577374, 'Plan': 0.7724171744100765, 'Team Size': 0.5607835078927154}",0.32584752133501205,1
2,"{'Culture': 0.5806194379986789, 'Criticality': 0.3030321569593943, 'Criticality Modifier': 0.7071870008131946, 'Initial Known': 0.5331897285106986, 'Inter-Dependency': 0.4171189430665493, 'Dynamism': 0.9794115678227768, 'Size': 0.3698354742369113, 'Plan': 0.8842009888277461, 'Team Size': 0.6465670989366429}",0.4362001069815201,1
3,"{'Culture': 0.8036859418907756, 'Criticality': 0.8147111226306345, 'Criticality Modifier': 0.6006805217237464, 'Initial Known': 0.7667534493265608, 'Inter-Dependency': 0.6832803261988881, 'Dynamism': 0.4703304592163392, 'Size': 0.6542972670389469, 'Plan': 0.0578956545377861, 'Team Size': 0.756866800128685}",0.4591231392931806,1
4,"{'Culture': 0.2461031160331139, 'Criticality': 0.343925001896745, 'Criticality Modifier': 0.6606009157713616, 'Initial Known': 0.6445169371120971, 'Inter-Dependency': 0.9368376824432494, 'Dynamism': 0.3674976589395179, 'Size': 0.2649164145888391, 'Plan': 0.427506679977886, 'Team Size': 0.687297493802557}",0.2038417617615501,1
5,"{'Culture': 0.2429268429241343, 'Criticality': 0.4428666645649622, 'Criticality Modifier': 0.6286124627563854, 'Initial Known': 0.7806345663376619, 'Inter-Dependency': 0.0226627493041231, 'Dynamism': 0.2189099291300497, 'Size': 0.9584130526353026, 'Plan': 0.3182004133728243, 'Team Size': 0.9318624473438604}",0.50161927408789,1
6,"{'Culture': 0.3333295814370575, 'Criticality': 0.551337336029787, 'Criticality Modifier': 0.989800198422148, 'Initial Known': 0.6944135831571158, 'Inter-Dependency': 0.1369365376953847, 'Dynamism': 0.2369010688872399, 'Size': 0.9171890693159054, 'Plan': 0.6487761477897578, 'Team Size': 0.4298383589429868}",0.472402977291426,1
