iteration,config,value,elapsed_time
0,"{'Culture': 0.9645917399192848, 'Criticality': 0.5191731353487903, 'Criticality Modifier': 0.8704295243762971, 'Initial Known': 0.4178116834130991, 'Inter-Dependency': 0.5677749746121118, 'Dynamism': 0.9220987704019558, 'Size': 0.8789861794991121, 'Plan': 0.9861539501945248, 'Team Size': 0.7864253640283149}",0.48576529119451384,1
1,"{'Culture': 0.3869024745615513, 'Criticality': 0.3628189334208673, 'Criticality Modifier': 0.8298454685458604, 'Initial Known': 0.6698760436357779, 'Inter-Dependency': 0.628106372208074, 'Dynamism': 0.5379892122716804, 'Size': 0.3298277743330452, 'Plan': 0.5643926480743872, 'Team Size': 0.3420700686720324}",0.23573125606664014,1
