iteration,config,value,elapsed_time
0,"{'Culture': 0.5627156110054445, 'Criticality': 0.9075626687811998, 'Criticality Modifier': 0.205192872356402, 'Initial Known': 0.0097370477279596, 'Inter-Dependency': 0.3786703329550858, 'Dynamism': 0.7603936833818301, 'Size': 0.7306887973673148, 'Plan': 0.5295731340136466, 'Team Size': 0.977599494490228}",0.38801300998014165,1
1,"{'Culture': 0.9814116282995988, 'Criticality': 0.7963289519946155, 'Criticality Modifier': 0.9506827317720804, 'Initial Known': 0.9131880169737556, 'Inter-Dependency': 0.8632331190758182, 'Dynamism': 0.8461874373665724, 'Size': 0.0807826743943168, 'Plan': 0.63938207730721, 'Team Size': 0.2113677129597014}",0.36654710053379524,1
2,"{'Culture': 0.6822937567425859, 'Criticality': 0.3027687988306806, 'Criticality Modifier': 0.4784839625963096, 'Initial Known': 0.4118125006117539, 'Inter-Dependency': 0.3714736859396733, 'Dynamism': 0.858807522195505, 'Size': 0.830075127793984, 'Plan': 0.4142836256908462, 'Team Size': 0.3346939086402138}",0.4176542799464197,1
3,"{'Culture': 0.3087399550054396, 'Criticality': 0.9558719171864858, 'Criticality Modifier': 0.7352637404644576, 'Initial Known': 0.0121944153771704, 'Inter-Dependency': 0.9855194648895248, 'Dynamism': 0.5541798214699464, 'Size': 0.1401938494992323, 'Plan': 0.9360992339223476, 'Team Size': 0.3841858032836849}",0.2276427226626052,1
4,"{'Culture': 0.2379368211701072, 'Criticality': 0.9228973019530932, 'Criticality Modifier': 0.1674476643619321, 'Initial Known': 0.35374331736427, 'Inter-Dependency': 0.2352191886154184, 'Dynamism': 0.294832943027433, 'Size': 0.8593109481168922, 'Plan': 0.867278613164099, 'Team Size': 0.0536734026408287}",0.18766027404979546,1
5,"{'Culture': 0.5734170991389069, 'Criticality': 0.7598291256486247, 'Criticality Modifier': 0.0502368434409076, 'Initial Known': 0.4266954229605052, 'Inter-Dependency': 0.873650633737622, 'Dynamism': 0.3785457296414676, 'Size': 0.1467451553126837, 'Plan': 0.9734914901916136, 'Team Size': 0.6530984970084414}",0.12013059632374556,1
6,"{'Culture': 0.6504490424132516, 'Criticality': 0.7864177100438696, 'Criticality Modifier': 0.1573475471427898, 'Initial Known': 0.8083622074168282, 'Inter-Dependency': 0.6499362108896418, 'Dynamism': 0.8181760953916559, 'Size': 0.1699057689152209, 'Plan': 0.6282228368223681, 'Team Size': 0.2167553407336191}",0.39246188991813247,1
