{
  "stats": {
    "submitted": 20,
    "finished": 20,
    "running": 0
  },
  "data": [
    [
      1,
      null,
      662124363,
      null,
      0.6728292510170999,
      0.8527510166168213,
      1,
      1763063858.8487468,
      1763063859.7197447,
      {}
    ],
    [
      2,
      null,
      662124363,
      null,
      7.442897000053961e-06,
      0.8508172035217285,
      1,
      1763063859.7268713,
      1763063860.5937934,
      {}
    ],
    [
      3,
      null,
      662124363,
      null,
      0.006076110460077611,
      0.9881515502929688,
      1,
      1763063860.6036556,
      1763063861.622811,
      {}
    ],
    [
      4,
      null,
      662124363,
      null,
      0.5215239367598492,
      0.743706464767456,
      1,
      1763063861.625773,
      1763063862.382404,
      {}
    ],
    [
      5,
      null,
      662124363,
      null,
      0.005806899291989076,
      0.7826640605926514,
      1,
      1763063862.3864853,
      1763063863.187464,
      {}
    ],
    [
      6,
      null,
      662124363,
      null,
      0.011942898439726957,
      0.6707921028137207,
      1,
      1763063863.1909997,
      1763063863.88015,
      {}
    ],
    [
      7,
      null,
      662124363,
      null,
      0.0006072943269864739,
      0.5832560062408447,
      1,
      1763063863.8832486,
      1763063864.4792886,
      {}
    ],
    [
      8,
      null,
      662124363,
      null,
      0.00045642090230368915,
      0.5905923843383789,
      1,
      1763063864.4824257,
      1763063865.0866668,
      {}
    ],
    [
      9,
      null,
      662124363,
      null,
      0.0007584268854139431,
      0.673020601272583,
      1,
      1763063865.0910535,
      1763063865.77644,
      {}
    ],
    [
      10,
      null,
      662124363,
      null,
      0.001389935821209276,
      0.7095746994018555,
      1,
      1763063865.7802925,
      1763063866.503366,
      {}
    ],
    [
      11,
      null,
      662124363,
      null,
      0.392475331907138,
      0.5835614204406738,
      1,
      1763063866.5067012,
      1763063867.1030338,
      {}
    ],
    [
      12,
      null,
      662124363,
      null,
      0.005561586013688058,
      0.5926902294158936,
      1,
      1763063867.1062813,
      1763063867.711734,
      {}
    ],
    [
      13,
      null,
      662124363,
      null,
      0.034890919089807126,
      0.6240041255950928,
      1,
      1763063867.7149038,
      1763063868.3525708,
      {}
    ],
    [
      14,
      null,
      662124363,
      null,
      0.002646676897650857,
      0.5901682376861572,
      1,
      1763063868.3558545,
      1763063868.958804,
      {}
    ],
    [
      15,
      null,
      662124363,
      null,
      3.907161017058236e-06,
      0.588019847869873,
      1,
      1763063868.9621205,
      1763063869.5629318,
      {}
    ],
    [
      16,
      null,
      662124363,
      null,
      0.0018564053542790004,
      0.653954029083252,
      1,
      1763063869.5670154,
      1763063870.2332857,
      {}
    ],
    [
      17,
      null,
      662124363,
      null,
      0.0025628327349263014,
      0.6497204303741455,
      1,
      1763063870.2370548,
      1763063870.8994567,
      {}
    ],
    [
      18,
      null,
      662124363,
      null,
      4.329549020909429e-05,
      0.6230370998382568,
      1,
      1763063870.9033415,
      1763063871.5390549,
      {}
    ],
    [
      19,
      null,
      662124363,
      null,
      0.08918519712879813,
      0.6209132671356201,
      1,
      1763063871.5429256,
      1763063872.1764276,
      {}
    ],
    [
      20,
      null,
      662124363,
      null,
      0.03333899588553202,
      0.7072992324829102,
      1,
      1763063872.1808069,
      1763063872.917541,
      {}
    ]
  ],
  "configs": {
    "1": {
      "row_id": "2405"
    },
    "2": {
      "row_id": "437"
    },
    "3": {
      "row_id": "1413"
    },
    "4": {
      "row_id": "3410"
    },
    "5": {
      "row_id": "3021"
    },
    "6": {
      "row_id": "1740"
    },
    "7": {
      "row_id": "825"
    },
    "8": {
      "row_id": "2076"
    },
    "9": {
      "row_id": "2315"
    },
    "10": {
      "row_id": "588"
    },
    "11": {
      "row_id": "1503"
    },
    "12": {
      "row_id": "3259"
    },
    "13": {
      "row_id": "3650"
    },
    "14": {
      "row_id": "1170"
    },
    "15": {
      "row_id": "195"
    },
    "16": {
      "row_id": "2646"
    },
    "17": {
      "row_id": "2855"
    },
    "18": {
      "row_id": "48"
    },
    "19": {
      "row_id": "963"
    },
    "20": {
      "row_id": "3800"
    }
  },
  "config_origins": {
    "1": "Initial Design: Sobol",
    "2": "Initial Design: Sobol",
    "3": "Initial Design: Sobol",
    "4": "Initial Design: Sobol",
    "5": "Initial Design: Sobol",
    "6": "Initial Design: Sobol",
    "7": "Initial Design: Sobol",
    "8": "Initial Design: Sobol",
    "9": "Initial Design: Sobol",
    "10": "Initial Design: Sobol",
    "11": "Initial Design: Sobol",
    "12": "Initial Design: Sobol",
    "13": "Initial Design: Sobol",
    "14": "Initial Design: Sobol",
    "15": "Initial Design: Sobol",
    "16": "Initial Design: Sobol",
    "17": "Initial Design: Sobol",
    "18": "Initial Design: Sobol",
    "19": "Initial Design: Sobol",
    "20": "Initial Design: Sobol"
  }
}