{
  "incumbent_ids": [
    4
  ],
  "rejected_config_ids": [
    2,
    3,
    1,
    5,
    6,
    7,
    8,
    9,
    10,
    11,
    12,
    13,
    14,
    15,
    16,
    17,
    18
  ],
  "incumbents_changed": 2,
  "trajectory": [
    {
      "config_ids": [
        1
      ],
      "costs": [
        0.4893697889292481
      ],
      "trial": 1,
      "walltime": 0.01884317398071289
    },
    {
      "config_ids": [
        4
      ],
      "costs": [
        0.3911297799568667
      ],
      "trial": 4,
      "walltime": 1.356724739074707
    }
  ],
  "state": {
    "queue": [
      [
        18,
        1
      ]
    ]
  }
}