{
  "incumbent_ids": [
    2
  ],
  "rejected_config_ids": [
    1
  ],
  "incumbents_changed": 2,
  "trajectory": [
    {
      "config_ids": [
        1
      ],
      "costs": [
        0.3812876703381197
      ],
      "trial": 1,
      "walltime": 1.7349357604980469
    },
    {
      "config_ids": [
        2
      ],
      "costs": [
        0.28859357490825777
      ],
      "trial": 2,
      "walltime": 3.578864574432373
    }
  ],
  "state": {
    "queue": []
  }
}