{
  "stats": {
    "submitted": 24,
    "finished": 24,
    "running": 0
  },
  "data": [
    [
      1,
      null,
      2005877882,
      null,
      0.3488494586375067,
      0.0019021034240722656,
      1,
      1763448076.974168,
      1763448076.9775724,
      {}
    ],
    [
      2,
      null,
      2005877882,
      null,
      0.4905638394631988,
      0.0010716915130615234,
      1,
      1763448076.9835057,
      1763448076.9857554,
      {}
    ],
    [
      3,
      null,
      2005877882,
      null,
      0.6023873469564438,
      0.0024755001068115234,
      1,
      1763448078.7164953,
      1763448078.720229,
      {}
    ],
    [
      4,
      null,
      2005877882,
      null,
      0.47934950465441295,
      0.001352071762084961,
      1,
      1763448078.7245393,
      1763448078.7271101,
      {}
    ],
    [
      5,
      null,
      2005877882,
      null,
      0.5424575418858912,
      0.0011091232299804688,
      1,
      1763448078.7331846,
      1763448078.7355351,
      {}
    ],
    [
      6,
      null,
      2005877882,
      null,
      0.3859376682715019,
      0.0011098384857177734,
      1,
      1763448078.7415707,
      1763448078.7438753,
      {}
    ],
    [
      7,
      null,
      2005877882,
      null,
      0.3004911477586327,
      0.0022039413452148438,
      1,
      1763448078.7487214,
      1763448078.7520244,
      {}
    ],
    [
      8,
      null,
      2005877882,
      null,
      0.5592945464971819,
      0.0026438236236572266,
      1,
      1763448078.7575152,
      1763448078.76128,
      {}
    ],
    [
      9,
      null,
      2005877882,
      null,
      0.5424575418858912,
      0.00036835670471191406,
      1,
      1763448078.7665353,
      1763448078.7694073,
      {}
    ],
    [
      10,
      null,
      2005877882,
      null,
      0.38657168230532857,
      0.001054525375366211,
      1,
      1763448078.7752707,
      1763448078.7774131,
      {}
    ],
    [
      11,
      null,
      2005877882,
      null,
      0.5407183477157868,
      0.0011110305786132812,
      1,
      1763448080.0788841,
      1763448080.081184,
      {}
    ],
    [
      12,
      null,
      2005877882,
      null,
      0.595121103903349,
      0.0008058547973632812,
      1,
      1763448080.0872366,
      1763448080.0891106,
      {}
    ],
    [
      13,
      null,
      2005877882,
      null,
      0.545793921898377,
      0.0007069110870361328,
      1,
      1763448080.095149,
      1763448080.0969484,
      {}
    ],
    [
      14,
      null,
      2005877882,
      null,
      0.5761700300038849,
      0.0007696151733398438,
      1,
      1763448080.1033998,
      1763448080.1052542,
      {}
    ],
    [
      15,
      null,
      2005877882,
      null,
      0.4607697818100265,
      0.00090789794921875,
      1,
      1763448080.1117918,
      1763448080.1138413,
      {}
    ],
    [
      16,
      null,
      2005877882,
      null,
      0.44454410908178454,
      0.0009391307830810547,
      1,
      1763448080.120608,
      1763448080.1226408,
      {}
    ],
    [
      17,
      null,
      2005877882,
      null,
      0.44358151016208813,
      0.0010192394256591797,
      1,
      1763448080.1297612,
      1763448080.131934,
      {}
    ],
    [
      18,
      null,
      2005877882,
      null,
      0.6058091916853242,
      0.0009703636169433594,
      1,
      1763448080.1394527,
      1763448080.1415093,
      {}
    ],
    [
      19,
      null,
      2005877882,
      null,
      0.498199902198712,
      0.0012011528015136719,
      1,
      1763448080.1595876,
      1763448080.1619291,
      {}
    ],
    [
      20,
      null,
      2005877882,
      null,
      0.31111918037039366,
      0.0017120838165283203,
      1,
      1763448081.5215893,
      1763448081.5245192,
      {}
    ],
    [
      21,
      null,
      2005877882,
      null,
      0.5125318889777389,
      0.000904083251953125,
      1,
      1763448081.5332358,
      1763448081.5353062,
      {}
    ],
    [
      22,
      null,
      2005877882,
      null,
      0.41271335399736,
      0.0008141994476318359,
      1,
      1763448081.543491,
      1763448081.545329,
      {}
    ],
    [
      23,
      null,
      2005877882,
      null,
      0.3836001753574134,
      0.0007596015930175781,
      1,
      1763448081.5538769,
      1763448081.5558715,
      {}
    ],
    [
      24,
      null,
      2005877882,
      null,
      0.2738443773674186,
      0.0008902549743652344,
      1,
      1763448081.5645895,
      1763448081.566616,
      {}
    ]
  ],
  "configs": {
    "1": {
      "Criticality": 0.11393868827300761,
      "Criticality Modifier": 0.7918448847603825,
      "Culture": 0.046560077273979296,
      "Dynamism": 0.33519997090382475,
      "Initial Known": 0.21661131646420373,
      "Inter-Dependency": 0.5294366467855611,
      "Plan": 0.3116065767443203,
      "Size": 0.4399526267981244,
      "Team Size": 0.691477774178542
    },
    "2": {
      "Criticality": 0.57440734210637,
      "Criticality Modifier": 0.04892529651256789,
      "Culture": 0.7226142342182882,
      "Dynamism": 0.5185683348871395,
      "Initial Known": 0.8831403501504687,
      "Inter-Dependency": 0.4723094645643967,
      "Plan": 0.8965579941497309,
      "Size": 0.6837720939582778,
      "Team Size": 0.0007755031700547017
    },
    "3": {
      "Criticality": 0.6003109832752851,
      "Criticality Modifier": 0.5583622532550783,
      "Culture": 0.16021194889303542,
      "Dynamism": 0.3974088353123504,
      "Initial Known": 0.06268507345427235,
      "Inter-Dependency": 0.8422568870674714,
      "Plan": 0.03809667518917803,
      "Size": 0.4423353431287684,
      "Team Size": 0.9722125268546312
    },
    "4": {
      "Criticality": 0.9322447103870991,
      "Criticality Modifier": 0.005801316266065626,
      "Culture": 0.18664189508272994,
      "Dynamism": 0.30411070802864476,
      "Initial Known": 0.40848839748126475,
      "Inter-Dependency": 0.4915634846323278,
      "Plan": 0.5531368659109596,
      "Size": 0.10239372266081026,
      "Team Size": 0.6105008417207667
    },
    "5": {
      "Criticality": 0.9774960667862103,
      "Criticality Modifier": 0.981058126167677,
      "Culture": 0.12834980490134643,
      "Dynamism": 0.024698285731905755,
      "Initial Known": 0.3701296537807363,
      "Inter-Dependency": 0.7435326522802916,
      "Plan": 0.20716808502144796,
      "Size": 0.3758303896549099,
      "Team Size": 0.7853061856894958
    },
    "6": {
      "Criticality": 0.8942579805519858,
      "Criticality Modifier": 0.22933863709820237,
      "Culture": 0.06023667327216128,
      "Dynamism": 0.3185078436489771,
      "Initial Known": 0.6449330269780154,
      "Inter-Dependency": 0.6773998297680549,
      "Plan": 0.5809056114262038,
      "Size": 0.1131387313712761,
      "Team Size": 0.9521778739348729
    },
    "7": {
      "Criticality": 0.9298214534921837,
      "Criticality Modifier": 0.6252961159785871,
      "Culture": 0.19714631452983483,
      "Dynamism": 0.0805459997040212,
      "Initial Known": 0.9186168195145842,
      "Inter-Dependency": 0.8217600197645883,
      "Plan": 0.49001645512224656,
      "Size": 0.04321318452939629,
      "Team Size": 0.7333101715601965
    },
    "8": {
      "Criticality": 0.9371797809965129,
      "Criticality Modifier": 0.869719639183124,
      "Culture": 0.09685235394615337,
      "Dynamism": 0.04101415014623106,
      "Initial Known": 0.7712265646286547,
      "Inter-Dependency": 0.805884001347366,
      "Plan": 0.6919450937360483,
      "Size": 0.313705244871856,
      "Team Size": 0.5004811440975916
    },
    "9": {
      "Criticality": 0.9707711513576014,
      "Criticality Modifier": 0.7226909415962015,
      "Culture": 0.13382581270195198,
      "Dynamism": 0.26953089786189,
      "Initial Known": 0.4171246892125419,
      "Inter-Dependency": 0.6894807010324142,
      "Plan": 0.14643292361791638,