{
  "incumbent_ids": [
    7
  ],
  "rejected_config_ids": [
    1,
    3,
    2,
    5,
    6,
    4,
    8,
    9
  ],
  "incumbents_changed": 4,
  "trajectory": [
    {
      "config_ids": [
        1
      ],
      "costs": [
        0.642250671434759
      ],
      "trial": 1,
      "walltime": 2.2834055423736572
    },
    {
      "config_ids": [
        2
      ],
      "costs": [
        0.6048211671064908
      ],
      "trial": 2,
      "walltime": 4.457827806472778
    },
    {
      "config_ids": [
        4
      ],
      "costs": [
        0.5978098553642275
      ],
      "trial": 4,
      "walltime": 94.19627809524536
    },
    {
      "config_ids": [
        7
      ],
      "costs": [
        0.593064599882215
      ],
      "trial": 7,
      "walltime": 103.41178393363953
    }
  ],
  "state": {
    "queue": []
  }
}