{
  "DE_params": {
    "mutation_factor": 0.5,
    "crossover_prob": 0.5,
    "strategy": "rand1_bin",
    "configspace": true,
    "boundary_fix_type": "random",
    "max_age": Infinity,
    "dimensions": 31,
    "output_path": "../results/tmp/DEHB_tmp/dehb_20251208-045745_3d8f",
    "async_strategy": "immediate"
  },
  "HB_params": {
    "min_fidelity": 1,
    "max_fidelity": 10,
    "min_clip": null,
    "max_clip": null,
    "eta": 3
  },
  "internals": {
    "initial_configs": [
      {
        "config_id": 0,
        "config": [
          0.5,
          0.5,
          0.5,
          0.5,
          0.5,
          0.0,
          0.5357142857142857,
          0.0,
          0.5,
          0.0,
          0.0,
          0.5,
          0.48650025471217523,
          0.6666666666666666,
          0.0,
          0.5,
          0.0,
          0.0,
          0.5,
          0.7802197802197802,
          0.5379746835443038,
          0.9433962264150944,
          0.41560798548094374,
          0.9353182751540041,
          0.125,
          0.3132664437012263,
          0.8154838709677419,
          0.72,
          0.3333333333333333,
          0.0,
          0.0
        ],
        "results": {
          "1.1111111111111112": {
            "score": Infinity,
            "cost": -1,
            "info": {}
          }
        }
      },
      {
        "config_id": 1,
        "config": [
          0.5,
          0.0,
          0.0,
          0.5,
          0.5,
          0.2,
          0.44642857142857145,
          0.5,
          0.0,
          0.0,
          0.5,
          0.5,
          0.9551706571574121,
          0.3333333333333333,
          0.5,
          0.5,
          0.0,
          0.5,
          0.0,
          0.35714285714285715,
          0.10126582278481013,
          0.5943396226415094,
          0.7749546279491834,
          0.3131416837782341,
          0.5625,
          0.3366778149386845,
          0.64,
          0.4,
          0.0,
          0.0,
          0.0
        ],
        "results": {
          "1.1111111111111112": {
            "score": Infinity,
            "cost": -1,
            "info": {}
          }
        }
      },
      {
        "config_id": 2,
        "config": [
          0.5,
          0.0,
          0.5,
          0.0,
          0.0,
          0.6,
          0.17857142857142858,
          0.0,
          0.5,
          0.5,
          0.5,
          0.5,
          0.9898115129903209,
          0.6666666666666666,
          0.5,
          0.0,
          0.0,
          0.5,
          0.0,
          0.25824175824175827,
          0.02531645569620253,
          0.5849056603773585,
          0.3684210526315789,
          0.3080082135523614,
          0.3068181818181818,
          0.022296544035674472,
          0.12387096774193548,
          0.82,
          0.0,
          0.0,
          0.0
        ],
        "results": {
          "1.1111111111111112": {
            "score": Infinity,
            "cost": -1,
            "info": {}
          }
        }
      },
      {
        "config_id": 3,
        "config": [
          0.5,
          0.5,
          0.5,
          0.0,
          0.0,
          0.6,
          0.14285714285714285,
          0.5,
          0.0,
          0.5,
          0.0,
          0.5,
          0.10239429444727458,
          0.0,
          0.5,
          0.0,
          0.0,
          0.0,
          0.0,
          0.6043956043956044,
          0.25316455696202533,
          0.21226415094339623,
          0.3030852994555354,
          0.12114989733059549,
          0.6477272727272727,
          0.023411371237458192,
          0.19483870967741934,
          0.2,
          0.3333333333333333,
          0.0,
          0.0
        ],
        "results": {
          "1.1111111111111112": {
            "score": Infinity,
            "cost": -1,
            "info": {}
          }
        }
      },
      {
        "config_id": 4,
        "config": [
          0.0,
          0.5,
          0.0,
          0.0,
          0.0,
          0.4,
          0.5714285714285714,
          0.5,
          0.0,
          0.0,
          0.5,
          0.5,
          0.35303107488537955,
          0.3333333333333333,
          0.5,
          0.0,
          0.0,
          0.5,
          0.5,
          0.12087912087912088,
          0.7215189873417721,
          0.42924528301886794,
          0.6805807622504537,
          0.5359342915811088,
          0.4034090909090909,
          0.2842809364548495,
          0.9780645161290322,
          0.0,
          0.0,
          0.0,
          0.0
        ],
        "results": {
          "1.1111111111111112": {
            "score": Infinity,
            "cost": -1,
            "info": {}
          }
        }
      },
      {
        "config_id": 5,
        "config": [
          0.5,
          0.0,
          0.0,
          0.5,
          0.5,
          0.0,
          0.8214285714285714,
          0.0,
          0.0,
          0.0,
          0.0,
          0.5,
          0.6332144676515538,
          0.3333333333333333,
          0.0,
          0.5,
          0.0,
          0.5,
          0.5,
          0.16483516483516483,
          0.5822784810126582,
          0.8773584905660378,
          0.6896551724137931,
          0.17967145790554415,
          0.18181818181818182,
          0.7235228539576366,
          0.43870967741935485,
          0.22,
          0.0,
          0.0,
          0.0
        ],
        "results": {
          "1.1111111111111112": {
            "score": Infinity,
            "cost": -1,
            "info": {}
          }
        }
      },
      {
        "config_id": 6,
        "config": [
          0.0,
          0.0,
          0.5,
          0.0,
          0.5,
          0.0,
          0.875,
          0.5,
          0.5,
          0.5,
          0.5,
          0.5,
          0.2628629648497198,
          0.6666666666666666,
          0.5,
          0.0,
          0.5,
          0.5,
          0.5,
          0.6648351648351648,
          0.9050632911392406,
          0.1179245283018868,
          0.662431941923775,
          0.5564681724845996,
          0.9715909090909091,
          0.5027870680044593,
          0.847741935483871,
          0.22,
          0.0,
          0.0,
          0.0
        ],
        "results": {
          "1.1111111111111112": {
            "score": Infinity,
            "cost": -1,
            "info": {}
          }
        }
      },
      {
        "config_id": 7,
        "config": [
          0.5,
          0.5,
          0.0,
          0.5,
          0.5,
          0.8,
          0.16071428571428573,
          0.5,
          0.5,
          0.0,
          0.0,
          0.5,
          0.23841059602649006,
          0.3333333333333333,
          0.0,
          0.0,
          0.5,
          0.0,
          0.5,
          0.7582417582417582,
          0.9050632911392406,
          0.32075471698113206,
          0.47005444646098005,
          0.7946611909650924,
          0.9488636363636364,
          0.4816053511705686,
          0.2064516129032258,
          0.0,
          0.3333333333333333,
          0.0,
          0.0
        ],
        "results": {
          "1.1111111111111112": {
            "score": Infinity,
            "cost": -1,
            "info": {}
          }
        }
      },
      {
        "config_id": 8,