{"config": {"Criticality": 0.5230238673816783, "Criticality Modifier": 0.6446503674830865, "Culture": 0.5242966572293841, "Dynamism": 0.0504977955705719, "Initial Known": 0.8250653302869954, "Inter-Dependency": 0.3920648877562348, "Plan": 0.1129710023400657, "Size": 0.2416182833617455, "Team Size": 0.1101664333257802}, "score": 0.08235966824832497, "info": {}}