{
  "incumbent_ids": [
    4
  ],
  "rejected_config_ids": [
    1,
    2,
    3,
    5,
    6,
    7,
    8,
    9
  ],
  "incumbents_changed": 4,
  "trajectory": [
    {
      "config_ids": [
        1
      ],
      "costs": [
        0.6606313795257177
      ],
      "trial": 1,
      "walltime": 2.339979887008667
    },
    {
      "config_ids": [
        2
      ],
      "costs": [
        0.637290473974384
      ],
      "trial": 2,
      "walltime": 71.57783198356628
    },
    {
      "config_ids": [
        3
      ],
      "costs": [
        0.6372456191533532
      ],
      "trial": 3,
      "walltime": 73.71111059188843
    },
    {
      "config_ids": [
        4
      ],
      "costs": [
        0.5588173904849685
      ],
      "trial": 4,
      "walltime": 75.83017802238464
    }
  ],
  "state": {
    "queue": []
  }
}