{"config": {"Criticality": 0.3564400778434757, "Criticality Modifier": 0.1591075231387875, "Culture": 0.0011296411132416, "Dynamism": 0.2638913812997904, "Initial Known": 0.6434336013434685, "Inter-Dependency": 0.4004188578155886, "Plan": 0.6611514699333809, "Size": 0.1318269467666575, "Team Size": 0.4125956347892666}, "score": 0.058183512533759085, "info": {}}