{
  "incumbent_ids": [
    3
  ],
  "rejected_config_ids": [
    2,
    1,
    4,
    5
  ],
  "incumbents_changed": 2,
  "trajectory": [
    {
      "config_ids": [
        1
      ],
      "costs": [
        0.38662114761307953
      ],
      "trial": 1,
      "walltime": 3.760631561279297
    },
    {
      "config_ids": [
        3
      ],
      "costs": [
        0.18763321268954136
      ],
      "trial": 3,
      "walltime": 180.10687708854675
    }
  ],
  "state": {
    "queue": [
      [
        5,
        1
      ]
    ]
  }
}