{
  "incumbent_ids": [
    3
  ],
  "rejected_config_ids": [
    2,
    1,
    4,
    5,
    6,
    7,
    8,
    9,
    10,
    11,
    12
  ],
  "incumbents_changed": 2,
  "trajectory": [
    {
      "config_ids": [
        1
      ],
      "costs": [
        0.3878823623504495
      ],
      "trial": 1,
      "walltime": 0.008033275604248047
    },
    {
      "config_ids": [
        3
      ],
      "costs": [
        0.3845045788179483
      ],
      "trial": 3,
      "walltime": 2.762733221054077
    }
  ],
  "state": {
    "queue": [
      [
        12,
        1
      ]
    ]
  }
}