{
  "stats": {
    "submitted": 20,
    "finished": 20,
    "running": 0
  },
  "data": [
    [
      1,
      null,
      2005877882,
      null,
      0.7276729274931997,
      2.025254249572754,
      1,
      1763063548.3092725,
      1763063550.3672462,
      {}
    ],
    [
      2,
      null,
      2005877882,
      null,
      0.6441385682607577,
      2.0222086906433105,
      1,
      1763063550.3732812,
      1763063552.4271173,
      {}
    ],
    [
      3,
      null,
      2005877882,
      null,
      0.6381627518566482,
      2.115299940109253,
      1,
      1763063552.4323485,
      1763063554.580121,
      {}
    ],
    [
      4,
      null,
      2005877882,
      null,
      0.6422942359456411,
      2.107980966567993,
      1,
      1763063554.5842087,
      1763063556.7256474,
      {}
    ],
    [
      5,
      null,
      2005877882,
      null,
      0.6880946444835252,
      2.4067137241363525,
      1,
      1763063556.7288709,
      1763063559.1805136,
      {}
    ],
    [
      6,
      null,
      2005877882,
      null,
      0.6412899871437845,
      2.5177724361419678,
      1,
      1763063559.1853704,
      1763063561.7701585,
      {}
    ],
    [
      7,
      null,
      2005877882,
      null,
      0.6354779805767592,
      1.9034841060638428,
      1,
      1763063561.7734413,
      1763063563.709859,
      {}
    ],
    [
      8,
      null,
      2005877882,
      null,
      0.6412371343872658,
      2.1063714027404785,
      1,
      1763063563.713705,
      1763063565.8525655,
      {}
    ],
    [
      9,
      null,
      2005877882,
      null,
      0.637077745002893,
      2.2017662525177,
      1,
      1763063565.856206,
      1763063568.0942657,
      {}
    ],
    [
      10,
      null,
      2005877882,
      null,
      0.5973025132663371,
      2.346165180206299,
      1,
      1763063568.097586,
      1763063570.4893322,
      {}
    ],
    [
      11,
      null,
      2005877882,
      null,
      0.6400168642655009,
      2.167743444442749,
      1,
      1763063570.4929152,
      1763063572.705835,
      {}
    ],
    [
      12,
      null,
      2005877882,
      null,
      0.640159745572308,
      2.047778844833374,
      1,
      1763063572.7093458,
      1763063574.788676,
      {}
    ],
    [
      13,
      null,
      2005877882,
      null,
      0.6006805213807698,
      2.251464366912842,
      1,
      1763063574.7922814,
      1763063577.0772126,
      {}
    ],
    [
      14,
      null,
      2005877882,
      null,
      0.6396779344182199,
      2.1440117359161377,
      1,
      1763063577.0813258,
      1763063579.2630694,
      {}
    ],
    [
      15,
      null,
      2005877882,
      null,
      0.6004177425923906,
      2.3099875450134277,
      1,
      1763063579.2666402,
      1763063581.610058,
      {}
    ],
    [
      16,
      null,
      2005877882,
      null,
      0.6404220923874816,
      2.033724308013916,
      1,
      1763063581.6136947,
      1763063583.6800613,
      {}
    ],
    [
      17,
      null,
      2005877882,
      null,
      0.6534314352833096,
      2.3279848098754883,
      1,
      1763063583.6837287,
      1763063586.0467644,
      {}
    ],
    [
      18,
      null,
      2005877882,
      null,
      0.6361135583514594,
      2.286698818206787,
      1,
      1763063586.0509484,
      1763063588.3708432,
      {}
    ],
    [
      19,
      null,
      2005877882,
      null,
      0.6405367321799861,
      2.206528663635254,
      1,
      1763063588.3750207,
      1763063590.6139164,
      {}
    ],
    [
      20,
      null,
      2005877882,
      null,
      0.6002462080266745,
      2.357865571975708,
      1,
      1763063590.6182797,
      1763063593.0099838,
      {}
    ]
  ],
  "configs": {
    "1": {
      "row_id": "1139"
    },
    "2": {
      "row_id": "7467"
    },
    "3": {
      "row_id": "8115"
    },
    "4": {
      "row_id": "4289"
    },
    "5": {
      "row_id": "2570"
    },
    "6": {
      "row_id": "8897"
    },
    "7": {
      "row_id": "5747"
    },
    "8": {
      "row_id": "1921"
    },
    "9": {
      "row_id": "1387"
    },
    "10": {
      "row_id": "5060"
    },
    "11": {
      "row_id": "9430"
    },
    "12": {
      "row_id": "3257"
    },
    "13": {
      "row_id": "4976"
    },
    "14": {
      "row_id": "8649"
    },
    "15": {
      "row_id": "6779"
    },
    "16": {
      "row_id": "605"
    },
    "17": {
      "row_id": "136"
    },
    "18": {
      "row_id": "6306"
    },
    "19": {
      "row_id": "8186"
    },
    "20": {
      "row_id": "4515"
    }
  },
  "config_origins": {
    "1": "Initial Design: Sobol",
    "2": "Initial Design: Sobol",
    "3": "Initial Design: Sobol",
    "4": "Initial Design: Sobol",
    "5": "Initial Design: Sobol",
    "6": "Initial Design: Sobol",
    "7": "Initial Design: Sobol",
    "8": "Initial Design: Sobol",
    "9": "Initial Design: Sobol",
    "10": "Initial Design: Sobol",
    "11": "Initial Design: Sobol",
    "12": "Initial Design: Sobol",
    "13": "Initial Design: Sobol",
    "14": "Initial Design: Sobol",
    "15": "Initial Design: Sobol",
    "16": "Initial Design: Sobol",
    "17": "Initial Design: Sobol",
    "18": "Initial Design: Sobol",
    "19": "Initial Design: Sobol",
    "20": "Initial Design: Sobol"
  }
}