{
  "incumbent_ids": [
    5
  ],
  "rejected_config_ids": [
    2,
    3,
    4,
    1,
    6,
    7,
    8,
    9,
    10
  ],
  "incumbents_changed": 2,
  "trajectory": [
    {
      "config_ids": [
        1
      ],
      "costs": [
        0.14384985715058074
      ],
      "trial": 1,
      "walltime": 1.9100010395050049
    },
    {
      "config_ids": [
        5
      ],
      "costs": [
        0.07683961144485274
      ],
      "trial": 5,
      "walltime": 8.918153524398804
    }
  ],
  "state": {
    "queue": []
  }
}