{'Spout_wait': 7.0, 'Spliters': 3.0, 'Counters': 17.0}, {'Spout_wait': 3.0, 'Spliters': 6.0, 'Counters': 12.0}, {'Spout_wait': 5.0, 'Spliters': 6.0, 'Counters': 12.0}, {'Spout_wait': 4.0, 'Spliters': 6.0, 'Counters': 13.0}, {'Spout_wait': 9.0, 'Spliters': 3.0, 'Counters': 17.0}, {'Spout_wait': 6.0, 'Spliters': 6.0, 'Counters': 17.0}, {'Spout_wait': 4.0, 'Spliters': 6.0, 'Counters': 18.0}, {'Spout_wait': 7.0, 'Spliters': 5.0, 'Counters': 15.0}, {'Spout_wait': 9.0, 'Spliters': 6.0, 'Counters': 18.0}, {'Spout_wait': 2.0, 'Spliters': 6.0, 'Counters': 12.0}, {'Spout_wait': 3.0, 'Spliters': 6.0, 'Counters': 17.0}, {'Spout_wait': 9.0, 'Spliters': 5.0, 'Counters': 18.0}, {'Spout_wait': 6.0, 'Spliters': 6.0, 'Counters': 17.0}, {'Spout_wait': 6.0, 'Spliters': 6.0, 'Counters': 17.0}, {'Spout_wait': 8.0, 'Spliters': 3.0, 'Counters': 18.0}, {'Spout_wait': 3.0, 'Spliters': 6.0, 'Counters': 18.0}, {'Spout_wait': 100.0, 'Spliters': 6.0, 'Counters': 18.0}, {'Spout_wait': 10.0, 'Spliters': 6.0, 'Counters': 17.0}, {'Spout_wait': 10.0, 'Spliters': 5.0, 'Counters': 18.0}, {'Spout_wait': 6.0, 'Spliters': 6.0, 'Counters': 16.0}
0.02967052168107598, 0.09327927303367245, 0.08197250940746004, 0.09729004115332507, 0.020033994250278075, 0.025597877256524737, 0.040885328550858246, 0.06939789413429098, 0.03142005946668358, 0.11553992719384887, 0.031565920769186406, 0.09199815275663703, 0.025597877256524737, 0.025597877256524737, 0.07389354972440831, 0.05630847554506302, 0.08310206306355905, 0.000747363758841324, 0.03932649393228327, 0.05755833752539674
0.09275197982788086, 0.39533209800720215, 0.10349607467651367, 0.09372544288635254, 0.09099984169006348, 0.11453008651733398, 0.09214234352111816, 0.09541916847229004, 0.0864253044128418, 0.0923302173614502, 0.08659696578979492, 0.0903167724609375, 0.12262606620788574, 0.09607076644897461, 0.08698391914367676, 0.0888974666595459, 0.0931711196899414, 0.08645510673522949, 0.09088587760925293, 0.1008446216583252