{'Spout_wait': 3.0, 'Spliters': 5.0, 'Counters': 16.0}, {'Spout_wait': 6.0, 'Spliters': 5.0, 'Counters': 15.0}, {'Spout_wait': 3.0, 'Spliters': 4.0, 'Counters': 15.0}, {'Spout_wait': 6.0, 'Spliters': 4.0, 'Counters': 1.0}, {'Spout_wait': 5.0, 'Spliters': 5.0, 'Counters': 1.0}, {'Spout_wait': 5.0, 'Spliters': 5.0, 'Counters': 1.0}, {'Spout_wait': 4.0, 'Spliters': 5.0, 'Counters': 10.0}, {'Spout_wait': 4.0, 'Spliters': 6.0, 'Counters': 1.0}, {'Spout_wait': 1.0, 'Spliters': 5.0, 'Counters': 18.0}, {'Spout_wait': 3.0, 'Spliters': 3.0, 'Counters': 18.0}, {'Spout_wait': 5.0, 'Spliters': 4.0, 'Counters': 15.0}, {'Spout_wait': 1.0, 'Spliters': 3.0, 'Counters': 18.0}, {'Spout_wait': 6.0, 'Spliters': 4.0, 'Counters': 12.0}, {'Spout_wait': 4.0, 'Spliters': 5.0, 'Counters': 15.0}, {'Spout_wait': 3.0, 'Spliters': 4.0, 'Counters': 18.0}, {'Spout_wait': 4.0, 'Spliters': 5.0, 'Counters': 18.0}, {'Spout_wait': 5.0, 'Spliters': 5.0, 'Counters': 10.0}, {'Spout_wait': 5.0, 'Spliters': 4.0, 'Counters': 1.0}, {'Spout_wait': 1.0, 'Spliters': 5.0, 'Counters': 18.0}, {'Spout_wait': 5.0, 'Spliters': 6.0, 'Counters': 1.0}
0.0877261627975725, 0.06784542282263151, 0.050780020257953695, 0.0528754203724453, 4.1023799471462397e-05, 4.1023799471462397e-05, 0.04928309323600877, 0.06341415770644487, 0.08527108037540998, 0.06952258069177952, 0.07173785106193742, 0.08533088439307335, 0.06053988789959308, 0.05317513139432972, 0.06347431254953839, 0.07383405059188264, 0.04293529150197439, 0.05485197085539084, 0.08527108037540998, 0.06970230856181392
0.4138984680175781, 0.42911243438720703, 0.4130542278289795, 0.4198575019836426, 0.42995452880859375, 0.4197225570678711, 0.4254298210144043, 0.4225482940673828, 0.44194650650024414, 0.4045281410217285, 0.42340922355651855, 0.4202563762664795, 0.4330923557281494, 0.41934728622436523, 0.41321611404418945, 0.41840171813964844, 0.43890833854675293, 0.42794275283813477, 0.4583284854888916, 0.427593469619751