{'Spout_wait': 4.0, 'Spliters': 5.0, 'Counters': 1.0}, {'Spout_wait': 3.0, 'Spliters': 4.0, 'Counters': 12.0}, {'Spout_wait': 6.0, 'Spliters': 5.0, 'Counters': 15.0}, {'Spout_wait': 6.0, 'Spliters': 4.0, 'Counters': 4.0}, {'Spout_wait': 3.0, 'Spliters': 6.0, 'Counters': 18.0}, {'Spout_wait': 1.0, 'Spliters': 6.0, 'Counters': 10.0}, {'Spout_wait': 3.0, 'Spliters': 5.0, 'Counters': 16.0}, {'Spout_wait': 3.0, 'Spliters': 3.0, 'Counters': 14.0}, {'Spout_wait': 2.0, 'Spliters': 6.0, 'Counters': 1.0}, {'Spout_wait': 1.0, 'Spliters': 6.0, 'Counters': 16.0}, {'Spout_wait': 1.0, 'Spliters': 4.0, 'Counters': 8.0}, {'Spout_wait': 5.0, 'Spliters': 4.0, 'Counters': 1.0}, {'Spout_wait': 5.0, 'Spliters': 3.0, 'Counters': 1.0}, {'Spout_wait': 5.0, 'Spliters': 2.0, 'Counters': 11.0}, {'Spout_wait': 2.0, 'Spliters': 6.0, 'Counters': 18.0}, {'Spout_wait': 6.0, 'Spliters': 3.0, 'Counters': 11.0}, {'Spout_wait': 3.0, 'Spliters': 3.0, 'Counters': 17.0}, {'Spout_wait': 4.0, 'Spliters': 4.0, 'Counters': 5.0}, {'Spout_wait': 3.0, 'Spliters': 6.0, 'Counters': 17.0}, {'Spout_wait': 3.0, 'Spliters': 3.0, 'Counters': 3.0}
0.0943736286555068, 0.14631391145518757, 0.06784542282263151, 0.12966817882862935, 0.08862460786000748, 0.0835945593644064, 0.0877261627975725, 0.10449341743037033, 0.11341526843515415, 0.08317541227496894, 0.1129971465886287, 0.05485197085539084, 0.07862474536683417, 0.17183691095471898, 0.05658818806113297, 0.0962299806000092, 0.11048088658105959, 0.09880502873102048, 0.09407341621182164, 0.11616441858933801
0.058042049407958984, 0.05048537254333496, 0.04710221290588379, 0.05534553527832031, 0.05529427528381348, 0.05622220039367676, 0.05714058876037598, 0.05672883987426758, 0.05361056327819824, 0.05298209190368652, 0.04975152015686035, 0.06145215034484863, 0.054956912994384766, 0.055008888244628906, 0.05890250205993652, 0.05733776092529297, 0.05874133110046387, 0.059430599212646484, 0.058835506439208984, 0.07272505760192871