{'Max_spout': 1000000.0, 'Spliters': 2.0, 'Counters': 15.0}, {'Max_spout': 1000000.0, 'Spliters': 4.0, 'Counters': 1.0}, {'Max_spout': 10000.0, 'Spliters': 2.0, 'Counters': 15.0}, {'Max_spout': 10000.0, 'Spliters': 2.0, 'Counters': 6.0}, {'Max_spout': 100000.0, 'Spliters': 1.0, 'Counters': 8.0}, {'Max_spout': 10000.0, 'Spliters': 2.0, 'Counters': 13.0}, {'Max_spout': 1000.0, 'Spliters': 1.0, 'Counters': 18.0}, {'Max_spout': 100000.0, 'Spliters': 1.0, 'Counters': 17.0}, {'Max_spout': 1000.0, 'Spliters': 1.0, 'Counters': 18.0}, {'Max_spout': 1000.0, 'Spliters': 1.0, 'Counters': 18.0}, {'Max_spout': 1000.0, 'Spliters': 2.0, 'Counters': 13.0}, {'Max_spout': 1000000.0, 'Spliters': 2.0, 'Counters': 18.0}, {'Max_spout': 1000000.0, 'Spliters': 2.0, 'Counters': 15.0}, {'Max_spout': 1000000.0, 'Spliters': 2.0, 'Counters': 16.0}, {'Max_spout': 1000.0, 'Spliters': 1.0, 'Counters': 18.0}, {'Max_spout': 100000.0, 'Spliters': 1.0, 'Counters': 18.0}, {'Max_spout': 1000000.0, 'Spliters': 3.0, 'Counters': 2.0}, {'Max_spout': 100000.0, 'Spliters': 2.0, 'Counters': 13.0}, {'Max_spout': 100000.0, 'Spliters': 2.0, 'Counters': 9.0}, {'Max_spout': 10000.0, 'Spliters': 2.0, 'Counters': 13.0}
0.19052519703880066, 0.2633732602683787, 0.12284324324612461, 0.2392286039050402, 0.27990932392186396, 0.18561058666702812, 0.2169919538979822, 0.29065386352865175, 0.2169919538979822, 0.2169919538979822, 0.22408941131740878, 0.13380251720146819, 0.19052519703880066, 0.19902882585866655, 0.2169919538979822, 0.2465668874813176, 0.2418857553379542, 0.14855608246731045, 0.20799191559604002, 0.18561058666702812
0.08603882789611816, 0.0834205150604248, 0.08566427230834961, 0.09518599510192871, 0.0939033031463623, 0.11351537704467773, 0.097412109375, 0.0863044261932373, 0.0828084945678711, 0.0762176513671875, 0.09232449531555176, 0.08948016166687012, 0.11204648017883301, 0.07523703575134277, 0.07587099075317383, 0.07474231719970703, 0.0882883071899414, 0.08707571029663086, 0.08347296714782715, 0.10862851142883301