{'Max_spout': 100000.0, 'Spliters': 2.0, 'Counters': 17.0}, {'Max_spout': 10000.0, 'Spliters': 2.0, 'Counters': 15.0}, {'Max_spout': 10000.0, 'Spliters': 2.0, 'Counters': 15.0}, {'Max_spout': 10000.0, 'Spliters': 2.0, 'Counters': 15.0}, {'Max_spout': 100000.0, 'Spliters': 2.0, 'Counters': 15.0}, {'Max_spout': 100000.0, 'Spliters': 2.0, 'Counters': 17.0}, {'Max_spout': 10000.0, 'Spliters': 2.0, 'Counters': 15.0}, {'Max_spout': 1000000.0, 'Spliters': 2.0, 'Counters': 18.0}, {'Max_spout': 1000000.0, 'Spliters': 2.0, 'Counters': 18.0}, {'Max_spout': 100000.0, 'Spliters': 2.0, 'Counters': 17.0}, {'Max_spout': 1000000.0, 'Spliters': 2.0, 'Counters': 18.0}, {'Max_spout': 10000.0, 'Spliters': 2.0, 'Counters': 15.0}, {'Max_spout': 10000.0, 'Spliters': 2.0, 'Counters': 15.0}, {'Max_spout': 10000.0, 'Spliters': 2.0, 'Counters': 15.0}, {'Max_spout': 10000.0, 'Spliters': 2.0, 'Counters': 15.0}, {'Max_spout': 10000.0, 'Spliters': 2.0, 'Counters': 15.0}, {'Max_spout': 10000.0, 'Spliters': 2.0, 'Counters': 15.0}, {'Max_spout': 100000.0, 'Spliters': 2.0, 'Counters': 17.0}, {'Max_spout': 1000000.0, 'Spliters': 2.0, 'Counters': 18.0}, {'Max_spout': 10000.0, 'Spliters': 2.0, 'Counters': 15.0}
0.12371969767889157, 0.12284324324612461, 0.12284324324612461, 0.12284324324612461, 0.132539345926719, 0.12371969767889157, 0.12284324324612461, 0.13380251720146819, 0.13380251720146819, 0.12371969767889157, 0.13380251720146819, 0.12284324324612461, 0.12284324324612461, 0.12284324324612461, 0.12284324324612461, 0.12284324324612461, 0.12284324324612461, 0.12371969767889157, 0.13380251720146819, 0.12284324324612461
5.736192226409912, 4.400718927383423, 4.405833005905151, 4.3366475105285645, 4.4564597606658936, 4.529124736785889, 4.319753646850586, 4.294349431991577, 4.366285085678101, 4.310654401779175, 4.354684829711914, 4.523749828338623, 4.527476787567139, 4.532541275024414, 4.46841835975647, 4.490792989730835, 4.53352165222168, 4.542871952056885, 4.42426061630249, 4.452468395233154