{'Max_spout': 1000000.0, 'Spliters': 6.0, 'Counters': 9.0}, {'Max_spout': 1000000.0, 'Spliters': 6.0, 'Counters': 9.0}, {'Max_spout': 1000000.0, 'Spliters': 6.0, 'Counters': 3.0}, {'Max_spout': 100.0, 'Spliters': 2.0, 'Counters': 18.0}, {'Max_spout': 1000000.0, 'Spliters': 6.0, 'Counters': 15.0}, {'Max_spout': 10000.0, 'Spliters': 2.0, 'Counters': 18.0}, {'Max_spout': 1000000.0, 'Spliters': 6.0, 'Counters': 15.0}, {'Max_spout': 1000000.0, 'Spliters': 6.0, 'Counters': 18.0}, {'Max_spout': 1000000.0, 'Spliters': 6.0, 'Counters': 15.0}, {'Max_spout': 10000.0, 'Spliters': 2.0, 'Counters': 18.0}, {'Max_spout': 1000000.0, 'Spliters': 6.0, 'Counters': 18.0}, {'Max_spout': 1000000.0, 'Spliters': 6.0, 'Counters': 6.0}, {'Max_spout': 1000.0, 'Spliters': 2.0, 'Counters': 6.0}, {'Max_spout': 100000.0, 'Spliters': 6.0, 'Counters': 18.0}, {'Max_spout': 1000000.0, 'Spliters': 6.0, 'Counters': 15.0}, {'Max_spout': 1000000.0, 'Spliters': 6.0, 'Counters': 15.0}, {'Max_spout': 1000000.0, 'Spliters': 6.0, 'Counters': 12.0}, {'Max_spout': 1000000.0, 'Spliters': 6.0, 'Counters': 18.0}, {'Max_spout': 1000000.0, 'Spliters': 6.0, 'Counters': 15.0}, {'Max_spout': 1000000.0, 'Spliters': 6.0, 'Counters': 18.0}
0.4550215006629207, 0.4550215006629207, 0.521823011367115, 0.4007921025523584, 0.4750693614314816, 0.4202161119317217, 0.4750693614314816, 0.45684852732534786, 0.4750693614314816, 0.4202161119317217, 0.45684852732534786, 0.4607099566646824, 0.42471564247809135, 0.46030367959212204, 0.4750693614314816, 0.4750693614314816, 0.45132372310007496, 0.45684852732534786, 0.4750693614314816, 0.45684852732534786
0.06310749053955078, 0.04131293296813965, 0.04399871826171875, 0.04271531105041504, 0.12609195709228516, 0.05277132987976074, 0.04219841957092285, 0.04271221160888672, 0.07625341415405273, 0.05763816833496094, 0.05265164375305176, 0.04058218002319336, 0.07952594757080078, 0.06110787391662598, 0.04959273338317871, 0.040563106536865234, 0.03605055809020996, 0.05944395065307617, 0.047936201095581055, 0.04256105422973633