{'Max_spout': 1000.0, 'Spliters': 2.0, 'Counters': 9.0}, {'Max_spout': 10000.0, 'Spliters': 2.0, 'Counters': 6.0}, {'Max_spout': 10000.0, 'Spliters': 2.0, 'Counters': 15.0}, {'Max_spout': 10000.0, 'Spliters': 2.0, 'Counters': 9.0}, {'Max_spout': 10000.0, 'Spliters': 2.0, 'Counters': 9.0}, {'Max_spout': 10000.0, 'Spliters': 2.0, 'Counters': 15.0}, {'Max_spout': 1000.0, 'Spliters': 2.0, 'Counters': 12.0}, {'Max_spout': 1000.0, 'Spliters': 2.0, 'Counters': 18.0}, {'Max_spout': 10000.0, 'Spliters': 2.0, 'Counters': 9.0}, {'Max_spout': 1000.0, 'Spliters': 2.0, 'Counters': 12.0}, {'Max_spout': 10000.0, 'Spliters': 2.0, 'Counters': 9.0}, {'Max_spout': 10000.0, 'Spliters': 2.0, 'Counters': 9.0}, {'Max_spout': 1000.0, 'Spliters': 2.0, 'Counters': 9.0}, {'Max_spout': 10000.0, 'Spliters': 2.0, 'Counters': 9.0}, {'Max_spout': 1000.0, 'Spliters': 2.0, 'Counters': 15.0}, {'Max_spout': 1000.0, 'Spliters': 2.0, 'Counters': 9.0}, {'Max_spout': 10000.0, 'Spliters': 2.0, 'Counters': 9.0}, {'Max_spout': 1000.0, 'Spliters': 2.0, 'Counters': 18.0}, {'Max_spout': 1000.0, 'Spliters': 2.0, 'Counters': 15.0}, {'Max_spout': 10000.0, 'Spliters': 2.0, 'Counters': 15.0}
0.3843556979164898, 0.4048595507354926, 0.3975491585218419, 0.3915810157618045, 0.3915810157618045, 0.3975491585218419, 0.34825220828017067, 0.3670307857723123, 0.3915810157618045, 0.34825220828017067, 0.3915810157618045, 0.3915810157618045, 0.3843556979164898, 0.3915810157618045, 0.3534006710681069, 0.3843556979164898, 0.3915810157618045, 0.3670307857723123, 0.3534006710681069, 0.3975491585218419
1.5901463031768799, 1.567265510559082, 1.583721399307251, 1.5706300735473633, 1.5956811904907227, 1.5608241558074951, 1.5786569118499756, 1.5695269107818604, 1.5564658641815186, 1.5065350532531738, 1.0935113430023193, 1.0938310623168945, 1.1017098426818848, 1.0901029109954834, 1.144029140472412, 1.1071863174438477, 1.1015422344207764, 1.0861845016479492, 1.0802321434020996, 1.0989842414855957