{'Max_spout': 10000.0, 'Spliters': 2.0, 'Counters': 6.0}, {'Max_spout': 100000.0, 'Spliters': 6.0, 'Counters': 18.0}, {'Max_spout': 1000000.0, 'Spliters': 6.0, 'Counters': 18.0}, {'Max_spout': 100000.0, 'Spliters': 6.0, 'Counters': 18.0}, {'Max_spout': 1000000.0, 'Spliters': 6.0, 'Counters': 15.0}, {'Max_spout': 1000.0, 'Spliters': 2.0, 'Counters': 12.0}, {'Max_spout': 1000000.0, 'Spliters': 6.0, 'Counters': 18.0}, {'Max_spout': 10000.0, 'Spliters': 2.0, 'Counters': 15.0}, {'Max_spout': 100000.0, 'Spliters': 6.0, 'Counters': 18.0}, {'Max_spout': 100000.0, 'Spliters': 6.0, 'Counters': 15.0}, {'Max_spout': 1000000.0, 'Spliters': 6.0, 'Counters': 12.0}, {'Max_spout': 10000.0, 'Spliters': 2.0, 'Counters': 15.0}, {'Max_spout': 1000.0, 'Spliters': 2.0, 'Counters': 12.0}, {'Max_spout': 1000000.0, 'Spliters': 6.0, 'Counters': 18.0}, {'Max_spout': 1000.0, 'Spliters': 2.0, 'Counters': 6.0}, {'Max_spout': 100000.0, 'Spliters': 6.0, 'Counters': 15.0}, {'Max_spout': 100000.0, 'Spliters': 6.0, 'Counters': 18.0}, {'Max_spout': 1000000.0, 'Spliters': 2.0, 'Counters': 9.0}, {'Max_spout': 1000000.0, 'Spliters': 6.0, 'Counters': 12.0}, {'Max_spout': 1000000.0, 'Spliters': 6.0, 'Counters': 12.0}
0.42781165897207585, 0.430935374360889, 0.44333117752233564, 0.430935374360889, 0.45382663094968345, 0.353038171607748, 0.44333117752233564, 0.42572488935337316, 0.430935374360889, 0.43816779038423925, 0.4426252477282385, 0.42572488935337316, 0.353038171607748, 0.44333117752233564, 0.41431724775011136, 0.43816779038423925, 0.430935374360889, 0.3961943038278054, 0.4426252477282385, 0.4426252477282385
0.08045697212219238, 0.10871648788452148, 0.10077428817749023, 0.09392094612121582, 0.09128975868225098, 0.08546566963195801, 0.09286737442016602, 0.1742856502532959, 0.09633231163024902, 0.09283995628356934, 0.09809446334838867, 0.10886192321777344, 0.09499669075012207, 0.14202499389648438, 0.11774420738220215, 0.11349749565124512, 0.09020662307739258, 0.08587956428527832, 0.0832524299621582, 0.08561968803405762