{'Max_spout': 1000000.0, 'Spliters': 2.0, 'Counters': 9.0}, {'Max_spout': 1000000.0, 'Spliters': 2.0, 'Counters': 9.0}, {'Max_spout': 1000000.0, 'Spliters': 2.0, 'Counters': 9.0}, {'Max_spout': 10000.0, 'Spliters': 2.0, 'Counters': 12.0}, {'Max_spout': 1000.0, 'Spliters': 2.0, 'Counters': 15.0}, {'Max_spout': 1000000.0, 'Spliters': 2.0, 'Counters': 9.0}, {'Max_spout': 1000000.0, 'Spliters': 2.0, 'Counters': 9.0}, {'Max_spout': 1000000.0, 'Spliters': 2.0, 'Counters': 9.0}, {'Max_spout': 1000.0, 'Spliters': 2.0, 'Counters': 15.0}, {'Max_spout': 1000000.0, 'Spliters': 2.0, 'Counters': 9.0}, {'Max_spout': 1000000.0, 'Spliters': 2.0, 'Counters': 9.0}, {'Max_spout': 10000.0, 'Spliters': 2.0, 'Counters': 18.0}, {'Max_spout': 1000.0, 'Spliters': 2.0, 'Counters': 18.0}, {'Max_spout': 1000000.0, 'Spliters': 2.0, 'Counters': 9.0}, {'Max_spout': 1000000.0, 'Spliters': 2.0, 'Counters': 9.0}, {'Max_spout': 10000.0, 'Spliters': 2.0, 'Counters': 12.0}, {'Max_spout': 10000.0, 'Spliters': 2.0, 'Counters': 18.0}, {'Max_spout': 10000.0, 'Spliters': 2.0, 'Counters': 9.0}, {'Max_spout': 10000.0, 'Spliters': 2.0, 'Counters': 9.0}, {'Max_spout': 1000.0, 'Spliters': 2.0, 'Counters': 12.0}
0.3961943038278054, 0.3961943038278054, 0.3961943038278054, 0.3777081854880393, 0.33404364197772773, 0.3961943038278054, 0.3961943038278054, 0.3961943038278054, 0.33404364197772773, 0.3961943038278054, 0.3961943038278054, 0.3893870191155626, 0.3513569799560069, 0.3961943038278054, 0.3961943038278054, 0.3777081854880393, 0.3893870191155626, 0.391479583096187, 0.391479583096187, 0.353038171607748
0.5848956108093262, 0.5906803607940674, 0.59269118309021, 0.5841503143310547, 0.5964291095733643, 0.5924193859100342, 0.6145308017730713, 0.5720603466033936, 0.565662145614624, 0.5755071640014648, 0.7226259708404541, 0.5824146270751953, 0.5836553573608398, 0.5755980014801025, 0.5638678073883057, 0.6061506271362305, 0.5681750774383545, 0.578871488571167, 0.5727286338806152, 0.5691871643066406