{'Max_spout': 10000.0, 'Spliters': 2.0, 'Counters': 6.0}, {'Max_spout': 1000000.0, 'Spliters': 2.0, 'Counters': 9.0}, {'Max_spout': 1000.0, 'Spliters': 2.0, 'Counters': 9.0}, {'Max_spout': 10000.0, 'Spliters': 2.0, 'Counters': 15.0}, {'Max_spout': 1000000.0, 'Spliters': 6.0, 'Counters': 15.0}, {'Max_spout': 100000.0, 'Spliters': 6.0, 'Counters': 18.0}, {'Max_spout': 1000000.0, 'Spliters': 6.0, 'Counters': 12.0}, {'Max_spout': 10000.0, 'Spliters': 2.0, 'Counters': 12.0}, {'Max_spout': 1000.0, 'Spliters': 2.0, 'Counters': 15.0}, {'Max_spout': 1000000.0, 'Spliters': 6.0, 'Counters': 15.0}, {'Max_spout': 100.0, 'Spliters': 2.0, 'Counters': 15.0}, {'Max_spout': 1000000.0, 'Spliters': 2.0, 'Counters': 9.0}, {'Max_spout': 10000.0, 'Spliters': 2.0, 'Counters': 18.0}, {'Max_spout': 10000.0, 'Spliters': 2.0, 'Counters': 15.0}, {'Max_spout': 100.0, 'Spliters': 2.0, 'Counters': 15.0}, {'Max_spout': 100000.0, 'Spliters': 6.0, 'Counters': 18.0}, {'Max_spout': 10000.0, 'Spliters': 2.0, 'Counters': 6.0}, {'Max_spout': 10000.0, 'Spliters': 2.0, 'Counters': 15.0}, {'Max_spout': 1000.0, 'Spliters': 2.0, 'Counters': 15.0}, {'Max_spout': 10000.0, 'Spliters': 2.0, 'Counters': 18.0}
0.42781165897207585, 0.3961943038278054, 0.40781820730939655, 0.42572488935337316, 0.45382663094968345, 0.430935374360889, 0.4426252477282385, 0.3777081854880393, 0.33404364197772773, 0.45382663094968345, 0.41821186046824166, 0.3961943038278054, 0.3893870191155626, 0.42572488935337316, 0.41821186046824166, 0.430935374360889, 0.42781165897207585, 0.42572488935337316, 0.33404364197772773, 0.3893870191155626
0.14343690872192383, 0.14388251304626465, 0.14171648025512695, 0.14401793479919434, 0.1430213451385498, 0.14450836181640625, 0.14336729049682617, 0.14006924629211426, 0.145247220993042, 0.14038825035095215, 0.14400124549865723, 0.14599037170410156, 0.15909242630004883, 0.1434924602508545, 0.1996934413909912, 0.17208361625671387, 0.1559135913848877, 0.15565800666809082, 0.15721917152404785, 0.14548158645629883