{'Max_spout': 100000.0, 'Spliters': 6.0, 'Counters': 18.0}, {'Max_spout': 1000000.0, 'Spliters': 6.0, 'Counters': 18.0}, {'Max_spout': 10000.0, 'Spliters': 6.0, 'Counters': 6.0}, {'Max_spout': 1000000.0, 'Spliters': 6.0, 'Counters': 18.0}, {'Max_spout': 1000000.0, 'Spliters': 6.0, 'Counters': 15.0}, {'Max_spout': 100000.0, 'Spliters': 6.0, 'Counters': 18.0}, {'Max_spout': 1000000.0, 'Spliters': 6.0, 'Counters': 18.0}, {'Max_spout': 1000000.0, 'Spliters': 6.0, 'Counters': 18.0}, {'Max_spout': 100000.0, 'Spliters': 6.0, 'Counters': 18.0}, {'Max_spout': 1000000.0, 'Spliters': 6.0, 'Counters': 18.0}, {'Max_spout': 10000.0, 'Spliters': 6.0, 'Counters': 18.0}, {'Max_spout': 10000.0, 'Spliters': 6.0, 'Counters': 18.0}, {'Max_spout': 1000000.0, 'Spliters': 6.0, 'Counters': 18.0}, {'Max_spout': 100000.0, 'Spliters': 6.0, 'Counters': 18.0}, {'Max_spout': 100000.0, 'Spliters': 2.0, 'Counters': 18.0}, {'Max_spout': 10000.0, 'Spliters': 6.0, 'Counters': 18.0}, {'Max_spout': 1000000.0, 'Spliters': 6.0, 'Counters': 18.0}, {'Max_spout': 1000000.0, 'Spliters': 6.0, 'Counters': 18.0}, {'Max_spout': 100000.0, 'Spliters': 6.0, 'Counters': 18.0}, {'Max_spout': 10000.0, 'Spliters': 6.0, 'Counters': 18.0}
0.430935374360889, 0.44333117752233564, 0.43515614436816086, 0.44333117752233564, 0.45382663094968345, 0.430935374360889, 0.44333117752233564, 0.44333117752233564, 0.430935374360889, 0.44333117752233564, 0.45021922311446794, 0.45021922311446794, 0.44333117752233564, 0.430935374360889, 0.42885023240274767, 0.45021922311446794, 0.44333117752233564, 0.44333117752233564, 0.430935374360889, 0.45021922311446794
0.17829227447509766, 0.1674346923828125, 0.1994025707244873, 0.06144070625305176, 0.21520686149597168, 0.07775092124938965, 0.05678606033325195, 0.05411505699157715, 0.05581259727478027, 0.09197115898132324, 0.18096399307250977, 0.09068417549133301, 0.0562896728515625, 0.05109047889709473, 0.06222200393676758, 0.05544543266296387, 0.04967355728149414, 0.054406166076660156, 0.058773040771484375, 0.051842689514160156