{'Max_spout': 10000.0, 'Spliters': 2.0, 'Counters': 18.0}, {'Max_spout': 10000.0, 'Spliters': 2.0, 'Counters': 12.0}, {'Max_spout': 1000000.0, 'Spliters': 2.0, 'Counters': 9.0}, {'Max_spout': 10000.0, 'Spliters': 2.0, 'Counters': 18.0}, {'Max_spout': 10000.0, 'Spliters': 2.0, 'Counters': 18.0}, {'Max_spout': 10000.0, 'Spliters': 2.0, 'Counters': 12.0}, {'Max_spout': 1000.0, 'Spliters': 2.0, 'Counters': 12.0}, {'Max_spout': 1000.0, 'Spliters': 2.0, 'Counters': 18.0}, {'Max_spout': 10000.0, 'Spliters': 2.0, 'Counters': 12.0}, {'Max_spout': 1000.0, 'Spliters': 2.0, 'Counters': 12.0}, {'Max_spout': 10000.0, 'Spliters': 2.0, 'Counters': 12.0}, {'Max_spout': 10000.0, 'Spliters': 2.0, 'Counters': 12.0}, {'Max_spout': 10000.0, 'Spliters': 2.0, 'Counters': 18.0}, {'Max_spout': 10000.0, 'Spliters': 2.0, 'Counters': 9.0}, {'Max_spout': 1000.0, 'Spliters': 2.0, 'Counters': 15.0}, {'Max_spout': 10000.0, 'Spliters': 2.0, 'Counters': 12.0}, {'Max_spout': 10000.0, 'Spliters': 2.0, 'Counters': 18.0}, {'Max_spout': 1000.0, 'Spliters': 2.0, 'Counters': 18.0}, {'Max_spout': 1000.0, 'Spliters': 2.0, 'Counters': 15.0}, {'Max_spout': 10000.0, 'Spliters': 2.0, 'Counters': 12.0}
0.3893870191155626, 0.3777081854880393, 0.3961943038278054, 0.3893870191155626, 0.3893870191155626, 0.3777081854880393, 0.353038171607748, 0.3513569799560069, 0.3777081854880393, 0.353038171607748, 0.3777081854880393, 0.3777081854880393, 0.3893870191155626, 0.391479583096187, 0.33404364197772773, 0.3777081854880393, 0.3893870191155626, 0.3513569799560069, 0.33404364197772773, 0.3777081854880393
2.227067708969116, 2.0456862449645996, 1.6554229259490967, 1.6426188945770264, 1.6860628128051758, 1.711524486541748, 1.6540110111236572, 1.6647825241088867, 1.665679693222046, 1.6502320766448975, 1.6484498977661133, 1.7214100360870361, 1.699791669845581, 1.8575711250305176, 1.6821718215942383, 1.654472827911377, 1.6440293788909912, 1.7069017887115479, 1.690633773803711, 1.675863265991211