{'Max_spout': 1.0, 'Spliters': 1.0, 'Counters': 15.0}, {'Max_spout': 1.0, 'Spliters': 1.0, 'Counters': 18.0}, {'Max_spout': 1.0, 'Spliters': 2.0, 'Counters': 15.0}, {'Max_spout': 1.0, 'Spliters': 2.0, 'Counters': 1.0}, {'Max_spout': 1.0, 'Spliters': 1.0, 'Counters': 6.0}, {'Max_spout': 1.0, 'Spliters': 2.0, 'Counters': 15.0}, {'Max_spout': 1.0, 'Spliters': 1.0, 'Counters': 12.0}, {'Max_spout': 1.0, 'Spliters': 1.0, 'Counters': 3.0}, {'Max_spout': 1.0, 'Spliters': 1.0, 'Counters': 3.0}, {'Max_spout': 1.0, 'Spliters': 1.0, 'Counters': 9.0}, {'Max_spout': 1.0, 'Spliters': 1.0, 'Counters': 18.0}, {'Max_spout': 1.0, 'Spliters': 2.0, 'Counters': 9.0}, {'Max_spout': 1.0, 'Spliters': 2.0, 'Counters': 1.0}, {'Max_spout': 1.0, 'Spliters': 1.0, 'Counters': 9.0}, {'Max_spout': 1.0, 'Spliters': 2.0, 'Counters': 1.0}, {'Max_spout': 1.0, 'Spliters': 2.0, 'Counters': 1.0}, {'Max_spout': 1.0, 'Spliters': 2.0, 'Counters': 6.0}, {'Max_spout': 1.0, 'Spliters': 1.0, 'Counters': 15.0}, {'Max_spout': 1.0, 'Spliters': 3.0, 'Counters': 18.0}, {'Max_spout': 1.0, 'Spliters': 2.0, 'Counters': 6.0}
0.0, 0.001956462434749673, 0.003507908693956674, 0.0019045801973868182, 0.0032401294043417073, 0.003507908693956674, 0.0008150532127657595, 0.0019296845057882317, 0.0019296845057882317, 0.0012736252462314246, 0.001956462434749673, 0.003837611944295216, 0.0019045801973868182, 0.0012736252462314246, 0.0019045801973868182, 0.0019045801973868182, 0.002341395163571347, 0.0, 0.010219127139933115, 0.002341395163571347
0.5129010677337646, 0.4991633892059326, 0.5029973983764648, 0.5276689529418945, 0.4971449375152588, 0.5447080135345459, 0.4954402446746826, 0.5093865394592285, 0.501150369644165, 0.5017273426055908, 0.5419266223907471, 0.4914720058441162, 0.4910712242126465, 0.4949169158935547, 0.49424028396606445, 0.5300512313842773, 0.507962703704834, 0.49599647521972656, 0.496779203414917, 0.5026242733001709