{'Max_spout': 1.0, 'Spliters': 2.0, 'Counters': 18.0}, {'Max_spout': 1.0, 'Spliters': 3.0, 'Counters': 6.0}, {'Max_spout': 1.0, 'Spliters': 6.0, 'Counters': 1.0}, {'Max_spout': 1.0, 'Spliters': 1.0, 'Counters': 9.0}, {'Max_spout': 1.0, 'Spliters': 1.0, 'Counters': 9.0}, {'Max_spout': 1.0, 'Spliters': 3.0, 'Counters': 9.0}, {'Max_spout': 1.0, 'Spliters': 1.0, 'Counters': 1.0}, {'Max_spout': 1.0, 'Spliters': 1.0, 'Counters': 18.0}, {'Max_spout': 1.0, 'Spliters': 2.0, 'Counters': 18.0}, {'Max_spout': 1.0, 'Spliters': 3.0, 'Counters': 12.0}, {'Max_spout': 1.0, 'Spliters': 1.0, 'Counters': 1.0}, {'Max_spout': 1.0, 'Spliters': 1.0, 'Counters': 18.0}, {'Max_spout': 1.0, 'Spliters': 2.0, 'Counters': 1.0}, {'Max_spout': 1.0, 'Spliters': 1.0, 'Counters': 1.0}, {'Max_spout': 1.0, 'Spliters': 3.0, 'Counters': 12.0}, {'Max_spout': 1.0, 'Spliters': 1.0, 'Counters': 1.0}, {'Max_spout': 10000.0, 'Spliters': 3.0, 'Counters': 1.0}, {'Max_spout': 10.0, 'Spliters': 1.0, 'Counters': 1.0}, {'Max_spout': 1.0, 'Spliters': 1.0, 'Counters': 1.0}, {'Max_spout': 1.0, 'Spliters': 1.0, 'Counters': 18.0}
0.004397110839524876, 0.014104702968696481, 0.01519589775424035, 0.003115159039619231, 0.003115159039619231, 0.013299643704695163, 0.004705878549212117, 0.0, 0.004397110839524876, 0.009127238161748985, 0.004705878549212117, 0.0, 0.005342812986996237, 0.004705878549212117, 0.009127238161748985, 0.004705878549212117, 0.07628502331115383, 0.06889723046680507, 0.004705878549212117, 0.0
0.0978538990020752, 0.3815338611602783, 0.08147740364074707, 0.0816946029663086, 0.08517098426818848, 0.07765555381774902, 0.09082651138305664, 0.08395600318908691, 0.07315421104431152, 0.07232666015625, 0.0909416675567627, 0.07600164413452148, 0.07300209999084473, 0.07072281837463379, 0.10445284843444824, 0.07339072227478027, 0.07471466064453125, 0.07215094566345215, 0.0711514949798584, 0.07548236846923828