{'Max_spout': 1.0, 'Spliters': 2.0, 'Counters': 18.0}, {'Max_spout': 10.0, 'Spliters': 3.0, 'Counters': 1.0}, {'Max_spout': 1.0, 'Spliters': 6.0, 'Counters': 1.0}, {'Max_spout': 1.0, 'Spliters': 2.0, 'Counters': 3.0}, {'Max_spout': 1.0, 'Spliters': 3.0, 'Counters': 9.0}, {'Max_spout': 1.0, 'Spliters': 2.0, 'Counters': 6.0}, {'Max_spout': 1.0, 'Spliters': 2.0, 'Counters': 15.0}, {'Max_spout': 1.0, 'Spliters': 1.0, 'Counters': 18.0}, {'Max_spout': 1.0, 'Spliters': 6.0, 'Counters': 18.0}, {'Max_spout': 1.0, 'Spliters': 1.0, 'Counters': 15.0}, {'Max_spout': 1.0, 'Spliters': 6.0, 'Counters': 18.0}, {'Max_spout': 1.0, 'Spliters': 2.0, 'Counters': 15.0}, {'Max_spout': 1.0, 'Spliters': 3.0, 'Counters': 15.0}, {'Max_spout': 1.0, 'Spliters': 6.0, 'Counters': 1.0}, {'Max_spout': 1.0, 'Spliters': 1.0, 'Counters': 18.0}, {'Max_spout': 1.0, 'Spliters': 1.0, 'Counters': 18.0}, {'Max_spout': 1.0, 'Spliters': 1.0, 'Counters': 9.0}, {'Max_spout': 1.0, 'Spliters': 1.0, 'Counters': 9.0}, {'Max_spout': 1.0, 'Spliters': 1.0, 'Counters': 18.0}, {'Max_spout': 1.0, 'Spliters': 1.0, 'Counters': 12.0}
0.004397110839524876, 0.06878891928068442, 0.01519589775424035, 0.0061333229871901596, 0.013299643704695163, 0.007426590881168038, 0.005286232516634626, 0.0, 0.011702457855632509, 0.0037165286103190143, 0.011702457855632509, 0.005286232516634626, 0.012987642825273094, 0.01519589775424035, 0.0, 0.0, 0.003115159039619231, 0.003115159039619231, 0.0, 0.0008018260942662669
0.11127305030822754, 0.39713239669799805, 0.13257336616516113, 0.12834382057189941, 0.1381065845489502, 0.13628911972045898, 0.12363934516906738, 0.11680817604064941, 0.12108016014099121, 0.12816762924194336, 0.13913345336914062, 0.12083101272583008, 0.12245488166809082, 0.12436127662658691, 0.11710286140441895, 0.12018132209777832, 0.14542126655578613, 0.12330842018127441, 0.11902356147766113, 0.1315140724182129