{'Clndrs': 5.0, 'Volume': 121.0, 'Model': 80.0, 'origin': 2.0}, {'Clndrs': 4.0, 'Volume': 85.0, 'Model': 80.0, 'origin': 3.0}, {'Clndrs': 4.0, 'Volume': 98.0, 'Model': 71.0, 'origin': 1.0}, {'Clndrs': 4.0, 'Volume': 85.0, 'Model': 80.0, 'origin': 2.0}, {'Clndrs': 4.0, 'Volume': 97.0, 'Model': 82.0, 'origin': 2.0}, {'Clndrs': 6.0, 'Volume': 156.0, 'Model': 76.0, 'origin': 3.0}, {'Clndrs': 6.0, 'Volume': 262.0, 'Model': 82.0, 'origin': 1.0}, {'Clndrs': 4.0, 'Volume': 68.0, 'Model': 73.0, 'origin': 2.0}, {'Clndrs': 4.0, 'Volume': 85.0, 'Model': 79.0, 'origin': 3.0}, {'Clndrs': 5.0, 'Volume': 121.0, 'Model': 80.0, 'origin': 2.0}, {'Clndrs': 4.0, 'Volume': 97.0, 'Model': 72.0, 'origin': 3.0}, {'Clndrs': 4.0, 'Volume': 97.0, 'Model': 73.0, 'origin': 2.0}, {'Clndrs': 5.0, 'Volume': 121.0, 'Model': 80.0, 'origin': 2.0}, {'Clndrs': 6.0, 'Volume': 262.0, 'Model': 82.0, 'origin': 1.0}, {'Clndrs': 4.0, 'Volume': 97.0, 'Model': 70.0, 'origin': 2.0}, {'Clndrs': 4.0, 'Volume': 85.0, 'Model': 77.0, 'origin': 3.0}, {'Clndrs': 4.0, 'Volume': 98.0, 'Model': 80.0, 'origin': 1.0}, {'Clndrs': 4.0, 'Volume': 97.0, 'Model': 70.0, 'origin': 2.0}, {'Clndrs': 4.0, 'Volume': 96.0, 'Model': 72.0, 'origin': 2.0}, {'Clndrs': 4.0, 'Volume': 91.0, 'Model': 79.0, 'origin': 2.0}
0.31159152325128536, 0.25394722064135844, 0.3578925042330301, 0.2976352869025818, 0.16745989117220028, 0.579762232928069, 0.38125731428387977, 0.34385632337349503, 0.35328328444748114, 0.31159152325128536, 0.4091404918618775, 0.3216062143047753, 0.31159152325128536, 0.38125731428387977, 0.3263298147356364, 0.40233402905237403, 0.43859809984807896, 0.3263298147356364, 0.3831896297390449, 0.3853209531288335
1.3609530925750732, 1.0333917140960693, 1.1084206104278564, 1.2117500305175781, 1.0025184154510498, 1.0653355121612549, 1.358259916305542, 1.1015408039093018, 1.0272257328033447, 1.002281904220581, 1.244722843170166, 0.9906728267669678, 1.038285493850708, 1.325404167175293, 0.9174015522003174, 1.1312670707702637, 1.0034186840057373, 1.880444049835205, 1.1724205017089844, 1.064185380935669