{'Clndrs': 4.0, 'Volume': 98.0, 'Model': 82.0, 'origin': 1.0}, {'Clndrs': 4.0, 'Volume': 97.0, 'Model': 81.0, 'origin': 3.0}, {'Clndrs': 4.0, 'Volume': 91.0, 'Model': 71.0, 'origin': 1.0}, {'Clndrs': 4.0, 'Volume': 97.0, 'Model': 82.0, 'origin': 2.0}, {'Clndrs': 4.0, 'Volume': 97.0, 'Model': 82.0, 'origin': 2.0}, {'Clndrs': 4.0, 'Volume': 97.0, 'Model': 70.0, 'origin': 2.0}, {'Clndrs': 6.0, 'Volume': 262.0, 'Model': 82.0, 'origin': 1.0}, {'Clndrs': 4.0, 'Volume': 97.0, 'Model': 70.0, 'origin': 2.0}, {'Clndrs': 4.0, 'Volume': 98.0, 'Model': 82.0, 'origin': 1.0}, {'Clndrs': 8.0, 'Volume': 350.0, 'Model': 81.0, 'origin': 1.0}, {'Clndrs': 4.0, 'Volume': 85.0, 'Model': 80.0, 'origin': 2.0}, {'Clndrs': 4.0, 'Volume': 98.0, 'Model': 82.0, 'origin': 1.0}, {'Clndrs': 5.0, 'Volume': 121.0, 'Model': 80.0, 'origin': 2.0}, {'Clndrs': 5.0, 'Volume': 121.0, 'Model': 80.0, 'origin': 2.0}, {'Clndrs': 4.0, 'Volume': 97.0, 'Model': 82.0, 'origin': 2.0}, {'Clndrs': 4.0, 'Volume': 97.0, 'Model': 72.0, 'origin': 2.0}, {'Clndrs': 4.0, 'Volume': 85.0, 'Model': 80.0, 'origin': 2.0}, {'Clndrs': 5.0, 'Volume': 121.0, 'Model': 80.0, 'origin': 2.0}, {'Clndrs': 4.0, 'Volume': 98.0, 'Model': 82.0, 'origin': 1.0}, {'Clndrs': 4.0, 'Volume': 85.0, 'Model': 80.0, 'origin': 2.0}
0.30706763493134415, 0.3829859092340627, 0.32909678259718966, 0.16745989117220028, 0.16745989117220028, 0.3263298147356364, 0.38125731428387977, 0.3263298147356364, 0.30706763493134415, 0.49253148257199353, 0.2976352869025818, 0.30706763493134415, 0.31159152325128536, 0.31159152325128536, 0.16745989117220028, 0.4477787960673256, 0.2976352869025818, 0.31159152325128536, 0.30706763493134415, 0.2976352869025818
1.0587310791015625, 1.0183768272399902, 0.8834483623504639, 1.031862497329712, 0.8479342460632324, 0.929100751876831, 0.9442315101623535, 0.7525324821472168, 0.4148597717285156, 0.5606718063354492, 0.793973445892334, 0.935112714767456, 0.7979621887207031, 0.9202330112457275, 0.3667271137237549, 0.4723217487335205, 0.5568435192108154, 0.7437014579772949, 0.87642502784729, 0.7348873615264893