{'Spout_wait': 100.0, 'Spliters': 2.0, 'Counters': 16.0}, {'Spout_wait': 5.0, 'Spliters': 4.0, 'Counters': 17.0}, {'Spout_wait': 9.0, 'Spliters': 3.0, 'Counters': 17.0}, {'Spout_wait': 6.0, 'Spliters': 6.0, 'Counters': 18.0}, {'Spout_wait': 4.0, 'Spliters': 6.0, 'Counters': 13.0}, {'Spout_wait': 5.0, 'Spliters': 3.0, 'Counters': 17.0}, {'Spout_wait': 4.0, 'Spliters': 6.0, 'Counters': 17.0}, {'Spout_wait': 10.0, 'Spliters': 5.0, 'Counters': 13.0}, {'Spout_wait': 4.0, 'Spliters': 4.0, 'Counters': 17.0}, {'Spout_wait': 6.0, 'Spliters': 6.0, 'Counters': 15.0}, {'Spout_wait': 5.0, 'Spliters': 6.0, 'Counters': 18.0}, {'Spout_wait': 9.0, 'Spliters': 6.0, 'Counters': 12.0}, {'Spout_wait': 10.0, 'Spliters': 6.0, 'Counters': 17.0}, {'Spout_wait': 6.0, 'Spliters': 6.0, 'Counters': 17.0}, {'Spout_wait': 2.0, 'Spliters': 6.0, 'Counters': 17.0}, {'Spout_wait': 8.0, 'Spliters': 6.0, 'Counters': 15.0}, {'Spout_wait': 8.0, 'Spliters': 6.0, 'Counters': 17.0}, {'Spout_wait': 10.0, 'Spliters': 4.0, 'Counters': 15.0}, {'Spout_wait': 8.0, 'Spliters': 4.0, 'Counters': 17.0}, {'Spout_wait': 4.0, 'Spliters': 4.0, 'Counters': 17.0}
0.08575376331947415, 0.04594440035556535, 0.020033994250278075, 0.06722737255341427, 0.09729004115332507, 0.021277644326842537, 0.04488372625774839, 0.06555986454644991, 0.04308830093697913, 0.0516294898461388, 0.03893991222898485, 0.06901207886297123, 0.000747363758841324, 0.025597877256524737, 0.03826415626869606, 0.045320344504342636, 0.006111178207122481, 0.030368608200511682, 0.0381354535975994, 0.04308830093697913
3.2639479637145996, 3.5141258239746094, 2.816922187805176, 3.5087711811065674, 2.422441244125366, 3.0764431953430176, 1.426466941833496, 2.7603116035461426, 2.5615313053131104, 3.112708568572998, 2.703559637069702, 2.798449993133545, 2.452514171600342, 3.0540456771850586, 3.4488134384155273, 4.0283567905426025, 3.110325574874878, 3.1570496559143066, 2.413755416870117, 3.5516843795776367