{'Spout_wait': 4.0, 'Spliters': 4.0, 'Counters': 16.0}, {'Spout_wait': 2.0, 'Spliters': 6.0, 'Counters': 18.0}, {'Spout_wait': 5.0, 'Spliters': 6.0, 'Counters': 14.0}, {'Spout_wait': 2.0, 'Spliters': 5.0, 'Counters': 2.0}, {'Spout_wait': 5.0, 'Spliters': 3.0, 'Counters': 1.0}, {'Spout_wait': 3.0, 'Spliters': 6.0, 'Counters': 1.0}, {'Spout_wait': 5.0, 'Spliters': 6.0, 'Counters': 11.0}, {'Spout_wait': 5.0, 'Spliters': 6.0, 'Counters': 14.0}, {'Spout_wait': 2.0, 'Spliters': 6.0, 'Counters': 2.0}, {'Spout_wait': 5.0, 'Spliters': 3.0, 'Counters': 17.0}, {'Spout_wait': 5.0, 'Spliters': 4.0, 'Counters': 16.0}, {'Spout_wait': 6.0, 'Spliters': 4.0, 'Counters': 12.0}, {'Spout_wait': 3.0, 'Spliters': 6.0, 'Counters': 13.0}, {'Spout_wait': 5.0, 'Spliters': 6.0, 'Counters': 14.0}, {'Spout_wait': 5.0, 'Spliters': 5.0, 'Counters': 10.0}, {'Spout_wait': 2.0, 'Spliters': 4.0, 'Counters': 10.0}, {'Spout_wait': 5.0, 'Spliters': 5.0, 'Counters': 1.0}, {'Spout_wait': 6.0, 'Spliters': 6.0, 'Counters': 5.0}, {'Spout_wait': 5.0, 'Spliters': 5.0, 'Counters': 8.0}, {'Spout_wait': 4.0, 'Spliters': 6.0, 'Counters': 1.0}
0.07173817139972272, 0.05658818806113297, 0.05053990568724742, 0.0714984759902183, 0.07862474536683417, 0.06095920606992189, 0.08245668741287526, 0.05053990568724742, 0.0888650571708538, 0.08431319156724504, 0.06515091393206351, 0.06053988789959308, 0.060540270892268655, 0.05053990568724742, 0.04293529150197439, 0.054792021290341, 4.1023799471462397e-05, 0.08970266066896315, 0.08449295838412296, 0.06341415770644487
4.134279489517212, 4.1443235874176025, 3.8934481143951416, 2.197286605834961, 4.023960590362549, 2.7790448665618896, 5.514798402786255, 3.4131057262420654, 4.804799795150757, 3.9647326469421387, 3.8796768188476562, 5.256686449050903, 4.094407796859741, 4.612767934799194, 4.013603210449219, 3.7780203819274902, 3.7056984901428223, 4.361262083053589, 4.5186073780059814, 4.211912393569946