{'Spout_wait': 5.0, 'Spliters': 5.0, 'Counters': 10.0}, {'Spout_wait': 6.0, 'Spliters': 4.0, 'Counters': 15.0}, {'Spout_wait': 6.0, 'Spliters': 3.0, 'Counters': 1.0}, {'Spout_wait': 6.0, 'Spliters': 3.0, 'Counters': 1.0}, {'Spout_wait': 5.0, 'Spliters': 5.0, 'Counters': 1.0}, {'Spout_wait': 5.0, 'Spliters': 5.0, 'Counters': 1.0}, {'Spout_wait': 5.0, 'Spliters': 5.0, 'Counters': 1.0}, {'Spout_wait': 5.0, 'Spliters': 5.0, 'Counters': 1.0}, {'Spout_wait': 6.0, 'Spliters': 4.0, 'Counters': 15.0}, {'Spout_wait': 4.0, 'Spliters': 5.0, 'Counters': 15.0}, {'Spout_wait': 5.0, 'Spliters': 5.0, 'Counters': 1.0}, {'Spout_wait': 6.0, 'Spliters': 4.0, 'Counters': 15.0}, {'Spout_wait': 6.0, 'Spliters': 5.0, 'Counters': 16.0}, {'Spout_wait': 5.0, 'Spliters': 6.0, 'Counters': 14.0}, {'Spout_wait': 5.0, 'Spliters': 5.0, 'Counters': 10.0}, {'Spout_wait': 5.0, 'Spliters': 6.0, 'Counters': 16.0}, {'Spout_wait': 5.0, 'Spliters': 5.0, 'Counters': 1.0}, {'Spout_wait': 5.0, 'Spliters': 5.0, 'Counters': 1.0}, {'Spout_wait': 5.0, 'Spliters': 5.0, 'Counters': 10.0}, {'Spout_wait': 5.0, 'Spliters': 6.0, 'Counters': 14.0}
0.04293529150197439, 0.051797308758049, 0.04227664546194576, 0.04227664546194576, 4.1023799471462397e-05, 4.1023799471462397e-05, 4.1023799471462397e-05, 4.1023799471462397e-05, 0.051797308758049, 0.05317513139432972, 4.1023799471462397e-05, 0.051797308758049, 0.05874364051266878, 0.05053990568724742, 0.04293529150197439, 0.05281542808411355, 4.1023799471462397e-05, 4.1023799471462397e-05, 0.04293529150197439, 0.05053990568724742
18.553184032440186, 21.456412076950073, 21.462518453598022, 21.71972417831421, 23.442108154296875, 22.84444522857666, 26.6543390750885, 19.503231287002563, 10.747687339782715, 11.346700668334961, 11.356937646865845, 10.705595970153809, 7.562360048294067, 9.919591665267944, 8.058457136154175, 9.182116031646729, 8.314732551574707, 10.417165040969849, 7.712780475616455, 11.499967098236084