{'Spout_wait': 1.0, 'Spliters': 3.0, 'Counters': 9.0}, {'Spout_wait': 5.0, 'Spliters': 5.0, 'Counters': 8.0}, {'Spout_wait': 6.0, 'Spliters': 3.0, 'Counters': 15.0}, {'Spout_wait': 5.0, 'Spliters': 6.0, 'Counters': 14.0}, {'Spout_wait': 1.0, 'Spliters': 6.0, 'Counters': 7.0}, {'Spout_wait': 7.0, 'Spliters': 4.0, 'Counters': 17.0}, {'Spout_wait': 6.0, 'Spliters': 5.0, 'Counters': 12.0}, {'Spout_wait': 5.0, 'Spliters': 5.0, 'Counters': 15.0}, {'Spout_wait': 6.0, 'Spliters': 5.0, 'Counters': 5.0}, {'Spout_wait': 1.0, 'Spliters': 3.0, 'Counters': 6.0}, {'Spout_wait': 4.0, 'Spliters': 4.0, 'Counters': 6.0}, {'Spout_wait': 6.0, 'Spliters': 4.0, 'Counters': 12.0}, {'Spout_wait': 2.0, 'Spliters': 6.0, 'Counters': 2.0}, {'Spout_wait': 4.0, 'Spliters': 4.0, 'Counters': 1.0}, {'Spout_wait': 2.0, 'Spliters': 3.0, 'Counters': 16.0}, {'Spout_wait': 5.0, 'Spliters': 3.0, 'Counters': 8.0}, {'Spout_wait': 5.0, 'Spliters': 4.0, 'Counters': 1.0}, {'Spout_wait': 4.0, 'Spliters': 3.0, 'Counters': 3.0}, {'Spout_wait': 4.0, 'Spliters': 5.0, 'Counters': 15.0}, {'Spout_wait': 4.0, 'Spliters': 3.0, 'Counters': 15.0}
0.15258935426603315, 0.08449295838412296, 0.06658807043310322, 0.05053990568724742, 0.1594400641092193, 0.1932335632127753, 0.13546967287987854, 0.07209759133689941, 0.09742756565917288, 0.12794939782519454, 0.1597155795177818, 0.06053988789959308, 0.0888650571708538, 0.09844507512550993, 0.06682831248794607, 0.10042160333072758, 0.05485197085539084, 0.09353515321945194, 0.05317513139432972, 0.09563060291432113
1.2808849811553955, 1.2404358386993408, 1.4444537162780762, 1.088843584060669, 0.9686744213104248, 0.6536376476287842, 0.7826273441314697, 0.830327033996582, 0.8639035224914551, 0.7257335186004639, 1.5762031078338623, 0.760465145111084, 0.6784505844116211, 0.8875763416290283, 0.9033715724945068, 0.8555138111114502, 1.0788371562957764, 1.495476484298706, 1.2087852954864502, 1.06907320022583