{'Spout_wait': 4.0, 'Spliters': 2.0, 'Counters': 16.0}, {'Spout_wait': 4.0, 'Spliters': 6.0, 'Counters': 13.0}, {'Spout_wait': 5.0, 'Spliters': 4.0, 'Counters': 14.0}, {'Spout_wait': 3.0, 'Spliters': 6.0, 'Counters': 16.0}, {'Spout_wait': 3.0, 'Spliters': 4.0, 'Counters': 15.0}, {'Spout_wait': 1.0, 'Spliters': 3.0, 'Counters': 2.0}, {'Spout_wait': 4.0, 'Spliters': 6.0, 'Counters': 6.0}, {'Spout_wait': 4.0, 'Spliters': 6.0, 'Counters': 13.0}, {'Spout_wait': 1.0, 'Spliters': 5.0, 'Counters': 10.0}, {'Spout_wait': 2.0, 'Spliters': 3.0, 'Counters': 16.0}, {'Spout_wait': 2.0, 'Spliters': 6.0, 'Counters': 6.0}, {'Spout_wait': 6.0, 'Spliters': 4.0, 'Counters': 12.0}, {'Spout_wait': 3.0, 'Spliters': 6.0, 'Counters': 13.0}, {'Spout_wait': 5.0, 'Spliters': 6.0, 'Counters': 14.0}, {'Spout_wait': 2.0, 'Spliters': 3.0, 'Counters': 14.0}, {'Spout_wait': 1.0, 'Spliters': 6.0, 'Counters': 13.0}, {'Spout_wait': 5.0, 'Spliters': 4.0, 'Counters': 1.0}, {'Spout_wait': 5.0, 'Spliters': 3.0, 'Counters': 17.0}, {'Spout_wait': 3.0, 'Spliters': 4.0, 'Counters': 1.0}, {'Spout_wait': 6.0, 'Spliters': 4.0, 'Counters': 11.0}
0.1360877730080523, 0.07916327258655742, 0.11329525786433559, 0.08095941142227692, 0.050780020257953695, 0.0846123759215458, 0.0752111815317309, 0.07916327258655742, 0.07143996632719907, 0.06682831248794607, 0.08664886213579881, 0.06053988789959308, 0.060540270892268655, 0.05053990568724742, 0.06407312853136182, 0.08503145616120389, 0.05485197085539084, 0.08431319156724504, 0.07760647054765257, 0.09545076570216127
1.9907474517822266, 2.9805362224578857, 1.5088400840759277, 3.1504509449005127, 1.6622114181518555, 1.4181163311004639, 1.3204782009124756, 2.499569892883301, 0.8353564739227295, 0.6242377758026123, 2.0292248725891113, 1.8566169738769531, 2.4466209411621094, 1.5706980228424072, 2.1095359325408936, 1.4856696128845215, 1.8880219459533691, 1.438795804977417, 1.9976701736450195, 2.4280028343200684