{'Spout_wait': 2.0, 'Spliters': 5.0, 'Counters': 14.0}, {'Spout_wait': 6.0, 'Spliters': 4.0, 'Counters': 15.0}, {'Spout_wait': 5.0, 'Spliters': 6.0, 'Counters': 14.0}, {'Spout_wait': 5.0, 'Spliters': 6.0, 'Counters': 16.0}, {'Spout_wait': 5.0, 'Spliters': 5.0, 'Counters': 1.0}, {'Spout_wait': 3.0, 'Spliters': 6.0, 'Counters': 1.0}, {'Spout_wait': 4.0, 'Spliters': 5.0, 'Counters': 15.0}, {'Spout_wait': 5.0, 'Spliters': 5.0, 'Counters': 1.0}, {'Spout_wait': 6.0, 'Spliters': 4.0, 'Counters': 15.0}, {'Spout_wait': 5.0, 'Spliters': 5.0, 'Counters': 17.0}, {'Spout_wait': 6.0, 'Spliters': 4.0, 'Counters': 15.0}, {'Spout_wait': 6.0, 'Spliters': 4.0, 'Counters': 12.0}, {'Spout_wait': 3.0, 'Spliters': 6.0, 'Counters': 13.0}, {'Spout_wait': 5.0, 'Spliters': 6.0, 'Counters': 14.0}, {'Spout_wait': 5.0, 'Spliters': 5.0, 'Counters': 10.0}, {'Spout_wait': 2.0, 'Spliters': 4.0, 'Counters': 10.0}, {'Spout_wait': 5.0, 'Spliters': 5.0, 'Counters': 1.0}, {'Spout_wait': 6.0, 'Spliters': 4.0, 'Counters': 15.0}, {'Spout_wait': 4.0, 'Spliters': 5.0, 'Counters': 10.0}, {'Spout_wait': 4.0, 'Spliters': 6.0, 'Counters': 1.0}
0.04724666887988782, 0.051797308758049, 0.05053990568724742, 0.05281542808411355, 4.1023799471462397e-05, 0.06095920606992189, 0.05317513139432972, 4.1023799471462397e-05, 0.051797308758049, 0.06796515301188721, 0.051797308758049, 0.06053988789959308, 0.060540270892268655, 0.05053990568724742, 0.04293529150197439, 0.054792021290341, 4.1023799471462397e-05, 0.051797308758049, 0.04928309323600877, 0.06341415770644487
8.097571849822998, 6.724992513656616, 8.433761835098267, 7.946303844451904, 9.035539865493774, 9.461526155471802, 10.452782392501831, 10.154383420944214, 9.310624599456787, 10.390660524368286, 10.882755994796753, 10.657151937484741, 10.540104389190674, 9.428221940994263, 9.152340173721313, 7.205995559692383, 6.8012425899505615, 5.8504509925842285, 5.3391242027282715, 4.852046251296997