{'Max_spout': 1000000.0, 'Spliters': 6.0, 'Counters': 6.0}, {'Max_spout': 10000.0, 'Spliters': 2.0, 'Counters': 6.0}, {'Max_spout': 100000.0, 'Spliters': 1.0, 'Counters': 9.0}, {'Max_spout': 1000.0, 'Spliters': 2.0, 'Counters': 18.0}, {'Max_spout': 1000000.0, 'Spliters': 2.0, 'Counters': 18.0}, {'Max_spout': 10000.0, 'Spliters': 1.0, 'Counters': 6.0}, {'Max_spout': 1000000.0, 'Spliters': 6.0, 'Counters': 15.0}, {'Max_spout': 1000.0, 'Spliters': 2.0, 'Counters': 12.0}, {'Max_spout': 1000000.0, 'Spliters': 1.0, 'Counters': 3.0}, {'Max_spout': 100.0, 'Spliters': 3.0, 'Counters': 18.0}, {'Max_spout': 1000.0, 'Spliters': 2.0, 'Counters': 15.0}, {'Max_spout': 10000.0, 'Spliters': 2.0, 'Counters': 12.0}, {'Max_spout': 1000000.0, 'Spliters': 1.0, 'Counters': 9.0}, {'Max_spout': 1000.0, 'Spliters': 6.0, 'Counters': 12.0}, {'Max_spout': 10000.0, 'Spliters': 2.0, 'Counters': 9.0}, {'Max_spout': 10000.0, 'Spliters': 6.0, 'Counters': 12.0}, {'Max_spout': 1000000.0, 'Spliters': 1.0, 'Counters': 6.0}, {'Max_spout': 1000000.0, 'Spliters': 1.0, 'Counters': 12.0}, {'Max_spout': 1000.0, 'Spliters': 6.0, 'Counters': 18.0}, {'Max_spout': 100.0, 'Spliters': 2.0, 'Counters': 12.0}
0.4640992432358131, 0.4166887504479434, 0.35166741075975727, 0.37732074296275253, 0.3164259069728935, 0.41494030786695557, 0.46478414719232286, 0.38207560321211176, 0.39445597231778273, 0.5096961412754359, 0.36892976043895076, 0.3482003422813653, 0.32012653299473015, 0.4484068363379843, 0.40832520008941975, 0.4555332964187899, 0.36846990554864756, 0.5127308558106343, 0.4751683735659056, 0.4509522821374017
1.2243049144744873, 0.9061987400054932, 0.861647367477417, 1.68168306350708, 1.1267263889312744, 1.1560933589935303, 1.9227333068847656, 0.794715166091919, 1.6837053298950195, 0.9839208126068115, 0.8433959484100342, 0.6497352123260498, 0.9792642593383789, 1.214799165725708, 1.0404963493347168, 0.927562952041626, 0.41904735565185547, 0.5785596370697021, 1.1683380603790283, 0.9210898876190186