{'Max_spout': 100000.0, 'Spliters': 6.0, 'Counters': 1.0}, {'Max_spout': 1000000.0, 'Spliters': 2.0, 'Counters': 18.0}, {'Max_spout': 1000000.0, 'Spliters': 6.0, 'Counters': 18.0}, {'Max_spout': 1000.0, 'Spliters': 2.0, 'Counters': 15.0}, {'Max_spout': 1000000.0, 'Spliters': 2.0, 'Counters': 18.0}, {'Max_spout': 1000.0, 'Spliters': 6.0, 'Counters': 12.0}, {'Max_spout': 10000.0, 'Spliters': 6.0, 'Counters': 6.0}, {'Max_spout': 1000000.0, 'Spliters': 1.0, 'Counters': 3.0}, {'Max_spout': 1000000.0, 'Spliters': 1.0, 'Counters': 3.0}, {'Max_spout': 1000.0, 'Spliters': 6.0, 'Counters': 12.0}, {'Max_spout': 1000000.0, 'Spliters': 2.0, 'Counters': 18.0}, {'Max_spout': 10000.0, 'Spliters': 6.0, 'Counters': 18.0}, {'Max_spout': 1000000.0, 'Spliters': 1.0, 'Counters': 9.0}, {'Max_spout': 10000.0, 'Spliters': 6.0, 'Counters': 6.0}, {'Max_spout': 100000.0, 'Spliters': 1.0, 'Counters': 9.0}, {'Max_spout': 100000.0, 'Spliters': 6.0, 'Counters': 1.0}, {'Max_spout': 1000000.0, 'Spliters': 1.0, 'Counters': 6.0}, {'Max_spout': 100000.0, 'Spliters': 6.0, 'Counters': 1.0}, {'Max_spout': 1000000.0, 'Spliters': 2.0, 'Counters': 18.0}, {'Max_spout': 10000.0, 'Spliters': 2.0, 'Counters': 12.0}
0.3984556230484778, 0.3164259069728935, 0.44459959447439834, 0.36892976043895076, 0.3164259069728935, 0.4484068363379843, 0.44770505914202796, 0.39445597231778273, 0.39445597231778273, 0.4484068363379843, 0.3164259069728935, 0.44889835309221016, 0.32012653299473015, 0.44770505914202796, 0.35166741075975727, 0.3984556230484778, 0.36846990554864756, 0.3984556230484778, 0.3164259069728935, 0.3482003422813653
2.2656946182250977, 3.0814335346221924, 3.073312520980835, 2.275381565093994, 2.530190944671631, 2.1266255378723145, 2.0569944381713867, 3.104677438735962, 2.7790849208831787, 2.1003644466400146, 2.6215198040008545, 3.134401559829712, 2.977417469024658, 3.149754762649536, 3.0005340576171875, 2.9175925254821777, 3.853691577911377, 3.826746940612793, 2.704742431640625, 2.80389666557312