{'Max_spout': 10000.0, 'Spliters': 2.0, 'Counters': 18.0}, {'Max_spout': 1000000.0, 'Spliters': 2.0, 'Counters': 18.0}, {'Max_spout': 1000000.0, 'Spliters': 2.0, 'Counters': 18.0}, {'Max_spout': 1000.0, 'Spliters': 2.0, 'Counters': 15.0}, {'Max_spout': 1000000.0, 'Spliters': 2.0, 'Counters': 18.0}, {'Max_spout': 10000.0, 'Spliters': 6.0, 'Counters': 6.0}, {'Max_spout': 1000000.0, 'Spliters': 6.0, 'Counters': 18.0}, {'Max_spout': 10000.0, 'Spliters': 2.0, 'Counters': 15.0}, {'Max_spout': 1000000.0, 'Spliters': 1.0, 'Counters': 3.0}, {'Max_spout': 1000.0, 'Spliters': 2.0, 'Counters': 12.0}, {'Max_spout': 1000000.0, 'Spliters': 2.0, 'Counters': 18.0}, {'Max_spout': 100000.0, 'Spliters': 1.0, 'Counters': 9.0}, {'Max_spout': 1000000.0, 'Spliters': 2.0, 'Counters': 18.0}, {'Max_spout': 100000.0, 'Spliters': 6.0, 'Counters': 1.0}, {'Max_spout': 1000000.0, 'Spliters': 1.0, 'Counters': 9.0}, {'Max_spout': 100000.0, 'Spliters': 6.0, 'Counters': 1.0}, {'Max_spout': 1000000.0, 'Spliters': 2.0, 'Counters': 18.0}, {'Max_spout': 100000.0, 'Spliters': 6.0, 'Counters': 1.0}, {'Max_spout': 1000000.0, 'Spliters': 2.0, 'Counters': 18.0}, {'Max_spout': 10000.0, 'Spliters': 2.0, 'Counters': 12.0}
0.38803073678533906, 0.3164259069728935, 0.3164259069728935, 0.36892976043895076, 0.3164259069728935, 0.44770505914202796, 0.44459959447439834, 0.37396253693787807, 0.39445597231778273, 0.38207560321211176, 0.3164259069728935, 0.35166741075975727, 0.3164259069728935, 0.3984556230484778, 0.32012653299473015, 0.3984556230484778, 0.3164259069728935, 0.3984556230484778, 0.3164259069728935, 0.3482003422813653
3.6439342498779297, 3.3435397148132324, 3.1194818019866943, 3.2750117778778076, 3.941955089569092, 3.996948719024658, 3.6148416996002197, 3.3157453536987305, 3.6009342670440674, 3.291091203689575, 3.5558369159698486, 3.6495602130889893, 3.4295170307159424, 4.73056960105896, 3.4607486724853516, 3.6395022869110107, 4.5104286670684814, 3.7714691162109375, 3.5870633125305176, 3.7031004428863525