{'Max_spout': 100000.0, 'Spliters': 6.0, 'Counters': 1.0}, {'Max_spout': 10000.0, 'Spliters': 2.0, 'Counters': 9.0}, {'Max_spout': 1000.0, 'Spliters': 2.0, 'Counters': 15.0}, {'Max_spout': 1000.0, 'Spliters': 2.0, 'Counters': 15.0}, {'Max_spout': 10000.0, 'Spliters': 2.0, 'Counters': 12.0}, {'Max_spout': 1000.0, 'Spliters': 2.0, 'Counters': 15.0}, {'Max_spout': 1000000.0, 'Spliters': 6.0, 'Counters': 1.0}, {'Max_spout': 10000.0, 'Spliters': 2.0, 'Counters': 12.0}, {'Max_spout': 1000000.0, 'Spliters': 1.0, 'Counters': 9.0}, {'Max_spout': 100.0, 'Spliters': 2.0, 'Counters': 12.0}, {'Max_spout': 1000000.0, 'Spliters': 6.0, 'Counters': 18.0}, {'Max_spout': 100.0, 'Spliters': 3.0, 'Counters': 9.0}, {'Max_spout': 1000000.0, 'Spliters': 1.0, 'Counters': 9.0}, {'Max_spout': 1000.0, 'Spliters': 6.0, 'Counters': 15.0}, {'Max_spout': 100000.0, 'Spliters': 1.0, 'Counters': 9.0}, {'Max_spout': 100000.0, 'Spliters': 2.0, 'Counters': 9.0}, {'Max_spout': 1000000.0, 'Spliters': 1.0, 'Counters': 6.0}, {'Max_spout': 100000.0, 'Spliters': 6.0, 'Counters': 1.0}, {'Max_spout': 100000.0, 'Spliters': 2.0, 'Counters': 18.0}, {'Max_spout': 10000.0, 'Spliters': 2.0, 'Counters': 6.0}
0.3984556230484778, 0.40832520008941975, 0.36892976043895076, 0.36892976043895076, 0.3482003422813653, 0.36892976043895076, 0.40357683359835317, 0.3482003422813653, 0.32012653299473015, 0.4509522821374017, 0.44459959447439834, 0.507249914054636, 0.32012653299473015, 0.45712801740865205, 0.35166741075975727, 0.4432542580854002, 0.36846990554864756, 0.3984556230484778, 0.43400974818367466, 0.4166887504479434
2.630796432495117, 1.8911268711090088, 2.3694560527801514, 1.0059125423431396, 1.4312806129455566, 1.9881510734558105, 2.4702858924865723, 2.0198886394500732, 1.4835011959075928, 1.995100736618042, 1.9486746788024902, 1.523998737335205, 2.1547353267669678, 1.6527481079101562, 1.8809404373168945, 1.3836753368377686, 1.721724271774292, 2.228649616241455, 2.075357675552368, 3.1070656776428223