{'Max_spout': 1000.0, 'Spliters': 1.0, 'Counters': 16.0}, {'Max_spout': 100000.0, 'Spliters': 2.0, 'Counters': 17.0}, {'Max_spout': 10000.0, 'Spliters': 1.0, 'Counters': 15.0}, {'Max_spout': 10000.0, 'Spliters': 2.0, 'Counters': 15.0}, {'Max_spout': 10000.0, 'Spliters': 2.0, 'Counters': 15.0}, {'Max_spout': 1000000.0, 'Spliters': 2.0, 'Counters': 18.0}, {'Max_spout': 100000.0, 'Spliters': 2.0, 'Counters': 15.0}, {'Max_spout': 1000000.0, 'Spliters': 2.0, 'Counters': 18.0}, {'Max_spout': 100000.0, 'Spliters': 2.0, 'Counters': 17.0}, {'Max_spout': 1000000.0, 'Spliters': 2.0, 'Counters': 18.0}, {'Max_spout': 10000.0, 'Spliters': 2.0, 'Counters': 17.0}, {'Max_spout': 10000.0, 'Spliters': 1.0, 'Counters': 9.0}, {'Max_spout': 1000.0, 'Spliters': 1.0, 'Counters': 18.0}, {'Max_spout': 100000.0, 'Spliters': 2.0, 'Counters': 17.0}, {'Max_spout': 10000.0, 'Spliters': 2.0, 'Counters': 15.0}, {'Max_spout': 1000.0, 'Spliters': 1.0, 'Counters': 16.0}, {'Max_spout': 100000.0, 'Spliters': 2.0, 'Counters': 15.0}, {'Max_spout': 100000.0, 'Spliters': 2.0, 'Counters': 17.0}, {'Max_spout': 100000.0, 'Spliters': 2.0, 'Counters': 17.0}, {'Max_spout': 100000.0, 'Spliters': 2.0, 'Counters': 17.0}
0.19199060033478188, 0.12371969767889157, 0.23133295685818278, 0.12284324324612461, 0.12284324324612461, 0.13380251720146819, 0.132539345926719, 0.13380251720146819, 0.12371969767889157, 0.13380251720146819, 0.13361873109709843, 0.24205134551675467, 0.2169919538979822, 0.12371969767889157, 0.12284324324612461, 0.19199060033478188, 0.132539345926719, 0.12371969767889157, 0.12371969767889157, 0.12371969767889157
8.109930992126465, 10.5339937210083, 8.604116916656494, 9.46190071105957, 8.81587290763855, 8.771572828292847, 11.322208166122437, 10.519102573394775, 9.508172035217285, 9.926133155822754, 11.074819087982178, 10.645766496658325, 9.763933181762695, 7.373848915100098, 8.910378456115723, 7.690110921859741, 6.183726072311401, 5.63032341003418, 5.201368808746338, 4.133352518081665