{'Max_spout': 10000.0, 'Spliters': 2.0, 'Counters': 6.0}, {'Max_spout': 1000.0, 'Spliters': 2.0, 'Counters': 18.0}, {'Max_spout': 1000.0, 'Spliters': 2.0, 'Counters': 9.0}, {'Max_spout': 1000.0, 'Spliters': 2.0, 'Counters': 15.0}, {'Max_spout': 1000.0, 'Spliters': 2.0, 'Counters': 18.0}, {'Max_spout': 1000000.0, 'Spliters': 6.0, 'Counters': 12.0}, {'Max_spout': 1000000.0, 'Spliters': 6.0, 'Counters': 15.0}, {'Max_spout': 100000.0, 'Spliters': 2.0, 'Counters': 15.0}, {'Max_spout': 1000.0, 'Spliters': 2.0, 'Counters': 9.0}, {'Max_spout': 1000.0, 'Spliters': 2.0, 'Counters': 9.0}, {'Max_spout': 10000.0, 'Spliters': 2.0, 'Counters': 15.0}, {'Max_spout': 10000.0, 'Spliters': 6.0, 'Counters': 18.0}, {'Max_spout': 100.0, 'Spliters': 2.0, 'Counters': 6.0}, {'Max_spout': 1000000.0, 'Spliters': 6.0, 'Counters': 18.0}, {'Max_spout': 10000.0, 'Spliters': 2.0, 'Counters': 9.0}, {'Max_spout': 1000000.0, 'Spliters': 6.0, 'Counters': 18.0}, {'Max_spout': 1000.0, 'Spliters': 2.0, 'Counters': 15.0}, {'Max_spout': 100.0, 'Spliters': 2.0, 'Counters': 18.0}, {'Max_spout': 1000000.0, 'Spliters': 2.0, 'Counters': 9.0}, {'Max_spout': 1000.0, 'Spliters': 2.0, 'Counters': 9.0}
0.4048595507354926, 0.3670307857723123, 0.3843556979164898, 0.3534006710681069, 0.3670307857723123, 0.45132372310007496, 0.4750693614314816, 0.43629833300548926, 0.3843556979164898, 0.3843556979164898, 0.3975491585218419, 0.4475080432583598, 0.45074322476566475, 0.45684852732534786, 0.3915810157618045, 0.45684852732534786, 0.3534006710681069, 0.4007921025523584, 0.41464190904005405, 0.3843556979164898
3.6268744468688965, 3.081000566482544, 3.3720755577087402, 2.6709280014038086, 4.261429309844971, 4.311605453491211, 4.4802916049957275, 3.8581130504608154, 4.058785915374756, 4.4685378074646, 2.9029312133789062, 3.525808095932007, 3.931344747543335, 3.5171244144439697, 2.7895069122314453, 3.969940662384033, 4.901993989944458, 4.063486576080322, 3.6526925563812256, 2.7386980056762695