{'Max_spout': 100000.0, 'Spliters': 2.0, 'Counters': 18.0}, {'Max_spout': 1000.0, 'Spliters': 2.0, 'Counters': 18.0}, {'Max_spout': 1000.0, 'Spliters': 2.0, 'Counters': 15.0}, {'Max_spout': 1000.0, 'Spliters': 2.0, 'Counters': 15.0}, {'Max_spout': 1000.0, 'Spliters': 2.0, 'Counters': 15.0}, {'Max_spout': 1000.0, 'Spliters': 2.0, 'Counters': 18.0}, {'Max_spout': 1000.0, 'Spliters': 2.0, 'Counters': 15.0}, {'Max_spout': 1000.0, 'Spliters': 2.0, 'Counters': 15.0}, {'Max_spout': 1000.0, 'Spliters': 2.0, 'Counters': 18.0}, {'Max_spout': 1000.0, 'Spliters': 2.0, 'Counters': 15.0}, {'Max_spout': 1000.0, 'Spliters': 2.0, 'Counters': 18.0}, {'Max_spout': 1000.0, 'Spliters': 2.0, 'Counters': 15.0}, {'Max_spout': 1000.0, 'Spliters': 2.0, 'Counters': 15.0}, {'Max_spout': 1000.0, 'Spliters': 2.0, 'Counters': 15.0}, {'Max_spout': 1000.0, 'Spliters': 2.0, 'Counters': 18.0}, {'Max_spout': 1000.0, 'Spliters': 2.0, 'Counters': 12.0}, {'Max_spout': 1000.0, 'Spliters': 2.0, 'Counters': 15.0}, {'Max_spout': 1000.0, 'Spliters': 2.0, 'Counters': 15.0}, {'Max_spout': 1000.0, 'Spliters': 2.0, 'Counters': 15.0}, {'Max_spout': 1000.0, 'Spliters': 2.0, 'Counters': 15.0}
0.42885023240274767, 0.3513569799560069, 0.33404364197772773, 0.33404364197772773, 0.33404364197772773, 0.3513569799560069, 0.33404364197772773, 0.33404364197772773, 0.3513569799560069, 0.33404364197772773, 0.3513569799560069, 0.33404364197772773, 0.33404364197772773, 0.33404364197772773, 0.3513569799560069, 0.353038171607748, 0.33404364197772773, 0.33404364197772773, 0.33404364197772773, 0.33404364197772773
9.59122920036316, 9.097801446914673, 10.463400840759277, 10.81503415107727, 9.20889925956726, 9.973454713821411, 11.757982969284058, 11.756078481674194, 11.676535367965698, 14.64990496635437, 11.501233100891113, 8.87488341331482, 10.895485162734985, 7.730695962905884, 6.133275508880615, 5.410090208053589, 6.39297890663147, 4.6559367179870605, 4.725825071334839, 8.573619365692139