{'Max_spout': 1.0, 'Spliters': 1.0, 'Counters': 15.0}, {'Max_spout': 1.0, 'Spliters': 1.0, 'Counters': 15.0}, {'Max_spout': 1.0, 'Spliters': 1.0, 'Counters': 3.0}, {'Max_spout': 1.0, 'Spliters': 1.0, 'Counters': 1.0}, {'Max_spout': 1.0, 'Spliters': 6.0, 'Counters': 12.0}, {'Max_spout': 1.0, 'Spliters': 1.0, 'Counters': 9.0}, {'Max_spout': 1.0, 'Spliters': 2.0, 'Counters': 1.0}, {'Max_spout': 1.0, 'Spliters': 6.0, 'Counters': 12.0}, {'Max_spout': 1.0, 'Spliters': 3.0, 'Counters': 18.0}, {'Max_spout': 1000.0, 'Spliters': 3.0, 'Counters': 1.0}, {'Max_spout': 1.0, 'Spliters': 3.0, 'Counters': 9.0}, {'Max_spout': 1.0, 'Spliters': 2.0, 'Counters': 1.0}, {'Max_spout': 10.0, 'Spliters': 3.0, 'Counters': 1.0}, {'Max_spout': 10000.0, 'Spliters': 2.0, 'Counters': 1.0}, {'Max_spout': 1.0, 'Spliters': 1.0, 'Counters': 9.0}, {'Max_spout': 1.0, 'Spliters': 6.0, 'Counters': 3.0}, {'Max_spout': 1.0, 'Spliters': 2.0, 'Counters': 6.0}, {'Max_spout': 1.0, 'Spliters': 1.0, 'Counters': 15.0}, {'Max_spout': 1.0, 'Spliters': 1.0, 'Counters': 3.0}, {'Max_spout': 10000.0, 'Spliters': 2.0, 'Counters': 1.0}
0.0, 0.0, 0.0019296845057882317, 0.0023531105074919845, 0.010963888289174828, 0.0012736252462314246, 0.0019045801973868182, 0.010963888289174828, 0.010219127139933115, 0.06796907818653175, 0.0110944306928622, 0.0019045801973868182, 0.05419350735639916, 0.04904545051355047, 0.0012736252462314246, 0.01451196387657383, 0.002341395163571347, 0.0, 0.0019296845057882317, 0.04904545051355047
2.544832706451416, 2.3098299503326416, 2.871889114379883, 2.4494802951812744, 3.4895429611206055, 2.3612232208251953, 2.3190295696258545, 2.980902910232544, 1.5788295269012451, 2.6996376514434814, 2.341207265853882, 1.9533803462982178, 1.7252402305603027, 2.8200416564941406, 3.1264989376068115, 1.5688514709472656, 1.709735631942749, 2.1289548873901367, 1.4970803260803223, 1.9040961265563965