{'Max_spout': 1.0, 'Spliters': 2.0, 'Counters': 18.0}, {'Max_spout': 1.0, 'Spliters': 1.0, 'Counters': 12.0}, {'Max_spout': 1.0, 'Spliters': 1.0, 'Counters': 3.0}, {'Max_spout': 1.0, 'Spliters': 1.0, 'Counters': 1.0}, {'Max_spout': 1.0, 'Spliters': 1.0, 'Counters': 12.0}, {'Max_spout': 1.0, 'Spliters': 1.0, 'Counters': 9.0}, {'Max_spout': 1.0, 'Spliters': 1.0, 'Counters': 6.0}, {'Max_spout': 1.0, 'Spliters': 1.0, 'Counters': 18.0}, {'Max_spout': 1.0, 'Spliters': 1.0, 'Counters': 12.0}, {'Max_spout': 1.0, 'Spliters': 1.0, 'Counters': 18.0}, {'Max_spout': 1.0, 'Spliters': 1.0, 'Counters': 12.0}, {'Max_spout': 1.0, 'Spliters': 1.0, 'Counters': 6.0}, {'Max_spout': 1.0, 'Spliters': 1.0, 'Counters': 15.0}, {'Max_spout': 100000.0, 'Spliters': 2.0, 'Counters': 1.0}, {'Max_spout': 1.0, 'Spliters': 1.0, 'Counters': 18.0}, {'Max_spout': 1.0, 'Spliters': 1.0, 'Counters': 6.0}, {'Max_spout': 1.0, 'Spliters': 1.0, 'Counters': 6.0}, {'Max_spout': 1.0, 'Spliters': 1.0, 'Counters': 6.0}, {'Max_spout': 1.0, 'Spliters': 1.0, 'Counters': 12.0}, {'Max_spout': 1.0, 'Spliters': 1.0, 'Counters': 1.0}
0.004397110839524876, 0.0008018260942662669, 0.003166889755378377, 0.004705878549212117, 0.0008018260942662669, 0.003115159039619231, 0.0020255808389428864, 0.0, 0.0008018260942662669, 0.0, 0.0008018260942662669, 0.0020255808389428864, 0.0037165286103190143, 0.05259397207834615, 0.0, 0.0020255808389428864, 0.0020255808389428864, 0.0020255808389428864, 0.0008018260942662669, 0.004705878549212117
6.808618783950806, 4.437533855438232, 4.506192207336426, 4.675393104553223, 4.06643271446228, 3.9545741081237793, 5.680861234664917, 4.4949798583984375, 4.994386434555054, 4.581758260726929, 3.5118377208709717, 2.4080257415771484, 3.1658661365509033, 1.9373931884765625, 1.7036080360412598, 2.0439252853393555, 2.3914027214050293, 2.9355945587158203, 1.9847068786621094, 1.8969271183013916