{'Max_spout': 1.0, 'Spliters': 1.0, 'Counters': 3.0}, {'Max_spout': 1.0, 'Spliters': 1.0, 'Counters': 18.0}, {'Max_spout': 1.0, 'Spliters': 1.0, 'Counters': 3.0}, {'Max_spout': 1.0, 'Spliters': 6.0, 'Counters': 6.0}, {'Max_spout': 1.0, 'Spliters': 1.0, 'Counters': 18.0}, {'Max_spout': 1.0, 'Spliters': 1.0, 'Counters': 3.0}, {'Max_spout': 1.0, 'Spliters': 1.0, 'Counters': 1.0}, {'Max_spout': 1.0, 'Spliters': 1.0, 'Counters': 6.0}, {'Max_spout': 1.0, 'Spliters': 1.0, 'Counters': 18.0}, {'Max_spout': 100000.0, 'Spliters': 2.0, 'Counters': 1.0}, {'Max_spout': 1.0, 'Spliters': 3.0, 'Counters': 9.0}, {'Max_spout': 1.0, 'Spliters': 2.0, 'Counters': 12.0}, {'Max_spout': 1.0, 'Spliters': 6.0, 'Counters': 1.0}, {'Max_spout': 10000.0, 'Spliters': 2.0, 'Counters': 1.0}, {'Max_spout': 1.0, 'Spliters': 1.0, 'Counters': 9.0}, {'Max_spout': 10.0, 'Spliters': 6.0, 'Counters': 1.0}, {'Max_spout': 1.0, 'Spliters': 1.0, 'Counters': 15.0}, {'Max_spout': 1.0, 'Spliters': 1.0, 'Counters': 9.0}, {'Max_spout': 10000.0, 'Spliters': 2.0, 'Counters': 1.0}, {'Max_spout': 100000.0, 'Spliters': 2.0, 'Counters': 1.0}
0.003166889755378377, 0.0, 0.003166889755378377, 0.014272827794913567, 0.0, 0.003166889755378377, 0.004705878549212117, 0.0020255808389428864, 0.0, 0.05259397207834615, 0.013299643704695163, 0.005236118385743005, 0.01519589775424035, 0.056051847109869546, 0.003115159039619231, 0.057550421282016484, 0.0037165286103190143, 0.003115159039619231, 0.056051847109869546, 0.05259397207834615
3.4786124229431152, 2.603928327560425, 3.2939369678497314, 3.1892974376678467, 2.9834866523742676, 2.6641247272491455, 2.8527138233184814, 2.739814281463623, 1.8609018325805664, 2.2567925453186035, 1.397740364074707, 2.6593384742736816, 2.2131497859954834, 1.7281248569488525, 2.1698389053344727, 3.8044819831848145, 2.051197052001953, 2.0534260272979736, 2.8677613735198975, 2.3595590591430664