{'Max_spout': 100000.0, 'Spliters': 3.0, 'Counters': 1.0}, {'Max_spout': 1.0, 'Spliters': 6.0, 'Counters': 12.0}, {'Max_spout': 10.0, 'Spliters': 3.0, 'Counters': 9.0}, {'Max_spout': 1.0, 'Spliters': 3.0, 'Counters': 3.0}, {'Max_spout': 10.0, 'Spliters': 2.0, 'Counters': 3.0}, {'Max_spout': 10.0, 'Spliters': 3.0, 'Counters': 6.0}, {'Max_spout': 10.0, 'Spliters': 3.0, 'Counters': 9.0}, {'Max_spout': 10000.0, 'Spliters': 3.0, 'Counters': 9.0}, {'Max_spout': 1.0, 'Spliters': 3.0, 'Counters': 18.0}, {'Max_spout': 1000.0, 'Spliters': 2.0, 'Counters': 1.0}, {'Max_spout': 10000.0, 'Spliters': 3.0, 'Counters': 6.0}, {'Max_spout': 1.0, 'Spliters': 2.0, 'Counters': 12.0}, {'Max_spout': 1.0, 'Spliters': 1.0, 'Counters': 1.0}, {'Max_spout': 10000.0, 'Spliters': 2.0, 'Counters': 1.0}, {'Max_spout': 1.0, 'Spliters': 1.0, 'Counters': 9.0}, {'Max_spout': 10.0, 'Spliters': 3.0, 'Counters': 1.0}, {'Max_spout': 1.0, 'Spliters': 2.0, 'Counters': 12.0}, {'Max_spout': 1.0, 'Spliters': 1.0, 'Counters': 9.0}, {'Max_spout': 1.0, 'Spliters': 1.0, 'Counters': 6.0}, {'Max_spout': 10000.0, 'Spliters': 2.0, 'Counters': 1.0}
0.2080189075766099, 0.014659191578239472, 0.21333747179059404, 0.017691904789617685, 0.16496925255582062, 0.1903011374291127, 0.21333747179059404, 0.2383783713877411, 0.015921744359735368, 0.07602151997775575, 0.23913816627545315, 0.005236118385743005, 0.004705878549212117, 0.056051847109869546, 0.003115159039619231, 0.06878891928068442, 0.005236118385743005, 0.003115159039619231, 0.0020255808389428864, 0.056051847109869546
1.8890819549560547, 2.107924461364746, 1.5092859268188477, 1.575624704360962, 2.1225690841674805, 2.42881178855896, 1.8357210159301758, 1.24684476852417, 1.7990992069244385, 1.309912919998169, 1.6625144481658936, 1.8637421131134033, 1.4695429801940918, 1.0507886409759521, 1.936467170715332, 2.3133437633514404, 1.3076233863830566, 1.0349040031433105, 1.2624590396881104, 1.2078101634979248