{'Max_spout': 100000.0, 'Spliters': 2.0, 'Counters': 1.0}, {'Max_spout': 1.0, 'Spliters': 1.0, 'Counters': 12.0}, {'Max_spout': 1.0, 'Spliters': 1.0, 'Counters': 3.0}, {'Max_spout': 1.0, 'Spliters': 1.0, 'Counters': 1.0}, {'Max_spout': 1.0, 'Spliters': 1.0, 'Counters': 12.0}, {'Max_spout': 1.0, 'Spliters': 1.0, 'Counters': 3.0}, {'Max_spout': 1.0, 'Spliters': 1.0, 'Counters': 6.0}, {'Max_spout': 1.0, 'Spliters': 1.0, 'Counters': 18.0}, {'Max_spout': 1.0, 'Spliters': 1.0, 'Counters': 1.0}, {'Max_spout': 1.0, 'Spliters': 1.0, 'Counters': 12.0}, {'Max_spout': 1.0, 'Spliters': 2.0, 'Counters': 6.0}, {'Max_spout': 1.0, 'Spliters': 1.0, 'Counters': 6.0}, {'Max_spout': 1.0, 'Spliters': 6.0, 'Counters': 15.0}, {'Max_spout': 100000.0, 'Spliters': 2.0, 'Counters': 1.0}, {'Max_spout': 1.0, 'Spliters': 1.0, 'Counters': 9.0}, {'Max_spout': 1.0, 'Spliters': 1.0, 'Counters': 6.0}, {'Max_spout': 1.0, 'Spliters': 1.0, 'Counters': 6.0}, {'Max_spout': 1.0, 'Spliters': 1.0, 'Counters': 6.0}, {'Max_spout': 1.0, 'Spliters': 1.0, 'Counters': 12.0}, {'Max_spout': 10.0, 'Spliters': 2.0, 'Counters': 1.0}
0.05259397207834615, 0.0008018260942662669, 0.003166889755378377, 0.004705878549212117, 0.0008018260942662669, 0.003166889755378377, 0.0020255808389428864, 0.0, 0.004705878549212117, 0.0008018260942662669, 0.007426590881168038, 0.0020255808389428864, 0.011018642456691707, 0.05259397207834615, 0.003115159039619231, 0.0020255808389428864, 0.0020255808389428864, 0.0020255808389428864, 0.0008018260942662669, 0.04917651166850956
3.845407724380493, 3.8245608806610107, 3.6683897972106934, 2.932652473449707, 3.0866003036499023, 4.317837715148926, 2.492394208908081, 2.0240981578826904, 4.082597017288208, 1.9146699905395508, 3.0378918647766113, 2.7712435722351074, 1.8242793083190918, 2.0618526935577393, 1.1037123203277588, 1.8443470001220703, 2.043757677078247, 1.7800672054290771, 1.4936766624450684, 1.0708544254302979