{
  "stats": {
    "submitted": 6,
    "finished": 6,
    "running": 0
  },
  "data": [
    [
      1,
      null,
      327741615,
      null,
      0.18793014487942106,
      0.0027878284454345703,
      1,
      1763447534.6112347,
      1763447534.6160614,
      {}
    ],
    [
      2,
      null,
      327741615,
      null,
      0.22368990212151652,
      0.002908468246459961,
      1,
      1763447534.6297088,
      1763447534.6359777,
      {}
    ],
    [
      3,
      null,
      327741615,
      null,
      0.2572656613131328,
      0.002317190170288086,
      1,
      1763447537.4135594,
      1763447537.4178343,
      {}
    ],
    [
      4,
      null,
      327741615,
      null,
      0.22934687388954555,
      0.0008718967437744141,
      1,
      1763447537.4247336,
      1763447537.427218,
      {}
    ],
    [
      5,
      null,
      327741615,
      null,
      0.23533315441270486,
      0.0010042190551757812,
      1,
      1763447537.4342315,
      1763447537.4368784,
      {}
    ],
    [
      6,
      null,
      327741615,
      null,
      0.32951478276004975,
      0.002178192138671875,
      1,
      1763447537.444038,
      1763447537.4477925,
      {}
    ]
  ],
  "configs": {
    "1": {
      " ACAP": 4.466789837926626,
      " AEXP": 4.725464637509547,
      " CPLx": 5.397525398992002,
      " DOCU": 2.3060294911265373,
      " ETAT": 4.292906621685251,
      " FLEx": 1.503939799964428,
      " KLOC": 63.926018557811155,
      " LTEx": 3.5060836263000965,
      " PCAP": 4.310559177771211,
      " PCON": 3.5298174319928513,
      " PLEx": 2.7338584279362115,
      " PMAT": 2.5883217994123697,
      " PREC": 3.042041663080454,
      " PVOL": 4.176354402676225,
      " RELY": 3.021372962743044,
      " RESL": 1.3998116753371432,
      " RUSE": 4.100228687284514,
      " SCED": 3.0,
      " SITE": 3.4292310839518905,
      " STOR": 3.5729533368721604,
      " TEAM": 3.1131314486265182,
      " TIME": 3.8891123021021485,
      " TOOL": 2.0,
      "DATA": 2.104479799803346
    },
    "2": {
      " ACAP": 3.1526165787479146,
      " AEXP": 4.118895250168218,
      " CPLx": 4.31522769432268,
      " DOCU": 3.893860711323765,
      " ETAT": 5.8889695704710165,
      " FLEx": 3.1539834816417347,
      " KLOC": 212.9108032784574,
      " LTEx": 1.2161534000792846,
      " PCAP": 3.5368779602037423,
      " PCON": 3.000030120801414,
      " PLEx": 3.0370107583667005,
      " PMAT": 2.8037390361043757,
      " PREC": 2.5237645325941536,
      " PVOL": 2.1978090407177153,
      " RELY": 3.576291198615987,
      " RESL": 4.637464517350734,
      " RUSE": 2.854328028966082,
      " SCED": 3.0,
      " SITE": 3.2606198090884155,
      " STOR": 3.9312060196890215,
      " TEAM": 1.099596910201392,
      " TIME": 3.6005489174641223,
      " TOOL": 2.0,
      "DATA": 4.850488242240109
    },
    "3": {
      " ACAP": 4.7338071154535655,
      " AEXP": 1.9755535045585493,
      " CPLx": 3.989574963085069,
      " DOCU": 1.4301279090870826,
      " ETAT": 5.789519793138197,
      " FLEx": 4.7500014954335725,
      " KLOC": 46.194103034352175,
      " LTEx": 1.3854287585196505,
      " PCAP": 3.1160296607428077,
      " PCON": 2.399979255552216,
      " PLEx": 3.137957261547943,
      " PMAT": 2.8990210319110927,
      " PREC": 1.0486510932963615,
      " PVOL": 4.556216242735127,
      " RELY": 4.482902163737519,
      " RESL": 3.2113140214912397,
      " RUSE": 4.6360789010011665,
      " SCED": 3.0,
      " SITE": 3.567002952503375,
      " STOR": 3.73732870114903,
      " TEAM": 4.230988275482973,
      " TIME": 3.0701429311291477,
      " TOOL": 2.0,
      "DATA": 3.9499734960057493
    },
    "4": {
      " ACAP": 4.8346049103206745,
      " AEXP": 3.6763284612856744,
      " CPLx": 3.740422568894647,
      " DOCU": 2.624446233510982,
      " ETAT": 5.234857809931496,
      " FLEx": 3.927690855728668,
      " KLOC": 24.02615148668273,
      " LTEx": 2.050976747829764,
      " PCAP": 3.5584737514450997,
      " PCON": 2.3066263278366153,
      " PLEx": 3.446742504250532,
      " PMAT": 2.8825982098721687,
      " PREC": 4.480398703388019,
      " PVOL": 2.7677376919555106,
      " RELY": 3.790101778903197,
      " RESL": 2.9439318747669283,
      " RUSE": 2.6771077841549022,
      " SCED": 3.0,
      " SITE": 1.3982659100493324,
      " STOR": 3.411190833509106,
      " TEAM": 2.3089277293936465,
      " TIME": 3.8956906937131652,
      " TOOL": 2.0,
      "DATA": 3.646275968532163
    },
    "5": {
      " ACAP": 3.2422468917385245,
      " AEXP": 4.271692500280718,
      " CPLx": 3.1363341882544926,
      " DOCU": 4.923193500489623,
      " ETAT": 2.6278472990451403,
      " FLEx": 2.94731433072186,
      " KLOC": 140.4799957318948,
      " LTEx": 3.4280114049627772,
      " PCAP": 4.548959629720043,
      " PCON": 4.732444406523448,
      " PLEx": 1.5805897306454373,
      " PMAT": 2.142693240832795,
      " PREC": 4.717271227865995,
      " PVOL": 3.787145218981663,
      " RELY": 3.27062256026563,
      " RESL": 1.399243029409053,
      " RUSE": 3.145227996598741,
      " SCED": 3.0,
      " SITE": 4.27681311891042,
      " STOR": 3.5651360153903857,
      " TEAM": 3.8355321046934283,
      " TIME": 3.6866424080118785,
      " TOOL": 2.0,
      "DATA": 2.1441618613634303
    },
    "6": {
      " ACAP": 3.1431091119233106,
      " AEXP": 4.133785290860914,
      " CPLx": 4.831782431268664,
      " DOCU": 2.80335113531796,
      " ETAT": 4.2505417158361585,
      " FLEx": 4.297080736422316,
      " KLOC": 372.11394184751,
      " LTEx": 2.7118467035298988,
      " PCAP": 3.7496898276335715,
      " PCON": 4.2560547896358685,
      " PLEx": 3.093567004083487,
      " PMAT": 2.554821618689531,
      " PREC": 1.2739745018703426,
      " PVOL": 4.267547603334764,
      " RELY": 3.7420592440786136,
      " RESL": 1.0059231703047196,
      " RUSE": 5.153939734905561,
      " SCED": 3.0,
      " SITE": 5.325764242329773,
      " STOR": 3.977489350272746,
      " TEAM": 1.5676847539485719,
      " TIME": 3.40547107050282,
      " TOOL": 2.0,
      "DATA": 3.8530569092343248
    }
  },
  "config_origins": {
    "1": "Initial Design: Sobol",
    "2": "Random Search",
    "3": "Acquisition Function Maximizer: Local Search",
    "4": "Acquisition Function Maximizer: Local Search",
    "5": "Acquisition Function Maximizer: Local Search",
    "6": "Acquisition Function Maximizer: Local Search"
  }
}