{
  "DE_params": {
    "mutation_factor": 0.5,
    "crossover_prob": 0.5,
    "strategy": "rand1_bin",
    "configspace": true,
    "boundary_fix_type": "random",
    "max_age": Infinity,
    "dimensions": 26,
    "output_path": "../results/tmp/DEHB_tmp/dehb_20251208-045809_aa3f",
    "async_strategy": "immediate"
  },
  "HB_params": {
    "min_fidelity": 1,
    "max_fidelity": 10,
    "min_clip": null,
    "max_clip": null,
    "eta": 3
  },
  "internals": {
    "initial_configs": [
      {
        "config_id": 0,
        "config": [
          0.5365853658536586,
          0.07692307692307693,
          0.11904761904761904,
          0.27450980392156865,
          0.9354838709677419,
          0.475,
          0.9565217391304348,
          0.9318181818181818,
          0.0,
          0.5324675324675324,
          0.7681159420289855,
          0.10526315789473684,
          0.8695652173913043,
          0.0,
          0.038461538461538464,
          0.4,
          0.2571428571428571,
          0.6956521739130435,
          0.0,
          0.0,
          0.0,
          0.0,
          0.0,
          0.803030303030303,
          0.9090909090909091,
          0.07792207792207792
        ],
        "results": {
          "1.1111111111111112": {
            "score": Infinity,
            "cost": -1,
            "info": {}
          }
        }
      },
      {
        "config_id": 1,
        "config": [
          0.5853658536585366,
          0.9743589743589743,
          0.4523809523809524,
          0.21568627450980393,
          0.0967741935483871,
          0.875,
          0.6086956521739131,
          0.5454545454545454,
          0.0,
          0.5844155844155844,
          0.17391304347826086,
          0.42105263157894735,
          0.8260869565217391,
          0.0,
          0.2564102564102564,
          0.0,
          0.4714285714285714,
          0.043478260869565216,
          0.0,
          0.0,
          0.0,
          0.0,
          0.0,
          0.3333333333333333,
          0.09090909090909091,
          0.7792207792207793
        ],
        "results": {
          "1.1111111111111112": {
            "score": Infinity,
            "cost": -1,
            "info": {}
          }
        }
      },
      {
        "config_id": 2,
        "config": [
          0.6585365853658537,
          0.28205128205128205,
          0.40476190476190477,
          0.7254901960784313,
          0.967741935483871,
          0.55,
          0.6086956521739131,
          0.4090909090909091,
          0.0,
          0.37662337662337664,
          0.36231884057971014,
          0.10526315789473684,
          0.6521739130434783,
          0.0,
          0.782051282051282,
          0.9,
          0.8714285714285714,
          0.9130434782608695,
          0.0,
          0.0,
          0.0,
          0.14285714285714285,
          0.0,
          0.3333333333333333,
          0.0,
          0.06493506493506493
        ],
        "results": {
          "1.1111111111111112": {
            "score": Infinity,
            "cost": -1,
            "info": {}
          }
        }
      },
      {
        "config_id": 3,
        "config": [
          0.5853658536585366,
          0.5128205128205128,
          0.40476190476190477,
          0.2549019607843137,
          0.6774193548387096,
          0.2,
          0.9565217391304348,
          0.7727272727272727,
          0.0,
          0.6623376623376623,
          0.6086956521739131,
          0.0,
          0.08695652173913043,
          0.0,
          0.4230769230769231,
          0.7,
          0.3,
          0.4782608695652174,
          0.0,
          0.0,
          0.0,
          0.7142857142857143,
          0.0,
          0.7727272727272727,
          0.8181818181818182,
          0.6363636363636364
        ],
        "results": {
          "1.1111111111111112": {
            "score": Infinity,
            "cost": -1,
            "info": {}
          }
        }
      },
      {
        "config_id": 4,
        "config": [
          0.8292682926829268,
          0.10256410256410256,
          0.9285714285714286,
          0.7843137254901961,
          0.8387096774193549,
          0.65,
          0.9130434782608695,
          0.38636363636363635,
          0.0,
          0.7532467532467533,
          0.855072463768116,
          0.3684210526315789,
          0.6521739130434783,
          0.0,
          0.15384615384615385,
          0.1,
          0.34285714285714286,
          0.6956521739130435,
          0.0,
          0.0,
          0.0,
          0.42857142857142855,
          0.0,
          0.696969696969697,
          0.45454545454545453,
          0.5584415584415584
        ],
        "results": {
          "1.1111111111111112": {
            "score": Infinity,
            "cost": -1,
            "info": {}
          }
        }
      },
      {
        "config_id": 5,
        "config": [
          0.3902439024390244,
          0.41025641025641024,
          0.2619047619047619,
          0.7058823529411765,
          0.5161290322580645,
          0.4,
          0.5652173913043478,
          0.0,
          0.0,
          0.45454545454545453,
          0.6811594202898551,
          0.05263157894736842,
          0.21739130434782608,
          0.0,
          0.782051282051282,
          0.0,
          0.8285714285714286,
          0.9130434782608695,
          0.0,
          0.0,
          0.0,
          0.8571428571428571,
          0.0,
          0.7424242424242424,
          0.2727272727272727,
          0.15584415584415584
        ],
        "results": {
          "1.1111111111111112": {
            "score": Infinity,
            "cost": -1,
            "info": {}
          }
        }
      },
      {
        "config_id": 6,
        "config": [
          0.2926829268292683,
          0.10256410256410256,
          0.7142857142857143,
          0.23529411764705882,
          0.3870967741935484,
          0.75,
          0.2608695652173913,
          0.5681818181818182,
          0.0,
          0.6233766233766234,
          0.9855072463768116,
          0.05263157894736842,
          0.08695652173913043,
          0.0,
          0.6538461538461539,
          0.6,
          0.6285714285714286,
          0.021739130434782608,
          0.0,
          0.0,
          0.0,
          0.7142857142857143,
          0.0,
          0.3333333333333333,
          0.18181818181818182,
          0.8961038961038961
        ],
        "results": {
          "1.1111111111111112": {
            "score": Infinity,
            "cost": -1,
            "info": {}
          }
        }
      },
      {
        "config_id": 7,
        "config": [
          0.21951219512195122,
          0.9487179487179487,
          0.9523809523809523,
          0.8823529411764706,
          0.967741935483871,
          0.575,
          0.08695652173913043,
          0.9318181818181818,
          0.0,
          0.6493506493506493,
          0.6956521739130435,
          0.3157894736842105,
          0.21739130434782608,
          0.0,
          0.7948717948717948,
          0.2,
          0.6142857142857143,
          0.8478260869565217,
          0.0,
          0.0,
          0.0,
          0.5714285714285714,
          0.0,
          0.9545454545454546,
          0.18181818181818182,
          0.4155844155844156
        ],
        "results": {
          "1.1111111111111112": {
            "score": Infinity,
            "cost": -1,
            "info": {}
          }
        }
      },
      {
        "config_id": 8,