{
  "stats": {
    "submitted": 33,
    "finished": 33,
    "running": 0
  },
  "data": [
    [
      1,
      null,
      1603867075,
      null,
      0.29436008130326774,
      0.0015869140625,
      1,
      1763363426.6575189,
      1763363426.6608458,
      {}
    ],
    [
      2,
      null,
      1603867075,
      null,
      0.11628194863598651,
      0.0007936954498291016,
      1,
      1763363426.666171,
      1763363426.6684754,
      {}
    ],
    [
      3,
      null,
      1603867075,
      null,
      0.3530394866402825,
      0.000659942626953125,
      1,
      1763363426.6729903,
      1763363426.6750796,
      {}
    ],
    [
      4,
      null,
      1603867075,
      null,
      0.04635235596636422,
      0.0006000995635986328,
      1,
      1763363426.6790059,
      1763363426.6811607,
      {}
    ],
    [
      5,
      null,
      1603867075,
      null,
      0.5325129390879986,
      0.0006692409515380859,
      1,
      1763363426.6860383,
      1763363426.6881304,
      {}
    ],
    [
      6,
      null,
      1603867075,
      null,
      0.4092682678981344,
      0.0005393028259277344,
      1,
      1763363426.6926916,
      1763363426.694748,
      {}
    ],
    [
      7,
      null,
      1603867075,
      null,
      0.27283359015400155,
      0.0008080005645751953,
      1,
      1763363426.6994882,
      1763363426.702291,
      {}
    ],
    [
      8,
      null,
      1603867075,
      null,
      0.49314467132197004,
      0.0006916522979736328,
      1,
      1763363426.7074232,
      1763363426.7095554,
      {}
    ],
    [
      9,
      null,
      1603867075,
      null,
      0.49595873050347405,
      0.0007326602935791016,
      1,
      1763363426.714978,
      1763363426.717154,
      {}
    ],
    [
      10,
      null,
      1603867075,
      null,
      0.46176582079990247,
      0.0005910396575927734,
      1,
      1763363426.7227862,
      1763363426.7247915,
      {}
    ],
    [
      11,
      null,
      1603867075,
      null,
      0.020063857131398577,
      0.0010571479797363281,
      1,
      1763363426.7305148,
      1763363426.7330673,
      {}
    ],
    [
      12,
      null,
      1603867075,
      null,
      0.5262787532452516,
      0.0010094642639160156,
      1,
      1763363426.7396452,
      1763363426.7421749,
      {}
    ],
    [
      13,
      null,
      1603867075,
      null,
      0.2996381140530693,
      0.0010180473327636719,
      1,
      1763363426.7489855,
      1763363426.7515435,
      {}
    ],
    [
      14,
      null,
      1603867075,
      null,
      0.08544451751186011,
      0.0013744831085205078,
      1,
      1763363426.7583947,
      1763363426.7615092,
      {}
    ],
    [
      15,
      null,
      1603867075,
      null,
      0.34251035949932285,
      0.0010569095611572266,
      1,
      1763363426.7687843,
      1763363426.7713573,
      {}
    ],
    [
      16,
      null,
      1603867075,
      null,
      0.094455168677133,
      0.0009529590606689453,
      1,
      1763363426.7786734,
      1763363426.781134,
      {}
    ],
    [
      17,
      null,
      1603867075,
      null,
      0.43428843693644636,
      0.0008761882781982422,
      1,
      1763363426.78848,
      1763363426.7908237,
      {}
    ],
    [
      18,
      null,
      1603867075,
      null,
      0.13670416785043038,
      0.0011174678802490234,
      1,
      1763363426.7984405,
      1763363426.8010674,
      {}
    ],
    [
      19,
      null,
      1603867075,
      null,
      0.5238503130074852,
      0.0012001991271972656,
      1,
      1763363426.809059,
      1763363426.8120487,
      {}
    ],
    [
      20,
      null,
      1603867075,
      null,
      0.020063857131398577,
      0.0004222393035888672,
      1,
      1763363426.8205001,
      1763363426.8225112,
      {}
    ],
    [
      21,
      null,
      1603867075,
      null,
      0.03012365629973157,
      0.0010399818420410156,
      1,
      1763363427.9246495,
      1763363427.927633,
      {}
    ],
    [
      22,
      null,
      1603867075,
      null,
      0.39957681559694214,
      0.0006802082061767578,
      1,
      1763363427.9361465,
      1763363427.9381874,
      {}
    ],
    [
      23,
      null,
      1603867075,
      null,
      0.03653358345773006,
      0.0006341934204101562,
      1,
      1763363427.946864,
      1763363427.9489167,
      {}
    ],
    [
      24,
      null,
      1603867075,
      null,
      0.3893401870938171,
      0.0006928443908691406,
      1,
      1763363427.9575036,
      1763363427.9595594,
      {}
    ],
    [
      25,
      null,
      1603867075,
      null,
      0.358483420199327,
      0.0007851123809814453,
      1,
      1763363427.9706118,
      1763363427.9727793,
      {}
    ],
    [
      26,
      null,
      1603867075,
      null,
      0.25960273050362614,
      0.0007305145263671875,
      1,
      1763363427.9824455,
      1763363427.9845586,
      {}
    ],
    [
      27,
      null,
      1603867075,
      null,
      0.32147253875169335,
      0.0007121562957763672,
      1,
      1763363427.993598,
      1763363427.9956355,
      {}
    ],
    [
      28,
      null,
      1603867075,
      null,
      0.08544451751186011,
      0.0010433197021484375,
      1,
      1763363428.005415,
      1763363428.0080137,
      {}
    ],
    [
      29,
      null,
      1603867075,
      null,
      0.020063857131398577,
      0.00048828125,
      1,
      1763363428.8422172,
      1763363428.844301,
      {}
    ],
    [
      30,
      null,
      1603867075,
      null,
      0.020063857131398577,
      0.0002834796905517578,
      1,
      1763363428.856809,
      1763363428.8586433,
      {}
    ],
    [
      31,
      null,
      1603867075,
      null,
      0.11798818976994285,
      0.0009052753448486328,
      1,
      1763363428.8824208,
      1763363428.8848634,
      {}
    ],
    [
      32,
      null,
      1603867075,
      null,
      0.034104658743592364,
      0.0008051395416259766,
      1,
      1763363428.897072,
      1763363428.899254,
      {}
    ],
    [
      33,
      null,
      1603867075,
      null,
      0.6060818454059747,
      0.0013227462768554688,
      1,
      1763363428.9119089,
      1763363428.9149196,
      {}
    ]
  ],
  "configs": {
    "1": {
      "data_alignFieldPointers": 1,
      "explorationId": 4,
      "no_explorationId": 0,
      "opt_unroll": 1,
      "opt_unroll_interleave": 1,
      "opt_useAddressPrecalc": 1,
      "opt_vectorize": 0,
      "poly_tileSize_x": 128,
      "poly_tileSize_y": 8,
      "poly_tileSize_z": 64,
      "simd_avoidUnaligned": 0
    },
    "2": {
      "data_alignFieldPointers": 0,
      "explorationId": 0,
      "no_explorationId": 1,
      "opt_unroll": 3,
      "opt_unroll_interleave": 0,
      "opt_useAddressPrecalc": 0,
      "opt_vectorize": 1,
      "poly_tileSize_x": 16,
      "poly_tileSize_y": 0,
      "poly_tileSize_z": 10,
      "simd_avoidUnaligned": 1
    },
    "3": {
      "data_alignFieldPointers": 0,
      "explorationId": 3,
      "no_explorationId": 0,
      "opt_unroll": 2,
      "opt_unroll_interleave": 0,
      "opt_useAddressPrecalc": 0,
      "opt_vectorize": 0,
      "poly_tileSize_x": 10,
      "poly_tileSize_y": 64,
      "poly_tileSize_z": 16,
      "simd_avoidUnaligned": 1
    },
    "4": {
      "data_alignFieldPointers": 1,
      "explorationId": 2,
      "no_explorationId": 1,
      "opt_unroll": 4,
      "opt_unroll_interleave": 1,
      "opt_useAddressPrecalc": 1,
      "opt_vectorize": 1,
      "poly_tileSize_x": 0,
      "poly_tileSize_y": 16,
      "poly_tileSize_z": 32,
      "simd_avoidUnaligned": 0
    },
    "5": {
      "data_alignFieldPointers": 1,
      "explorationId": 2,
      "no_explorationId": 1,
      "opt_unroll": 4,
      "opt_unroll_interleave": 1,
      "opt_useAddressPrecalc": 1,
      "opt_vectorize": 0,
      "poly_tileSize_x": 8,