{
  "stats": {
    "submitted": 6,
    "finished": 6,
    "running": 0
  },
  "data": [
    [
      1,
      null,
      1265576559,
      null,
      0.342475641331099,
      0.0005545616149902344,
      1,
      1763449870.9787412,
      1763449870.9819512,
      {}
    ],
    [
      2,
      null,
      1265576559,
      null,
      0.4021285659307925,
      0.0012924671173095703,
      1,
      1763449872.1339705,
      1763449872.1366212,
      {}
    ],
    [
      3,
      null,
      1265576559,
      null,
      0.1071275342706477,
      0.0006642341613769531,
      1,
      1763449872.1408958,
      1763449872.1426759,
      {}
    ],
    [
      4,
      null,
      1265576559,
      null,
      0.4523658526286518,
      0.0006623268127441406,
      1,
      1763449872.1477356,
      1763449872.1494832,
      {}
    ],
    [
      5,
      null,
      1265576559,
      null,
      0.5457181446997897,
      0.0006318092346191406,
      1,
      1763449872.1539598,
      1763449872.1556938,
      {}
    ],
    [
      6,
      null,
      1265576559,
      null,
      0.2840038738689674,
      0.0005617141723632812,
      1,
      1763449872.1602983,
      1763449872.1619217,
      {}
    ]
  ],
  "configs": {
    "1": {
      "Criticality": 0.011086212454117617,
      "Criticality Modifier": 0.8024476915848805,
      "Culture": 0.5005566595065293,
      "Dynamism": 0.9120759243289113,
      "Initial Known": 0.24829572985724463,
      "Inter-Dependency": 0.3100597342136561,
      "Plan": 0.2883271812020633,
      "Size": 0.2609737879396574,
      "Team Size": 0.7255174997177269
    },
    "2": {
      "Criticality": 0.975765882754949,
      "Criticality Modifier": 0.9338700150070467,
      "Culture": 0.057032843046729474,
      "Dynamism": 0.17159408727025097,
      "Initial Known": 0.5563209560658295,
      "Inter-Dependency": 0.07966629973157205,
      "Plan": 0.696403318643879,
      "Size": 0.9726397565655648,
      "Team Size": 0.9218052143284896
    },
    "3": {
      "Criticality": 0.8458733899774772,
      "Criticality Modifier": 0.09818960493562086,
      "Culture": 0.07316946826344092,
      "Dynamism": 0.03817104363421304,
      "Initial Known": 0.47468519260114705,
      "Inter-Dependency": 0.43445899258776655,
      "Plan": 0.26463249771364655,
      "Size": 0.4672912656505654,
      "Team Size": 0.6836043195521888
    },
    "4": {
      "Criticality": 0.1322081149820368,
      "Criticality Modifier": 0.03742479112632515,
      "Culture": 0.5416172656181224,
      "Dynamism": 0.5049120493332812,
      "Initial Known": 0.36552566759593685,
      "Inter-Dependency": 0.5506692930513495,
      "Plan": 0.5434677077988705,
      "Size": 0.7115625945438924,
      "Team Size": 0.2658246162114881
    },
    "5": {
      "Criticality": 0.46476121317244345,
      "Criticality Modifier": 0.3242701190794431,
      "Culture": 0.040948242348731054,
      "Dynamism": 0.9410118274366973,
      "Initial Known": 0.8343414199777751,
      "Inter-Dependency": 0.5638315576954055,
      "Plan": 0.3726161422056712,
      "Size": 0.6145770695365826,
      "Team Size": 0.9880189449842653
    },
    "6": {
      "Criticality": 0.6049056375972862,
      "Criticality Modifier": 0.29065166591682007,
      "Culture": 0.05991251439193925,
      "Dynamism": 0.506071631345405,
      "Initial Known": 0.7692564989102059,
      "Inter-Dependency": 0.320765225411826,
      "Plan": 0.3403420499926149,
      "Size": 0.10522911490319391,
      "Team Size": 0.39607017159431634
    }
  },
  "config_origins": {
    "1": "Initial Design: Sobol",
    "2": "Acquisition Function Maximizer: Local Search",
    "3": "Acquisition Function Maximizer: Local Search",
    "4": "Random Search",
    "5": "Random Search",
    "6": "Acquisition Function Maximizer: Local Search"
  }
}