{
  "incumbent_ids": [
    1
  ],
  "rejected_config_ids": [],
  "incumbents_changed": 1,
  "trajectory": [
    {
      "config_ids": [
        1
      ],
      "costs": [
        [
          0.7788110936322623,
          0.46089032439264144,
          0.9424172234961469,
          0.875058275058275
        ]
      ],
      "trial": 1,
      "walltime": 0.26493191719055176
    }
  ],
  "state": {
    "queue": []
  }
}