{
  "incumbent_ids": [
    7
  ],
  "rejected_config_ids": [
    1,
    2,
    4,
    5,
    6,
    3,
    8,
    9,
    10,
    11,
    12
  ],
  "incumbents_changed": 4,
  "trajectory": [
    {
      "config_ids": [
        1
      ],
      "costs": [
        0.3421733071714885
      ],
      "trial": 1,
      "walltime": 0.013728618621826172
    },
    {
      "config_ids": [
        2
      ],
      "costs": [
        0.18996346885864623
      ],
      "trial": 2,
      "walltime": 3.1664323806762695
    },
    {
      "config_ids": [
        3
      ],
      "costs": [
        0.17284700676912812
      ],
      "trial": 3,
      "walltime": 3.181947946548462
    },
    {
      "config_ids": [
        7
      ],
      "costs": [
        0.14040955956215317
      ],
      "trial": 7,
      "walltime": 3.2575039863586426
    }
  ],
  "state": {
    "queue": [
      [
        12,
        1
      ]
    ]
  }
}