{'Clndrs': 4.0, 'Volume': 79.0, 'Model': 77.0, 'origin': 2.0}, {'Clndrs': 4.0, 'Volume': 89.0, 'Model': 80.0, 'origin': 3.0}, {'Clndrs': 4.0, 'Volume': 89.0, 'Model': 80.0, 'origin': 3.0}, {'Clndrs': 4.0, 'Volume': 90.0, 'Model': 80.0, 'origin': 2.0}, {'Clndrs': 4.0, 'Volume': 91.0, 'Model': 82.0, 'origin': 3.0}, {'Clndrs': 4.0, 'Volume': 78.0, 'Model': 78.0, 'origin': 3.0}, {'Clndrs': 4.0, 'Volume': 97.0, 'Model': 82.0, 'origin': 2.0}, {'Clndrs': 4.0, 'Volume': 90.0, 'Model': 78.0, 'origin': 2.0}, {'Clndrs': 4.0, 'Volume': 97.0, 'Model': 82.0, 'origin': 2.0}, {'Clndrs': 4.0, 'Volume': 68.0, 'Model': 73.0, 'origin': 2.0}, {'Clndrs': 4.0, 'Volume': 97.0, 'Model': 82.0, 'origin': 2.0}, {'Clndrs': 4.0, 'Volume': 85.0, 'Model': 78.0, 'origin': 3.0}, {'Clndrs': 4.0, 'Volume': 90.0, 'Model': 78.0, 'origin': 2.0}, {'Clndrs': 4.0, 'Volume': 97.0, 'Model': 82.0, 'origin': 2.0}, {'Clndrs': 4.0, 'Volume': 97.0, 'Model': 82.0, 'origin': 2.0}, {'Clndrs': 4.0, 'Volume': 90.0, 'Model': 80.0, 'origin': 2.0}, {'Clndrs': 4.0, 'Volume': 97.0, 'Model': 73.0, 'origin': 2.0}, {'Clndrs': 4.0, 'Volume': 89.0, 'Model': 80.0, 'origin': 3.0}, {'Clndrs': 4.0, 'Volume': 97.0, 'Model': 82.0, 'origin': 2.0}, {'Clndrs': 4.0, 'Volume': 90.0, 'Model': 80.0, 'origin': 2.0}
0.2596851205899111, 0.25831625843393935, 0.25831625843393935, 0.19532716835654673, 0.3348019145129377, 0.34854013859025934, 0.16745989117220028, 0.19339815732352839, 0.16745989117220028, 0.34385632337349503, 0.16745989117220028, 0.26800809420993543, 0.19339815732352839, 0.16745989117220028, 0.16745989117220028, 0.19532716835654673, 0.3216062143047753, 0.25831625843393935, 0.16745989117220028, 0.19532716835654673
0.05571579933166504, 0.0393826961517334, 0.04071950912475586, 0.04783940315246582, 0.04364013671875, 0.03808712959289551, 0.03136849403381348, 0.03753232955932617, 0.048390865325927734, 0.03764986991882324, 0.041965484619140625, 0.03495454788208008, 0.0384061336517334, 0.03707432746887207, 0.044352054595947266, 0.03743267059326172, 0.03463149070739746, 0.03991866111755371, 0.03884291648864746, 0.03789186477661133