{'Spout_wait': 8.0, 'Spliters': 6.0, 'Counters': 18.0}, {'Spout_wait': 9.0, 'Spliters': 3.0, 'Counters': 18.0}, {'Spout_wait': 8.0, 'Spliters': 5.0, 'Counters': 15.0}, {'Spout_wait': 9.0, 'Spliters': 5.0, 'Counters': 16.0}, {'Spout_wait': 8.0, 'Spliters': 4.0, 'Counters': 15.0}, {'Spout_wait': 6.0, 'Spliters': 4.0, 'Counters': 15.0}, {'Spout_wait': 5.0, 'Spliters': 4.0, 'Counters': 15.0}, {'Spout_wait': 5.0, 'Spliters': 3.0, 'Counters': 18.0}, {'Spout_wait': 6.0, 'Spliters': 5.0, 'Counters': 11.0}, {'Spout_wait': 8.0, 'Spliters': 3.0, 'Counters': 13.0}, {'Spout_wait': 7.0, 'Spliters': 5.0, 'Counters': 17.0}, {'Spout_wait': 10.0, 'Spliters': 6.0, 'Counters': 16.0}, {'Spout_wait': 7.0, 'Spliters': 6.0, 'Counters': 12.0}, {'Spout_wait': 10.0, 'Spliters': 5.0, 'Counters': 13.0}, {'Spout_wait': 9.0, 'Spliters': 6.0, 'Counters': 18.0}, {'Spout_wait': 8.0, 'Spliters': 6.0, 'Counters': 18.0}, {'Spout_wait': 4.0, 'Spliters': 6.0, 'Counters': 16.0}, {'Spout_wait': 4.0, 'Spliters': 5.0, 'Counters': 18.0}, {'Spout_wait': 10.0, 'Spliters': 3.0, 'Counters': 15.0}, {'Spout_wait': 5.0, 'Spliters': 5.0, 'Counters': 13.0}
0.02340892060562716, 0.05981031067793674, 0.0753151814469517, 0.09023476443977496, 0.05818674214934172, 0.08533242378318462, 0.08261887043698013, 0.11319533085451094, 0.1020206611595107, 0.0949338041814336, 0.052111765036209845, 0.06216759832061325, 0.0933271892952734, 0.06555986454644991, 0.03142005946668358, 0.02340892060562716, 0.08144647655494397, 0.09027325830543542, 0.0647745105971006, 0.0887640808830581
0.19656872749328613, 0.10159754753112793, 0.08652472496032715, 0.17715883255004883, 0.09705638885498047, 0.09614872932434082, 0.08289074897766113, 0.1350080966949463, 0.08400130271911621, 0.09517931938171387, 0.08031439781188965, 0.1052238941192627, 0.06006646156311035, 0.10103893280029297, 0.1482861042022705, 0.06445074081420898, 0.07864499092102051, 0.1027534008026123, 0.16924428939819336, 0.11318254470825195