{'Spout_wait': 8.0, 'Spliters': 6.0, 'Counters': 18.0}, {'Spout_wait': 9.0, 'Spliters': 6.0, 'Counters': 17.0}, {'Spout_wait': 8.0, 'Spliters': 5.0, 'Counters': 15.0}, {'Spout_wait': 9.0, 'Spliters': 4.0, 'Counters': 18.0}, {'Spout_wait': 8.0, 'Spliters': 6.0, 'Counters': 16.0}, {'Spout_wait': 4.0, 'Spliters': 6.0, 'Counters': 17.0}, {'Spout_wait': 6.0, 'Spliters': 3.0, 'Counters': 17.0}, {'Spout_wait': 8.0, 'Spliters': 6.0, 'Counters': 15.0}, {'Spout_wait': 9.0, 'Spliters': 6.0, 'Counters': 18.0}, {'Spout_wait': 100.0, 'Spliters': 6.0, 'Counters': 17.0}, {'Spout_wait': 7.0, 'Spliters': 5.0, 'Counters': 17.0}, {'Spout_wait': 9.0, 'Spliters': 6.0, 'Counters': 15.0}, {'Spout_wait': 7.0, 'Spliters': 2.0, 'Counters': 17.0}, {'Spout_wait': 10.0, 'Spliters': 5.0, 'Counters': 13.0}, {'Spout_wait': 9.0, 'Spliters': 6.0, 'Counters': 18.0}, {'Spout_wait': 8.0, 'Spliters': 6.0, 'Counters': 18.0}, {'Spout_wait': 6.0, 'Spliters': 6.0, 'Counters': 16.0}, {'Spout_wait': 10.0, 'Spliters': 6.0, 'Counters': 17.0}, {'Spout_wait': 10.0, 'Spliters': 3.0, 'Counters': 15.0}, {'Spout_wait': 4.0, 'Spliters': 6.0, 'Counters': 17.0}
0.02340892060562716, 0.008586239120553896, 0.0753151814469517, 0.060937930180403055, 0.058868329738443026, 0.04488372625774839, 0.08393134226726973, 0.045320344504342636, 0.03142005946668358, 0.06173091761865335, 0.052111765036209845, 0.05703678646842847, 0.07458515110060893, 0.06555986454644991, 0.03142005946668358, 0.02340892060562716, 0.05755833752539674, 0.000747363758841324, 0.0647745105971006, 0.04488372625774839
0.0763406753540039, 0.06627154350280762, 0.06091666221618652, 0.06829357147216797, 0.06072115898132324, 0.09248161315917969, 0.08188176155090332, 0.09298253059387207, 0.06917858123779297, 0.08458495140075684, 0.06308794021606445, 0.06822752952575684, 0.05903339385986328, 0.05817270278930664, 0.05765128135681152, 0.05652189254760742, 0.06314444541931152, 0.06048297882080078, 0.09147095680236816, 0.06025409698486328