{'Max_spout': 100.0, 'Spliters': 6.0, 'Counters': 9.0}, {'Max_spout': 100000.0, 'Spliters': 6.0, 'Counters': 18.0}, {'Max_spout': 100.0, 'Spliters': 1.0, 'Counters': 15.0}, {'Max_spout': 1000000.0, 'Spliters': 6.0, 'Counters': 12.0}, {'Max_spout': 10000.0, 'Spliters': 2.0, 'Counters': 15.0}, {'Max_spout': 1000.0, 'Spliters': 1.0, 'Counters': 9.0}, {'Max_spout': 100.0, 'Spliters': 3.0, 'Counters': 12.0}, {'Max_spout': 100000.0, 'Spliters': 2.0, 'Counters': 12.0}, {'Max_spout': 1000000.0, 'Spliters': 6.0, 'Counters': 1.0}, {'Max_spout': 1000.0, 'Spliters': 6.0, 'Counters': 9.0}, {'Max_spout': 1000.0, 'Spliters': 2.0, 'Counters': 6.0}, {'Max_spout': 100.0, 'Spliters': 6.0, 'Counters': 12.0}, {'Max_spout': 1000000.0, 'Spliters': 6.0, 'Counters': 1.0}, {'Max_spout': 10000.0, 'Spliters': 2.0, 'Counters': 9.0}, {'Max_spout': 10.0, 'Spliters': 6.0, 'Counters': 9.0}, {'Max_spout': 100000.0, 'Spliters': 6.0, 'Counters': 18.0}, {'Max_spout': 1000.0, 'Spliters': 2.0, 'Counters': 15.0}, {'Max_spout': 1000.0, 'Spliters': 2.0, 'Counters': 6.0}, {'Max_spout': 100000.0, 'Spliters': 6.0, 'Counters': 9.0}, {'Max_spout': 1000.0, 'Spliters': 3.0, 'Counters': 9.0}
0.4878857691976324, 0.42495585890769383, 0.5252308394879348, 0.44984553552444706, 0.37396253693787807, 0.4676862314673944, 0.5144171485858922, 0.4409963825425648, 0.40357683359835317, 0.4567073576860188, 0.4574555529336537, 0.46788156760283006, 0.40357683359835317, 0.40832520008941975, 0.5230474081280827, 0.42495585890769383, 0.36892976043895076, 0.4574555529336537, 0.4694751202821932, 0.4905387254901873
0.05749177932739258, 0.0547029972076416, 0.027854442596435547, 0.02196526527404785, 0.02582550048828125, 0.018187522888183594, 0.025597095489501953, 0.024201393127441406, 0.01995062828063965, 0.03251290321350098, 0.025959014892578125, 0.029496431350708008, 0.019114255905151367, 0.01849675178527832, 0.047330617904663086, 0.022599458694458008, 0.02283763885498047, 0.013782024383544922, 0.0432283878326416, 0.016089916229248047