{'Max_spout': 1000000.0, 'Spliters': 6.0, 'Counters': 18.0}, {'Max_spout': 1000.0, 'Spliters': 2.0, 'Counters': 12.0}, {'Max_spout': 1000.0, 'Spliters': 1.0, 'Counters': 18.0}, {'Max_spout': 10000.0, 'Spliters': 2.0, 'Counters': 12.0}, {'Max_spout': 10000.0, 'Spliters': 2.0, 'Counters': 15.0}, {'Max_spout': 1000.0, 'Spliters': 2.0, 'Counters': 18.0}, {'Max_spout': 100.0, 'Spliters': 2.0, 'Counters': 9.0}, {'Max_spout': 10000.0, 'Spliters': 2.0, 'Counters': 12.0}, {'Max_spout': 1000.0, 'Spliters': 2.0, 'Counters': 6.0}, {'Max_spout': 1000.0, 'Spliters': 2.0, 'Counters': 18.0}, {'Max_spout': 100.0, 'Spliters': 2.0, 'Counters': 18.0}, {'Max_spout': 1000.0, 'Spliters': 2.0, 'Counters': 18.0}, {'Max_spout': 10000.0, 'Spliters': 2.0, 'Counters': 6.0}, {'Max_spout': 1000.0, 'Spliters': 2.0, 'Counters': 9.0}, {'Max_spout': 100.0, 'Spliters': 2.0, 'Counters': 18.0}, {'Max_spout': 10000.0, 'Spliters': 2.0, 'Counters': 9.0}, {'Max_spout': 1000.0, 'Spliters': 2.0, 'Counters': 12.0}, {'Max_spout': 1000.0, 'Spliters': 2.0, 'Counters': 18.0}, {'Max_spout': 1000000.0, 'Spliters': 6.0, 'Counters': 9.0}, {'Max_spout': 100000.0, 'Spliters': 6.0, 'Counters': 12.0}
0.45684852732534786, 0.34825220828017067, 0.48580836249766923, 0.4060542266639211, 0.3975491585218419, 0.3670307857723123, 0.4332312508997562, 0.4060542266639211, 0.42471564247809135, 0.3670307857723123, 0.4007921025523584, 0.3670307857723123, 0.4048595507354926, 0.3843556979164898, 0.4007921025523584, 0.3915810157618045, 0.34825220828017067, 0.3670307857723123, 0.4550215006629207, 0.4488602405241635
0.06004762649536133, 0.04249978065490723, 0.04605722427368164, 0.045374155044555664, 0.05656909942626953, 0.04712033271789551, 0.04921364784240723, 0.06025958061218262, 0.04846334457397461, 0.04629254341125488, 0.050985097885131836, 0.04362082481384277, 0.05143857002258301, 0.04566192626953125, 0.044800519943237305, 0.04528069496154785, 0.06457185745239258, 0.04360556602478027, 0.045922040939331055, 0.044528961181640625