{'Max_spout': 1000000.0, 'Spliters': 6.0, 'Counters': 18.0}, {'Max_spout': 1000.0, 'Spliters': 2.0, 'Counters': 12.0}, {'Max_spout': 100.0, 'Spliters': 6.0, 'Counters': 15.0}, {'Max_spout': 10000.0, 'Spliters': 2.0, 'Counters': 12.0}, {'Max_spout': 10000.0, 'Spliters': 2.0, 'Counters': 12.0}, {'Max_spout': 1000.0, 'Spliters': 2.0, 'Counters': 18.0}, {'Max_spout': 1000000.0, 'Spliters': 6.0, 'Counters': 18.0}, {'Max_spout': 10000.0, 'Spliters': 2.0, 'Counters': 12.0}, {'Max_spout': 1000.0, 'Spliters': 2.0, 'Counters': 6.0}, {'Max_spout': 1000.0, 'Spliters': 2.0, 'Counters': 18.0}, {'Max_spout': 1000.0, 'Spliters': 2.0, 'Counters': 6.0}, {'Max_spout': 1000.0, 'Spliters': 2.0, 'Counters': 6.0}, {'Max_spout': 10000.0, 'Spliters': 2.0, 'Counters': 6.0}, {'Max_spout': 10000.0, 'Spliters': 2.0, 'Counters': 9.0}, {'Max_spout': 10000.0, 'Spliters': 2.0, 'Counters': 12.0}, {'Max_spout': 10000.0, 'Spliters': 2.0, 'Counters': 9.0}, {'Max_spout': 1000.0, 'Spliters': 2.0, 'Counters': 15.0}, {'Max_spout': 1000.0, 'Spliters': 2.0, 'Counters': 18.0}, {'Max_spout': 100000.0, 'Spliters': 6.0, 'Counters': 9.0}, {'Max_spout': 100000.0, 'Spliters': 6.0, 'Counters': 12.0}
0.44333117752233564, 0.353038171607748, 0.493974959551124, 0.3777081854880393, 0.3777081854880393, 0.3513569799560069, 0.44333117752233564, 0.3777081854880393, 0.41431724775011136, 0.3513569799560069, 0.41431724775011136, 0.41431724775011136, 0.42781165897207585, 0.391479583096187, 0.3777081854880393, 0.391479583096187, 0.33404364197772773, 0.3513569799560069, 0.45112191811043734, 0.4526470286993124
0.044092655181884766, 0.039594411849975586, 0.056632041931152344, 0.046532630920410156, 0.04550623893737793, 0.04076218605041504, 0.04844093322753906, 0.056188106536865234, 0.04639792442321777, 0.041321516036987305, 0.03935670852661133, 0.03859305381774902, 0.039222002029418945, 0.04212379455566406, 0.04560732841491699, 0.04005551338195801, 0.04034161567687988, 0.042928218841552734, 0.04540300369262695, 0.043790578842163086