{'Max_spout': 1.0, 'Spliters': 1.0, 'Counters': 9.0}, {'Max_spout': 1.0, 'Spliters': 1.0, 'Counters': 12.0}, {'Max_spout': 1.0, 'Spliters': 1.0, 'Counters': 12.0}, {'Max_spout': 1.0, 'Spliters': 1.0, 'Counters': 18.0}, {'Max_spout': 1.0, 'Spliters': 1.0, 'Counters': 12.0}, {'Max_spout': 1.0, 'Spliters': 1.0, 'Counters': 12.0}, {'Max_spout': 1.0, 'Spliters': 1.0, 'Counters': 18.0}, {'Max_spout': 1.0, 'Spliters': 1.0, 'Counters': 12.0}, {'Max_spout': 1.0, 'Spliters': 1.0, 'Counters': 18.0}, {'Max_spout': 1.0, 'Spliters': 1.0, 'Counters': 18.0}, {'Max_spout': 1.0, 'Spliters': 1.0, 'Counters': 12.0}, {'Max_spout': 1.0, 'Spliters': 1.0, 'Counters': 12.0}, {'Max_spout': 1.0, 'Spliters': 1.0, 'Counters': 9.0}, {'Max_spout': 1.0, 'Spliters': 1.0, 'Counters': 12.0}, {'Max_spout': 1.0, 'Spliters': 1.0, 'Counters': 18.0}, {'Max_spout': 1.0, 'Spliters': 1.0, 'Counters': 18.0}, {'Max_spout': 1.0, 'Spliters': 1.0, 'Counters': 12.0}, {'Max_spout': 1.0, 'Spliters': 1.0, 'Counters': 6.0}, {'Max_spout': 1.0, 'Spliters': 1.0, 'Counters': 18.0}, {'Max_spout': 1.0, 'Spliters': 1.0, 'Counters': 3.0}
0.0018937558904615903, 0.0, 0.0, 0.0015707897696076722, 0.0, 0.0, 0.0015707897696076722, 0.0, 0.0015707897696076722, 0.0015707897696076722, 0.0, 0.0, 0.0018937558904615903, 0.0, 0.0015707897696076722, 0.0015707897696076722, 0.0, 0.003361783712524935, 0.0015707897696076722, 0.003421972853229538
0.08829951286315918, 0.06379389762878418, 0.04999709129333496, 0.07994294166564941, 0.059661149978637695, 0.06806612014770508, 0.05297279357910156, 0.049078941345214844, 0.0440220832824707, 0.04618978500366211, 0.045380353927612305, 0.05748128890991211, 0.05876040458679199, 0.04807734489440918, 0.052289485931396484, 0.05431962013244629, 0.05716109275817871, 0.04918360710144043, 0.052591800689697266, 0.05095338821411133