{
  "stats": {
    "submitted": 17,
    "finished": 17,
    "running": 0
  },
  "data": [
    [
      1,
      null,
      2005877882,
      null,
      0.8713847026205241,
      0.05725979804992676,
      1,
      1763050749.9734607,
      1763050750.0320144,
      {}
    ],
    [
      2,
      null,
      2005877882,
      null,
      0.4716991532748779,
      0.049829721450805664,
      1,
      1763050750.6203384,
      1763050750.6712108,
      {}
    ],
    [
      3,
      null,
      2005877882,
      null,
      0.3961943038278054,
      0.04325509071350098,
      1,
      1763050750.674884,
      1763050750.7191436,
      {}
    ],
    [
      4,
      null,
      2005877882,
      null,
      0.6655506985551767,
      0.044371604919433594,
      1,
      1763050750.7222843,
      1763050750.767568,
      {}
    ],
    [
      5,
      null,
      2005877882,
      null,
      0.5630279189726654,
      0.0465235710144043,
      1,
      1763050750.771422,
      1763050750.8189006,
      {}
    ],
    [
      6,
      null,
      2005877882,
      null,
      0.5290606139080882,
      0.04201793670654297,
      1,
      1763050750.8220994,
      1763050750.8650634,
      {}
    ],
    [
      7,
      null,
      2005877882,
      null,
      0.6355840895296759,
      0.03950834274291992,
      1,
      1763050750.868519,
      1763050750.908938,
      {}
    ],
    [
      8,
      null,
      2005877882,
      null,
      0.5218739335384631,
      0.0410921573638916,
      1,
      1763050750.9123127,
      1763050750.9543202,
      {}
    ],
    [
      9,
      null,
      2005877882,
      null,
      0.3893870191155626,
      0.04007315635681152,
      1,
      1763050750.9582305,
      1763050750.9992158,
      {}
    ],
    [
      10,
      null,
      2005877882,
      null,
      0.40781820730939655,
      0.05622982978820801,
      1,
      1763050751.4437187,
      1763050751.501061,
      {}
    ],
    [
      11,
      null,
      2005877882,
      null,
      0.46999872704776124,
      0.041291236877441406,
      1,
      1763050751.5056508,
      1763050751.547867,
      {}
    ],
    [
      12,
      null,
      2005877882,
      null,
      0.44564373939940793,
      0.040007829666137695,
      1,
      1763050751.5521834,
      1763050751.5931156,
      {}
    ],
    [
      13,
      null,
      2005877882,
      null,
      0.3777081854880393,
      0.039826393127441406,
      1,
      1763050751.5974028,
      1763050751.6381207,
      {}
    ],
    [
      14,
      null,
      2005877882,
      null,
      0.626153458753583,
      0.03921151161193848,
      1,
      1763050751.642735,
      1763050751.682847,
      {}
    ],
    [
      15,
      null,
      2005877882,
      null,
      0.43816779038423925,
      0.03904080390930176,
      1,
      1763050751.687306,
      1763050751.7272623,
      {}
    ],
    [
      16,
      null,
      2005877882,
      null,
      0.7008460447697168,
      0.058387041091918945,
      1,
      1763050751.7375638,
      1763050751.7969055,
      {}
    ],
    [
      17,
      null,
      2005877882,
      null,
      0.5930870025994529,
      0.061419010162353516,
      1,
      1763050751.8022063,
      1763050751.8646946,
      {}
    ]
  ],
  "configs": {
    "1": {
      "Counters": 1,
      "Max_spout": 100000.0,
      "Spliters": 1
    },
    "2": {
      "Counters": 18,
      "Max_spout": 1000.0,
      "Spliters": 6
    },
    "3": {
      "Counters": 9,
      "Max_spout": 1000000.0,
      "Spliters": 2
    },
    "4": {
      "Counters": 1,
      "Max_spout": 10.0,
      "Spliters": 1
    },
    "5": {
      "Counters": 18,
      "Max_spout": 10.0,
      "Spliters": 3
    },
    "6": {
      "Counters": 12,
      "Max_spout": 10000.0,
      "Spliters": 1
    },
    "7": {
      "Counters": 6,
      "Max_spout": 1000000.0,
      "Spliters": 2
    },
    "8": {
      "Counters": 9,
      "Max_spout": 1000000.0,
      "Spliters": 3
    },
    "9": {
      "Counters": 18,
      "Max_spout": 10000.0,
      "Spliters": 2
    },
    "10": {
      "Counters": 9,
      "Max_spout": 1000.0,
      "Spliters": 2
    },
    "11": {
      "Counters": 9,
      "Max_spout": 100.0,
      "Spliters": 2
    },
    "12": {
      "Counters": 12,
      "Max_spout": 100.0,
      "Spliters": 2
    },
    "13": {
      "Counters": 12,
      "Max_spout": 10000.0,
      "Spliters": 2
    },
    "14": {
      "Counters": 1,
      "Max_spout": 1000000.0,
      "Spliters": 3
    },
    "15": {
      "Counters": 15,
      "Max_spout": 100000.0,
      "Spliters": 6
    },
    "16": {
      "Counters": 12,
      "Max_spout": 1000000.0,
      "Spliters": 1
    },
    "17": {
      "Counters": 18,
      "Max_spout": 10.0,
      "Spliters": 1
    }
  },
  "config_origins": {
    "1": "Initial Design: Sobol",
    "2": "Acquisition Function Maximizer: Local Search",
    "3": "Acquisition Function Maximizer: Local Search",
    "4": "Acquisition Function Maximizer: Local Search",
    "5": "Acquisition Function Maximizer: Local Search",
    "6": "Acquisition Function Maximizer: Local Search",
    "7": "Acquisition Function Maximizer: Local Search",
    "8": "Acquisition Function Maximizer: Local Search",
    "9": "Random Search",
    "10": "Acquisition Function Maximizer: Local Search",
    "11": "Acquisition Function Maximizer: Local Search",
    "12": "Random Search",
    "13": "Random Search",
    "14": "Random Search",
    "15": "Random Search",
    "16": "Random Search",
    "17": "Random Search"
  }
}