{
  "stats": {
    "submitted": 6,
    "finished": 6,
    "running": 0
  },
  "data": [
    [
      1,
      null,
      1791095845,
      null,
      0.2321360877177321,
      0.0031175613403320312,
      1,
      1763450077.644518,
      1763450077.6491704,
      {}
    ],
    [
      2,
      null,
      1791095845,
      null,
      0.3797964085620207,
      0.0016760826110839844,
      1,
      1763450079.008103,
      1763450079.0111253,
      {}
    ],
    [
      3,
      null,
      1791095845,
      null,
      0.5103259543640154,
      0.0010914802551269531,
      1,
      1763450079.0157096,
      1763450079.0182185,
      {}
    ],
    [
      4,
      null,
      1791095845,
      null,
      0.3281709686922043,
      0.0011410713195800781,
      1,
      1763450079.0226972,
      1763450079.0250087,
      {}
    ],
    [
      5,
      null,
      1791095845,
      null,
      0.42722946417077834,
      0.0009660720825195312,
      1,
      1763450079.0294855,
      1763450079.0315912,
      {}
    ],
    [
      6,
      null,
      1791095845,
      null,
      0.2408700113003439,
      0.0010404586791992188,
      1,
      1763450079.0364861,
      1763450079.038615,
      {}
    ]
  ],
  "configs": {
    "1": {
      "Criticality": 0.39969753751794634,
      "Criticality Modifier": 0.9274192778070474,
      "Culture": 0.8814583902138399,
      "Dynamism": 0.9774868800593046,
      "Initial Known": 0.14063661846595482,
      "Inter-Dependency": 0.7342441067437276,
      "Plan": 0.6897672135403585,
      "Size": 0.46472330940605294,
      "Team Size": 0.1405514801975064
    },
    "2": {
      "Criticality": 0.46958365468825675,
      "Criticality Modifier": 0.9181600049290233,
      "Culture": 0.9365159689558288,
      "Dynamism": 0.9105059857765965,
      "Initial Known": 0.14063661846595482,
      "Inter-Dependency": 0.7213383861185445,
      "Plan": 0.4989265067272669,
      "Size": 0.5027301192559274,
      "Team Size": 0.08207790168536047
    },
    "3": {
      "Criticality": 0.9891956498648002,
      "Criticality Modifier": 0.9084154441157481,
      "Culture": 0.6042439410074121,
      "Dynamism": 0.7384527213633356,
      "Initial Known": 0.11512168553890066,
      "Inter-Dependency": 0.14559841557372571,
      "Plan": 0.11831112256990606,
      "Size": 0.3539321691760569,
      "Team Size": 0.020862650088135613
    },
    "4": {
      "Criticality": 0.8442993707896708,
      "Criticality Modifier": 0.7936153118239471,
      "Culture": 0.5710009885106541,
      "Dynamism": 0.37728671965034094,
      "Initial Known": 0.2960472111725172,
      "Inter-Dependency": 0.8065266861269252,
      "Plan": 0.3007178650482377,
      "Size": 0.38782294550438884,
      "Team Size": 0.7548860501098684
    },
    "5": {
      "Criticality": 0.9811296624813697,
      "Criticality Modifier": 0.9064786442181851,
      "Culture": 0.6666503194974566,
      "Dynamism": 0.8386792742976431,
      "Initial Known": 0.02177741317413866,
      "Inter-Dependency": 0.08670562008779281,
      "Plan": 0.4454517558613302,
      "Size": 0.6592308711858524,
      "Team Size": 0.23879748958671657
    },
    "6": {
      "Criticality": 0.3976930391660756,
      "Criticality Modifier": 0.979770013347424,
      "Culture": 0.11293080317598149,
      "Dynamism": 0.6289767205501219,
      "Initial Known": 0.6740344581641082,
      "Inter-Dependency": 0.4209291940579458,
      "Plan": 0.5192006881774436,
      "Size": 0.6742096850904103,
      "Team Size": 0.22699429489414094
    }
  },
  "config_origins": {
    "1": "Initial Design: Sobol",
    "2": "Acquisition Function Maximizer: Local Search",
    "3": "Acquisition Function Maximizer: Local Search",
    "4": "Random Search",
    "5": "Acquisition Function Maximizer: Local Search",
    "6": "Random Search"
  }
}