{
  "incumbent_ids": [
    6
  ],
  "rejected_config_ids": [
    2,
    3,
    4,
    5,
    1,
    7,
    8,
    9
  ],
  "incumbents_changed": 2,
  "trajectory": [
    {
      "config_ids": [
        1
      ],
      "costs": [
        0.4163805723915186
      ],
      "trial": 1,
      "walltime": 0.2959780693054199
    },
    {
      "config_ids": [
        6
      ],
      "costs": [
        0.3858441908918292
      ],
      "trial": 6,
      "walltime": 10.628385543823242
    }
  ],
  "state": {
    "queue": []
  }
}