{"config": {"Criticality": 0.2519181304471842, "Criticality Modifier": 0.6884613613660131, "Culture": 0.9795337542692658, "Dynamism": 0.3838494112787106, "Initial Known": 0.9247172743819926, "Inter-Dependency": 0.6896739658251915, "Plan": 0.1183061195261334, "Size": 0.7692370034647399, "Team Size": 0.7648825959117521}, "score": 0.3867764131815937, "info": {}}