{
  "incumbent_ids": [
    6
  ],
  "rejected_config_ids": [
    1,
    3,
    4,
    5,
    2,
    7,
    8,
    9
  ],
  "incumbents_changed": 3,
  "trajectory": [
    {
      "config_ids": [
        1
      ],
      "costs": [
        0.38659514832198805
      ],
      "trial": 1,
      "walltime": 1.7092533111572266
    },
    {
      "config_ids": [
        2
      ],
      "costs": [
        0.2692064146976789
      ],
      "trial": 2,
      "walltime": 82.47842836380005
    },
    {
      "config_ids": [
        6
      ],
      "costs": [
        0.17381731177427773
      ],
      "trial": 6,
      "walltime": 89.72468972206116
    }
  ],
  "state": {
    "queue": []
  }
}