{
  "stats": {
    "submitted": 18,
    "finished": 18,
    "running": 0
  },
  "data": [
    [
      1,
      null,
      1872583848,
      null,
      0.3422638641977134,
      0.003660440444946289,
      1,
      1763450101.5948474,
      1763450101.6013026,
      {}
    ],
    [
      2,
      null,
      1872583848,
      null,
      0.5117210328954233,
      0.002352476119995117,
      1,
      1763450103.7377756,
      1763450103.7424908,
      {}
    ],
    [
      3,
      null,
      1872583848,
      null,
      0.24974111760350626,
      0.00211334228515625,
      1,
      1763450103.7504637,
      1763450103.7545774,
      {}
    ],
    [
      4,
      null,
      1872583848,
      null,
      0.3133421195279872,
      0.0009264945983886719,
      1,
      1763450103.7602727,
      1763450103.7623556,
      {}
    ],
    [
      5,
      null,
      1872583848,
      null,
      0.5009252172743689,
      0.0008192062377929688,
      1,
      1763450103.7667055,
      1763450103.7687154,
      {}
    ],
    [
      6,
      null,
      1872583848,
      null,
      0.1219868257193708,
      0.0008878707885742188,
      1,
      1763450103.773905,
      1763450103.7761266,
      {}
    ],
    [
      7,
      null,
      1872583848,
      null,
      0.4853886904950462,
      0.0010390281677246094,
      1,
      1763450103.7816784,
      1763450103.7838564,
      {}
    ],
    [
      8,
      null,
      1872583848,
      null,
      0.10266191271362302,
      0.0021865367889404297,
      1,
      1763450103.7893937,
      1763450103.7929204,
      {}
    ],
    [
      9,
      null,
      1872583848,
      null,
      0.283995239937445,
      0.0008683204650878906,
      1,
      1763450103.7997782,
      1763450103.8018172,
      {}
    ],
    [
      10,
      null,
      1872583848,
      null,
      0.2783014790541354,
      0.002329111099243164,
      1,
      1763450105.6613655,
      1763450105.664913,
      {}
    ],
    [
      11,
      null,
      1872583848,
      null,
      0.11188447653092237,
      0.002295970916748047,
      1,
      1763450105.6708972,
      1763450105.6742628,
      {}
    ],
    [
      12,
      null,
      1872583848,
      null,
      0.4685665999243759,
      0.0016756057739257812,
      1,
      1763450105.6800256,
      1763450105.6827068,
      {}
    ],
    [
      13,
      null,
      1872583848,
      null,
      0.5283393708786939,
      0.0016808509826660156,
      1,
      1763450105.6886137,
      1763450105.6913145,
      {}
    ],
    [
      14,
      null,
      1872583848,
      null,
      0.5254552320949987,
      0.0019278526306152344,
      1,
      1763450105.6976047,
      1763450105.7005568,
      {}
    ],
    [
      15,
      null,
      1872583848,
      null,
      0.23310734644270115,
      0.0016949176788330078,
      1,
      1763450105.706851,
      1763450105.7095928,
      {}
    ],
    [
      16,
      null,
      1872583848,
      null,
      0.37208812774951794,
      0.0006527900695800781,
      1,
      1763450105.7168136,
      1763450105.7185204,
      {}
    ],
    [
      17,
      null,
      1872583848,
      null,
      0.33086005017839815,
      0.0012123584747314453,
      1,
      1763450105.7255368,
      1763450105.7277596,
      {}
    ],
    [
      18,
      null,
      1872583848,
      null,
      0.36606253184064586,
      0.0014882087707519531,
      1,
      1763450107.437153,
      1763450107.4398513,
      {}
    ]
  ],
  "configs": {
    "1": {
      "Criticality": 0.6927461285850995,
      "Criticality Modifier": 0.0034693225395860286,
      "Culture": 0.8771021659365901,
      "Dynamism": 0.2549532637820493,
      "Initial Known": 0.3872686890393429,
      "Inter-Dependency": 0.010135870738414848,
      "Plan": 0.5682576319083261,
      "Size": 0.8695467171025757,
      "Team Size": 0.7457762092617539
    },
    "2": {
      "Criticality": 0.7763723410028889,
      "Criticality Modifier": 0.33446437598092943,
      "Culture": 0.859714853335929,
      "Dynamism": 0.8972237242081583,
      "Initial Known": 0.6862493190882349,
      "Inter-Dependency": 0.24564706668807948,
      "Plan": 0.2287542154209734,
      "Size": 0.9546044055614412,
      "Team Size": 0.3748081034249494
    },
    "3": {
      "Criticality": 0.7406923156184063,
      "Criticality Modifier": 0.4691369037491805,
      "Culture": 0.3391628756809109,
      "Dynamism": 0.8787130901049804,
      "Initial Known": 0.491955738621248,
      "Inter-Dependency": 0.5323516830290855,
      "Plan": 0.06421516761844479,
      "Size": 0.1922220493555786,
      "Team Size": 0.7771193680756672
    },
    "4": {
      "Criticality": 0.9997658598092642,
      "Criticality Modifier": 0.005146235731142235,
      "Culture": 0.4582502625395668,
      "Dynamism": 0.24999603538994022,
      "Initial Known": 0.9277218640551907,
      "Inter-Dependency": 0.9016053593820974,
      "Plan": 0.2221005150131217,
      "Size": 0.2024488581298466,
      "Team Size": 0.6293223581808641
    },
    "5": {
      "Criticality": 0.9384030010567821,
      "Criticality Modifier": 0.5361453910566508,
      "Culture": 0.5887903956349635,
      "Dynamism": 0.9733550017542278,
      "Initial Known": 0.22999676459654222,
      "Inter-Dependency": 0.4674424168272435,
      "Plan": 0.13987845680250316,
      "Size": 0.5302948567708773,
      "Team Size": 0.3261398678621698
    },
    "6": {
      "Criticality": 0.944474249601805,
      "Criticality Modifier": 0.7577529871730437,
      "Culture": 0.5863328734109191,
      "Dynamism": 0.7700800438441283,
      "Initial Known": 0.45707605929416883,
      "Inter-Dependency": 0.5834735345073006,
      "Plan": 0.8323593582833502,
      "Size": 0.059982815582944014,
      "Team Size": 0.0012606384533023183
    },
    "7": {
      "Criticality": 0.9473578774313007,
      "Criticality Modifier": 0.7586371911177536,
      "Culture": 0.6454657530729044,
      "Dynamism": 0.16436702517348967,
      "Initial Known": 0.3908482589246633,
      "Inter-Dependency": 0.45705123093226757,
      "Plan": 0.311781620371122,
      "Size": 0.2518897649565157,
      "Team Size": 0.4913900179955414
    },
    "8": {
      "Criticality": 0.277190937139471,
      "Criticality Modifier": 0.4806512749601905,
      "Culture": 0.4635530233409155,
      "Dynamism": 0.08968187336022668,
      "Initial Known": 0.4113865373041461,
      "Inter-Dependency": 0.08033487367120341,
      "Plan": 0.8850441855995972,
      "Size": 0.5219770334767423,
      "Team Size": 0.052448030525230435
    },
    "9": {
      "Criticality": 0.05270020826165873,
      "Criticality Modifier": 0.767943905243133,
      "Culture": 0.6317426763694589,
      "Dynamism": 0.840389029352083,
      "Initial Known": 0.6251226953977579,
      "Inter-Dependency": 0.6511773069053894,
      "Plan": 0.0857052223495532,
      "Size": 0.33783682601141035,
      "Team Size": 0.1404534066028977
    },
    "10": {
      "Criticality": 0.3490407869508803,
      "Criticality Modifier": 0.6145590647331188,
      "Culture": 0.19172903257526286,
      "Dynamism": 0.12206335235468699,
      "Initial Known": 0.6281207715918649,
      "Inter-Dependency": 0.5423954007895768,
      "Plan": 0.8673461380162723,
      "Size": 0.08992363251086882,
      "Team Size": 0.008317645834303607
    },
    "11": {
      "Criticality": 0.06862474180975535,
      "Criticality Modifier": 0.3969338761726856,
      "Culture": 0.8258184488565289,
      "Dynamism": 0.09843119162424956,
      "Initial Known": 0.4137732221060503,
      "Inter-Dependency": 0.029525712905223832,
      "Plan": 0.9677700195976725,
      "Size": 0.81277095636492,
      "Team Size": 0.011049690942007412
    },
    "12": {
      "Criticality": 0.2811136022371611,
      "Criticality Modifier": 0.4973718257195002,
      "Culture": 0.5928233841361236,
      "Dynamism": 0.0965765970602127,
      "Initial Known": 0.4326925582023889,
      "Inter-Dependency": 0.03559824497742733,