{
  "incumbent_ids": [
    14
  ],
  "rejected_config_ids": [
    2,
    1,
    4,
    5,
    6,
    7,
    8,
    9,
    10,
    11,
    12,
    13,
    3,
    15,
    16,
    17,
    18,
    19,
    20
  ],
  "incumbents_changed": 3,
  "trajectory": [
    {
      "config_ids": [
        1
      ],
      "costs": [
        0.0006121890754972048
      ],
      "trial": 1,
      "walltime": 0.7204201221466064
    },
    {
      "config_ids": [
        3
      ],
      "costs": [
        1.073389555761306e-05
      ],
      "trial": 3,
      "walltime": 1.9240913391113281
    },
    {
      "config_ids": [
        14
      ],
      "costs": [
        5.499393914920603e-06
      ],
      "trial": 14,
      "walltime": 8.553587675094604
    }
  ],
  "state": {
    "queue": []
  }
}