{
  "incumbent_ids": [
    2
  ],
  "rejected_config_ids": [
    1,
    3,
    4,
    5,
    6,
    7,
    8,
    9,
    10,
    11,
    12,
    13,
    14,
    15,
    16,
    17,
    18,
    19,
    20,
    21,
    22,
    23,
    24,
    25,
    26,
    27,
    28,
    29,
    30,
    31,
    32,
    33,
    34,
    35,
    36,
    37,
    38,
    39,
    40,
    41,
    42,
    43,
    44,
    45
  ],
  "incumbents_changed": 2,
  "trajectory": [
    {
      "config_ids": [
        1
      ],
      "costs": [
        0.7987913488036104
      ],
      "trial": 1,
      "walltime": 0.0437617301940918
    },
    {
      "config_ids": [
        2
      ],
      "costs": [
        0.33404364197772773
      ],
      "trial": 2,
      "walltime": 0.08972358703613281
    }
  ],
  "state": {
    "queue": [
      [
        45,
        1
      ]
    ]
  }
}