{
  "stats": {
    "submitted": 9,
    "finished": 9,
    "running": 0
  },
  "data": [
    [
      1,
      null,
      953453411,
      null,
      0.6703152334491237,
      0.004598379135131836,
      1,
      1763455701.8018587,
      1763455701.873668,
      {}
    ],
    [
      2,
      null,
      953453411,
      null,
      0.6903012489016607,
      0.005112409591674805,
      1,
      1763456354.1942868,
      1763456354.2735004,
      {}
    ],
    [
      3,
      null,
      953453411,
      null,
      0.6961928363574321,
      0.0065844058990478516,
      1,
      1763456354.2813194,
      1763456354.3775651,
      {}
    ],
    [
      4,
      null,
      953453411,
      null,
      0.6301207778951097,
      0.003911733627319336,
      1,
      1763456354.3887148,
      1763456354.4733014,
      {}
    ],
    [
      5,
      null,
      953453411,
      null,
      0.6874580074613268,
      0.005971193313598633,
      1,
      1763456354.4830217,
      1763456354.566048,
      {}
    ],
    [
      6,
      null,
      953453411,
      null,
      0.6298356596731639,
      0.004711627960205078,
      1,
      1763456354.5775514,
      1763456354.6588237,
      {}
    ],
    [
      7,
      null,
      953453411,
      null,
      0.6824333830142856,
      0.007491111755371094,
      1,
      1763456354.6706007,
      1763456354.7528167,
      {}
    ],
    [
      8,
      null,
      953453411,
      null,
      0.6152069783801736,
      0.006045341491699219,
      1,
      1763456354.7655108,
      1763456354.8492491,
      {}
    ],
    [
      9,
      null,
      953453411,
      null,
      0.5777356706774024,
      0.003532886505126953,
      1,
      1763456354.8678858,
      1763456354.9421668,
      {}
    ]
  ],
  "configs": {
    "1": {
      "Age": 39.72437986172736,
      "BankruptcyHistory": 0.9283637013286352,
      "BaseInterestRate": 0.1316089127641469,
      "CheckingAccountBalance": 22426.05187403038,
      "CreditCardUtilizationRate": 0.6531389959972169,
      "CreditScore": 659.5879736002535,
      "DebtToIncomeRatio": 0.8593682777164646,
      "InterestRate": 0.2258040142347581,
      "JobTenure": 2.7839182764291763,
      "LengthOfCreditHistory": 4.659027963876724,
      "LoanApproved": 0.5827776398509741,
      "MonthlyDebtPayments": 2850.6097521996126,
      "MonthlyIncome": 15125.367746222764,
      "MonthlyLoanPayment": 2441.8509845693284,
      "NetWorth": 259359.19130468369,
      "NumberOfCreditInquiries": 1.717993663623929,
      "NumberOfDependents": 2.666274760849774,
      "NumberOfOpenCreditLines": 10.11864265985787,
      "PaymentHistory": 34.936742939054966,
      "PreviousLoanDefaults": 0.4620627835392952,
      "SavingsAccountBalance": 95249.29996679723,
      "TotalAssets": 1138160.692587872,
      "TotalDebtToIncomeRatio": 2.0146328488864254,
      "TotalLiabilities": 1097387.4746901803,
      "UtilityBillsPaymentHistory": 0.907064659877196,
      "applicationDate": "4/2/57",
      "educationLevel": "Master",
      "employmentStatus": "Self-Employed",
      "homeOwnershipStatus": "Own",
      "loanPurpose": "Debt Consolidation",
      "maritalStatus": "Divorced"
    },
    "2": {
      "Age": 31.50748203656855,
      "BankruptcyHistory": 0.28905416873932965,
      "BaseInterestRate": 0.28158757044716687,
      "CheckingAccountBalance": 17212.04051113922,
      "CreditCardUtilizationRate": 0.2666249071485998,
      "CreditScore": 688.4739229010103,
      "DebtToIncomeRatio": 0.22537744679568492,
      "InterestRate": 0.3066396772766233,
      "JobTenure": 11.491274506392218,
      "LengthOfCreditHistory": 14.599222529943741,
      "LoanApproved": 0.14227210394129564,
      "MonthlyDebtPayments": 2907.719392244101,
      "MonthlyIncome": 8581.147365214209,
      "MonthlyLoanPayment": 365.0758216516548,
      "NetWorth": 62766.35706425117,
      "NumberOfCreditInquiries": 4.229124124516394,
      "NumberOfDependents": 3.675478386328917,
      "NumberOfOpenCreditLines": 0.7539632134178261,
      "PaymentHistory": 11.994560363437436,
      "PreviousLoanDefaults": 0.5241537336340345,
      "SavingsAccountBalance": 21382.757422275634,
      "TotalAssets": 2211690.8014177107,
      "TotalDebtToIncomeRatio": 2.3096238277006877,
      "TotalLiabilities": 1285128.6448097448,
      "UtilityBillsPaymentHistory": 0.3235034636929289,
      "applicationDate": "1/23/47",
      "educationLevel": "Doctorate",
      "employmentStatus": "Employed",
      "homeOwnershipStatus": "Other",
      "loanPurpose": "Education",
      "maritalStatus": "Married"
    },
    "3": {
      "Age": 59.24129728177103,
      "BankruptcyHistory": 0.8803148988946345,
      "BaseInterestRate": 0.2829652236783387,
      "CheckingAccountBalance": 20852.440943596528,
      "CreditCardUtilizationRate": 0.6794569250216026,
      "CreditScore": 461.5242620944946,
      "DebtToIncomeRatio": 0.2301073727685481,
      "InterestRate": 0.22838462561290362,
      "JobTenure": 6.277861699161079,
      "LengthOfCreditHistory": 16.19538957328512,
      "LoanApproved": 0.7097541520845531,
      "MonthlyDebtPayments": 1721.644940973223,
      "MonthlyIncome": 16204.620052360648,
      "MonthlyLoanPayment": 5791.123253993098,
      "NetWorth": 1246562.9582097386,
      "NumberOfCreditInquiries": 5.379114650396994,
      "NumberOfDependents": 1.5130811117766796,
      "NumberOfOpenCreditLines": 12.088937684753382,
      "PaymentHistory": 12.35055777736967,
      "PreviousLoanDefaults": 0.49118506711705334,
      "SavingsAccountBalance": 34497.931024760815,
      "TotalAssets": 983918.2761980153,
      "TotalDebtToIncomeRatio": 2.0556849984373473,
      "TotalLiabilities": 194328.4430252312,
      "UtilityBillsPaymentHistory": 0.4166643999738362,
      "applicationDate": "11/26/40",
      "educationLevel": "Bachelor",
      "employmentStatus": "Unemployed",
      "homeOwnershipStatus": "Rent",
      "loanPurpose": "Home",
      "maritalStatus": "Widowed"
    },
    "4": {
      "Age": 65.69846421340587,
      "BankruptcyHistory": 0.7209042792940799,
      "BaseInterestRate": 0.30407852022596804,
      "CheckingAccountBalance": 7658.296197848345,
      "CreditCardUtilizationRate": 0.23420711348974022,
      "CreditScore": 459.7995139853588,
      "DebtToIncomeRatio": 0.25169523860442067,
      "InterestRate": 0.13828924820347968,
      "JobTenure": 5.164496153914934,
      "LengthOfCreditHistory": 15.573749954249093,
      "LoanApproved": 0.8546490250305231,
      "MonthlyDebtPayments": 1630.1453609545633,
      "MonthlyIncome": 14572.967575018241,
      "MonthlyLoanPayment": 5485.23692979722,
      "NetWorth": 1200628.1333076784,
      "NumberOfCreditInquiries": 3.3910077636899527,
      "NumberOfDependents": 0.916651186532495,
      "NumberOfOpenCreditLines": 5.559909307859216,
      "PaymentHistory": 41.98267943971243,
      "PreviousLoanDefaults": 0.7030892045317847,
      "SavingsAccountBalance": 95744.08129625054,
      "TotalAssets": 2409171.6171046416,
      "TotalDebtToIncomeRatio": 0.9995655821613536,
      "TotalLiabilities": 742176.6703455903,
      "UtilityBillsPaymentHistory": 0.6042095303277423,
      "applicationDate": "4/16/48",
      "educationLevel": "Doctorate",
      "employmentStatus": "Employed",
      "homeOwnershipStatus": "Own",
      "loanPurpose": "Auto",
      "maritalStatus": "Single"
    },
    "5": {
      "Age": 79.99160630768006,
      "BankruptcyHistory": 0.021743547059220325,
      "BaseInterestRate": 0.26409814818198707,
      "CheckingAccountBalance": 37894.075711447884,
      "CreditCardUtilizationRate": 0.5152381364416991,
      "CreditScore": 486.53251676891875,
      "DebtToIncomeRatio": 0.8150676112541392,
      "InterestRate": 0.42326822060551517,
      "JobTenure": 12.193445667143424,
      "LengthOfCreditHistory": 10.570480952010879,
      "LoanApproved": 0.7217872554579777,
      "MonthlyDebtPayments": 2286.297658830093,
      "MonthlyIncome": 6406.606181306359,