{
  "incumbent_ids": [
    6
  ],
  "rejected_config_ids": [
    1,
    3,
    4,
    5,
    2,
    7,
    8,
    9
  ],
  "incumbents_changed": 3,
  "trajectory": [
    {
      "config_ids": [
        1
      ],
      "costs": [
        0.7927490163822407
      ],
      "trial": 1,
      "walltime": 2.323225736618042
    },
    {
      "config_ids": [
        2
      ],
      "costs": [
        0.6794566360230524
      ],
      "trial": 2,
      "walltime": 76.00977325439453
    },
    {
      "config_ids": [
        6
      ],
      "costs": [
        0.627965495914499
      ],
      "trial": 6,
      "walltime": 84.97362065315247
    }
  ],
  "state": {
    "queue": []
  }
}