{
  "incumbent_ids": [
    9
  ],
  "rejected_config_ids": [
    1,
    2,
    4,
    5,
    6,
    7,
    8,
    3,
    10,
    11,
    12,
    13,
    14,
    15,
    16,
    17,
    18
  ],
  "incumbents_changed": 4,
  "trajectory": [
    {
      "config_ids": [
        1
      ],
      "costs": [
        0.6348067078482306
      ],
      "trial": 1,
      "walltime": 0.03602242469787598
    },
    {
      "config_ids": [
        2
      ],
      "costs": [
        0.5178269270111757
      ],
      "trial": 2,
      "walltime": 0.0641179084777832
    },
    {
      "config_ids": [
        3
      ],
      "costs": [
        0.4901936874635101
      ],
      "trial": 3,
      "walltime": 0.08820652961730957
    },
    {
      "config_ids": [
        9
      ],
      "costs": [
        0.4260706522865707
      ],
      "trial": 9,
      "walltime": 8.881327867507935
    }
  ],
  "state": {
    "queue": [
      [
        18,
        1
      ]
    ]
  }
}