{
  "incumbent_ids": [
    4
  ],
  "rejected_config_ids": [
    1,
    3,
    2,
    5
  ],
  "incumbents_changed": 3,
  "trajectory": [
    {
      "config_ids": [
        1
      ],
      "costs": [
        0.36908551074697415
      ],
      "trial": 1,
      "walltime": 1.8083579540252686
    },
    {
      "config_ids": [
        2
      ],
      "costs": [
        0.3139827778829556
      ],
      "trial": 2,
      "walltime": 3.6303234100341797
    },
    {
      "config_ids": [
        4
      ],
      "costs": [
        0.19968609758528066
      ],
      "trial": 4,
      "walltime": 7.233861207962036
    }
  ],
  "state": {
    "queue": []
  }
}