{
  "incumbent_ids": [
    7
  ],
  "rejected_config_ids": [
    2,
    3,
    4,
    1,
    6,
    5,
    8,
    9,
    10,
    11,
    12,
    13,
    14,
    15,
    16,
    17,
    18
  ],
  "incumbents_changed": 3,
  "trajectory": [
    {
      "config_ids": [
        1
      ],
      "costs": [
        0.20174505409931276
      ],
      "trial": 1,
      "walltime": 0.007386445999145508
    },
    {
      "config_ids": [
        5
      ],
      "costs": [
        0.18363205337453525
      ],
      "trial": 5,
      "walltime": 2.8472282886505127
    },
    {
      "config_ids": [
        7
      ],
      "costs": [
        0.1521475234721228
      ],
      "trial": 7,
      "walltime": 2.876220941543579
    }
  ],
  "state": {
    "queue": [
      [
        18,
        1
      ]
    ]
  }
}