{
  "incumbent_ids": [
    17
  ],
  "rejected_config_ids": [
    2,
    1,
    4,
    5,
    6,
    7,
    8,
    9,
    10,
    11,
    12,
    13,
    14,
    15,
    16,
    3,
    18,
    19,
    20,
    21,
    22,
    23,
    24
  ],
  "incumbents_changed": 3,
  "trajectory": [
    {
      "config_ids": [
        1
      ],
      "costs": [
        0.2032237051823601
      ],
      "trial": 1,
      "walltime": 0.022656679153442383
    },
    {
      "config_ids": [
        3
      ],
      "costs": [
        0.17130448361340256
      ],
      "trial": 3,
      "walltime": 0.0720982551574707
    },
    {
      "config_ids": [
        17
      ],
      "costs": [
        0.051153117834827566
      ],
      "trial": 17,
      "walltime": 7.111964702606201
    }
  ],
  "state": {
    "queue": [
      [
        24,
        1
      ]
    ]
  }
}