{
  "incumbent_ids": [
    4
  ],
  "rejected_config_ids": [
    1,
    3,
    2,
    5,
    6
  ],
  "incumbents_changed": 3,
  "trajectory": [
    {
      "config_ids": [
        1
      ],
      "costs": [
        0.6524499463572053
      ],
      "trial": 1,
      "walltime": 0.10114145278930664
    },
    {
      "config_ids": [
        2
      ],
      "costs": [
        0.6161588101098332
      ],
      "trial": 2,
      "walltime": 661.219785451889
    },
    {
      "config_ids": [
        4
      ],
      "costs": [
        0.5308295153960505
      ],
      "trial": 4,
      "walltime": 661.4342525005341
    }
  ],
  "state": {
    "queue": [
      [
        6,
        1
      ]
    ]
  }
}