{
  "incumbent_ids": [
    5
  ],
  "rejected_config_ids": [
    2,
    3,
    1,
    4,
    6,
    7,
    8,
    9,
    10,
    11,
    12
  ],
  "incumbents_changed": 3,
  "trajectory": [
    {
      "config_ids": [
        1
      ],
      "costs": [
        0.6352446089886549
      ],
      "trial": 1,
      "walltime": 0.011614084243774414
    },
    {
      "config_ids": [
        4
      ],
      "costs": [
        0.6022276229139134
      ],
      "trial": 4,
      "walltime": 5.619397401809692
    },
    {
      "config_ids": [
        5
      ],
      "costs": [
        0.5228290857481944
      ],
      "trial": 5,
      "walltime": 5.634366273880005
    }
  ],
  "state": {
    "queue": [
      [
        12,
        1
      ]
    ]
  }
}