{
  "stats": {
    "submitted": 18,
    "finished": 18,
    "running": 0
  },
  "data": [
    [
      1,
      null,
      1791095845,
      null,
      0.49449615296703153,
      0.0017552375793457031,
      1,
      1763449308.646885,
      1763449308.6506493,
      {}
    ],
    [
      2,
      null,
      1791095845,
      null,
      0.49449615296703153,
      0.0005338191986083984,
      1,
      1763449311.1236238,
      1763449311.1257353,
      {}
    ],
    [
      3,
      null,
      1791095845,
      null,
      0.3880658086274471,
      0.0019373893737792969,
      1,
      1763449311.1324186,
      1763449311.136104,
      {}
    ],
    [
      4,
      null,
      1791095845,
      null,
      0.31686579762891687,
      0.0006504058837890625,
      1,
      1763449311.1428025,
      1763449311.1448917,
      {}
    ],
    [
      5,
      null,
      1791095845,
      null,
      0.7019709898773095,
      0.0006058216094970703,
      1,
      1763449311.151561,
      1763449311.1536477,
      {}
    ],
    [
      6,
      null,
      1791095845,
      null,
      0.28283865900282157,
      0.0006022453308105469,
      1,
      1763449311.160339,
      1763449311.1623337,
      {}
    ],
    [
      7,
      null,
      1791095845,
      null,
      0.524437266153427,
      0.0008175373077392578,
      1,
      1763449311.170264,
      1763449311.1726763,
      {}
    ],
    [
      8,
      null,
      1791095845,
      null,
      0.48073891742724306,
      0.0006549358367919922,
      1,
      1763449311.180848,
      1763449311.1830962,
      {}
    ],
    [
      9,
      null,
      1791095845,
      null,
      0.23971152907878457,
      0.0006258487701416016,
      1,
      1763449311.191192,
      1763449311.1932557,
      {}
    ],
    [
      10,
      null,
      1791095845,
      null,
      0.2813959798691831,
      0.0024378299713134766,
      1,
      1763449313.779088,
      1763449313.7832422,
      {}
    ],
    [
      11,
      null,
      1791095845,
      null,
      0.2813959798691831,
      0.0005228519439697266,
      1,
      1763449313.7984476,
      1763449313.8007157,
      {}
    ],
    [
      12,
      null,
      1791095845,
      null,
      0.5751673692229661,
      0.0018999576568603516,
      1,
      1763449313.8105052,
      1763449313.814229,
      {}
    ],
    [
      13,
      null,
      1791095845,
      null,
      0.5191117914576344,
      0.0006635189056396484,
      1,
      1763449313.824938,
      1763449313.8271234,
      {}
    ],
    [
      14,
      null,
      1791095845,
      null,
      0.2813959798691831,
      0.0003688335418701172,
      1,
      1763449313.837091,
      1763449313.8390498,
      {}
    ],
    [
      15,
      null,
      1791095845,
      null,
      0.2099105767296967,
      0.0006990432739257812,
      1,
      1763449313.8495133,
      1763449313.8532555,
      {}
    ],
    [
      16,
      null,
      1791095845,
      null,
      0.5521658728553271,
      0.000629425048828125,
      1,
      1763449313.8654315,
      1763449313.8694098,
      {}
    ],
    [
      17,
      null,
      1791095845,
      null,
      0.3630668861491013,
      0.0007398128509521484,
      1,
      1763449313.8867917,
      1763449313.8891141,
      {}
    ],
    [
      18,
      null,
      1791095845,
      null,
      0.2099105767296967,
      0.0005064010620117188,
      1,
      1763449316.7429793,
      1763449316.7451563,
      {}
    ]
  ],
  "configs": {
    "1": {
      " ACAP": 2.598669193685055,
      " ARCH": 5.6371663780882955,
      " CPLx": 5.407348572276533,
      " DATA": 4.932604290544987,
      " DOCU": 1.5622119754552841,
      " FLEx": 4.671335582621396,
      " LTEx": 3.7591110058128834,
      " PCAP": 2.8588795475661755,
      " PCON": 1.5620004497468472,
      " PMAT": 1.3014434035867453,
      " PREC": 2.5658143581822515,
      " PVOL": 3.2298045735806227,
      " RELY": 4.809226091951132,
      " RUSE": 4.946879666298628,
      " SCED": 1.9712036363780499,
      " SITE": 1.2518939711153507,
      " STOR": 5.4302694434300065,
      " TEAM": 5.635487478226423,
      " TIME": 3.7234969306737185,
      " TOOL": 4.283673267811537
    },
    "2": {
      " ACAP": 2.8782282538161827,
      " ARCH": 5.6371663780882955,
      " CPLx": 5.407348572276533,
      " DATA": 4.731646249531035,
      " DOCU": 1.5622119754552841,
      " FLEx": 4.960694843046539,
      " LTEx": 3.38172858330039,
      " PCAP": 3.0109122839013986,
      " PCON": 1.5620004497468472,
      " PMAT": 1.492667321103093,
      " PREC": 2.5658143581822515,
      " PVOL": 3.2298045735806227,
      " RELY": 4.809226091951132,
      " RUSE": 4.946879666298628,
      " SCED": 1.9712036363780499,
      " SITE": 1.2518939711153507,
      " STOR": 5.4302694434300065,
      " TEAM": 5.589189723207766,
      " TIME": 3.8886890463480044,
      " TOOL": 4.068910005816841
    },
    "3": {
      " ACAP": 4.997501479362331,
      " ARCH": 5.894324056450732,
      " CPLx": 3.638243089741194,
      " DATA": 4.215447005898804,
      " DOCU": 1.4601401467344428,
      " FLEx": 1.7278282056372283,
      " LTEx": 1.046484076268595,
      " PCAP": 2.4338274809865945,
      " PCON": 1.2843980935975172,
      " PMAT": 3.5760988412688817,
      " PREC": 2.215934708559863,
      " PVOL": 2.106732977425576,
      " RELY": 1.1643885119166324,
      " RUSE": 4.000403604832348,
      " SCED": 1.4604312718468688,
      " SITE": 4.652639777872807,
      " STOR": 4.304957599038346,
      " TEAM": 1.918295692912848,
      " TIME": 5.208981816400371,
      " TOOL": 3.3137931847768165
    },
    "4": {
      " ACAP": 3.6986437839732655,
      " ARCH": 5.605902991335247,
      " CPLx": 4.040062246090649,
      " DATA": 4.028519615845423,
      " DOCU": 3.285617814545263,
      " FLEx": 2.039469899968583,
      " LTEx": 4.097080850722367,
      " PCAP": 3.65089545985372,
      " PCON": 4.391796402824948,
      " PMAT": 5.7236959144884985,
      " PREC": 5.449791053090349,
      " PVOL": 3.1279621693411213,
      " RELY": 2.491063202530368,
      " RUSE": 2.453720942081933,
      " SCED": 4.0605761662147355,
      " SITE": 2.649785165019936,
      " STOR": 3.4971603383345835,
      " TEAM": 4.188385567912253,
      " TIME": 3.7305488239824034,
      " TOOL": 3.205443355431074
    },
    "5": {
      " ACAP": 4.99439635434592,
      " ARCH": 5.532460065119205,
      " CPLx": 4.730042225551177,
      " DATA": 4.516149645822489,
      " DOCU": 1.0264255676258727,
      " FLEx": 1.2348783180367684,
      " LTEx": 2.8841431922067113,
      " PCAP": 3.557761163305314,
      " PCON": 2.225891975726073,
      " PMAT": 2.8552862386106606,
      " PREC": 5.654059153055363,
      " PVOL": 3.236573598637932,
      " RELY": 3.1991889359236896,
      " RUSE": 2.822112681334767,
      " SCED": 1.5107402055101509,
      " SITE": 1.7065327006793654,
      " STOR": 5.175248764421905,
      " TEAM": 3.5265322687466183,
      " TIME": 5.835925350373075,
      " TOOL": 3.4141031533869537
    },
    "6": {
      " ACAP": 4.816525810101968,
      " ARCH": 1.3854785443025588,
      " CPLx": 4.339444694953286,
      " DATA": 4.320184003042178,
      " DOCU": 2.729879442549696,
      " FLEx": 1.8363595985872618,
      " LTEx": 1.499520903892769,
      " PCAP": 2.0509109284044116,
      " PCON": 1.1308830938139098,
      " PMAT": 4.02243170367519,
      " PREC": 4.844893834426864,
      " PVOL": 3.090467408506637,
      " RELY": 1.157818439913453,
      " RUSE": 4.821384647136433,
      " SCED": 1.3169631369835524,
      " SITE": 2.553910160970933,
      " STOR": 5.777256617929705,
      " TEAM": 5.243835901031722,
      " TIME": 4.759601845085774,
      " TOOL": 1.8775460528102492
    },
    "7": {
      " ACAP": 4.000687558311435,
      " ARCH": 2.8220959578371425,
      " CPLx": 1.1119905556677976,
      " DATA": 2.457243038590248,
      " DOCU": 4.886086095526011,
      " FLEx": 2.791791172254906,
      " LTEx": 3.7909614746262994,