{
  "incumbent_ids": [
    5
  ],
  "rejected_config_ids": [
    2,
    3,
    4,
    1,
    6,
    7,
    8,
    9
  ],
  "incumbents_changed": 2,
  "trajectory": [
    {
      "config_ids": [
        1
      ],
      "costs": [
        0.1609419074408408
      ],
      "trial": 1,
      "walltime": 1.8792951107025146
    },
    {
      "config_ids": [
        5
      ],
      "costs": [
        0.1544899107218003
      ],
      "trial": 5,
      "walltime": 80.70381164550781
    }
  ],
  "state": {
    "queue": []
  }
}