{
  "stats": {
    "submitted": 5,
    "finished": 5,
    "running": 0
  },
  "data": [
    [
      1,
      null,
      1498160584,
      null,
      0.391479583096187,
      0.10159516334533691,
      1,
      1763050743.5973337,
      1763050743.7008379,
      {}
    ],
    [
      2,
      null,
      1498160584,
      null,
      0.45474848674620594,
      0.08582735061645508,
      1,
      1763050744.6440947,
      1763050744.7318218,
      {}
    ],
    [
      3,
      null,
      1498160584,
      null,
      0.5420222517895397,
      0.07086348533630371,
      1,
      1763050744.7373142,
      1763050744.809279,
      {}
    ],
    [
      4,
      null,
      1498160584,
      null,
      0.49280699652739335,
      0.05095195770263672,
      1,
      1763050744.816154,
      1763050744.869027,
      {}
    ],
    [
      5,
      null,
      1498160584,
      null,
      0.5436908271456216,
      0.05104994773864746,
      1,
      1763050744.8725595,
      1763050744.9246945,
      {}
    ]
  ],
  "configs": {
    "1": {
      "Counters": 9,
      "Max_spout": 10000.0,
      "Spliters": 2
    },
    "2": {
      "Counters": 9,
      "Max_spout": 1000000.0,
      "Spliters": 6
    },
    "3": {
      "Counters": 6,
      "Max_spout": 100.0,
      "Spliters": 1
    },
    "4": {
      "Counters": 3,
      "Max_spout": 1000.0,
      "Spliters": 2
    },
    "5": {
      "Counters": 3,
      "Max_spout": 1000000.0,
      "Spliters": 3
    }
  },
  "config_origins": {
    "1": "Initial Design: Sobol",
    "2": "Acquisition Function Maximizer: Local Search",
    "3": "Random Search",
    "4": "Random Search",
    "5": "Acquisition Function Maximizer: Local Search"
  }
}