{"config": {"Criticality": 0.4508754655985152, "Criticality Modifier": 0.2693364169079787, "Culture": 0.6454899284677608, "Dynamism": 0.177294273554511, "Initial Known": 0.265155370508609, "Inter-Dependency": 0.7670982457720211, "Plan": 0.4205494629329245, "Size": 0.1670440234922442, "Team Size": 0.4737996989208445}, "score": 0.10730600345544228, "info": {}}