{
  "incumbent_ids": [
    2
  ],
  "rejected_config_ids": [
    1
  ],
  "incumbents_changed": 2,
  "trajectory": [
    {
      "config_ids": [
        1
      ],
      "costs": [
        0.22700099450352018
      ],
      "trial": 1,
      "walltime": 0.35773634910583496
    },
    {
      "config_ids": [
        2
      ],
      "costs": [
        0.14968801487936967
      ],
      "trial": 2,
      "walltime": 0.6351759433746338
    }
  ],
  "state": {
    "queue": [
      [
        2,
        1
      ]
    ]
  }
}