{
  "incumbent_ids": [
    4
  ],
  "rejected_config_ids": [
    2,
    1,
    3,
    5,
    6
  ],
  "incumbents_changed": 3,
  "trajectory": [
    {
      "config_ids": [
        1
      ],
      "costs": [
        0.6753742525097315
      ],
      "trial": 1,
      "walltime": 0.04685187339782715
    },
    {
      "config_ids": [
        3
      ],
      "costs": [
        0.6536778170294402
      ],
      "trial": 3,
      "walltime": 160.17579197883606
    },
    {
      "config_ids": [
        4
      ],
      "costs": [
        0.05395085770684449
      ],
      "trial": 4,
      "walltime": 160.20774865150452
    }
  ],
  "state": {
    "queue": [
      [
        6,
        1
      ]
    ]
  }
}