{
  "incumbent_ids": [
    4
  ],
  "rejected_config_ids": [
    2,
    3,
    1,
    5,
    6,
    7,
    8,
    9,
    10,
    11,
    12,
    13,
    14,
    15,
    16,
    17,
    18
  ],
  "incumbents_changed": 2,
  "trajectory": [
    {
      "config_ids": [
        1
      ],
      "costs": [
        0.30659826273607804
      ],
      "trial": 1,
      "walltime": 0.011771440505981445
    },
    {
      "config_ids": [
        4
      ],
      "costs": [
        0.27597686700564683
      ],
      "trial": 4,
      "walltime": 2.736384391784668
    }
  ],
  "state": {
    "queue": [
      [
        18,
        1
      ]
    ]
  }
}