{
  "stats": {
    "submitted": 24,
    "finished": 24,
    "running": 0
  },
  "data": [
    [
      1,
      null,
      218175338,
      null,
      0.48436983378291887,
      0.0012941360473632812,
      1,
      1763363378.5565424,
      1763363378.5596395,
      {}
    ],
    [
      2,
      null,
      218175338,
      null,
      0.33959789896356907,
      0.0013222694396972656,
      1,
      1763363378.5647519,
      1763363378.5676227,
      {}
    ],
    [
      3,
      null,
      218175338,
      null,
      0.2941130822295577,
      0.0013341903686523438,
      1,
      1763363379.4665868,
      1763363379.469435,
      {}
    ],
    [
      4,
      null,
      218175338,
      null,
      0.36308642995092355,
      0.001020669937133789,
      1,
      1763363379.4742796,
      1763363379.476679,
      {}
    ],
    [
      5,
      null,
      218175338,
      null,
      0.48893412741149134,
      0.0008666515350341797,
      1,
      1763363379.4809308,
      1763363379.483193,
      {}
    ],
    [
      6,
      null,
      218175338,
      null,
      0.556371608887743,
      0.0009694099426269531,
      1,
      1763363379.487608,
      1763363379.4899797,
      {}
    ],
    [
      7,
      null,
      218175338,
      null,
      0.49430506734112467,
      0.0008244514465332031,
      1,
      1763363379.4946032,
      1763363379.4968097,
      {}
    ],
    [
      8,
      null,
      218175338,
      null,
      0.27971505580657985,
      0.0008299350738525391,
      1,
      1763363379.5017185,
      1763363379.503892,
      {}
    ],
    [
      9,
      null,
      218175338,
      null,
      0.06656014043708924,
      0.0006854534149169922,
      1,
      1763363379.5103848,
      1763363379.5124319,
      {}
    ],
    [
      10,
      null,
      218175338,
      null,
      0.3218673457653176,
      0.0007684230804443359,
      1,
      1763363379.5184174,
      1763363379.5207129,
      {}
    ],
    [
      11,
      null,
      218175338,
      null,
      0.3083026762998564,
      0.0008420944213867188,
      1,
      1763363379.5312953,
      1763363379.5335379,
      {}
    ],
    [
      12,
      null,
      218175338,
      null,
      0.29007937518954063,
      0.00070953369140625,
      1,
      1763363380.3013327,
      1763363380.303553,
      {}
    ],
    [
      13,
      null,
      218175338,
      null,
      0.4490692642230636,
      0.0007457733154296875,
      1,
      1763363380.3117166,
      1763363380.3138306,
      {}
    ],
    [
      14,
      null,
      218175338,
      null,
      0.020063857131398577,
      0.0006031990051269531,
      1,
      1763363380.3200998,
      1763363380.3220656,
      {}
    ],
    [
      15,
      null,
      218175338,
      null,
      0.020063857131398577,
      0.0002799034118652344,
      1,
      1763363380.3301504,
      1763363380.3318,
      {}
    ],
    [
      16,
      null,
      218175338,
      null,
      0.012140991920528088,
      0.0005552768707275391,
      1,
      1763363380.338395,
      1763363380.340326,
      {}
    ],
    [
      17,
      null,
      218175338,
      null,
      0.30648126963638944,
      0.0005536079406738281,
      1,
      1763363380.3477373,
      1763363380.3496103,
      {}
    ],
    [
      18,
      null,
      218175338,
      null,
      0.3300364771293557,
      0.0006561279296875,
      1,
      1763363380.3567028,
      1763363380.3586795,
      {}
    ],
    [
      19,
      null,
      218175338,
      null,
      0.06656014043708924,
      0.0002906322479248047,
      1,
      1763363380.3747418,
      1763363380.3763921,
      {}
    ],
    [
      20,
      null,
      218175338,
      null,
      0.3624650403310463,
      0.0013451576232910156,
      1,
      1763363381.3516529,
      1763363381.354494,
      {}
    ],
    [
      21,
      null,
      218175338,
      null,
      0.025491737333161124,
      0.0005807876586914062,
      1,
      1763363381.363118,
      1763363381.3651547,
      {}
    ],
    [
      22,
      null,
      218175338,
      null,
      0.28316193000610956,
      0.0009279251098632812,
      1,
      1763363381.373778,
      1763363381.3761344,
      {}
    ],
    [
      23,
      null,
      218175338,
      null,
      0.3048784608159576,
      0.000965118408203125,
      1,
      1763363381.3847718,
      1763363381.3872263,
      {}
    ],
    [
      24,
      null,
      218175338,
      null,
      0.3255521831755407,
      0.0011174678802490234,
      1,
      1763363381.3970351,
      1763363381.3998091,
      {}
    ]
  ],
  "configs": {
    "1": {
      "data_alignFieldPointers": 1,
      "explorationId": 1,
      "no_explorationId": 0,
      "opt_unroll": 2,
      "opt_unroll_interleave": 0,
      "opt_useAddressPrecalc": 1,
      "opt_vectorize": 1,
      "poly_tileSize_x": 8,
      "poly_tileSize_y": 32,
      "poly_tileSize_z": 8,
      "simd_avoidUnaligned": 1
    },
    "2": {
      "data_alignFieldPointers": 0,
      "explorationId": 2,
      "no_explorationId": 1,
      "opt_unroll": 4,
      "opt_unroll_interleave": 1,
      "opt_useAddressPrecalc": 0,
      "opt_vectorize": 0,
      "poly_tileSize_x": 128,
      "poly_tileSize_y": 20,
      "poly_tileSize_z": 64,
      "simd_avoidUnaligned": 0
    },
    "3": {
      "data_alignFieldPointers": 0,
      "explorationId": 4,
      "no_explorationId": 1,
      "opt_unroll": 4,
      "opt_unroll_interleave": 1,
      "opt_useAddressPrecalc": 1,
      "opt_vectorize": 0,
      "poly_tileSize_x": 64,
      "poly_tileSize_y": 10,
      "poly_tileSize_z": 16,
      "simd_avoidUnaligned": 0
    },
    "4": {
      "data_alignFieldPointers": 0,
      "explorationId": 0,
      "no_explorationId": 1,
      "opt_unroll": 4,
      "opt_unroll_interleave": 1,
      "opt_useAddressPrecalc": 0,
      "opt_vectorize": 0,
      "poly_tileSize_x": 128,
      "poly_tileSize_y": 10,
      "poly_tileSize_z": 128,
      "simd_avoidUnaligned": 1
    },
    "5": {
      "data_alignFieldPointers": 1,
      "explorationId": 4,
      "no_explorationId": 0,
      "opt_unroll": 1,
      "opt_unroll_interleave": 1,
      "opt_useAddressPrecalc": 1,
      "opt_vectorize": 1,
      "poly_tileSize_x": 20,
      "poly_tileSize_y": 20,
      "poly_tileSize_z": 32,
      "simd_avoidUnaligned": 1
    },
    "6": {
      "data_alignFieldPointers": 1,
      "explorationId": 3,
      "no_explorationId": 1,
      "opt_unroll": 2,
      "opt_unroll_interleave": 0,
      "opt_useAddressPrecalc": 0,
      "opt_vectorize": 1,
      "poly_tileSize_x": 128,
      "poly_tileSize_y": 20,
      "poly_tileSize_z": 20,
      "simd_avoidUnaligned": 0
    },
    "7": {
      "data_alignFieldPointers": 1,
      "explorationId": 2,
      "no_explorationId": 1,
      "opt_unroll": 1,
      "opt_unroll_interleave": 1,
      "opt_useAddressPrecalc": 1,
      "opt_vectorize": 1,
      "poly_tileSize_x": 128,
      "poly_tileSize_y": 20,
      "poly_tileSize_z": 64,
      "simd_avoidUnaligned": 1
    },
    "8": {
      "data_alignFieldPointers": 1,
      "explorationId": 3,
      "no_explorationId": 1,
      "opt_unroll": 1,
      "opt_unroll_interleave": 1,
      "opt_useAddressPrecalc": 0,
      "opt_vectorize": 0,
      "poly_tileSize_x": 128,
      "poly_tileSize_y": 16,
      "poly_tileSize_z": 8,
      "simd_avoidUnaligned": 0
    },
    "9": {
      "data_alignFieldPointers": 1,
      "explorationId": 3,
      "no_explorationId": 1,
      "opt_unroll": 2,
      "opt_unroll_interleave": 1,
      "opt_useAddressPrecalc": 1,
      "opt_vectorize": 1,
      "poly_tileSize_x": 20,
      "poly_tileSize_y": 10,
      "poly_tileSize_z": 64,
      "simd_avoidUnaligned": 1
    },
    "10": {
      "data_alignFieldPointers": 0,
      "explorationId": 4,
      "no_explorationId": 0,
      "opt_unroll": 2,
      "opt_unroll_interleave": 0,
      "opt_useAddressPrecalc": 1,
      "opt_vectorize": 1,
      "poly_tileSize_x": 128,