{
  "DE_params": {
    "mutation_factor": 0.5,
    "crossover_prob": 0.5,
    "strategy": "rand1_bin",
    "configspace": true,
    "boundary_fix_type": "random",
    "max_age": Infinity,
    "dimensions": 19,
    "output_path": "../results/tmp/DEHB_tmp/dehb_20251208-050209_f93f",
    "async_strategy": "immediate"
  },
  "HB_params": {
    "min_fidelity": 1,
    "max_fidelity": 10,
    "min_clip": null,
    "max_clip": null,
    "eta": 3
  },
  "internals": {
    "initial_configs": [
      {
        "config_id": 0,
        "config": [
          0.5,
          0.0,
          0.6666666666666666,
          0.5794405792985944,
          0.0,
          0.3333333333333333,
          0.0,
          0.0,
          0.3333333333333333,
          0.6666666666666666,
          0.0,
          0.5,
          0.5,
          0.5,
          0.5,
          0.0,
          0.3333333333333333,
          0.0,
          0.4657534246575342
        ],
        "results": {
          "1.1111111111111112": {
            "score": Infinity,
            "cost": -1,
            "info": {}
          }
        }
      },
      {
        "config_id": 1,
        "config": [
          0.5,
          0.5,
          0.0,
          0.4191395712054522,
          0.0,
          0.0,
          0.0,
          0.0,
          0.3333333333333333,
          0.6666666666666666,
          0.0,
          0.5,
          0.5,
          0.0,
          0.5,
          0.6666666666666666,
          0.6666666666666666,
          0.6666666666666666,
          0.3287671232876712
        ],
        "results": {
          "1.1111111111111112": {
            "score": Infinity,
            "cost": -1,
            "info": {}
          }
        }
      },
      {
        "config_id": 2,
        "config": [
          0.5,
          0.0,
          0.3333333333333333,
          0.4138861280704245,
          0.0,
          0.6666666666666666,
          0.5,
          0.0,
          0.0,
          0.6666666666666666,
          0.6666666666666666,
          0.0,
          0.5,
          0.0,
          0.5,
          0.3333333333333333,
          0.6666666666666666,
          0.3333333333333333,
          0.0410958904109589
        ],
        "results": {
          "1.1111111111111112": {
            "score": Infinity,
            "cost": -1,
            "info": {}
          }
        }
      },
      {
        "config_id": 3,
        "config": [
          0.5,
          0.0,
          0.3333333333333333,
          0.5070282550049695,
          0.0,
          0.0,
          0.5,
          0.3333333333333333,
          0.3333333333333333,
          0.3333333333333333,
          0.6666666666666666,
          0.0,
          0.5,
          0.25,
          0.5,
          0.6666666666666666,
          0.6666666666666666,
          0.0,
          0.8904109589041096
        ],
        "results": {
          "1.1111111111111112": {
            "score": Infinity,
            "cost": -1,
            "info": {}
          }
        }
      },
      {
        "config_id": 4,
        "config": [
          0.5,
          0.5,
          0.0,
          0.23214539258838562,
          0.5,
          0.6666666666666666,
          0.5,
          0.3333333333333333,
          0.6666666666666666,
          0.0,
          0.3333333333333333,
          0.0,
          0.5,
          0.25,
          0.0,
          0.3333333333333333,
          0.0,
          0.3333333333333333,
          0.7671232876712328
        ],
        "results": {
          "1.1111111111111112": {
            "score": Infinity,
            "cost": -1,
            "info": {}
          }
        }
      },
      {
        "config_id": 5,
        "config": [
          0.0,
          0.5,
          0.0,
          0.014908419707511004,
          0.0,
          0.0,
          0.5,
          0.0,
          0.6666666666666666,
          0.0,
          0.0,
          0.0,
          0.0,
          0.0,
          0.5,
          0.6666666666666666,
          0.3333333333333333,
          0.3333333333333333,
          0.7534246575342466
        ],
        "results": {
          "1.1111111111111112": {
            "score": Infinity,
            "cost": -1,
            "info": {}
          }
        }
      },
      {
        "config_id": 6,
        "config": [
          0.5,
          0.0,
          0.3333333333333333,
          0.2653698707936959,
          0.5,
          0.0,
          0.0,
          0.0,
          0.6666666666666666,
          0.3333333333333333,
          0.6666666666666666,
          0.5,
          0.0,
          0.75,
          0.0,
          0.6666666666666666,
          0.3333333333333333,
          0.6666666666666666,
          0.2602739726027397
        ],
        "results": {
          "1.1111111111111112": {
            "score": Infinity,
            "cost": -1,
            "info": {}
          }
        }
      },
      {
        "config_id": 7,
        "config": [
          0.0,
          0.0,
          0.3333333333333333,
          0.6809598182592645,
          0.5,
          0.0,
          0.0,
          0.6666666666666666,
          0.3333333333333333,
          0.0,
          0.3333333333333333,
          0.5,
          0.0,
          0.75,
          0.5,
          0.3333333333333333,
          0.3333333333333333,
          0.0,
          0.4657534246575342
        ],
        "results": {
          "1.1111111111111112": {
            "score": Infinity,
            "cost": -1,
            "info": {}
          }
        }
      },
      {
        "config_id": 8,
        "config": [
          0.0,
          0.5,
          0.3333333333333333,
          0.13644753656112452,
          0.5,
          0.6666666666666666,
          0.5,
          0.0,
          0.0,
          0.3333333333333333,
          0.6666666666666666,
          0.0,
          0.0,
          0.0,
          0.0,
          0.0,
          0.0,
          0.0,
          0.8082191780821918
        ],
        "results": {
          "1.1111111111111112": {
            "score": Infinity,
            "cost": -1,
            "info": {}
          }
        }
      },
      {
        "config_id": 9,
        "config": [
          0.0,
          0.5,
          0.0,
          0.782195087320744,
          0.0,
          0.0,
          0.0,
          0.0,
          0.3333333333333333,
          0.6666666666666666,
          0.3333333333333333,
          0.5,
          0.5,
          0.0,
          0.5,
          0.3333333333333333,
          0.6666666666666666,
          0.6666666666666666,
          0.863013698630137
        ],
        "results": {
          "3.333333333333333": {
            "score": Infinity,
            "cost": -1,
            "info": {}
          }
        }
      },
      {
        "config_id": 10,
        "config": [
          0.5,
          0.5,
          0.3333333333333333,
          0.4323441715178191,
          0.5,
          0.3333333333333333,
          0.5,
          0.3333333333333333,
          0.0,
          0.0,
          0.0,
          0.5,
          0.5,
          0.0,
          0.0,
          0.6666666666666666,
          0.0,
          0.0,
          0.3835616438356164
        ],
        "results": {
          "3.333333333333333": {
            "score": Infinity,
            "cost": -1,
            "info": {}
          }
        }
      },
      {
        "config_id": 11,
        "config": [
          0.5,
          0.0,
          0.0,
          0.1367315064603152,
          0.0,
          0.6666666666666666,
          0.0,
          0.0,
          0.3333333333333333,
          0.3333333333333333,
          0.6666666666666666,
          0.0,
          0.5,
          0.0,
          0.5,
          0.6666666666666666,
          0.6666666666666666,
          0.0,
          0.6027397260273972
        ],
        "results": {
          "3.333333333333333": {
            "score": Infinity,
            "cost": -1,