{
  "incumbent_ids": [
    8
  ],
  "rejected_config_ids": [
    2,
    1,
    4,
    5,
    3,
    7,
    6,
    9,
    10,
    11,
    12,
    13,
    14,
    15,
    16,
    17,
    18,
    19,
    20,
    21,
    22,
    23,
    24
  ],
  "incumbents_changed": 4,
  "trajectory": [
    {
      "config_ids": [
        1
      ],
      "costs": [
        0.2686194034300079
      ],
      "trial": 1,
      "walltime": 0.012542486190795898
    },
    {
      "config_ids": [
        3
      ],
      "costs": [
        0.2594589319645466
      ],
      "trial": 3,
      "walltime": 3.7355825901031494
    },
    {
      "config_ids": [
        6
      ],
      "costs": [
        0.25306745031765554
      ],
      "trial": 6,
      "walltime": 3.7976415157318115
    },
    {
      "config_ids": [
        8
      ],
      "costs": [
        0.16878640018665925
      ],
      "trial": 8,
      "walltime": 3.842315912246704
    }
  ],
  "state": {
    "queue": [
      [
        24,
        1
      ]
    ]
  }
}