{
  "incumbent_ids": [
    4
  ],
  "rejected_config_ids": [
    1,
    3,
    2,
    5,
    6,
    7,
    8,
    9,
    10
  ],
  "incumbents_changed": 3,
  "trajectory": [
    {
      "config_ids": [
        1
      ],
      "costs": [
        0.5381107408304062
      ],
      "trial": 1,
      "walltime": 3.5182313919067383
    },
    {
      "config_ids": [
        2
      ],
      "costs": [
        0.4001359993091286
      ],
      "trial": 2,
      "walltime": 7.068249940872192
    },
    {
      "config_ids": [
        4
      ],
      "costs": [
        0.28494675049771323
      ],
      "trial": 4,
      "walltime": 13.807364225387573
    }
  ],
  "state": {
    "queue": []
  }
}