{
  "stats": {
    "submitted": 6,
    "finished": 6,
    "running": 0
  },
  "data": [
    [
      1,
      null,
      1791095845,
      null,
      0.601523065173068,
      0.002439737319946289,
      1,
      1763450337.8832662,
      1763450337.8913236,
      {}
    ],
    [
      2,
      null,
      1791095845,
      null,
      0.5365837319955066,
      0.002103567123413086,
      1,
      1763450347.7016468,
      1763450347.7088528,
      {}
    ],
    [
      3,
      null,
      1791095845,
      null,
      0.5739827687960417,
      0.0012128353118896484,
      1,
      1763450347.723326,
      1763450347.7293875,
      {}
    ],
    [
      4,
      null,
      1791095845,
      null,
      0.4901936874635101,
      0.001226663589477539,
      1,
      1763450347.7452536,
      1763450347.7511876,
      {}
    ],
    [
      5,
      null,
      1791095845,
      null,
      0.4901936874635101,
      0.0006594657897949219,
      1,
      1763450347.7679045,
      1763450347.773245,
      {}
    ],
    [
      6,
      null,
      1791095845,
      null,
      0.606546864063417,
      0.001832723617553711,
      1,
      1763450347.791469,
      1763450347.7982392,
      {}
    ]
  ],
  "configs": {
    "1": {
      "1STFLRSF": 2075.750086519867,
      "2NDFLRSF": 1915.149714150466,
      "3SSNPORCH": 447.7866149432957,
      "BEDROOMABVGR": 7.820278108119965,
      "BSMTFINSF1": 793.2810973674059,
      "BSMTFINSF2": 1082.3097297567874,
      "BSMTFULLBATH": 2.0693332543596625,
      "BSMTHALFBATH": 0.9294397737830877,
      "BSMTUNFSF": 328.20826265215874,
      "ENCLOSEDPORCH": 33.27935175597668,
      "FIREPLACES": 0.9394886149093509,
      "FULLBATH": 1.2298045735806227,
      "GARAGEAREA": 1350.3706495966762,
      "GARAGECARS": 2.946879666298628,
      "GARAGEYRBLT": 1926.7081000003964,
      "GRLIVAREA": 668.2632996700704,
      "HALFBATH": 1.6201796289533377,
      "ID": 1353.6352461464703,
      "KITCHENABVGR": 0.7234969306737185,
      "LOTAREA": 176931.3693204848,
      "LOTFRONTAGE": 35.059205029159784,
      "LOWQUALFINSF": 185.16618097946048,
      "MASVNRAREA": 1502.979789674282,
      "MISCVAL": 13236.77180800587,
      "MOSOLD": 10.031934973783791,
      "MSSUBCLASS": 78.82440188899636,
      "OPENPORCHSF": 460.2971663204953,
      "POOLAREA": 238.72374892048538,
      "SCREENPORCH": 70.25254368782043,
      "TOTALBSMTSF": 4031.3837275095284,
      "TOTRMSABVGRD": 8.39264901354909,
      "WOODDECKSF": 517.5924469428137,
      "YEARREMODADD": 1956.489091347903,
      "YRSOLD": 2009.7818988896906,
      "alley": "Unknown",
      "bldgtype": "Twnhs",
      "bsmtcond": "Unknown",
      "bsmtexposure": "Unknown",
      "bsmtfintype1": "GLQ",
      "bsmtfintype2": "BLQ",
      "bsmtqual": "TA",
      "centralair": "N",
      "condition1": "RRNe",
      "condition2": "RRNn",
      "electrical": "Unknown",
      "extercond": "Po",
      "exterior1st": "AsphShn",
      "exterior2nd": "Wd Shng",
      "exterqual": "Gd",
      "fence": "GdPrv",
      "fireplacequ": "TA",
      "foundation": "Stone",
      "functional": "Min2",
      "garagecond": "Fa",
      "garagefinish": "Unf",
      "garagequal": "TA",
      "garagetype": "BuiltIn",
      "heating": "OthW",
      "heatingqc": "Ex",
      "housestyle": "1Story",
      "kitchenqual": "TA",
      "landcontour": "Low",
      "landslope": "Gtl",
      "lotconfig": "Corner",
      "lotshape": "Reg",
      "masvnrtype": "BrkFace",
      "miscfeature": "TenC",
      "mszoning": "RM",
      "neighborhood": "Blmngtn",
      "paveddrive": "N",
      "poolqc": "Unknown",
      "roofmatl": "Roll",
      "roofstyle": "Gambrel",
      "salecondition": "Abnorml",
      "saletype": "Con",
      "street": "Pave",
      "utilities": "AllPub"
    },
    "2": {
      "1STFLRSF": 2075.750086519867,
      "2NDFLRSF": 1915.149714150466,
      "3SSNPORCH": 447.7866149432957,
      "BEDROOMABVGR": 7.820278108119965,
      "BSMTFINSF1": 793.2810973674059,
      "BSMTFINSF2": 1082.3097297567874,
      "BSMTFULLBATH": 2.0693332543596625,
      "BSMTHALFBATH": 0.9294397737830877,
      "BSMTUNFSF": 328.20826265215874,
      "ENCLOSEDPORCH": 33.27935175597668,
      "FIREPLACES": 0.9394886149093509,
      "FULLBATH": 1.2298045735806227,
      "GARAGEAREA": 1350.3706495966762,
      "GARAGECARS": 2.946879666298628,
      "GARAGEYRBLT": 1926.7081000003964,
      "GRLIVAREA": 668.2632996700704,
      "HALFBATH": 1.6201796289533377,
      "ID": 1202.966455950302,
      "KITCHENABVGR": 0.7234969306737185,
      "LOTAREA": 170710.11723511733,
      "LOTFRONTAGE": 35.059205029159784,
      "LOWQUALFINSF": 185.16618097946048,
      "MASVNRAREA": 1502.979789674282,
      "MISCVAL": 13236.77180800587,
      "MOSOLD": 10.031934973783791,
      "MSSUBCLASS": 78.82440188899636,
      "OPENPORCHSF": 460.2971663204953,
      "POOLAREA": 238.72374892048538,
      "SCREENPORCH": 70.25254368782043,
      "TOTALBSMTSF": 3826.716504571097,
      "TOTRMSABVGRD": 8.39264901354909,
      "WOODDECKSF": 517.5924469428137,
      "YEARREMODADD": 1956.489091347903,
      "YRSOLD": 2009.7818988896906,
      "alley": "Unknown",
      "bldgtype": "Twnhs",
      "bsmtcond": "Unknown",
      "bsmtexposure": "Unknown",
      "bsmtfintype1": "ALQ",
      "bsmtfintype2": "BLQ",
      "bsmtqual": "TA",
      "centralair": "N",
      "condition1": "PosN",
      "condition2": "RRNn",
      "electrical": "Unknown",
      "extercond": "Po",
      "exterior1st": "AsphShn",
      "exterior2nd": "Wd Shng",
      "exterqual": "Gd",
      "fence": "GdPrv",
      "fireplacequ": "TA",
      "foundation": "Stone",
      "functional": "Min2",
      "garagecond": "Po",
      "garagefinish": "RFn",
      "garagequal": "TA",
      "garagetype": "BuiltIn",
      "heating": "OthW",
      "heatingqc": "Ex",
      "housestyle": "1Story",
      "kitchenqual": "TA",
      "landcontour": "Low",
      "landslope": "Gtl",
      "lotconfig": "Corner",
      "lotshape": "IR1",
      "masvnrtype": "BrkFace",
      "miscfeature": "TenC",
      "mszoning": "C (all)",
      "neighborhood": "Blmngtn",
      "paveddrive": "N",
      "poolqc": "Unknown",
      "roofmatl": "WdShngl",
      "roofstyle": "Gambrel",
      "salecondition": "Abnorml",
      "saletype": "Con",
      "street": "Pave",
      "utilities": "AllPub"
    },
    "3": {
      "1STFLRSF": 4689.277861765259,
      "2NDFLRSF": 2021.3558353141525,
      "3SSNPORCH": 271.72914295965194,
      "BEDROOMABVGR": 6.211352968497414,
      "BSMTFINSF1": 649.2577470422988,
      "BSMTFINSF2": 214.56375502185486,
      "BSMTFULLBATH": 0.034863057201446224,
      "BSMTHALFBATH": 0.7377994436094288,
      "BSMTUNFSF": 166.08848666095005,
      "ENCLOSEDPORCH": 284.40131207608454,
      "FIREPLACES": 0.7585999735792608,
      "FULLBATH": 0.40086412880573186,
      "GARAGEAREA": 58.275727474446185,
      "GARAGECARS": 2.376744672256608,
      "GARAGEYRBLT": 1912.661859975789,
      "GRLIVAREA": 5181.052985237215,
      "HALFBATH": 0.8903301104875696,
      "ID": 161.8942694691817,
      "KITCHENABVGR": 2.0413577330025534,
      "LOTAREA": 125056.12072926901,
      "LOTFRONTAGE": 302.457365570942,
      "LOWQUALFINSF": 227.5911945246139,
      "MASVNRAREA": 893.5566991774458,
      "MISCVAL": 13028.239837279627,
      "MOSOLD": 8.092248440168003,
      "MSSUBCLASS": 155.9272944537373,
      "OPENPORCHSF": 520.6935880341941,
      "POOLAREA": 274.4943350354798,
      "SCREENPORCH": 34.6034415346794,
      "TOTALBSMTSF": 3732.946305160909,
      "TOTRMSABVGRD": 10.940771748931942,
      "WOODDECKSF": 398.9925224780067,
      "YEARREMODADD": 2009.0245586590222,
      "YRSOLD": 2009.5745779863714,
      "alley": "Grvl",
      "bldgtype": "Duplex",
      "bsmtcond": "Fa",
      "bsmtexposure": "Av",
      "bsmtfintype1": "LwQ",
      "bsmtfintype2": "Unknown",
      "bsmtqual": "Unknown",
      "centralair": "Y",
      "condition1": "RRNe",
      "condition2": "RRAn",
      "electrical": "Mix",
      "extercond": "TA",