{
  "incumbent_ids": [
    14
  ],
  "rejected_config_ids": [
    1,
    3,
    4,
    5,
    6,
    7,
    8,
    9,
    10,
    11,
    2,
    13,
    12,
    15,
    16,
    17,
    18
  ],
  "incumbents_changed": 4,
  "trajectory": [
    {
      "config_ids": [
        1
      ],
      "costs": [
        0.7931213437782371
      ],
      "trial": 1,
      "walltime": 0.0070612430572509766
    },
    {
      "config_ids": [
        2
      ],
      "costs": [
        0.7861074425633463
      ],
      "trial": 2,
      "walltime": 1.4215989112854004
    },
    {
      "config_ids": [
        12
      ],
      "costs": [
        0.7850247341725411
      ],
      "trial": 12,
      "walltime": 2.9295005798339844
    },
    {
      "config_ids": [
        14
      ],
      "costs": [
        0.7844124906177457
      ],
      "trial": 14,
      "walltime": 2.942817211151123
    }
  ],
  "state": {
    "queue": [
      [
        18,
        1
      ]
    ]
  }
}