{
  "incumbent_ids": [
    10
  ],
  "rejected_config_ids": [
    2,
    3,
    4,
    1,
    6,
    5,
    8,
    9,
    7,
    11,
    12,
    13,
    14,
    15,
    16,
    17,
    18,
    19,
    20,
    21,
    22
  ],
  "incumbents_changed": 4,
  "trajectory": [
    {
      "config_ids": [
        1
      ],
      "costs": [
        0.661173911201327
      ],
      "trial": 1,
      "walltime": 0.2377309799194336
    },
    {
      "config_ids": [
        5
      ],
      "costs": [
        0.6520365734092854
      ],
      "trial": 5,
      "walltime": 1.087731122970581
    },
    {
      "config_ids": [
        7
      ],
      "costs": [
        0.45474848674620594
      ],
      "trial": 7,
      "walltime": 1.1848595142364502
    },
    {
      "config_ids": [
        10
      ],
      "costs": [
        0.45112191811043734
      ],
      "trial": 10,
      "walltime": 1.9582486152648926
    }
  ],
  "state": {
    "queue": [
      [
        22,
        1
      ]
    ]
  }
}