{
  "incumbent_ids": [
    4
  ],
  "rejected_config_ids": [
    2,
    1,
    3,
    5
  ],
  "incumbents_changed": 3,
  "trajectory": [
    {
      "config_ids": [
        1
      ],
      "costs": [
        0.5613674315058332
      ],
      "trial": 1,
      "walltime": 1.7080259323120117
    },
    {
      "config_ids": [
        3
      ],
      "costs": [
        0.5401761383019218
      ],
      "trial": 3,
      "walltime": 83.60760402679443
    },
    {
      "config_ids": [
        4
      ],
      "costs": [
        0.2621908045622089
      ],
      "trial": 4,
      "walltime": 85.21263933181763
    }
  ],
  "state": {
    "queue": [
      [
        5,
        1
      ]
    ]
  }
}