{
  "DE_params": {
    "mutation_factor": 0.5,
    "crossover_prob": 0.5,
    "strategy": "rand1_bin",
    "configspace": true,
    "boundary_fix_type": "random",
    "max_age": Infinity,
    "dimensions": 24,
    "output_path": "../results/tmp/DEHB_tmp/dehb_20251208-050309_1ca6",
    "async_strategy": "immediate"
  },
  "HB_params": {
    "min_fidelity": 1,
    "max_fidelity": 10,
    "min_clip": null,
    "max_clip": null,
    "eta": 3
  },
  "internals": {
    "initial_configs": [
      {
        "config_id": 0,
        "config": [
          0.23857358111501759,
          0.6340454858718125,
          0.5280665280665281,
          0.756514657980456,
          0.14735866543095458,
          0.8276422764227642,
          0.7105316558441559,
          0.009705372616984401,
          0.5644756648268942,
          0.6089203154745717,
          0.3095156303675713,
          0.9560439560439561,
          0.25997813012575177,
          0.4602351313969571,
          0.9862068965517241,
          0.26819296811120197,
          0.7046137046137047,
          0.0,
          0.863992623328723,
          0.8211788211788211,
          0.9632432432432433,
          0.6173826173826173,
          0.0,
          0.05968077723802915
        ],
        "results": {
          "1.1111111111111112": {
            "score": Infinity,
            "cost": -1,
            "info": {}
          }
        }
      },
      {
        "config_id": 1,
        "config": [
          0.4957307885484681,
          0.6509303928325293,
          0.6379071379071379,
          0.8165038002171553,
          0.811631139944393,
          0.8124661246612466,
          0.5251623376623377,
          0.47452339688041595,
          0.12794781736076266,
          0.30677182485722054,
          0.157334249398832,
          0.12287712287712288,
          0.028704209950792783,
          0.40283540802213,
          0.4106896551724138,
          0.004905968928863451,
          0.726999726999727,
          0.0,
          0.41632088520055327,
          0.6363636363636364,
          0.2118918918918919,
          0.015984015984015984,
          0.0,
          0.5027758501040944
        ],
        "results": {
          "1.1111111111111112": {
            "score": Infinity,
            "cost": -1,
            "info": {}
          }
        }
      },
      {
        "config_id": 2,
        "config": [
          0.963837267704671,
          0.012060647829083391,
          0.32605682605682607,
          0.05564603691639522,
          0.4448563484708063,
          0.33062330623306235,
          0.5328733766233766,
          0.8693240901213172,
          0.9372804816859006,
          0.6214305140059831,
          0.4486430779800756,
          0.38461538461538464,
          0.8542919628212138,
          0.3433609958506224,
          0.9486206896551724,
          0.7168165712728264,
          0.5271635271635272,
          0.0,
          0.5744582757030889,
          0.22977022977022976,
          0.5283783783783784,
          0.993006993006993,
          0.0,
          0.7172102706453851
        ],
        "results": {
          "1.1111111111111112": {
            "score": Infinity,
            "cost": -1,
            "info": {}
          }
        }
      },
      {
        "config_id": 3,
        "config": [
          0.7122049221496736,
          0.5344589937973812,
          0.7761607761607762,
          0.26112920738327905,
          0.20342910101946246,
          0.8306233062330624,
          0.04586038961038961,
          0.6759098786828422,
          0.902157551430005,
          0.3804732118574925,
          0.3957402954311233,
          0.13386613386613386,
          0.09732094040459267,
          0.3869294605809129,
          0.6741379310344827,
          0.044153720359771054,
          0.46601146601146604,
          0.0,
          0.6493775933609959,
          0.33166833166833165,
          0.3945945945945946,
          0.3776223776223776,
          0.0,
          0.4208882720333102
        ],
        "results": {
          "1.1111111111111112": {
            "score": Infinity,
            "cost": -1,
            "info": {}
          }
        }
      },
      {
        "config_id": 4,
        "config": [
          0.0622802611752888,
          0.9207443142660234,
          0.042966042966042964,
          0.249728555917481,
          0.06487488415199258,
          0.14146341463414633,
          0.984577922077922,
          0.8391681109185442,
          0.019568489713998997,
          0.42072341582812073,
          0.3692889041566472,
          0.05094905094905095,
          0.7192454893384364,
          0.3437067773167358,
          0.9286206896551724,
          0.5968928863450531,
          0.6505596505596506,
          0.0,
          0.6724296911018903,
          0.9000999000999002,
          0.4867567567567568,
          0.7062937062937062,
          0.0,
          0.731089521165857
        ],
        "results": {
          "1.1111111111111112": {
            "score": Infinity,
            "cost": -1,
            "info": {}
          }
        }
      },
      {
        "config_id": 5,
        "config": [
          0.3962832747363134,
          0.03135768435561682,
          0.07345807345807345,
          0.5795331161780674,
          0.8911028730305839,
          0.7574525745257452,
          0.911627435064935,
          0.8076256499133448,
          0.29202207727044655,
          0.6883328800652706,
          0.1655788388869804,
          0.0969030969030969,
          0.7845817386550027,
          0.7531120331950207,
          0.23482758620689656,
          0.8898882529299537,
          0.6688506688506689,
          0.0,
          0.467035500230521,
          0.9590409590409591,
          0.9497297297297297,
          0.23376623376623376,
          0.0,
          0.2900763358778626
        ],
        "results": {
          "1.1111111111111112": {
            "score": Infinity,
            "cost": -1,
            "info": {}
          }
        }
      },
      {
        "config_id": 6,
        "config": [
          0.4344550477147162,
          0.024810475534114404,
          0.7446292446292446,
          0.2271986970684039,
          0.816728452270621,
          0.014363143631436315,
          0.37357954545454547,
          0.9538994800693241,
          0.9147014550928249,
          0.36959477835191734,
          0.6935760906904843,
          0.04295704295704296,
          0.35237834882449426,
          0.7631396957123098,
          0.6451724137931034,
          0.5996184246388662,
          0.5981435981435982,
          0.0,
          0.7775472568003688,
          0.5254745254745254,
          0.04,
          0.7002997002997003,
          0.0,
          0.21616932685634976
        ],
        "results": {
          "1.1111111111111112": {
            "score": Infinity,
            "cost": -1,
            "info": {}
          }
        }
      },
      {
        "config_id": 7,
        "config": [
          0.3661476644902059,
          0.4669193659545141,
          0.7394317394317395,
          0.8515200868621065,
          0.43002780352177944,
          0.891869918699187,
          0.22514204545454544,
          0.7358752166377817,
          0.18414450577019567,
          0.21974435681261897,
          0.32428718653383715,
          0.6463536463536463,
          0.02214324767632586,
          0.17254495159059474,
          0.7931034482758621,
          0.7072771872444807,
          0.8050778050778051,
          0.0,
          0.9905486399262333,
          0.5684315684315684,
          0.7424324324324324,
          0.8141858141858141,
          0.0,
          0.4250520471894518
        ],
        "results": {
          "1.1111111111111112": {
            "score": Infinity,
            "cost": -1,
            "info": {}
          }
        }
      },
      {
        "config_id": 8,