{"config": {"Criticality": 0.4979108526695838, "Criticality Modifier": 0.7450115729181044, "Culture": 0.2043216800599588, "Dynamism": 0.159877768207442, "Initial Known": 0.5625170194089835, "Inter-Dependency": 0.5684483170872301, "Plan": 0.9466770104594052, "Size": 0.1210759216147262, "Team Size": 0.0652822767082086}, "score": 0.06848603937614506, "info": {}}