{
  "stats": {
    "submitted": 20,
    "finished": 20,
    "running": 0
  },
  "data": [
    [
      1,
      null,
      218175338,
      null,
      0.0025628327349263014,
      0.6680734157562256,
      1,
      1763063858.7684152,
      1763063859.4506896,
      {}
    ],
    [
      2,
      null,
      218175338,
      null,
      0.008873603197134594,
      0.7716917991638184,
      1,
      1763063859.4574678,
      1763063860.2431998,
      {}
    ],
    [
      3,
      null,
      218175338,
      null,
      2.8792638298025253e-06,
      0.8907268047332764,
      1,
      1763063860.2475536,
      1763063861.1582289,
      {}
    ],
    [
      4,
      null,
      218175338,
      null,
      0.005280857790280202,
      0.7777869701385498,
      1,
      1763063861.1648762,
      1763063861.9607077,
      {}
    ],
    [
      5,
      null,
      218175338,
      null,
      0.03168917771104285,
      0.8685507774353027,
      1,
      1763063861.9635189,
      1763063862.8452976,
      {}
    ],
    [
      6,
      null,
      218175338,
      null,
      0.000491375165197816,
      0.6562585830688477,
      1,
      1763063862.848142,
      1763063863.520809,
      {}
    ],
    [
      7,
      null,
      218175338,
      null,
      0.003228806458764666,
      0.6657111644744873,
      1,
      1763063863.5236387,
      1763063864.201731,
      {}
    ],
    [
      8,
      null,
      218175338,
      null,
      0.001836020166363861,
      0.6783406734466553,
      1,
      1763063864.2051642,
      1763063864.897364,
      {}
    ],
    [
      9,
      null,
      218175338,
      null,
      0.0004631295870272112,
      0.689835786819458,
      1,
      1763063864.9009352,
      1763063865.6039472,
      {}
    ],
    [
      10,
      null,
      218175338,
      null,
      0.006076110460077611,
      0.6925253868103027,
      1,
      1763063865.607532,
      1763063866.3132026,
      {}
    ],
    [
      11,
      null,
      218175338,
      null,
      0.0005841450457947372,
      0.6825454235076904,
      1,
      1763063866.3170586,
      1763063867.0129616,
      {}
    ],
    [
      12,
      null,
      218175338,
      null,
      0.03082539856209565,
      0.667752742767334,
      1,
      1763063867.0172427,
      1763063867.6982558,
      {}
    ],
    [
      13,
      null,
      218175338,
      null,
      0.0053197278519827584,
      0.6876077651977539,
      1,
      1763063867.7017193,
      1763063868.4020402,
      {}
    ],
    [
      14,
      null,
      218175338,
      null,
      2.8792638298025253e-06,
      0.6383917331695557,
      1,
      1763063868.406947,
      1763063869.0593596,
      {}
    ],
    [
      15,
      null,
      218175338,
      null,
      0.013099786646550204,
      0.623868465423584,
      1,
      1763063869.063202,
      1763063869.70093,
      {}
    ],
    [
      16,
      null,
      218175338,
      null,
      0.0017999141979379019,
      0.6308310031890869,
      1,
      1763063869.7047143,
      1763063870.3499932,
      {}
    ],
    [
      17,
      null,
      218175338,
      null,
      0.7923474925930938,
      0.6488926410675049,
      1,
      1763063870.3552263,
      1763063871.0166981,
      {}
    ],
    [
      18,
      null,
      218175338,
      null,
      0.013097771161869387,
      0.6394617557525635,
      1,
      1763063871.0207243,
      1763063871.6726444,
      {}
    ],
    [
      19,
      null,
      218175338,
      null,
      0.00022858187618590708,
      0.6994004249572754,
      1,
      1763063871.6764586,
      1763063872.3897188,
      {}
    ],
    [
      20,
      null,
      218175338,
      null,
      0.0051789318507043935,
      0.680588960647583,
      1,
      1763063872.3939848,
      1763063873.0872557,
      {}
    ]
  ],
  "configs": {
    "1": {
      "row_id": "2855"
    },
    "2": {
      "row_id": "1673"
    },
    "3": {
      "row_id": "397"
    },
    "4": {
      "row_id": "3049"
    },
    "5": {
      "row_id": "3505"
    },
    "6": {
      "row_id": "846"
    },
    "7": {
      "row_id": "1161"
    },
    "8": {
      "row_id": "2351"
    },
    "9": {
      "row_id": "2159"
    },
    "10": {
      "row_id": "1413"
    },
    "11": {
      "row_id": "647"
    },
    "12": {
      "row_id": "3763"
    },
    "13": {
      "row_id": "3240"
    },
    "14": {
      "row_id": "146"
    },
    "15": {
      "row_id": "1872"
    },
    "16": {
      "row_id": "2596"
    },
    "17": {
      "row_id": "2456"
    },
    "18": {
      "row_id": "1710"
    },
    "19": {
      "row_id": "106"
    },
    "20": {
      "row_id": "3222"
    }
  },
  "config_origins": {
    "1": "Initial Design: Sobol",
    "2": "Initial Design: Sobol",
    "3": "Initial Design: Sobol",
    "4": "Initial Design: Sobol",
    "5": "Initial Design: Sobol",
    "6": "Initial Design: Sobol",
    "7": "Initial Design: Sobol",
    "8": "Initial Design: Sobol",
    "9": "Initial Design: Sobol",
    "10": "Initial Design: Sobol",
    "11": "Initial Design: Sobol",
    "12": "Initial Design: Sobol",
    "13": "Initial Design: Sobol",
    "14": "Initial Design: Sobol",
    "15": "Initial Design: Sobol",
    "16": "Initial Design: Sobol",
    "17": "Initial Design: Sobol",
    "18": "Initial Design: Sobol",
    "19": "Initial Design: Sobol",
    "20": "Initial Design: Sobol"
  }
}