{
  "incumbent_ids": [
    6
  ],
  "rejected_config_ids": [
    1,
    3,
    4,
    5,
    2
  ],
  "incumbents_changed": 3,
  "trajectory": [
    {
      "config_ids": [
        1
      ],
      "costs": [
        0.7516921752684851
      ],
      "trial": 1,
      "walltime": 0.35307812690734863
    },
    {
      "config_ids": [
        2
      ],
      "costs": [
        0.7056494597507607
      ],
      "trial": 2,
      "walltime": 659.7226502895355
    },
    {
      "config_ids": [
        6
      ],
      "costs": [
        0.6589620742327379
      ],
      "trial": 6,
      "walltime": 660.2519974708557
    }
  ],
  "state": {
    "queue": [
      [
        6,
        1
      ]
    ]
  }
}