{
  "DE_params": {
    "mutation_factor": 0.5,
    "crossover_prob": 0.5,
    "strategy": "rand1_bin",
    "configspace": true,
    "boundary_fix_type": "random",
    "max_age": Infinity,
    "dimensions": 64,
    "output_path": "../results/tmp/DEHB_tmp/dehb_20251208-045800_0ea8",
    "async_strategy": "immediate"
  },
  "HB_params": {
    "min_fidelity": 1,
    "max_fidelity": 10,
    "min_clip": null,
    "max_clip": null,
    "eta": 3
  },
  "internals": {
    "initial_configs": [
      {
        "config_id": 0,
        "config": [
          0.48148148148148145,
          0.08450704225352113,
          0.7142857142857143,
          0.0625,
          0.5833333333333334,
          0.5555555555555556,
          0.4074074074074074,
          0.7857142857142857,
          0.5,
          0.0,
          0.0,
          0.0,
          0.0,
          0.5,
          0.5,
          0.0,
          0.5,
          0.5,
          0.0,
          0.0,
          0.0,
          0.0,
          0.0,
          0.5,
          0.5,
          0.0,
          0.5,
          0.5,
          0.0,
          0.5,
          0.5,
          0.0,
          0.5,
          0.5,
          0.5,
          0.5,
          0.0,
          0.0,
          0.5,
          0.0,
          0.5,
          0.5,
          0.0,
          0.0,
          0.5,
          0.0,
          0.0,
          0.0,
          0.0,
          0.0,
          0.5,
          0.0,
          0.5,
          0.0,
          0.0,
          0.5,
          0.5,
          0.0,
          0.5,
          0.5,
          0.5,
          0.5,
          0.0,
          0.0
        ],
        "results": {
          "1.1111111111111112": {
            "score": Infinity,
            "cost": -1,
            "info": {}
          }
        }
      },
      {
        "config_id": 1,
        "config": [
          0.037037037037037035,
          0.08450704225352113,
          0.14285714285714285,
          0.5,
          0.5,
          0.2777777777777778,
          0.7777777777777778,
          0.8571428571428571,
          0.0,
          0.5,
          0.0,
          0.5,
          0.5,
          0.5,
          0.0,
          0.0,
          0.5,
          0.5,
          0.0,
          0.0,
          0.0,
          0.5,
          0.0,
          0.5,
          0.5,
          0.0,
          0.0,
          0.5,
          0.5,
          0.0,
          0.0,
          0.0,
          0.0,
          0.0,
          0.0,
          0.5,
          0.0,
          0.5,
          0.0,
          0.5,
          0.0,
          0.5,
          0.0,
          0.0,
          0.0,
          0.5,
          0.0,
          0.0,
          0.5,
          0.5,
          0.0,
          0.5,
          0.5,
          0.5,
          0.5,
          0.5,
          0.0,
          0.5,
          0.0,
          0.5,
          0.5,
          0.0,
          0.0,
          0.0
        ],
        "results": {
          "1.1111111111111112": {
            "score": Infinity,
            "cost": -1,
            "info": {}
          }
        }
      },
      {
        "config_id": 2,
        "config": [
          0.25,
          0.39436619718309857,
          0.2857142857142857,
          0.375,
          0.375,
          0.8888888888888888,
          0.37037037037037035,
          0.07142857142857142,
          0.0,
          0.0,
          0.0,
          0.0,
          0.0,
          0.0,
          0.5,
          0.0,
          0.5,
          0.0,
          0.0,
          0.0,
          0.5,
          0.0,
          0.5,
          0.5,
          0.5,
          0.0,
          0.5,
          0.0,
          0.5,
          0.0,
          0.5,
          0.0,
          0.5,
          0.0,
          0.5,
          0.0,
          0.0,
          0.5,
          0.0,
          0.0,
          0.0,
          0.5,
          0.5,
          0.0,
          0.0,
          0.5,
          0.0,
          0.0,
          0.5,
          0.5,
          0.0,
          0.0,
          0.0,
          0.0,
          0.5,
          0.0,
          0.0,
          0.5,
          0.0,
          0.0,
          0.0,
          0.0,
          0.5,
          0.0
        ],
        "results": {
          "1.1111111111111112": {
            "score": Infinity,
            "cost": -1,
            "info": {}
          }
        }
      },
      {
        "config_id": 3,
        "config": [
          0.018518518518518517,
          0.4225352112676056,
          0.0,
          0.25,
          0.9166666666666666,
          0.8888888888888888,
          0.0,
          0.2857142857142857,
          0.0,
          0.5,
          0.0,
          0.0,
          0.0,
          0.5,
          0.5,
          0.0,
          0.0,
          0.0,
          0.0,
          0.0,
          0.5,
          0.0,
          0.0,
          0.5,
          0.0,
          0.5,
          0.0,
          0.5,
          0.5,
          0.0,
          0.5,
          0.0,
          0.0,
          0.0,
          0.0,
          0.5,
          0.0,
          0.5,
          0.5,
          0.5,
          0.0,
          0.5,
          0.5,
          0.0,
          0.5,
          0.5,
          0.0,
          0.0,
          0.5,
          0.0,
          0.5,
          0.0,
          0.5,
          0.0,
          0.0,
          0.0,
          0.0,
          0.0,
          0.0,
          0.5,
          0.5,
          0.0,
          0.0,
          0.0
        ],
        "results": {
          "1.1111111111111112": {
            "score": Infinity,
            "cost": -1,
            "info": {}
          }
        }
      },
      {
        "config_id": 4,
        "config": [
          0.16666666666666666,
          0.22535211267605634,
          0.2857142857142857,
          0.0625,
          0.375,
          0.8888888888888888,
          0.9629629629629629,
          0.5714285714285714,
          0.5,
          0.0,
          0.0,
          0.0,
          0.5,
          0.5,
          0.5,
          0.0,
          0.5,
          0.0,
          0.0,
          0.5,
          0.5,
          0.0,
          0.0,
          0.5,
          0.0,
          0.0,
          0.5,
          0.5,
          0.5,
          0.5,
          0.0,
          0.0,
          0.5,
          0.5,
          0.0,
          0.5,
          0.0,
          0.0,
          0.0,
          0.0,
          0.5,
          0.5,
          0.0,
          0.5,
          0.0,
          0.5,
          0.0,
          0.0,
          0.5,
          0.0,
          0.0,
          0.0,
          0.5,
          0.0,
          0.0,
          0.5,
          0.0,
          0.0,
          0.0,
          0.5,
          0.0,
          0.0,
          0.5,
          0.5
        ],
        "results": {
          "1.1111111111111112": {
            "score": Infinity,
            "cost": -1,
            "info": {}
          }
        }
      },
      {
        "config_id": 5,