{
  "stats": {
    "submitted": 12,
    "finished": 12,
    "running": 0
  },
  "data": [
    [
      1,
      null,
      1192722770,
      null,
      0.28956438104293736,
      0.003755807876586914,
      1,
      1763447546.25152,
      1763447546.2573862,
      {}
    ],
    [
      2,
      null,
      1192722770,
      null,
      0.11491142970611623,
      0.0026214122772216797,
      1,
      1763447549.4865568,
      1763447549.4910123,
      {}
    ],
    [
      3,
      null,
      1192722770,
      null,
      0.24227120017226855,
      0.0023233890533447266,
      1,
      1763447549.5019593,
      1763447549.5062606,
      {}
    ],
    [
      4,
      null,
      1192722770,
      null,
      0.42547016208012645,
      0.002411365509033203,
      1,
      1763447549.516371,
      1763447549.5207016,
      {}
    ],
    [
      5,
      null,
      1192722770,
      null,
      0.34426635101535086,
      0.0020749568939208984,
      1,
      1763447549.5360432,
      1763447549.5398924,
      {}
    ],
    [
      6,
      null,
      1192722770,
      null,
      0.17314672780372753,
      0.003150463104248047,
      1,
      1763447549.5488527,
      1763447549.5537593,
      {}
    ],
    [
      7,
      null,
      1192722770,
      null,
      0.15922463678882082,
      0.0023660659790039062,
      1,
      1763447549.562117,
      1763447549.572513,
      {}
    ],
    [
      8,
      null,
      1192722770,
      null,
      0.28956438104293736,
      0.0015544891357421875,
      1,
      1763447549.581749,
      1763447549.5853112,
      {}
    ],
    [
      9,
      null,
      1192722770,
      null,
      0.2424203623485648,
      0.0016202926635742188,
      1,
      1763447549.5944545,
      1763447549.5977602,
      {}
    ],
    [
      10,
      null,
      1192722770,
      null,
      0.07640339737468105,
      0.0023636817932128906,
      1,
      1763447552.881709,
      1763447552.885886,
      {}
    ],
    [
      11,
      null,
      1192722770,
      null,
      0.19100834572010583,
      0.0008983612060546875,
      1,
      1763447552.8977365,
      1763447552.9012868,
      {}
    ],
    [
      12,
      null,
      1192722770,
      null,
      0.24697991505360972,
      0.0008928775787353516,
      1,
      1763447552.9141197,
      1763447552.9166367,
      {}
    ]
  ],
  "configs": {
    "1": {
      " ACAP": 4.125890174880624,
      " AEXP": 4.872339482281356,
      " CPLx": 3.4410105999559164,
      " DOCU": 2.622023321688175,
      " ETAT": 3.5079520267117767,
      " FLEx": 2.615376502275467,
      " KLOC": 380.6967717879517,
      " LTEx": 3.428686736151576,
      " PCAP": 3.443708101287484,
      " PCON": 1.1801394246760755,
      " PLEx": 1.9243390661170707,
      " PMAT": 2.0919407308101654,
      " PREC": 3.7231532633304596,
      " PVOL": 2.807923245243728,
      " RELY": 3.241552447900176,
      " RESL": 4.290479229606688,
      " RUSE": 4.507999980689027,
      " SCED": 3.0,
      " SITE": 3.1144072990864515,
      " STOR": 3.6601469721645117,
      " TEAM": 4.900941289961338,
      " TIME": 3.417953579686582,
      " TOOL": 2.0,
      "DATA": 3.8760521448589857
    },
    "2": {
      " ACAP": 4.112592960727831,
      " AEXP": 4.948550363471773,
      " CPLx": 4.662981008580191,
      " DOCU": 3.776498672882772,
      " ETAT": 5.730792880376335,
      " FLEx": 3.565865041773403,
      " KLOC": 90.65528057415399,
      " LTEx": 2.614143500993925,
      " PCAP": 4.761899842359567,
      " PCON": 4.489806336800614,
      " PLEx": 1.4744875180620691,
      " PMAT": 2.4692757674340298,
      " PREC": 4.447124959233529,
      " PVOL": 2.4601511321723697,
      " RELY": 3.185316853388958,
      " RESL": 2.41541228801679,
      " RUSE": 2.69883397848099,
      " SCED": 3.0,
      " SITE": 3.0246808623048116,
      " STOR": 3.643415368661146,
      " TEAM": 4.88032272884991,
      " TIME": 3.34462597755821,
      " TOOL": 2.0,
      "DATA": 4.571603688338687
    },
    "3": {
      " ACAP": 3.360677751487323,
      " AEXP": 4.731045209571256,
      " CPLx": 4.601237414761178,
      " DOCU": 4.407095612344973,
      " ETAT": 3.8097124061043397,
      " FLEx": 4.749533893862249,
      " KLOC": 232.538651833164,
      " LTEx": 1.7383504915166978,
      " PCAP": 3.8149701286421274,
      " PCON": 4.156570041405281,
      " PLEx": 3.4331563202479565,
      " PMAT": 2.104174104531813,
      " PREC": 2.5074101067017014,
      " PVOL": 2.9335388756940297,
      " RELY": 4.146260023982726,
      " RESL": 1.7372258934544456,
      " RUSE": 5.095555258462818,
      " SCED": 3.0,
      " SITE": 4.514895950263323,
      " STOR": 3.718875986498548,
      " TEAM": 3.6672431229215925,
      " TIME": 3.00235405282145,
      " TOOL": 2.0,
      "DATA": 2.037295295199192
    },
    "4": {
      " ACAP": 4.233659031548784,
      " AEXP": 1.239714387221176,
      " CPLx": 3.399189769078608,
      " DOCU": 2.1635618874058746,
      " ETAT": 2.0385728814143045,
      " FLEx": 4.47739037843255,
      " KLOC": 43.488863665909804,
      " LTEx": 2.0773771885638896,
      " PCAP": 4.690508300314048,
      " PCON": 1.8901411164147932,
      " PLEx": 3.267473209167591,
      " PMAT": 2.6331793225673685,
      " PREC": 3.134958436949354,
      " PVOL": 4.662287754659738,
      " RELY": 4.777136252401581,
      " RESL": 2.4346831191768334,
      " RUSE": 5.74777795051276,
      " SCED": 3.0,
      " SITE": 3.7900540808005787,
      " STOR": 3.0080907740231866,
      " TEAM": 1.339628783104069,
      " TIME": 3.743293435528754,
      " TOOL": 2.0,
      "DATA": 4.680206167215291
    },
    "5": {
      " ACAP": 4.2008258772707965,
      " AEXP": 3.8791330521895135,
      " CPLx": 5.37525302251292,
      " DOCU": 3.1426834145625673,
      " ETAT": 2.345360437685323,
      " FLEx": 1.2281651916538128,
      " KLOC": 317.59596679841286,
      " LTEx": 2.5536200962131788,
      " PCAP": 4.403101676888607,
      " PCON": 3.650647445421992,
      " PLEx": 2.0801350909807454,
      " PMAT": 2.6498970906164367,
      " PREC": 3.551299548354035,
      " PVOL": 2.091317392763059,
      " RELY": 3.573636461414451,
      " RESL": 4.051478434614276,
      " RUSE": 5.039519796406243,
      " SCED": 3.0,
      " SITE": 2.88045359248624,
      " STOR": 3.535949922208925,
      " TEAM": 1.626691014496422,
      " TIME": 3.1819967666675812,
      " TOOL": 2.0,
      "DATA": 2.2112146408817313
    },
    "6": {
      " ACAP": 4.896490643482125,
      " AEXP": 1.7298606189607657,
      " CPLx": 3.890418581318094,
      " DOCU": 1.5484684517054634,
      " ETAT": 3.037884279705037,
      " FLEx": 4.610339543572543,
      " KLOC": 415.8667334634313,
      " LTEx": 1.828309469756165,
      " PCAP": 3.890877806536942,
      " PCON": 2.627605562539619,
      " PLEx": 3.758110578452094,
      " PMAT": 2.5805953901790977,
      " PREC": 4.066628950774314,
      " PVOL": 4.534867747803668,
      " RELY": 3.426492384069996,
      " RESL": 4.494779888228633,
      " RUSE": 2.9369109025252653,
      " SCED": 3.0,
      " SITE": 5.781099519502659,
      " STOR": 3.6453014695192683,
      " TEAM": 4.728665263135628,
      " TIME": 3.3251156280039496,
      " TOOL": 2.0,
      "DATA": 4.274999245202881
    },
    "7": {
      " ACAP": 4.988726899795173,
      " AEXP": 1.1057447750115905,
      " CPLx": 4.294588862032451,
      " DOCU": 1.5369209526961338,
      " ETAT": 3.6445636667210985,
      " FLEx": 4.992257402359565,
      " KLOC": 127.31477398297736,
      " LTEx": 2.961305330046714,
      " PCAP": 4.957615955736166,
      " PCON": 3.8558649319254314,
      " PLEx": 1.4366050031159416,
      " PMAT": 2.648109560322257,
      " PREC": 3.4306215102923763,
      " PVOL": 3.1377458822186206,
      " RELY": 3.7190224628436446,
      " RESL": 4.6754484405611265,
      " RUSE": 3.39639502935385,
      " SCED": 3.0,
      " SITE": 3.8176028480994764,
      " STOR": 3.2659235357101233,
      " TEAM": 4.51718986684125,
      " TIME": 3.0996283199859116,