{'Clndrs': 4.0, 'Volume': 90.0, 'Model': 78.0, 'origin': 2.0}, {'Clndrs': 4.0, 'Volume': 85.0, 'Model': 81.0, 'origin': 3.0}, {'Clndrs': 4.0, 'Volume': 85.0, 'Model': 76.0, 'origin': 1.0}, {'Clndrs': 4.0, 'Volume': 98.0, 'Model': 80.0, 'origin': 2.0}, {'Clndrs': 4.0, 'Volume': 86.0, 'Model': 80.0, 'origin': 3.0}, {'Clndrs': 4.0, 'Volume': 97.0, 'Model': 82.0, 'origin': 2.0}, {'Clndrs': 4.0, 'Volume': 91.0, 'Model': 82.0, 'origin': 3.0}, {'Clndrs': 4.0, 'Volume': 68.0, 'Model': 73.0, 'origin': 2.0}, {'Clndrs': 4.0, 'Volume': 98.0, 'Model': 78.0, 'origin': 1.0}, {'Clndrs': 4.0, 'Volume': 97.0, 'Model': 73.0, 'origin': 2.0}, {'Clndrs': 4.0, 'Volume': 91.0, 'Model': 82.0, 'origin': 3.0}, {'Clndrs': 4.0, 'Volume': 97.0, 'Model': 81.0, 'origin': 3.0}, {'Clndrs': 4.0, 'Volume': 91.0, 'Model': 82.0, 'origin': 3.0}, {'Clndrs': 4.0, 'Volume': 85.0, 'Model': 81.0, 'origin': 3.0}, {'Clndrs': 4.0, 'Volume': 85.0, 'Model': 81.0, 'origin': 3.0}, {'Clndrs': 4.0, 'Volume': 89.0, 'Model': 81.0, 'origin': 3.0}, {'Clndrs': 4.0, 'Volume': 90.0, 'Model': 78.0, 'origin': 2.0}, {'Clndrs': 4.0, 'Volume': 85.0, 'Model': 80.0, 'origin': 2.0}, {'Clndrs': 4.0, 'Volume': 90.0, 'Model': 80.0, 'origin': 2.0}, {'Clndrs': 4.0, 'Volume': 90.0, 'Model': 78.0, 'origin': 2.0}
0.19339815732352839, 0.24245318422143292, 0.30998225385304745, 0.3858307736456239, 0.25069416027841385, 0.16745989117220028, 0.3348019145129377, 0.34385632337349503, 0.3866656733097692, 0.3216062143047753, 0.3348019145129377, 0.3829859092340627, 0.3348019145129377, 0.24245318422143292, 0.24245318422143292, 0.30394627244639594, 0.19339815732352839, 0.2976352869025818, 0.19532716835654673, 0.19339815732352839
4.854830503463745, 0.09506797790527344, 0.04228639602661133, 0.16986846923828125, 0.03739023208618164, 0.02428436279296875, 0.05541872978210449, 0.1685178279876709, 0.0256497859954834, 0.019341468811035156, 0.02274465560913086, 0.022078990936279297, 0.03094959259033203, 0.0198214054107666, 0.0924835205078125, 0.08807611465454102, 0.09042954444885254, 0.5647909641265869, 0.06255650520324707, 0.06671261787414551