{'Spout_wait': 8.0, 'Spliters': 6.0, 'Counters': 17.0}, {'Spout_wait': 10.0, 'Spliters': 5.0, 'Counters': 17.0}, {'Spout_wait': 8.0, 'Spliters': 6.0, 'Counters': 17.0}, {'Spout_wait': 8.0, 'Spliters': 6.0, 'Counters': 17.0}, {'Spout_wait': 8.0, 'Spliters': 6.0, 'Counters': 18.0}, {'Spout_wait': 8.0, 'Spliters': 6.0, 'Counters': 18.0}, {'Spout_wait': 9.0, 'Spliters': 6.0, 'Counters': 17.0}, {'Spout_wait': 10.0, 'Spliters': 6.0, 'Counters': 18.0}, {'Spout_wait': 5.0, 'Spliters': 3.0, 'Counters': 17.0}, {'Spout_wait': 8.0, 'Spliters': 6.0, 'Counters': 17.0}, {'Spout_wait': 9.0, 'Spliters': 3.0, 'Counters': 17.0}, {'Spout_wait': 7.0, 'Spliters': 6.0, 'Counters': 17.0}, {'Spout_wait': 10.0, 'Spliters': 6.0, 'Counters': 17.0}, {'Spout_wait': 9.0, 'Spliters': 3.0, 'Counters': 17.0}, {'Spout_wait': 9.0, 'Spliters': 6.0, 'Counters': 18.0}, {'Spout_wait': 8.0, 'Spliters': 4.0, 'Counters': 17.0}, {'Spout_wait': 9.0, 'Spliters': 6.0, 'Counters': 17.0}, {'Spout_wait': 10.0, 'Spliters': 6.0, 'Counters': 17.0}, {'Spout_wait': 10.0, 'Spliters': 4.0, 'Counters': 17.0}, {'Spout_wait': 10.0, 'Spliters': 5.0, 'Counters': 17.0}
0.006111178207122481, 0.019199269545525532, 0.006111178207122481, 0.006111178207122481, 0.02340892060562716, 0.02340892060562716, 0.008586239120553896, 0.029511347490367323, 0.021277644326842537, 0.006111178207122481, 0.020033994250278075, 0.02810356721455487, 0.000747363758841324, 0.020033994250278075, 0.03142005946668358, 0.0381354535975994, 0.008586239120553896, 0.000747363758841324, 0.03413510224963634, 0.019199269545525532
0.07249593734741211, 0.0936899185180664, 0.12154579162597656, 0.0670464038848877, 0.07971024513244629, 0.12494850158691406, 0.22141432762145996, 0.21780896186828613, 0.11884260177612305, 0.07515859603881836, 0.07689499855041504, 0.08883976936340332, 0.06483125686645508, 0.07995986938476562, 0.13425064086914062, 0.0745091438293457, 0.07074832916259766, 0.08710980415344238, 0.0769343376159668, 0.059777259826660156