{'Spout_wait': 4.0, 'Spliters': 6.0, 'Counters': 16.0}, {'Spout_wait': 10.0, 'Spliters': 4.0, 'Counters': 17.0}, {'Spout_wait': 9.0, 'Spliters': 6.0, 'Counters': 17.0}, {'Spout_wait': 7.0, 'Spliters': 5.0, 'Counters': 18.0}, {'Spout_wait': 7.0, 'Spliters': 5.0, 'Counters': 15.0}, {'Spout_wait': 4.0, 'Spliters': 4.0, 'Counters': 18.0}, {'Spout_wait': 8.0, 'Spliters': 3.0, 'Counters': 17.0}, {'Spout_wait': 8.0, 'Spliters': 4.0, 'Counters': 15.0}, {'Spout_wait': 9.0, 'Spliters': 5.0, 'Counters': 13.0}, {'Spout_wait': 8.0, 'Spliters': 6.0, 'Counters': 15.0}, {'Spout_wait': 10.0, 'Spliters': 4.0, 'Counters': 15.0}, {'Spout_wait': 9.0, 'Spliters': 6.0, 'Counters': 18.0}, {'Spout_wait': 3.0, 'Spliters': 3.0, 'Counters': 15.0}, {'Spout_wait': 6.0, 'Spliters': 6.0, 'Counters': 17.0}, {'Spout_wait': 5.0, 'Spliters': 6.0, 'Counters': 18.0}, {'Spout_wait': 9.0, 'Spliters': 3.0, 'Counters': 15.0}, {'Spout_wait': 3.0, 'Spliters': 4.0, 'Counters': 17.0}, {'Spout_wait': 4.0, 'Spliters': 5.0, 'Counters': 15.0}, {'Spout_wait': 5.0, 'Spliters': 6.0, 'Counters': 12.0}, {'Spout_wait': 9.0, 'Spliters': 6.0, 'Counters': 18.0}
0.08144647655494397, 0.03413510224963634, 0.008586239120553896, 0.05556866859947385, 0.06939789413429098, 0.07342319026494004, 0.06427910861113084, 0.05818674214934172, 0.08851714266019262, 0.045320344504342636, 0.030368608200511682, 0.03142005946668358, 0.06530366529199416, 0.025597877256524737, 0.03893991222898485, 0.06049968112044146, 0.07572545401912345, 0.06713198483889915, 0.08197250940746004, 0.03142005946668358
1.5060760974884033, 0.1834564208984375, 0.12877917289733887, 0.054457902908325195, 0.017735958099365234, 0.03296971321105957, 0.021940231323242188, 0.016038894653320312, 0.03359389305114746, 0.015204906463623047, 0.014183521270751953, 0.3769571781158447, 0.6616058349609375, 0.06698155403137207, 0.11972308158874512, 0.01907634735107422, 0.5146608352661133, 0.12930870056152344, 1.0005919933319092, 0.02624678611755371