{'Spout_wait': 4.0, 'Spliters': 6.0, 'Counters': 16.0}, {'Spout_wait': 10.0, 'Spliters': 4.0, 'Counters': 17.0}, {'Spout_wait': 9.0, 'Spliters': 6.0, 'Counters': 17.0}, {'Spout_wait': 7.0, 'Spliters': 5.0, 'Counters': 18.0}, {'Spout_wait': 7.0, 'Spliters': 5.0, 'Counters': 15.0}, {'Spout_wait': 9.0, 'Spliters': 6.0, 'Counters': 10.0}, {'Spout_wait': 8.0, 'Spliters': 3.0, 'Counters': 17.0}, {'Spout_wait': 4.0, 'Spliters': 4.0, 'Counters': 18.0}, {'Spout_wait': 9.0, 'Spliters': 5.0, 'Counters': 13.0}, {'Spout_wait': 10.0, 'Spliters': 2.0, 'Counters': 17.0}, {'Spout_wait': 10.0, 'Spliters': 4.0, 'Counters': 15.0}, {'Spout_wait': 9.0, 'Spliters': 6.0, 'Counters': 18.0}, {'Spout_wait': 3.0, 'Spliters': 3.0, 'Counters': 15.0}, {'Spout_wait': 6.0, 'Spliters': 6.0, 'Counters': 17.0}, {'Spout_wait': 5.0, 'Spliters': 6.0, 'Counters': 18.0}, {'Spout_wait': 9.0, 'Spliters': 3.0, 'Counters': 15.0}, {'Spout_wait': 6.0, 'Spliters': 3.0, 'Counters': 18.0}, {'Spout_wait': 4.0, 'Spliters': 3.0, 'Counters': 15.0}, {'Spout_wait': 5.0, 'Spliters': 6.0, 'Counters': 12.0}, {'Spout_wait': 9.0, 'Spliters': 6.0, 'Counters': 18.0}
0.08144647655494397, 0.03413510224963634, 0.008586239120553896, 0.05556866859947385, 0.06939789413429098, 0.1108862187028321, 0.06427910861113084, 0.07342319026494004, 0.08851714266019262, 0.07802982644100032, 0.030368608200511682, 0.03142005946668358, 0.06530366529199416, 0.025597877256524737, 0.03893991222898485, 0.06049968112044146, 0.0829952461022615, 0.09457155307266985, 0.08197250940746004, 0.03142005946668358
0.8298046588897705, 0.15473175048828125, 0.08342981338500977, 0.05482339859008789, 0.06673789024353027, 0.09955501556396484, 0.24535226821899414, 0.08904480934143066, 0.09054040908813477, 0.11399459838867188, 0.0714271068572998, 0.4851665496826172, 0.6755683422088623, 0.0421602725982666, 0.17145943641662598, 0.019190311431884766, 0.4958932399749756, 0.10921692848205566, 1.034522294998169, 0.027953147888183594