{'Spout_wait': 100.0, 'Spliters': 3.0, 'Counters': 17.0}, {'Spout_wait': 9.0, 'Spliters': 5.0, 'Counters': 17.0}, {'Spout_wait': 9.0, 'Spliters': 6.0, 'Counters': 17.0}, {'Spout_wait': 7.0, 'Spliters': 5.0, 'Counters': 18.0}, {'Spout_wait': 7.0, 'Spliters': 5.0, 'Counters': 15.0}, {'Spout_wait': 9.0, 'Spliters': 3.0, 'Counters': 12.0}, {'Spout_wait': 8.0, 'Spliters': 3.0, 'Counters': 17.0}, {'Spout_wait': 9.0, 'Spliters': 6.0, 'Counters': 18.0}, {'Spout_wait': 8.0, 'Spliters': 6.0, 'Counters': 18.0}, {'Spout_wait': 8.0, 'Spliters': 6.0, 'Counters': 17.0}, {'Spout_wait': 10.0, 'Spliters': 4.0, 'Counters': 15.0}, {'Spout_wait': 9.0, 'Spliters': 6.0, 'Counters': 18.0}, {'Spout_wait': 5.0, 'Spliters': 6.0, 'Counters': 17.0}, {'Spout_wait': 6.0, 'Spliters': 6.0, 'Counters': 17.0}, {'Spout_wait': 5.0, 'Spliters': 6.0, 'Counters': 18.0}, {'Spout_wait': 8.0, 'Spliters': 6.0, 'Counters': 15.0}, {'Spout_wait': 9.0, 'Spliters': 6.0, 'Counters': 17.0}, {'Spout_wait': 10.0, 'Spliters': 6.0, 'Counters': 17.0}, {'Spout_wait': 4.0, 'Spliters': 5.0, 'Counters': 17.0}, {'Spout_wait': 10.0, 'Spliters': 5.0, 'Counters': 17.0}
0.07362183353555851, 0.020466796587967684, 0.008586239120553896, 0.05556866859947385, 0.06939789413429098, 0.07312910112384696, 0.06427910861113084, 0.03142005946668358, 0.02340892060562716, 0.006111178207122481, 0.030368608200511682, 0.03142005946668358, 0.05169565262832132, 0.025597877256524737, 0.03893991222898485, 0.045320344504342636, 0.008586239120553896, 0.000747363758841324, 0.0492717305442536, 0.019199269545525532
3.153266191482544, 1.2295207977294922, 0.817462682723999, 0.13836145401000977, 0.3847033977508545, 0.15313196182250977, 0.07997584342956543, 0.06705141067504883, 0.10812520980834961, 0.07722306251525879, 0.07932853698730469, 0.06255412101745605, 0.0435643196105957, 0.0626230239868164, 0.05870223045349121, 0.046569108963012695, 0.07441258430480957, 0.04903817176818848, 0.10707378387451172, 0.10215520858764648