{'Spout_wait': 6.0, 'Spliters': 4.0, 'Counters': 1.0}, {'Spout_wait': 5.0, 'Spliters': 5.0, 'Counters': 4.0}, {'Spout_wait': 5.0, 'Spliters': 4.0, 'Counters': 1.0}, {'Spout_wait': 6.0, 'Spliters': 4.0, 'Counters': 1.0}, {'Spout_wait': 5.0, 'Spliters': 5.0, 'Counters': 1.0}, {'Spout_wait': 4.0, 'Spliters': 5.0, 'Counters': 10.0}, {'Spout_wait': 6.0, 'Spliters': 3.0, 'Counters': 2.0}, {'Spout_wait': 3.0, 'Spliters': 4.0, 'Counters': 15.0}, {'Spout_wait': 4.0, 'Spliters': 5.0, 'Counters': 10.0}, {'Spout_wait': 5.0, 'Spliters': 5.0, 'Counters': 1.0}, {'Spout_wait': 5.0, 'Spliters': 5.0, 'Counters': 1.0}, {'Spout_wait': 5.0, 'Spliters': 6.0, 'Counters': 14.0}, {'Spout_wait': 5.0, 'Spliters': 6.0, 'Counters': 16.0}, {'Spout_wait': 6.0, 'Spliters': 3.0, 'Counters': 1.0}, {'Spout_wait': 6.0, 'Spliters': 4.0, 'Counters': 12.0}, {'Spout_wait': 4.0, 'Spliters': 5.0, 'Counters': 10.0}, {'Spout_wait': 5.0, 'Spliters': 5.0, 'Counters': 10.0}, {'Spout_wait': 6.0, 'Spliters': 3.0, 'Counters': 1.0}, {'Spout_wait': 6.0, 'Spliters': 5.0, 'Counters': 1.0}, {'Spout_wait': 2.0, 'Spliters': 5.0, 'Counters': 14.0}
0.0528754203724453, 0.054612027473105784, 0.05485197085539084, 0.0528754203724453, 4.1023799471462397e-05, 0.04928309323600877, 0.05413328559005237, 0.050780020257953695, 0.04928309323600877, 4.1023799471462397e-05, 4.1023799471462397e-05, 0.05053990568724742, 0.05281542808411355, 0.04227664546194576, 0.06053988789959308, 0.04928309323600877, 0.04293529150197439, 0.04227664546194576, 0.06185809585680524, 0.04724666887988782
4.439696788787842, 0.7857537269592285, 0.07252907752990723, 2.2727720737457275, 0.307389497756958, 0.06107807159423828, 0.0635533332824707, 0.06514430046081543, 0.06157398223876953, 0.0646519660949707, 0.06382894515991211, 0.11565995216369629, 0.08036589622497559, 0.11529016494750977, 0.07258105278015137, 0.09079241752624512, 0.11311125755310059, 0.0670328140258789, 0.06168675422668457, 0.06241941452026367