{'Spout_wait': 5.0, 'Spliters': 6.0, 'Counters': 1.0}, {'Spout_wait': 5.0, 'Spliters': 5.0, 'Counters': 12.0}, {'Spout_wait': 5.0, 'Spliters': 4.0, 'Counters': 2.0}, {'Spout_wait': 5.0, 'Spliters': 3.0, 'Counters': 16.0}, {'Spout_wait': 1.0, 'Spliters': 6.0, 'Counters': 17.0}, {'Spout_wait': 5.0, 'Spliters': 6.0, 'Counters': 14.0}, {'Spout_wait': 2.0, 'Spliters': 5.0, 'Counters': 13.0}, {'Spout_wait': 1.0, 'Spliters': 5.0, 'Counters': 18.0}, {'Spout_wait': 3.0, 'Spliters': 4.0, 'Counters': 14.0}, {'Spout_wait': 1.0, 'Spliters': 4.0, 'Counters': 13.0}, {'Spout_wait': 4.0, 'Spliters': 4.0, 'Counters': 1.0}, {'Spout_wait': 3.0, 'Spliters': 5.0, 'Counters': 5.0}, {'Spout_wait': 6.0, 'Spliters': 4.0, 'Counters': 2.0}, {'Spout_wait': 5.0, 'Spliters': 6.0, 'Counters': 2.0}, {'Spout_wait': 4.0, 'Spliters': 6.0, 'Counters': 14.0}, {'Spout_wait': 6.0, 'Spliters': 3.0, 'Counters': 8.0}, {'Spout_wait': 6.0, 'Spliters': 3.0, 'Counters': 18.0}, {'Spout_wait': 4.0, 'Spliters': 5.0, 'Counters': 10.0}, {'Spout_wait': 6.0, 'Spliters': 3.0, 'Counters': 17.0}, {'Spout_wait': 5.0, 'Spliters': 6.0, 'Counters': 11.0}
0.06970230856181392, 0.07946235457155826, 0.07826474669758343, 0.11576260346090173, 0.07694774800706006, 0.05053990568724742, 0.0934162369396977, 0.08527108037540998, 0.10610963916599225, 0.10233729881652087, 0.09844507512550993, 0.13449359536434202, 0.06473198371359523, 0.085690071643867, 0.07305533855603463, 0.10263692377604894, 0.08149838149817812, 0.04928309323600877, 0.07509134659681826, 0.08245668741287526
0.04301643371582031, 0.059530019760131836, 0.15157556533813477, 0.07672667503356934, 0.17188787460327148, 0.07248663902282715, 0.02637481689453125, 0.011521339416503906, 0.009038686752319336, 0.021500825881958008, 0.01757669448852539, 0.050551414489746094, 0.008530378341674805, 0.007219552993774414, 0.011978387832641602, 0.016856908798217773, 0.02767324447631836, 0.008931875228881836, 0.02134084701538086, 0.010776042938232422