{'Max_spout': 10000.0, 'Spliters': 2.0, 'Counters': 15.0}, {'Max_spout': 1000000.0, 'Spliters': 1.0, 'Counters': 9.0}, {'Max_spout': 10000.0, 'Spliters': 2.0, 'Counters': 6.0}, {'Max_spout': 10000.0, 'Spliters': 2.0, 'Counters': 9.0}, {'Max_spout': 1000.0, 'Spliters': 2.0, 'Counters': 12.0}, {'Max_spout': 10000.0, 'Spliters': 2.0, 'Counters': 15.0}, {'Max_spout': 10000.0, 'Spliters': 6.0, 'Counters': 12.0}, {'Max_spout': 1000.0, 'Spliters': 2.0, 'Counters': 15.0}, {'Max_spout': 1000.0, 'Spliters': 2.0, 'Counters': 12.0}, {'Max_spout': 10000.0, 'Spliters': 2.0, 'Counters': 12.0}, {'Max_spout': 100000.0, 'Spliters': 1.0, 'Counters': 9.0}, {'Max_spout': 10000.0, 'Spliters': 2.0, 'Counters': 12.0}, {'Max_spout': 1000000.0, 'Spliters': 1.0, 'Counters': 6.0}, {'Max_spout': 1000000.0, 'Spliters': 6.0, 'Counters': 12.0}, {'Max_spout': 1000000.0, 'Spliters': 2.0, 'Counters': 18.0}, {'Max_spout': 10000.0, 'Spliters': 2.0, 'Counters': 12.0}, {'Max_spout': 1000000.0, 'Spliters': 1.0, 'Counters': 3.0}, {'Max_spout': 10000.0, 'Spliters': 2.0, 'Counters': 18.0}, {'Max_spout': 100000.0, 'Spliters': 2.0, 'Counters': 15.0}, {'Max_spout': 10000.0, 'Spliters': 2.0, 'Counters': 6.0}
0.37396253693787807, 0.32012653299473015, 0.4166887504479434, 0.40832520008941975, 0.38207560321211176, 0.37396253693787807, 0.4555332964187899, 0.36892976043895076, 0.38207560321211176, 0.3482003422813653, 0.35166741075975727, 0.3482003422813653, 0.36846990554864756, 0.44984553552444706, 0.3164259069728935, 0.3482003422813653, 0.39445597231778273, 0.38803073678533906, 0.42412389951739193, 0.4166887504479434
0.013577699661254883, 0.00928807258605957, 0.018668651580810547, 0.008978128433227539, 0.008468866348266602, 0.008621454238891602, 0.008102178573608398, 0.00846242904663086, 0.008899211883544922, 0.008352041244506836, 0.0077953338623046875, 0.007999181747436523, 0.0079498291015625, 0.008220911026000977, 0.008294105529785156, 0.009112834930419922, 0.01054239273071289, 0.008463144302368164, 0.01596856117248535, 0.010158300399780273