{'Max_spout': 10000.0, 'Spliters': 2.0, 'Counters': 15.0}, {'Max_spout': 1000000.0, 'Spliters': 1.0, 'Counters': 9.0}, {'Max_spout': 10000.0, 'Spliters': 2.0, 'Counters': 6.0}, {'Max_spout': 10000.0, 'Spliters': 2.0, 'Counters': 9.0}, {'Max_spout': 1000.0, 'Spliters': 2.0, 'Counters': 18.0}, {'Max_spout': 10000.0, 'Spliters': 2.0, 'Counters': 15.0}, {'Max_spout': 10000.0, 'Spliters': 6.0, 'Counters': 12.0}, {'Max_spout': 1000.0, 'Spliters': 2.0, 'Counters': 15.0}, {'Max_spout': 1000.0, 'Spliters': 2.0, 'Counters': 18.0}, {'Max_spout': 10000.0, 'Spliters': 2.0, 'Counters': 12.0}, {'Max_spout': 100000.0, 'Spliters': 1.0, 'Counters': 9.0}, {'Max_spout': 10000.0, 'Spliters': 2.0, 'Counters': 12.0}, {'Max_spout': 1000000.0, 'Spliters': 1.0, 'Counters': 6.0}, {'Max_spout': 1000000.0, 'Spliters': 6.0, 'Counters': 12.0}, {'Max_spout': 1000000.0, 'Spliters': 2.0, 'Counters': 18.0}, {'Max_spout': 10000.0, 'Spliters': 2.0, 'Counters': 12.0}, {'Max_spout': 1000000.0, 'Spliters': 1.0, 'Counters': 3.0}, {'Max_spout': 10000.0, 'Spliters': 2.0, 'Counters': 18.0}, {'Max_spout': 100000.0, 'Spliters': 2.0, 'Counters': 15.0}, {'Max_spout': 10000.0, 'Spliters': 2.0, 'Counters': 6.0}
0.37396253693787807, 0.32012653299473015, 0.4166887504479434, 0.40832520008941975, 0.37732074296275253, 0.37396253693787807, 0.4555332964187899, 0.36892976043895076, 0.37732074296275253, 0.3482003422813653, 0.35166741075975727, 0.3482003422813653, 0.36846990554864756, 0.44984553552444706, 0.3164259069728935, 0.3482003422813653, 0.39445597231778273, 0.38803073678533906, 0.42412389951739193, 0.4166887504479434
0.1567237377166748, 0.2115013599395752, 0.05681133270263672, 0.020205974578857422, 0.02153158187866211, 0.019022703170776367, 0.06882500648498535, 0.07883214950561523, 0.051727294921875, 0.18144583702087402, 0.08926081657409668, 0.0589444637298584, 0.1963794231414795, 0.05890512466430664, 0.020754337310791016, 0.05500435829162598, 0.07084774971008301, 0.018362045288085938, 0.11430525779724121, 0.2456071376800537