{'Max_spout': 1000000.0, 'Spliters': 1.0, 'Counters': 9.0}, {'Max_spout': 1000000.0, 'Spliters': 1.0, 'Counters': 9.0}, {'Max_spout': 1000000.0, 'Spliters': 1.0, 'Counters': 9.0}, {'Max_spout': 1000000.0, 'Spliters': 1.0, 'Counters': 9.0}, {'Max_spout': 1000000.0, 'Spliters': 2.0, 'Counters': 18.0}, {'Max_spout': 1000000.0, 'Spliters': 1.0, 'Counters': 9.0}, {'Max_spout': 1000000.0, 'Spliters': 1.0, 'Counters': 9.0}, {'Max_spout': 1000.0, 'Spliters': 2.0, 'Counters': 15.0}, {'Max_spout': 1000000.0, 'Spliters': 2.0, 'Counters': 18.0}, {'Max_spout': 10000.0, 'Spliters': 2.0, 'Counters': 12.0}, {'Max_spout': 1000000.0, 'Spliters': 2.0, 'Counters': 18.0}, {'Max_spout': 1000000.0, 'Spliters': 1.0, 'Counters': 9.0}, {'Max_spout': 1000000.0, 'Spliters': 1.0, 'Counters': 9.0}, {'Max_spout': 1000000.0, 'Spliters': 1.0, 'Counters': 6.0}, {'Max_spout': 1000000.0, 'Spliters': 2.0, 'Counters': 18.0}, {'Max_spout': 1000000.0, 'Spliters': 2.0, 'Counters': 18.0}, {'Max_spout': 100000.0, 'Spliters': 1.0, 'Counters': 9.0}, {'Max_spout': 1000000.0, 'Spliters': 2.0, 'Counters': 18.0}, {'Max_spout': 1000.0, 'Spliters': 2.0, 'Counters': 15.0}, {'Max_spout': 10000.0, 'Spliters': 2.0, 'Counters': 18.0}
0.32012653299473015, 0.32012653299473015, 0.32012653299473015, 0.32012653299473015, 0.3164259069728935, 0.32012653299473015, 0.32012653299473015, 0.36892976043895076, 0.3164259069728935, 0.3482003422813653, 0.3164259069728935, 0.32012653299473015, 0.32012653299473015, 0.36846990554864756, 0.3164259069728935, 0.3164259069728935, 0.35166741075975727, 0.3164259069728935, 0.36892976043895076, 0.38803073678533906
0.39522814750671387, 0.07338309288024902, 0.1983201503753662, 0.10195565223693848, 0.04331183433532715, 0.05346274375915527, 0.06647276878356934, 0.03838038444519043, 0.04979872703552246, 0.04998183250427246, 0.04917097091674805, 0.16776108741760254, 0.03153395652770996, 0.0343167781829834, 0.036678314208984375, 0.031004905700683594, 0.03328680992126465, 0.08248186111450195, 0.03757762908935547, 0.032509803771972656