{'Max_spout': 10000.0, 'Spliters': 2.0, 'Counters': 11.0}, {'Max_spout': 1000000.0, 'Spliters': 3.0, 'Counters': 2.0}, {'Max_spout': 100000.0, 'Spliters': 1.0, 'Counters': 18.0}, {'Max_spout': 100000.0, 'Spliters': 2.0, 'Counters': 5.0}, {'Max_spout': 1000.0, 'Spliters': 3.0, 'Counters': 8.0}, {'Max_spout': 1000000.0, 'Spliters': 2.0, 'Counters': 13.0}, {'Max_spout': 100000.0, 'Spliters': 1.0, 'Counters': 9.0}, {'Max_spout': 1000.0, 'Spliters': 4.0, 'Counters': 7.0}, {'Max_spout': 1000000.0, 'Spliters': 3.0, 'Counters': 9.0}, {'Max_spout': 10000.0, 'Spliters': 1.0, 'Counters': 8.0}, {'Max_spout': 10000.0, 'Spliters': 2.0, 'Counters': 14.0}, {'Max_spout': 1000.0, 'Spliters': 2.0, 'Counters': 17.0}, {'Max_spout': 1000000.0, 'Spliters': 1.0, 'Counters': 9.0}, {'Max_spout': 1000000.0, 'Spliters': 4.0, 'Counters': 18.0}, {'Max_spout': 1000000.0, 'Spliters': 3.0, 'Counters': 14.0}, {'Max_spout': 1000000.0, 'Spliters': 2.0, 'Counters': 8.0}, {'Max_spout': 1000000.0, 'Spliters': 2.0, 'Counters': 12.0}, {'Max_spout': 1000000.0, 'Spliters': 2.0, 'Counters': 12.0}, {'Max_spout': 1000.0, 'Spliters': 2.0, 'Counters': 14.0}, {'Max_spout': 1000.0, 'Spliters': 1.0, 'Counters': 12.0}
0.17147007144779203, 0.2418857553379542, 0.2465668874813176, 0.28377726670359227, 0.28888746941670007, 0.1753336643562795, 0.24267659476476688, 0.2806426046559899, 0.2891545294288054, 0.2554525613520423, 0.15332396214456634, 0.20413732624457137, 0.265291457122927, 0.3104656021456603, 0.2798648902585794, 0.2540840823667212, 0.17863486685012364, 0.17863486685012364, 0.2510153150420056, 0.2226217790786872
0.9740064144134521, 0.0959784984588623, 0.3244798183441162, 0.02254652976989746, 0.720477819442749, 0.031067848205566406, 0.11829209327697754, 0.1886425018310547, 0.06671690940856934, 0.21744322776794434, 0.13993167877197266, 0.06232810020446777, 0.5610721111297607, 0.5188648700714111, 0.1398148536682129, 0.27745652198791504, 0.425670862197876, 0.1820507049560547, 0.23692893981933594, 0.0913233757019043