{'Max_spout': 100000.0, 'Spliters': 2.0, 'Counters': 17.0}, {'Max_spout': 10000.0, 'Spliters': 2.0, 'Counters': 18.0}, {'Max_spout': 100000.0, 'Spliters': 2.0, 'Counters': 15.0}, {'Max_spout': 100000.0, 'Spliters': 2.0, 'Counters': 14.0}, {'Max_spout': 10000.0, 'Spliters': 2.0, 'Counters': 15.0}, {'Max_spout': 10000.0, 'Spliters': 2.0, 'Counters': 11.0}, {'Max_spout': 10000.0, 'Spliters': 2.0, 'Counters': 15.0}, {'Max_spout': 10000.0, 'Spliters': 2.0, 'Counters': 15.0}, {'Max_spout': 1000000.0, 'Spliters': 2.0, 'Counters': 18.0}, {'Max_spout': 10000.0, 'Spliters': 2.0, 'Counters': 15.0}, {'Max_spout': 10000.0, 'Spliters': 2.0, 'Counters': 15.0}, {'Max_spout': 10000.0, 'Spliters': 2.0, 'Counters': 17.0}, {'Max_spout': 100000.0, 'Spliters': 2.0, 'Counters': 12.0}, {'Max_spout': 100000.0, 'Spliters': 2.0, 'Counters': 17.0}, {'Max_spout': 10000.0, 'Spliters': 2.0, 'Counters': 17.0}, {'Max_spout': 10000.0, 'Spliters': 2.0, 'Counters': 15.0}, {'Max_spout': 100000.0, 'Spliters': 2.0, 'Counters': 15.0}, {'Max_spout': 100000.0, 'Spliters': 2.0, 'Counters': 15.0}, {'Max_spout': 10000.0, 'Spliters': 2.0, 'Counters': 17.0}, {'Max_spout': 10000.0, 'Spliters': 2.0, 'Counters': 17.0}
0.12371969767889157, 0.13646979561984285, 0.132539345926719, 0.17424465104643616, 0.12284324324612461, 0.17147007144779203, 0.12284324324612461, 0.12284324324612461, 0.13380251720146819, 0.12284324324612461, 0.12284324324612461, 0.13361873109709843, 0.14512965696185742, 0.12371969767889157, 0.13361873109709843, 0.12284324324612461, 0.132539345926719, 0.132539345926719, 0.13361873109709843, 0.13361873109709843
4.03592586517334, 0.17963957786560059, 0.28887939453125, 0.5446181297302246, 0.32102155685424805, 0.14290714263916016, 0.16337895393371582, 0.17564630508422852, 0.13423633575439453, 0.21674513816833496, 0.14552664756774902, 0.196608304977417, 0.0988473892211914, 0.11852312088012695, 0.11323118209838867, 0.09949684143066406, 0.1662759780883789, 0.14328742027282715, 0.11577677726745605, 0.08463263511657715