{'Max_spout': 100.0, 'Spliters': 2.0, 'Counters': 6.0}, {'Max_spout': 1000.0, 'Spliters': 2.0, 'Counters': 3.0}, {'Max_spout': 1000.0, 'Spliters': 2.0, 'Counters': 9.0}, {'Max_spout': 10000.0, 'Spliters': 2.0, 'Counters': 9.0}, {'Max_spout': 100.0, 'Spliters': 2.0, 'Counters': 6.0}, {'Max_spout': 10000.0, 'Spliters': 2.0, 'Counters': 15.0}, {'Max_spout': 100000.0, 'Spliters': 6.0, 'Counters': 15.0}, {'Max_spout': 1000.0, 'Spliters': 2.0, 'Counters': 15.0}, {'Max_spout': 1000.0, 'Spliters': 2.0, 'Counters': 12.0}, {'Max_spout': 10000.0, 'Spliters': 2.0, 'Counters': 12.0}, {'Max_spout': 100000.0, 'Spliters': 2.0, 'Counters': 9.0}, {'Max_spout': 10000.0, 'Spliters': 2.0, 'Counters': 6.0}, {'Max_spout': 100.0, 'Spliters': 2.0, 'Counters': 9.0}, {'Max_spout': 1000000.0, 'Spliters': 6.0, 'Counters': 12.0}, {'Max_spout': 10.0, 'Spliters': 2.0, 'Counters': 15.0}, {'Max_spout': 10000.0, 'Spliters': 2.0, 'Counters': 12.0}, {'Max_spout': 1000.0, 'Spliters': 2.0, 'Counters': 6.0}, {'Max_spout': 100.0, 'Spliters': 1.0, 'Counters': 15.0}, {'Max_spout': 10000.0, 'Spliters': 3.0, 'Counters': 12.0}, {'Max_spout': 100.0, 'Spliters': 2.0, 'Counters': 9.0}
0.45074322476566475, 0.4797667742484102, 0.3843556979164898, 0.3915810157618045, 0.45074322476566475, 0.3975491585218419, 0.46493854636793785, 0.3534006710681069, 0.34825220828017067, 0.4060542266639211, 0.4706443900630809, 0.4048595507354926, 0.4332312508997562, 0.45132372310007496, 0.518476046580786, 0.4060542266639211, 0.42471564247809135, 0.5169813600008596, 0.5360139322595878, 0.4332312508997562
1.250234603881836, 0.09137582778930664, 0.05629682540893555, 0.08078575134277344, 0.03908705711364746, 0.020685911178588867, 0.03680896759033203, 0.04295015335083008, 0.06178474426269531, 0.035013437271118164, 0.046089887619018555, 0.012793779373168945, 0.05169796943664551, 0.05858755111694336, 0.06225466728210449, 0.07460260391235352, 0.11987829208374023, 0.013033390045166016, 0.00947713851928711, 0.011128425598144531