{'Max_spout': 1000.0, 'Spliters': 2.0, 'Counters': 18.0}, {'Max_spout': 1000.0, 'Spliters': 2.0, 'Counters': 3.0}, {'Max_spout': 1000.0, 'Spliters': 2.0, 'Counters': 9.0}, {'Max_spout': 10000.0, 'Spliters': 2.0, 'Counters': 9.0}, {'Max_spout': 10000.0, 'Spliters': 6.0, 'Counters': 6.0}, {'Max_spout': 10000.0, 'Spliters': 2.0, 'Counters': 15.0}, {'Max_spout': 1000.0, 'Spliters': 2.0, 'Counters': 6.0}, {'Max_spout': 1000.0, 'Spliters': 2.0, 'Counters': 15.0}, {'Max_spout': 1000.0, 'Spliters': 2.0, 'Counters': 12.0}, {'Max_spout': 10000.0, 'Spliters': 2.0, 'Counters': 12.0}, {'Max_spout': 10000.0, 'Spliters': 2.0, 'Counters': 6.0}, {'Max_spout': 1000.0, 'Spliters': 2.0, 'Counters': 18.0}, {'Max_spout': 100000.0, 'Spliters': 6.0, 'Counters': 15.0}, {'Max_spout': 100.0, 'Spliters': 2.0, 'Counters': 18.0}, {'Max_spout': 1000000.0, 'Spliters': 3.0, 'Counters': 18.0}, {'Max_spout': 10000.0, 'Spliters': 2.0, 'Counters': 12.0}, {'Max_spout': 1000.0, 'Spliters': 2.0, 'Counters': 6.0}, {'Max_spout': 10000.0, 'Spliters': 2.0, 'Counters': 18.0}, {'Max_spout': 10000.0, 'Spliters': 6.0, 'Counters': 6.0}, {'Max_spout': 100.0, 'Spliters': 2.0, 'Counters': 9.0}
0.3513569799560069, 0.49280699652739335, 0.40781820730939655, 0.391479583096187, 0.43515614436816086, 0.42572488935337316, 0.41431724775011136, 0.33404364197772773, 0.353038171607748, 0.3777081854880393, 0.42781165897207585, 0.3513569799560069, 0.43816779038423925, 0.41809352356324125, 0.516534077968935, 0.3777081854880393, 0.41431724775011136, 0.3893870191155626, 0.43515614436816086, 0.46999872704776124
0.24448060989379883, 0.19850826263427734, 0.20862483978271484, 0.18358087539672852, 0.17829132080078125, 0.1055154800415039, 0.10349822044372559, 0.0801687240600586, 0.13768911361694336, 0.22361516952514648, 0.13000082969665527, 0.12418770790100098, 0.21055889129638672, 0.20337128639221191, 0.11217212677001953, 0.11649203300476074, 0.10962438583374023, 0.09228944778442383, 0.08705592155456543, 0.10218238830566406