{'Max_spout': 1000000.0, 'Spliters': 6.0, 'Counters': 18.0}, {'Max_spout': 1000.0, 'Spliters': 2.0, 'Counters': 3.0}, {'Max_spout': 1000.0, 'Spliters': 2.0, 'Counters': 9.0}, {'Max_spout': 10000.0, 'Spliters': 2.0, 'Counters': 9.0}, {'Max_spout': 1000000.0, 'Spliters': 6.0, 'Counters': 1.0}, {'Max_spout': 10000.0, 'Spliters': 2.0, 'Counters': 15.0}, {'Max_spout': 100000.0, 'Spliters': 6.0, 'Counters': 15.0}, {'Max_spout': 1000.0, 'Spliters': 2.0, 'Counters': 15.0}, {'Max_spout': 1000.0, 'Spliters': 2.0, 'Counters': 12.0}, {'Max_spout': 10000.0, 'Spliters': 2.0, 'Counters': 12.0}, {'Max_spout': 100000.0, 'Spliters': 2.0, 'Counters': 9.0}, {'Max_spout': 100.0, 'Spliters': 2.0, 'Counters': 15.0}, {'Max_spout': 100000.0, 'Spliters': 6.0, 'Counters': 15.0}, {'Max_spout': 100000.0, 'Spliters': 6.0, 'Counters': 15.0}, {'Max_spout': 1000000.0, 'Spliters': 3.0, 'Counters': 18.0}, {'Max_spout': 10000.0, 'Spliters': 2.0, 'Counters': 12.0}, {'Max_spout': 1000.0, 'Spliters': 2.0, 'Counters': 6.0}, {'Max_spout': 1000.0, 'Spliters': 1.0, 'Counters': 3.0}, {'Max_spout': 10000.0, 'Spliters': 3.0, 'Counters': 12.0}, {'Max_spout': 100.0, 'Spliters': 2.0, 'Counters': 9.0}
0.44333117752233564, 0.49280699652739335, 0.40781820730939655, 0.391479583096187, 0.47918935692224895, 0.42572488935337316, 0.43816779038423925, 0.33404364197772773, 0.353038171607748, 0.3777081854880393, 0.48480979204083474, 0.41821186046824166, 0.43816779038423925, 0.43816779038423925, 0.516534077968935, 0.3777081854880393, 0.41431724775011136, 0.509707355765473, 0.532695489531676, 0.46999872704776124
0.22500205039978027, 0.28001928329467773, 0.39832305908203125, 0.19273781776428223, 0.19719862937927246, 0.08573627471923828, 0.03986191749572754, 0.08036446571350098, 0.039786577224731445, 0.02000904083251953, 0.035604238510131836, 0.04426288604736328, 0.05794525146484375, 0.036464691162109375, 0.04663681983947754, 0.019921541213989258, 0.052150726318359375, 0.0698843002319336, 0.0513460636138916, 0.06540346145629883