{'Max_spout': 1000.0, 'Spliters': 2.0, 'Counters': 18.0}, {'Max_spout': 1000.0, 'Spliters': 2.0, 'Counters': 12.0}, {'Max_spout': 1000.0, 'Spliters': 2.0, 'Counters': 9.0}, {'Max_spout': 10000.0, 'Spliters': 2.0, 'Counters': 9.0}, {'Max_spout': 1000.0, 'Spliters': 2.0, 'Counters': 18.0}, {'Max_spout': 1000.0, 'Spliters': 2.0, 'Counters': 12.0}, {'Max_spout': 1000.0, 'Spliters': 2.0, 'Counters': 6.0}, {'Max_spout': 1000.0, 'Spliters': 2.0, 'Counters': 15.0}, {'Max_spout': 1000.0, 'Spliters': 2.0, 'Counters': 18.0}, {'Max_spout': 10000.0, 'Spliters': 2.0, 'Counters': 12.0}, {'Max_spout': 10000.0, 'Spliters': 2.0, 'Counters': 6.0}, {'Max_spout': 1000.0, 'Spliters': 2.0, 'Counters': 18.0}, {'Max_spout': 100000.0, 'Spliters': 6.0, 'Counters': 15.0}, {'Max_spout': 100.0, 'Spliters': 2.0, 'Counters': 18.0}, {'Max_spout': 1000.0, 'Spliters': 2.0, 'Counters': 9.0}, {'Max_spout': 10000.0, 'Spliters': 2.0, 'Counters': 12.0}, {'Max_spout': 1000.0, 'Spliters': 2.0, 'Counters': 6.0}, {'Max_spout': 10000.0, 'Spliters': 2.0, 'Counters': 18.0}, {'Max_spout': 100.0, 'Spliters': 2.0, 'Counters': 15.0}, {'Max_spout': 10000.0, 'Spliters': 2.0, 'Counters': 6.0}
0.3513569799560069, 0.353038171607748, 0.40781820730939655, 0.391479583096187, 0.3513569799560069, 0.353038171607748, 0.41431724775011136, 0.33404364197772773, 0.3513569799560069, 0.3777081854880393, 0.42781165897207585, 0.3513569799560069, 0.43816779038423925, 0.41809352356324125, 0.40781820730939655, 0.3777081854880393, 0.41431724775011136, 0.3893870191155626, 0.41821186046824166, 0.42781165897207585
0.012363195419311523, 0.008349418640136719, 0.008063316345214844, 0.008163690567016602, 0.008336544036865234, 0.009772062301635742, 0.010094881057739258, 0.013152360916137695, 0.017167091369628906, 0.023959636688232422, 0.010432958602905273, 0.013504266738891602, 0.011843681335449219, 0.015073299407958984, 0.019329547882080078, 0.03421306610107422, 0.22520899772644043, 0.025295257568359375, 0.04646754264831543, 0.04348349571228027