{'Max_spout': 1.0, 'Spliters': 1.0, 'Counters': 18.0}, {'Max_spout': 1.0, 'Spliters': 1.0, 'Counters': 18.0}, {'Max_spout': 1.0, 'Spliters': 1.0, 'Counters': 9.0}, {'Max_spout': 1.0, 'Spliters': 1.0, 'Counters': 18.0}, {'Max_spout': 1.0, 'Spliters': 1.0, 'Counters': 9.0}, {'Max_spout': 1.0, 'Spliters': 1.0, 'Counters': 15.0}, {'Max_spout': 1.0, 'Spliters': 2.0, 'Counters': 15.0}, {'Max_spout': 1.0, 'Spliters': 1.0, 'Counters': 15.0}, {'Max_spout': 1.0, 'Spliters': 1.0, 'Counters': 3.0}, {'Max_spout': 1.0, 'Spliters': 1.0, 'Counters': 9.0}, {'Max_spout': 1.0, 'Spliters': 1.0, 'Counters': 9.0}, {'Max_spout': 1.0, 'Spliters': 1.0, 'Counters': 12.0}, {'Max_spout': 1.0, 'Spliters': 1.0, 'Counters': 9.0}, {'Max_spout': 1.0, 'Spliters': 1.0, 'Counters': 6.0}, {'Max_spout': 1.0, 'Spliters': 1.0, 'Counters': 12.0}, {'Max_spout': 1.0, 'Spliters': 1.0, 'Counters': 15.0}, {'Max_spout': 1.0, 'Spliters': 1.0, 'Counters': 18.0}, {'Max_spout': 1.0, 'Spliters': 1.0, 'Counters': 3.0}, {'Max_spout': 1.0, 'Spliters': 1.0, 'Counters': 12.0}, {'Max_spout': 1.0, 'Spliters': 1.0, 'Counters': 18.0}
0.0015707897696076722, 0.0015707897696076722, 0.0018937558904615903, 0.0015707897696076722, 0.0018937558904615903, 0.002165341037543289, 0.005399406329548717, 0.002165341037543289, 0.003421972853229538, 0.0018937558904615903, 0.0018937558904615903, 0.0, 0.0018937558904615903, 0.003361783712524935, 0.0, 0.002165341037543289, 0.0015707897696076722, 0.003421972853229538, 0.0, 0.0015707897696076722
0.2169475555419922, 0.16515636444091797, 0.3435049057006836, 0.8024759292602539, 0.1010434627532959, 0.08187389373779297, 0.08746910095214844, 0.12705230712890625, 0.09793710708618164, 0.09036660194396973, 0.06388258934020996, 0.07673096656799316, 0.10544562339782715, 0.10269737243652344, 0.11426234245300293, 0.10733294486999512, 0.11013412475585938, 0.06087851524353027, 0.05959749221801758, 0.040724992752075195