{'Max_spout': 1.0, 'Spliters': 2.0, 'Counters': 1.0}, {'Max_spout': 1.0, 'Spliters': 2.0, 'Counters': 6.0}, {'Max_spout': 1.0, 'Spliters': 1.0, 'Counters': 9.0}, {'Max_spout': 1.0, 'Spliters': 1.0, 'Counters': 15.0}, {'Max_spout': 1.0, 'Spliters': 1.0, 'Counters': 9.0}, {'Max_spout': 1.0, 'Spliters': 1.0, 'Counters': 15.0}, {'Max_spout': 1.0, 'Spliters': 2.0, 'Counters': 15.0}, {'Max_spout': 1.0, 'Spliters': 2.0, 'Counters': 1.0}, {'Max_spout': 1.0, 'Spliters': 1.0, 'Counters': 3.0}, {'Max_spout': 1.0, 'Spliters': 1.0, 'Counters': 9.0}, {'Max_spout': 1.0, 'Spliters': 2.0, 'Counters': 9.0}, {'Max_spout': 1.0, 'Spliters': 1.0, 'Counters': 6.0}, {'Max_spout': 1.0, 'Spliters': 2.0, 'Counters': 1.0}, {'Max_spout': 1.0, 'Spliters': 6.0, 'Counters': 18.0}, {'Max_spout': 1.0, 'Spliters': 1.0, 'Counters': 12.0}, {'Max_spout': 1.0, 'Spliters': 1.0, 'Counters': 6.0}, {'Max_spout': 1.0, 'Spliters': 1.0, 'Counters': 18.0}, {'Max_spout': 10000.0, 'Spliters': 3.0, 'Counters': 1.0}, {'Max_spout': 1.0, 'Spliters': 1.0, 'Counters': 15.0}, {'Max_spout': 1.0, 'Spliters': 1.0, 'Counters': 18.0}
0.003421972853229538, 0.007622000452152555, 0.0018937558904615903, 0.002165341037543289, 0.0018937558904615903, 0.002165341037543289, 0.005399406329548717, 0.003421972853229538, 0.003421972853229538, 0.0018937558904615903, 0.007009832850352171, 0.003361783712524935, 0.003421972853229538, 0.010017821857759901, 0.0, 0.003361783712524935, 0.0015707897696076722, 0.07676904692697739, 0.002165341037543289, 0.0015707897696076722
0.23394203186035156, 0.13803839683532715, 0.2510073184967041, 0.489426851272583, 0.5327186584472656, 0.09073209762573242, 0.08012151718139648, 0.0749824047088623, 0.10802912712097168, 0.07860779762268066, 0.07411313056945801, 0.053893327713012695, 0.04638338088989258, 0.07430434226989746, 0.1100616455078125, 0.10066938400268555, 0.14759016036987305, 0.09491229057312012, 0.09177994728088379, 0.043149709701538086