{'Max_spout': 1.0, 'Spliters': 1.0, 'Counters': 12.0}, {'Max_spout': 1.0, 'Spliters': 1.0, 'Counters': 18.0}, {'Max_spout': 1.0, 'Spliters': 1.0, 'Counters': 9.0}, {'Max_spout': 1.0, 'Spliters': 1.0, 'Counters': 12.0}, {'Max_spout': 1.0, 'Spliters': 1.0, 'Counters': 12.0}, {'Max_spout': 1.0, 'Spliters': 1.0, 'Counters': 12.0}, {'Max_spout': 1.0, 'Spliters': 1.0, 'Counters': 9.0}, {'Max_spout': 1.0, 'Spliters': 1.0, 'Counters': 12.0}, {'Max_spout': 1.0, 'Spliters': 1.0, 'Counters': 12.0}, {'Max_spout': 1.0, 'Spliters': 1.0, 'Counters': 18.0}, {'Max_spout': 1.0, 'Spliters': 1.0, 'Counters': 12.0}, {'Max_spout': 1.0, 'Spliters': 1.0, 'Counters': 12.0}, {'Max_spout': 1.0, 'Spliters': 1.0, 'Counters': 9.0}, {'Max_spout': 1.0, 'Spliters': 1.0, 'Counters': 12.0}, {'Max_spout': 1.0, 'Spliters': 1.0, 'Counters': 12.0}, {'Max_spout': 1.0, 'Spliters': 1.0, 'Counters': 9.0}, {'Max_spout': 1.0, 'Spliters': 1.0, 'Counters': 12.0}, {'Max_spout': 1.0, 'Spliters': 1.0, 'Counters': 12.0}, {'Max_spout': 1.0, 'Spliters': 1.0, 'Counters': 12.0}, {'Max_spout': 1.0, 'Spliters': 1.0, 'Counters': 18.0}
0.0, 0.0015707897696076722, 0.0018937558904615903, 0.0, 0.0, 0.0, 0.0018937558904615903, 0.0, 0.0, 0.0015707897696076722, 0.0, 0.0, 0.0018937558904615903, 0.0, 0.0, 0.0018937558904615903, 0.0, 0.0, 0.0, 0.0015707897696076722
0.09402012825012207, 0.5600433349609375, 0.9113979339599609, 0.13925719261169434, 0.1427149772644043, 0.14144062995910645, 0.14414238929748535, 0.0895686149597168, 0.1132805347442627, 0.17842769622802734, 0.15043282508850098, 0.1796417236328125, 0.10120558738708496, 0.10638952255249023, 0.1252608299255371, 0.14198541641235352, 0.09783434867858887, 0.09096097946166992, 0.20119643211364746, 0.07946181297302246