{'Max_spout': 1.0, 'Spliters': 1.0, 'Counters': 15.0}, {'Max_spout': 1.0, 'Spliters': 2.0, 'Counters': 1.0}, {'Max_spout': 1.0, 'Spliters': 1.0, 'Counters': 9.0}, {'Max_spout': 1.0, 'Spliters': 1.0, 'Counters': 15.0}, {'Max_spout': 1.0, 'Spliters': 1.0, 'Counters': 9.0}, {'Max_spout': 1.0, 'Spliters': 1.0, 'Counters': 15.0}, {'Max_spout': 1.0, 'Spliters': 2.0, 'Counters': 6.0}, {'Max_spout': 1.0, 'Spliters': 1.0, 'Counters': 15.0}, {'Max_spout': 1.0, 'Spliters': 1.0, 'Counters': 3.0}, {'Max_spout': 1.0, 'Spliters': 1.0, 'Counters': 9.0}, {'Max_spout': 1.0, 'Spliters': 1.0, 'Counters': 9.0}, {'Max_spout': 1.0, 'Spliters': 1.0, 'Counters': 12.0}, {'Max_spout': 1.0, 'Spliters': 1.0, 'Counters': 9.0}, {'Max_spout': 1.0, 'Spliters': 2.0, 'Counters': 1.0}, {'Max_spout': 1.0, 'Spliters': 1.0, 'Counters': 12.0}, {'Max_spout': 1.0, 'Spliters': 1.0, 'Counters': 15.0}, {'Max_spout': 1.0, 'Spliters': 1.0, 'Counters': 18.0}, {'Max_spout': 1.0, 'Spliters': 1.0, 'Counters': 3.0}, {'Max_spout': 1.0, 'Spliters': 1.0, 'Counters': 15.0}, {'Max_spout': 1.0, 'Spliters': 1.0, 'Counters': 18.0}
0.0, 0.0019045801973868182, 0.0012736252462314246, 0.0, 0.0012736252462314246, 0.0, 0.002341395163571347, 0.0, 0.0019296845057882317, 0.0012736252462314246, 0.0012736252462314246, 0.0008150532127657595, 0.0012736252462314246, 0.0019045801973868182, 0.0008150532127657595, 0.0, 0.001956462434749673, 0.0019296845057882317, 0.0, 0.001956462434749673
0.13273334503173828, 0.10883831977844238, 0.10717511177062988, 0.31810855865478516, 0.8736605644226074, 0.08170962333679199, 0.09415626525878906, 0.08054947853088379, 0.09274721145629883, 0.08412456512451172, 0.06916379928588867, 0.08369302749633789, 0.035736083984375, 0.03619647026062012, 0.07643437385559082, 0.07717132568359375, 0.09278273582458496, 0.11285090446472168, 0.0540766716003418, 0.08528852462768555