{'Max_spout': 1.0, 'Spliters': 1.0, 'Counters': 15.0}, {'Max_spout': 1.0, 'Spliters': 1.0, 'Counters': 15.0}, {'Max_spout': 1.0, 'Spliters': 1.0, 'Counters': 15.0}, {'Max_spout': 1.0, 'Spliters': 1.0, 'Counters': 15.0}, {'Max_spout': 1.0, 'Spliters': 1.0, 'Counters': 15.0}, {'Max_spout': 1.0, 'Spliters': 1.0, 'Counters': 15.0}, {'Max_spout': 1.0, 'Spliters': 1.0, 'Counters': 15.0}, {'Max_spout': 1.0, 'Spliters': 1.0, 'Counters': 15.0}, {'Max_spout': 1.0, 'Spliters': 1.0, 'Counters': 12.0}, {'Max_spout': 1.0, 'Spliters': 1.0, 'Counters': 9.0}, {'Max_spout': 1.0, 'Spliters': 1.0, 'Counters': 15.0}, {'Max_spout': 1.0, 'Spliters': 1.0, 'Counters': 12.0}, {'Max_spout': 1.0, 'Spliters': 1.0, 'Counters': 9.0}, {'Max_spout': 1.0, 'Spliters': 1.0, 'Counters': 15.0}, {'Max_spout': 1.0, 'Spliters': 1.0, 'Counters': 12.0}, {'Max_spout': 1.0, 'Spliters': 1.0, 'Counters': 15.0}, {'Max_spout': 1.0, 'Spliters': 1.0, 'Counters': 15.0}, {'Max_spout': 1.0, 'Spliters': 1.0, 'Counters': 12.0}, {'Max_spout': 1.0, 'Spliters': 1.0, 'Counters': 15.0}, {'Max_spout': 1.0, 'Spliters': 1.0, 'Counters': 15.0}
0.0, 0.0, 0.0, 0.0, 0.0, 0.0, 0.0, 0.0, 0.0008150532127657595, 0.0012736252462314246, 0.0, 0.0008150532127657595, 0.0012736252462314246, 0.0, 0.0008150532127657595, 0.0, 0.0, 0.0008150532127657595, 0.0, 0.0
0.13568997383117676, 0.10181045532226562, 0.14525794982910156, 0.1440269947052002, 0.1306006908416748, 0.10967564582824707, 0.08551931381225586, 0.08717203140258789, 0.12796759605407715, 0.12535691261291504, 0.11271309852600098, 0.10553121566772461, 0.08800911903381348, 0.09211921691894531, 0.14730548858642578, 0.10747861862182617, 0.1284942626953125, 0.1555941104888916, 0.07723426818847656, 0.07883810997009277