{'Max_spout': 1.0, 'Spliters': 3.0, 'Counters': 6.0}, {'Max_spout': 1.0, 'Spliters': 6.0, 'Counters': 6.0}, {'Max_spout': 1.0, 'Spliters': 1.0, 'Counters': 9.0}, {'Max_spout': 1.0, 'Spliters': 1.0, 'Counters': 15.0}, {'Max_spout': 1.0, 'Spliters': 2.0, 'Counters': 1.0}, {'Max_spout': 1.0, 'Spliters': 1.0, 'Counters': 1.0}, {'Max_spout': 1.0, 'Spliters': 2.0, 'Counters': 15.0}, {'Max_spout': 1.0, 'Spliters': 2.0, 'Counters': 12.0}, {'Max_spout': 1.0, 'Spliters': 1.0, 'Counters': 3.0}, {'Max_spout': 1.0, 'Spliters': 1.0, 'Counters': 9.0}, {'Max_spout': 10000.0, 'Spliters': 2.0, 'Counters': 1.0}, {'Max_spout': 1.0, 'Spliters': 1.0, 'Counters': 6.0}, {'Max_spout': 100.0, 'Spliters': 1.0, 'Counters': 3.0}, {'Max_spout': 1.0, 'Spliters': 6.0, 'Counters': 18.0}, {'Max_spout': 1.0, 'Spliters': 1.0, 'Counters': 12.0}, {'Max_spout': 1.0, 'Spliters': 1.0, 'Counters': 3.0}, {'Max_spout': 10.0, 'Spliters': 1.0, 'Counters': 1.0}, {'Max_spout': 10000.0, 'Spliters': 3.0, 'Counters': 1.0}, {'Max_spout': 1.0, 'Spliters': 2.0, 'Counters': 12.0}, {'Max_spout': 1.0, 'Spliters': 1.0, 'Counters': 18.0}
0.014104702968696481, 0.014272827794913567, 0.003115159039619231, 0.0037165286103190143, 0.005342812986996237, 0.004705878549212117, 0.005286232516634626, 0.005236118385743005, 0.003166889755378377, 0.003115159039619231, 0.056051847109869546, 0.0020255808389428864, 0.18672848487199878, 0.011702457855632509, 0.0008018260942662669, 0.003166889755378377, 0.06889723046680507, 0.07628502331115383, 0.005236118385743005, 0.0
0.10206747055053711, 0.03417396545410156, 0.08035683631896973, 0.3076350688934326, 0.20445537567138672, 0.6846272945404053, 0.07931327819824219, 0.07553529739379883, 0.06532025337219238, 0.05345726013183594, 0.07328963279724121, 0.06142592430114746, 0.05173850059509277, 0.06047964096069336, 0.06436681747436523, 0.03142857551574707, 0.026410341262817383, 0.048858642578125, 0.04107093811035156, 0.06565737724304199