{
  "incumbent_ids": [
    13
  ],
  "rejected_config_ids": [
    2,
    3,
    4,
    5,
    6,
    7,
    8,
    1,
    10,
    11,
    12,
    9,
    14,
    15,
    16,
    17,
    18,
    19,
    20,
    21,
    22,
    23,
    24
  ],
  "incumbents_changed": 3,
  "trajectory": [
    {
      "config_ids": [
        1
      ],
      "costs": [
        0.20500553776257502
      ],
      "trial": 1,
      "walltime": 0.01408076286315918
    },
    {
      "config_ids": [
        9
      ],
      "costs": [
        0.15389615290198044
      ],
      "trial": 9,
      "walltime": 3.4083805084228516
    },
    {
      "config_ids": [
        13
      ],
      "costs": [
        0.08090273981342999
      ],
      "trial": 13,
      "walltime": 6.890894412994385
    }
  ],
  "state": {
    "queue": [
      [
        24,
        1
      ]
    ]
  }
}