{
  "incumbent_ids": [
    4
  ],
  "rejected_config_ids": [
    2,
    1,
    3,
    5,
    6
  ],
  "incumbents_changed": 3,
  "trajectory": [
    {
      "config_ids": [
        1
      ],
      "costs": [
        0.09491766485503117
      ],
      "trial": 1,
      "walltime": 0.0040476322174072266
    },
    {
      "config_ids": [
        3
      ],
      "costs": [
        0.020063857131398577
      ],
      "trial": 3,
      "walltime": 0.8041074275970459
    },
    {
      "config_ids": [
        4
      ],
      "costs": [
        0.002729254132783132
      ],
      "trial": 4,
      "walltime": 0.810438871383667
    }
  ],
  "state": {
    "queue": [
      [
        6,
        1
      ]
    ]
  }
}