{"config": {"Criticality": 0.1963647804247058, "Criticality Modifier": 0.125303700757263, "Culture": 0.2068990205433503, "Dynamism": 0.0569618031584973, "Initial Known": 0.3382855008435295, "Inter-Dependency": 0.5279999923297043, "Plan": 0.5653053511193705, "Size": 0.4220730627300633, "Team Size": 0.1689778183852753}, "score": 0.04677853078829375, "info": {}}