{
  "stats": {
    "submitted": 24,
    "finished": 24,
    "running": 0
  },
  "data": [
    [
      1,
      null,
      378518883,
      null,
      0.2922076240021978,
      0.0007708072662353516,
      1,
      1763363382.5038798,
      1763363382.5062017,
      {}
    ],
    [
      2,
      null,
      378518883,
      null,
      0.37901392139468615,
      0.0007529258728027344,
      1,
      1763363382.509542,
      1763363382.5117066,
      {}
    ],
    [
      3,
      null,
      378518883,
      null,
      0.3121476327635866,
      0.0010995864868164062,
      1,
      1763363383.3573415,
      1763363383.3600907,
      {}
    ],
    [
      4,
      null,
      378518883,
      null,
      0.28587553584968883,
      0.0005290508270263672,
      1,
      1763363383.36433,
      1763363383.3662043,
      {}
    ],
    [
      5,
      null,
      378518883,
      null,
      0.2773906591177071,
      0.0005602836608886719,
      1,
      1763363383.370972,
      1763363383.3730347,
      {}
    ],
    [
      6,
      null,
      378518883,
      null,
      0.16676756180268404,
      0.0005762577056884766,
      1,
      1763363383.3780708,
      1763363383.3801003,
      {}
    ],
    [
      7,
      null,
      378518883,
      null,
      0.3421113196927974,
      0.0004055500030517578,
      1,
      1763363383.386085,
      1763363383.3878884,
      {}
    ],
    [
      8,
      null,
      378518883,
      null,
      0.30103409624902167,
      0.0005848407745361328,
      1,
      1763363383.3927083,
      1763363383.394625,
      {}
    ],
    [
      9,
      null,
      378518883,
      null,
      0.3125448613310682,
      0.0005495548248291016,
      1,
      1763363383.3997805,
      1763363383.4016614,
      {}
    ],
    [
      10,
      null,
      378518883,
      null,
      0.3040234398440079,
      0.0005497932434082031,
      1,
      1763363383.4069903,
      1763363383.4090955,
      {}
    ],
    [
      11,
      null,
      378518883,
      null,
      0.4002747429631599,
      0.0010933876037597656,
      1,
      1763363384.117668,
      1763363384.1202571,
      {}
    ],
    [
      12,
      null,
      378518883,
      null,
      0.04966486603196063,
      0.0005462169647216797,
      1,
      1763363384.126887,
      1763363384.1288028,
      {}
    ],
    [
      13,
      null,
      378518883,
      null,
      0.2816043813523226,
      0.0005815029144287109,
      1,
      1763363384.1354306,
      1763363384.1373706,
      {}
    ],
    [
      14,
      null,
      378518883,
      null,
      0.4002747429631599,
      0.0002963542938232422,
      1,
      1763363384.1435597,
      1763363384.145174,
      {}
    ],
    [
      15,
      null,
      378518883,
      null,
      0.018943919732755443,
      0.0005440711975097656,
      1,
      1763363384.151532,
      1763363384.153397,
      {}
    ],
    [
      16,
      null,
      378518883,
      null,
      0.03068700304183547,
      0.0005679130554199219,
      1,
      1763363384.1607625,
      1763363384.1626585,
      {}
    ],
    [
      17,
      null,
      378518883,
      null,
      0.04030435505021435,
      0.0005664825439453125,
      1,
      1763363384.1696556,
      1763363384.171541,
      {}
    ],
    [
      18,
      null,
      378518883,
      null,
      0.4782897301088733,
      0.0006051063537597656,
      1,
      1763363384.1792686,
      1763363384.1813142,
      {}
    ],
    [
      19,
      null,
      378518883,
      null,
      0.04966486603196063,
      0.0002968311309814453,
      1,
      1763363384.1974373,
      1763363384.1991436,
      {}
    ],
    [
      20,
      null,
      378518883,
      null,
      0.5477177828410976,
      0.001087188720703125,
      1,
      1763363385.1242635,
      1763363385.126939,
      {}
    ],
    [
      21,
      null,
      378518883,
      null,
      0.11685787181829976,
      0.0005402565002441406,
      1,
      1763363385.135477,
      1763363385.1373699,
      {}
    ],
    [
      22,
      null,
      378518883,
      null,
      0.14333147442357785,
      0.0006251335144042969,
      1,
      1763363385.1453156,
      1763363385.147252,
      {}
    ],
    [
      23,
      null,
      378518883,
      null,
      0.11685787181829976,
      0.0002541542053222656,
      1,
      1763363385.1554825,
      1763363385.1571705,
      {}
    ],
    [
      24,
      null,
      378518883,
      null,
      0.5355215972454476,
      0.0007119178771972656,
      1,
      1763363385.1660979,
      1763363385.1683629,
      {}
    ]
  ],
  "configs": {
    "1": {
      "data_alignFieldPointers": 0,
      "explorationId": 3,
      "no_explorationId": 0,
      "opt_unroll": 3,
      "opt_unroll_interleave": 1,
      "opt_useAddressPrecalc": 1,
      "opt_vectorize": 0,
      "poly_tileSize_x": 10,
      "poly_tileSize_y": 20,
      "poly_tileSize_z": 10,
      "simd_avoidUnaligned": 1
    },
    "2": {
      "data_alignFieldPointers": 1,
      "explorationId": 0,
      "no_explorationId": 1,
      "opt_unroll": 2,
      "opt_unroll_interleave": 0,
      "opt_useAddressPrecalc": 0,
      "opt_vectorize": 1,
      "poly_tileSize_x": 64,
      "poly_tileSize_y": 128,
      "poly_tileSize_z": 128,
      "simd_avoidUnaligned": 0
    },
    "3": {
      "data_alignFieldPointers": 0,
      "explorationId": 0,
      "no_explorationId": 0,
      "opt_unroll": 4,
      "opt_unroll_interleave": 1,
      "opt_useAddressPrecalc": 1,
      "opt_vectorize": 0,
      "poly_tileSize_x": 8,
      "poly_tileSize_y": 16,
      "poly_tileSize_z": 64,
      "simd_avoidUnaligned": 1
    },
    "4": {
      "data_alignFieldPointers": 0,
      "explorationId": 3,
      "no_explorationId": 0,
      "opt_unroll": 4,
      "opt_unroll_interleave": 1,
      "opt_useAddressPrecalc": 1,
      "opt_vectorize": 0,
      "poly_tileSize_x": 64,
      "poly_tileSize_y": 20,
      "poly_tileSize_z": 0,
      "simd_avoidUnaligned": 1
    },
    "5": {
      "data_alignFieldPointers": 0,
      "explorationId": 1,
      "no_explorationId": 0,
      "opt_unroll": 1,
      "opt_unroll_interleave": 1,
      "opt_useAddressPrecalc": 1,
      "opt_vectorize": 0,
      "poly_tileSize_x": 32,
      "poly_tileSize_y": 20,
      "poly_tileSize_z": 10,
      "simd_avoidUnaligned": 1
    },
    "6": {
      "data_alignFieldPointers": 0,
      "explorationId": 0,
      "no_explorationId": 0,
      "opt_unroll": 1,
      "opt_unroll_interleave": 0,
      "opt_useAddressPrecalc": 0,
      "opt_vectorize": 0,
      "poly_tileSize_x": 64,
      "poly_tileSize_y": 10,
      "poly_tileSize_z": 20,
      "simd_avoidUnaligned": 1
    },
    "7": {
      "data_alignFieldPointers": 0,
      "explorationId": 4,
      "no_explorationId": 0,
      "opt_unroll": 4,
      "opt_unroll_interleave": 1,
      "opt_useAddressPrecalc": 1,
      "opt_vectorize": 1,
      "poly_tileSize_x": 16,
      "poly_tileSize_y": 20,
      "poly_tileSize_z": 0,
      "simd_avoidUnaligned": 0
    },
    "8": {
      "data_alignFieldPointers": 0,
      "explorationId": 3,
      "no_explorationId": 0,
      "opt_unroll": 3,
      "opt_unroll_interleave": 1,
      "opt_useAddressPrecalc": 0,
      "opt_vectorize": 0,
      "poly_tileSize_x": 16,
      "poly_tileSize_y": 16,
      "poly_tileSize_z": 10,
      "simd_avoidUnaligned": 1
    },
    "9": {
      "data_alignFieldPointers": 0,
      "explorationId": 3,
      "no_explorationId": 0,
      "opt_unroll": 4,
      "opt_unroll_interleave": 1,
      "opt_useAddressPrecalc": 0,
      "opt_vectorize": 0,
      "poly_tileSize_x": 8,
      "poly_tileSize_y": 16,
      "poly_tileSize_z": 10,
      "simd_avoidUnaligned": 1
    },
    "10": {
      "data_alignFieldPointers": 0,
      "explorationId": 0,
      "no_explorationId": 0,
      "opt_unroll": 3,
      "opt_unroll_interleave": 1,
      "opt_useAddressPrecalc": 0,
      "opt_vectorize": 0,
      "poly_tileSize_x": 10,