{
  "incumbent_ids": [
    3
  ],
  "rejected_config_ids": [
    2,
    1,
    4,
    5,
    6,
    7,
    8,
    9
  ],
  "incumbents_changed": 2,
  "trajectory": [
    {
      "config_ids": [
        1
      ],
      "costs": [
        0.6024141353089506
      ],
      "trial": 1,
      "walltime": 2.2883353233337402
    },
    {
      "config_ids": [
        3
      ],
      "costs": [
        0.6008654179321522
      ],
      "trial": 3,
      "walltime": 86.54200553894043
    }
  ],
  "state": {
    "queue": []
  }
}