{
  "stats": {
    "submitted": 12,
    "finished": 12,
    "running": 0
  },
  "data": [
    [
      1,
      null,
      418903645,
      null,
      0.3553552082416236,
      0.001165628433227539,
      1,
      1763449302.2230666,
      1763449302.2259777,
      {}
    ],
    [
      2,
      null,
      418903645,
      null,
      0.3684289911818841,
      0.00127410888671875,
      1,
      1763449302.2372928,
      1763449302.2410948,
      {}
    ],
    [
      3,
      null,
      418903645,
      null,
      0.288780701033033,
      0.0014035701751708984,
      1,
      1763449304.95876,
      1763449304.962563,
      {}
    ],
    [
      4,
      null,
      418903645,
      null,
      0.4626522063352908,
      0.0013036727905273438,
      1,
      1763449304.9722385,
      1763449304.9755566,
      {}
    ],
    [
      5,
      null,
      418903645,
      null,
      0.4167740180175906,
      0.0015380382537841797,
      1,
      1763449304.987081,
      1763449304.9909322,
      {}
    ],
    [
      6,
      null,
      418903645,
      null,
      0.4576842046187535,
      0.0017311573028564453,
      1,
      1763449305.003619,
      1763449305.0088043,
      {}
    ],
    [
      7,
      null,
      418903645,
      null,
      0.2992013752766034,
      0.0016148090362548828,
      1,
      1763449305.0235982,
      1763449305.028449,
      {}
    ],
    [
      8,
      null,
      418903645,
      null,
      0.4857035007569135,
      0.0015573501586914062,
      1,
      1763449305.0433657,
      1763449305.0481842,
      {}
    ],
    [
      9,
      null,
      418903645,
      null,
      0.46917511386189203,
      0.0018041133880615234,
      1,
      1763449305.0642912,
      1763449305.069647,
      {}
    ],
    [
      10,
      null,
      418903645,
      null,
      0.5158309298347865,
      0.0013921260833740234,
      1,
      1763449307.7398705,
      1763449307.7431202,
      {}
    ],
    [
      11,
      null,
      418903645,
      null,
      0.48537336033265244,
      0.0009751319885253906,
      1,
      1763449307.7524123,
      1763449307.7549772,
      {}
    ],
    [
      12,
      null,
      418903645,
      null,
      0.5191117914576344,
      0.0009531974792480469,
      1,
      1763449307.7641857,
      1763449307.7667656,
      {}
    ]
  ],
  "configs": {
    "1": {
      " ACAP": 4.731477674096823,
      " ARCH": 3.6608729921281338,
      " CPLx": 3.943046363070607,
      " DATA": 4.778658043593168,
      " DOCU": 4.23173775151372,
      " FLEx": 1.8329604752361774,
      " LTEx": 3.045503966510296,
      " PCAP": 1.609348725527525,
      " PCON": 1.8560218289494514,
      " PMAT": 2.288195615634322,
      " PREC": 4.179235779680312,
      " PVOL": 3.468468716368079,
      " RELY": 3.0841603949666023,
      " RUSE": 5.939907558262348,
      " SCED": 3.8651495575904846,
      " SITE": 4.218197859823704,
      " STOR": 4.729682810604572,
      " TEAM": 3.91842891369015,
      " TIME": 4.940609559416771,
      " TOOL": 1.2028740905225277
    },
    "2": {
      " ACAP": 1.3901344069978063,
      " ARCH": 4.806248583374281,
      " CPLx": 2.234689865831635,
      " DATA": 2.4143950624289587,
      " DOCU": 2.325786253083726,
      " FLEx": 1.4149978250344644,
      " LTEx": 3.6879083251218665,
      " PCAP": 4.22637519264663,
      " PCON": 4.930967658176856,
      " PMAT": 4.178303673984263,
      " PREC": 2.0796162802359017,
      " PVOL": 3.647082296252839,
      " RELY": 3.1822398320369043,
      " RUSE": 2.9363042925880065,
      " SCED": 1.4549033720283178,
      " SITE": 2.9986370681958188,
      " STOR": 3.456325267265364,
      " TEAM": 3.6634304027863482,
      " TIME": 4.1610203053396475,
      " TOOL": 3.7533095336886575
    },
    "3": {
      " ACAP": 4.715172945706694,
      " ARCH": 1.6716744372377232,
      " CPLx": 1.419029911670911,
      " DATA": 2.185884601934895,
      " DOCU": 2.344777937381746,
      " FLEx": 3.4574199650665154,
      " LTEx": 1.7141275300800998,
      " PCAP": 2.2304165560155353,
      " PCON": 1.8124421064568508,
      " PMAT": 5.092574050915047,
      " PREC": 4.99354867359539,
      " PVOL": 2.8520451240702016,
      " RELY": 4.779118872335525,
      " RUSE": 5.059444672429758,
      " SCED": 2.2477048806479316,
      " SITE": 2.497412002113936,
      " STOR": 4.928216988081543,
      " TEAM": 2.942906529934624,
      " TIME": 3.4035821500408403,
      " TOOL": 4.349744817449629
    },
    "4": {
      " ACAP": 1.353494860603535,
      " ARCH": 2.594724227757087,
      " CPLx": 4.926386535491433,
      " DATA": 2.501783037618643,
      " DOCU": 2.2426432449974874,
      " FLEx": 3.2774239400888074,
      " LTEx": 2.887262838610879,
      " PCAP": 2.409046105736299,
      " PCON": 2.9424234458957947,
      " PMAT": 1.7884038394320423,
      " PREC": 3.1538353943556867,
      " PVOL": 2.277868246509154,
      " RELY": 3.611561662202875,
      " RUSE": 5.992742127788417,
      " SCED": 3.7842086959935313,
      " SITE": 3.95638942297181,
      " STOR": 3.574648722156575,
      " TEAM": 1.237320208999125,
      " TIME": 5.288127897100326,
      " TOOL": 1.903015631683949
    },
    "5": {
      " ACAP": 2.083450238717535,
      " ARCH": 4.7908063535847685,
      " CPLx": 3.258035744008016,
      " DATA": 4.020362906178588,
      " DOCU": 1.8509555857179683,
      " FLEx": 3.812659549498196,
      " LTEx": 2.818058573803901,
      " PCAP": 3.656392080226273,
      " PCON": 4.760780536419152,
      " PMAT": 5.633560884189251,
      " PREC": 5.34016491063603,
      " PVOL": 3.286601842382369,
      " RELY": 2.3906011954562305,
      " RUSE": 4.635581512044627,
      " SCED": 4.984339472111472,
      " SITE": 1.7502390651792537,
      " STOR": 3.0524152887202973,
      " TEAM": 5.620993282569574,
      " TIME": 3.454632177312547,
      " TOOL": 2.546789802726341
    },
    "6": {
      " ACAP": 1.6327256492647555,
      " ARCH": 2.514133263456459,
      " CPLx": 4.722309127065453,
      " DATA": 3.8465295203702965,
      " DOCU": 2.0016446857973285,
      " FLEx": 5.467187534404444,
      " LTEx": 4.097338015026898,
      " PCAP": 3.2974218533041757,
      " PCON": 3.987710408674142,
      " PMAT": 4.029128472095975,
      " PREC": 4.466924462267157,
      " PVOL": 4.810580515258727,
      " RELY": 3.176336395801164,
      " RUSE": 5.2919958254089465,
      " SCED": 4.033982123779143,
      " SITE": 3.8440081730770084,
      " STOR": 5.739288644499434,
      " TEAM": 5.007235033390856,
      " TIME": 4.3551102679348705,
      " TOOL": 1.359410304225845
    },
    "7": {
      " ACAP": 3.0411287868680312,
      " ARCH": 2.4717528373737894,
      " CPLx": 4.329008448013001,
      " DATA": 3.4485215875755,
      " DOCU": 3.0535480414623146,
      " FLEx": 3.3327931728164786,
      " LTEx": 4.773092895987421,
      " PCAP": 3.063935693463498,
      " PCON": 2.0870246978786584,
      " PMAT": 3.932794330661816,
      " PREC": 5.68932536331463,
      " PVOL": 2.878799003737202,
      " RELY": 2.5208033104512655,
      " RUSE": 3.774244083194504,
      " SCED": 3.1727335670884087,
      " SITE": 4.694740572929623,
      " STOR": 5.823540041641441,
      " TEAM": 4.683068461160251,
      " TIME": 4.3289890414473415,
      " TOOL": 2.7773190873914997
    },
    "8": {
      " ACAP": 1.2121508835444215,
      " ARCH": 2.008601543655717,
      " CPLx": 1.5757972083735825,
      " DATA": 2.9673460098447526,
      " DOCU": 1.7606919427347143,
      " FLEx": 2.6402830566938893,
      " LTEx": 4.478659225510447,
      " PCAP": 3.3748362480064613,
      " PCON": 4.828220748846801,
      " PMAT": 1.289800605679661,
      " PREC": 1.3419516269913199,
      " PVOL": 2.291952314827159,
      " RELY": 3.789674076241838,
      " RUSE": 4.683548212892108,
      " SCED": 2.8889199976440016,
      " SITE": 2.8307565828612002,
      " STOR": 3.2112517431462018,
      " TEAM": 5.221552213138717,
      " TIME": 4.961540758132541,
      " TOOL": 3.8200760137772445
    },