{
  "incumbent_ids": [
    5
  ],
  "rejected_config_ids": [
    1,
    3,
    4,
    2,
    6
  ],
  "incumbents_changed": 3,
  "trajectory": [
    {
      "config_ids": [
        1
      ],
      "costs": [
        0.6658526192944417
      ],
      "trial": 1,
      "walltime": 0.016327857971191406
    },
    {
      "config_ids": [
        2
      ],
      "costs": [
        0.5876668691659979
      ],
      "trial": 2,
      "walltime": 9.986982107162476
    },
    {
      "config_ids": [
        5
      ],
      "costs": [
        0.518896592622416
      ],
      "trial": 5,
      "walltime": 10.077154874801636
    }
  ],
  "state": {
    "queue": [
      [
        6,
        1
      ]
    ]
  }
}