{"config": {"Criticality": 0.3036099464523055, "Criticality Modifier": 0.9736927142032508, "Culture": 0.4007658881184497, "Dynamism": 0.7093775971629108, "Initial Known": 0.2234264283592165, "Inter-Dependency": 0.9194148280665077, "Plan": 0.0896219435063913, "Size": 0.3450247535118854, "Team Size": 0.5449550589239041}, "score": 0.3942639267050062, "info": {}}