{
  "incumbent_ids": [
    2
  ],
  "rejected_config_ids": [
    1,
    3,
    4,
    5,
    6,
    7,
    8,
    9,
    10,
    11,
    12,
    13,
    14,
    15,
    16,
    17,
    18,
    19,
    20
  ],
  "incumbents_changed": 2,
  "trajectory": [
    {
      "config_ids": [
        1
      ],
      "costs": [
        0.0004207756160904408
      ],
      "trial": 1,
      "walltime": 0.7242820262908936
    },
    {
      "config_ids": [
        2
      ],
      "costs": [
        6.558963004388296e-06
      ],
      "trial": 2,
      "walltime": 1.6824603080749512
    }
  ],
  "state": {
    "queue": []
  }
}