{
  "stats": {
    "submitted": 18,
    "finished": 18,
    "running": 0
  },
  "data": [
    [
      1,
      null,
      218175338,
      null,
      0.3059660290250654,
      0.002062082290649414,
      1,
      1763450101.774922,
      1763450101.7787058,
      {}
    ],
    [
      2,
      null,
      218175338,
      null,
      0.18450938948853812,
      0.0018494129180908203,
      1,
      1763450103.7525902,
      1763450103.755744,
      {}
    ],
    [
      3,
      null,
      218175338,
      null,
      0.5770558589714494,
      0.0005800724029541016,
      1,
      1763450103.7607715,
      1763450103.7624624,
      {}
    ],
    [
      4,
      null,
      218175338,
      null,
      0.5073553700397284,
      0.0006704330444335938,
      1,
      1763450103.7662988,
      1763450103.7680275,
      {}
    ],
    [
      5,
      null,
      218175338,
      null,
      0.3772096653023971,
      0.0009353160858154297,
      1,
      1763450103.7727437,
      1763450103.774924,
      {}
    ],
    [
      6,
      null,
      218175338,
      null,
      0.38639328619027047,
      0.0007543563842773438,
      1,
      1763450103.779672,
      1763450103.7817662,
      {}
    ],
    [
      7,
      null,
      218175338,
      null,
      0.2342922008723599,
      0.0007042884826660156,
      1,
      1763450103.7865896,
      1763450103.7883906,
      {}
    ],
    [
      8,
      null,
      218175338,
      null,
      0.20820611698533464,
      0.0009617805480957031,
      1,
      1763450103.7942846,
      1763450103.7965784,
      {}
    ],
    [
      9,
      null,
      218175338,
      null,
      0.2847869068684561,
      0.0006878376007080078,
      1,
      1763450103.8017604,
      1763450103.8034978,
      {}
    ],
    [
      10,
      null,
      218175338,
      null,
      0.31247012089328363,
      0.0008502006530761719,
      1,
      1763450103.825428,
      1763450103.8274086,
      {}
    ],
    [
      11,
      null,
      218175338,
      null,
      0.4839837622856419,
      0.001344442367553711,
      1,
      1763450105.7077374,
      1763450105.7103035,
      {}
    ],
    [
      12,
      null,
      218175338,
      null,
      0.4048365333966042,
      0.0008311271667480469,
      1,
      1763450105.7162707,
      1763450105.7181134,
      {}
    ],
    [
      13,
      null,
      218175338,
      null,
      0.36360691654042077,
      0.0007672309875488281,
      1,
      1763450105.7239914,
      1763450105.7257645,
      {}
    ],
    [
      14,
      null,
      218175338,
      null,
      0.3129685741312048,
      0.0008242130279541016,
      1,
      1763450105.731831,
      1763450105.7336683,
      {}
    ],
    [
      15,
      null,
      218175338,
      null,
      0.18450938948853812,
      0.0005030632019042969,
      1,
      1763450105.7397091,
      1763450105.7412322,
      {}
    ],
    [
      16,
      null,
      218175338,
      null,
      0.3059660290250654,
      0.0006728172302246094,
      1,
      1763450105.7476625,
      1763450105.7493784,
      {}
    ],
    [
      17,
      null,
      218175338,
      null,
      0.5357074954436944,
      0.001110076904296875,
      1,
      1763450105.7561507,
      1763450105.7583904,
      {}
    ],
    [
      18,
      null,
      218175338,
      null,
      0.31995431677293296,
      0.0012447834014892578,
      1,
      1763450105.7759342,
      1763450105.7784102,
      {}
    ]
  ],
  "configs": {
    "1": {
      "Criticality": 0.7436529859265631,
      "Criticality Modifier": 0.34400033272494923,
      "Culture": 0.3183693102234617,
      "Dynamism": 0.4496819439771203,
      "Initial Known": 0.2948576571722774,
      "Inter-Dependency": 0.5886546931604447,
      "Plan": 0.5249818679845444,
      "Size": 0.6077723253302253,
      "Team Size": 0.2482100669567301
    },
    "2": {
      "Criticality": 0.7436529859265631,
      "Criticality Modifier": 0.3401363061763657,
      "Culture": 0.335812322875339,
      "Dynamism": 0.3874513985122269,
      "Initial Known": 0.18468029019987325,
      "Inter-Dependency": 0.5886546931604447,
      "Plan": 0.5249818679845444,
      "Size": 0.5751022063801838,
      "Team Size": 0.2584762198867232
    },
    "3": {
      "Criticality": 0.9991324703705879,
      "Criticality Modifier": 0.951481661019008,
      "Culture": 0.856646318594634,
      "Dynamism": 0.14154596409709141,
      "Initial Known": 0.8541007871883594,
      "Inter-Dependency": 0.7917796209460656,
      "Plan": 0.4069207743670027,
      "Size": 0.9120521407789678,
      "Team Size": 0.9960112664596501
    },
    "4": {
      "Criticality": 0.9990174964111967,
      "Criticality Modifier": 0.44611924793941465,
      "Culture": 0.11829440198055187,
      "Dynamism": 0.9777593986007879,
      "Initial Known": 0.5959614784600662,
      "Inter-Dependency": 0.5469092447613059,
      "Plan": 0.641871503239099,
      "Size": 0.7387153003193611,
      "Team Size": 0.934774010270503
    },
    "5": {
      "Criticality": 0.9705617908934521,
      "Criticality Modifier": 0.05892314665589465,
      "Culture": 0.38684326041496153,
      "Dynamism": 0.4970841698176401,
      "Initial Known": 0.9793239825840944,
      "Inter-Dependency": 0.5184268680414864,
      "Plan": 0.23374683498545876,
      "Size": 0.8374512830356673,
      "Team Size": 0.9742542398958152
    },
    "6": {
      "Criticality": 0.9998081389718533,
      "Criticality Modifier": 0.29334800917308457,
      "Culture": 0.7518632805045327,
      "Dynamism": 0.07222135929948513,
      "Initial Known": 0.31122482020053077,
      "Inter-Dependency": 0.8982041351523962,
      "Plan": 0.10492996673462138,
      "Size": 0.5815696694536441,
      "Team Size": 0.5695151416992063
    },
    "7": {
      "Criticality": 0.11825736951854722,
      "Criticality Modifier": 0.5963791531806155,
      "Culture": 0.16234406295550072,
      "Dynamism": 0.9456116357868098,
      "Initial Known": 0.6616933824914646,
      "Inter-Dependency": 0.6164359819042907,
      "Plan": 0.23135029061630666,
      "Size": 0.863138569684038,
      "Team Size": 0.29291067289479433
    },
    "8": {
      "Criticality": 0.2033203359773323,
      "Criticality Modifier": 0.05250167160306745,
      "Culture": 0.9715691639145654,
      "Dynamism": 0.7584508228954947,
      "Initial Known": 0.618663223383816,
      "Inter-Dependency": 0.9082128649273405,
      "Plan": 0.3690556566431211,
      "Size": 0.17683353144809386,
      "Team Size": 0.30740680333342985
    },
    "9": {
      "Criticality": 0.49343974404583757,
      "Criticality Modifier": 0.655861251849191,
      "Culture": 0.7264857017291126,
      "Dynamism": 0.07168199321995487,
      "Initial Known": 0.9581052898057363,
      "Inter-Dependency": 0.3160485661769239,
      "Plan": 0.9497025440566551,
      "Size": 0.2170997347291444,
      "Team Size": 0.331415394602181
    },
    "10": {
      "Criticality": 0.15398330181235478,
      "Criticality Modifier": 0.07404888565739996,
      "Culture": 0.8152136097191535,
      "Dynamism": 0.8120763564762001,
      "Initial Known": 0.432393251028079,
      "Inter-Dependency": 0.855399454282599,
      "Plan": 0.7970807084420126,
      "Size": 0.05081232363520671,
      "Team Size": 0.23532034469195412
    },
    "11": {
      "Criticality": 0.7757534316411128,
      "Criticality Modifier": 0.23329893924329065,
      "Culture": 0.577408306226253,
      "Dynamism": 0.4809986819093648,
      "Initial Known": 0.13699789833254603,
      "Inter-Dependency": 0.4821388572978448,
      "Plan": 0.8446203389730162,
      "Size": 0.5601574843177135,
      "Team Size": 0.027594120007606877
    },
    "12": {
      "Criticality": 0.19044239286098316,
      "Criticality Modifier": 0.26097390502664247,
      "Culture": 0.025981622275993946,
      "Dynamism": 0.4740310908863629,
      "Initial Known": 0.6012550490665,
      "Inter-Dependency": 0.2775659323794854,
      "Plan": 0.16758130147341357,