{
  "DE_params": {
    "mutation_factor": 0.5,
    "crossover_prob": 0.5,
    "strategy": "rand1_bin",
    "configspace": true,
    "boundary_fix_type": "random",
    "max_age": Infinity,
    "dimensions": 19,
    "output_path": "../results/tmp/DEHB_tmp/dehb_20251208-050207_3b08",
    "async_strategy": "immediate"
  },
  "HB_params": {
    "min_fidelity": 1,
    "max_fidelity": 10,
    "min_clip": null,
    "max_clip": null,
    "eta": 3
  },
  "internals": {
    "initial_configs": [
      {
        "config_id": 0,
        "config": [
          0.5,
          0.0,
          0.0,
          0.030668749112594065,
          0.5,
          0.6666666666666666,
          0.5,
          0.6666666666666666,
          0.6666666666666666,
          0.3333333333333333,
          0.3333333333333333,
          0.0,
          0.0,
          0.0,
          0.0,
          0.3333333333333333,
          0.0,
          0.6666666666666666,
          0.958904109589041
        ],
        "results": {
          "1.1111111111111112": {
            "score": Infinity,
            "cost": -1,
            "info": {}
          }
        }
      },
      {
        "config_id": 1,
        "config": [
          0.0,
          0.0,
          0.3333333333333333,
          0.5376970041175635,
          0.5,
          0.0,
          0.0,
          0.3333333333333333,
          0.6666666666666666,
          0.0,
          0.0,
          0.0,
          0.5,
          0.5,
          0.5,
          0.0,
          0.6666666666666666,
          0.6666666666666666,
          0.4520547945205479
        ],
        "results": {
          "1.1111111111111112": {
            "score": Infinity,
            "cost": -1,
            "info": {}
          }
        }
      },
      {
        "config_id": 2,
        "config": [
          0.0,
          0.0,
          0.6666666666666666,
          0.8767570637512424,
          0.0,
          0.0,
          0.0,
          0.0,
          0.3333333333333333,
          0.0,
          0.6666666666666666,
          0.5,
          0.5,
          0.0,
          0.5,
          0.3333333333333333,
          0.6666666666666666,
          0.6666666666666666,
          0.0821917808219178
        ],
        "results": {
          "1.1111111111111112": {
            "score": Infinity,
            "cost": -1,
            "info": {}
          }
        }
      },
      {
        "config_id": 3,
        "config": [
          0.5,
          0.5,
          0.6666666666666666,
          0.05736191963651853,
          0.0,
          0.0,
          0.5,
          0.3333333333333333,
          0.3333333333333333,
          0.6666666666666666,
          0.6666666666666666,
          0.0,
          0.0,
          0.5,
          0.5,
          0.3333333333333333,
          0.6666666666666666,
          0.0,
          0.3835616438356164
        ],
        "results": {
          "1.1111111111111112": {
            "score": Infinity,
            "cost": -1,
            "info": {}
          }
        }
      },
      {
        "config_id": 4,
        "config": [
          0.5,
          0.0,
          0.3333333333333333,
          0.6906147948317478,
          0.5,
          0.3333333333333333,
          0.0,
          0.6666666666666666,
          0.3333333333333333,
          0.0,
          0.3333333333333333,
          0.0,
          0.0,
          0.5,
          0.0,
          0.0,
          0.0,
          0.3333333333333333,
          0.273972602739726
        ],
        "results": {
          "1.1111111111111112": {
            "score": Infinity,
            "cost": -1,
            "info": {}
          }
        }
      },
      {
        "config_id": 5,
        "config": [
          0.5,
          0.5,
          0.0,
          0.7777935538832884,
          0.0,
          0.0,
          0.0,
          0.0,
          0.0,
          0.6666666666666666,
          0.3333333333333333,
          0.5,
          0.5,
          0.0,
          0.0,
          0.3333333333333333,
          0.0,
          0.0,
          0.4657534246575342
        ],
        "results": {
          "1.1111111111111112": {
            "score": Infinity,
            "cost": -1,
            "info": {}
          }
        }
      },
      {
        "config_id": 6,
        "config": [
          0.5,
          0.5,
          0.6666666666666666,
          0.9667755217946897,
          0.0,
          0.0,
          0.5,
          0.6666666666666666,
          0.0,
          0.3333333333333333,
          0.3333333333333333,
          0.0,
          0.5,
          0.25,
          0.5,
          0.3333333333333333,
          0.6666666666666666,
          0.3333333333333333,
          0.1232876712328767
        ],
        "results": {
          "1.1111111111111112": {
            "score": Infinity,
            "cost": -1,
            "info": {}
          }
        }
      },
      {
        "config_id": 7,
        "config": [
          0.5,
          0.5,
          0.6666666666666666,
          0.4613091012352691,
          0.5,
          0.6666666666666666,
          0.0,
          0.6666666666666666,
          0.0,
          0.6666666666666666,
          0.6666666666666666,
          0.5,
          0.0,
          0.75,
          0.0,
          0.3333333333333333,
          0.0,
          0.3333333333333333,
          0.273972602739726
        ],
        "results": {
          "1.1111111111111112": {
            "score": Infinity,
            "cost": -1,
            "info": {}
          }
        }
      },
      {
        "config_id": 8,
        "config": [
          0.0,
          0.0,
          0.3333333333333333,
          0.46230299588243645,
          0.5,
          0.6666666666666666,
          0.0,
          0.0,
          0.6666666666666666,
          0.3333333333333333,
          0.6666666666666666,
          0.0,
          0.0,
          0.75,
          0.5,
          0.3333333333333333,
          0.0,
          0.6666666666666666,
          0.1095890410958904
        ],
        "results": {
          "1.1111111111111112": {
            "score": Infinity,
            "cost": -1,
            "info": {}
          }
        }
      },
      {
        "config_id": 9,
        "config": [
          0.5,
          0.5,
          0.0,
          0.10364901320460031,
          0.0,
          0.3333333333333333,
          0.0,
          0.6666666666666666,
          0.3333333333333333,
          0.0,
          0.0,
          0.5,
          0.5,
          0.75,
          0.5,
          0.3333333333333333,
          0.6666666666666666,
          0.3333333333333333,
          0.9452054794520548
        ],
        "results": {
          "3.333333333333333": {
            "score": Infinity,
            "cost": -1,
            "info": {}
          }
        }
      },
      {
        "config_id": 10,
        "config": [
          0.5,
          0.5,
          0.3333333333333333,
          0.15149794121823087,
          0.0,
          0.3333333333333333,
          0.0,
          0.6666666666666666,
          0.0,
          0.6666666666666666,
          0.0,
          0.5,
          0.0,
          0.25,
          0.5,
          0.6666666666666666,
          0.6666666666666666,
          0.3333333333333333,
          0.821917808219178
        ],
        "results": {
          "3.333333333333333": {
            "score": Infinity,
            "cost": -1,
            "info": {}
          }
        }
      },
      {
        "config_id": 11,
        "config": [
          0.5,
          0.0,
          0.3333333333333333,
          0.8351554735198069,
          0.5,
          0.0,
          0.0,
          0.0,
          0.3333333333333333,
          0.0,
          0.3333333333333333,
          0.0,
          0.0,
          0.25,
          0.5,
          0.6666666666666666,
          0.0,
          0.0,
          0.7808219178082192
        ],
        "results": {
          "3.333333333333333": {
            "score": Infinity,