{
  "incumbent_ids": [
    2
  ],
  "rejected_config_ids": [
    1,
    3,
    4,
    5
  ],
  "incumbents_changed": 2,
  "trajectory": [
    {
      "config_ids": [
        1
      ],
      "costs": [
        0.6500098120176088
      ],
      "trial": 1,
      "walltime": 2.1082255840301514
    },
    {
      "config_ids": [
        2
      ],
      "costs": [
        0.40785905754573215
      ],
      "trial": 2,
      "walltime": 4.068955421447754
    }
  ],
  "state": {
    "queue": []
  }
}