{
  "stats": {
    "submitted": 6,
    "finished": 6,
    "running": 0
  },
  "data": [
    [
      1,
      null,
      327741615,
      null,
      Infinity,
      0.002212047576904297,
      2,
      1763362960.0255337,
      1763362960.0294952,
      {}
    ],
    [
      2,
      null,
      327741615,
      null,
      Infinity,
      0.0007822513580322266,
      2,
      1763362960.0389972,
      1763362960.0412548,
      {}
    ],
    [
      3,
      null,
      327741615,
      null,
      Infinity,
      0.0010333061218261719,
      2,
      1763362961.5686576,
      1763362961.5712147,
      {}
    ],
    [
      4,
      null,
      327741615,
      null,
      Infinity,
      0.0006201267242431641,
      2,
      1763362961.5745142,
      1763362961.5768354,
      {}
    ],
    [
      5,
      null,
      327741615,
      null,
      Infinity,
      0.0005924701690673828,
      2,
      1763362961.58055,
      1763362961.5824542,
      {}
    ],
    [
      6,
      null,
      327741615,
      null,
      Infinity,
      0.0005514621734619141,
      2,
      1763362961.585894,
      1763362961.5878713,
      {}
    ]
  ],
  "configs": {
    "1": {
      "Max_depth": 15,
      "Min_impurity_decrease": 9.0,
      "Min_sample_leaves": 16,
      "N_estimators": 160,
      "criterion": "absolute_error"
    },
    "2": {
      "Max_depth": 2,
      "Min_impurity_decrease": 0.0,
      "Min_sample_leaves": 9,
      "N_estimators": 200,
      "criterion": "poisson"
    },
    "3": {
      "Max_depth": 9,
      "Min_impurity_decrease": 4.25,
      "Min_sample_leaves": 18,
      "N_estimators": 90,
      "criterion": "absolute_error"
    },
    "4": {
      "Max_depth": 10,
      "Min_impurity_decrease": 2.0,
      "Min_sample_leaves": 6,
      "N_estimators": 130,
      "criterion": "squared_error"
    },
    "5": {
      "Max_depth": 18,
      "Min_impurity_decrease": 6.75,
      "Min_sample_leaves": 1,
      "N_estimators": 170,
      "criterion": "absolute_error"
    },
    "6": {
      "Max_depth": 5,
      "Min_impurity_decrease": 2.75,
      "Min_sample_leaves": 3,
      "N_estimators": 10,
      "criterion": "poisson"
    }
  },
  "config_origins": {
    "1": "Initial Design: Sobol",
    "2": "Random Search",
    "3": "Acquisition Function Maximizer: Local Search",
    "4": "Acquisition Function Maximizer: Local Search",
    "5": "Acquisition Function Maximizer: Local Search",
    "6": "Acquisition Function Maximizer: Local Search"
  }
}