{
  "stats": {
    "submitted": 12,
    "finished": 12,
    "running": 0
  },
  "data": [
    [
      1,
      null,
      44556670,
      null,
      0.0015118562145036707,
      0.0016067028045654297,
      1,
      1763363364.0255797,
      1763363364.0288107,
      {}
    ],
    [
      2,
      null,
      44556670,
      null,
      0.14445298728313216,
      0.0005631446838378906,
      1,
      1763363364.0366516,
      1763363364.038719,
      {}
    ],
    [
      3,
      null,
      44556670,
      null,
      0.3400230316494519,
      0.0013816356658935547,
      1,
      1763363364.7961266,
      1763363364.7989743,
      {}
    ],
    [
      4,
      null,
      44556670,
      null,
      0.094455168677133,
      0.0006358623504638672,
      1,
      1763363364.8029401,
      1763363364.8050096,
      {}
    ],
    [
      5,
      null,
      44556670,
      null,
      0.3239167739384565,
      0.0005576610565185547,
      1,
      1763363364.8096116,
      1763363364.8115184,
      {}
    ],
    [
      6,
      null,
      44556670,
      null,
      0.5270242014615127,
      0.0007064342498779297,
      1,
      1763363364.8164253,
      1763363364.8184545,
      {}
    ],
    [
      7,
      null,
      44556670,
      null,
      0.35836252454683093,
      0.0009839534759521484,
      1,
      1763363364.822904,
      1763363364.8252516,
      {}
    ],
    [
      8,
      null,
      44556670,
      null,
      0.1598807143979748,
      0.00035858154296875,
      1,
      1763363364.8298986,
      1763363364.8327563,
      {}
    ],
    [
      9,
      null,
      44556670,
      null,
      0.5574394880765053,
      0.0008907318115234375,
      1,
      1763363364.8376515,
      1763363364.8399012,
      {}
    ],
    [
      10,
      null,
      44556670,
      null,
      0.0056291671223424045,
      0.000507354736328125,
      1,
      1763363364.8504293,
      1763363364.8528688,
      {}
    ],
    [
      11,
      null,
      44556670,
      null,
      0.012140991920528088,
      0.001926422119140625,
      1,
      1763363365.6059163,
      1763363365.609449,
      {}
    ],
    [
      12,
      null,
      44556670,
      null,
      0.4799346953864936,
      0.0013968944549560547,
      1,
      1763363365.616822,
      1763363365.6196618,
      {}
    ]
  ],
  "configs": {
    "1": {
      "data_alignFieldPointers": 0,
      "explorationId": 1,
      "no_explorationId": 1,
      "opt_unroll": 1,
      "opt_unroll_interleave": 0,
      "opt_useAddressPrecalc": 1,
      "opt_vectorize": 0,
      "poly_tileSize_x": 64,
      "poly_tileSize_y": 16,
      "poly_tileSize_z": 32,
      "simd_avoidUnaligned": 0
    },
    "2": {
      "data_alignFieldPointers": 0,
      "explorationId": 2,
      "no_explorationId": 0,
      "opt_unroll": 1,
      "opt_unroll_interleave": 0,
      "opt_useAddressPrecalc": 0,
      "opt_vectorize": 0,
      "poly_tileSize_x": 32,
      "poly_tileSize_y": 0,
      "poly_tileSize_z": 64,
      "simd_avoidUnaligned": 0
    },
    "3": {
      "data_alignFieldPointers": 1,
      "explorationId": 2,
      "no_explorationId": 1,
      "opt_unroll": 4,
      "opt_unroll_interleave": 0,
      "opt_useAddressPrecalc": 1,
      "opt_vectorize": 1,
      "poly_tileSize_x": 20,
      "poly_tileSize_y": 0,
      "poly_tileSize_z": 128,
      "simd_avoidUnaligned": 0
    },
    "4": {
      "data_alignFieldPointers": 1,
      "explorationId": 2,
      "no_explorationId": 1,
      "opt_unroll": 2,
      "opt_unroll_interleave": 0,
      "opt_useAddressPrecalc": 1,
      "opt_vectorize": 0,
      "poly_tileSize_x": 0,
      "poly_tileSize_y": 20,
      "poly_tileSize_z": 64,
      "simd_avoidUnaligned": 1
    },
    "5": {
      "data_alignFieldPointers": 0,
      "explorationId": 1,
      "no_explorationId": 0,
      "opt_unroll": 1,
      "opt_unroll_interleave": 0,
      "opt_useAddressPrecalc": 1,
      "opt_vectorize": 1,
      "poly_tileSize_x": 8,
      "poly_tileSize_y": 64,
      "poly_tileSize_z": 20,
      "simd_avoidUnaligned": 0
    },
    "6": {
      "data_alignFieldPointers": 0,
      "explorationId": 4,
      "no_explorationId": 1,
      "opt_unroll": 1,
      "opt_unroll_interleave": 0,
      "opt_useAddressPrecalc": 0,
      "opt_vectorize": 1,
      "poly_tileSize_x": 64,
      "poly_tileSize_y": 64,
      "poly_tileSize_z": 10,
      "simd_avoidUnaligned": 1
    },
    "7": {
      "data_alignFieldPointers": 0,
      "explorationId": 1,
      "no_explorationId": 0,
      "opt_unroll": 4,
      "opt_unroll_interleave": 1,
      "opt_useAddressPrecalc": 0,
      "opt_vectorize": 0,
      "poly_tileSize_x": 10,
      "poly_tileSize_y": 8,
      "poly_tileSize_z": 16,
      "simd_avoidUnaligned": 0
    },
    "8": {
      "data_alignFieldPointers": 0,
      "explorationId": 3,
      "no_explorationId": 0,
      "opt_unroll": 1,
      "opt_unroll_interleave": 0,
      "opt_useAddressPrecalc": 1,
      "opt_vectorize": 0,
      "poly_tileSize_x": 10,
      "poly_tileSize_y": 20,
      "poly_tileSize_z": 10,
      "simd_avoidUnaligned": 0
    },
    "9": {
      "data_alignFieldPointers": 1,
      "explorationId": 1,
      "no_explorationId": 0,
      "opt_unroll": 2,
      "opt_unroll_interleave": 0,
      "opt_useAddressPrecalc": 0,
      "opt_vectorize": 0,
      "poly_tileSize_x": 32,
      "poly_tileSize_y": 10,
      "poly_tileSize_z": 0,
      "simd_avoidUnaligned": 1
    },
    "10": {
      "data_alignFieldPointers": 0,
      "explorationId": 0,
      "no_explorationId": 1,
      "opt_unroll": 4,
      "opt_unroll_interleave": 0,
      "opt_useAddressPrecalc": 0,
      "opt_vectorize": 1,
      "poly_tileSize_x": 10,
      "poly_tileSize_y": 0,
      "poly_tileSize_z": 32,
      "simd_avoidUnaligned": 0
    },
    "11": {
      "data_alignFieldPointers": 0,
      "explorationId": 0,
      "no_explorationId": 1,
      "opt_unroll": 1,
      "opt_unroll_interleave": 1,
      "opt_useAddressPrecalc": 1,
      "opt_vectorize": 0,
      "poly_tileSize_x": 64,
      "poly_tileSize_y": 16,
      "poly_tileSize_z": 32,
      "simd_avoidUnaligned": 1
    },
    "12": {
      "data_alignFieldPointers": 1,
      "explorationId": 3,
      "no_explorationId": 1,
      "opt_unroll": 1,
      "opt_unroll_interleave": 0,
      "opt_useAddressPrecalc": 1,
      "opt_vectorize": 0,
      "poly_tileSize_x": 20,
      "poly_tileSize_y": 64,
      "poly_tileSize_z": 64,
      "simd_avoidUnaligned": 1
    }
  },
  "config_origins": {
    "1": "Initial Design: Sobol",
    "2": "Random Search",
    "3": "Acquisition Function Maximizer: Local Search",
    "4": "Acquisition Function Maximizer: Local Search",
    "5": "Random Search",
    "6": "Random Search",
    "7": "Acquisition Function Maximizer: Local Search",
    "8": "Acquisition Function Maximizer: Local Search",
    "9": "Acquisition Function Maximizer: Local Search",
    "10": "Random Search",
    "11": "Acquisition Function Maximizer: Local Search",
    "12": "Random Search"
  }
}