{
  "incumbent_ids": [
    6
  ],
  "rejected_config_ids": [
    2,
    1,
    3,
    5,
    4
  ],
  "incumbents_changed": 4,
  "trajectory": [
    {
      "config_ids": [
        1
      ],
      "costs": [
        0.26570531096375183
      ],
      "trial": 1,
      "walltime": 0.017606019973754883
    },
    {
      "config_ids": [
        3
      ],
      "costs": [
        0.25985075425884485
      ],
      "trial": 3,
      "walltime": 5.132787227630615
    },
    {
      "config_ids": [
        4
      ],
      "costs": [
        0.25459663257981524
      ],
      "trial": 4,
      "walltime": 5.149677276611328
    },
    {
      "config_ids": [
        6
      ],
      "costs": [
        0.15896123852601918
      ],
      "trial": 6,
      "walltime": 5.208693981170654
    }
  ],
  "state": {
    "queue": [
      [
        6,
        1
      ]
    ]
  }
}