{
  "stats": {
    "submitted": 12,
    "finished": 12,
    "running": 0
  },
  "data": [
    [
      1,
      null,
      218175338,
      null,
      0.28038583836166997,
      0.004085540771484375,
      1,
      1763365703.3010383,
      1763365703.306931,
      {}
    ],
    [
      2,
      null,
      218175338,
      null,
      0.23460056715480537,
      0.002813577651977539,
      1,
      1763365708.2347128,
      1763365708.239342,
      {}
    ],
    [
      3,
      null,
      218175338,
      null,
      0.24063211368369253,
      0.002097606658935547,
      1,
      1763365708.24717,
      1763365708.250884,
      {}
    ],
    [
      4,
      null,
      218175338,
      null,
      0.31080331795861704,
      0.0032434463500976562,
      1,
      1763365708.2580388,
      1763365708.2643552,
      {}
    ],
    [
      5,
      null,
      218175338,
      null,
      0.1369387163338991,
      0.004464149475097656,
      1,
      1763365708.273557,
      1763365708.2812865,
      {}
    ],
    [
      6,
      null,
      218175338,
      null,
      0.25735480515570874,
      0.014318227767944336,
      1,
      1763365708.3071694,
      1763365708.3232133,
      {}
    ],
    [
      7,
      null,
      218175338,
      null,
      0.09755132515113019,
      0.0024781227111816406,
      1,
      1763365708.3386486,
      1763365708.342876,
      {}
    ],
    [
      8,
      null,
      218175338,
      null,
      0.4464014273260988,
      0.0031709671020507812,
      1,
      1763365708.3658555,
      1763365708.3709905,
      {}
    ],
    [
      9,
      null,
      218175338,
      null,
      0.3951957455099484,
      0.0013737678527832031,
      1,
      1763365708.380619,
      1763365708.3836422,
      {}
    ],
    [
      10,
      null,
      218175338,
      null,
      0.29161650884577117,
      0.0015027523040771484,
      1,
      1763365708.4024045,
      1763365708.4055316,
      {}
    ],
    [
      11,
      null,
      218175338,
      null,
      0.09755132515113019,
      0.002765655517578125,
      1,
      1763365712.0642078,
      1763365712.068745,
      {}
    ],
    [
      12,
      null,
      218175338,
      null,
      0.27352934245595906,
      0.003586292266845703,
      1,
      1763365712.0801504,
      1763365712.0854056,
      {}
    ]
  ],
  "configs": {
    "1": {
      " ACAP": 4.487281400710344,
      " AEXP": 3.031646421404555,
      " CPLx": 1.954943704418838,
      " DOCU": 2.7987579479813576,
      " ETAT": 2.4747823917381466,
      " FLEx": 3.354655623435974,
      " KLOC": 211.02663717525638,
      " LTEx": 2.8227144512869415,
      " PCAP": 3.4963342752307653,
      " PCON": 3.4053986854851246,
      " PLEx": 3.6461703991517425,
      " PMAT": 2.2839088775217533,
      " PREC": 4.032060383154079,
      " PVOL": 4.58240580151137,
      " RELY": 3.5313928845226767,
      " RESL": 1.7282785171065478,
      " RUSE": 5.77068071672041,
      " SCED": 3.0,
      " SITE": 3.7656715596094728,
      " STOR": 3.4976685624569654,
      " TEAM": 1.3973230720087884,
      " TIME": 3.2497139321640134,
      " TOOL": 2.0,
      "DATA": 4.502128736699931
    },
    "2": {
      " ACAP": 4.487281400710344,
      " AEXP": 3.031646421404555,
      " CPLx": 1.954943704418838,
      " DOCU": 2.7987579479813576,
      " ETAT": 1.924271022651752,
      " FLEx": 3.1278611644395076,
      " KLOC": 211.02663717525638,
      " LTEx": 2.8227144512869415,
      " PCAP": 3.4963342752307653,
      " PCON": 3.4053986854851246,
      " PLEx": 3.6461703991517425,
      " PMAT": 2.2839088775217533,
      " PREC": 4.324302358223868,
      " PVOL": 4.58240580151137,
      " RELY": 3.642987750539062,
      " RESL": 1.9446025179573985,
      " RUSE": 5.77068071672041,
      " SCED": 3.0,
      " SITE": 3.852896855670287,
      " STOR": 3.471947135284355,
      " TEAM": 1.3973230720087884,
      " TIME": 3.2497139321640134,
      " TOOL": 2.0,
      "DATA": 4.513710964165378
    },
    "3": {
      " ACAP": 4.998267040246623,
      " AEXP": 4.768633610087145,
      " CPLx": 3.576718470057857,
      " DOCU": 1.614015297260515,
      " ETAT": 5.200788120110931,
      " FLEx": 4.1672323327946454,
      " KLOC": 124.3015579994138,
      " LTEx": 3.8180643911223573,
      " PCAP": 4.992053901489433,
      " PCON": 4.354375309124018,
      " PLEx": 2.3174218210363655,
      " PMAT": 2.408755704122635,
      " PREC": 4.522062289100924,
      " PVOL": 3.0012131941834763,
      " RELY": 3.512103642951993,
      " RESL": 3.417597238070099,
      " RUSE": 3.7817956625794067,
      " SCED": 3.0,
      " SITE": 1.2032178994984073,
      " STOR": 3.599815084551747,
      " TEAM": 1.0673691718789557,
      " TIME": 3.928981229909429,
      " TOOL": 2.0,
      "DATA": 4.871729991281274
    },
    "4": {
      " ACAP": 4.998037080325194,
      " AEXP": 3.565663311284884,
      " CPLx": 1.4467362856684316,
      " DOCU": 4.911229211540917,
      " ETAT": 4.07480718141896,
      " FLEx": 3.187658005464263,
      " KLOC": 217.97537489475167,
      " LTEx": 3.3933822354773238,
      " PCAP": 4.856130953542685,
      " PCON": 4.420199930900285,
      " PLEx": 2.018261466623668,
      " PMAT": 2.246651618413684,
      " PREC": 3.295980458030767,
      " PVOL": 2.3668827235975507,
      " RELY": 2.8430936701269527,
      " RESL": 4.489011139777906,
      " RUSE": 3.003731800629001,
      " SCED": 3.0,
      " SITE": 3.0573848556836594,
      " STOR": 3.9175010263805246,
      " TEAM": 1.4737223770157364,
      " TIME": 3.499032672745292,
      " TOOL": 2.0,
      "DATA": 3.1735627980679455
    },
    "5": {
      " ACAP": 4.998354029005709,
      " AEXP": 2.1766742599010027,
      " CPLx": 2.1035281598993483,
      " DOCU": 2.7789941880002913,
      " ETAT": 5.894781473676371,
      " FLEx": 3.214557875213703,
      " KLOC": 100.07434803355046,
      " LTEx": 3.3860024349720157,
      " PCAP": 4.948536437673928,
      " PCON": 3.900777954055635,
      " PLEx": 3.01610811880126,
      " PMAT": 2.875637563616659,
      " PREC": 2.908683675490815,
      " PVOL": 2.389939783547879,
      " RELY": 3.5070001792867127,
      " RESL": 3.6183338418609323,
      " RUSE": 5.065196023244123,
      " SCED": 3.0,
      " SITE": 5.371160092156845,
      " STOR": 3.82758043399017,
      " TEAM": 3.8695682108154106,
      " TIME": 3.147762575875742,
      " TOOL": 2.0,
      "DATA": 4.938044262858723
    },
    "6": {
      " ACAP": 4.999618447985227,
      " AEXP": 2.879735540181584,
      " CPLx": 3.255578198688088,
      " DOCU": 1.085754166722845,
      " ETAT": 2.683901655611,
      " FLEx": 4.798523675812909,
      " KLOC": 40.95764041952442,
      " LTEx": 2.6959680015754977,
      " PCAP": 4.226024602367165,
      " PCON": 1.0369455395708114,
      " PLEx": 2.9834853430973345,
      " PMAT": 2.8602464533474468,
      " PREC": 1.4818613447304085,
      " PVOL": 3.6792434423535507,
      " RELY": 2.7463816649506434,
      " RESL": 3.654647730812725,
      " RUSE": 3.8727286695570378,
      " SCED": 3.0,
      " SITE": 5.65445860042205,
      " STOR": 3.4589532373628686,
      " TEAM": 1.3546226581550087,
      " TIME": 3.880311696190056,
      " TOOL": 2.0,
      "DATA": 4.963269634374921
    },
    "7": {
      " ACAP": 3.4893219463448197,
      " AEXP": 2.2688323831133115,
      " CPLx": 2.666646126684244,
      " DOCU": 1.5352231620902588,
      " ETAT": 2.50831076672342,
      " FLEx": 4.487622319038191,
      " KLOC": 203.2763136018574,
      " LTEx": 2.186953338712884,
      " PCAP": 4.796350147035952,
      " PCON": 2.029807411603211,
      " PLEx": 3.848885626472152,
      " PMAT": 2.337210402266679,
      " PREC": 1.738667494918802,
      " PVOL": 2.0910725795362564,
      " RELY": 1.8212494659443537,
      " RESL": 2.9563508974254695,
      " RUSE": 3.9746176914903577,
      " SCED": 3.0,
      " SITE": 5.680556174646898,
      " STOR": 3.4418592243443182,
      " TEAM": 3.837528942485996,
      " TIME": 3.6042087963098224,