{
  "stats": {
    "submitted": 12,
    "finished": 12,
    "running": 0
  },
  "data": [
    [
      1,
      null,
      645852458,
      null,
      0.30055677612552634,
      0.0009374618530273438,
      1,
      1763448055.0943086,
      1763448055.0963354,
      {}
    ],
    [
      2,
      null,
      645852458,
      null,
      0.30055677612552634,
      0.0004360675811767578,
      1,
      1763448056.2809026,
      1763448056.2825322,
      {}
    ],
    [
      3,
      null,
      645852458,
      null,
      0.4983323295118409,
      0.0008487701416015625,
      1,
      1763448056.2866154,
      1763448056.2885501,
      {}
    ],
    [
      4,
      null,
      645852458,
      null,
      0.449577111065561,
      0.0007476806640625,
      1,
      1763448056.2926376,
      1763448056.2944367,
      {}
    ],
    [
      5,
      null,
      645852458,
      null,
      0.525729446849854,
      0.0006060600280761719,
      1,
      1763448056.2990127,
      1763448056.3006563,
      {}
    ],
    [
      6,
      null,
      645852458,
      null,
      0.5712096713259815,
      0.0006177425384521484,
      1,
      1763448056.3049955,
      1763448056.3066623,
      {}
    ],
    [
      7,
      null,
      645852458,
      null,
      0.4139739378687499,
      0.0006489753723144531,
      1,
      1763448056.311525,
      1763448056.3132162,
      {}
    ],
    [
      8,
      null,
      645852458,
      null,
      0.4752287050118722,
      0.0005583763122558594,
      1,
      1763448056.318053,
      1763448056.3196452,
      {}
    ],
    [
      9,
      null,
      645852458,
      null,
      0.3323949887020361,
      0.0006661415100097656,
      1,
      1763448056.3245358,
      1763448056.3262043,
      {}
    ],
    [
      10,
      null,
      645852458,
      null,
      0.28616548201620295,
      0.0010809898376464844,
      1,
      1763448057.387923,
      1763448057.3900852,
      {}
    ],
    [
      11,
      null,
      645852458,
      null,
      0.4423307197952069,
      0.0006613731384277344,
      1,
      1763448057.396132,
      1763448057.3978062,
      {}
    ],
    [
      12,
      null,
      645852458,
      null,
      0.3289402260818689,
      0.0005977153778076172,
      1,
      1763448057.403179,
      1763448057.404769,
      {}
    ]
  ],
  "configs": {
    "1": {
      "Criticality": 0.5494988677018547,
      "Criticality Modifier": 0.04269159389280385,
      "Culture": 0.018841410641607412,
      "Dynamism": 0.39844815395490407,
      "Initial Known": 0.36088424948383185,
      "Inter-Dependency": 0.8469151034898786,
      "Plan": 0.877744338231054,
      "Size": 0.8018121817466677,
      "Team Size": 0.5338921799093439
    },
    "2": {
      "Criticality": 0.5975377377582285,
      "Criticality Modifier": 0.0765162474191452,
      "Culture": 0.018841410641607412,
      "Dynamism": 0.45519728174650326,
      "Initial Known": 0.26942219327124717,
      "Inter-Dependency": 0.8308083246372758,
      "Plan": 0.9631187529808096,
      "Size": 0.8018121817466677,
      "Team Size": 0.6056399428657033
    },
    "3": {
      "Criticality": 0.9993993849829444,
      "Criticality Modifier": 0.7391252652259468,
      "Culture": 0.5839104497516058,
      "Dynamism": 0.23806986285472642,
      "Initial Known": 0.9410327288041037,
      "Inter-Dependency": 0.38611332070881027,
      "Plan": 0.8267411609657792,
      "Size": 0.11285948023768716,
      "Team Size": 0.6295094853820364
    },
    "4": {
      "Criticality": 0.9998112533519311,
      "Criticality Modifier": 0.6239792372555409,
      "Culture": 0.577554141718421,
      "Dynamism": 0.8115218014814948,
      "Initial Known": 0.7515120396030441,
      "Inter-Dependency": 0.8771055076318091,
      "Plan": 0.05277987578780291,
      "Size": 0.2509603872332108,
      "Team Size": 0.5707242824690052
    },
    "5": {
      "Criticality": 0.18780885137263703,
      "Criticality Modifier": 0.9363129206434183,
      "Culture": 0.7898508916822776,
      "Dynamism": 0.8915472071071312,
      "Initial Known": 0.12508260605237312,
      "Inter-Dependency": 0.616943678187466,
      "Plan": 0.892631444955131,
      "Size": 0.20622291754415076,
      "Team Size": 0.9109537909276029
    },
    "6": {
      "Criticality": 0.9493145151616261,
      "Criticality Modifier": 0.695962231281389,
      "Culture": 0.7138776893759866,
      "Dynamism": 0.9003809721755404,
      "Initial Known": 0.3140008665966477,
      "Inter-Dependency": 0.22937325099649544,
      "Plan": 0.08198215382860256,
      "Size": 0.16196543455662316,
      "Team Size": 0.9971082894467019
    },
    "7": {
      "Criticality": 0.9991754996542621,
      "Criticality Modifier": 0.7539358059753467,
      "Culture": 0.5474961482188752,
      "Dynamism": 0.8238792500035902,
      "Initial Known": 0.056679989729123165,
      "Inter-Dependency": 0.516725831432774,
      "Plan": 0.8415018296873311,
      "Size": 0.13033144488665457,
      "Team Size": 0.10478394438014346
    },
    "8": {
      "Criticality": 0.9989227268526442,
      "Criticality Modifier": 0.20731419049392263,
      "Culture": 0.9525415909258712,
      "Dynamism": 0.17799678050405235,
      "Initial Known": 0.5712210780002684,
      "Inter-Dependency": 0.041741064179563026,
      "Plan": 0.7686941425013508,
      "Size": 0.020159541154345293,
      "Team Size": 0.10901172785678911
    },
    "9": {
      "Criticality": 0.183373093800226,
      "Criticality Modifier": 0.05346128390180832,
      "Culture": 0.34378658540127116,
      "Dynamism": 0.2261639588322815,
      "Initial Known": 0.5377118918343746,
      "Inter-Dependency": 0.8460526572770292,
      "Plan": 0.4050583294276482,
      "Size": 0.7471520643005956,
      "Team Size": 0.9783649747184346
    },
    "10": {
      "Criticality": 0.4231699646339352,
      "Criticality Modifier": 0.15996057439146752,
      "Culture": 0.01697683181858289,
      "Dynamism": 0.4892744567755903,
      "Initial Known": 0.038743989614877815,
      "Inter-Dependency": 0.9151830538926351,
      "Plan": 0.9963436650805333,
      "Size": 0.5293939267077346,
      "Team Size": 0.22605879480626034
    },
    "11": {
      "Criticality": 0.46703205668282544,
      "Criticality Modifier": 0.011422779115506541,
      "Culture": 0.17687159811120506,
      "Dynamism": 0.16572652956541287,
      "Initial Known": 0.5374911928267111,
      "Inter-Dependency": 0.9917385851799313,
      "Plan": 0.8392786939046949,
      "Size": 0.6286341567731198,
      "Team Size": 0.038350521406757564
    },
    "12": {
      "Criticality": 0.10917326670405383,
      "Criticality Modifier": 0.08833584458883763,
      "Culture": 0.046484612871313696,
      "Dynamism": 0.9123169959309188,
      "Initial Known": 0.9530447614121473,
      "Inter-Dependency": 0.705287695896688,
      "Plan": 0.9926903256890784,
      "Size": 0.9118939105739066,
      "Team Size": 0.8348575107485633
    }
  },
  "config_origins": {
    "1": "Initial Design: Sobol",
    "2": "Acquisition Function Maximizer: Local Search",
    "3": "Acquisition Function Maximizer: Local Search",
    "4": "Acquisition Function Maximizer: Local Search",
    "5": "Random Search",
    "6": "Acquisition Function Maximizer: Local Search",
    "7": "Acquisition Function Maximizer: Local Search",
    "8": "Acquisition Function Maximizer: Local Search",
    "9": "Acquisition Function Maximizer: Local Search",
    "10": "Acquisition Function Maximizer: Local Search",
    "11": "Random Search",
    "12": "Acquisition Function Maximizer: Local Search"
  }
}