{
  "incumbent_ids": [
    5
  ],
  "rejected_config_ids": [
    1,
    3,
    4,
    2
  ],
  "incumbents_changed": 3,
  "trajectory": [
    {
      "config_ids": [
        1
      ],
      "costs": [
        0.7897237221433662
      ],
      "trial": 1,
      "walltime": 2.374147415161133
    },
    {
      "config_ids": [
        2
      ],
      "costs": [
        0.7175937359666297
      ],
      "trial": 2,
      "walltime": 4.6764421463012695
    },
    {
      "config_ids": [
        5
      ],
      "costs": [
        0.6142105528733677
      ],
      "trial": 5,
      "walltime": 92.55143404006958
    }
  ],
  "state": {
    "queue": [
      [
        5,
        1
      ]
    ]
  }
}