{
  "incumbent_ids": [
    14
  ],
  "rejected_config_ids": [
    1,
    3,
    4,
    5,
    6,
    7,
    8,
    2,
    10,
    11,
    12,
    13,
    9,
    15,
    16,
    17,
    18
  ],
  "incumbents_changed": 4,
  "trajectory": [
    {
      "config_ids": [
        1
      ],
      "costs": [
        0.7924206561024142
      ],
      "trial": 1,
      "walltime": 0.020305633544921875
    },
    {
      "config_ids": [
        2
      ],
      "costs": [
        0.7916875146567781
      ],
      "trial": 2,
      "walltime": 1.5848584175109863
    },
    {
      "config_ids": [
        9
      ],
      "costs": [
        0.7903611600964421
      ],
      "trial": 9,
      "walltime": 1.6369524002075195
    },
    {
      "config_ids": [
        14
      ],
      "costs": [
        0.7870716591475145
      ],
      "trial": 14,
      "walltime": 3.3313136100769043
    }
  ],
  "state": {
    "queue": [
      [
        18,
        1
      ]
    ]
  }
}