{
  "incumbent_ids": [
    14
  ],
  "rejected_config_ids": [
    2,
    3,
    4,
    5,
    6,
    7,
    8,
    9,
    10,
    11,
    12,
    1,
    13,
    15,
    16,
    17,
    18,
    19,
    20,
    21,
    22,
    23,
    24
  ],
  "incumbents_changed": 3,
  "trajectory": [
    {
      "config_ids": [
        1
      ],
      "costs": [
        0.6412771420546779
      ],
      "trial": 1,
      "walltime": 0.011672258377075195
    },
    {
      "config_ids": [
        13
      ],
      "costs": [
        0.6015138739361519
      ],
      "trial": 13,
      "walltime": 8.258924007415771
    },
    {
      "config_ids": [
        14
      ],
      "costs": [
        0.6004474260342314
      ],
      "trial": 14,
      "walltime": 8.284870386123657
    }
  ],
  "state": {
    "queue": [
      [
        24,
        1
      ]
    ]
  }
}