{
  "stats": {
    "submitted": 6,
    "finished": 6,
    "running": 0
  },
  "data": [
    [
      1,
      null,
      1498160584,
      null,
      Infinity,
      0.0020847320556640625,
      2,
      1763362050.895737,
      1763362050.8994944,
      {}
    ],
    [
      2,
      null,
      1498160584,
      null,
      Infinity,
      0.001318216323852539,
      2,
      1763362052.6372173,
      1763362052.6403096,
      {}
    ],
    [
      3,
      null,
      1498160584,
      null,
      Infinity,
      0.0006110668182373047,
      2,
      1763362052.645277,
      1763362052.647492,
      {}
    ],
    [
      4,
      null,
      1498160584,
      null,
      Infinity,
      0.0006158351898193359,
      2,
      1763362052.651995,
      1763362052.6541643,
      {}
    ],
    [
      5,
      null,
      1498160584,
      null,
      Infinity,
      0.0006380081176757812,
      2,
      1763362052.6584308,
      1763362052.6606617,
      {}
    ],
    [
      6,
      null,
      1498160584,
      null,
      Infinity,
      0.0005905628204345703,
      2,
      1763362052.665025,
      1763362052.6671095,
      {}
    ]
  ],
  "configs": {
    "1": {
      "Max_depth": 9,
      "Min_impurity_decrease": 5.0,
      "Min_sample_leaves": 9,
      "N_estimators": 20,
      "criterion": "poisson"
    },
    "2": {
      "Max_depth": 9,
      "Min_impurity_decrease": 6.25,
      "Min_sample_leaves": 11,
      "N_estimators": 90,
      "criterion": "squared_error"
    },
    "3": {
      "Max_depth": 4,
      "Min_impurity_decrease": 1.25,
      "Min_sample_leaves": 8,
      "N_estimators": 90,
      "criterion": "absolute_error"
    },
    "4": {
      "Max_depth": 16,
      "Min_impurity_decrease": 5.75,
      "Min_sample_leaves": 6,
      "N_estimators": 10,
      "criterion": "squared_error"
    },
    "5": {
      "Max_depth": 15,
      "Min_impurity_decrease": 1.0,
      "Min_sample_leaves": 5,
      "N_estimators": 110,
      "criterion": "squared_error"
    },
    "6": {
      "Max_depth": 12,
      "Min_impurity_decrease": 1.5,
      "Min_sample_leaves": 6,
      "N_estimators": 90,
      "criterion": "poisson"
    }
  },
  "config_origins": {
    "1": "Initial Design: Sobol",
    "2": "Acquisition Function Maximizer: Local Search",
    "3": "Random Search",
    "4": "Random Search",
    "5": "Acquisition Function Maximizer: Local Search",
    "6": "Acquisition Function Maximizer: Local Search"
  }
}