{
  "incumbent_ids": [
    2
  ],
  "rejected_config_ids": [
    1,
    3,
    4,
    5,
    6
  ],
  "incumbents_changed": 2,
  "trajectory": [
    {
      "config_ids": [
        1
      ],
      "costs": [
        0.1856759171679091
      ],
      "trial": 1,
      "walltime": 0.012535572052001953
    },
    {
      "config_ids": [
        2
      ],
      "costs": [
        0.1737008622189774
      ],
      "trial": 2,
      "walltime": 0.026838064193725586
    }
  ],
  "state": {
    "queue": [
      [
        6,
        1
      ]
    ]
  }
}