{
  "stats": {
    "submitted": 6,
    "finished": 6,
    "running": 0
  },
  "data": [
    [
      1,
      null,
      44556670,
      null,
      0.1856759171679091,
      0.002885103225708008,
      1,
      1763447534.772953,
      1763447534.7779696,
      {}
    ],
    [
      2,
      null,
      44556670,
      null,
      0.1737008622189774,
      0.0019788742065429688,
      1,
      1763447534.791617,
      1763447534.7953131,
      {}
    ],
    [
      3,
      null,
      44556670,
      null,
      0.3440950404211345,
      0.0021436214447021484,
      1,
      1763447537.4985514,
      1763447537.5028083,
      {}
    ],
    [
      4,
      null,
      44556670,
      null,
      0.29162164279269787,
      0.0032596588134765625,
      1,
      1763447537.517069,
      1763447537.5220985,
      {}
    ],
    [
      5,
      null,
      44556670,
      null,
      0.3282591576651439,
      0.001035928726196289,
      1,
      1763447537.535099,
      1763447537.5376928,
      {}
    ],
    [
      6,
      null,
      44556670,
      null,
      0.20624342417594965,
      0.0010044574737548828,
      1,
      1763447537.545349,
      1763447537.5479846,
      {}
    ]
  ],
  "configs": {
    "1": {
      " ACAP": 3.042371194809675,
      " AEXP": 2.4359929526085033,
      " CPLx": 4.775400230661035,
      " DOCU": 1.5580247417092323,
      " ETAT": 3.392555586826056,
      " FLEx": 4.068270470947027,
      " KLOC": 101.03241503211856,
      " LTEx": 1.9800283126533031,
      " PCAP": 4.644330454990268,
      " PCON": 1.6318145119575784,
      " PLEx": 1.8281308185327798,
      " PMAT": 2.076540805399418,
      " PREC": 3.296685066074133,
      " PVOL": 4.522885950282216,
      " RELY": 4.517219293862581,
      " RESL": 3.055569282119162,
      " RUSE": 5.0440387335307895,
      " SCED": 3.0,
      " SITE": 5.564531925134361,
      " STOR": 3.606088695116341,
      " TEAM": 3.9836058616638184,
      " TIME": 3.4321481455117464,
      " TOOL": 2.0,
      "DATA": 4.147905480975285
    },
    "2": {
      " ACAP": 3.0207483077713997,
      " AEXP": 3.006996494002806,
      " CPLx": 4.487319879402438,
      " DOCU": 1.5353181158371063,
      " ETAT": 1.7104133161872381,
      " FLEx": 1.874234702504313,
      " KLOC": 178.97243817640154,
      " LTEx": 1.7443035052406772,
      " PCAP": 3.1681193023307,
      " PCON": 2.38264906156155,
      " PLEx": 1.5001622632504321,
      " PMAT": 2.8785590855326593,
      " PREC": 4.803856126506866,
      " PVOL": 2.1162451274969594,
      " RELY": 4.398214782797522,
      " RESL": 3.2904665024620674,
      " RUSE": 5.592130465782374,
      " SCED": 3.0,
      " SITE": 4.334494864598183,
      " STOR": 3.5478377830464813,
      " TEAM": 3.809709696272221,
      " TIME": 3.3864771696146656,
      " TOOL": 2.0,
      "DATA": 4.083927155937846
    },
    "3": {
      " ACAP": 4.886496912342044,
      " AEXP": 1.5018414934804343,
      " CPLx": 3.3747544008485795,
      " DOCU": 4.473294674370404,
      " ETAT": 2.057177570337084,
      " FLEx": 4.841433409680841,
      " KLOC": 402.94768654487376,
      " LTEx": 1.3170894370144186,
      " PCAP": 4.636850798130906,
      " PCON": 1.265175824068778,
      " PLEx": 3.380388524540598,
      " PMAT": 2.1460997405682,
      " PREC": 2.141699355391271,
      " PVOL": 4.1414440095247995,
      " RELY": 4.992124853809721,
      " RESL": 4.329203197382849,
      " RUSE": 2.5582813456668863,
      " SCED": 3.0,
      " SITE": 2.9108834982990848,
      " STOR": 3.21597795722513,
      " TEAM": 2.272546746408729,
      " TIME": 3.5797115642957764,
      " TOOL": 2.0,
      "DATA": 4.976440231430349
    },
    "4": {
      " ACAP": 3.546562718250809,
      " AEXP": 1.4781741787448608,
      " CPLx": 4.436617338451677,
      " DOCU": 2.0177645324261007,
      " ETAT": 5.964111688090478,
      " FLEx": 1.5786348519129132,
      " KLOC": 264.55224001913325,
      " LTEx": 1.6304487658600983,
      " PCAP": 4.8148840792411995,
      " PCON": 4.288325844400701,
      " PLEx": 2.6398159805108854,
      " PMAT": 2.4958824504819805,
      " PREC": 3.866515395821385,
      " PVOL": 4.9062630201465165,
      " RELY": 4.2720481658895855,
      " RESL": 3.946521471749052,
      " RUSE": 2.776513542309987,
      " SCED": 3.0,
      " SITE": 5.127091958359031,
      " STOR": 3.1943632559557096,
      " TEAM": 3.8753159680066886,
      " TIME": 3.2150748273704868,
      " TOOL": 2.0,
      "DATA": 4.536575429375803
    },
    "5": {
      " ACAP": 3.5148685056713296,
      " AEXP": 2.293495382284516,
      " CPLx": 5.0048191543947445,
      " DOCU": 3.0997549260645845,
      " ETAT": 5.759187603425062,
      " FLEx": 3.868684825625305,
      " KLOC": 313.2381679005993,
      " LTEx": 3.4781780148749144,
      " PCAP": 4.813496003270368,
      " PCON": 1.5290679995222256,
      " PLEx": 3.224003677924942,
      " PMAT": 2.739224450842454,
      " PREC": 4.8132163267550325,
      " PVOL": 3.2140363447351015,
      " RELY": 3.1557798504388757,
      " RESL": 4.132685216451122,
      " RUSE": 5.576633205267189,
      " SCED": 3.0,
      " SITE": 1.4754225188377976,
      " STOR": 3.906323611066087,
      " TEAM": 3.3860669585696623,
      " TIME": 3.3185783973924297,
      " TOOL": 2.0,
      "DATA": 2.3887220953333017
    },
    "6": {
      " ACAP": 4.03427943827856,
      " AEXP": 4.184769637570561,
      " CPLx": 5.208438494975036,
      " DOCU": 2.0999210334832763,
      " ETAT": 5.804543785256947,
      " FLEx": 1.6345486309335207,
      " KLOC": 293.7443140147696,
      " LTEx": 2.631266599148862,
      " PCAP": 4.26396289901505,
      " PCON": 3.243612789914025,
      " PLEx": 2.5144837279514043,
      " PMAT": 2.4349062225324105,
      " PREC": 1.4572683133743718,
      " PVOL": 4.368585230902516,
      " RELY": 4.267204991532156,
      " RESL": 4.039733706075836,
      " RUSE": 4.0398975686501855,
      " SCED": 3.0,
      " SITE": 4.519179207751165,
      " STOR": 3.203410754443086,
      " TEAM": 3.0710678126373456,
      " TIME": 3.4996142584292795,
      " TOOL": 2.0,
      "DATA": 3.943308481030469
    }
  },
  "config_origins": {
    "1": "Initial Design: Sobol",
    "2": "Random Search",
    "3": "Acquisition Function Maximizer: Local Search",
    "4": "Acquisition Function Maximizer: Local Search",
    "5": "Random Search",
    "6": "Random Search"
  }
}