{
  "incumbent_ids": [
    13
  ],
  "rejected_config_ids": [
    2,
    1,
    4,
    5,
    6,
    7,
    8,
    9,
    10,
    11,
    12,
    3,
    14,
    15,
    16,
    17,
    18
  ],
  "incumbents_changed": 3,
  "trajectory": [
    {
      "config_ids": [
        1
      ],
      "costs": [
        0.6364286058455888
      ],
      "trial": 1,
      "walltime": 0.02093982696533203
    },
    {
      "config_ids": [
        3
      ],
      "costs": [
        0.5772244198951152
      ],
      "trial": 3,
      "walltime": 8.93241834640503
    },
    {
      "config_ids": [
        13
      ],
      "costs": [
        0.4901936874635101
      ],
      "trial": 13,
      "walltime": 19.316548824310303
    }
  ],
  "state": {
    "queue": [
      [
        18,
        1
      ]
    ]
  }
}