{
  "incumbent_ids": [
    21
  ],
  "rejected_config_ids": [
    2,
    3,
    1,
    5,
    6,
    7,
    8,
    9,
    10,
    11,
    12,
    13,
    14,
    4,
    16,
    17,
    18,
    19,
    20,
    15,
    22,
    23,
    24
  ],
  "incumbents_changed": 4,
  "trajectory": [
    {
      "config_ids": [
        1
      ],
      "costs": [
        0.20242684337011607
      ],
      "trial": 1,
      "walltime": 0.037506818771362305
    },
    {
      "config_ids": [
        4
      ],
      "costs": [
        0.1435685803443595
      ],
      "trial": 4,
      "walltime": 3.866847276687622
    },
    {
      "config_ids": [
        15
      ],
      "costs": [
        0.1371195881868401
      ],
      "trial": 15,
      "walltime": 8.864916324615479
    },
    {
      "config_ids": [
        21
      ],
      "costs": [
        0.05634984801504017
      ],
      "trial": 21,
      "walltime": 13.775132656097412
    }
  ],
  "state": {
    "queue": [
      [
        24,
        1
      ]
    ]
  }
}