{
  "stats": {
    "submitted": 11,
    "finished": 11,
    "running": 0
  },
  "data": [
    [
      1,
      null,
      1498160584,
      null,
      0.391479583096187,
      0.11157965660095215,
      1,
      1763050746.134882,
      1763050746.2486563,
      {}
    ],
    [
      2,
      null,
      1498160584,
      null,
      0.45474848674620594,
      0.04659080505371094,
      1,
      1763050747.3930275,
      1763050747.4406545,
      {}
    ],
    [
      3,
      null,
      1498160584,
      null,
      0.5420222517895397,
      0.04508352279663086,
      1,
      1763050747.4443862,
      1763050747.4904985,
      {}
    ],
    [
      4,
      null,
      1498160584,
      null,
      0.49280699652739335,
      0.04784107208251953,
      1,
      1763050747.4938772,
      1763050747.5426695,
      {}
    ],
    [
      5,
      null,
      1498160584,
      null,
      0.5436908271456216,
      0.04744243621826172,
      1,
      1763050747.5503032,
      1763050747.5987425,
      {}
    ],
    [
      6,
      null,
      1498160584,
      null,
      0.5021169684422148,
      0.04610157012939453,
      1,
      1763050747.601873,
      1763050747.6489177,
      {}
    ],
    [
      7,
      null,
      1498160584,
      null,
      0.7050489821110741,
      0.045206546783447266,
      1,
      1763050747.6526418,
      1763050747.698809,
      {}
    ],
    [
      8,
      null,
      1498160584,
      null,
      0.46999872704776124,
      0.050814151763916016,
      1,
      1763050747.7026625,
      1763050747.754462,
      {}
    ],
    [
      9,
      null,
      1498160584,
      null,
      0.6596812326852153,
      0.04625201225280762,
      1,
      1763050747.7589974,
      1763050747.8063045,
      {}
    ],
    [
      10,
      null,
      1498160584,
      null,
      0.5312441653974167,
      0.044577836990356445,
      1,
      1763050747.8148427,
      1763050747.8604386,
      {}
    ],
    [
      11,
      null,
      1498160584,
      null,
      0.3893870191155626,
      0.04236102104187012,
      1,
      1763050748.2386472,
      1763050748.2820206,
      {}
    ]
  ],
  "configs": {
    "1": {
      "Counters": 9,
      "Max_spout": 10000.0,
      "Spliters": 2
    },
    "2": {
      "Counters": 9,
      "Max_spout": 1000000.0,
      "Spliters": 6
    },
    "3": {
      "Counters": 6,
      "Max_spout": 100.0,
      "Spliters": 1
    },
    "4": {
      "Counters": 3,
      "Max_spout": 1000.0,
      "Spliters": 2
    },
    "5": {
      "Counters": 3,
      "Max_spout": 1000000.0,
      "Spliters": 3
    },
    "6": {
      "Counters": 6,
      "Max_spout": 100.0,
      "Spliters": 6
    },
    "7": {
      "Counters": 6,
      "Max_spout": 1000000.0,
      "Spliters": 1
    },
    "8": {
      "Counters": 9,
      "Max_spout": 100.0,
      "Spliters": 2
    },
    "9": {
      "Counters": 12,
      "Max_spout": 100000.0,
      "Spliters": 1
    },
    "10": {
      "Counters": 15,
      "Max_spout": 10000.0,
      "Spliters": 3
    },
    "11": {
      "Counters": 18,
      "Max_spout": 10000.0,
      "Spliters": 2
    }
  },
  "config_origins": {
    "1": "Initial Design: Sobol",
    "2": "Acquisition Function Maximizer: Local Search",
    "3": "Random Search",
    "4": "Random Search",
    "5": "Acquisition Function Maximizer: Local Search",
    "6": "Acquisition Function Maximizer: Local Search",
    "7": "Acquisition Function Maximizer: Local Search",
    "8": "Acquisition Function Maximizer: Local Search",
    "9": "Acquisition Function Maximizer: Local Search",
    "10": "Random Search",
    "11": "Acquisition Function Maximizer: Local Search"
  }
}