{
  "incumbent_ids": [
    5
  ],
  "rejected_config_ids": [
    2,
    3,
    4,
    1,
    6
  ],
  "incumbents_changed": 2,
  "trajectory": [
    {
      "config_ids": [
        1
      ],
      "costs": [
        0.3015671561964468
      ],
      "trial": 1,
      "walltime": 0.012302160263061523
    },
    {
      "config_ids": [
        5
      ],
      "costs": [
        0.2831146630725647
      ],
      "trial": 5,
      "walltime": 3.044447183609009
    }
  ],
  "state": {
    "queue": [
      [
        6,
        1
      ]
    ]
  }
}