{
  "incumbent_ids": [
    6
  ],
  "rejected_config_ids": [
    2,
    1,
    4,
    5,
    3,
    7,
    8,
    9,
    10,
    11,
    12,
    13,
    14,
    15,
    16,
    17,
    18,
    19,
    20,
    21,
    22,
    23,
    24,
    25,
    26,
    27,
    28,
    29,
    30,
    31,
    32,
    33,
    34,
    35,
    36,
    37,
    38,
    39,
    40,
    41,
    42,
    43,
    44
  ],
  "incumbents_changed": 3,
  "trajectory": [
    {
      "config_ids": [
        1
      ],
      "costs": [
        0.7948332903654384
      ],
      "trial": 1,
      "walltime": 0.010651111602783203
    },
    {
      "config_ids": [
        3
      ],
      "costs": [
        0.7850694839356972
      ],
      "trial": 3,
      "walltime": 0.02466130256652832
    },
    {
      "config_ids": [
        6
      ],
      "costs": [
        0.5796751992084752
      ],
      "trial": 6,
      "walltime": 0.04355764389038086
    }
  ],
  "state": {
    "queue": []
  }
}