{"config": {"CL": 0.122, "Citricacid": 0.16, "Density": 0.99706, "Fixedacidity": 13.3, "FreeSO2": 13.0, "PH": 3.78, "Residualsugar": 6.3, "Sulphates": 0.88, "TotalS02": 32.0, "Volatileacidity": 0.475}, "score": 0.26868075687035353, "info": {}}