{
  "stats": {
    "submitted": 18,
    "finished": 18,
    "running": 0
  },
  "data": [
    [
      1,
      null,
      378518883,
      null,
      0.259284020914167,
      0.0015041828155517578,
      1,
      1763365726.0305984,
      1763365726.033763,
      {}
    ],
    [
      2,
      null,
      378518883,
      null,
      0.2950568318089102,
      0.002757549285888672,
      1,
      1763365728.8294177,
      1763365728.8340116,
      {}
    ],
    [
      3,
      null,
      378518883,
      null,
      0.34900402816691845,
      0.0018200874328613281,
      1,
      1763365728.8403778,
      1763365728.8438418,
      {}
    ],
    [
      4,
      null,
      378518883,
      null,
      0.2171182117466055,
      0.0021266937255859375,
      1,
      1763365728.8504207,
      1763365728.854282,
      {}
    ],
    [
      5,
      null,
      378518883,
      null,
      0.3142797984896365,
      0.0014657974243164062,
      1,
      1763365728.864799,
      1763365728.8678253,
      {}
    ],
    [
      6,
      null,
      378518883,
      null,
      0.3094921618841131,
      0.0012352466583251953,
      1,
      1763365728.8753316,
      1763365728.878129,
      {}
    ],
    [
      7,
      null,
      378518883,
      null,
      0.20449433385845572,
      0.001726388931274414,
      1,
      1763365728.8861454,
      1763365728.8894737,
      {}
    ],
    [
      8,
      null,
      378518883,
      null,
      0.27816792517927214,
      0.0017523765563964844,
      1,
      1763365728.8988543,
      1763365728.9023767,
      {}
    ],
    [
      9,
      null,
      378518883,
      null,
      0.16179942734413566,
      0.0014119148254394531,
      1,
      1763365728.9113352,
      1763365728.9142618,
      {}
    ],
    [
      10,
      null,
      378518883,
      null,
      0.37815438534848544,
      0.0028333663940429688,
      1,
      1763365731.9477148,
      1763365731.9523003,
      {}
    ],
    [
      11,
      null,
      378518883,
      null,
      0.1802966881510294,
      0.002288341522216797,
      1,
      1763365731.9627752,
      1763365731.9667773,
      {}
    ],
    [
      12,
      null,
      378518883,
      null,
      0.16179942734413566,
      0.0013856887817382812,
      1,
      1763365731.977533,
      1763365731.9805603,
      {}
    ],
    [
      13,
      null,
      378518883,
      null,
      0.2375380831221463,
      0.00203704833984375,
      1,
      1763365731.99225,
      1763365731.996141,
      {}
    ],
    [
      14,
      null,
      378518883,
      null,
      0.2656751970266389,
      0.002062559127807617,
      1,
      1763365732.009374,
      1763365732.0131235,
      {}
    ],
    [
      15,
      null,
      378518883,
      null,
      0.4165254469323568,
      0.0017399787902832031,
      1,
      1763365732.0250883,
      1763365732.028422,
      {}
    ],
    [
      16,
      null,
      378518883,
      null,
      0.254107086292794,
      0.0012297630310058594,
      1,
      1763365732.0409122,
      1763365732.0438209,
      {}
    ],
    [
      17,
      null,
      378518883,
      null,
      0.40187669713617447,
      0.001195669174194336,
      1,
      1763365732.0567844,
      1763365732.0595312,
      {}
    ],
    [
      18,
      null,
      378518883,
      null,
      0.42133879544934294,
      0.001148223876953125,
      1,
      1763365732.0890155,
      1763365732.0916781,
      {}
    ]
  ],
  "configs": {
    "1": {
      " ACAP": 3.170647244900465,
      " AEXP": 4.272590086892247,
      " CPLx": 1.6696611316874623,
      " DOCU": 3.1858554370701313,
      " ETAT": 5.568188025269658,
      " FLEx": 4.980438347905874,
      " KLOC": 146.304398053783,
      " LTEx": 2.9770524924620987,
      " PCAP": 4.828456435352564,
      " PCON": 3.9061935767531395,
      " PLEx": 2.609513926319778,
      " PMAT": 2.55776656139642,
      " PREC": 2.071700133452192,
      " PVOL": 3.480258761857636,
      " RELY": 3.335998844968155,
      " RESL": 2.503296517770737,
      " RUSE": 3.4483866881905123,
      " SCED": 3.0,
      " SITE": 4.594596073962748,
      " STOR": 3.221405129879713,
      " TEAM": 4.490865759419277,
      " TIME": 3.7020699186250567,
      " TOOL": 2.0,
      "DATA": 4.0799455682318655
    },
    "2": {
      " ACAP": 3.3842680130516083,
      " AEXP": 4.2246637839838135,
      " CPLx": 1.5561710269270081,
      " DOCU": 3.148144611111463,
      " ETAT": 5.9326124609829805,
      " FLEx": 1.1851041717673785,
      " KLOC": 371.26373029003867,
      " LTEx": 3.0962688924243467,
      " PCAP": 3.9353776197815926,
      " PCON": 3.7986092355430845,
      " PLEx": 1.5770636018923319,
      " PMAT": 2.3757512352062418,
      " PREC": 1.9969006666829605,
      " PVOL": 2.3555801391342124,
      " RELY": 2.709725271620279,
      " RESL": 4.331011792579062,
      " RUSE": 4.672397319966267,
      " SCED": 3.0,
      " SITE": 4.3844127994186355,
      " STOR": 3.3692871385916026,
      " TEAM": 2.2329912619430248,
      " TIME": 3.480956911664248,
      " TOOL": 2.0,
      "DATA": 4.729002856646003
    },
    "3": {
      " ACAP": 4.910657834144093,
      " AEXP": 2.040304468497968,
      " CPLx": 3.6026253119107645,
      " DOCU": 2.870415751915958,
      " ETAT": 2.0377597234995526,
      " FLEx": 3.0937528832132726,
      " KLOC": 356.9032875064964,
      " LTEx": 3.469436576868568,
      " PCAP": 4.038240437993604,
      " PCON": 2.7109128465479593,
      " PLEx": 3.0659690478737014,
      " PMAT": 2.086590456503052,
      " PREC": 2.8037514699819344,
      " PVOL": 4.325972272889769,
      " RELY": 3.7503759405266672,
      " RESL": 4.247138963383243,
      " RUSE": 3.524483364939524,
      " SCED": 3.0,
      " SITE": 5.371146131658927,
      " STOR": 3.9258435897320063,
      " TEAM": 3.578838839271475,
      " TIME": 3.1296702531375207,
      " TOOL": 2.0,
      "DATA": 3.4999427262474803
    },
    "4": {
      " ACAP": 4.98552445542823,
      " AEXP": 2.788837598200762,
      " CPLx": 2.2478204759229365,
      " DOCU": 4.126813210472839,
      " ETAT": 1.621456926065664,
      " FLEx": 2.7643229016884936,
      " KLOC": 164.28164813630192,
      " LTEx": 1.1514878357277492,
      " PCAP": 3.2010861348981074,
      " PCON": 4.041314623800927,
      " PLEx": 3.377054272885693,
      " PMAT": 2.936523738303033,
      " PREC": 4.303038423118268,
      " PVOL": 2.1095872523797845,
      " RELY": 3.597925962324058,
      " RESL": 1.2860406877892148,
      " RUSE": 3.168935497435811,
      " SCED": 3.0,
      " SITE": 5.646977804295211,
      " STOR": 3.017570803012195,
      " TEAM": 1.5105747815613981,
      " TIME": 3.3142799904560762,
      " TOOL": 2.0,
      "DATA": 4.574976864074915
    },
    "5": {
      " ACAP": 4.849186387055938,
      " AEXP": 2.0094720394850363,
      " CPLx": 2.5433586122182366,
      " DOCU": 4.581459000399943,
      " ETAT": 3.4267353316055127,
      " FLEx": 2.136327260830175,
      " KLOC": 344.3777778019939,
      " LTEx": 3.8945827659313226,
      " PCAP": 4.345999355054026,
      " PCON": 2.0188362644552944,
      " PLEx": 2.068503432784335,
      " PMAT": 2.6081312462091537,
      " PREC": 4.2053797215684225,
      " PVOL": 4.423668040355096,
      " RELY": 3.3583886042032405,
      " RESL": 4.572325860354821,
      " RUSE": 3.9222265318286427,
      " SCED": 3.0,
      " SITE": 2.183375411074594,
      " STOR": 3.2684689982203725,
      " TEAM": 4.1092730028126665,
      " TIME": 3.7415560230874396,
      " TOOL": 2.0,
      "DATA": 3.4201261010886466
    },
    "6": {
      " ACAP": 4.593217069536051,
      " AEXP": 2.5730817079497244,
      " CPLx": 1.0487770412105015,
      " DOCU": 2.181377699040695,
      " ETAT": 4.094100805237836,
      " FLEx": 4.209380363547516,
      " KLOC": 369.7345798154021,
      " LTEx": 1.5581915944912303,
      " PCAP": 4.272342143666118,
      " PCON": 3.75325071865782,
      " PLEx": 1.2163200911596026,
      " PMAT": 2.5682591049619035,