{
  "incumbent_ids": [
    6
  ],
  "rejected_config_ids": [
    1,
    3,
    4,
    5,
    2
  ],
  "incumbents_changed": 3,
  "trajectory": [
    {
      "config_ids": [
        1
      ],
      "costs": [
        0.6602804791193773
      ],
      "trial": 1,
      "walltime": 0.010437726974487305
    },
    {
      "config_ids": [
        2
      ],
      "costs": [
        0.4893697889292481
      ],
      "trial": 2,
      "walltime": 1.033315896987915
    },
    {
      "config_ids": [
        6
      ],
      "costs": [
        0.4571799298670852
      ],
      "trial": 6,
      "walltime": 1.0762152671813965
    }
  ],
  "state": {
    "queue": [
      [
        6,
        1
      ]
    ]
  }
}