{'Clndrs': 4.0, 'Volume': 71.0, 'Model': 71.0, 'origin': 3.0}, {'Clndrs': 4.0, 'Volume': 89.0, 'Model': 80.0, 'origin': 3.0}, {'Clndrs': 4.0, 'Volume': 72.0, 'Model': 71.0, 'origin': 3.0}, {'Clndrs': 4.0, 'Volume': 90.0, 'Model': 80.0, 'origin': 2.0}, {'Clndrs': 4.0, 'Volume': 91.0, 'Model': 82.0, 'origin': 3.0}, {'Clndrs': 4.0, 'Volume': 86.0, 'Model': 80.0, 'origin': 3.0}, {'Clndrs': 4.0, 'Volume': 79.0, 'Model': 77.0, 'origin': 2.0}, {'Clndrs': 4.0, 'Volume': 91.0, 'Model': 78.0, 'origin': 3.0}, {'Clndrs': 4.0, 'Volume': 97.0, 'Model': 80.0, 'origin': 3.0}, {'Clndrs': 4.0, 'Volume': 68.0, 'Model': 73.0, 'origin': 2.0}, {'Clndrs': 4.0, 'Volume': 97.0, 'Model': 82.0, 'origin': 2.0}, {'Clndrs': 4.0, 'Volume': 91.0, 'Model': 71.0, 'origin': 1.0}, {'Clndrs': 4.0, 'Volume': 72.0, 'Model': 71.0, 'origin': 3.0}, {'Clndrs': 4.0, 'Volume': 97.0, 'Model': 82.0, 'origin': 2.0}, {'Clndrs': 4.0, 'Volume': 71.0, 'Model': 74.0, 'origin': 3.0}, {'Clndrs': 4.0, 'Volume': 90.0, 'Model': 80.0, 'origin': 2.0}, {'Clndrs': 4.0, 'Volume': 78.0, 'Model': 78.0, 'origin': 3.0}, {'Clndrs': 4.0, 'Volume': 89.0, 'Model': 80.0, 'origin': 3.0}, {'Clndrs': 4.0, 'Volume': 97.0, 'Model': 82.0, 'origin': 2.0}, {'Clndrs': 4.0, 'Volume': 79.0, 'Model': 77.0, 'origin': 2.0}
0.3517798862205761, 0.25831625843393935, 0.27467083302654305, 0.19532716835654673, 0.3348019145129377, 0.25069416027841385, 0.2596851205899111, 0.3241969946908646, 0.3814812448786977, 0.34385632337349503, 0.16745989117220028, 0.32909678259718966, 0.27467083302654305, 0.16745989117220028, 0.3189355873546329, 0.19532716835654673, 0.34854013859025934, 0.25831625843393935, 0.16745989117220028, 0.2596851205899111
0.0346522331237793, 0.029587745666503906, 0.034847259521484375, 0.03286147117614746, 0.033551692962646484, 0.03441429138183594, 0.032924652099609375, 0.0377962589263916, 0.033298492431640625, 0.031119346618652344, 0.029293060302734375, 0.035140037536621094, 0.0332646369934082, 0.031159639358520508, 0.03121495246887207, 0.029896020889282227, 0.029041051864624023, 0.0376129150390625, 0.03292369842529297, 0.0424196720123291