{'Clndrs': 4.0, 'Volume': 71.0, 'Model': 71.0, 'origin': 3.0}, {'Clndrs': 4.0, 'Volume': 89.0, 'Model': 80.0, 'origin': 3.0}, {'Clndrs': 4.0, 'Volume': 72.0, 'Model': 71.0, 'origin': 3.0}, {'Clndrs': 4.0, 'Volume': 90.0, 'Model': 80.0, 'origin': 2.0}, {'Clndrs': 4.0, 'Volume': 91.0, 'Model': 82.0, 'origin': 3.0}, {'Clndrs': 4.0, 'Volume': 86.0, 'Model': 80.0, 'origin': 3.0}, {'Clndrs': 4.0, 'Volume': 79.0, 'Model': 77.0, 'origin': 2.0}, {'Clndrs': 4.0, 'Volume': 91.0, 'Model': 78.0, 'origin': 3.0}, {'Clndrs': 4.0, 'Volume': 97.0, 'Model': 80.0, 'origin': 3.0}, {'Clndrs': 4.0, 'Volume': 68.0, 'Model': 73.0, 'origin': 2.0}, {'Clndrs': 4.0, 'Volume': 97.0, 'Model': 82.0, 'origin': 2.0}, {'Clndrs': 4.0, 'Volume': 91.0, 'Model': 71.0, 'origin': 1.0}, {'Clndrs': 4.0, 'Volume': 72.0, 'Model': 71.0, 'origin': 3.0}, {'Clndrs': 4.0, 'Volume': 97.0, 'Model': 82.0, 'origin': 2.0}, {'Clndrs': 4.0, 'Volume': 71.0, 'Model': 74.0, 'origin': 3.0}, {'Clndrs': 4.0, 'Volume': 90.0, 'Model': 80.0, 'origin': 2.0}, {'Clndrs': 4.0, 'Volume': 78.0, 'Model': 78.0, 'origin': 3.0}, {'Clndrs': 4.0, 'Volume': 89.0, 'Model': 80.0, 'origin': 3.0}, {'Clndrs': 4.0, 'Volume': 97.0, 'Model': 82.0, 'origin': 2.0}, {'Clndrs': 4.0, 'Volume': 79.0, 'Model': 77.0, 'origin': 2.0}
0.3517798862205761, 0.25831625843393935, 0.27467083302654305, 0.19532716835654673, 0.3348019145129377, 0.25069416027841385, 0.2596851205899111, 0.3241969946908646, 0.3814812448786977, 0.34385632337349503, 0.16745989117220028, 0.32909678259718966, 0.27467083302654305, 0.16745989117220028, 0.3189355873546329, 0.19532716835654673, 0.34854013859025934, 0.25831625843393935, 0.16745989117220028, 0.2596851205899111
0.032616376876831055, 0.029319286346435547, 0.028719186782836914, 0.02940654754638672, 0.02958059310913086, 0.029665470123291016, 0.03052687644958496, 0.03133702278137207, 0.02714085578918457, 0.027801036834716797, 0.028914213180541992, 0.041808128356933594, 0.032071590423583984, 0.030637025833129883, 0.030308008193969727, 0.03107619285583496, 0.027590513229370117, 0.02765798568725586, 0.02767634391784668, 0.029603004455566406