{'Clndrs': 4.0, 'Volume': 71.0, 'Model': 71.0, 'origin': 3.0}, {'Clndrs': 4.0, 'Volume': 89.0, 'Model': 80.0, 'origin': 3.0}, {'Clndrs': 4.0, 'Volume': 72.0, 'Model': 71.0, 'origin': 3.0}, {'Clndrs': 4.0, 'Volume': 90.0, 'Model': 80.0, 'origin': 2.0}, {'Clndrs': 4.0, 'Volume': 91.0, 'Model': 82.0, 'origin': 3.0}, {'Clndrs': 4.0, 'Volume': 86.0, 'Model': 80.0, 'origin': 3.0}, {'Clndrs': 4.0, 'Volume': 79.0, 'Model': 77.0, 'origin': 2.0}, {'Clndrs': 4.0, 'Volume': 91.0, 'Model': 78.0, 'origin': 3.0}, {'Clndrs': 4.0, 'Volume': 97.0, 'Model': 80.0, 'origin': 3.0}, {'Clndrs': 4.0, 'Volume': 68.0, 'Model': 73.0, 'origin': 2.0}, {'Clndrs': 4.0, 'Volume': 97.0, 'Model': 82.0, 'origin': 2.0}, {'Clndrs': 4.0, 'Volume': 91.0, 'Model': 71.0, 'origin': 1.0}, {'Clndrs': 4.0, 'Volume': 72.0, 'Model': 71.0, 'origin': 3.0}, {'Clndrs': 4.0, 'Volume': 97.0, 'Model': 82.0, 'origin': 2.0}, {'Clndrs': 4.0, 'Volume': 71.0, 'Model': 74.0, 'origin': 3.0}, {'Clndrs': 4.0, 'Volume': 90.0, 'Model': 80.0, 'origin': 2.0}, {'Clndrs': 4.0, 'Volume': 78.0, 'Model': 78.0, 'origin': 3.0}, {'Clndrs': 4.0, 'Volume': 89.0, 'Model': 80.0, 'origin': 3.0}, {'Clndrs': 4.0, 'Volume': 97.0, 'Model': 82.0, 'origin': 2.0}, {'Clndrs': 4.0, 'Volume': 79.0, 'Model': 77.0, 'origin': 2.0}
0.3517798862205761, 0.25831625843393935, 0.27467083302654305, 0.19532716835654673, 0.3348019145129377, 0.25069416027841385, 0.2596851205899111, 0.3241969946908646, 0.3814812448786977, 0.34385632337349503, 0.16745989117220028, 0.32909678259718966, 0.27467083302654305, 0.16745989117220028, 0.3189355873546329, 0.19532716835654673, 0.34854013859025934, 0.25831625843393935, 0.16745989117220028, 0.2596851205899111
0.03282284736633301, 0.029009580612182617, 0.028241634368896484, 0.027831554412841797, 0.027875661849975586, 0.02838444709777832, 0.02796769142150879, 0.027233600616455078, 0.034375905990600586, 0.028382062911987305, 0.03081226348876953, 0.02852034568786621, 0.029392242431640625, 0.028219223022460938, 0.028359413146972656, 0.03181743621826172, 0.0323939323425293, 0.030101776123046875, 0.02803659439086914, 0.03029346466064453