{'Clndrs': 4.0, 'Volume': 71.0, 'Model': 71.0, 'origin': 3.0}, {'Clndrs': 4.0, 'Volume': 89.0, 'Model': 80.0, 'origin': 3.0}, {'Clndrs': 4.0, 'Volume': 72.0, 'Model': 71.0, 'origin': 3.0}, {'Clndrs': 4.0, 'Volume': 90.0, 'Model': 80.0, 'origin': 2.0}, {'Clndrs': 4.0, 'Volume': 91.0, 'Model': 82.0, 'origin': 3.0}, {'Clndrs': 4.0, 'Volume': 86.0, 'Model': 80.0, 'origin': 3.0}, {'Clndrs': 4.0, 'Volume': 79.0, 'Model': 77.0, 'origin': 2.0}, {'Clndrs': 4.0, 'Volume': 91.0, 'Model': 78.0, 'origin': 3.0}, {'Clndrs': 4.0, 'Volume': 97.0, 'Model': 80.0, 'origin': 3.0}, {'Clndrs': 4.0, 'Volume': 68.0, 'Model': 73.0, 'origin': 2.0}, {'Clndrs': 4.0, 'Volume': 97.0, 'Model': 82.0, 'origin': 2.0}, {'Clndrs': 4.0, 'Volume': 91.0, 'Model': 71.0, 'origin': 1.0}, {'Clndrs': 4.0, 'Volume': 72.0, 'Model': 71.0, 'origin': 3.0}, {'Clndrs': 4.0, 'Volume': 97.0, 'Model': 82.0, 'origin': 2.0}, {'Clndrs': 4.0, 'Volume': 71.0, 'Model': 74.0, 'origin': 3.0}, {'Clndrs': 4.0, 'Volume': 90.0, 'Model': 80.0, 'origin': 2.0}, {'Clndrs': 4.0, 'Volume': 78.0, 'Model': 78.0, 'origin': 3.0}, {'Clndrs': 4.0, 'Volume': 89.0, 'Model': 80.0, 'origin': 3.0}, {'Clndrs': 4.0, 'Volume': 97.0, 'Model': 82.0, 'origin': 2.0}, {'Clndrs': 4.0, 'Volume': 79.0, 'Model': 77.0, 'origin': 2.0}
0.3517798862205761, 0.25831625843393935, 0.27467083302654305, 0.19532716835654673, 0.3348019145129377, 0.25069416027841385, 0.2596851205899111, 0.3241969946908646, 0.3814812448786977, 0.34385632337349503, 0.16745989117220028, 0.32909678259718966, 0.27467083302654305, 0.16745989117220028, 0.3189355873546329, 0.19532716835654673, 0.34854013859025934, 0.25831625843393935, 0.16745989117220028, 0.2596851205899111
0.03257870674133301, 0.03213667869567871, 0.02995777130126953, 0.03434896469116211, 0.03329014778137207, 0.03183174133300781, 0.03279876708984375, 0.03243207931518555, 0.026754140853881836, 0.029000043869018555, 0.02916240692138672, 0.037877798080444336, 0.03289651870727539, 0.03523588180541992, 0.03359842300415039, 0.03083658218383789, 0.032440185546875, 0.027226924896240234, 0.03305506706237793, 0.03248763084411621