{'Clndrs': 4.0, 'Volume': 71.0, 'Model': 71.0, 'origin': 3.0}, {'Clndrs': 4.0, 'Volume': 89.0, 'Model': 80.0, 'origin': 3.0}, {'Clndrs': 4.0, 'Volume': 72.0, 'Model': 71.0, 'origin': 3.0}, {'Clndrs': 4.0, 'Volume': 90.0, 'Model': 80.0, 'origin': 2.0}, {'Clndrs': 4.0, 'Volume': 91.0, 'Model': 82.0, 'origin': 3.0}, {'Clndrs': 4.0, 'Volume': 86.0, 'Model': 80.0, 'origin': 3.0}, {'Clndrs': 4.0, 'Volume': 79.0, 'Model': 77.0, 'origin': 2.0}, {'Clndrs': 4.0, 'Volume': 91.0, 'Model': 78.0, 'origin': 3.0}, {'Clndrs': 4.0, 'Volume': 97.0, 'Model': 80.0, 'origin': 3.0}, {'Clndrs': 4.0, 'Volume': 68.0, 'Model': 73.0, 'origin': 2.0}, {'Clndrs': 4.0, 'Volume': 97.0, 'Model': 82.0, 'origin': 2.0}, {'Clndrs': 4.0, 'Volume': 91.0, 'Model': 71.0, 'origin': 1.0}, {'Clndrs': 4.0, 'Volume': 72.0, 'Model': 71.0, 'origin': 3.0}, {'Clndrs': 4.0, 'Volume': 97.0, 'Model': 82.0, 'origin': 2.0}, {'Clndrs': 4.0, 'Volume': 71.0, 'Model': 74.0, 'origin': 3.0}, {'Clndrs': 4.0, 'Volume': 90.0, 'Model': 80.0, 'origin': 2.0}, {'Clndrs': 4.0, 'Volume': 78.0, 'Model': 78.0, 'origin': 3.0}, {'Clndrs': 4.0, 'Volume': 89.0, 'Model': 80.0, 'origin': 3.0}, {'Clndrs': 4.0, 'Volume': 97.0, 'Model': 82.0, 'origin': 2.0}, {'Clndrs': 4.0, 'Volume': 79.0, 'Model': 77.0, 'origin': 2.0}
0.3517798862205761, 0.25831625843393935, 0.27467083302654305, 0.19532716835654673, 0.3348019145129377, 0.25069416027841385, 0.2596851205899111, 0.3241969946908646, 0.3814812448786977, 0.34385632337349503, 0.16745989117220028, 0.32909678259718966, 0.27467083302654305, 0.16745989117220028, 0.3189355873546329, 0.19532716835654673, 0.34854013859025934, 0.25831625843393935, 0.16745989117220028, 0.2596851205899111
0.03945565223693848, 0.03240060806274414, 0.03564763069152832, 0.03244781494140625, 0.03230929374694824, 0.033640384674072266, 0.03301739692687988, 0.035188913345336914, 0.03458118438720703, 0.03255963325500488, 0.0324704647064209, 0.0326383113861084, 0.03199958801269531, 0.034754037857055664, 0.03193855285644531, 0.03398728370666504, 0.03334164619445801, 0.03649401664733887, 0.035047292709350586, 0.032054901123046875