{'Spout_wait': 5, 'Spliters': 6, 'Counters': 11}, {'Spout_wait': 9, 'Spliters': 3, 'Counters': 18}, {'Spout_wait': 8, 'Spliters': 5, 'Counters': 15}, {'Spout_wait': 10, 'Spliters': 5, 'Counters': 18}, {'Spout_wait': 3, 'Spliters': 1, 'Counters': 17}, {'Spout_wait': 4, 'Spliters': 6, 'Counters': 17}, {'Spout_wait': 8, 'Spliters': 5, 'Counters': 9}, {'Spout_wait': 5, 'Spliters': 3, 'Counters': 18}, {'Spout_wait': 2, 'Spliters': 6, 'Counters': 18}, {'Spout_wait': 7, 'Spliters': 4, 'Counters': 11}, {'Spout_wait': 6, 'Spliters': 4, 'Counters': 18}, {'Spout_wait': 100, 'Spliters': 5, 'Counters': 12}, {'Spout_wait': 8, 'Spliters': 1, 'Counters': 17}, {'Spout_wait': 10, 'Spliters': 5, 'Counters': 13}, {'Spout_wait': 9, 'Spliters': 6, 'Counters': 18}, {'Spout_wait': 8, 'Spliters': 6, 'Counters': 18}, {'Spout_wait': 100, 'Spliters': 2, 'Counters': 10}, {'Spout_wait': 6, 'Spliters': 6, 'Counters': 18}, {'Spout_wait': 8, 'Spliters': 6, 'Counters': 9}, {'Spout_wait': 3, 'Spliters': 6, 'Counters': 9}
0.10894486246333333, 0.059810310677936775, 0.07531518144695172, 0.039326493932283275, 0.15086424035774504, 0.04488372625774841, 0.12829901998437582, 0.11319533085451094, 0.15318617906475968, 0.10728271921898697, 0.09215494647517551, 0.09938425092876833, 0.11706293112806788, 0.06555986454644985, 0.03142005946668363, 0.023408920605627135, 0.09870268742652612, 0.0672273725534143, 0.1250164947230051, 0.14511683218706775
0.08578038215637207, 0.06313228607177734, 0.0531458854675293, 0.14122939109802246, 0.0573427677154541, 0.0667884349822998, 0.05623364448547363, 0.05834794044494629, 0.055177927017211914, 0.06590771675109863, 0.12026548385620117, 0.05502820014953613, 0.05203533172607422, 0.05258655548095703, 0.04271888732910156, 0.0485074520111084, 0.05464291572570801, 0.056635379791259766, 0.06112861633300781, 0.05283808708190918