{'Spout_wait': 8.0, 'Spliters': 6.0, 'Counters': 18.0}, {'Spout_wait': 9.0, 'Spliters': 6.0, 'Counters': 17.0}, {'Spout_wait': 8.0, 'Spliters': 5.0, 'Counters': 15.0}, {'Spout_wait': 9.0, 'Spliters': 4.0, 'Counters': 18.0}, {'Spout_wait': 6.0, 'Spliters': 5.0, 'Counters': 18.0}, {'Spout_wait': 4.0, 'Spliters': 6.0, 'Counters': 17.0}, {'Spout_wait': 6.0, 'Spliters': 3.0, 'Counters': 17.0}, {'Spout_wait': 8.0, 'Spliters': 6.0, 'Counters': 15.0}, {'Spout_wait': 9.0, 'Spliters': 6.0, 'Counters': 18.0}, {'Spout_wait': 7.0, 'Spliters': 6.0, 'Counters': 18.0}, {'Spout_wait': 5.0, 'Spliters': 5.0, 'Counters': 17.0}, {'Spout_wait': 9.0, 'Spliters': 6.0, 'Counters': 15.0}, {'Spout_wait': 5.0, 'Spliters': 6.0, 'Counters': 17.0}, {'Spout_wait': 10.0, 'Spliters': 6.0, 'Counters': 12.0}, {'Spout_wait': 9.0, 'Spliters': 6.0, 'Counters': 18.0}, {'Spout_wait': 8.0, 'Spliters': 6.0, 'Counters': 18.0}, {'Spout_wait': 6.0, 'Spliters': 6.0, 'Counters': 16.0}, {'Spout_wait': 10.0, 'Spliters': 6.0, 'Counters': 17.0}, {'Spout_wait': 7.0, 'Spliters': 6.0, 'Counters': 15.0}, {'Spout_wait': 4.0, 'Spliters': 6.0, 'Counters': 17.0}
0.02340892060562716, 0.008586239120553896, 0.0753151814469517, 0.060937930180403055, 0.043214253142607406, 0.04488372625774839, 0.08393134226726973, 0.045320344504342636, 0.03142005946668358, 0.0613639952768652, 0.024147530214372992, 0.05703678646842847, 0.05169565262832132, 0.059561592720216106, 0.03142005946668358, 0.02340892060562716, 0.05755833752539674, 0.000747363758841324, 0.05252188736490748, 0.04488372625774839
0.045162200927734375, 0.03396010398864746, 0.034998178482055664, 0.03714275360107422, 0.03715062141418457, 0.10333085060119629, 0.03690338134765625, 0.03752255439758301, 0.035073280334472656, 0.03733110427856445, 0.039774417877197266, 0.03810834884643555, 0.03743600845336914, 0.03766584396362305, 0.037564992904663086, 0.037627220153808594, 0.03913450241088867, 0.03749370574951172, 0.03601217269897461, 0.03692173957824707