{'Spout_wait': 8.0, 'Spliters': 6.0, 'Counters': 18.0}, {'Spout_wait': 9.0, 'Spliters': 6.0, 'Counters': 17.0}, {'Spout_wait': 8.0, 'Spliters': 5.0, 'Counters': 15.0}, {'Spout_wait': 9.0, 'Spliters': 4.0, 'Counters': 18.0}, {'Spout_wait': 6.0, 'Spliters': 5.0, 'Counters': 18.0}, {'Spout_wait': 4.0, 'Spliters': 6.0, 'Counters': 17.0}, {'Spout_wait': 6.0, 'Spliters': 3.0, 'Counters': 17.0}, {'Spout_wait': 8.0, 'Spliters': 6.0, 'Counters': 15.0}, {'Spout_wait': 9.0, 'Spliters': 6.0, 'Counters': 18.0}, {'Spout_wait': 7.0, 'Spliters': 6.0, 'Counters': 18.0}, {'Spout_wait': 5.0, 'Spliters': 5.0, 'Counters': 17.0}, {'Spout_wait': 9.0, 'Spliters': 6.0, 'Counters': 15.0}, {'Spout_wait': 5.0, 'Spliters': 6.0, 'Counters': 17.0}, {'Spout_wait': 10.0, 'Spliters': 6.0, 'Counters': 12.0}, {'Spout_wait': 9.0, 'Spliters': 6.0, 'Counters': 18.0}, {'Spout_wait': 8.0, 'Spliters': 6.0, 'Counters': 18.0}, {'Spout_wait': 6.0, 'Spliters': 6.0, 'Counters': 16.0}, {'Spout_wait': 10.0, 'Spliters': 6.0, 'Counters': 17.0}, {'Spout_wait': 7.0, 'Spliters': 6.0, 'Counters': 15.0}, {'Spout_wait': 4.0, 'Spliters': 6.0, 'Counters': 17.0}
0.02340892060562716, 0.008586239120553896, 0.0753151814469517, 0.060937930180403055, 0.043214253142607406, 0.04488372625774839, 0.08393134226726973, 0.045320344504342636, 0.03142005946668358, 0.0613639952768652, 0.024147530214372992, 0.05703678646842847, 0.05169565262832132, 0.059561592720216106, 0.03142005946668358, 0.02340892060562716, 0.05755833752539674, 0.000747363758841324, 0.05252188736490748, 0.04488372625774839
0.047322750091552734, 0.04575681686401367, 0.04310154914855957, 0.0449833869934082, 0.04473257064819336, 0.09677410125732422, 0.044382572174072266, 0.04160332679748535, 0.04677581787109375, 0.04377293586730957, 0.051638126373291016, 0.042986154556274414, 0.052880287170410156, 0.043218374252319336, 0.04320573806762695, 0.042395591735839844, 0.051102399826049805, 0.04448986053466797, 0.04217052459716797, 0.0448458194732666