{'Spout_wait': 8.0, 'Spliters': 6.0, 'Counters': 18.0}, {'Spout_wait': 9.0, 'Spliters': 6.0, 'Counters': 17.0}, {'Spout_wait': 8.0, 'Spliters': 5.0, 'Counters': 15.0}, {'Spout_wait': 9.0, 'Spliters': 4.0, 'Counters': 18.0}, {'Spout_wait': 6.0, 'Spliters': 5.0, 'Counters': 18.0}, {'Spout_wait': 4.0, 'Spliters': 6.0, 'Counters': 17.0}, {'Spout_wait': 6.0, 'Spliters': 3.0, 'Counters': 17.0}, {'Spout_wait': 8.0, 'Spliters': 6.0, 'Counters': 15.0}, {'Spout_wait': 9.0, 'Spliters': 6.0, 'Counters': 18.0}, {'Spout_wait': 7.0, 'Spliters': 6.0, 'Counters': 18.0}, {'Spout_wait': 5.0, 'Spliters': 5.0, 'Counters': 17.0}, {'Spout_wait': 9.0, 'Spliters': 6.0, 'Counters': 15.0}, {'Spout_wait': 5.0, 'Spliters': 6.0, 'Counters': 17.0}, {'Spout_wait': 10.0, 'Spliters': 6.0, 'Counters': 12.0}, {'Spout_wait': 9.0, 'Spliters': 6.0, 'Counters': 18.0}, {'Spout_wait': 8.0, 'Spliters': 6.0, 'Counters': 18.0}, {'Spout_wait': 6.0, 'Spliters': 6.0, 'Counters': 16.0}, {'Spout_wait': 10.0, 'Spliters': 6.0, 'Counters': 17.0}, {'Spout_wait': 7.0, 'Spliters': 6.0, 'Counters': 15.0}, {'Spout_wait': 4.0, 'Spliters': 6.0, 'Counters': 17.0}
0.02340892060562716, 0.008586239120553896, 0.0753151814469517, 0.060937930180403055, 0.043214253142607406, 0.04488372625774839, 0.08393134226726973, 0.045320344504342636, 0.03142005946668358, 0.0613639952768652, 0.024147530214372992, 0.05703678646842847, 0.05169565262832132, 0.059561592720216106, 0.03142005946668358, 0.02340892060562716, 0.05755833752539674, 0.000747363758841324, 0.05252188736490748, 0.04488372625774839
0.046784162521362305, 0.042404890060424805, 0.043653011322021484, 0.051491737365722656, 0.04881477355957031, 0.13044095039367676, 0.04123520851135254, 0.05348491668701172, 0.04256272315979004, 0.040390729904174805, 0.04780220985412598, 0.04758644104003906, 0.040792226791381836, 0.04314756393432617, 0.041289567947387695, 0.041272878646850586, 0.04076528549194336, 0.04229736328125, 0.04063844680786133, 0.04285478591918945