{'Spout_wait': 8.0, 'Spliters': 6.0, 'Counters': 18.0}, {'Spout_wait': 9.0, 'Spliters': 6.0, 'Counters': 17.0}, {'Spout_wait': 8.0, 'Spliters': 5.0, 'Counters': 15.0}, {'Spout_wait': 9.0, 'Spliters': 4.0, 'Counters': 18.0}, {'Spout_wait': 6.0, 'Spliters': 5.0, 'Counters': 18.0}, {'Spout_wait': 4.0, 'Spliters': 6.0, 'Counters': 17.0}, {'Spout_wait': 6.0, 'Spliters': 3.0, 'Counters': 17.0}, {'Spout_wait': 8.0, 'Spliters': 6.0, 'Counters': 15.0}, {'Spout_wait': 9.0, 'Spliters': 6.0, 'Counters': 18.0}, {'Spout_wait': 7.0, 'Spliters': 6.0, 'Counters': 18.0}, {'Spout_wait': 5.0, 'Spliters': 5.0, 'Counters': 17.0}, {'Spout_wait': 9.0, 'Spliters': 6.0, 'Counters': 15.0}, {'Spout_wait': 5.0, 'Spliters': 6.0, 'Counters': 17.0}, {'Spout_wait': 10.0, 'Spliters': 6.0, 'Counters': 12.0}, {'Spout_wait': 9.0, 'Spliters': 6.0, 'Counters': 18.0}, {'Spout_wait': 8.0, 'Spliters': 6.0, 'Counters': 18.0}, {'Spout_wait': 6.0, 'Spliters': 6.0, 'Counters': 16.0}, {'Spout_wait': 10.0, 'Spliters': 6.0, 'Counters': 17.0}, {'Spout_wait': 7.0, 'Spliters': 6.0, 'Counters': 15.0}, {'Spout_wait': 4.0, 'Spliters': 6.0, 'Counters': 17.0}
0.02340892060562716, 0.008586239120553896, 0.0753151814469517, 0.060937930180403055, 0.043214253142607406, 0.04488372625774839, 0.08393134226726973, 0.045320344504342636, 0.03142005946668358, 0.0613639952768652, 0.024147530214372992, 0.05703678646842847, 0.05169565262832132, 0.059561592720216106, 0.03142005946668358, 0.02340892060562716, 0.05755833752539674, 0.000747363758841324, 0.05252188736490748, 0.04488372625774839
0.06064105033874512, 0.050546884536743164, 0.04695487022399902, 0.05690503120422363, 0.05163908004760742, 0.11767792701721191, 0.04307746887207031, 0.04903864860534668, 0.0407414436340332, 0.04381060600280762, 0.04408550262451172, 0.04327726364135742, 0.04438376426696777, 0.05121445655822754, 0.044310808181762695, 0.041143178939819336, 0.048100948333740234, 0.04384279251098633, 0.046007633209228516, 0.045881032943725586