{'Spout_wait': 10, 'Spliters': 6, 'Counters': 17}, {'Spout_wait': 9, 'Spliters': 6, 'Counters': 17}, {'Spout_wait': 10, 'Spliters': 6, 'Counters': 17}, {'Spout_wait': 10, 'Spliters': 6, 'Counters': 17}, {'Spout_wait': 8, 'Spliters': 6, 'Counters': 17}, {'Spout_wait': 10, 'Spliters': 6, 'Counters': 17}, {'Spout_wait': 10, 'Spliters': 6, 'Counters': 17}, {'Spout_wait': 8, 'Spliters': 6, 'Counters': 18}, {'Spout_wait': 10, 'Spliters': 6, 'Counters': 17}, {'Spout_wait': 10, 'Spliters': 6, 'Counters': 17}, {'Spout_wait': 10, 'Spliters': 6, 'Counters': 17}, {'Spout_wait': 8, 'Spliters': 6, 'Counters': 17}, {'Spout_wait': 9, 'Spliters': 3, 'Counters': 17}, {'Spout_wait': 10, 'Spliters': 6, 'Counters': 17}, {'Spout_wait': 10, 'Spliters': 6, 'Counters': 17}, {'Spout_wait': 8, 'Spliters': 6, 'Counters': 18}, {'Spout_wait': 10, 'Spliters': 6, 'Counters': 17}, {'Spout_wait': 8, 'Spliters': 6, 'Counters': 17}, {'Spout_wait': 10, 'Spliters': 6, 'Counters': 17}, {'Spout_wait': 10, 'Spliters': 6, 'Counters': 17}
0.0007473637588413625, 0.008586239120553875, 0.0007473637588413625, 0.0007473637588413625, 0.006111178207122468, 0.0007473637588413625, 0.0007473637588413625, 0.023408920605627135, 0.0007473637588413625, 0.0007473637588413625, 0.0007473637588413625, 0.006111178207122468, 0.02003399425027811, 0.0007473637588413625, 0.0007473637588413625, 0.023408920605627135, 0.0007473637588413625, 0.006111178207122468, 0.0007473637588413625, 0.0007473637588413625
0.14133238792419434, 0.1430068016052246, 0.15138006210327148, 0.16510987281799316, 0.14565062522888184, 0.127669095993042, 0.10849308967590332, 0.12413191795349121, 0.12670516967773438, 0.12790465354919434, 0.13506221771240234, 0.14410114288330078, 0.13118767738342285, 0.13143491744995117, 0.12842130661010742, 0.16835927963256836, 0.15849924087524414, 0.14278578758239746, 0.13356518745422363, 0.13536858558654785