{'Spout_wait': 8.0, 'Spliters': 6.0, 'Counters': 18.0}, {'Spout_wait': 9.0, 'Spliters': 6.0, 'Counters': 17.0}, {'Spout_wait': 8.0, 'Spliters': 5.0, 'Counters': 15.0}, {'Spout_wait': 9.0, 'Spliters': 4.0, 'Counters': 18.0}, {'Spout_wait': 6.0, 'Spliters': 5.0, 'Counters': 18.0}, {'Spout_wait': 4.0, 'Spliters': 6.0, 'Counters': 17.0}, {'Spout_wait': 6.0, 'Spliters': 3.0, 'Counters': 17.0}, {'Spout_wait': 8.0, 'Spliters': 6.0, 'Counters': 15.0}, {'Spout_wait': 9.0, 'Spliters': 6.0, 'Counters': 18.0}, {'Spout_wait': 7.0, 'Spliters': 6.0, 'Counters': 18.0}, {'Spout_wait': 5.0, 'Spliters': 5.0, 'Counters': 17.0}, {'Spout_wait': 9.0, 'Spliters': 6.0, 'Counters': 15.0}, {'Spout_wait': 5.0, 'Spliters': 6.0, 'Counters': 17.0}, {'Spout_wait': 10.0, 'Spliters': 6.0, 'Counters': 12.0}, {'Spout_wait': 9.0, 'Spliters': 6.0, 'Counters': 18.0}, {'Spout_wait': 8.0, 'Spliters': 6.0, 'Counters': 18.0}, {'Spout_wait': 6.0, 'Spliters': 6.0, 'Counters': 16.0}, {'Spout_wait': 10.0, 'Spliters': 6.0, 'Counters': 17.0}, {'Spout_wait': 7.0, 'Spliters': 6.0, 'Counters': 15.0}, {'Spout_wait': 4.0, 'Spliters': 6.0, 'Counters': 17.0}
0.02340892060562716, 0.008586239120553896, 0.0753151814469517, 0.060937930180403055, 0.043214253142607406, 0.04488372625774839, 0.08393134226726973, 0.045320344504342636, 0.03142005946668358, 0.0613639952768652, 0.024147530214372992, 0.05703678646842847, 0.05169565262832132, 0.059561592720216106, 0.03142005946668358, 0.02340892060562716, 0.05755833752539674, 0.000747363758841324, 0.05252188736490748, 0.04488372625774839
0.0643317699432373, 0.06387448310852051, 0.05827832221984863, 0.05889606475830078, 0.05914187431335449, 0.12126326560974121, 0.06085324287414551, 0.06256389617919922, 0.059720516204833984, 0.06038093566894531, 0.06868433952331543, 0.060065269470214844, 0.06392383575439453, 0.05836343765258789, 0.05959653854370117, 0.055062294006347656, 0.060494184494018555, 0.05905032157897949, 0.0531156063079834, 0.06351065635681152