{'Spout_wait': 5.0, 'Spliters': 5.0, 'Counters': 15.0}, {'Spout_wait': 5.0, 'Spliters': 5.0, 'Counters': 1.0}, {'Spout_wait': 6.0, 'Spliters': 3.0, 'Counters': 15.0}, {'Spout_wait': 6.0, 'Spliters': 5.0, 'Counters': 1.0}, {'Spout_wait': 5.0, 'Spliters': 5.0, 'Counters': 10.0}, {'Spout_wait': 2.0, 'Spliters': 6.0, 'Counters': 13.0}, {'Spout_wait': 6.0, 'Spliters': 4.0, 'Counters': 15.0}, {'Spout_wait': 1.0, 'Spliters': 4.0, 'Counters': 17.0}, {'Spout_wait': 4.0, 'Spliters': 6.0, 'Counters': 13.0}, {'Spout_wait': 4.0, 'Spliters': 5.0, 'Counters': 17.0}, {'Spout_wait': 2.0, 'Spliters': 4.0, 'Counters': 15.0}, {'Spout_wait': 6.0, 'Spliters': 6.0, 'Counters': 13.0}, {'Spout_wait': 6.0, 'Spliters': 4.0, 'Counters': 12.0}, {'Spout_wait': 3.0, 'Spliters': 5.0, 'Counters': 15.0}, {'Spout_wait': 2.0, 'Spliters': 3.0, 'Counters': 1.0}, {'Spout_wait': 6.0, 'Spliters': 6.0, 'Counters': 5.0}, {'Spout_wait': 5.0, 'Spliters': 6.0, 'Counters': 14.0}, {'Spout_wait': 2.0, 'Spliters': 5.0, 'Counters': 14.0}, {'Spout_wait': 6.0, 'Spliters': 4.0, 'Counters': 13.0}, {'Spout_wait': 4.0, 'Spliters': 3.0, 'Counters': 5.0}
0.07209759133689941, 4.1023799471462397e-05, 0.06658807043310322, 0.06185809585680524, 0.04293529150197439, 0.08161830138839776, 0.051797308758049, 0.10640960268946209, 0.07916327258655742, 0.06898395533115131, 0.08509157517670118, 0.08359421863765926, 0.06053988789959308, 0.07209710043164075, 0.07964273981014114, 0.08970266066896315, 0.05053990568724742, 0.04724666887988782, 0.06622868155999706, 0.09209799450449718
0.0477604866027832, 0.04837226867675781, 0.043540239334106445, 0.08118486404418945, 0.0466008186340332, 0.0967862606048584, 0.04495382308959961, 0.05038309097290039, 0.052811622619628906, 0.04842495918273926, 0.04625725746154785, 0.0446782112121582, 0.04292130470275879, 0.042645931243896484, 0.04308438301086426, 0.0438532829284668, 0.04705381393432617, 0.04275703430175781, 0.04337334632873535, 0.04476356506347656