{'Spout_wait': 3, 'Spliters': 5, 'Counters': 9}, {'Spout_wait': 6, 'Spliters': 5, 'Counters': 8}, {'Spout_wait': 3, 'Spliters': 6, 'Counters': 1}, {'Spout_wait': 3, 'Spliters': 6, 'Counters': 1}, {'Spout_wait': 5, 'Spliters': 3, 'Counters': 5}, {'Spout_wait': 5, 'Spliters': 6, 'Counters': 1}, {'Spout_wait': 1, 'Spliters': 4, 'Counters': 2}, {'Spout_wait': 2, 'Spliters': 6, 'Counters': 18}, {'Spout_wait': 3, 'Spliters': 6, 'Counters': 1}, {'Spout_wait': 4, 'Spliters': 6, 'Counters': 1}, {'Spout_wait': 5, 'Spliters': 6, 'Counters': 1}, {'Spout_wait': 1, 'Spliters': 6, 'Counters': 6}, {'Spout_wait': 2, 'Spliters': 6, 'Counters': 2}, {'Spout_wait': 2, 'Spliters': 6, 'Counters': 1}, {'Spout_wait': 2, 'Spliters': 3, 'Counters': 1}, {'Spout_wait': 3, 'Spliters': 6, 'Counters': 18}, {'Spout_wait': 6, 'Spliters': 4, 'Counters': 2}, {'Spout_wait': 2, 'Spliters': 5, 'Counters': 14}, {'Spout_wait': 6, 'Spliters': 6, 'Counters': 18}, {'Spout_wait': 4, 'Spliters': 2, 'Counters': 8}
0.08209778137571769, 0.11449294258709611, 0.060959206069921903, 0.060959206069921903, 0.11132014341493696, 0.06970230856181393, 0.12792552408979235, 0.05658818806113299, 0.060959206069921903, 0.06341415770644482, 0.06970230856181393, 0.1562063043689364, 0.08886505717085376, 0.1134152684351542, 0.07964273981014112, 0.08862460786000743, 0.06473198371359525, 0.04724666887988786, 0.06317483948161394, 0.17172334679681783
0.053147077560424805, 0.056461334228515625, 0.06881928443908691, 0.047034263610839844, 0.03999781608581543, 0.04042363166809082, 0.0491483211517334, 0.046318769454956055, 0.04611825942993164, 0.0636439323425293, 0.03916168212890625, 0.04542946815490723, 0.05128073692321777, 0.09315061569213867, 0.046259403228759766, 0.039649248123168945, 0.05193638801574707, 0.036834001541137695, 0.05399656295776367, 0.0575261116027832