{'Spout_wait': 5, 'Spliters': 6, 'Counters': 14}, {'Spout_wait': 5, 'Spliters': 5, 'Counters': 1}, {'Spout_wait': 5, 'Spliters': 5, 'Counters': 1}, {'Spout_wait': 5, 'Spliters': 5, 'Counters': 1}, {'Spout_wait': 5, 'Spliters': 5, 'Counters': 1}, {'Spout_wait': 3, 'Spliters': 6, 'Counters': 1}, {'Spout_wait': 5, 'Spliters': 5, 'Counters': 1}, {'Spout_wait': 2, 'Spliters': 6, 'Counters': 18}, {'Spout_wait': 5, 'Spliters': 5, 'Counters': 1}, {'Spout_wait': 3, 'Spliters': 6, 'Counters': 1}, {'Spout_wait': 3, 'Spliters': 6, 'Counters': 1}, {'Spout_wait': 3, 'Spliters': 6, 'Counters': 1}, {'Spout_wait': 5, 'Spliters': 5, 'Counters': 1}, {'Spout_wait': 5, 'Spliters': 6, 'Counters': 14}, {'Spout_wait': 3, 'Spliters': 6, 'Counters': 1}, {'Spout_wait': 2, 'Spliters': 6, 'Counters': 18}, {'Spout_wait': 5, 'Spliters': 6, 'Counters': 14}, {'Spout_wait': 2, 'Spliters': 5, 'Counters': 14}, {'Spout_wait': 5, 'Spliters': 6, 'Counters': 14}, {'Spout_wait': 5, 'Spliters': 6, 'Counters': 14}
0.05053990568724741, 4.1023799471427126e-05, 4.1023799471427126e-05, 4.1023799471427126e-05, 4.1023799471427126e-05, 0.060959206069921903, 4.1023799471427126e-05, 0.05658818806113299, 4.1023799471427126e-05, 0.060959206069921903, 0.060959206069921903, 0.060959206069921903, 4.1023799471427126e-05, 0.05053990568724741, 0.060959206069921903, 0.05658818806113299, 0.05053990568724741, 0.04724666887988786, 0.05053990568724741, 0.05053990568724741
0.2401719093322754, 0.2180323600769043, 0.21381092071533203, 0.22253990173339844, 0.21006989479064941, 0.20645809173583984, 0.20339202880859375, 0.20478463172912598, 0.20609688758850098, 0.2038133144378662, 0.2069261074066162, 0.20330429077148438, 0.2051563262939453, 0.21164846420288086, 0.21859049797058105, 0.20944714546203613, 0.20412683486938477, 0.20644640922546387, 0.20479297637939453, 0.20563292503356934