{'Spout_wait': 5.0, 'Spliters': 5.0, 'Counters': 15.0}, {'Spout_wait': 5.0, 'Spliters': 5.0, 'Counters': 1.0}, {'Spout_wait': 6.0, 'Spliters': 3.0, 'Counters': 15.0}, {'Spout_wait': 6.0, 'Spliters': 5.0, 'Counters': 1.0}, {'Spout_wait': 5.0, 'Spliters': 5.0, 'Counters': 10.0}, {'Spout_wait': 2.0, 'Spliters': 6.0, 'Counters': 13.0}, {'Spout_wait': 6.0, 'Spliters': 4.0, 'Counters': 15.0}, {'Spout_wait': 1.0, 'Spliters': 4.0, 'Counters': 17.0}, {'Spout_wait': 4.0, 'Spliters': 6.0, 'Counters': 13.0}, {'Spout_wait': 4.0, 'Spliters': 5.0, 'Counters': 17.0}, {'Spout_wait': 2.0, 'Spliters': 4.0, 'Counters': 15.0}, {'Spout_wait': 6.0, 'Spliters': 6.0, 'Counters': 13.0}, {'Spout_wait': 6.0, 'Spliters': 4.0, 'Counters': 12.0}, {'Spout_wait': 3.0, 'Spliters': 5.0, 'Counters': 15.0}, {'Spout_wait': 2.0, 'Spliters': 3.0, 'Counters': 1.0}, {'Spout_wait': 6.0, 'Spliters': 6.0, 'Counters': 5.0}, {'Spout_wait': 5.0, 'Spliters': 6.0, 'Counters': 14.0}, {'Spout_wait': 2.0, 'Spliters': 5.0, 'Counters': 14.0}, {'Spout_wait': 6.0, 'Spliters': 4.0, 'Counters': 13.0}, {'Spout_wait': 4.0, 'Spliters': 3.0, 'Counters': 5.0}
0.07209759133689941, 4.1023799471462397e-05, 0.06658807043310322, 0.06185809585680524, 0.04293529150197439, 0.08161830138839776, 0.051797308758049, 0.10640960268946209, 0.07916327258655742, 0.06898395533115131, 0.08509157517670118, 0.08359421863765926, 0.06053988789959308, 0.07209710043164075, 0.07964273981014114, 0.08970266066896315, 0.05053990568724742, 0.04724666887988782, 0.06622868155999706, 0.09209799450449718
0.06319880485534668, 0.061785221099853516, 0.05959630012512207, 0.0727849006652832, 0.05803990364074707, 0.18834543228149414, 0.05990958213806152, 0.05469703674316406, 0.05401730537414551, 0.061472177505493164, 0.05959129333496094, 0.060304880142211914, 0.06045389175415039, 0.07154321670532227, 0.062253713607788086, 0.05861330032348633, 0.0606076717376709, 0.06029653549194336, 0.06174039840698242, 0.06445884704589844