{'Spout_wait': 5.0, 'Spliters': 5.0, 'Counters': 15.0}, {'Spout_wait': 5.0, 'Spliters': 5.0, 'Counters': 1.0}, {'Spout_wait': 6.0, 'Spliters': 3.0, 'Counters': 15.0}, {'Spout_wait': 6.0, 'Spliters': 5.0, 'Counters': 1.0}, {'Spout_wait': 5.0, 'Spliters': 5.0, 'Counters': 10.0}, {'Spout_wait': 2.0, 'Spliters': 6.0, 'Counters': 13.0}, {'Spout_wait': 6.0, 'Spliters': 4.0, 'Counters': 15.0}, {'Spout_wait': 1.0, 'Spliters': 4.0, 'Counters': 17.0}, {'Spout_wait': 4.0, 'Spliters': 6.0, 'Counters': 13.0}, {'Spout_wait': 4.0, 'Spliters': 5.0, 'Counters': 17.0}, {'Spout_wait': 2.0, 'Spliters': 4.0, 'Counters': 15.0}, {'Spout_wait': 6.0, 'Spliters': 6.0, 'Counters': 13.0}, {'Spout_wait': 6.0, 'Spliters': 4.0, 'Counters': 12.0}, {'Spout_wait': 3.0, 'Spliters': 5.0, 'Counters': 15.0}, {'Spout_wait': 2.0, 'Spliters': 3.0, 'Counters': 1.0}, {'Spout_wait': 6.0, 'Spliters': 6.0, 'Counters': 5.0}, {'Spout_wait': 5.0, 'Spliters': 6.0, 'Counters': 14.0}, {'Spout_wait': 2.0, 'Spliters': 5.0, 'Counters': 14.0}, {'Spout_wait': 6.0, 'Spliters': 4.0, 'Counters': 13.0}, {'Spout_wait': 4.0, 'Spliters': 3.0, 'Counters': 5.0}
0.07209759133689941, 4.1023799471462397e-05, 0.06658807043310322, 0.06185809585680524, 0.04293529150197439, 0.08161830138839776, 0.051797308758049, 0.10640960268946209, 0.07916327258655742, 0.06898395533115131, 0.08509157517670118, 0.08359421863765926, 0.06053988789959308, 0.07209710043164075, 0.07964273981014114, 0.08970266066896315, 0.05053990568724742, 0.04724666887988782, 0.06622868155999706, 0.09209799450449718
0.047859907150268555, 0.04708743095397949, 0.04624819755554199, 0.04524588584899902, 0.04572296142578125, 0.1513688564300537, 0.04590415954589844, 0.04611563682556152, 0.046370506286621094, 0.045781612396240234, 0.045259952545166016, 0.04473590850830078, 0.04794192314147949, 0.045671939849853516, 0.04440927505493164, 0.04369378089904785, 0.046328067779541016, 0.04445934295654297, 0.04447174072265625, 0.04637289047241211