{'Spout_wait': 5.0, 'Spliters': 5.0, 'Counters': 15.0}, {'Spout_wait': 5.0, 'Spliters': 5.0, 'Counters': 1.0}, {'Spout_wait': 6.0, 'Spliters': 3.0, 'Counters': 15.0}, {'Spout_wait': 6.0, 'Spliters': 5.0, 'Counters': 1.0}, {'Spout_wait': 5.0, 'Spliters': 5.0, 'Counters': 10.0}, {'Spout_wait': 2.0, 'Spliters': 6.0, 'Counters': 13.0}, {'Spout_wait': 6.0, 'Spliters': 4.0, 'Counters': 15.0}, {'Spout_wait': 1.0, 'Spliters': 4.0, 'Counters': 17.0}, {'Spout_wait': 4.0, 'Spliters': 6.0, 'Counters': 13.0}, {'Spout_wait': 4.0, 'Spliters': 5.0, 'Counters': 17.0}, {'Spout_wait': 2.0, 'Spliters': 4.0, 'Counters': 15.0}, {'Spout_wait': 6.0, 'Spliters': 6.0, 'Counters': 13.0}, {'Spout_wait': 6.0, 'Spliters': 4.0, 'Counters': 12.0}, {'Spout_wait': 3.0, 'Spliters': 5.0, 'Counters': 15.0}, {'Spout_wait': 2.0, 'Spliters': 3.0, 'Counters': 1.0}, {'Spout_wait': 6.0, 'Spliters': 6.0, 'Counters': 5.0}, {'Spout_wait': 5.0, 'Spliters': 6.0, 'Counters': 14.0}, {'Spout_wait': 2.0, 'Spliters': 5.0, 'Counters': 14.0}, {'Spout_wait': 6.0, 'Spliters': 4.0, 'Counters': 13.0}, {'Spout_wait': 4.0, 'Spliters': 3.0, 'Counters': 5.0}
0.07209759133689941, 4.1023799471462397e-05, 0.06658807043310322, 0.06185809585680524, 0.04293529150197439, 0.08161830138839776, 0.051797308758049, 0.10640960268946209, 0.07916327258655742, 0.06898395533115131, 0.08509157517670118, 0.08359421863765926, 0.06053988789959308, 0.07209710043164075, 0.07964273981014114, 0.08970266066896315, 0.05053990568724742, 0.04724666887988782, 0.06622868155999706, 0.09209799450449718
0.056734561920166016, 0.04557156562805176, 0.049556732177734375, 0.046399593353271484, 0.05184793472290039, 0.11720728874206543, 0.04832005500793457, 0.04642939567565918, 0.045113325119018555, 0.04366350173950195, 0.04634428024291992, 0.044610023498535156, 0.04447793960571289, 0.043328285217285156, 0.04438018798828125, 0.045487165451049805, 0.04528665542602539, 0.04692673683166504, 0.042797088623046875, 0.04565882682800293