{'Max_spout': 1000000.0, 'Spliters': 6.0, 'Counters': 18.0}, {'Max_spout': 1000.0, 'Spliters': 2.0, 'Counters': 12.0}, {'Max_spout': 10000.0, 'Spliters': 2.0, 'Counters': 9.0}, {'Max_spout': 10000.0, 'Spliters': 2.0, 'Counters': 12.0}, {'Max_spout': 10000.0, 'Spliters': 2.0, 'Counters': 12.0}, {'Max_spout': 100000.0, 'Spliters': 1.0, 'Counters': 9.0}, {'Max_spout': 100000.0, 'Spliters': 1.0, 'Counters': 9.0}, {'Max_spout': 10000.0, 'Spliters': 2.0, 'Counters': 12.0}, {'Max_spout': 1000000.0, 'Spliters': 2.0, 'Counters': 18.0}, {'Max_spout': 1000.0, 'Spliters': 2.0, 'Counters': 18.0}, {'Max_spout': 1000.0, 'Spliters': 2.0, 'Counters': 18.0}, {'Max_spout': 1000.0, 'Spliters': 2.0, 'Counters': 18.0}, {'Max_spout': 1000.0, 'Spliters': 2.0, 'Counters': 12.0}, {'Max_spout': 1000000.0, 'Spliters': 1.0, 'Counters': 9.0}, {'Max_spout': 10000.0, 'Spliters': 2.0, 'Counters': 12.0}, {'Max_spout': 1000.0, 'Spliters': 2.0, 'Counters': 15.0}, {'Max_spout': 1000.0, 'Spliters': 2.0, 'Counters': 15.0}, {'Max_spout': 10000.0, 'Spliters': 2.0, 'Counters': 15.0}, {'Max_spout': 1000000.0, 'Spliters': 6.0, 'Counters': 9.0}, {'Max_spout': 100000.0, 'Spliters': 6.0, 'Counters': 1.0}
0.44459959447439834, 0.38207560321211176, 0.40832520008941975, 0.3482003422813653, 0.3482003422813653, 0.35166741075975727, 0.35166741075975727, 0.3482003422813653, 0.3164259069728935, 0.37732074296275253, 0.37732074296275253, 0.37732074296275253, 0.38207560321211176, 0.32012653299473015, 0.3482003422813653, 0.36892976043895076, 0.36892976043895076, 0.37396253693787807, 0.44400910161431717, 0.3984556230484778
0.03129887580871582, 0.03061509132385254, 0.02935647964477539, 0.030436038970947266, 0.031751155853271484, 0.029996395111083984, 0.024724245071411133, 0.025747060775756836, 0.025511741638183594, 0.02430415153503418, 0.02358102798461914, 0.03240346908569336, 0.024331092834472656, 0.029762744903564453, 0.030640125274658203, 0.027474403381347656, 0.03179430961608887, 0.0440371036529541, 0.03531813621520996, 0.030162811279296875