{'Max_spout': 1000000.0, 'Spliters': 6.0, 'Counters': 18.0}, {'Max_spout': 1000.0, 'Spliters': 2.0, 'Counters': 12.0}, {'Max_spout': 10000.0, 'Spliters': 2.0, 'Counters': 9.0}, {'Max_spout': 10000.0, 'Spliters': 2.0, 'Counters': 12.0}, {'Max_spout': 10000.0, 'Spliters': 2.0, 'Counters': 12.0}, {'Max_spout': 100000.0, 'Spliters': 1.0, 'Counters': 9.0}, {'Max_spout': 100000.0, 'Spliters': 1.0, 'Counters': 9.0}, {'Max_spout': 10000.0, 'Spliters': 2.0, 'Counters': 12.0}, {'Max_spout': 1000000.0, 'Spliters': 2.0, 'Counters': 18.0}, {'Max_spout': 1000.0, 'Spliters': 2.0, 'Counters': 18.0}, {'Max_spout': 1000.0, 'Spliters': 2.0, 'Counters': 18.0}, {'Max_spout': 1000.0, 'Spliters': 2.0, 'Counters': 18.0}, {'Max_spout': 1000.0, 'Spliters': 2.0, 'Counters': 12.0}, {'Max_spout': 1000000.0, 'Spliters': 1.0, 'Counters': 9.0}, {'Max_spout': 10000.0, 'Spliters': 2.0, 'Counters': 12.0}, {'Max_spout': 1000.0, 'Spliters': 2.0, 'Counters': 15.0}, {'Max_spout': 1000.0, 'Spliters': 2.0, 'Counters': 15.0}, {'Max_spout': 10000.0, 'Spliters': 2.0, 'Counters': 15.0}, {'Max_spout': 1000000.0, 'Spliters': 6.0, 'Counters': 9.0}, {'Max_spout': 100000.0, 'Spliters': 6.0, 'Counters': 1.0}
0.44459959447439834, 0.38207560321211176, 0.40832520008941975, 0.3482003422813653, 0.3482003422813653, 0.35166741075975727, 0.35166741075975727, 0.3482003422813653, 0.3164259069728935, 0.37732074296275253, 0.37732074296275253, 0.37732074296275253, 0.38207560321211176, 0.32012653299473015, 0.3482003422813653, 0.36892976043895076, 0.36892976043895076, 0.37396253693787807, 0.44400910161431717, 0.3984556230484778
0.029167890548706055, 0.019754409790039062, 0.021761417388916016, 0.026923656463623047, 0.027974843978881836, 0.022170305252075195, 0.019065380096435547, 0.021144390106201172, 0.029994487762451172, 0.02310466766357422, 0.03414011001586914, 0.02420520782470703, 0.026577234268188477, 0.027666330337524414, 0.03140759468078613, 0.024699687957763672, 0.02327251434326172, 0.027978897094726562, 0.027862071990966797, 0.0242464542388916