{'Max_spout': 1000000.0, 'Spliters': 6.0, 'Counters': 18.0}, {'Max_spout': 1000.0, 'Spliters': 2.0, 'Counters': 12.0}, {'Max_spout': 10000.0, 'Spliters': 2.0, 'Counters': 9.0}, {'Max_spout': 10000.0, 'Spliters': 2.0, 'Counters': 12.0}, {'Max_spout': 10000.0, 'Spliters': 2.0, 'Counters': 12.0}, {'Max_spout': 100000.0, 'Spliters': 1.0, 'Counters': 9.0}, {'Max_spout': 100000.0, 'Spliters': 1.0, 'Counters': 9.0}, {'Max_spout': 10000.0, 'Spliters': 2.0, 'Counters': 12.0}, {'Max_spout': 1000000.0, 'Spliters': 2.0, 'Counters': 18.0}, {'Max_spout': 1000.0, 'Spliters': 2.0, 'Counters': 18.0}, {'Max_spout': 1000.0, 'Spliters': 2.0, 'Counters': 18.0}, {'Max_spout': 1000.0, 'Spliters': 2.0, 'Counters': 18.0}, {'Max_spout': 1000.0, 'Spliters': 2.0, 'Counters': 12.0}, {'Max_spout': 1000000.0, 'Spliters': 1.0, 'Counters': 9.0}, {'Max_spout': 10000.0, 'Spliters': 2.0, 'Counters': 12.0}, {'Max_spout': 1000.0, 'Spliters': 2.0, 'Counters': 15.0}, {'Max_spout': 1000.0, 'Spliters': 2.0, 'Counters': 15.0}, {'Max_spout': 10000.0, 'Spliters': 2.0, 'Counters': 15.0}, {'Max_spout': 1000000.0, 'Spliters': 6.0, 'Counters': 9.0}, {'Max_spout': 100000.0, 'Spliters': 6.0, 'Counters': 1.0}
0.44459959447439834, 0.38207560321211176, 0.40832520008941975, 0.3482003422813653, 0.3482003422813653, 0.35166741075975727, 0.35166741075975727, 0.3482003422813653, 0.3164259069728935, 0.37732074296275253, 0.37732074296275253, 0.37732074296275253, 0.38207560321211176, 0.32012653299473015, 0.3482003422813653, 0.36892976043895076, 0.36892976043895076, 0.37396253693787807, 0.44400910161431717, 0.3984556230484778
0.05263113975524902, 0.021864891052246094, 0.026773929595947266, 0.030239343643188477, 0.022902965545654297, 0.024578571319580078, 0.025040864944458008, 0.019513607025146484, 0.023600101470947266, 0.019723176956176758, 0.021828174591064453, 0.027940750122070312, 0.028723478317260742, 0.019484281539916992, 0.024785757064819336, 0.024174213409423828, 0.027702808380126953, 0.02344655990600586, 0.02779412269592285, 0.024965524673461914