{'Max_spout': 1000000.0, 'Spliters': 6.0, 'Counters': 18.0}, {'Max_spout': 1000.0, 'Spliters': 2.0, 'Counters': 12.0}, {'Max_spout': 10000.0, 'Spliters': 2.0, 'Counters': 9.0}, {'Max_spout': 10000.0, 'Spliters': 2.0, 'Counters': 12.0}, {'Max_spout': 10000.0, 'Spliters': 2.0, 'Counters': 12.0}, {'Max_spout': 100000.0, 'Spliters': 1.0, 'Counters': 9.0}, {'Max_spout': 100000.0, 'Spliters': 1.0, 'Counters': 9.0}, {'Max_spout': 10000.0, 'Spliters': 2.0, 'Counters': 12.0}, {'Max_spout': 1000000.0, 'Spliters': 2.0, 'Counters': 18.0}, {'Max_spout': 1000.0, 'Spliters': 2.0, 'Counters': 18.0}, {'Max_spout': 1000.0, 'Spliters': 2.0, 'Counters': 18.0}, {'Max_spout': 1000.0, 'Spliters': 2.0, 'Counters': 18.0}, {'Max_spout': 1000.0, 'Spliters': 2.0, 'Counters': 12.0}, {'Max_spout': 1000000.0, 'Spliters': 1.0, 'Counters': 9.0}, {'Max_spout': 10000.0, 'Spliters': 2.0, 'Counters': 12.0}, {'Max_spout': 1000.0, 'Spliters': 2.0, 'Counters': 15.0}, {'Max_spout': 1000.0, 'Spliters': 2.0, 'Counters': 15.0}, {'Max_spout': 10000.0, 'Spliters': 2.0, 'Counters': 15.0}, {'Max_spout': 1000000.0, 'Spliters': 6.0, 'Counters': 9.0}, {'Max_spout': 100000.0, 'Spliters': 6.0, 'Counters': 1.0}
0.44459959447439834, 0.38207560321211176, 0.40832520008941975, 0.3482003422813653, 0.3482003422813653, 0.35166741075975727, 0.35166741075975727, 0.3482003422813653, 0.3164259069728935, 0.37732074296275253, 0.37732074296275253, 0.37732074296275253, 0.38207560321211176, 0.32012653299473015, 0.3482003422813653, 0.36892976043895076, 0.36892976043895076, 0.37396253693787807, 0.44400910161431717, 0.3984556230484778
0.053240060806274414, 0.0491487979888916, 0.02650141716003418, 0.023888587951660156, 0.027607440948486328, 0.02235126495361328, 0.027263879776000977, 0.03162097930908203, 0.029896259307861328, 0.022238731384277344, 0.022896289825439453, 0.02424144744873047, 0.02380657196044922, 0.023074865341186523, 0.029912471771240234, 0.03159165382385254, 0.02087235450744629, 0.023638486862182617, 0.01805257797241211, 0.025485515594482422