{'Max_spout': 1000000.0, 'Spliters': 6.0, 'Counters': 18.0}, {'Max_spout': 1000.0, 'Spliters': 2.0, 'Counters': 12.0}, {'Max_spout': 10000.0, 'Spliters': 2.0, 'Counters': 9.0}, {'Max_spout': 10000.0, 'Spliters': 2.0, 'Counters': 12.0}, {'Max_spout': 10000.0, 'Spliters': 2.0, 'Counters': 12.0}, {'Max_spout': 100000.0, 'Spliters': 1.0, 'Counters': 9.0}, {'Max_spout': 100000.0, 'Spliters': 1.0, 'Counters': 9.0}, {'Max_spout': 10000.0, 'Spliters': 2.0, 'Counters': 12.0}, {'Max_spout': 1000000.0, 'Spliters': 2.0, 'Counters': 18.0}, {'Max_spout': 1000.0, 'Spliters': 2.0, 'Counters': 18.0}, {'Max_spout': 1000.0, 'Spliters': 2.0, 'Counters': 18.0}, {'Max_spout': 1000.0, 'Spliters': 2.0, 'Counters': 18.0}, {'Max_spout': 1000.0, 'Spliters': 2.0, 'Counters': 12.0}, {'Max_spout': 1000000.0, 'Spliters': 1.0, 'Counters': 9.0}, {'Max_spout': 10000.0, 'Spliters': 2.0, 'Counters': 12.0}, {'Max_spout': 1000.0, 'Spliters': 2.0, 'Counters': 15.0}, {'Max_spout': 1000.0, 'Spliters': 2.0, 'Counters': 15.0}, {'Max_spout': 10000.0, 'Spliters': 2.0, 'Counters': 15.0}, {'Max_spout': 1000000.0, 'Spliters': 6.0, 'Counters': 9.0}, {'Max_spout': 100000.0, 'Spliters': 6.0, 'Counters': 1.0}
0.44459959447439834, 0.38207560321211176, 0.40832520008941975, 0.3482003422813653, 0.3482003422813653, 0.35166741075975727, 0.35166741075975727, 0.3482003422813653, 0.3164259069728935, 0.37732074296275253, 0.37732074296275253, 0.37732074296275253, 0.38207560321211176, 0.32012653299473015, 0.3482003422813653, 0.36892976043895076, 0.36892976043895076, 0.37396253693787807, 0.44400910161431717, 0.3984556230484778
0.02879643440246582, 0.027773380279541016, 0.030365943908691406, 0.029266357421875, 0.031105756759643555, 0.027698755264282227, 0.027803421020507812, 0.027786731719970703, 0.027873992919921875, 0.028748035430908203, 0.024044036865234375, 0.03255724906921387, 0.028519630432128906, 0.032846927642822266, 0.027968406677246094, 0.030332565307617188, 0.02309107780456543, 0.027405261993408203, 0.02332782745361328, 0.027158021926879883