{'Max_spout': 1000000.0, 'Spliters': 6.0, 'Counters': 18.0}, {'Max_spout': 1000.0, 'Spliters': 2.0, 'Counters': 12.0}, {'Max_spout': 100.0, 'Spliters': 6.0, 'Counters': 15.0}, {'Max_spout': 10000.0, 'Spliters': 2.0, 'Counters': 12.0}, {'Max_spout': 10000.0, 'Spliters': 2.0, 'Counters': 12.0}, {'Max_spout': 1000.0, 'Spliters': 2.0, 'Counters': 18.0}, {'Max_spout': 1000000.0, 'Spliters': 6.0, 'Counters': 18.0}, {'Max_spout': 10000.0, 'Spliters': 2.0, 'Counters': 12.0}, {'Max_spout': 1000000.0, 'Spliters': 6.0, 'Counters': 1.0}, {'Max_spout': 1000.0, 'Spliters': 2.0, 'Counters': 18.0}, {'Max_spout': 100.0, 'Spliters': 2.0, 'Counters': 12.0}, {'Max_spout': 10000.0, 'Spliters': 2.0, 'Counters': 15.0}, {'Max_spout': 1000000.0, 'Spliters': 6.0, 'Counters': 1.0}, {'Max_spout': 10000.0, 'Spliters': 2.0, 'Counters': 9.0}, {'Max_spout': 10000.0, 'Spliters': 2.0, 'Counters': 12.0}, {'Max_spout': 10000.0, 'Spliters': 2.0, 'Counters': 9.0}, {'Max_spout': 1000.0, 'Spliters': 2.0, 'Counters': 15.0}, {'Max_spout': 1000.0, 'Spliters': 2.0, 'Counters': 18.0}, {'Max_spout': 1000000.0, 'Spliters': 6.0, 'Counters': 9.0}, {'Max_spout': 100000.0, 'Spliters': 6.0, 'Counters': 12.0}
0.44459959447439834, 0.38207560321211176, 0.4817930394651002, 0.3482003422813653, 0.3482003422813653, 0.37732074296275253, 0.44459959447439834, 0.3482003422813653, 0.40357683359835317, 0.37732074296275253, 0.4509522821374017, 0.37396253693787807, 0.40357683359835317, 0.40832520008941975, 0.3482003422813653, 0.40832520008941975, 0.36892976043895076, 0.37732074296275253, 0.44400910161431717, 0.4516582690455384
0.04103660583496094, 0.042534589767456055, 0.037872314453125, 0.04191255569458008, 0.0424656867980957, 0.042040109634399414, 0.04095959663391113, 0.04085588455200195, 0.045238494873046875, 0.04264950752258301, 0.05641317367553711, 0.042392730712890625, 0.03941917419433594, 0.04981589317321777, 0.0417633056640625, 0.03949761390686035, 0.03727436065673828, 0.05871415138244629, 0.04192638397216797, 0.041246652603149414