{'Max_spout': 10000, 'Spliters': 2, 'Counters': 17}, {'Max_spout': 10000, 'Spliters': 2, 'Counters': 15}, {'Max_spout': 1000000.0, 'Spliters': 2, 'Counters': 18}, {'Max_spout': 100000.0, 'Spliters': 3, 'Counters': 18}, {'Max_spout': 1000000.0, 'Spliters': 3, 'Counters': 2}, {'Max_spout': 10000, 'Spliters': 2, 'Counters': 15}, {'Max_spout': 10000, 'Spliters': 2, 'Counters': 17}, {'Max_spout': 1000, 'Spliters': 3, 'Counters': 2}, {'Max_spout': 100000.0, 'Spliters': 2, 'Counters': 17}, {'Max_spout': 1000000.0, 'Spliters': 2, 'Counters': 18}, {'Max_spout': 10000, 'Spliters': 2, 'Counters': 15}, {'Max_spout': 10000, 'Spliters': 2, 'Counters': 15}, {'Max_spout': 10000, 'Spliters': 2, 'Counters': 15}, {'Max_spout': 1000000.0, 'Spliters': 2, 'Counters': 13}, {'Max_spout': 1000000.0, 'Spliters': 2, 'Counters': 13}, {'Max_spout': 10000, 'Spliters': 2, 'Counters': 15}, {'Max_spout': 10000, 'Spliters': 2, 'Counters': 15}, {'Max_spout': 1000000.0, 'Spliters': 2, 'Counters': 18}, {'Max_spout': 10000, 'Spliters': 6, 'Counters': 1}, {'Max_spout': 100000.0, 'Spliters': 2, 'Counters': 17}
0.13361873109709846, 0.12284324324612456, 0.13380251720146813, 0.2849287725356881, 0.24188575533795414, 0.12284324324612456, 0.13361873109709846, 0.26929600397184056, 0.1237196976788916, 0.13380251720146813, 0.12284324324612456, 0.12284324324612456, 0.12284324324612456, 0.17533366435627948, 0.17533366435627948, 0.12284324324612456, 0.12284324324612456, 0.13380251720146813, 0.3049403342160628, 0.1237196976788916
0.10428524017333984, 0.10152816772460938, 0.10714507102966309, 0.1057593822479248, 0.10641860961914062, 0.10547709465026855, 0.10670590400695801, 0.10497450828552246, 0.10705947875976562, 0.1121828556060791, 0.10788798332214355, 0.10605096817016602, 0.11883783340454102, 0.10504889488220215, 0.11293530464172363, 0.11376237869262695, 0.11237716674804688, 0.10487246513366699, 0.1071631908416748, 0.10621905326843262