{'Max_spout': 10000.0, 'Spliters': 2.0, 'Counters': 15.0}, {'Max_spout': 1000.0, 'Spliters': 1.0, 'Counters': 12.0}, {'Max_spout': 1000.0, 'Spliters': 2.0, 'Counters': 17.0}, {'Max_spout': 100000.0, 'Spliters': 2.0, 'Counters': 16.0}, {'Max_spout': 10000.0, 'Spliters': 1.0, 'Counters': 7.0}, {'Max_spout': 10000.0, 'Spliters': 2.0, 'Counters': 13.0}, {'Max_spout': 100000.0, 'Spliters': 2.0, 'Counters': 17.0}, {'Max_spout': 10000.0, 'Spliters': 1.0, 'Counters': 13.0}, {'Max_spout': 10000.0, 'Spliters': 1.0, 'Counters': 10.0}, {'Max_spout': 10000.0, 'Spliters': 2.0, 'Counters': 15.0}, {'Max_spout': 1000.0, 'Spliters': 2.0, 'Counters': 15.0}, {'Max_spout': 1000.0, 'Spliters': 1.0, 'Counters': 16.0}, {'Max_spout': 100000.0, 'Spliters': 2.0, 'Counters': 15.0}, {'Max_spout': 1000000.0, 'Spliters': 2.0, 'Counters': 13.0}, {'Max_spout': 10000.0, 'Spliters': 1.0, 'Counters': 16.0}, {'Max_spout': 10000.0, 'Spliters': 1.0, 'Counters': 16.0}, {'Max_spout': 10000.0, 'Spliters': 2.0, 'Counters': 12.0}, {'Max_spout': 1000.0, 'Spliters': 2.0, 'Counters': 11.0}, {'Max_spout': 10000.0, 'Spliters': 1.0, 'Counters': 15.0}, {'Max_spout': 1000.0, 'Spliters': 2.0, 'Counters': 17.0}
0.12284324324612461, 0.2226217790786872, 0.20413732624457137, 0.1918988257740255, 0.27632437904849594, 0.18561058666702812, 0.12371969767889157, 0.24227665075601124, 0.24109562036587606, 0.12284324324612461, 0.22087845968356934, 0.19199060033478188, 0.132539345926719, 0.1753336643562795, 0.23654305206377335, 0.23654305206377335, 0.16476005941792837, 0.2649455695882317, 0.23133295685818278, 0.20413732624457137
0.046913862228393555, 0.042038917541503906, 0.03704500198364258, 0.04320073127746582, 0.046883583068847656, 0.05250215530395508, 0.03575778007507324, 0.04932355880737305, 0.04772520065307617, 0.04181408882141113, 0.051450252532958984, 0.12324833869934082, 0.04002046585083008, 0.038248300552368164, 0.04175424575805664, 0.039827823638916016, 0.04033470153808594, 0.06124258041381836, 0.049951791763305664, 0.04655170440673828