{'Max_spout': 1000, 'Spliters': 3, 'Counters': 16}, {'Max_spout': 100, 'Spliters': 5, 'Counters': 14}, {'Max_spout': 1000, 'Spliters': 2, 'Counters': 17}, {'Max_spout': 100, 'Spliters': 1, 'Counters': 6}, {'Max_spout': 10, 'Spliters': 6, 'Counters': 10}, {'Max_spout': 1, 'Spliters': 3, 'Counters': 2}, {'Max_spout': 100, 'Spliters': 2, 'Counters': 12}, {'Max_spout': 10000, 'Spliters': 5, 'Counters': 6}, {'Max_spout': 100, 'Spliters': 5, 'Counters': 17}, {'Max_spout': 1000000.0, 'Spliters': 2, 'Counters': 13}, {'Max_spout': 1000000.0, 'Spliters': 1, 'Counters': 14}, {'Max_spout': 1000, 'Spliters': 1, 'Counters': 16}, {'Max_spout': 1000, 'Spliters': 2, 'Counters': 16}, {'Max_spout': 1000000.0, 'Spliters': 2, 'Counters': 13}, {'Max_spout': 1000, 'Spliters': 3, 'Counters': 13}, {'Max_spout': 100000.0, 'Spliters': 3, 'Counters': 18}, {'Max_spout': 100, 'Spliters': 3, 'Counters': 9}, {'Max_spout': 100, 'Spliters': 1, 'Counters': 4}, {'Max_spout': 1000, 'Spliters': 5, 'Counters': 12}, {'Max_spout': 1000, 'Spliters': 1, 'Counters': 1}
0.276685119402627, 0.3478314774449016, 0.20413732624457143, 0.34106283344296756, 0.4983749315622382, 0.6880595601647584, 0.31660304517403337, 0.36144877484378296, 0.33036020389534587, 0.17533366435627948, 0.2737265488931854, 0.19199060033478188, 0.24800718592450482, 0.17533366435627948, 0.2771798056250871, 0.2849287725356881, 0.32603360910627066, 0.3798686931657656, 0.3089422016292604, 0.3501509270579833
0.044619083404541016, 0.036154747009277344, 0.071685791015625, 0.04301166534423828, 0.043178558349609375, 0.07113838195800781, 0.04229307174682617, 0.043668270111083984, 0.054288625717163086, 0.04511237144470215, 0.050324201583862305, 0.05640363693237305, 0.054337501525878906, 0.0349273681640625, 0.05933547019958496, 0.03994178771972656, 0.06961655616760254, 0.04381060600280762, 0.030132532119750977, 0.03920745849609375