{'Max_spout': 1000.0, 'Spliters': 3.0, 'Counters': 16.0}, {'Max_spout': 1000.0, 'Spliters': 1.0, 'Counters': 12.0}, {'Max_spout': 1000.0, 'Spliters': 2.0, 'Counters': 17.0}, {'Max_spout': 100000.0, 'Spliters': 3.0, 'Counters': 16.0}, {'Max_spout': 100.0, 'Spliters': 3.0, 'Counters': 13.0}, {'Max_spout': 10000.0, 'Spliters': 2.0, 'Counters': 13.0}, {'Max_spout': 1000.0, 'Spliters': 2.0, 'Counters': 16.0}, {'Max_spout': 100.0, 'Spliters': 2.0, 'Counters': 18.0}, {'Max_spout': 100.0, 'Spliters': 1.0, 'Counters': 17.0}, {'Max_spout': 1000000.0, 'Spliters': 2.0, 'Counters': 13.0}, {'Max_spout': 1000.0, 'Spliters': 2.0, 'Counters': 15.0}, {'Max_spout': 1000.0, 'Spliters': 1.0, 'Counters': 16.0}, {'Max_spout': 100000.0, 'Spliters': 2.0, 'Counters': 15.0}, {'Max_spout': 1000000.0, 'Spliters': 2.0, 'Counters': 13.0}, {'Max_spout': 1000.0, 'Spliters': 3.0, 'Counters': 13.0}, {'Max_spout': 100000.0, 'Spliters': 3.0, 'Counters': 18.0}, {'Max_spout': 10000.0, 'Spliters': 1.0, 'Counters': 6.0}, {'Max_spout': 1000.0, 'Spliters': 2.0, 'Counters': 11.0}, {'Max_spout': 1000.0, 'Spliters': 5.0, 'Counters': 17.0}, {'Max_spout': 100.0, 'Spliters': 4.0, 'Counters': 9.0}
0.27668511940262697, 0.2226217790786872, 0.20413732624457137, 0.28151527984355207, 0.3134935545029809, 0.18561058666702812, 0.24800718592450477, 0.3072431537538005, 0.32717218433075035, 0.1753336643562795, 0.22087845968356934, 0.19199060033478188, 0.132539345926719, 0.1753336643562795, 0.27717980562508715, 0.28492877253568816, 0.24702705477618103, 0.2649455695882317, 0.27933912847825293, 0.3560841998306532
0.07451248168945312, 0.05735182762145996, 0.060637474060058594, 0.06351375579833984, 0.04941868782043457, 0.048665761947631836, 0.05257582664489746, 0.061763763427734375, 0.05009341239929199, 0.05093097686767578, 0.05526304244995117, 0.055043697357177734, 0.048363685607910156, 0.059720516204833984, 0.06212162971496582, 0.04874444007873535, 0.06504511833190918, 0.05294346809387207, 0.05063152313232422, 0.05722165107727051