{'Max_spout': 10000.0, 'Spliters': 2.0, 'Counters': 15.0}, {'Max_spout': 1000.0, 'Spliters': 1.0, 'Counters': 12.0}, {'Max_spout': 1000.0, 'Spliters': 2.0, 'Counters': 17.0}, {'Max_spout': 100000.0, 'Spliters': 2.0, 'Counters': 16.0}, {'Max_spout': 10000.0, 'Spliters': 1.0, 'Counters': 7.0}, {'Max_spout': 10000.0, 'Spliters': 2.0, 'Counters': 13.0}, {'Max_spout': 100000.0, 'Spliters': 2.0, 'Counters': 17.0}, {'Max_spout': 10000.0, 'Spliters': 1.0, 'Counters': 13.0}, {'Max_spout': 10000.0, 'Spliters': 1.0, 'Counters': 10.0}, {'Max_spout': 10000.0, 'Spliters': 2.0, 'Counters': 15.0}, {'Max_spout': 1000.0, 'Spliters': 2.0, 'Counters': 15.0}, {'Max_spout': 1000.0, 'Spliters': 1.0, 'Counters': 16.0}, {'Max_spout': 100000.0, 'Spliters': 2.0, 'Counters': 15.0}, {'Max_spout': 1000000.0, 'Spliters': 2.0, 'Counters': 13.0}, {'Max_spout': 10000.0, 'Spliters': 1.0, 'Counters': 16.0}, {'Max_spout': 10000.0, 'Spliters': 1.0, 'Counters': 16.0}, {'Max_spout': 10000.0, 'Spliters': 2.0, 'Counters': 12.0}, {'Max_spout': 1000.0, 'Spliters': 2.0, 'Counters': 11.0}, {'Max_spout': 10000.0, 'Spliters': 1.0, 'Counters': 15.0}, {'Max_spout': 1000.0, 'Spliters': 2.0, 'Counters': 17.0}
0.12284324324612461, 0.2226217790786872, 0.20413732624457137, 0.1918988257740255, 0.27632437904849594, 0.18561058666702812, 0.12371969767889157, 0.24227665075601124, 0.24109562036587606, 0.12284324324612461, 0.22087845968356934, 0.19199060033478188, 0.132539345926719, 0.1753336643562795, 0.23654305206377335, 0.23654305206377335, 0.16476005941792837, 0.2649455695882317, 0.23133295685818278, 0.20413732624457137
0.04403829574584961, 0.04165363311767578, 0.037558794021606445, 0.057344675064086914, 0.03392744064331055, 0.03381943702697754, 0.03647327423095703, 0.035871267318725586, 0.03861856460571289, 0.03899049758911133, 0.0367283821105957, 0.11829686164855957, 0.0409088134765625, 0.03460049629211426, 0.03368806838989258, 0.036257028579711914, 0.03716278076171875, 0.03256487846374512, 0.03063488006591797, 0.033129215240478516