{'Max_spout': 10000.0, 'Spliters': 2.0, 'Counters': 15.0}, {'Max_spout': 1000.0, 'Spliters': 1.0, 'Counters': 12.0}, {'Max_spout': 1000.0, 'Spliters': 2.0, 'Counters': 17.0}, {'Max_spout': 100000.0, 'Spliters': 2.0, 'Counters': 16.0}, {'Max_spout': 10000.0, 'Spliters': 1.0, 'Counters': 7.0}, {'Max_spout': 10000.0, 'Spliters': 2.0, 'Counters': 13.0}, {'Max_spout': 100000.0, 'Spliters': 2.0, 'Counters': 17.0}, {'Max_spout': 10000.0, 'Spliters': 1.0, 'Counters': 13.0}, {'Max_spout': 10000.0, 'Spliters': 1.0, 'Counters': 10.0}, {'Max_spout': 10000.0, 'Spliters': 2.0, 'Counters': 15.0}, {'Max_spout': 1000.0, 'Spliters': 2.0, 'Counters': 15.0}, {'Max_spout': 1000.0, 'Spliters': 1.0, 'Counters': 16.0}, {'Max_spout': 100000.0, 'Spliters': 2.0, 'Counters': 15.0}, {'Max_spout': 1000000.0, 'Spliters': 2.0, 'Counters': 13.0}, {'Max_spout': 10000.0, 'Spliters': 1.0, 'Counters': 16.0}, {'Max_spout': 10000.0, 'Spliters': 1.0, 'Counters': 16.0}, {'Max_spout': 10000.0, 'Spliters': 2.0, 'Counters': 12.0}, {'Max_spout': 1000.0, 'Spliters': 2.0, 'Counters': 11.0}, {'Max_spout': 10000.0, 'Spliters': 1.0, 'Counters': 15.0}, {'Max_spout': 1000.0, 'Spliters': 2.0, 'Counters': 17.0}
0.12284324324612461, 0.2226217790786872, 0.20413732624457137, 0.1918988257740255, 0.27632437904849594, 0.18561058666702812, 0.12371969767889157, 0.24227665075601124, 0.24109562036587606, 0.12284324324612461, 0.22087845968356934, 0.19199060033478188, 0.132539345926719, 0.1753336643562795, 0.23654305206377335, 0.23654305206377335, 0.16476005941792837, 0.2649455695882317, 0.23133295685818278, 0.20413732624457137
0.034615278244018555, 0.031332969665527344, 0.03338956832885742, 0.03253030776977539, 0.028418540954589844, 0.02924823760986328, 0.026852846145629883, 0.030393600463867188, 0.027416467666625977, 0.02799081802368164, 0.0296628475189209, 0.08097338676452637, 0.026933670043945312, 0.026108741760253906, 0.02699446678161621, 0.02837371826171875, 0.028975963592529297, 0.03090524673461914, 0.03628349304199219, 0.03268575668334961