{'Max_spout': 1000, 'Spliters': 4, 'Counters': 17}, {'Max_spout': 1000, 'Spliters': 1, 'Counters': 17}, {'Max_spout': 1000, 'Spliters': 2, 'Counters': 17}, {'Max_spout': 10000, 'Spliters': 1, 'Counters': 2}, {'Max_spout': 1000000.0, 'Spliters': 6, 'Counters': 1}, {'Max_spout': 1000000.0, 'Spliters': 4, 'Counters': 17}, {'Max_spout': 1000000.0, 'Spliters': 3, 'Counters': 18}, {'Max_spout': 1000000.0, 'Spliters': 6, 'Counters': 2}, {'Max_spout': 100000.0, 'Spliters': 2, 'Counters': 17}, {'Max_spout': 1000000.0, 'Spliters': 2, 'Counters': 18}, {'Max_spout': 10000, 'Spliters': 2, 'Counters': 15}, {'Max_spout': 1000, 'Spliters': 1, 'Counters': 16}, {'Max_spout': 1000000.0, 'Spliters': 2, 'Counters': 18}, {'Max_spout': 1000000.0, 'Spliters': 2, 'Counters': 13}, {'Max_spout': 1000, 'Spliters': 3, 'Counters': 13}, {'Max_spout': 1000000.0, 'Spliters': 2, 'Counters': 18}, {'Max_spout': 1000, 'Spliters': 1, 'Counters': 18}, {'Max_spout': 1000000.0, 'Spliters': 6, 'Counters': 1}, {'Max_spout': 1000, 'Spliters': 5, 'Counters': 12}, {'Max_spout': 100000.0, 'Spliters': 1, 'Counters': 18}
0.2673802716242708, 0.24206428500135543, 0.20413732624457143, 0.28759694333602737, 0.31281164929133526, 0.3097066890218356, 0.2942332091133377, 0.32312977282615724, 0.1237196976788916, 0.13380251720146813, 0.12284324324612456, 0.19199060033478188, 0.13380251720146813, 0.17533366435627948, 0.2771798056250871, 0.13380251720146813, 0.21699195389798218, 0.31281164929133526, 0.3089422016292604, 0.24656688748131764
0.07924056053161621, 0.07554769515991211, 0.08799862861633301, 0.06840682029724121, 0.07305073738098145, 0.06995940208435059, 0.07420182228088379, 0.0708005428314209, 0.06648850440979004, 0.0545353889465332, 0.07581543922424316, 0.0656888484954834, 0.06942558288574219, 0.06083321571350098, 0.061553955078125, 0.06579232215881348, 0.0612795352935791, 0.0450897216796875, 0.06513071060180664, 0.06119894981384277