{'Max_spout': 10000.0, 'Spliters': 2.0, 'Counters': 15.0}, {'Max_spout': 1000.0, 'Spliters': 1.0, 'Counters': 12.0}, {'Max_spout': 1000.0, 'Spliters': 2.0, 'Counters': 17.0}, {'Max_spout': 100000.0, 'Spliters': 2.0, 'Counters': 16.0}, {'Max_spout': 10000.0, 'Spliters': 1.0, 'Counters': 7.0}, {'Max_spout': 10000.0, 'Spliters': 2.0, 'Counters': 13.0}, {'Max_spout': 100000.0, 'Spliters': 2.0, 'Counters': 17.0}, {'Max_spout': 10000.0, 'Spliters': 1.0, 'Counters': 13.0}, {'Max_spout': 10000.0, 'Spliters': 1.0, 'Counters': 10.0}, {'Max_spout': 10000.0, 'Spliters': 2.0, 'Counters': 15.0}, {'Max_spout': 1000.0, 'Spliters': 2.0, 'Counters': 15.0}, {'Max_spout': 1000.0, 'Spliters': 1.0, 'Counters': 16.0}, {'Max_spout': 100000.0, 'Spliters': 2.0, 'Counters': 15.0}, {'Max_spout': 1000000.0, 'Spliters': 2.0, 'Counters': 13.0}, {'Max_spout': 10000.0, 'Spliters': 1.0, 'Counters': 16.0}, {'Max_spout': 10000.0, 'Spliters': 1.0, 'Counters': 16.0}, {'Max_spout': 10000.0, 'Spliters': 2.0, 'Counters': 12.0}, {'Max_spout': 1000.0, 'Spliters': 2.0, 'Counters': 11.0}, {'Max_spout': 10000.0, 'Spliters': 1.0, 'Counters': 15.0}, {'Max_spout': 1000.0, 'Spliters': 2.0, 'Counters': 17.0}
0.12284324324612461, 0.2226217790786872, 0.20413732624457137, 0.1918988257740255, 0.27632437904849594, 0.18561058666702812, 0.12371969767889157, 0.24227665075601124, 0.24109562036587606, 0.12284324324612461, 0.22087845968356934, 0.19199060033478188, 0.132539345926719, 0.1753336643562795, 0.23654305206377335, 0.23654305206377335, 0.16476005941792837, 0.2649455695882317, 0.23133295685818278, 0.20413732624457137
0.04574465751647949, 0.0391085147857666, 0.05974006652832031, 0.036791324615478516, 0.04376578330993652, 0.04688453674316406, 0.037568092346191406, 0.03647112846374512, 0.03578543663024902, 0.03828930854797363, 0.03896284103393555, 0.1293792724609375, 0.037613868713378906, 0.036393165588378906, 0.038933753967285156, 0.03692007064819336, 0.037313222885131836, 0.03667283058166504, 0.034398794174194336, 0.0375516414642334