{'Max_spout': 100.0, 'Spliters': 2.0, 'Counters': 15.0}, {'Max_spout': 1000.0, 'Spliters': 2.0, 'Counters': 12.0}, {'Max_spout': 10000.0, 'Spliters': 2.0, 'Counters': 9.0}, {'Max_spout': 10000.0, 'Spliters': 2.0, 'Counters': 12.0}, {'Max_spout': 1000.0, 'Spliters': 2.0, 'Counters': 18.0}, {'Max_spout': 1000.0, 'Spliters': 2.0, 'Counters': 18.0}, {'Max_spout': 100.0, 'Spliters': 2.0, 'Counters': 9.0}, {'Max_spout': 10000.0, 'Spliters': 2.0, 'Counters': 12.0}, {'Max_spout': 1000.0, 'Spliters': 2.0, 'Counters': 9.0}, {'Max_spout': 1000.0, 'Spliters': 2.0, 'Counters': 18.0}, {'Max_spout': 1000.0, 'Spliters': 2.0, 'Counters': 18.0}, {'Max_spout': 1000.0, 'Spliters': 2.0, 'Counters': 18.0}, {'Max_spout': 1000.0, 'Spliters': 2.0, 'Counters': 12.0}, {'Max_spout': 1000.0, 'Spliters': 2.0, 'Counters': 9.0}, {'Max_spout': 100.0, 'Spliters': 2.0, 'Counters': 18.0}, {'Max_spout': 1000.0, 'Spliters': 2.0, 'Counters': 15.0}, {'Max_spout': 1000.0, 'Spliters': 2.0, 'Counters': 12.0}, {'Max_spout': 1000.0, 'Spliters': 2.0, 'Counters': 18.0}, {'Max_spout': 1000000.0, 'Spliters': 6.0, 'Counters': 9.0}, {'Max_spout': 100000.0, 'Spliters': 2.0, 'Counters': 15.0}
0.42069156568117205, 0.34825220828017067, 0.3915810157618045, 0.4060542266639211, 0.3670307857723123, 0.3670307857723123, 0.4332312508997562, 0.4060542266639211, 0.3843556979164898, 0.3670307857723123, 0.3670307857723123, 0.3670307857723123, 0.34825220828017067, 0.3843556979164898, 0.4007921025523584, 0.3534006710681069, 0.34825220828017067, 0.3670307857723123, 0.4550215006629207, 0.43629833300548926
0.02454376220703125, 0.0171048641204834, 0.016136884689331055, 0.020485401153564453, 0.015683889389038086, 0.015622854232788086, 0.016524791717529297, 0.017277002334594727, 0.016599655151367188, 0.01931619644165039, 0.0158536434173584, 0.0160367488861084, 0.01618027687072754, 0.015851736068725586, 0.01794719696044922, 0.01994466781616211, 0.017941713333129883, 0.018355846405029297, 0.018054485321044922, 0.020195960998535156