{'Max_spout': 100.0, 'Spliters': 2.0, 'Counters': 15.0}, {'Max_spout': 1000.0, 'Spliters': 2.0, 'Counters': 12.0}, {'Max_spout': 10000.0, 'Spliters': 2.0, 'Counters': 9.0}, {'Max_spout': 10000.0, 'Spliters': 2.0, 'Counters': 12.0}, {'Max_spout': 1000.0, 'Spliters': 2.0, 'Counters': 18.0}, {'Max_spout': 1000.0, 'Spliters': 2.0, 'Counters': 18.0}, {'Max_spout': 100.0, 'Spliters': 2.0, 'Counters': 9.0}, {'Max_spout': 10000.0, 'Spliters': 2.0, 'Counters': 12.0}, {'Max_spout': 1000.0, 'Spliters': 2.0, 'Counters': 9.0}, {'Max_spout': 1000.0, 'Spliters': 2.0, 'Counters': 18.0}, {'Max_spout': 1000.0, 'Spliters': 2.0, 'Counters': 18.0}, {'Max_spout': 1000.0, 'Spliters': 2.0, 'Counters': 18.0}, {'Max_spout': 1000.0, 'Spliters': 2.0, 'Counters': 12.0}, {'Max_spout': 1000.0, 'Spliters': 2.0, 'Counters': 9.0}, {'Max_spout': 100.0, 'Spliters': 2.0, 'Counters': 18.0}, {'Max_spout': 1000.0, 'Spliters': 2.0, 'Counters': 15.0}, {'Max_spout': 1000.0, 'Spliters': 2.0, 'Counters': 12.0}, {'Max_spout': 1000.0, 'Spliters': 2.0, 'Counters': 18.0}, {'Max_spout': 1000000.0, 'Spliters': 6.0, 'Counters': 9.0}, {'Max_spout': 100000.0, 'Spliters': 2.0, 'Counters': 15.0}
0.42069156568117205, 0.34825220828017067, 0.3915810157618045, 0.4060542266639211, 0.3670307857723123, 0.3670307857723123, 0.4332312508997562, 0.4060542266639211, 0.3843556979164898, 0.3670307857723123, 0.3670307857723123, 0.3670307857723123, 0.34825220828017067, 0.3843556979164898, 0.4007921025523584, 0.3534006710681069, 0.34825220828017067, 0.3670307857723123, 0.4550215006629207, 0.43629833300548926
0.03168344497680664, 0.025399208068847656, 0.020567893981933594, 0.031557559967041016, 0.029833316802978516, 0.03190016746520996, 0.02453923225402832, 0.031028270721435547, 0.03161811828613281, 0.03158879280090332, 0.03428316116333008, 0.028191566467285156, 0.030377626419067383, 0.029617786407470703, 0.03052663803100586, 0.028534889221191406, 0.025807619094848633, 0.023053646087646484, 0.024592876434326172, 0.02821803092956543