{'Max_spout': 100.0, 'Spliters': 2.0, 'Counters': 15.0}, {'Max_spout': 1000.0, 'Spliters': 2.0, 'Counters': 12.0}, {'Max_spout': 10000.0, 'Spliters': 2.0, 'Counters': 9.0}, {'Max_spout': 10000.0, 'Spliters': 2.0, 'Counters': 12.0}, {'Max_spout': 1000.0, 'Spliters': 2.0, 'Counters': 18.0}, {'Max_spout': 1000.0, 'Spliters': 2.0, 'Counters': 18.0}, {'Max_spout': 100.0, 'Spliters': 2.0, 'Counters': 9.0}, {'Max_spout': 10000.0, 'Spliters': 2.0, 'Counters': 12.0}, {'Max_spout': 1000.0, 'Spliters': 2.0, 'Counters': 9.0}, {'Max_spout': 1000.0, 'Spliters': 2.0, 'Counters': 18.0}, {'Max_spout': 1000.0, 'Spliters': 2.0, 'Counters': 18.0}, {'Max_spout': 1000.0, 'Spliters': 2.0, 'Counters': 18.0}, {'Max_spout': 1000.0, 'Spliters': 2.0, 'Counters': 12.0}, {'Max_spout': 1000.0, 'Spliters': 2.0, 'Counters': 9.0}, {'Max_spout': 100.0, 'Spliters': 2.0, 'Counters': 18.0}, {'Max_spout': 1000.0, 'Spliters': 2.0, 'Counters': 15.0}, {'Max_spout': 1000.0, 'Spliters': 2.0, 'Counters': 12.0}, {'Max_spout': 1000.0, 'Spliters': 2.0, 'Counters': 18.0}, {'Max_spout': 1000000.0, 'Spliters': 6.0, 'Counters': 9.0}, {'Max_spout': 100000.0, 'Spliters': 2.0, 'Counters': 15.0}
0.42069156568117205, 0.34825220828017067, 0.3915810157618045, 0.4060542266639211, 0.3670307857723123, 0.3670307857723123, 0.4332312508997562, 0.4060542266639211, 0.3843556979164898, 0.3670307857723123, 0.3670307857723123, 0.3670307857723123, 0.34825220828017067, 0.3843556979164898, 0.4007921025523584, 0.3534006710681069, 0.34825220828017067, 0.3670307857723123, 0.4550215006629207, 0.43629833300548926
0.03291487693786621, 0.027156352996826172, 0.024500370025634766, 0.045142173767089844, 0.028522014617919922, 0.030711889266967773, 0.03130030632019043, 0.030367612838745117, 0.0262296199798584, 0.04738759994506836, 0.02769160270690918, 0.030963659286499023, 0.030014753341674805, 0.03825950622558594, 0.03168129920959473, 0.03344416618347168, 0.03271007537841797, 0.03224945068359375, 0.037869930267333984, 0.031937599182128906