{'Max_spout': 10000, 'Spliters': 6, 'Counters': 18}, {'Max_spout': 10000, 'Spliters': 6, 'Counters': 18}, {'Max_spout': 10000, 'Spliters': 6, 'Counters': 18}, {'Max_spout': 1000000.0, 'Spliters': 6, 'Counters': 12}, {'Max_spout': 10000, 'Spliters': 2, 'Counters': 15}, {'Max_spout': 10000, 'Spliters': 6, 'Counters': 18}, {'Max_spout': 1000000.0, 'Spliters': 6, 'Counters': 9}, {'Max_spout': 100000.0, 'Spliters': 2, 'Counters': 12}, {'Max_spout': 1000, 'Spliters': 2, 'Counters': 6}, {'Max_spout': 1000000.0, 'Spliters': 6, 'Counters': 12}, {'Max_spout': 1000, 'Spliters': 2, 'Counters': 6}, {'Max_spout': 10000, 'Spliters': 6, 'Counters': 18}, {'Max_spout': 100000.0, 'Spliters': 2, 'Counters': 18}, {'Max_spout': 1000, 'Spliters': 2, 'Counters': 9}, {'Max_spout': 1000000.0, 'Spliters': 6, 'Counters': 12}, {'Max_spout': 1000000.0, 'Spliters': 2, 'Counters': 15}, {'Max_spout': 1000, 'Spliters': 2, 'Counters': 12}, {'Max_spout': 1000, 'Spliters': 2, 'Counters': 6}, {'Max_spout': 10000, 'Spliters': 6, 'Counters': 18}, {'Max_spout': 10000, 'Spliters': 6, 'Counters': 18}
0.44750804325835974, 0.44750804325835974, 0.44750804325835974, 0.45132372310007496, 0.3975491585218419, 0.44750804325835974, 0.4550215006629207, 0.43816135911088994, 0.4247156424780914, 0.45132372310007496, 0.4247156424780914, 0.44750804325835974, 0.4412970247361895, 0.3843556979164898, 0.45132372310007496, 0.44378367243631417, 0.3482522082801707, 0.4247156424780914, 0.44750804325835974, 0.44750804325835974
0.051621198654174805, 0.07136750221252441, 0.06315898895263672, 0.08095121383666992, 0.04989171028137207, 0.04797244071960449, 0.06256747245788574, 0.0564119815826416, 0.043592214584350586, 0.054114341735839844, 0.05494046211242676, 0.04598212242126465, 0.044344425201416016, 0.048477888107299805, 0.05794095993041992, 0.05468010902404785, 0.0744469165802002, 0.058634042739868164, 0.048221588134765625, 0.05137205123901367