{'Max_spout': 100.0, 'Spliters': 2.0, 'Counters': 15.0}, {'Max_spout': 1000.0, 'Spliters': 2.0, 'Counters': 12.0}, {'Max_spout': 10000.0, 'Spliters': 2.0, 'Counters': 9.0}, {'Max_spout': 10000.0, 'Spliters': 2.0, 'Counters': 12.0}, {'Max_spout': 1000.0, 'Spliters': 2.0, 'Counters': 18.0}, {'Max_spout': 1000.0, 'Spliters': 2.0, 'Counters': 18.0}, {'Max_spout': 100.0, 'Spliters': 2.0, 'Counters': 9.0}, {'Max_spout': 10000.0, 'Spliters': 2.0, 'Counters': 12.0}, {'Max_spout': 1000.0, 'Spliters': 2.0, 'Counters': 9.0}, {'Max_spout': 1000.0, 'Spliters': 2.0, 'Counters': 18.0}, {'Max_spout': 1000.0, 'Spliters': 2.0, 'Counters': 18.0}, {'Max_spout': 1000.0, 'Spliters': 2.0, 'Counters': 18.0}, {'Max_spout': 1000.0, 'Spliters': 2.0, 'Counters': 12.0}, {'Max_spout': 1000.0, 'Spliters': 2.0, 'Counters': 9.0}, {'Max_spout': 100.0, 'Spliters': 2.0, 'Counters': 18.0}, {'Max_spout': 1000.0, 'Spliters': 2.0, 'Counters': 15.0}, {'Max_spout': 1000.0, 'Spliters': 2.0, 'Counters': 12.0}, {'Max_spout': 1000.0, 'Spliters': 2.0, 'Counters': 18.0}, {'Max_spout': 1000000.0, 'Spliters': 6.0, 'Counters': 9.0}, {'Max_spout': 100000.0, 'Spliters': 2.0, 'Counters': 15.0}
0.42069156568117205, 0.34825220828017067, 0.3915810157618045, 0.4060542266639211, 0.3670307857723123, 0.3670307857723123, 0.4332312508997562, 0.4060542266639211, 0.3843556979164898, 0.3670307857723123, 0.3670307857723123, 0.3670307857723123, 0.34825220828017067, 0.3843556979164898, 0.4007921025523584, 0.3534006710681069, 0.34825220828017067, 0.3670307857723123, 0.4550215006629207, 0.43629833300548926
0.03298139572143555, 0.03271842002868652, 0.03331184387207031, 0.032041311264038086, 0.029438018798828125, 0.025985240936279297, 0.022707462310791016, 0.02800726890563965, 0.029832124710083008, 0.02200174331665039, 0.024409055709838867, 0.026383399963378906, 0.02712082862854004, 0.02544546127319336, 0.03157925605773926, 0.02613091468811035, 0.02316880226135254, 0.018671512603759766, 0.0275113582611084, 0.02320694923400879