{'Max_spout': 100.0, 'Spliters': 2.0, 'Counters': 15.0}, {'Max_spout': 1000.0, 'Spliters': 2.0, 'Counters': 12.0}, {'Max_spout': 10000.0, 'Spliters': 2.0, 'Counters': 9.0}, {'Max_spout': 10000.0, 'Spliters': 2.0, 'Counters': 12.0}, {'Max_spout': 1000.0, 'Spliters': 2.0, 'Counters': 18.0}, {'Max_spout': 1000.0, 'Spliters': 2.0, 'Counters': 18.0}, {'Max_spout': 100.0, 'Spliters': 2.0, 'Counters': 9.0}, {'Max_spout': 10000.0, 'Spliters': 2.0, 'Counters': 12.0}, {'Max_spout': 1000.0, 'Spliters': 2.0, 'Counters': 9.0}, {'Max_spout': 1000.0, 'Spliters': 2.0, 'Counters': 18.0}, {'Max_spout': 1000.0, 'Spliters': 2.0, 'Counters': 18.0}, {'Max_spout': 1000.0, 'Spliters': 2.0, 'Counters': 18.0}, {'Max_spout': 1000.0, 'Spliters': 2.0, 'Counters': 12.0}, {'Max_spout': 1000.0, 'Spliters': 2.0, 'Counters': 9.0}, {'Max_spout': 100.0, 'Spliters': 2.0, 'Counters': 18.0}, {'Max_spout': 1000.0, 'Spliters': 2.0, 'Counters': 15.0}, {'Max_spout': 1000.0, 'Spliters': 2.0, 'Counters': 12.0}, {'Max_spout': 1000.0, 'Spliters': 2.0, 'Counters': 18.0}, {'Max_spout': 1000000.0, 'Spliters': 6.0, 'Counters': 9.0}, {'Max_spout': 100000.0, 'Spliters': 2.0, 'Counters': 15.0}
0.42069156568117205, 0.34825220828017067, 0.3915810157618045, 0.4060542266639211, 0.3670307857723123, 0.3670307857723123, 0.4332312508997562, 0.4060542266639211, 0.3843556979164898, 0.3670307857723123, 0.3670307857723123, 0.3670307857723123, 0.34825220828017067, 0.3843556979164898, 0.4007921025523584, 0.3534006710681069, 0.34825220828017067, 0.3670307857723123, 0.4550215006629207, 0.43629833300548926
0.04403042793273926, 0.03840279579162598, 0.036533355712890625, 0.043720245361328125, 0.045594215393066406, 0.04108428955078125, 0.04335927963256836, 0.04522442817687988, 0.042996883392333984, 0.04647493362426758, 0.0449671745300293, 0.04263710975646973, 0.05290699005126953, 0.04448080062866211, 0.035617828369140625, 0.046118974685668945, 0.04665637016296387, 0.043369293212890625, 0.042726755142211914, 0.0440058708190918