{'Max_spout': 1000, 'Spliters': 2, 'Counters': 15}, {'Max_spout': 1000, 'Spliters': 2, 'Counters': 15}, {'Max_spout': 1000, 'Spliters': 2, 'Counters': 15}, {'Max_spout': 1000, 'Spliters': 2, 'Counters': 18}, {'Max_spout': 1000, 'Spliters': 2, 'Counters': 12}, {'Max_spout': 1000000.0, 'Spliters': 2, 'Counters': 9}, {'Max_spout': 1000, 'Spliters': 2, 'Counters': 12}, {'Max_spout': 1000, 'Spliters': 2, 'Counters': 12}, {'Max_spout': 1000, 'Spliters': 2, 'Counters': 12}, {'Max_spout': 1000, 'Spliters': 2, 'Counters': 15}, {'Max_spout': 1000, 'Spliters': 2, 'Counters': 12}, {'Max_spout': 1000, 'Spliters': 2, 'Counters': 15}, {'Max_spout': 1000, 'Spliters': 2, 'Counters': 15}, {'Max_spout': 1000, 'Spliters': 2, 'Counters': 12}, {'Max_spout': 1000, 'Spliters': 2, 'Counters': 12}, {'Max_spout': 1000, 'Spliters': 2, 'Counters': 12}, {'Max_spout': 1000, 'Spliters': 2, 'Counters': 12}, {'Max_spout': 1000, 'Spliters': 2, 'Counters': 12}, {'Max_spout': 1000, 'Spliters': 2, 'Counters': 15}, {'Max_spout': 1000, 'Spliters': 2, 'Counters': 15}
0.3534006710681069, 0.3534006710681069, 0.3534006710681069, 0.36703078577231235, 0.3482522082801707, 0.41464190904005405, 0.3482522082801707, 0.3482522082801707, 0.3482522082801707, 0.3534006710681069, 0.3482522082801707, 0.3534006710681069, 0.3534006710681069, 0.3482522082801707, 0.3482522082801707, 0.3482522082801707, 0.3482522082801707, 0.3482522082801707, 0.3534006710681069, 0.3534006710681069
0.11011505126953125, 0.12517666816711426, 0.1049048900604248, 0.1160893440246582, 0.11452531814575195, 0.10820198059082031, 0.14153051376342773, 0.10992193222045898, 0.1063847541809082, 0.09635591506958008, 0.10544919967651367, 0.09583020210266113, 0.0961923599243164, 0.09292221069335938, 0.09465456008911133, 0.0964362621307373, 0.09577584266662598, 0.09695744514465332, 0.095977783203125, 0.1088705062866211