{'Max_spout': 100.0, 'Spliters': 2.0, 'Counters': 15.0}, {'Max_spout': 1000.0, 'Spliters': 2.0, 'Counters': 12.0}, {'Max_spout': 10000.0, 'Spliters': 2.0, 'Counters': 9.0}, {'Max_spout': 10000.0, 'Spliters': 2.0, 'Counters': 12.0}, {'Max_spout': 1000.0, 'Spliters': 2.0, 'Counters': 18.0}, {'Max_spout': 1000.0, 'Spliters': 2.0, 'Counters': 18.0}, {'Max_spout': 10000.0, 'Spliters': 6.0, 'Counters': 12.0}, {'Max_spout': 10000.0, 'Spliters': 2.0, 'Counters': 12.0}, {'Max_spout': 1000.0, 'Spliters': 2.0, 'Counters': 9.0}, {'Max_spout': 1000.0, 'Spliters': 2.0, 'Counters': 18.0}, {'Max_spout': 1000.0, 'Spliters': 2.0, 'Counters': 18.0}, {'Max_spout': 1000.0, 'Spliters': 2.0, 'Counters': 18.0}, {'Max_spout': 1000.0, 'Spliters': 2.0, 'Counters': 12.0}, {'Max_spout': 10000.0, 'Spliters': 2.0, 'Counters': 9.0}, {'Max_spout': 10000.0, 'Spliters': 2.0, 'Counters': 12.0}, {'Max_spout': 1000.0, 'Spliters': 2.0, 'Counters': 15.0}, {'Max_spout': 1000.0, 'Spliters': 2.0, 'Counters': 15.0}, {'Max_spout': 1000.0, 'Spliters': 2.0, 'Counters': 18.0}, {'Max_spout': 100000.0, 'Spliters': 6.0, 'Counters': 9.0}, {'Max_spout': 100000.0, 'Spliters': 6.0, 'Counters': 15.0}
0.41821186046824166, 0.353038171607748, 0.391479583096187, 0.3777081854880393, 0.3513569799560069, 0.3513569799560069, 0.4350877441709323, 0.3777081854880393, 0.40781820730939655, 0.3513569799560069, 0.3513569799560069, 0.3513569799560069, 0.353038171607748, 0.391479583096187, 0.3777081854880393, 0.33404364197772773, 0.33404364197772773, 0.3513569799560069, 0.45112191811043734, 0.43816779038423925
0.04095768928527832, 0.031154155731201172, 0.026126384735107422, 0.027977943420410156, 0.023666858673095703, 0.023791074752807617, 0.024039506912231445, 0.024918317794799805, 0.024096012115478516, 0.024750232696533203, 0.027220964431762695, 0.025984525680541992, 0.027530193328857422, 0.025729656219482422, 0.038950204849243164, 0.021790742874145508, 0.0214996337890625, 0.02139449119567871, 0.022381067276000977, 0.030930757522583008