{'Max_spout': 100.0, 'Spliters': 2.0, 'Counters': 15.0}, {'Max_spout': 1000.0, 'Spliters': 2.0, 'Counters': 12.0}, {'Max_spout': 10000.0, 'Spliters': 2.0, 'Counters': 9.0}, {'Max_spout': 10000.0, 'Spliters': 2.0, 'Counters': 12.0}, {'Max_spout': 1000.0, 'Spliters': 2.0, 'Counters': 18.0}, {'Max_spout': 1000.0, 'Spliters': 2.0, 'Counters': 18.0}, {'Max_spout': 10000.0, 'Spliters': 6.0, 'Counters': 12.0}, {'Max_spout': 10000.0, 'Spliters': 2.0, 'Counters': 12.0}, {'Max_spout': 1000.0, 'Spliters': 2.0, 'Counters': 9.0}, {'Max_spout': 1000.0, 'Spliters': 2.0, 'Counters': 18.0}, {'Max_spout': 1000.0, 'Spliters': 2.0, 'Counters': 18.0}, {'Max_spout': 1000.0, 'Spliters': 2.0, 'Counters': 18.0}, {'Max_spout': 1000.0, 'Spliters': 2.0, 'Counters': 12.0}, {'Max_spout': 10000.0, 'Spliters': 2.0, 'Counters': 9.0}, {'Max_spout': 10000.0, 'Spliters': 2.0, 'Counters': 12.0}, {'Max_spout': 1000.0, 'Spliters': 2.0, 'Counters': 15.0}, {'Max_spout': 1000.0, 'Spliters': 2.0, 'Counters': 15.0}, {'Max_spout': 1000.0, 'Spliters': 2.0, 'Counters': 18.0}, {'Max_spout': 100000.0, 'Spliters': 6.0, 'Counters': 9.0}, {'Max_spout': 100000.0, 'Spliters': 6.0, 'Counters': 15.0}
0.41821186046824166, 0.353038171607748, 0.391479583096187, 0.3777081854880393, 0.3513569799560069, 0.3513569799560069, 0.4350877441709323, 0.3777081854880393, 0.40781820730939655, 0.3513569799560069, 0.3513569799560069, 0.3513569799560069, 0.353038171607748, 0.391479583096187, 0.3777081854880393, 0.33404364197772773, 0.33404364197772773, 0.3513569799560069, 0.45112191811043734, 0.43816779038423925
0.039955854415893555, 0.029137611389160156, 0.0280303955078125, 0.029002666473388672, 0.03789329528808594, 0.026781558990478516, 0.02833104133605957, 0.03349184989929199, 0.030958175659179688, 0.02820134162902832, 0.026207923889160156, 0.024657011032104492, 0.02869415283203125, 0.03951525688171387, 0.028260231018066406, 0.03315281867980957, 0.025995969772338867, 0.026352882385253906, 0.025966882705688477, 0.02681136131286621