{'Max_spout': 100.0, 'Spliters': 2.0, 'Counters': 15.0}, {'Max_spout': 1000.0, 'Spliters': 2.0, 'Counters': 12.0}, {'Max_spout': 10000.0, 'Spliters': 2.0, 'Counters': 9.0}, {'Max_spout': 10000.0, 'Spliters': 2.0, 'Counters': 12.0}, {'Max_spout': 1000.0, 'Spliters': 2.0, 'Counters': 18.0}, {'Max_spout': 1000.0, 'Spliters': 2.0, 'Counters': 18.0}, {'Max_spout': 10000.0, 'Spliters': 6.0, 'Counters': 12.0}, {'Max_spout': 10000.0, 'Spliters': 2.0, 'Counters': 12.0}, {'Max_spout': 1000.0, 'Spliters': 2.0, 'Counters': 9.0}, {'Max_spout': 1000.0, 'Spliters': 2.0, 'Counters': 18.0}, {'Max_spout': 1000.0, 'Spliters': 2.0, 'Counters': 18.0}, {'Max_spout': 1000.0, 'Spliters': 2.0, 'Counters': 18.0}, {'Max_spout': 1000.0, 'Spliters': 2.0, 'Counters': 12.0}, {'Max_spout': 10000.0, 'Spliters': 2.0, 'Counters': 9.0}, {'Max_spout': 10000.0, 'Spliters': 2.0, 'Counters': 12.0}, {'Max_spout': 1000.0, 'Spliters': 2.0, 'Counters': 15.0}, {'Max_spout': 1000.0, 'Spliters': 2.0, 'Counters': 15.0}, {'Max_spout': 1000.0, 'Spliters': 2.0, 'Counters': 18.0}, {'Max_spout': 100000.0, 'Spliters': 6.0, 'Counters': 9.0}, {'Max_spout': 100000.0, 'Spliters': 6.0, 'Counters': 15.0}
0.41821186046824166, 0.353038171607748, 0.391479583096187, 0.3777081854880393, 0.3513569799560069, 0.3513569799560069, 0.4350877441709323, 0.3777081854880393, 0.40781820730939655, 0.3513569799560069, 0.3513569799560069, 0.3513569799560069, 0.353038171607748, 0.391479583096187, 0.3777081854880393, 0.33404364197772773, 0.33404364197772773, 0.3513569799560069, 0.45112191811043734, 0.43816779038423925
0.03236818313598633, 0.022006750106811523, 0.025224685668945312, 0.021000146865844727, 0.02625274658203125, 0.02773284912109375, 0.02441716194152832, 0.03258872032165527, 0.03147482872009277, 0.030729055404663086, 0.0303802490234375, 0.03000926971435547, 0.025552988052368164, 0.033361196517944336, 0.03582119941711426, 0.031234025955200195, 0.03227686882019043, 0.026170015335083008, 0.03780961036682129, 0.033799171447753906