{'Max_spout': 1000000.0, 'Spliters': 6.0, 'Counters': 18.0}, {'Max_spout': 1000.0, 'Spliters': 2.0, 'Counters': 12.0}, {'Max_spout': 1000.0, 'Spliters': 1.0, 'Counters': 18.0}, {'Max_spout': 10000.0, 'Spliters': 2.0, 'Counters': 12.0}, {'Max_spout': 10000.0, 'Spliters': 2.0, 'Counters': 12.0}, {'Max_spout': 1000.0, 'Spliters': 2.0, 'Counters': 18.0}, {'Max_spout': 10000.0, 'Spliters': 6.0, 'Counters': 12.0}, {'Max_spout': 10000.0, 'Spliters': 2.0, 'Counters': 12.0}, {'Max_spout': 1000.0, 'Spliters': 2.0, 'Counters': 6.0}, {'Max_spout': 1000.0, 'Spliters': 2.0, 'Counters': 18.0}, {'Max_spout': 1000.0, 'Spliters': 2.0, 'Counters': 6.0}, {'Max_spout': 1000.0, 'Spliters': 2.0, 'Counters': 18.0}, {'Max_spout': 10000.0, 'Spliters': 2.0, 'Counters': 6.0}, {'Max_spout': 10000.0, 'Spliters': 2.0, 'Counters': 9.0}, {'Max_spout': 10000.0, 'Spliters': 2.0, 'Counters': 12.0}, {'Max_spout': 10000.0, 'Spliters': 2.0, 'Counters': 9.0}, {'Max_spout': 1000.0, 'Spliters': 2.0, 'Counters': 15.0}, {'Max_spout': 1000.0, 'Spliters': 2.0, 'Counters': 18.0}, {'Max_spout': 100000.0, 'Spliters': 6.0, 'Counters': 9.0}, {'Max_spout': 100000.0, 'Spliters': 6.0, 'Counters': 12.0}
0.44333117752233564, 0.353038171607748, 0.4716801687125022, 0.3777081854880393, 0.3777081854880393, 0.3513569799560069, 0.4350877441709323, 0.3777081854880393, 0.41431724775011136, 0.3513569799560069, 0.41431724775011136, 0.3513569799560069, 0.42781165897207585, 0.391479583096187, 0.3777081854880393, 0.391479583096187, 0.33404364197772773, 0.3513569799560069, 0.45112191811043734, 0.4526470286993124
0.04503822326660156, 0.04862380027770996, 0.04272294044494629, 0.05032682418823242, 0.05921435356140137, 0.06977963447570801, 0.0453343391418457, 0.05238795280456543, 0.08163785934448242, 0.04317975044250488, 0.04577302932739258, 0.04219818115234375, 0.04737734794616699, 0.04384136199951172, 0.04285907745361328, 0.057416439056396484, 0.10417723655700684, 0.04729104042053223, 0.04288077354431152, 0.05033421516418457