{'Max_spout': 1000000.0, 'Spliters': 6, 'Counters': 18}, {'Max_spout': 100000.0, 'Spliters': 6, 'Counters': 18}, {'Max_spout': 1000000.0, 'Spliters': 6, 'Counters': 18}, {'Max_spout': 1000000.0, 'Spliters': 6, 'Counters': 12}, {'Max_spout': 10000, 'Spliters': 2, 'Counters': 15}, {'Max_spout': 1000000.0, 'Spliters': 6, 'Counters': 12}, {'Max_spout': 1000000.0, 'Spliters': 6, 'Counters': 18}, {'Max_spout': 100000.0, 'Spliters': 6, 'Counters': 18}, {'Max_spout': 1000, 'Spliters': 2, 'Counters': 6}, {'Max_spout': 1000000.0, 'Spliters': 6, 'Counters': 18}, {'Max_spout': 1000, 'Spliters': 2, 'Counters': 6}, {'Max_spout': 1000000.0, 'Spliters': 6, 'Counters': 18}, {'Max_spout': 100000.0, 'Spliters': 2, 'Counters': 18}, {'Max_spout': 10000, 'Spliters': 2, 'Counters': 9}, {'Max_spout': 1000000.0, 'Spliters': 6, 'Counters': 18}, {'Max_spout': 100000.0, 'Spliters': 6, 'Counters': 18}, {'Max_spout': 1000, 'Spliters': 2, 'Counters': 15}, {'Max_spout': 1000, 'Spliters': 2, 'Counters': 6}, {'Max_spout': 1000000.0, 'Spliters': 6, 'Counters': 18}, {'Max_spout': 1000000.0, 'Spliters': 6, 'Counters': 18}
0.4433311775223357, 0.43093537436088897, 0.4433311775223357, 0.4426252477282385, 0.4257248893533731, 0.4426252477282385, 0.4433311775223357, 0.43093537436088897, 0.4143172477501114, 0.4433311775223357, 0.4143172477501114, 0.4433311775223357, 0.4288502324027476, 0.39147958309618697, 0.4433311775223357, 0.43093537436088897, 0.3340436419777277, 0.4143172477501114, 0.4433311775223357, 0.4433311775223357
0.05599164962768555, 0.03661704063415527, 0.02772235870361328, 0.02959728240966797, 0.05935931205749512, 0.06216549873352051, 0.031240463256835938, 0.03938627243041992, 0.03977322578430176, 0.02744770050048828, 0.01957082748413086, 0.018541812896728516, 0.024971723556518555, 0.022846698760986328, 0.029604434967041016, 0.03502249717712402, 0.0256044864654541, 0.031014204025268555, 0.04789113998413086, 0.04069209098815918