{'Max_spout': 100.0, 'Spliters': 2.0, 'Counters': 15.0}, {'Max_spout': 1000.0, 'Spliters': 2.0, 'Counters': 12.0}, {'Max_spout': 10000.0, 'Spliters': 2.0, 'Counters': 9.0}, {'Max_spout': 10000.0, 'Spliters': 2.0, 'Counters': 12.0}, {'Max_spout': 1000.0, 'Spliters': 2.0, 'Counters': 18.0}, {'Max_spout': 1000.0, 'Spliters': 2.0, 'Counters': 18.0}, {'Max_spout': 10000.0, 'Spliters': 6.0, 'Counters': 12.0}, {'Max_spout': 10000.0, 'Spliters': 2.0, 'Counters': 12.0}, {'Max_spout': 1000.0, 'Spliters': 2.0, 'Counters': 9.0}, {'Max_spout': 1000.0, 'Spliters': 2.0, 'Counters': 18.0}, {'Max_spout': 1000.0, 'Spliters': 2.0, 'Counters': 18.0}, {'Max_spout': 1000.0, 'Spliters': 2.0, 'Counters': 18.0}, {'Max_spout': 1000.0, 'Spliters': 2.0, 'Counters': 12.0}, {'Max_spout': 10000.0, 'Spliters': 2.0, 'Counters': 9.0}, {'Max_spout': 10000.0, 'Spliters': 2.0, 'Counters': 12.0}, {'Max_spout': 1000.0, 'Spliters': 2.0, 'Counters': 15.0}, {'Max_spout': 1000.0, 'Spliters': 2.0, 'Counters': 15.0}, {'Max_spout': 1000.0, 'Spliters': 2.0, 'Counters': 18.0}, {'Max_spout': 100000.0, 'Spliters': 6.0, 'Counters': 9.0}, {'Max_spout': 100000.0, 'Spliters': 6.0, 'Counters': 15.0}
0.41821186046824166, 0.353038171607748, 0.391479583096187, 0.3777081854880393, 0.3513569799560069, 0.3513569799560069, 0.4350877441709323, 0.3777081854880393, 0.40781820730939655, 0.3513569799560069, 0.3513569799560069, 0.3513569799560069, 0.353038171607748, 0.391479583096187, 0.3777081854880393, 0.33404364197772773, 0.33404364197772773, 0.3513569799560069, 0.45112191811043734, 0.43816779038423925
0.027764558792114258, 0.020856380462646484, 0.019954919815063477, 0.020688533782958984, 0.02092719078063965, 0.026958703994750977, 0.02264094352722168, 0.027681827545166016, 0.025247812271118164, 0.027518033981323242, 0.022680044174194336, 0.039399147033691406, 0.020192384719848633, 0.018607616424560547, 0.021535634994506836, 0.026576519012451172, 0.020090579986572266, 0.02127218246459961, 0.018281936645507812, 0.01864314079284668