{'Max_spout': 100.0, 'Spliters': 6.0, 'Counters': 9.0}, {'Max_spout': 100000.0, 'Spliters': 6.0, 'Counters': 18.0}, {'Max_spout': 10.0, 'Spliters': 2.0, 'Counters': 18.0}, {'Max_spout': 1000000.0, 'Spliters': 6.0, 'Counters': 12.0}, {'Max_spout': 10000.0, 'Spliters': 2.0, 'Counters': 15.0}, {'Max_spout': 1000.0, 'Spliters': 1.0, 'Counters': 9.0}, {'Max_spout': 100.0, 'Spliters': 3.0, 'Counters': 12.0}, {'Max_spout': 100000.0, 'Spliters': 6.0, 'Counters': 18.0}, {'Max_spout': 1000.0, 'Spliters': 2.0, 'Counters': 6.0}, {'Max_spout': 1000.0, 'Spliters': 6.0, 'Counters': 9.0}, {'Max_spout': 1000.0, 'Spliters': 2.0, 'Counters': 6.0}, {'Max_spout': 100.0, 'Spliters': 6.0, 'Counters': 12.0}, {'Max_spout': 1000000.0, 'Spliters': 6.0, 'Counters': 18.0}, {'Max_spout': 10000.0, 'Spliters': 2.0, 'Counters': 9.0}, {'Max_spout': 10.0, 'Spliters': 6.0, 'Counters': 9.0}, {'Max_spout': 10000.0, 'Spliters': 2.0, 'Counters': 9.0}, {'Max_spout': 1000.0, 'Spliters': 2.0, 'Counters': 15.0}, {'Max_spout': 1000.0, 'Spliters': 2.0, 'Counters': 6.0}, {'Max_spout': 100000.0, 'Spliters': 6.0, 'Counters': 9.0}, {'Max_spout': 1000.0, 'Spliters': 3.0, 'Counters': 9.0}
0.49343058023315467, 0.430935374360889, 0.5309096706334578, 0.4426252477282385, 0.42572488935337316, 0.5174469340638226, 0.509264938899184, 0.430935374360889, 0.41431724775011136, 0.4659466153082279, 0.41431724775011136, 0.47649569730883223, 0.44333117752233564, 0.391479583096187, 0.5372410126680686, 0.391479583096187, 0.33404364197772773, 0.41431724775011136, 0.45112191811043734, 0.5106061063097496
0.041315555572509766, 0.036717891693115234, 0.07899212837219238, 0.033974409103393555, 0.03235507011413574, 0.04469895362854004, 0.04010510444641113, 0.03366589546203613, 0.06166577339172363, 0.06929373741149902, 0.061075687408447266, 0.035466909408569336, 0.032582998275756836, 0.03949427604675293, 0.04346823692321777, 0.049953460693359375, 0.045697927474975586, 0.03427624702453613, 0.03746819496154785, 0.039012908935546875