{'Width': 3, 'Complexity': 1, 'Fifo': 1, 'Multiplier': 1}, {'Width': 3, 'Complexity': 0, 'Fifo': 4, 'Multiplier': 2}, {'Width': 6, 'Complexity': 1, 'Fifo': 4, 'Multiplier': 2}, {'Width': 3, 'Complexity': 1, 'Fifo': 1, 'Multiplier': 1}, {'Width': 5, 'Complexity': 1, 'Fifo': 2, 'Multiplier': 1}, {'Width': 3, 'Complexity': 0, 'Fifo': 3, 'Multiplier': 1}, {'Width': 3, 'Complexity': 1, 'Fifo': 2, 'Multiplier': 1}, {'Width': 3, 'Complexity': 0, 'Fifo': 1, 'Multiplier': 1}, {'Width': 3, 'Complexity': 1, 'Fifo': 1, 'Multiplier': 1}, {'Width': 3, 'Complexity': 0, 'Fifo': 1, 'Multiplier': 2}, {'Width': 3, 'Complexity': 1, 'Fifo': 4, 'Multiplier': 1}, {'Width': 4, 'Complexity': 1, 'Fifo': 3, 'Multiplier': 1}, {'Width': 6, 'Complexity': 0, 'Fifo': 4, 'Multiplier': 1}, {'Width': 4, 'Complexity': 1, 'Fifo': 3, 'Multiplier': 1}, {'Width': 4, 'Complexity': 0, 'Fifo': 2, 'Multiplier': 1}, {'Width': 7, 'Complexity': 0, 'Fifo': 1, 'Multiplier': 2}, {'Width': 5, 'Complexity': 1, 'Fifo': 4, 'Multiplier': 1}, {'Width': 3, 'Complexity': 0, 'Fifo': 1, 'Multiplier': 2}, {'Width': 7, 'Complexity': 0, 'Fifo': 1, 'Multiplier': 1}, {'Width': 7, 'Complexity': 1, 'Fifo': 1, 'Multiplier': 1}
0.3131549450517663, 0.41985099335665094, 0.6011336985066399, 0.3131549450517663, 0.44772479049532365, 0.22587868316250506, 0.3139305450653319, 0.22581417455021333, 0.3131549450517663, 0.41975353518343883, 0.3139305450653319, 0.3877806214317866, 0.5090215664735307, 0.3877806214317866, 0.37790341766003394, 0.6202339879203385, 0.44772479049532365, 0.41975353518343883, 0.5335948416821916, 0.5043395682906585
0.020036697387695312, 0.020615577697753906, 0.023702383041381836, 0.023860931396484375, 0.021063804626464844, 0.017830610275268555, 0.02747058868408203, 0.021732807159423828, 0.020930767059326172, 0.025692462921142578, 0.027794361114501953, 0.021399497985839844, 0.021587371826171875, 0.020242691040039062, 0.0223388671875, 0.023879051208496094, 0.026020526885986328, 0.020395517349243164, 0.020599365234375, 0.0361475944519043