{'Width': 4.0, 'Complexity': 1.0, 'Fifo': 2.0, 'Multiplier': 1.0}, {'Width': 3.0, 'Complexity': 1.0, 'Fifo': 3.0, 'Multiplier': 10.0}, {'Width': 4.0, 'Complexity': 1.0, 'Fifo': 2.0, 'Multiplier': 2.0}, {'Width': 3.0, 'Complexity': 1.0, 'Fifo': 1.0, 'Multiplier': 1.0}, {'Width': 5.0, 'Complexity': 1.0, 'Fifo': 2.0, 'Multiplier': 1.0}, {'Width': 3.0, 'Complexity': 0.0, 'Fifo': 3.0, 'Multiplier': 1.0}, {'Width': 3.0, 'Complexity': 0.0, 'Fifo': 4.0, 'Multiplier': 1.0}, {'Width': 6.0, 'Complexity': 0.0, 'Fifo': 2.0, 'Multiplier': 1.0}, {'Width': 3.0, 'Complexity': 1.0, 'Fifo': 1.0, 'Multiplier': 1.0}, {'Width': 3.0, 'Complexity': 0.0, 'Fifo': 1.0, 'Multiplier': 2.0}, {'Width': 6.0, 'Complexity': 1.0, 'Fifo': 1.0, 'Multiplier': 1.0}, {'Width': 4.0, 'Complexity': 1.0, 'Fifo': 3.0, 'Multiplier': 1.0}, {'Width': 6.0, 'Complexity': 0.0, 'Fifo': 4.0, 'Multiplier': 1.0}, {'Width': 4.0, 'Complexity': 1.0, 'Fifo': 3.0, 'Multiplier': 1.0}, {'Width': 3.0, 'Complexity': 1.0, 'Fifo': 1.0, 'Multiplier': 1.0}, {'Width': 3.0, 'Complexity': 0.0, 'Fifo': 1.0, 'Multiplier': 1.0}, {'Width': 3.0, 'Complexity': 0.0, 'Fifo': 3.0, 'Multiplier': 1.0}, {'Width': 3.0, 'Complexity': 1.0, 'Fifo': 1.0, 'Multiplier': 1.0}, {'Width': 3.0, 'Complexity': 1.0, 'Fifo': 3.0, 'Multiplier': 1.0}, {'Width': 5.0, 'Complexity': 1.0, 'Fifo': 1.0, 'Multiplier': 2.0}
0.3877806214317866, 0.7264299909492085, 0.5520334348262175, 0.31315494505176633, 0.44772479049532365, 0.22587868316250503, 0.22587868316250503, 0.5090215664735307, 0.31315494505176633, 0.41975353518343883, 0.4844558240812984, 0.3877806214317866, 0.5090215664735307, 0.3877806214317866, 0.31315494505176633, 0.22581417455021324, 0.22587868316250503, 0.31315494505176633, 0.3139305450653319, 0.5829034483024184
0.04803156852722168, 0.03766942024230957, 0.03255653381347656, 0.026699066162109375, 0.041036128997802734, 0.027870893478393555, 0.03736472129821777, 0.03167986869812012, 0.04099440574645996, 0.028392553329467773, 0.030025243759155273, 0.026997804641723633, 0.04239249229431152, 0.025374650955200195, 0.027905702590942383, 0.02172255516052246, 0.060819149017333984, 0.02322864532470703, 0.03164529800415039, 0.027339458465576172