{'Width': 4.0, 'Complexity': 0.0, 'Fifo': 3.0, 'Multiplier': 1.0}, {'Width': 6.0, 'Complexity': 0.0, 'Fifo': 3.0, 'Multiplier': 1.0}, {'Width': 3.0, 'Complexity': 0.0, 'Fifo': 3.0, 'Multiplier': 1.0}, {'Width': 3.0, 'Complexity': 1.0, 'Fifo': 1.0, 'Multiplier': 1.0}, {'Width': 3.0, 'Complexity': 0.0, 'Fifo': 4.0, 'Multiplier': 1.0}, {'Width': 3.0, 'Complexity': 0.0, 'Fifo': 3.0, 'Multiplier': 1.0}, {'Width': 3.0, 'Complexity': 0.0, 'Fifo': 1.0, 'Multiplier': 1.0}, {'Width': 4.0, 'Complexity': 0.0, 'Fifo': 4.0, 'Multiplier': 1.0}, {'Width': 3.0, 'Complexity': 0.0, 'Fifo': 1.0, 'Multiplier': 1.0}, {'Width': 3.0, 'Complexity': 0.0, 'Fifo': 4.0, 'Multiplier': 1.0}, {'Width': 3.0, 'Complexity': 0.0, 'Fifo': 2.0, 'Multiplier': 1.0}, {'Width': 3.0, 'Complexity': 0.0, 'Fifo': 3.0, 'Multiplier': 1.0}, {'Width': 3.0, 'Complexity': 0.0, 'Fifo': 2.0, 'Multiplier': 1.0}, {'Width': 3.0, 'Complexity': 0.0, 'Fifo': 4.0, 'Multiplier': 1.0}, {'Width': 3.0, 'Complexity': 1.0, 'Fifo': 1.0, 'Multiplier': 1.0}, {'Width': 3.0, 'Complexity': 0.0, 'Fifo': 1.0, 'Multiplier': 1.0}, {'Width': 3.0, 'Complexity': 0.0, 'Fifo': 3.0, 'Multiplier': 1.0}, {'Width': 3.0, 'Complexity': 0.0, 'Fifo': 3.0, 'Multiplier': 1.0}, {'Width': 3.0, 'Complexity': 0.0, 'Fifo': 2.0, 'Multiplier': 1.0}, {'Width': 6.0, 'Complexity': 1.0, 'Fifo': 2.0, 'Multiplier': 1.0}
0.3779034501993668, 0.5090215664735307, 0.22587868316250503, 0.31315494505176633, 0.22587868316250503, 0.22587868316250503, 0.22581417455021324, 0.377903417660034, 0.22581417455021324, 0.22587868316250503, 0.22587868316250503, 0.22587868316250503, 0.22587868316250503, 0.22587868316250503, 0.31315494505176633, 0.22581417455021324, 0.22587868316250503, 0.22587868316250503, 0.22587868316250503, 0.4847424486775527
0.0435483455657959, 0.031113862991333008, 0.029215097427368164, 0.034986257553100586, 0.030180931091308594, 0.03487896919250488, 0.02950453758239746, 0.028841257095336914, 0.0432276725769043, 0.035459041595458984, 0.02810502052307129, 0.028268814086914062, 0.028809547424316406, 0.03354048728942871, 0.029737234115600586, 0.031522512435913086, 0.029326200485229492, 0.028431177139282227, 0.03022170066833496, 0.029537200927734375