{'Spout': 1, 'Split': 1, 'Count': 12, 'Buffer_size': 105000000.0, 'Heap': 1024}, {'Spout': 1, 'Split': 2, 'Count': 6, 'Buffer_size': 5240000.0, 'Heap': 2048}, {'Spout': 1, 'Split': 2, 'Count': 12, 'Buffer_size': 1050000.0, 'Heap': 2048}, {'Spout': 2, 'Split': 6, 'Count': 12, 'Buffer_size': 1050000.0, 'Heap': 512}, {'Spout': 1, 'Split': 2, 'Count': 9, 'Buffer_size': 10500000.0, 'Heap': 512}, {'Spout': 1, 'Split': 2, 'Count': 9, 'Buffer_size': 5240000.0, 'Heap': 2048}, {'Spout': 1, 'Split': 2, 'Count': 9, 'Buffer_size': 10500000.0, 'Heap': 512}, {'Spout': 1, 'Split': 1, 'Count': 9, 'Buffer_size': 262000.0, 'Heap': 1024}, {'Spout': 2, 'Split': 6, 'Count': 12, 'Buffer_size': 105000000.0, 'Heap': 2048}, {'Spout': 1, 'Split': 2, 'Count': 6, 'Buffer_size': 105000000.0, 'Heap': 512}, {'Spout': 1, 'Split': 1, 'Count': 9, 'Buffer_size': 1050000.0, 'Heap': 1024}, {'Spout': 3, 'Split': 6, 'Count': 12, 'Buffer_size': 105000000.0, 'Heap': 512}, {'Spout': 1, 'Split': 1, 'Count': 12, 'Buffer_size': 105000000.0, 'Heap': 1024}, {'Spout': 1, 'Split': 1, 'Count': 12, 'Buffer_size': 105000000.0, 'Heap': 512}, {'Spout': 3, 'Split': 6, 'Count': 12, 'Buffer_size': 105000000.0, 'Heap': 2048}, {'Spout': 1, 'Split': 1, 'Count': 12, 'Buffer_size': 10500000.0, 'Heap': 1024}, {'Spout': 3, 'Split': 6, 'Count': 12, 'Buffer_size': 105000000.0, 'Heap': 2048}, {'Spout': 1, 'Split': 1, 'Count': 12, 'Buffer_size': 5240000.0, 'Heap': 512}, {'Spout': 1, 'Split': 2, 'Count': 12, 'Buffer_size': 105000000.0, 'Heap': 2048}, {'Spout': 1, 'Split': 1, 'Count': 12, 'Buffer_size': 262000.0, 'Heap': 2048}
0.2342272322985072, 0.15160494025547264, 0.02628393512052983, 0.2501210786744276, 0.05143474560046549, 0.059665607462809904, 0.05143474560046549, 0.22758365564568964, 0.24861650726724427, 0.1357998039149482, 0.2113440160617417, 0.2570641251648314, 0.2342272322985072, 0.24685491658648395, 0.2709055415302204, 0.2178967506815683, 0.2709055415302204, 0.21431792843573635, 0.01592322268422131, 0.2203308792201745
0.045194149017333984, 0.06983184814453125, 0.06758522987365723, 0.057024240493774414, 0.06414031982421875, 0.06029081344604492, 0.06232118606567383, 0.06348657608032227, 0.06338214874267578, 0.06604957580566406, 0.06485700607299805, 0.05388140678405762, 0.07324981689453125, 0.06639933586120605, 0.055385589599609375, 0.0640716552734375, 0.0541386604309082, 0.0674431324005127, 0.061246633529663086, 0.04932379722595215