{'Spout': 3, 'Split': 3, 'Count': 9, 'Buffer_size': 5240000.0, 'Heap': 512}, {'Spout': 1, 'Split': 2, 'Count': 6, 'Buffer_size': 5240000.0, 'Heap': 2048}, {'Spout': 1, 'Split': 2, 'Count': 12, 'Buffer_size': 1050000.0, 'Heap': 2048}, {'Spout': 2, 'Split': 6, 'Count': 12, 'Buffer_size': 1050000.0, 'Heap': 512}, {'Spout': 3, 'Split': 3, 'Count': 9, 'Buffer_size': 1050000.0, 'Heap': 1024}, {'Spout': 1, 'Split': 2, 'Count': 9, 'Buffer_size': 5240000.0, 'Heap': 2048}, {'Spout': 1, 'Split': 2, 'Count': 9, 'Buffer_size': 10500000.0, 'Heap': 512}, {'Spout': 1, 'Split': 1, 'Count': 9, 'Buffer_size': 262000.0, 'Heap': 1024}, {'Spout': 1, 'Split': 2, 'Count': 3, 'Buffer_size': 1050000.0, 'Heap': 2048}, {'Spout': 3, 'Split': 6, 'Count': 9, 'Buffer_size': 262000.0, 'Heap': 2048}, {'Spout': 1, 'Split': 1, 'Count': 9, 'Buffer_size': 1050000.0, 'Heap': 1024}, {'Spout': 1, 'Split': 6, 'Count': 6, 'Buffer_size': 105000000.0, 'Heap': 512}, {'Spout': 1, 'Split': 2, 'Count': 3, 'Buffer_size': 10500000.0, 'Heap': 2048}, {'Spout': 2, 'Split': 1, 'Count': 12, 'Buffer_size': 262000.0, 'Heap': 512}, {'Spout': 1, 'Split': 6, 'Count': 12, 'Buffer_size': 262000.0, 'Heap': 512}, {'Spout': 1, 'Split': 1, 'Count': 12, 'Buffer_size': 10500000.0, 'Heap': 1024}, {'Spout': 1, 'Split': 1, 'Count': 6, 'Buffer_size': 105000000.0, 'Heap': 1024}, {'Spout': 1, 'Split': 1, 'Count': 12, 'Buffer_size': 1050000.0, 'Heap': 2048}, {'Spout': 1, 'Split': 1, 'Count': 12, 'Buffer_size': 1050000.0, 'Heap': 512}, {'Spout': 3, 'Split': 6, 'Count': 9, 'Buffer_size': 1050000.0, 'Heap': 512}
0.3001404622121782, 0.15160494025547264, 0.02628393512052983, 0.2501210786744276, 0.2888322951305308, 0.059665607462809904, 0.05143474560046549, 0.22758365564568964, 0.2520980248755627, 0.29140585799812646, 0.2113440160617417, 0.2896307157656229, 0.2527188305074455, 0.298610574532874, 0.2789499576733858, 0.2178967506815683, 0.24814789266416198, 0.23139694885394496, 0.2172328151133768, 0.28645014839640337
0.060131072998046875, 0.047081947326660156, 0.03213763236999512, 0.029664993286132812, 0.030778169631958008, 0.03491687774658203, 0.032114267349243164, 0.029711484909057617, 0.027417421340942383, 0.028679370880126953, 0.02910447120666504, 0.03190183639526367, 0.031963348388671875, 0.030086040496826172, 0.027627944946289062, 0.026755809783935547, 0.031615257263183594, 0.02839040756225586, 0.027855634689331055, 0.027312755584716797