{'Max_spout': 1, 'Spliters': 6, 'Counters': 18}, {'Max_spout': 1, 'Spliters': 1, 'Counters': 18}, {'Max_spout': 1, 'Spliters': 6, 'Counters': 18}, {'Max_spout': 1, 'Spliters': 1, 'Counters': 3}, {'Max_spout': 1, 'Spliters': 1, 'Counters': 1}, {'Max_spout': 1, 'Spliters': 1, 'Counters': 18}, {'Max_spout': 1, 'Spliters': 1, 'Counters': 18}, {'Max_spout': 1, 'Spliters': 2, 'Counters': 1}, {'Max_spout': 1, 'Spliters': 1, 'Counters': 18}, {'Max_spout': 1, 'Spliters': 1, 'Counters': 1}, {'Max_spout': 1, 'Spliters': 1, 'Counters': 3}, {'Max_spout': 1, 'Spliters': 1, 'Counters': 18}, {'Max_spout': 1, 'Spliters': 1, 'Counters': 18}, {'Max_spout': 1, 'Spliters': 1, 'Counters': 18}, {'Max_spout': 1, 'Spliters': 1, 'Counters': 3}, {'Max_spout': 1, 'Spliters': 1, 'Counters': 1}, {'Max_spout': 1, 'Spliters': 1, 'Counters': 18}, {'Max_spout': 1, 'Spliters': 1, 'Counters': 1}, {'Max_spout': 1, 'Spliters': 1, 'Counters': 18}, {'Max_spout': 1, 'Spliters': 6, 'Counters': 18}
0.010017821857759856, 0.0015707897696077134, 0.010017821857759856, 0.0034219728532295193, 0.004807791117257254, 0.0015707897696077134, 0.0015707897696077134, 0.0034219728532295193, 0.0015707897696077134, 0.004807791117257254, 0.0034219728532295193, 0.0015707897696077134, 0.0015707897696077134, 0.0015707897696077134, 0.0034219728532295193, 0.004807791117257254, 0.0015707897696077134, 0.004807791117257254, 0.0015707897696077134, 0.010017821857759856
0.06728458404541016, 0.10251879692077637, 0.0810236930847168, 0.1176459789276123, 0.08935236930847168, 0.0984201431274414, 0.08829259872436523, 0.07537484169006348, 0.09238457679748535, 0.08028483390808105, 0.08497786521911621, 0.07957005500793457, 0.07952618598937988, 0.07706308364868164, 0.07778573036193848, 0.08348917961120605, 0.07945537567138672, 0.06124687194824219, 0.06528496742248535, 0.10887765884399414