{'Max_spout': 1, 'Spliters': 6, 'Counters': 18}, {'Max_spout': 1, 'Spliters': 1, 'Counters': 18}, {'Max_spout': 1, 'Spliters': 6, 'Counters': 12}, {'Max_spout': 1, 'Spliters': 1, 'Counters': 1}, {'Max_spout': 1, 'Spliters': 1, 'Counters': 1}, {'Max_spout': 1, 'Spliters': 1, 'Counters': 18}, {'Max_spout': 1, 'Spliters': 1, 'Counters': 18}, {'Max_spout': 1, 'Spliters': 1, 'Counters': 1}, {'Max_spout': 1, 'Spliters': 1, 'Counters': 18}, {'Max_spout': 1, 'Spliters': 6, 'Counters': 1}, {'Max_spout': 1, 'Spliters': 1, 'Counters': 3}, {'Max_spout': 1, 'Spliters': 2, 'Counters': 1}, {'Max_spout': 1, 'Spliters': 1, 'Counters': 18}, {'Max_spout': 1, 'Spliters': 1, 'Counters': 6}, {'Max_spout': 1, 'Spliters': 1, 'Counters': 3}, {'Max_spout': 1, 'Spliters': 1, 'Counters': 1}, {'Max_spout': 1, 'Spliters': 1, 'Counters': 18}, {'Max_spout': 1, 'Spliters': 1, 'Counters': 1}, {'Max_spout': 1, 'Spliters': 1, 'Counters': 18}, {'Max_spout': 1, 'Spliters': 6, 'Counters': 1}
0.010017821857759856, 0.0015707897696077134, 0.012412175235545064, 0.004807791117257254, 0.004807791117257254, 0.0015707897696077134, 0.0015707897696077134, 0.004807791117257254, 0.0015707897696077134, 0.015315934267586241, 0.0034219728532295193, 0.0034219728532295193, 0.0015707897696077134, 0.0033617837125249194, 0.0034219728532295193, 0.004807791117257254, 0.0015707897696077134, 0.004807791117257254, 0.0015707897696077134, 0.015315934267586241
0.05295109748840332, 0.03466224670410156, 0.0295107364654541, 0.04543352127075195, 0.04138493537902832, 0.07815933227539062, 0.05113649368286133, 0.06464123725891113, 0.04252314567565918, 0.03928518295288086, 0.06952071189880371, 0.044538021087646484, 0.06258916854858398, 0.0700845718383789, 0.062259674072265625, 0.0393674373626709, 0.04693460464477539, 0.05103468894958496, 0.06563329696655273, 0.03325200080871582