{'Max_spout': 1, 'Spliters': 6, 'Counters': 18}, {'Max_spout': 1, 'Spliters': 1, 'Counters': 18}, {'Max_spout': 1, 'Spliters': 1, 'Counters': 18}, {'Max_spout': 1, 'Spliters': 1, 'Counters': 12}, {'Max_spout': 1, 'Spliters': 2, 'Counters': 1}, {'Max_spout': 1, 'Spliters': 1, 'Counters': 18}, {'Max_spout': 1, 'Spliters': 1, 'Counters': 18}, {'Max_spout': 1, 'Spliters': 2, 'Counters': 1}, {'Max_spout': 1, 'Spliters': 1, 'Counters': 12}, {'Max_spout': 1, 'Spliters': 2, 'Counters': 1}, {'Max_spout': 1, 'Spliters': 1, 'Counters': 6}, {'Max_spout': 1, 'Spliters': 1, 'Counters': 12}, {'Max_spout': 1, 'Spliters': 1, 'Counters': 12}, {'Max_spout': 1, 'Spliters': 1, 'Counters': 18}, {'Max_spout': 1, 'Spliters': 1, 'Counters': 12}, {'Max_spout': 1, 'Spliters': 1, 'Counters': 6}, {'Max_spout': 1, 'Spliters': 1, 'Counters': 18}, {'Max_spout': 1, 'Spliters': 2, 'Counters': 1}, {'Max_spout': 1, 'Spliters': 1, 'Counters': 18}, {'Max_spout': 1, 'Spliters': 6, 'Counters': 18}
0.010017821857759856, 0.0015707897696077134, 0.0015707897696077134, 0.0, 0.0034219728532295193, 0.0015707897696077134, 0.0015707897696077134, 0.0034219728532295193, 0.0, 0.0034219728532295193, 0.0033617837125249194, 0.0, 0.0, 0.0015707897696077134, 0.0, 0.0033617837125249194, 0.0015707897696077134, 0.0034219728532295193, 0.0015707897696077134, 0.010017821857759856
0.1138916015625, 0.14950871467590332, 0.1519482135772705, 0.12641143798828125, 0.13464617729187012, 0.1224513053894043, 0.12437987327575684, 0.11616730690002441, 0.10846757888793945, 0.11627364158630371, 0.12523698806762695, 0.11715507507324219, 0.11260628700256348, 0.11091899871826172, 0.12046670913696289, 0.12949395179748535, 0.11532020568847656, 0.11629676818847656, 0.1206667423248291, 0.11406803131103516