{'Max_spout': 1.0, 'Spliters': 6.0, 'Counters': 3.0}, {'Max_spout': 1.0, 'Spliters': 2.0, 'Counters': 12.0}, {'Max_spout': 1.0, 'Spliters': 6.0, 'Counters': 18.0}, {'Max_spout': 1.0, 'Spliters': 2.0, 'Counters': 15.0}, {'Max_spout': 1.0, 'Spliters': 1.0, 'Counters': 6.0}, {'Max_spout': 1.0, 'Spliters': 1.0, 'Counters': 18.0}, {'Max_spout': 1.0, 'Spliters': 1.0, 'Counters': 15.0}, {'Max_spout': 1.0, 'Spliters': 1.0, 'Counters': 3.0}, {'Max_spout': 1.0, 'Spliters': 1.0, 'Counters': 1.0}, {'Max_spout': 1.0, 'Spliters': 3.0, 'Counters': 15.0}, {'Max_spout': 1.0, 'Spliters': 1.0, 'Counters': 3.0}, {'Max_spout': 1.0, 'Spliters': 1.0, 'Counters': 9.0}, {'Max_spout': 1.0, 'Spliters': 2.0, 'Counters': 1.0}, {'Max_spout': 1.0, 'Spliters': 1.0, 'Counters': 15.0}, {'Max_spout': 1.0, 'Spliters': 1.0, 'Counters': 3.0}, {'Max_spout': 1.0, 'Spliters': 1.0, 'Counters': 9.0}, {'Max_spout': 1.0, 'Spliters': 1.0, 'Counters': 12.0}, {'Max_spout': 1.0, 'Spliters': 1.0, 'Counters': 3.0}, {'Max_spout': 1.0, 'Spliters': 1.0, 'Counters': 6.0}, {'Max_spout': 1.0, 'Spliters': 2.0, 'Counters': 12.0}
0.015938378064141112, 0.006037998432146252, 0.010017821857759901, 0.005399406329548717, 0.003361783712524935, 0.0015707897696076722, 0.002165341037543289, 0.003421972853229538, 0.004807791117257265, 0.012736609384221054, 0.003421972853229538, 0.0018937558904615903, 0.003421972853229538, 0.002165341037543289, 0.003421972853229538, 0.0018937558904615903, 0.0, 0.003421972853229538, 0.003361783712524935, 0.006037998432146252
0.055016517639160156, 0.0354914665222168, 0.026148557662963867, 0.03011608123779297, 0.028085708618164062, 0.02603626251220703, 0.030220508575439453, 0.030242919921875, 0.023647069931030273, 0.028439998626708984, 0.03965449333190918, 0.030897855758666992, 0.028294086456298828, 0.02867579460144043, 0.0237581729888916, 0.023778915405273438, 0.031804561614990234, 0.035150766372680664, 0.02465343475341797, 0.026503562927246094