{'Max_spout': 1, 'Spliters': 6, 'Counters': 18}, {'Max_spout': 1, 'Spliters': 6, 'Counters': 18}, {'Max_spout': 1, 'Spliters': 6, 'Counters': 12}, {'Max_spout': 1, 'Spliters': 1, 'Counters': 1}, {'Max_spout': 1, 'Spliters': 6, 'Counters': 1}, {'Max_spout': 1, 'Spliters': 1, 'Counters': 18}, {'Max_spout': 1, 'Spliters': 1, 'Counters': 18}, {'Max_spout': 1, 'Spliters': 6, 'Counters': 1}, {'Max_spout': 1, 'Spliters': 1, 'Counters': 1}, {'Max_spout': 1, 'Spliters': 6, 'Counters': 1}, {'Max_spout': 1, 'Spliters': 1, 'Counters': 3}, {'Max_spout': 1, 'Spliters': 2, 'Counters': 1}, {'Max_spout': 1, 'Spliters': 1, 'Counters': 18}, {'Max_spout': 1, 'Spliters': 1, 'Counters': 6}, {'Max_spout': 1, 'Spliters': 1, 'Counters': 3}, {'Max_spout': 1, 'Spliters': 1, 'Counters': 1}, {'Max_spout': 1, 'Spliters': 1, 'Counters': 18}, {'Max_spout': 1, 'Spliters': 1, 'Counters': 1}, {'Max_spout': 1, 'Spliters': 1, 'Counters': 18}, {'Max_spout': 1, 'Spliters': 6, 'Counters': 1}
0.010017821857759856, 0.010017821857759856, 0.012412175235545064, 0.004807791117257254, 0.015315934267586241, 0.0015707897696077134, 0.0015707897696077134, 0.015315934267586241, 0.004807791117257254, 0.015315934267586241, 0.0034219728532295193, 0.0034219728532295193, 0.0015707897696077134, 0.0033617837125249194, 0.0034219728532295193, 0.004807791117257254, 0.0015707897696077134, 0.004807791117257254, 0.0015707897696077134, 0.015315934267586241
0.05978655815124512, 0.043149471282958984, 0.04346132278442383, 0.03884530067443848, 0.044051408767700195, 0.043508291244506836, 0.04849839210510254, 0.041127681732177734, 0.04598855972290039, 0.06738948822021484, 0.056554555892944336, 0.06141185760498047, 0.04406452178955078, 0.06383228302001953, 0.07687211036682129, 0.03973269462585449, 0.05521559715270996, 0.05718278884887695, 0.045760393142700195, 0.03989291191101074