{'Max_spout': 1.0, 'Spliters': 6.0, 'Counters': 3.0}, {'Max_spout': 1.0, 'Spliters': 2.0, 'Counters': 12.0}, {'Max_spout': 1.0, 'Spliters': 6.0, 'Counters': 18.0}, {'Max_spout': 1.0, 'Spliters': 2.0, 'Counters': 15.0}, {'Max_spout': 1.0, 'Spliters': 1.0, 'Counters': 6.0}, {'Max_spout': 1.0, 'Spliters': 1.0, 'Counters': 18.0}, {'Max_spout': 1.0, 'Spliters': 1.0, 'Counters': 15.0}, {'Max_spout': 1.0, 'Spliters': 1.0, 'Counters': 3.0}, {'Max_spout': 1.0, 'Spliters': 1.0, 'Counters': 1.0}, {'Max_spout': 1.0, 'Spliters': 3.0, 'Counters': 15.0}, {'Max_spout': 1.0, 'Spliters': 1.0, 'Counters': 3.0}, {'Max_spout': 1.0, 'Spliters': 1.0, 'Counters': 9.0}, {'Max_spout': 1.0, 'Spliters': 2.0, 'Counters': 1.0}, {'Max_spout': 1.0, 'Spliters': 1.0, 'Counters': 15.0}, {'Max_spout': 1.0, 'Spliters': 1.0, 'Counters': 3.0}, {'Max_spout': 1.0, 'Spliters': 1.0, 'Counters': 9.0}, {'Max_spout': 1.0, 'Spliters': 1.0, 'Counters': 12.0}, {'Max_spout': 1.0, 'Spliters': 1.0, 'Counters': 3.0}, {'Max_spout': 1.0, 'Spliters': 1.0, 'Counters': 6.0}, {'Max_spout': 1.0, 'Spliters': 2.0, 'Counters': 12.0}
0.015938378064141112, 0.006037998432146252, 0.010017821857759901, 0.005399406329548717, 0.003361783712524935, 0.0015707897696076722, 0.002165341037543289, 0.003421972853229538, 0.004807791117257265, 0.012736609384221054, 0.003421972853229538, 0.0018937558904615903, 0.003421972853229538, 0.002165341037543289, 0.003421972853229538, 0.0018937558904615903, 0.0, 0.003421972853229538, 0.003361783712524935, 0.006037998432146252
0.030863046646118164, 0.028235435485839844, 0.017806053161621094, 0.019612550735473633, 0.01743459701538086, 0.014554262161254883, 0.018424034118652344, 0.018398284912109375, 0.017320871353149414, 0.01783156394958496, 0.018144845962524414, 0.016582727432250977, 0.0182034969329834, 0.016723155975341797, 0.020643949508666992, 0.01765298843383789, 0.018774032592773438, 0.018841981887817383, 0.01842784881591797, 0.017480134963989258