{'Max_spout': 1.0, 'Spliters': 6.0, 'Counters': 3.0}, {'Max_spout': 1.0, 'Spliters': 2.0, 'Counters': 12.0}, {'Max_spout': 1.0, 'Spliters': 6.0, 'Counters': 18.0}, {'Max_spout': 1.0, 'Spliters': 2.0, 'Counters': 15.0}, {'Max_spout': 1.0, 'Spliters': 1.0, 'Counters': 6.0}, {'Max_spout': 1.0, 'Spliters': 1.0, 'Counters': 18.0}, {'Max_spout': 1.0, 'Spliters': 1.0, 'Counters': 15.0}, {'Max_spout': 1.0, 'Spliters': 1.0, 'Counters': 3.0}, {'Max_spout': 1.0, 'Spliters': 1.0, 'Counters': 1.0}, {'Max_spout': 1.0, 'Spliters': 3.0, 'Counters': 15.0}, {'Max_spout': 1.0, 'Spliters': 1.0, 'Counters': 3.0}, {'Max_spout': 1.0, 'Spliters': 1.0, 'Counters': 9.0}, {'Max_spout': 1.0, 'Spliters': 2.0, 'Counters': 1.0}, {'Max_spout': 1.0, 'Spliters': 1.0, 'Counters': 15.0}, {'Max_spout': 1.0, 'Spliters': 1.0, 'Counters': 3.0}, {'Max_spout': 1.0, 'Spliters': 1.0, 'Counters': 9.0}, {'Max_spout': 1.0, 'Spliters': 1.0, 'Counters': 12.0}, {'Max_spout': 1.0, 'Spliters': 1.0, 'Counters': 3.0}, {'Max_spout': 1.0, 'Spliters': 1.0, 'Counters': 6.0}, {'Max_spout': 1.0, 'Spliters': 2.0, 'Counters': 12.0}
0.015938378064141112, 0.006037998432146252, 0.010017821857759901, 0.005399406329548717, 0.003361783712524935, 0.0015707897696076722, 0.002165341037543289, 0.003421972853229538, 0.004807791117257265, 0.012736609384221054, 0.003421972853229538, 0.0018937558904615903, 0.003421972853229538, 0.002165341037543289, 0.003421972853229538, 0.0018937558904615903, 0.0, 0.003421972853229538, 0.003361783712524935, 0.006037998432146252
0.026961803436279297, 0.0195920467376709, 0.019487619400024414, 0.0258333683013916, 0.021723508834838867, 0.024907350540161133, 0.023848533630371094, 0.024062395095825195, 0.022021055221557617, 0.024997949600219727, 0.027074337005615234, 0.02093219757080078, 0.02117609977722168, 0.019603967666625977, 0.02275252342224121, 0.01998734474182129, 0.02282428741455078, 0.02161884307861328, 0.024286270141601562, 0.01967453956604004