{'Max_spout': 1.0, 'Spliters': 6.0, 'Counters': 3.0}, {'Max_spout': 1.0, 'Spliters': 3.0, 'Counters': 6.0}, {'Max_spout': 1.0, 'Spliters': 6.0, 'Counters': 18.0}, {'Max_spout': 10.0, 'Spliters': 3.0, 'Counters': 1.0}, {'Max_spout': 1.0, 'Spliters': 6.0, 'Counters': 1.0}, {'Max_spout': 1.0, 'Spliters': 1.0, 'Counters': 18.0}, {'Max_spout': 1.0, 'Spliters': 1.0, 'Counters': 6.0}, {'Max_spout': 1.0, 'Spliters': 1.0, 'Counters': 3.0}, {'Max_spout': 1.0, 'Spliters': 1.0, 'Counters': 1.0}, {'Max_spout': 1.0, 'Spliters': 3.0, 'Counters': 15.0}, {'Max_spout': 1.0, 'Spliters': 1.0, 'Counters': 3.0}, {'Max_spout': 1.0, 'Spliters': 1.0, 'Counters': 9.0}, {'Max_spout': 1.0, 'Spliters': 2.0, 'Counters': 1.0}, {'Max_spout': 1.0, 'Spliters': 1.0, 'Counters': 15.0}, {'Max_spout': 1.0, 'Spliters': 1.0, 'Counters': 3.0}, {'Max_spout': 1.0, 'Spliters': 1.0, 'Counters': 9.0}, {'Max_spout': 1.0, 'Spliters': 6.0, 'Counters': 3.0}, {'Max_spout': 1.0, 'Spliters': 1.0, 'Counters': 3.0}, {'Max_spout': 1.0, 'Spliters': 3.0, 'Counters': 15.0}, {'Max_spout': 1.0, 'Spliters': 6.0, 'Counters': 1.0}
0.015938378064141112, 0.016110137319322426, 0.010017821857759901, 0.0605502755488222, 0.015315934267586262, 0.0015707897696076722, 0.003361783712524935, 0.003421972853229538, 0.004807791117257265, 0.012736609384221054, 0.003421972853229538, 0.0018937558904615903, 0.003421972853229538, 0.002165341037543289, 0.003421972853229538, 0.0018937558904615903, 0.015938378064141112, 0.003421972853229538, 0.012736609384221054, 0.015315934267586262
0.06235814094543457, 0.04332304000854492, 0.02080082893371582, 0.07968497276306152, 0.07951998710632324, 0.07243990898132324, 0.03194689750671387, 0.0364382266998291, 0.01883411407470703, 0.02007436752319336, 0.0654447078704834, 0.018662691116333008, 0.03532123565673828, 0.034444332122802734, 0.06698942184448242, 0.036853790283203125, 0.018398284912109375, 0.03392434120178223, 0.020282268524169922, 0.12965655326843262