{'Max_spout': 1.0, 'Spliters': 3.0, 'Counters': 6.0}, {'Max_spout': 1.0, 'Spliters': 2.0, 'Counters': 12.0}, {'Max_spout': 1.0, 'Spliters': 6.0, 'Counters': 12.0}, {'Max_spout': 1.0, 'Spliters': 2.0, 'Counters': 15.0}, {'Max_spout': 1.0, 'Spliters': 1.0, 'Counters': 6.0}, {'Max_spout': 1.0, 'Spliters': 1.0, 'Counters': 15.0}, {'Max_spout': 1.0, 'Spliters': 1.0, 'Counters': 15.0}, {'Max_spout': 1.0, 'Spliters': 1.0, 'Counters': 3.0}, {'Max_spout': 1.0, 'Spliters': 1.0, 'Counters': 1.0}, {'Max_spout': 1.0, 'Spliters': 3.0, 'Counters': 15.0}, {'Max_spout': 1.0, 'Spliters': 1.0, 'Counters': 3.0}, {'Max_spout': 1.0, 'Spliters': 1.0, 'Counters': 15.0}, {'Max_spout': 1.0, 'Spliters': 2.0, 'Counters': 1.0}, {'Max_spout': 1.0, 'Spliters': 1.0, 'Counters': 15.0}, {'Max_spout': 1.0, 'Spliters': 1.0, 'Counters': 3.0}, {'Max_spout': 1.0, 'Spliters': 1.0, 'Counters': 15.0}, {'Max_spout': 1.0, 'Spliters': 1.0, 'Counters': 12.0}, {'Max_spout': 1.0, 'Spliters': 2.0, 'Counters': 1.0}, {'Max_spout': 1.0, 'Spliters': 1.0, 'Counters': 6.0}, {'Max_spout': 1.0, 'Spliters': 2.0, 'Counters': 12.0}
0.012763030391275798, 0.004038446411506524, 0.010963888289174828, 0.003507908693956674, 0.0032401294043417073, 0.0, 0.0, 0.0019296845057882317, 0.0023531105074919845, 0.011732080126257927, 0.0019296845057882317, 0.0, 0.0019045801973868182, 0.0, 0.0019296845057882317, 0.0, 0.0008150532127657595, 0.0019045801973868182, 0.0032401294043417073, 0.004038446411506524
0.024904251098632812, 0.02759408950805664, 0.02447676658630371, 0.03564953804016113, 0.02929544448852539, 0.023169517517089844, 0.024391651153564453, 0.023259639739990234, 0.022119760513305664, 0.022455215454101562, 0.024707794189453125, 0.024839401245117188, 0.027407407760620117, 0.02415156364440918, 0.022938251495361328, 0.023267507553100586, 0.026663780212402344, 0.022724628448486328, 0.02333807945251465, 0.02592754364013672