{'Max_spout': 1.0, 'Spliters': 3.0, 'Counters': 6.0}, {'Max_spout': 1.0, 'Spliters': 2.0, 'Counters': 12.0}, {'Max_spout': 1.0, 'Spliters': 6.0, 'Counters': 12.0}, {'Max_spout': 1.0, 'Spliters': 2.0, 'Counters': 15.0}, {'Max_spout': 1.0, 'Spliters': 1.0, 'Counters': 6.0}, {'Max_spout': 1.0, 'Spliters': 1.0, 'Counters': 15.0}, {'Max_spout': 1.0, 'Spliters': 1.0, 'Counters': 15.0}, {'Max_spout': 1.0, 'Spliters': 1.0, 'Counters': 3.0}, {'Max_spout': 1.0, 'Spliters': 1.0, 'Counters': 1.0}, {'Max_spout': 1.0, 'Spliters': 3.0, 'Counters': 15.0}, {'Max_spout': 1.0, 'Spliters': 1.0, 'Counters': 3.0}, {'Max_spout': 1.0, 'Spliters': 1.0, 'Counters': 15.0}, {'Max_spout': 1.0, 'Spliters': 2.0, 'Counters': 1.0}, {'Max_spout': 1.0, 'Spliters': 1.0, 'Counters': 15.0}, {'Max_spout': 1.0, 'Spliters': 1.0, 'Counters': 3.0}, {'Max_spout': 1.0, 'Spliters': 1.0, 'Counters': 15.0}, {'Max_spout': 1.0, 'Spliters': 1.0, 'Counters': 12.0}, {'Max_spout': 1.0, 'Spliters': 2.0, 'Counters': 1.0}, {'Max_spout': 1.0, 'Spliters': 1.0, 'Counters': 6.0}, {'Max_spout': 1.0, 'Spliters': 2.0, 'Counters': 12.0}
0.012763030391275798, 0.004038446411506524, 0.010963888289174828, 0.003507908693956674, 0.0032401294043417073, 0.0, 0.0, 0.0019296845057882317, 0.0023531105074919845, 0.011732080126257927, 0.0019296845057882317, 0.0, 0.0019045801973868182, 0.0, 0.0019296845057882317, 0.0, 0.0008150532127657595, 0.0019045801973868182, 0.0032401294043417073, 0.004038446411506524
0.11052989959716797, 0.05151700973510742, 0.04376554489135742, 0.04291939735412598, 0.04032540321350098, 0.05087399482727051, 0.04433774948120117, 0.043134450912475586, 0.0406489372253418, 0.03854107856750488, 0.036325693130493164, 0.03507828712463379, 0.04240751266479492, 0.04387021064758301, 0.0395052433013916, 0.03951525688171387, 0.04478764533996582, 0.0382685661315918, 0.04130434989929199, 0.04353594779968262