{'Max_spout': 1.0, 'Spliters': 3.0, 'Counters': 6.0}, {'Max_spout': 1.0, 'Spliters': 2.0, 'Counters': 12.0}, {'Max_spout': 1.0, 'Spliters': 6.0, 'Counters': 12.0}, {'Max_spout': 1.0, 'Spliters': 2.0, 'Counters': 15.0}, {'Max_spout': 1.0, 'Spliters': 1.0, 'Counters': 6.0}, {'Max_spout': 1.0, 'Spliters': 1.0, 'Counters': 15.0}, {'Max_spout': 1.0, 'Spliters': 1.0, 'Counters': 15.0}, {'Max_spout': 1.0, 'Spliters': 1.0, 'Counters': 3.0}, {'Max_spout': 1.0, 'Spliters': 1.0, 'Counters': 1.0}, {'Max_spout': 1.0, 'Spliters': 3.0, 'Counters': 15.0}, {'Max_spout': 1.0, 'Spliters': 1.0, 'Counters': 3.0}, {'Max_spout': 1.0, 'Spliters': 1.0, 'Counters': 15.0}, {'Max_spout': 1.0, 'Spliters': 2.0, 'Counters': 1.0}, {'Max_spout': 1.0, 'Spliters': 1.0, 'Counters': 15.0}, {'Max_spout': 1.0, 'Spliters': 1.0, 'Counters': 3.0}, {'Max_spout': 1.0, 'Spliters': 1.0, 'Counters': 15.0}, {'Max_spout': 1.0, 'Spliters': 1.0, 'Counters': 12.0}, {'Max_spout': 1.0, 'Spliters': 2.0, 'Counters': 1.0}, {'Max_spout': 1.0, 'Spliters': 1.0, 'Counters': 6.0}, {'Max_spout': 1.0, 'Spliters': 2.0, 'Counters': 12.0}
0.012763030391275798, 0.004038446411506524, 0.010963888289174828, 0.003507908693956674, 0.0032401294043417073, 0.0, 0.0, 0.0019296845057882317, 0.0023531105074919845, 0.011732080126257927, 0.0019296845057882317, 0.0, 0.0019045801973868182, 0.0, 0.0019296845057882317, 0.0, 0.0008150532127657595, 0.0019045801973868182, 0.0032401294043417073, 0.004038446411506524
0.0382084846496582, 0.028820037841796875, 0.022951126098632812, 0.023877620697021484, 0.022726058959960938, 0.025422096252441406, 0.022152185440063477, 0.023644685745239258, 0.02683854103088379, 0.022530555725097656, 0.021757841110229492, 0.023433923721313477, 0.01875472068786621, 0.02128911018371582, 0.022287368774414062, 0.02131199836730957, 0.021105051040649414, 0.023485898971557617, 0.021041393280029297, 0.030178070068359375