{'Max_spout': 1.0, 'Spliters': 3.0, 'Counters': 6.0}, {'Max_spout': 1.0, 'Spliters': 2.0, 'Counters': 12.0}, {'Max_spout': 1.0, 'Spliters': 6.0, 'Counters': 12.0}, {'Max_spout': 1.0, 'Spliters': 2.0, 'Counters': 15.0}, {'Max_spout': 1.0, 'Spliters': 1.0, 'Counters': 6.0}, {'Max_spout': 1.0, 'Spliters': 1.0, 'Counters': 15.0}, {'Max_spout': 1.0, 'Spliters': 1.0, 'Counters': 15.0}, {'Max_spout': 1.0, 'Spliters': 1.0, 'Counters': 3.0}, {'Max_spout': 1.0, 'Spliters': 1.0, 'Counters': 1.0}, {'Max_spout': 1.0, 'Spliters': 3.0, 'Counters': 15.0}, {'Max_spout': 1.0, 'Spliters': 1.0, 'Counters': 3.0}, {'Max_spout': 1.0, 'Spliters': 1.0, 'Counters': 15.0}, {'Max_spout': 1.0, 'Spliters': 2.0, 'Counters': 1.0}, {'Max_spout': 1.0, 'Spliters': 1.0, 'Counters': 15.0}, {'Max_spout': 1.0, 'Spliters': 1.0, 'Counters': 3.0}, {'Max_spout': 1.0, 'Spliters': 1.0, 'Counters': 15.0}, {'Max_spout': 1.0, 'Spliters': 1.0, 'Counters': 12.0}, {'Max_spout': 1.0, 'Spliters': 2.0, 'Counters': 1.0}, {'Max_spout': 1.0, 'Spliters': 1.0, 'Counters': 6.0}, {'Max_spout': 1.0, 'Spliters': 2.0, 'Counters': 12.0}
0.012763030391275798, 0.004038446411506524, 0.010963888289174828, 0.003507908693956674, 0.0032401294043417073, 0.0, 0.0, 0.0019296845057882317, 0.0023531105074919845, 0.011732080126257927, 0.0019296845057882317, 0.0, 0.0019045801973868182, 0.0, 0.0019296845057882317, 0.0, 0.0008150532127657595, 0.0019045801973868182, 0.0032401294043417073, 0.004038446411506524
0.023765087127685547, 0.020626544952392578, 0.021487712860107422, 0.02108907699584961, 0.022064208984375, 0.022052288055419922, 0.01932048797607422, 0.019469738006591797, 0.0210723876953125, 0.02208566665649414, 0.020861148834228516, 0.021707534790039062, 0.027110815048217773, 0.02099609375, 0.021310806274414062, 0.02072882652282715, 0.019073963165283203, 0.019341230392456055, 0.020135164260864258, 0.023621320724487305