{'Max_spout': 1, 'Spliters': 6, 'Counters': 18}, {'Max_spout': 1, 'Spliters': 1, 'Counters': 3}, {'Max_spout': 1, 'Spliters': 6, 'Counters': 12}, {'Max_spout': 1, 'Spliters': 2, 'Counters': 1}, {'Max_spout': 1, 'Spliters': 1, 'Counters': 1}, {'Max_spout': 1, 'Spliters': 1, 'Counters': 18}, {'Max_spout': 1, 'Spliters': 1, 'Counters': 3}, {'Max_spout': 1, 'Spliters': 2, 'Counters': 1}, {'Max_spout': 1, 'Spliters': 1, 'Counters': 18}, {'Max_spout': 1, 'Spliters': 6, 'Counters': 18}, {'Max_spout': 1, 'Spliters': 2, 'Counters': 1}, {'Max_spout': 1, 'Spliters': 2, 'Counters': 1}, {'Max_spout': 1, 'Spliters': 1, 'Counters': 18}, {'Max_spout': 1, 'Spliters': 1, 'Counters': 18}, {'Max_spout': 1, 'Spliters': 2, 'Counters': 1}, {'Max_spout': 1, 'Spliters': 1, 'Counters': 1}, {'Max_spout': 1, 'Spliters': 1, 'Counters': 18}, {'Max_spout': 1, 'Spliters': 2, 'Counters': 1}, {'Max_spout': 1, 'Spliters': 1, 'Counters': 1}, {'Max_spout': 1, 'Spliters': 2, 'Counters': 1}
0.01203333182707483, 0.0019296845057882198, 0.010963888289174847, 0.001904580197386812, 0.0023531105074919532, 0.0019564624347497123, 0.0019296845057882198, 0.001904580197386812, 0.0019564624347497123, 0.01203333182707483, 0.001904580197386812, 0.001904580197386812, 0.0019564624347497123, 0.0019564624347497123, 0.001904580197386812, 0.0023531105074919532, 0.0019564624347497123, 0.001904580197386812, 0.0023531105074919532, 0.001904580197386812
0.10358095169067383, 0.08629536628723145, 0.09161734580993652, 0.10410070419311523, 0.08633828163146973, 0.08562970161437988, 0.07864832878112793, 0.08206820487976074, 0.08704876899719238, 0.07661199569702148, 0.1233370304107666, 0.10077691078186035, 0.09024190902709961, 0.0788884162902832, 0.07853078842163086, 0.07331013679504395, 0.07148218154907227, 0.07567977905273438, 0.06987404823303223, 0.07240843772888184