{'Max_spout': 100.0, 'Spliters': 6.0, 'Counters': 1.0}, {'Max_spout': 100.0, 'Spliters': 1.0, 'Counters': 1.0}, {'Max_spout': 1.0, 'Spliters': 6.0, 'Counters': 12.0}, {'Max_spout': 10.0, 'Spliters': 3.0, 'Counters': 1.0}, {'Max_spout': 1.0, 'Spliters': 6.0, 'Counters': 1.0}, {'Max_spout': 1.0, 'Spliters': 1.0, 'Counters': 15.0}, {'Max_spout': 1.0, 'Spliters': 3.0, 'Counters': 1.0}, {'Max_spout': 1.0, 'Spliters': 1.0, 'Counters': 1.0}, {'Max_spout': 1.0, 'Spliters': 1.0, 'Counters': 1.0}, {'Max_spout': 1.0, 'Spliters': 3.0, 'Counters': 15.0}, {'Max_spout': 1.0, 'Spliters': 1.0, 'Counters': 3.0}, {'Max_spout': 1.0, 'Spliters': 2.0, 'Counters': 1.0}, {'Max_spout': 1000.0, 'Spliters': 3.0, 'Counters': 1.0}, {'Max_spout': 1.0, 'Spliters': 1.0, 'Counters': 6.0}, {'Max_spout': 1.0, 'Spliters': 1.0, 'Counters': 3.0}, {'Max_spout': 1.0, 'Spliters': 1.0, 'Counters': 9.0}, {'Max_spout': 1.0, 'Spliters': 6.0, 'Counters': 3.0}, {'Max_spout': 1.0, 'Spliters': 1.0, 'Counters': 3.0}, {'Max_spout': 1.0, 'Spliters': 3.0, 'Counters': 15.0}, {'Max_spout': 10.0, 'Spliters': 1.0, 'Counters': 18.0}
0.0778819327639676, 0.07726771401841315, 0.010963888289174828, 0.05419350735639916, 0.014498574912093054, 0.0, 0.014838319885792095, 0.0023531105074919845, 0.0023531105074919845, 0.011732080126257927, 0.0019296845057882317, 0.0019045801973868182, 0.06796907818653175, 0.0032401294043417073, 0.0019296845057882317, 0.0012736252462314246, 0.01451196387657383, 0.0019296845057882317, 0.011732080126257927, 0.16124832010336276
0.05188393592834473, 0.032674551010131836, 0.03198575973510742, 0.02698540687561035, 0.03869771957397461, 0.03440260887145996, 0.020446062088012695, 0.043027400970458984, 0.0237729549407959, 0.019306182861328125, 0.030836105346679688, 0.027412891387939453, 0.0505979061126709, 0.01998138427734375, 0.02141284942626953, 0.020495891571044922, 0.024129390716552734, 0.04827594757080078, 0.021982192993164062, 0.019536495208740234