{'Max_spout': 1, 'Spliters': 6, 'Counters': 18}, {'Max_spout': 1, 'Spliters': 1, 'Counters': 18}, {'Max_spout': 1, 'Spliters': 6, 'Counters': 12}, {'Max_spout': 1, 'Spliters': 1, 'Counters': 1}, {'Max_spout': 1, 'Spliters': 1, 'Counters': 1}, {'Max_spout': 1, 'Spliters': 1, 'Counters': 18}, {'Max_spout': 1, 'Spliters': 1, 'Counters': 18}, {'Max_spout': 1, 'Spliters': 1, 'Counters': 1}, {'Max_spout': 1, 'Spliters': 1, 'Counters': 18}, {'Max_spout': 1, 'Spliters': 1, 'Counters': 1}, {'Max_spout': 1, 'Spliters': 1, 'Counters': 3}, {'Max_spout': 1, 'Spliters': 1, 'Counters': 18}, {'Max_spout': 1, 'Spliters': 1, 'Counters': 18}, {'Max_spout': 1, 'Spliters': 1, 'Counters': 6}, {'Max_spout': 1, 'Spliters': 1, 'Counters': 3}, {'Max_spout': 1, 'Spliters': 1, 'Counters': 1}, {'Max_spout': 1, 'Spliters': 1, 'Counters': 18}, {'Max_spout': 1, 'Spliters': 1, 'Counters': 1}, {'Max_spout': 1, 'Spliters': 1, 'Counters': 1}, {'Max_spout': 1, 'Spliters': 6, 'Counters': 18}
0.011702457855632514, 0.0, 0.014659191578239477, 0.004705878549212082, 0.004705878549212082, 0.0, 0.0, 0.004705878549212082, 0.0, 0.004705878549212082, 0.0031668897553783866, 0.0, 0.0, 0.0020255808389428856, 0.0031668897553783866, 0.004705878549212082, 0.0, 0.004705878549212082, 0.004705878549212082, 0.011702457855632514
0.03246116638183594, 0.05055952072143555, 0.07331562042236328, 0.07224583625793457, 0.05574178695678711, 0.05597376823425293, 0.07813024520874023, 0.05721855163574219, 0.09328770637512207, 0.07645201683044434, 0.059262752532958984, 0.0673365592956543, 0.07970499992370605, 0.05799102783203125, 0.07126641273498535, 0.07970285415649414, 0.0595250129699707, 0.06674981117248535, 0.08596205711364746, 0.06400728225708008