{'Max_spout': 1.0, 'Spliters': 3.0, 'Counters': 6.0}, {'Max_spout': 1.0, 'Spliters': 2.0, 'Counters': 12.0}, {'Max_spout': 1.0, 'Spliters': 6.0, 'Counters': 18.0}, {'Max_spout': 1.0, 'Spliters': 2.0, 'Counters': 15.0}, {'Max_spout': 1.0, 'Spliters': 1.0, 'Counters': 6.0}, {'Max_spout': 1.0, 'Spliters': 1.0, 'Counters': 18.0}, {'Max_spout': 1.0, 'Spliters': 1.0, 'Counters': 6.0}, {'Max_spout': 1.0, 'Spliters': 1.0, 'Counters': 3.0}, {'Max_spout': 1.0, 'Spliters': 1.0, 'Counters': 1.0}, {'Max_spout': 1.0, 'Spliters': 3.0, 'Counters': 15.0}, {'Max_spout': 1.0, 'Spliters': 1.0, 'Counters': 3.0}, {'Max_spout': 1.0, 'Spliters': 1.0, 'Counters': 6.0}, {'Max_spout': 1.0, 'Spliters': 2.0, 'Counters': 1.0}, {'Max_spout': 1.0, 'Spliters': 1.0, 'Counters': 6.0}, {'Max_spout': 1.0, 'Spliters': 1.0, 'Counters': 3.0}, {'Max_spout': 1.0, 'Spliters': 1.0, 'Counters': 9.0}, {'Max_spout': 1.0, 'Spliters': 1.0, 'Counters': 18.0}, {'Max_spout': 1.0, 'Spliters': 1.0, 'Counters': 3.0}, {'Max_spout': 1.0, 'Spliters': 1.0, 'Counters': 6.0}, {'Max_spout': 1.0, 'Spliters': 2.0, 'Counters': 12.0}
0.014104702968696481, 0.005236118385743005, 0.011702457855632509, 0.005286232516634626, 0.0020255808389428864, 0.0, 0.0020255808389428864, 0.003166889755378377, 0.004705878549212117, 0.012987642825273094, 0.003166889755378377, 0.0020255808389428864, 0.005342812986996237, 0.0020255808389428864, 0.003166889755378377, 0.003115159039619231, 0.0, 0.003166889755378377, 0.0020255808389428864, 0.005236118385743005
0.0269320011138916, 0.022806882858276367, 0.01974773406982422, 0.016613245010375977, 0.020363330841064453, 0.023434162139892578, 0.019672870635986328, 0.017011165618896484, 0.016435861587524414, 0.02069401741027832, 0.02729630470275879, 0.02224898338317871, 0.018427610397338867, 0.016857385635375977, 0.02019786834716797, 0.01982712745666504, 0.016495943069458008, 0.019306659698486328, 0.030070781707763672, 0.021292924880981445