{'Max_spout': 1.0, 'Spliters': 3.0, 'Counters': 6.0}, {'Max_spout': 1.0, 'Spliters': 2.0, 'Counters': 12.0}, {'Max_spout': 1.0, 'Spliters': 6.0, 'Counters': 18.0}, {'Max_spout': 1.0, 'Spliters': 2.0, 'Counters': 15.0}, {'Max_spout': 1.0, 'Spliters': 1.0, 'Counters': 6.0}, {'Max_spout': 1.0, 'Spliters': 1.0, 'Counters': 18.0}, {'Max_spout': 1.0, 'Spliters': 1.0, 'Counters': 6.0}, {'Max_spout': 1.0, 'Spliters': 1.0, 'Counters': 3.0}, {'Max_spout': 1.0, 'Spliters': 1.0, 'Counters': 1.0}, {'Max_spout': 1.0, 'Spliters': 3.0, 'Counters': 15.0}, {'Max_spout': 1.0, 'Spliters': 1.0, 'Counters': 3.0}, {'Max_spout': 1.0, 'Spliters': 1.0, 'Counters': 6.0}, {'Max_spout': 1.0, 'Spliters': 2.0, 'Counters': 1.0}, {'Max_spout': 1.0, 'Spliters': 1.0, 'Counters': 6.0}, {'Max_spout': 1.0, 'Spliters': 1.0, 'Counters': 3.0}, {'Max_spout': 1.0, 'Spliters': 1.0, 'Counters': 9.0}, {'Max_spout': 1.0, 'Spliters': 1.0, 'Counters': 18.0}, {'Max_spout': 1.0, 'Spliters': 1.0, 'Counters': 3.0}, {'Max_spout': 1.0, 'Spliters': 1.0, 'Counters': 6.0}, {'Max_spout': 1.0, 'Spliters': 2.0, 'Counters': 12.0}
0.014104702968696481, 0.005236118385743005, 0.011702457855632509, 0.005286232516634626, 0.0020255808389428864, 0.0, 0.0020255808389428864, 0.003166889755378377, 0.004705878549212117, 0.012987642825273094, 0.003166889755378377, 0.0020255808389428864, 0.005342812986996237, 0.0020255808389428864, 0.003166889755378377, 0.003115159039619231, 0.0, 0.003166889755378377, 0.0020255808389428864, 0.005236118385743005
0.04686570167541504, 0.044025421142578125, 0.039000749588012695, 0.04800105094909668, 0.04697585105895996, 0.05457448959350586, 0.0532832145690918, 0.05493927001953125, 0.05003666877746582, 0.05390119552612305, 0.05523228645324707, 0.05275249481201172, 0.05198860168457031, 0.0545346736907959, 0.054018497467041016, 0.05296778678894043, 0.048725128173828125, 0.04861736297607422, 0.04195356369018555, 0.04819846153259277