{'Max_spout': 1, 'Spliters': 1, 'Counters': 1}, {'Max_spout': 1, 'Spliters': 1, 'Counters': 18}, {'Max_spout': 1, 'Spliters': 1, 'Counters': 1}, {'Max_spout': 1, 'Spliters': 1, 'Counters': 1}, {'Max_spout': 1, 'Spliters': 1, 'Counters': 18}, {'Max_spout': 1, 'Spliters': 1, 'Counters': 18}, {'Max_spout': 1, 'Spliters': 1, 'Counters': 18}, {'Max_spout': 1, 'Spliters': 1, 'Counters': 1}, {'Max_spout': 1, 'Spliters': 1, 'Counters': 18}, {'Max_spout': 1, 'Spliters': 1, 'Counters': 1}, {'Max_spout': 1, 'Spliters': 1, 'Counters': 3}, {'Max_spout': 1, 'Spliters': 1, 'Counters': 18}, {'Max_spout': 1, 'Spliters': 1, 'Counters': 18}, {'Max_spout': 1, 'Spliters': 1, 'Counters': 18}, {'Max_spout': 1, 'Spliters': 1, 'Counters': 3}, {'Max_spout': 1, 'Spliters': 1, 'Counters': 3}, {'Max_spout': 1, 'Spliters': 1, 'Counters': 18}, {'Max_spout': 1, 'Spliters': 1, 'Counters': 1}, {'Max_spout': 1, 'Spliters': 1, 'Counters': 1}, {'Max_spout': 1, 'Spliters': 6, 'Counters': 18}
0.004705878549212082, 0.0, 0.004705878549212082, 0.004705878549212082, 0.0, 0.0, 0.0, 0.004705878549212082, 0.0, 0.004705878549212082, 0.0031668897553783866, 0.0, 0.0, 0.0, 0.0031668897553783866, 0.0031668897553783866, 0.0, 0.004705878549212082, 0.004705878549212082, 0.011702457855632514
0.05509614944458008, 0.05633902549743652, 0.08794260025024414, 0.07006502151489258, 0.058945417404174805, 0.05398225784301758, 0.0644378662109375, 0.057908058166503906, 0.08559966087341309, 0.08367323875427246, 0.06301093101501465, 0.08318209648132324, 0.1019124984741211, 0.07373189926147461, 0.07749533653259277, 0.0619809627532959, 0.053621768951416016, 0.05909609794616699, 0.08577299118041992, 0.0658118724822998