{'Max_spout': 1.0, 'Spliters': 6.0, 'Counters': 3.0}, {'Max_spout': 1.0, 'Spliters': 3.0, 'Counters': 6.0}, {'Max_spout': 1.0, 'Spliters': 6.0, 'Counters': 18.0}, {'Max_spout': 10.0, 'Spliters': 3.0, 'Counters': 1.0}, {'Max_spout': 1.0, 'Spliters': 6.0, 'Counters': 1.0}, {'Max_spout': 1.0, 'Spliters': 1.0, 'Counters': 18.0}, {'Max_spout': 1.0, 'Spliters': 1.0, 'Counters': 6.0}, {'Max_spout': 1.0, 'Spliters': 1.0, 'Counters': 3.0}, {'Max_spout': 1.0, 'Spliters': 1.0, 'Counters': 1.0}, {'Max_spout': 1.0, 'Spliters': 3.0, 'Counters': 15.0}, {'Max_spout': 1.0, 'Spliters': 1.0, 'Counters': 3.0}, {'Max_spout': 1.0, 'Spliters': 1.0, 'Counters': 6.0}, {'Max_spout': 1.0, 'Spliters': 2.0, 'Counters': 1.0}, {'Max_spout': 1.0, 'Spliters': 1.0, 'Counters': 6.0}, {'Max_spout': 1.0, 'Spliters': 1.0, 'Counters': 3.0}, {'Max_spout': 1.0, 'Spliters': 1.0, 'Counters': 9.0}, {'Max_spout': 1.0, 'Spliters': 3.0, 'Counters': 3.0}, {'Max_spout': 1.0, 'Spliters': 1.0, 'Counters': 3.0}, {'Max_spout': 1.0, 'Spliters': 3.0, 'Counters': 15.0}, {'Max_spout': 1.0, 'Spliters': 6.0, 'Counters': 1.0}
0.019185629207162158, 0.014104702968696481, 0.011702457855632509, 0.06878891928068442, 0.01519589775424035, 0.0, 0.0020255808389428864, 0.003166889755378377, 0.004705878549212117, 0.012987642825273094, 0.003166889755378377, 0.0020255808389428864, 0.005342812986996237, 0.0020255808389428864, 0.003166889755378377, 0.003115159039619231, 0.017691904789617685, 0.003166889755378377, 0.012987642825273094, 0.01519589775424035
0.023394107818603516, 0.026907682418823242, 0.02613520622253418, 0.04672694206237793, 0.0578155517578125, 0.04583477973937988, 0.024372100830078125, 0.0233304500579834, 0.024865388870239258, 0.057828426361083984, 0.023334503173828125, 0.03078293800354004, 0.06716680526733398, 0.026905059814453125, 0.02832508087158203, 0.02491307258605957, 0.0372927188873291, 0.047577619552612305, 0.05376410484313965, 0.024632930755615234