{'Max_spout': 1.0, 'Spliters': 3.0, 'Counters': 6.0}, {'Max_spout': 1.0, 'Spliters': 2.0, 'Counters': 12.0}, {'Max_spout': 1.0, 'Spliters': 6.0, 'Counters': 18.0}, {'Max_spout': 1.0, 'Spliters': 2.0, 'Counters': 15.0}, {'Max_spout': 1.0, 'Spliters': 1.0, 'Counters': 6.0}, {'Max_spout': 1.0, 'Spliters': 1.0, 'Counters': 18.0}, {'Max_spout': 1.0, 'Spliters': 1.0, 'Counters': 6.0}, {'Max_spout': 1.0, 'Spliters': 1.0, 'Counters': 3.0}, {'Max_spout': 1.0, 'Spliters': 1.0, 'Counters': 1.0}, {'Max_spout': 1.0, 'Spliters': 3.0, 'Counters': 15.0}, {'Max_spout': 1.0, 'Spliters': 1.0, 'Counters': 3.0}, {'Max_spout': 1.0, 'Spliters': 1.0, 'Counters': 6.0}, {'Max_spout': 1.0, 'Spliters': 2.0, 'Counters': 1.0}, {'Max_spout': 1.0, 'Spliters': 1.0, 'Counters': 6.0}, {'Max_spout': 1.0, 'Spliters': 1.0, 'Counters': 3.0}, {'Max_spout': 1.0, 'Spliters': 1.0, 'Counters': 9.0}, {'Max_spout': 1.0, 'Spliters': 1.0, 'Counters': 18.0}, {'Max_spout': 1.0, 'Spliters': 1.0, 'Counters': 3.0}, {'Max_spout': 1.0, 'Spliters': 1.0, 'Counters': 6.0}, {'Max_spout': 1.0, 'Spliters': 2.0, 'Counters': 12.0}
0.014104702968696481, 0.005236118385743005, 0.011702457855632509, 0.005286232516634626, 0.0020255808389428864, 0.0, 0.0020255808389428864, 0.003166889755378377, 0.004705878549212117, 0.012987642825273094, 0.003166889755378377, 0.0020255808389428864, 0.005342812986996237, 0.0020255808389428864, 0.003166889755378377, 0.003115159039619231, 0.0, 0.003166889755378377, 0.0020255808389428864, 0.005236118385743005
0.026213884353637695, 0.030041933059692383, 0.0263211727142334, 0.029549360275268555, 0.02822089195251465, 0.028809309005737305, 0.029347658157348633, 0.026494979858398438, 0.0206601619720459, 0.02120685577392578, 0.01965808868408203, 0.028860807418823242, 0.025879621505737305, 0.02799201011657715, 0.02959156036376953, 0.02300739288330078, 0.03300809860229492, 0.027141571044921875, 0.021586894989013672, 0.024053335189819336