{'Max_spout': 1.0, 'Spliters': 3.0, 'Counters': 6.0}, {'Max_spout': 1.0, 'Spliters': 2.0, 'Counters': 12.0}, {'Max_spout': 1.0, 'Spliters': 6.0, 'Counters': 18.0}, {'Max_spout': 1.0, 'Spliters': 2.0, 'Counters': 15.0}, {'Max_spout': 1.0, 'Spliters': 1.0, 'Counters': 6.0}, {'Max_spout': 1.0, 'Spliters': 1.0, 'Counters': 18.0}, {'Max_spout': 1.0, 'Spliters': 1.0, 'Counters': 6.0}, {'Max_spout': 1.0, 'Spliters': 1.0, 'Counters': 3.0}, {'Max_spout': 1.0, 'Spliters': 1.0, 'Counters': 1.0}, {'Max_spout': 1.0, 'Spliters': 3.0, 'Counters': 15.0}, {'Max_spout': 1.0, 'Spliters': 1.0, 'Counters': 3.0}, {'Max_spout': 1.0, 'Spliters': 1.0, 'Counters': 6.0}, {'Max_spout': 1.0, 'Spliters': 2.0, 'Counters': 1.0}, {'Max_spout': 1.0, 'Spliters': 1.0, 'Counters': 6.0}, {'Max_spout': 1.0, 'Spliters': 1.0, 'Counters': 3.0}, {'Max_spout': 1.0, 'Spliters': 1.0, 'Counters': 9.0}, {'Max_spout': 1.0, 'Spliters': 1.0, 'Counters': 18.0}, {'Max_spout': 1.0, 'Spliters': 1.0, 'Counters': 3.0}, {'Max_spout': 1.0, 'Spliters': 1.0, 'Counters': 6.0}, {'Max_spout': 1.0, 'Spliters': 2.0, 'Counters': 12.0}
0.014104702968696481, 0.005236118385743005, 0.011702457855632509, 0.005286232516634626, 0.0020255808389428864, 0.0, 0.0020255808389428864, 0.003166889755378377, 0.004705878549212117, 0.012987642825273094, 0.003166889755378377, 0.0020255808389428864, 0.005342812986996237, 0.0020255808389428864, 0.003166889755378377, 0.003115159039619231, 0.0, 0.003166889755378377, 0.0020255808389428864, 0.005236118385743005
0.04819226264953613, 0.03289389610290527, 0.027743101119995117, 0.029234647750854492, 0.021775007247924805, 0.023006439208984375, 0.022677183151245117, 0.03423166275024414, 0.024184465408325195, 0.03670787811279297, 0.025683879852294922, 0.020125865936279297, 0.026494264602661133, 0.021720409393310547, 0.025361299514770508, 0.02222156524658203, 0.0210568904876709, 0.03827667236328125, 0.04166531562805176, 0.02837204933166504