{
  "incumbent_ids": [
    22
  ],
  "rejected_config_ids": [
    1,
    3,
    4,
    2,
    6,
    7,
    8,
    9,
    10,
    11,
    12,
    13,
    14,
    15,
    16,
    17,
    18,
    19,
    20,
    21,
    5,
    23,
    24,
    25,
    26,
    27,
    28,
    29,
    30,
    31,
    32,
    33,
    34,
    35,
    36,
    37,
    38,
    39,
    40,
    41,
    42,
    43,
    44,
    45,
    46,
    47,
    48,
    49,
    50
  ],
  "incumbents_changed": 4,
  "trajectory": [
    {
      "config_ids": [
        1
      ],
      "costs": [
        0.3117131509447977
      ],
      "trial": 1,
      "walltime": 0.02135920524597168
    },
    {
      "config_ids": [
        2
      ],
      "costs": [
        0.30659826273607804
      ],
      "trial": 2,
      "walltime": 0.04091453552246094
    },
    {
      "config_ids": [
        5
      ],
      "costs": [
        0.2099105767296967
      ],
      "trial": 5,
      "walltime": 0.10802602767944336
    },
    {
      "config_ids": [
        22
      ],
      "costs": [
        0.17999087313473017
      ],
      "trial": 22,
      "walltime": 7.984915018081665
    }
  ],
  "state": {
    "queue": [
      [
        50,
        1
      ]
    ]
  }
}