{
  "incumbent_ids": [
    10
  ],
  "rejected_config_ids": [
    2,
    3,
    1,
    4,
    6,
    7,
    8,
    9,
    5,
    11,
    12,
    13,
    14,
    15,
    16,
    17,
    18,
    19,
    20
  ],
  "incumbents_changed": 4,
  "trajectory": [
    {
      "config_ids": [
        1
      ],
      "costs": [
        0.8593920271757834
      ],
      "trial": 1,
      "walltime": 2.360919952392578
    },
    {
      "config_ids": [
        4
      ],
      "costs": [
        0.8591816573464153
      ],
      "trial": 4,
      "walltime": 9.010198593139648
    },
    {
      "config_ids": [
        5
      ],
      "costs": [
        0.8591279779777684
      ],
      "trial": 5,
      "walltime": 11.26300573348999
    },
    {
      "config_ids": [
        10
      ],
      "costs": [
        0.5773502691896257
      ],
      "trial": 10,
      "walltime": 22.84322714805603
    }
  ],
  "state": {
    "queue": []
  }
}