{
  "stats": {
    "submitted": 20,
    "finished": 20,
    "running": 0
  },
  "data": [
    [
      1,
      null,
      1872583848,
      null,
      0.8593920271757834,
      2.3220977783203125,
      1,
      1763068938.8538406,
      1763068941.2093394,
      {}
    ],
    [
      2,
      null,
      1872583848,
      null,
      0.8797858997752667,
      2.2052900791168213,
      1,
      1763068941.2151701,
      1763068943.462133,
      {}
    ],
    [
      3,
      null,
      1872583848,
      null,
      0.8597679428470981,
      2.1946005821228027,
      1,
      1763068943.4651835,
      1763068945.6921027,
      {}
    ],
    [
      4,
      null,
      1872583848,
      null,
      0.8591816573464153,
      2.132777452468872,
      1,
      1763068945.6953485,
      1763068947.8610613,
      {}
    ],
    [
      5,
      null,
      1872583848,
      null,
      0.8591279779777684,
      2.2165417671203613,
      1,
      1763068947.8649166,
      1763068950.1138754,
      {}
    ],
    [
      6,
      null,
      1872583848,
      null,
      0.8595025039051107,
      2.267026901245117,
      1,
      1763068950.1177857,
      1763068952.4183807,
      {}
    ],
    [
      7,
      null,
      1872583848,
      null,
      0.8814376442662338,
      2.355963945388794,
      1,
      1763068952.4218779,
      1763068954.8110328,
      {}
    ],
    [
      8,
      null,
      1872583848,
      null,
      0.8592375532954389,
      2.3726742267608643,
      1,
      1763068954.8145058,
      1763068957.2192235,
      {}
    ],
    [
      9,
      null,
      1872583848,
      null,
      0.8593518010356388,
      2.2590644359588623,
      1,
      1763068957.222938,
      1763068959.5159912,
      {}
    ],
    [
      10,
      null,
      1872583848,
      null,
      0.5773502691896257,
      2.142899990081787,
      1,
      1763068959.5192935,
      1763068961.6941621,
      {}
    ],
    [
      11,
      null,
      1872583848,
      null,
      0.8591013456545059,
      2.1719963550567627,
      1,
      1763068961.6993015,
      1763068963.9082139,
      {}
    ],
    [
      12,
      null,
      1872583848,
      null,
      0.8785163676982433,
      2.3559343814849854,
      1,
      1763068963.9118838,
      1763068966.3031292,
      {}
    ],
    [
      13,
      null,
      1872583848,
      null,
      0.8593536451280589,
      2.287637233734131,
      1,
      1763068966.309389,
      1763068968.6305509,
      {}
    ],
    [
      14,
      null,
      1872583848,
      null,
      0.8599135836197402,
      2.1804730892181396,
      1,
      1763068968.6344824,
      1763068970.8496761,
      {}
    ],
    [
      15,
      null,
      1872583848,
      null,
      0.882187384229695,
      2.249354839324951,
      1,
      1763068970.8533318,
      1763068973.1349666,
      {}
    ],
    [
      16,
      null,
      1872583848,
      null,
      0.8835924580918281,
      2.105438709259033,
      1,
      1763068973.1386476,
      1763068975.2764852,
      {}
    ],
    [
      17,
      null,
      1872583848,
      null,
      0.8590813248713272,
      2.2059106826782227,
      1,
      1763068975.2802184,
      1763068977.517253,
      {}
    ],
    [
      18,
      null,
      1872583848,
      null,
      0.8593920271757834,
      2.160982608795166,
      1,
      1763068977.521743,
      1763068979.7218895,
      {}
    ],
    [
      19,
      null,
      1872583848,
      null,
      0.858976166082572,
      2.122606039047241,
      1,
      1763068979.726137,
      1763068981.8801756,
      {}
    ],
    [
      20,
      null,
      1872583848,
      null,
      0.8804005379032998,
      2.1881465911865234,
      1,
      1763068981.8844304,
      1763068984.1063142,
      {}
    ]
  ],
  "configs": {
    "1": {
      "row_id": "6927"
    },
    "2": {
      "row_id": "1014"
    },
    "3": {
      "row_id": "3017"
    },
    "4": {
      "row_id": "8981"
    },
    "5": {
      "row_id": "8036"
    },
    "6": {
      "row_id": "3948"
    },
    "7": {
      "row_id": "1940"
    },
    "8": {
      "row_id": "5976"
    },
    "9": {
      "row_id": "5013"
    },
    "10": {
      "row_id": "1600"
    },
    "11": {
      "row_id": "4853"
    },
    "12": {
      "row_id": "8317"
    },
    "13": {
      "row_id": "9872"
    },
    "14": {
      "row_id": "3284"
    },
    "15": {
      "row_id": "26"
    },
    "16": {
      "row_id": "6562"
    },
    "17": {
      "row_id": "6484"
    },
    "18": {
      "row_id": "573"
    },
    "19": {
      "row_id": "3519"
    },
    "20": {
      "row_id": "9481"
    }
  },
  "config_origins": {
    "1": "Initial Design: Sobol",
    "2": "Initial Design: Sobol",
    "3": "Initial Design: Sobol",
    "4": "Initial Design: Sobol",
    "5": "Initial Design: Sobol",
    "6": "Initial Design: Sobol",
    "7": "Initial Design: Sobol",
    "8": "Initial Design: Sobol",
    "9": "Initial Design: Sobol",
    "10": "Initial Design: Sobol",
    "11": "Initial Design: Sobol",
    "12": "Initial Design: Sobol",
    "13": "Initial Design: Sobol",
    "14": "Initial Design: Sobol",
    "15": "Initial Design: Sobol",
    "16": "Initial Design: Sobol",
    "17": "Initial Design: Sobol",
    "18": "Initial Design: Sobol",
    "19": "Initial Design: Sobol",
    "20": "Initial Design: Sobol"
  }
}