{
  "incumbent_ids": [
    16
  ],
  "rejected_config_ids": [
    2,
    1,
    4,
    5,
    6,
    7,
    8,
    9,
    10,
    11,
    12,
    13,
    14,
    15,
    3,
    17,
    18,
    19,
    20,
    21,
    22,
    23,
    24
  ],
  "incumbents_changed": 3,
  "trajectory": [
    {
      "config_ids": [
        1
      ],
      "costs": [
        0.5025731687426844
      ],
      "trial": 1,
      "walltime": 0.009191274642944336
    },
    {
      "config_ids": [
        3
      ],
      "costs": [
        0.3617608030530751
      ],
      "trial": 3,
      "walltime": 1.3169951438903809
    },
    {
      "config_ids": [
        16
      ],
      "costs": [
        0.2692910386465903
      ],
      "trial": 16,
      "walltime": 2.8284313678741455
    }
  ],
  "state": {
    "queue": [
      [
        24,
        1
      ]
    ]
  }
}