{
  "stats": {
    "submitted": 24,
    "finished": 24,
    "running": 0
  },
  "data": [
    [
      1,
      null,
      44556670,
      null,
      0.11724955970488982,
      0.002077341079711914,
      1,
      1763449885.3024745,
      1763449885.3059509,
      {}
    ],
    [
      2,
      null,
      44556670,
      null,
      0.5152810331550481,
      0.0009360313415527344,
      1,
      1763449885.3142774,
      1763449885.3171966,
      {}
    ],
    [
      3,
      null,
      44556670,
      null,
      0.47120412824008684,
      0.0007786750793457031,
      1,
      1763449885.3256946,
      1763449885.3277228,
      {}
    ],
    [
      4,
      null,
      44556670,
      null,
      0.131200755037292,
      0.0017066001892089844,
      1,
      1763449887.388561,
      1763449887.3918195,
      {}
    ],
    [
      5,
      null,
      44556670,
      null,
      0.11724955970488982,
      0.00044035911560058594,
      1,
      1763449887.3985875,
      1763449887.4005244,
      {}
    ],
    [
      6,
      null,
      44556670,
      null,
      0.12324724807406473,
      0.0009615421295166016,
      1,
      1763449887.407343,
      1763449887.4095368,
      {}
    ],
    [
      7,
      null,
      44556670,
      null,
      0.4774283556077181,
      0.0010716915130615234,
      1,
      1763449887.4162295,
      1763449887.418902,
      {}
    ],
    [
      8,
      null,
      44556670,
      null,
      0.11947133191933557,
      0.0018091201782226562,
      1,
      1763449887.4249353,
      1763449887.4285176,
      {}
    ],
    [
      9,
      null,
      44556670,
      null,
      0.2990543645866971,
      0.014100313186645508,
      1,
      1763449887.4411623,
      1763449887.456818,
      {}
    ],
    [
      10,
      null,
      44556670,
      null,
      0.35343703988757047,
      0.0010631084442138672,
      1,
      1763449887.4727247,
      1763449887.4751265,
      {}
    ],
    [
      11,
      null,
      44556670,
      null,
      0.3070680843594483,
      0.0010237693786621094,
      1,
      1763449887.5056136,
      1763449887.507854,
      {}
    ],
    [
      12,
      null,
      44556670,
      null,
      0.12005033041474278,
      0.0015819072723388672,
      1,
      1763449890.7369852,
      1763449890.7404482,
      {}
    ],
    [
      13,
      null,
      44556670,
      null,
      0.5803804893014335,
      0.0011692047119140625,
      1,
      1763449890.7499,
      1763449890.7527905,
      {}
    ],
    [
      14,
      null,
      44556670,
      null,
      0.4299736766966167,
      0.001255035400390625,
      1,
      1763449890.7619832,
      1763449890.7651095,
      {}
    ],
    [
      15,
      null,
      44556670,
      null,
      0.11724955970488982,
      0.0005357265472412109,
      1,
      1763449890.7757998,
      1763449890.778131,
      {}
    ],
    [
      16,
      null,
      44556670,
      null,
      0.16171888771859566,
      0.0020194053649902344,
      1,
      1763449890.790261,
      1763449890.7942343,
      {}
    ],
    [
      17,
      null,
      44556670,
      null,
      0.5128105254049756,
      0.019078731536865234,
      1,
      1763449890.8139467,
      1763449890.8349366,
      {}
    ],
    [
      18,
      null,
      44556670,
      null,
      0.3070680843594483,
      0.0005381107330322266,
      1,
      1763449890.8453512,
      1763449890.84737,
      {}
    ],
    [
      19,
      null,
      44556670,
      null,
      0.11724955970488982,
      0.000644683837890625,
      1,
      1763449892.6917202,
      1763449892.694033,
      {}
    ],
    [
      20,
      null,
      44556670,
      null,
      0.12005033041474278,
      0.0003566741943359375,
      1,
      1763449892.7063878,
      1763449892.7079022,
      {}
    ],
    [
      21,
      null,
      44556670,
      null,
      0.11724955970488982,
      0.0002684593200683594,
      1,
      1763449892.715304,
      1763449892.7166488,
      {}
    ],
    [
      22,
      null,
      44556670,
      null,
      0.12005033041474278,
      0.0002586841583251953,
      1,
      1763449892.7241523,
      1763449892.7254388,
      {}
    ],
    [
      23,
      null,
      44556670,
      null,
      0.08968059818484009,
      0.0013148784637451172,
      1,
      1763449892.7381363,
      1763449892.7414193,
      {}
    ],
    [
      24,
      null,
      44556670,
      null,
      0.4846767994432837,
      0.001706838607788086,
      1,
      1763449892.7559965,
      1763449892.7594075,
      {}
    ]
  ],
  "configs": {
    "1": {
      "Criticality": 0.0236909591648405,
      "Criticality Modifier": 0.35946295033806674,
      "Culture": 0.5916027246382862,
      "Dynamism": 0.14108825689539647,
      "Initial Known": 0.48017330331757485,
      "Inter-Dependency": 0.7662399708608376,
      "Plan": 0.22903899034398073,
      "Size": 0.32613103265604765,
      "Team Size": 0.8205741087635372
    },
    "2": {
      "Criticality": 0.5928856757809678,
      "Criticality Modifier": 0.5104922996145391,
      "Culture": 0.17048289262293992,
      "Dynamism": 0.5752966721005223,
      "Initial Known": 0.8290457568037001,
      "Inter-Dependency": 0.38741307616446574,
      "Plan": 0.902633089943888,
      "Size": 0.9713288695657522,
      "Team Size": 0.3846522512010803
    },
    "3": {
      "Criticality": 0.012916507694755358,
      "Criticality Modifier": 0.5021056691582111,
      "Culture": 0.49574489620475365,
      "Dynamism": 0.13543150663900888,
      "Initial Known": 0.144893327749124,
      "Inter-Dependency": 0.21902167843257286,
      "Plan": 0.4183254616069827,
      "Size": 0.2477024580351557,
      "Team Size": 0.08568484905918539
    },
    "4": {
      "Criticality": 0.0854932271122403,
      "Criticality Modifier": 0.16129279491373694,
      "Culture": 0.4289443989344231,
      "Dynamism": 0.8678719867541675,
      "Initial Known": 0.011532693892135546,
      "Inter-Dependency": 0.8396351796038753,
      "Plan": 0.7428198559360896,
      "Size": 0.16391305676832743,
      "Team Size": 0.07503709251110766
    },
    "5": {
      "Criticality": 0.09816862616985013,
      "Criticality Modifier": 0.3060321156251689,
      "Culture": 0.5937488545006621,
      "Dynamism": 0.14108825689539647,
      "Initial Known": 0.48017330331757485,
      "Inter-Dependency": 0.7916234904936867,
      "Plan": 0.19831613232840037,
      "Size": 0.29851015868592157,
      "Team Size": 0.8205741087635372
    },
    "6": {
      "Criticality": 0.5335641821650475,
      "Criticality Modifier": 0.2839716110224247,
      "Culture": 0.8328482903951654,
      "Dynamism": 0.04967212604031701,
      "Initial Known": 0.9124827990419649,
      "Inter-Dependency": 0.8380817961939732,
      "Plan": 0.3028977214178685,
      "Size": 0.6202893133054302,
      "Team Size": 0.33235736181802616
    },
    "7": {
      "Criticality": 0.7147947300250247,
      "Criticality Modifier": 0.8725420549794013,
      "Culture": 0.13834027977402932,
      "Dynamism": 0.44742466260750113,
      "Initial Known": 0.45432412939493855,
      "Inter-Dependency": 0.4147524859783291,
      "Plan": 0.32481089574984484,
      "Size": 0.4621311990208508,
      "Team Size": 0.11475279879092382
    },
    "8": {
      "Criticality": 0.6172665449759861,
      "Criticality Modifier": 0.1419606941930183,
      "Culture": 0.7314989545086962,
      "Dynamism": 0.6651294751646106,
      "Initial Known": 0.17845927005384746,
      "Inter-Dependency": 0.841613247410405,
      "Plan": 0.5836261215242415,
      "Size": 0.5386707859888689,
      "Team Size": 0.1662167656974846
    },
    "9": {
      "Criticality": 0.4368077792328012,
      "Criticality Modifier": 0.21239552541393172,
      "Culture": 0.1377321866594205,
      "Dynamism": 0.34145746874824207,
      "Initial Known": 0.5218860985346712,
      "Inter-Dependency": 0.0895111927988136,
      "Plan": 0.03255791215303335,