{
  "incumbent_ids": [
    36
  ],
  "rejected_config_ids": [
    1,
    3,
    4,
    5,
    6,
    7,
    8,
    9,
    10,
    11,
    12,
    13,
    14,
    15,
    16,
    17,
    2,
    19,
    20,
    21,
    22,
    23,
    24,
    25,
    26,
    27,
    28,
    29,
    30,
    31,
    32,
    33,
    34,
    35,
    18,
    37,
    38,
    39,
    40,
    41,
    42,
    43,
    44,
    45,
    46,
    47,
    48,
    49,
    50
  ],
  "incumbents_changed": 4,
  "trajectory": [
    {
      "config_ids": [
        1
      ],
      "costs": [
        0.5679203863605904
      ],
      "trial": 1,
      "walltime": 0.013069868087768555
    },
    {
      "config_ids": [
        2
      ],
      "costs": [
        0.428754178957624
      ],
      "trial": 2,
      "walltime": 0.022284507751464844
    },
    {
      "config_ids": [
        18
      ],
      "costs": [
        0.42658178130810276
      ],
      "trial": 18,
      "walltime": 4.175441026687622
    },
    {
      "config_ids": [
        36
      ],
      "costs": [
        0.38709475460972986
      ],
      "trial": 36,
      "walltime": 6.88342809677124
    }
  ],
  "state": {
    "queue": [
      [
        50,
        1
      ]
    ]
  }
}