{
  "incumbent_ids": [
    5
  ],
  "rejected_config_ids": [
    1,
    3,
    4,
    2,
    6
  ],
  "incumbents_changed": 3,
  "trajectory": [
    {
      "config_ids": [
        1
      ],
      "costs": [
        0.4286808284071131
      ],
      "trial": 1,
      "walltime": 0.010898113250732422
    },
    {
      "config_ids": [
        2
      ],
      "costs": [
        0.32445578717166956
      ],
      "trial": 2,
      "walltime": 2.7800934314727783
    },
    {
      "config_ids": [
        5
      ],
      "costs": [
        0.28406516997038656
      ],
      "trial": 5,
      "walltime": 2.806750774383545
    }
  ],
  "state": {
    "queue": [
      [
        6,
        1
      ]
    ]
  }
}