{
  "incumbent_ids": [
    16
  ],
  "rejected_config_ids": [
    2,
    1,
    4,
    5,
    3,
    7,
    8,
    9,
    10,
    11,
    12,
    13,
    14,
    15,
    6,
    17
  ],
  "incumbents_changed": 4,
  "trajectory": [
    {
      "config_ids": [
        1
      ],
      "costs": [
        0.45382663094968345
      ],
      "trial": 1,
      "walltime": 0.06847715377807617
    },
    {
      "config_ids": [
        3
      ],
      "costs": [
        0.45021922311446794
      ],
      "trial": 3,
      "walltime": 0.8055469989776611
    },
    {
      "config_ids": [
        6
      ],
      "costs": [
        0.4426252477282385
      ],
      "trial": 6,
      "walltime": 0.9534571170806885
    },
    {
      "config_ids": [
        16
      ],
      "costs": [
        0.3961943038278054
      ],
      "trial": 16,
      "walltime": 3.645664930343628
    }
  ],
  "state": {
    "queue": [
      [
        17,
        1
      ]
    ]
  }
}