{
  "stats": {
    "submitted": 20,
    "finished": 20,
    "running": 0
  },
  "data": [
    [
      1,
      null,
      645852458,
      null,
      0.6500098120176088,
      2.124831199645996,
      1,
      1763062778.4170392,
      1763062780.575708,
      {}
    ],
    [
      2,
      null,
      645852458,
      null,
      0.40785905754573215,
      2.0770885944366455,
      1,
      1763062780.5786242,
      1763062782.6873071,
      {}
    ],
    [
      3,
      null,
      645852458,
      null,
      0.640740207461313,
      2.189643144607544,
      1,
      1763062782.6910863,
      1763062784.9130545,
      {}
    ],
    [
      4,
      null,
      645852458,
      null,
      0.5797866014619393,
      2.168915033340454,
      1,
      1763062784.9167497,
      1763062787.1186862,
      {}
    ],
    [
      5,
      null,
      645852458,
      null,
      0.5691201054133541,
      2.009279727935791,
      1,
      1763062787.121967,
      1763062789.1637976,
      {}
    ],
    [
      6,
      null,
      645852458,
      null,
      0.6424895441487104,
      1.908757209777832,
      1,
      1763062789.1670618,
      1763062791.107765,
      {}
    ],
    [
      7,
      null,
      645852458,
      null,
      0.6073435807523547,
      2.2864792346954346,
      1,
      1763062791.1111324,
      1763062793.4297392,
      {}
    ],
    [
      8,
      null,
      645852458,
      null,
      0.5714210223289227,
      1.9081940650939941,
      1,
      1763062793.4333653,
      1763062795.3747206,
      {}
    ],
    [
      9,
      null,
      645852458,
      null,
      0.5290917813490307,
      1.9962122440338135,
      1,
      1763062795.3780756,
      1763062797.4057305,
      {}
    ],
    [
      10,
      null,
      645852458,
      null,
      0.645415624164181,
      2.194227457046509,
      1,
      1763062797.4100506,
      1763062799.6375873,
      {}
    ],
    [
      11,
      null,
      645852458,
      null,
      0.6296559673846787,
      2.1354503631591797,
      1,
      1763062799.6414516,
      1763062801.8092492,
      {}
    ],
    [
      12,
      null,
      645852458,
      null,
      0.5620806376676757,
      2.150210380554199,
      1,
      1763062801.8151226,
      1763062803.9979205,
      {}
    ],
    [
      13,
      null,
      645852458,
      null,
      0.6424895441487104,
      2.15159273147583,
      1,
      1763062804.0017147,
      1763062806.1856296,
      {}
    ],
    [
      14,
      null,
      645852458,
      null,
      0.5642670528394828,
      2.2255444526672363,
      1,
      1763062806.1899025,
      1763062808.4614,
      {}
    ],
    [
      15,
      null,
      645852458,
      null,
      0.6456248269965609,
      1.9769601821899414,
      1,
      1763062808.4652712,
      1763062810.473844,
      {}
    ],
    [
      16,
      null,
      645852458,
      null,
      0.6509331925487306,
      1.975534200668335,
      1,
      1763062810.477778,
      1763062812.4847343,
      {}
    ],
    [
      17,
      null,
      645852458,
      null,
      0.6451160711946473,
      1.9916284084320068,
      1,
      1763062812.4886262,
      1763062814.511551,
      {}
    ],
    [
      18,
      null,
      645852458,
      null,
      0.6331606912204178,
      1.9821546077728271,
      1,
      1763062814.5156467,
      1763062816.5288951,
      {}
    ],
    [
      19,
      null,
      645852458,
      null,
      0.6372231933800772,
      1.9883644580841064,
      1,
      1763062816.5330298,
      1763062818.552678,
      {}
    ],
    [
      20,
      null,
      645852458,
      null,
      0.6061387056317589,
      1.9712409973144531,
      1,
      1763062818.5568407,
      1763062820.559395,
      {}
    ]
  ],
  "configs": {
    "1": {
      "row_id": "5495"
    },
    "2": {
      "row_id": "3102"
    },
    "3": {
      "row_id": "1248"
    },
    "4": {
      "row_id": "8601"
    },
    "5": {
      "row_id": "9759"
    },
    "6": {
      "row_id": "2268"
    },
    "7": {
      "row_id": "4162"
    },
    "8": {
      "row_id": "6612"
    },
    "9": {
      "row_id": "7449"
    },
    "10": {
      "row_id": "4900"
    },
    "11": {
      "row_id": "1794"
    },
    "12": {
      "row_id": "9303"
    },
    "13": {
      "row_id": "7960"
    },
    "14": {
      "row_id": "314"
    },
    "15": {
      "row_id": "3460"
    },
    "16": {
      "row_id": "6067"
    },
    "17": {
      "row_id": "5774"
    },
    "18": {
      "row_id": "3127"
    },
    "19": {
      "row_id": "21"
    },
    "20": {
      "row_id": "7628"
    }
  },
  "config_origins": {
    "1": "Initial Design: Sobol",
    "2": "Initial Design: Sobol",
    "3": "Initial Design: Sobol",
    "4": "Initial Design: Sobol",
    "5": "Initial Design: Sobol",
    "6": "Initial Design: Sobol",
    "7": "Initial Design: Sobol",
    "8": "Initial Design: Sobol",
    "9": "Initial Design: Sobol",
    "10": "Initial Design: Sobol",
    "11": "Initial Design: Sobol",
    "12": "Initial Design: Sobol",
    "13": "Initial Design: Sobol",
    "14": "Initial Design: Sobol",
    "15": "Initial Design: Sobol",
    "16": "Initial Design: Sobol",
    "17": "Initial Design: Sobol",
    "18": "Initial Design: Sobol",
    "19": "Initial Design: Sobol",
    "20": "Initial Design: Sobol"
  }
}