{
  "incumbent_ids": [
    2
  ],
  "rejected_config_ids": [
    1,
    3,
    4,
    5
  ],
  "incumbents_changed": 2,
  "trajectory": [
    {
      "config_ids": [
        1
      ],
      "costs": [
        0.7888505673273549
      ],
      "trial": 1,
      "walltime": 0.01593494415283203
    },
    {
      "config_ids": [
        2
      ],
      "costs": [
        0.787546382894943
      ],
      "trial": 2,
      "walltime": 2.538074016571045
    }
  ],
  "state": {
    "queue": []
  }
}