{
  "incumbent_ids": [
    10
  ],
  "rejected_config_ids": [
    2,
    3,
    1,
    4,
    6,
    7,
    8,
    9,
    5,
    11,
    12
  ],
  "incumbents_changed": 4,
  "trajectory": [
    {
      "config_ids": [
        1
      ],
      "costs": [
        0.39300500759243184
      ],
      "trial": 1,
      "walltime": 0.007245302200317383
    },
    {
      "config_ids": [
        4
      ],
      "costs": [
        0.39032438022936944
      ],
      "trial": 4,
      "walltime": 2.1761603355407715
    },
    {
      "config_ids": [
        5
      ],
      "costs": [
        0.28994077701741894
      ],
      "trial": 5,
      "walltime": 2.186476469039917
    },
    {
      "config_ids": [
        10
      ],
      "costs": [
        0.16048839177588314
      ],
      "trial": 10,
      "walltime": 4.643851280212402
    }
  ],
  "state": {
    "queue": [
      [
        12,
        1
      ]
    ]
  }
}