{
  "DE_params": {
    "mutation_factor": 0.5,
    "crossover_prob": 0.5,
    "strategy": "rand1_bin",
    "configspace": true,
    "boundary_fix_type": "random",
    "max_age": Infinity,
    "dimensions": 33,
    "output_path": "../results/tmp/DEHB_tmp/dehb_20251208-050159_2678",
    "async_strategy": "immediate"
  },
  "HB_params": {
    "min_fidelity": 1,
    "max_fidelity": 10,
    "min_clip": null,
    "max_clip": null,
    "eta": 3
  },
  "internals": {
    "initial_configs": [
      {
        "config_id": 0,
        "config": [
          0.5,
          0.6,
          0.6,
          0.0,
          0.2,
          0.0,
          0.23529411764705882,
          0.375,
          0.4,
          0.6,
          0.875,
          0.25,
          0.5,
          0.75,
          0.8,
          0.2,
          0.0,
          0.0,
          0.5,
          0.5,
          0.0,
          0.5,
          0.0,
          0.0,
          0.6666666666666666,
          0.5,
          0.0,
          0.4,
          0.0,
          0.0,
          0.0,
          0.5,
          0.0
        ],
        "results": {
          "1.1111111111111112": {
            "score": Infinity,
            "cost": -1,
            "info": {}
          }
        }
      },
      {
        "config_id": 1,
        "config": [
          0.625,
          0.0,
          0.6,
          0.7058823529411765,
          0.8,
          0.8,
          0.058823529411764705,
          0.8125,
          0.6,
          0.6,
          0.75,
          0.5,
          0.25,
          0.5,
          0.4,
          0.2,
          0.0,
          0.5,
          0.5,
          0.0,
          0.0,
          0.5,
          0.2,
          0.5,
          0.6666666666666666,
          0.5,
          0.0,
          0.4,
          0.5,
          0.25,
          0.0,
          0.0,
          0.5
        ],
        "results": {
          "1.1111111111111112": {
            "score": Infinity,
            "cost": -1,
            "info": {}
          }
        }
      },
      {
        "config_id": 2,
        "config": [
          0.625,
          0.0,
          0.2,
          0.4117647058823529,
          0.4,
          0.4,
          0.35294117647058826,
          0.125,
          0.4,
          0.0,
          0.625,
          0.25,
          0.0,
          0.75,
          0.6,
          0.0,
          0.0,
          0.0,
          0.5,
          0.0,
          0.0,
          0.5,
          0.6,
          0.0,
          0.3333333333333333,
          0.5,
          0.5,
          0.4,
          0.0,
          0.5,
          0.5,
          0.5,
          0.0
        ],
        "results": {
          "1.1111111111111112": {
            "score": Infinity,
            "cost": -1,
            "info": {}
          }
        }
      },
      {
        "config_id": 3,
        "config": [
          0.75,
          0.8,
          0.4,
          0.11764705882352941,
          0.0,
          0.8,
          0.058823529411764705,
          0.875,
          0.8,
          0.0,
          0.041666666666666664,
          0.5,
          0.5,
          0.75,
          0.8,
          0.0,
          0.5,
          0.5,
          0.5,
          0.0,
          0.5,
          0.5,
          0.8,
          0.0,
          0.6666666666666666,
          0.0,
          0.5,
          0.0,
          0.5,
          0.25,
          0.0,
          0.5,
          0.5
        ],
        "results": {
          "1.1111111111111112": {
            "score": Infinity,
            "cost": -1,
            "info": {}
          }
        }
      },
      {
        "config_id": 4,
        "config": [
          0.5,
          0.6,
          0.8,
          0.5882352941176471,
          0.8,
          0.6,
          0.17647058823529413,
          0.0,
          0.4,
          0.0,
          0.75,
          0.5,
          0.75,
          0.25,
          0.8,
          0.8,
          0.5,
          0.0,
          0.0,
          0.0,
          0.0,
          0.0,
          0.4,
          0.5,
          0.6666666666666666,
          0.5,
          0.5,
          0.4,
          0.5,
          0.25,
          0.0,
          0.5,
          0.0
        ],
        "results": {
          "1.1111111111111112": {
            "score": Infinity,
            "cost": -1,
            "info": {}
          }
        }
      },
      {
        "config_id": 5,
        "config": [
          0.5,
          0.6,
          0.4,
          0.9411764705882353,
          0.6,
          0.2,
          0.5882352941176471,
          0.5625,
          0.0,
          0.0,
          0.4166666666666667,
          0.75,
          0.25,
          0.5,
          0.2,
          0.6,
          0.0,
          0.0,
          0.5,
          0.0,
          0.5,
          0.0,
          0.6,
          0.0,
          0.6666666666666666,
          0.5,
          0.0,
          0.4,
          0.5,
          0.0,
          0.5,
          0.5,
          0.0
        ],
        "results": {
          "1.1111111111111112": {
            "score": Infinity,
            "cost": -1,
            "info": {}
          }
        }
      },
      {
        "config_id": 6,
        "config": [
          0.5,
          0.4,
          0.0,
          0.058823529411764705,
          0.8,
          0.0,
          0.5294117647058824,
          0.4375,
          0.6,
          0.8,
          0.375,
          0.5,
          0.0,
          0.5,
          0.0,
          0.8,
          0.0,
          0.0,
          0.5,
          0.0,
          0.5,
          0.5,
          0.4,
          0.0,
          0.3333333333333333,
          0.5,
          0.5,
          0.2,
          0.0,
          0.0,
          0.5,
          0.0,
          0.0
        ],
        "results": {
          "1.1111111111111112": {
            "score": Infinity,
            "cost": -1,
            "info": {}
          }
        }
      },
      {
        "config_id": 7,
        "config": [
          0.0,
          0.4,
          0.6,
          0.9411764705882353,
          0.4,
          0.6,
          0.8235294117647058,
          0.25,
          0.0,
          0.0,
          0.75,
          0.25,
          0.75,
          0.75,
          0.6,
          0.2,
          0.0,
          0.5,
          0.5,
          0.5,
          0.5,
          0.0,
          0.2,
          0.5,
          0.0,
          0.0,
          0.0,
          0.0,
          0.5,
          0.0,
          0.5,
          0.0,
          0.0
        ],
        "results": {
          "1.1111111111111112": {
            "score": Infinity,
            "cost": -1,
            "info": {}
          }
        }
      },
      {
        "config_id": 8,
        "config": [
          0.625,
          0.8,
          0.6,
          0.35294117647058826,
          0.0,
          0.0,
          0.4117647058823529,
          0.4375,
          0.2,
          0.2,
          0.625,
          0.0,
          0.25,
          0.75,
          0.0,
          0.0,
          0.5,
          0.0,
          0.5,
          0.5,
          0.5,
          0.0,
          0.6,
          0.5,
          0.3333333333333333,
          0.0,
          0.5,
          0.4,
          0.5,
          0.0,
          0.0,
          0.5,
          0.5
        ],
        "results": {
          "1.1111111111111112": {
            "score": Infinity,
            "cost": -1,
            "info": {}
          }
        }
      },
      {
        "config_id": 9,