{
  "incumbent_ids": [
    2
  ],
  "rejected_config_ids": [
    1,
    3,
    4,
    5,
    6,
    7,
    8,
    9,
    10,
    11,
    12
  ],
  "incumbents_changed": 2,
  "trajectory": [
    {
      "config_ids": [
        1
      ],
      "costs": [
        0.29436008130326774
      ],
      "trial": 1,
      "walltime": 0.006861448287963867
    },
    {
      "config_ids": [
        2
      ],
      "costs": [
        0.03653358345773006
      ],
      "trial": 2,
      "walltime": 0.980971097946167
    }
  ],
  "state": {
    "queue": [
      [
        12,
        1
      ]
    ]
  }
}