{
  "stats": {
    "submitted": 6,
    "finished": 6,
    "running": 0
  },
  "data": [
    [
      1,
      null,
      1603867075,
      null,
      0.8200974448750914,
      0.0028073787689208984,
      1,
      1763453474.6478279,
      1763453474.652881,
      {}
    ],
    [
      2,
      null,
      1603867075,
      null,
      0.8164048837172873,
      0.004679441452026367,
      1,
      1763453476.799616,
      1763453476.8061056,
      {}
    ],
    [
      3,
      null,
      1603867075,
      null,
      0.7977547098115155,
      0.0011105537414550781,
      1,
      1763453476.818387,
      1763453476.8211331,
      {}
    ],
    [
      4,
      null,
      1603867075,
      null,
      0.8060127245471668,
      0.0008063316345214844,
      1,
      1763453476.8275821,
      1763453476.829968,
      {}
    ],
    [
      5,
      null,
      1603867075,
      null,
      0.8250668138091656,
      0.0007843971252441406,
      1,
      1763453476.8360946,
      1763453476.838474,
      {}
    ],
    [
      6,
      null,
      1603867075,
      null,
      0.7685334416515709,
      0.0009441375732421875,
      1,
      1763453476.8451378,
      1763453476.8477225,
      {}
    ]
  ],
  "configs": {
    "1": {
      "Avg_Utilization_Ratio": 0.6828871569782495,
      "CLIENTNUM": 811000581.14054,
      "Contacts_Count_12_mon": 1.6480560936033726,
      "Customer_Age": 28.377718362025917,
      "Dependent_count": 2.8077295469120145,
      "Months_Inactive_12_mon": 5.547566385939717,
      "Months_on_book": 20.26622600387782,
      "Naive_Bayes_Classifier_Attrition_Flag_Card_Category_Contacts_Count_12_mon_Dependent_count_Education_Level_Months_Inactive_12_mon_1": 0.47924559783186366,
      "Naive_Bayes_Classifier_Attrition_Flag_Card_Category_Contacts_Count_12_mon_Dependent_count_Education_Level_Months_Inactive_12_mon_2": 0.5655750853916144,
      "Total_Amt_Chng_Q4_Q1": 1.0126544864429161,
      "Total_Relationship_Count": 1.6581698032096028,
      "Total_Trans_Amt": 14721.035595903173,
      "Total_Trans_Ct": 81.58599121775478,
      "attrition_Flag": "Attrited Customer",
      "card_Category": "Silver",
      "education_Level": "High School",
      "gender": "M",
      "income_Category": "$60K - $80K",
      "marital_Status": "Single"
    },
    "2": {
      "Avg_Utilization_Ratio": 0.9982369332708662,
      "CLIENTNUM": 721070551.2793645,
      "Contacts_Count_12_mon": 1.4376061386730248,
      "Customer_Age": 37.69283319202312,
      "Dependent_count": 0.11605509417452359,
      "Months_Inactive_12_mon": 0.14916411478799496,
      "Months_on_book": 13.384724298606868,
      "Naive_Bayes_Classifier_Attrition_Flag_Card_Category_Contacts_Count_12_mon_Dependent_count_Education_Level_Months_Inactive_12_mon_1": 0.17578950471649976,
      "Naive_Bayes_Classifier_Attrition_Flag_Card_Category_Contacts_Count_12_mon_Dependent_count_Education_Level_Months_Inactive_12_mon_2": 0.5012463336660489,
      "Total_Amt_Chng_Q4_Q1": 0.29812326382416154,
      "Total_Relationship_Count": 5.487579080337903,
      "Total_Trans_Amt": 4024.0521273113795,
      "Total_Trans_Ct": 110.32361795515627,
      "attrition_Flag": "Existing Customer",
      "card_Category": "Gold",
      "education_Level": "Uneducated",
      "gender": "M",
      "income_Category": "$60K - $80K",
      "marital_Status": "Single"
    },
    "3": {
      "Avg_Utilization_Ratio": 0.9989234639561461,
      "CLIENTNUM": 731752567.5694116,
      "Contacts_Count_12_mon": 1.3284562288986241,
      "Customer_Age": 46.137381121111034,
      "Dependent_count": 2.4909340613854374,
      "Months_Inactive_12_mon": 3.03781929327638,
      "Months_on_book": 51.109760182074154,
      "Naive_Bayes_Classifier_Attrition_Flag_Card_Category_Contacts_Count_12_mon_Dependent_count_Education_Level_Months_Inactive_12_mon_1": 0.2242320152166242,
      "Naive_Bayes_Classifier_Attrition_Flag_Card_Category_Contacts_Count_12_mon_Dependent_count_Education_Level_Months_Inactive_12_mon_2": 0.7450008264585878,
      "Total_Amt_Chng_Q4_Q1": 0.4187635089020101,
      "Total_Relationship_Count": 5.83722871427878,
      "Total_Trans_Amt": 9119.172099279305,
      "Total_Trans_Ct": 42.04161717022993,
      "attrition_Flag": "Existing Customer",
      "card_Category": "Blue",
      "education_Level": "High School",
      "gender": "F",
      "income_Category": "$120K +",
      "marital_Status": "Single"
    },
    "4": {
      "Avg_Utilization_Ratio": 0.9840267788023099,
      "CLIENTNUM": 741192024.4248922,
      "Contacts_Count_12_mon": 3.4844530567635292,
      "Customer_Age": 50.5982909150245,
      "Dependent_count": 0.03290748513258779,
      "Months_Inactive_12_mon": 2.2513792569238706,
      "Months_on_book": 49.944411943909806,
      "Naive_Bayes_Classifier_Attrition_Flag_Card_Category_Contacts_Count_12_mon_Dependent_count_Education_Level_Months_Inactive_12_mon_1": 0.9583506345258802,
      "Naive_Bayes_Classifier_Attrition_Flag_Card_Category_Contacts_Count_12_mon_Dependent_count_Education_Level_Months_Inactive_12_mon_2": 0.5119719914615022,
      "Total_Amt_Chng_Q4_Q1": 1.4320822250559821,
      "Total_Relationship_Count": 5.951207921927054,
      "Total_Trans_Amt": 5421.0793480923285,
      "Total_Trans_Ct": 15.8948954944068,
      "attrition_Flag": "Existing Customer",
      "card_Category": "Gold",
      "education_Level": "Uneducated",
      "gender": "M",
      "income_Category": "$80K - $120K",
      "marital_Status": "Unknown"
    },
    "5": {
      "Avg_Utilization_Ratio": 0.998406928032184,
      "CLIENTNUM": 788721724.1871744,
      "Contacts_Count_12_mon": 0.5580597250506856,
      "Customer_Age": 54.031526814431814,
      "Dependent_count": 0.7697786448152122,
      "Months_Inactive_12_mon": 2.116267442280865,
      "Months_on_book": 36.33197553748868,
      "Naive_Bayes_Classifier_Attrition_Flag_Card_Category_Contacts_Count_12_mon_Dependent_count_Education_Level_Months_Inactive_12_mon_1": 0.9192992885320322,
      "Naive_Bayes_Classifier_Attrition_Flag_Card_Category_Contacts_Count_12_mon_Dependent_count_Education_Level_Months_Inactive_12_mon_2": 0.4887548120734181,
      "Total_Amt_Chng_Q4_Q1": 0.10855901659968159,
      "Total_Relationship_Count": 4.45736249410103,
      "Total_Trans_Amt": 3751.325451904665,
      "Total_Trans_Ct": 12.990573012707255,
      "attrition_Flag": "Existing Customer",
      "card_Category": "Gold",
      "education_Level": "Unknown",
      "gender": "M",
      "income_Category": "$120K +",
      "marital_Status": "Divorced"
    },
    "6": {
      "Avg_Utilization_Ratio": 0.998863609036469,
      "CLIENTNUM": 763695793.9339604,
      "Contacts_Count_12_mon": 3.946159040057979,
      "Customer_Age": 43.05825945373066,
      "Dependent_count": 0.11678650154957948,
      "Months_Inactive_12_mon": 5.0225578394424835,
      "Months_on_book": 50.85712575598084,
      "Naive_Bayes_Classifier_Attrition_Flag_Card_Category_Contacts_Count_12_mon_Dependent_count_Education_Level_Months_Inactive_12_mon_1": 0.38610872460557183,
      "Naive_Bayes_Classifier_Attrition_Flag_Card_Category_Contacts_Count_12_mon_Dependent_count_Education_Level_Months_Inactive_12_mon_2": 0.8881992126540078,
      "Total_Amt_Chng_Q4_Q1": 2.393617959019198,
      "Total_Relationship_Count": 1.9578601341705357,
      "Total_Trans_Amt": 7579.907044830863,
      "Total_Trans_Ct": 12.371133318087132,
      "attrition_Flag": "Existing Customer",
      "card_Category": "Silver",
      "education_Level": "Uneducated",
      "gender": "F",
      "income_Category": "$40K - $60K",
      "marital_Status": "Single"
    }
  },
  "config_origins": {
    "1": "Initial Design: Sobol",
    "2": "Acquisition Function Maximizer: Local Search",
    "3": "Acquisition Function Maximizer: Local Search",
    "4": "Acquisition Function Maximizer: Local Search",
    "5": "Acquisition Function Maximizer: Local Search",
    "6": "Acquisition Function Maximizer: Local Search"
  }
}