{
  "stats": {
    "submitted": 24,
    "finished": 24,
    "running": 0
  },
  "data": [
    [
      1,
      null,
      774252441,
      null,
      0.4893697889292481,
      0.0018205642700195312,
      1,
      1763449713.710123,
      1763449713.7140584,
      {}
    ],
    [
      2,
      null,
      774252441,
      null,
      0.4926561255290707,
      0.0012166500091552734,
      1,
      1763449713.721918,
      1763449713.7257712,
      {}
    ],
    [
      3,
      null,
      774252441,
      null,
      0.5166215644796682,
      0.0010733604431152344,
      1,
      1763449713.7417927,
      1763449713.7465768,
      {}
    ],
    [
      4,
      null,
      774252441,
      null,
      0.5482021664598835,
      0.0008728504180908203,
      1,
      1763449713.7574031,
      1763449713.7617393,
      {}
    ],
    [
      5,
      null,
      774252441,
      null,
      0.5498131060021049,
      0.0011260509490966797,
      1,
      1763449714.9315321,
      1763449714.9350123,
      {}
    ],
    [
      6,
      null,
      774252441,
      null,
      0.5482021664598835,
      0.00037479400634765625,
      1,
      1763449714.9426622,
      1763449714.9452305,
      {}
    ],
    [
      7,
      null,
      774252441,
      null,
      0.5679203863605904,
      0.0009112358093261719,
      1,
      1763449714.9533973,
      1763449714.9564254,
      {}
    ],
    [
      8,
      null,
      774252441,
      null,
      0.3911297799568667,
      0.0007255077362060547,
      1,
      1763449714.9651842,
      1763449714.968054,
      {}
    ],
    [
      9,
      null,
      774252441,
      null,
      0.5217998090033493,
      0.0007164478302001953,
      1,
      1763449714.9790013,
      1763449714.9820096,
      {}
    ],
    [
      10,
      null,
      774252441,
      null,
      0.4571799298670852,
      0.000988006591796875,
      1,
      1763449714.9921458,
      1763449714.995303,
      {}
    ],
    [
      11,
      null,
      774252441,
      null,
      0.5166215644796682,
      0.0005910396575927734,
      1,
      1763449716.0348535,
      1763449716.038352,
      {}
    ],
    [
      12,
      null,
      774252441,
      null,
      0.38709475460972986,
      0.0011975765228271484,
      1,
      1763449716.0492866,
      1763449716.0531082,
      {}
    ],
    [
      13,
      null,
      774252441,
      null,
      0.428754178957624,
      0.0012328624725341797,
      1,
      1763449716.0653946,
      1763449716.0690315,
      {}
    ],
    [
      14,
      null,
      774252441,
      null,
      0.573347765015724,
      0.0015418529510498047,
      1,
      1763449716.0874858,
      1763449716.091805,
      {}
    ],
    [
      15,
      null,
      774252441,
      null,
      0.4926561255290707,
      0.0005469322204589844,
      1,
      1763449716.1047657,
      1763449716.108526,
      {}
    ],
    [
      16,
      null,
      774252441,
      null,
      0.42658178130810276,
      0.0011887550354003906,
      1,
      1763449716.1224942,
      1763449716.1264281,
      {}
    ],
    [
      17,
      null,
      774252441,
      null,
      0.5498131060021049,
      0.0005481243133544922,
      1,
      1763449716.1490307,
      1763449716.1521137,
      {}
    ],
    [
      18,
      null,
      774252441,
      null,
      0.428754178957624,
      0.0005571842193603516,
      1,
      1763449716.1662235,
      1763449716.170141,
      {}
    ],
    [
      19,
      null,
      774252441,
      null,
      0.5753857225067203,
      0.0013349056243896484,
      1,
      1763449716.2123628,
      1763449716.2159736,
      {}
    ],
    [
      20,
      null,
      774252441,
      null,
      0.573347765015724,
      0.0003819465637207031,
      1,
      1763449716.2290366,
      1763449716.2333055,
      {}
    ],
    [
      21,
      null,
      774252441,
      null,
      0.38709475460972986,
      0.0006144046783447266,
      1,
      1763449717.5639977,
      1763449717.5678568,
      {}
    ],
    [
      22,
      null,
      774252441,
      null,
      0.4893697889292481,
      0.0004024505615234375,
      1,
      1763449717.590085,
      1763449717.5923655,
      {}
    ],
    [
      23,
      null,
      774252441,
      null,
      0.38709475460972986,
      0.0003654956817626953,
      1,
      1763449717.6048636,
      1763449717.6070364,
      {}
    ],
    [
      24,
      null,
      774252441,
      null,
      0.38709475460972986,
      0.0004646778106689453,
      1,
      1763449717.6291463,
      1763449717.633193,
      {}
    ]
  ],
  "configs": {
    "1": {
      "acap": "n",
      "apex": "l",
      "cplx": "xh",
      "data": "h",
      "docu": "n",
      "flex": "h",
      "ltex": "vl",
      "pcap": "n",
      "pcon": "n",
      "plex": "h",
      "pmat": "h",
      "prec": "        h",
      "pvol": "h",
      "rely": "n",
      "resl": "h",
      "ruse": "n",
      "sced": "l",
      "site": "n",
      "stor": "h",
      "team": "vh",
      "time": "xh",
      "tool": "h"
    },
    "2": {
      "acap": "h",
      "apex": "n",
      "cplx": "h",
      "data": "vh",
      "docu": "n",
      "flex": "h",
      "ltex": "l",
      "pcap": "n",
      "pcon": "n",
      "plex": "vl",
      "pmat": "l",
      "prec": "h",
      "pvol": "n",
      "rely": "h",
      "resl": "h",
      "ruse": "n",
      "sced": "n",
      "site": "n",
      "stor": "vh",
      "team": "vh",
      "time": "n",
      "tool": "n"
    },
    "3": {
      "acap": "h",
      "apex": "h",
      "cplx": "n",
      "data": "n",
      "docu": "n",
      "flex": "h",
      "ltex": "l",
      "pcap": "n",
      "pcon": "n",
      "plex": "h",
      "pmat": "l",
      "prec": "h",
      "pvol": "n",
      "rely": "n",
      "resl": "h",
      "ruse": "n",
      "sced": "l",
      "site": "n",
      "stor": "xh",
      "team": "vh",
      "time": "xh",
      "tool": "h"
    },
    "4": {
      "acap": "n",
      "apex": "h",
      "cplx": "h",
      "data": "l",
      "docu": "n",
      "flex": "h",
      "ltex": "h",
      "pcap": "vh",
      "pcon": "n",
      "plex": "vl",
      "pmat": "l",
      "prec": "        h",
      "pvol": "h",
      "rely": "h",
      "resl": "h",
      "ruse": "n",
      "sced": "n",
      "site": "n",
      "stor": "vh",
      "team": "vh",
      "time": "h",
      "tool": "h"
    },
    "5": {
      "acap": "h",
      "apex": "vh",
      "cplx": "h",
      "data": "n",
      "docu": "n",
      "flex": "h",
      "ltex": "n",
      "pcap": "n",
      "pcon": "n",
      "plex": "n",
      "pmat": "n",
      "prec": "        h",
      "pvol": "h",
      "rely": "h",
      "resl": "h",
      "ruse": "n",
      "sced": "l",
      "site": "n",
      "stor": "vh",
      "team": "vh",
      "time": "xh",
      "tool": "h"
    },
    "6": {
      "acap": "vh",
      "apex": "h",
      "cplx": "l",
      "data": "h",
      "docu": "n",
      "flex": "h",
      "ltex": "vl",
      "pcap": "h",
      "pcon": "n",
      "plex": "vl",
      "pmat": "h",
      "prec": "h",
      "pvol": "l",
      "rely": "l",
      "resl": "h",
      "ruse": "n",
      "sced": "l",
      "site": "n",
      "stor": "vh",
      "team": "vh",
      "time": "xh",
      "tool": "h"
    },
    "7": {
      "acap": "n",
      "apex": "l",
      "cplx": "vh",
      "data": "vh",
      "docu": "n",
      "flex": "h",
      "ltex": "vl",
      "pcap": "h",
      "pcon": "n",
      "plex": "n",
      "pmat": "l",
      "prec": "h",
      "pvol": "l",
      "rely": "l",
      "resl": "h",
      "ruse": "n",
      "sced": "l",
      "site": "n",
      "stor": "h",
      "team": "vh",
      "time": "h",
      "tool": "h"
    },
    "8": {
      "acap": "vh",
      "apex": "l",
      "cplx": "h",
      "data": "l",
      "docu": "n",
      "flex": "h",
      "ltex": "l",
      "pcap": "vh",
      "pcon": "n",
      "plex": "n",
      "pmat": "l",
      "prec": "        h",
      "pvol": "n",