{
  "stats": {
    "submitted": 6,
    "finished": 6,
    "running": 0
  },
  "data": [
    [
      1,
      null,
      662124363,
      null,
      0.18567088709212098,
      0.002877950668334961,
      1,
      1763447534.937321,
      1763447534.942652,
      {}
    ],
    [
      2,
      null,
      662124363,
      null,
      0.24010966887883411,
      0.0020449161529541016,
      1,
      1763447534.9559186,
      1763447534.9596589,
      {}
    ],
    [
      3,
      null,
      662124363,
      null,
      0.16480042255104,
      0.0021860599517822266,
      1,
      1763447537.720537,
      1763447537.7244403,
      {}
    ],
    [
      4,
      null,
      662124363,
      null,
      0.46218133734770217,
      0.0010712146759033203,
      1,
      1763447537.7323656,
      1763447537.7349763,
      {}
    ],
    [
      5,
      null,
      662124363,
      null,
      0.23943709137619362,
      0.00098419189453125,
      1,
      1763447537.741997,
      1763447537.7446759,
      {}
    ],
    [
      6,
      null,
      662124363,
      null,
      0.2133464441778512,
      0.0010025501251220703,
      1,
      1763447537.753056,
      1763447537.755696,
      {}
    ]
  ],
  "configs": {
    "1": {
      " ACAP": 4.252759616822004,
      " AEXP": 2.2937022388065236,
      " CPLx": 3.0292070768773556,
      " DOCU": 4.968973565846682,
      " ETAT": 4.7284819403951985,
      " FLEx": 1.754125613719225,
      " KLOC": 161.2629602858862,
      " LTEx": 3.661234738305211,
      " PCAP": 3.9133608993142843,
      " PCON": 1.107014325171709,
      " PLEx": 1.5189170291936025,
      " PMAT": 2.7188755245879292,
      " PREC": 3.7741826623678207,
      " PVOL": 4.129625194706023,
      " RELY": 4.973096687346697,
      " RESL": 3.8864039490818976,
      " RUSE": 3.8111617013197394,
      " SCED": 3.0,
      " SITE": 3.5903526972979307,
      " STOR": 3.504721011966467,
      " TEAM": 3.5315478034317493,
      " TIME": 3.5489059826359153,
      " TOOL": 2.0,
      "DATA": 3.797976680861786
    },
    "2": {
      " ACAP": 3.3083256847593447,
      " AEXP": 3.9594587363651033,
      " CPLx": 3.7899450455554042,
      " DOCU": 3.134957573521191,
      " ETAT": 1.072860237464613,
      " FLEx": 4.67498803239954,
      " KLOC": 377.0701727940804,
      " LTEx": 1.1002642828790337,
      " PCAP": 4.913898672550234,
      " PCON": 1.5497000761029496,
      " PLEx": 1.8512012305208796,
      " PMAT": 2.606083184358829,
      " PREC": 4.776900544212168,
      " PVOL": 4.558206623327855,
      " RELY": 3.004518467037027,
      " RESL": 3.084382882853951,
      " RUSE": 4.208598495425002,
      " SCED": 3.0,
      " SITE": 3.4268870683135484,
      " STOR": 3.7681341540644224,
      " TEAM": 1.6428670125022804,
      " TIME": 3.7645604503388785,
      " TOOL": 2.0,
      "DATA": 2.064387774260294
    },
    "3": {
      " ACAP": 3.787686667980643,
      " AEXP": 3.3602893349461698,
      " CPLx": 4.561084778309035,
      " DOCU": 2.3848862887344335,
      " ETAT": 4.290680684360721,
      " FLEx": 4.8298637009452,
      " KLOC": 328.0010268710011,
      " LTEx": 3.5397015987140126,
      " PCAP": 3.9925465924155867,
      " PCON": 4.201372416007639,
      " PLEx": 2.5801926956296377,
      " PMAT": 2.094186958098736,
      " PREC": 4.062740462717097,
      " PVOL": 2.338003051951756,
      " RELY": 4.366111078185889,
      " RESL": 3.560219640311387,
      " RUSE": 3.506659443893464,
      " SCED": 3.0,
      " SITE": 5.012679206067127,
      " STOR": 3.24700620831642,
      " TEAM": 4.530949005619199,
      " TIME": 3.124682642494612,
      " TOOL": 2.0,
      "DATA": 3.42169604039124
    },
    "4": {
      " ACAP": 4.946285693388161,
      " AEXP": 2.5768140138149045,
      " CPLx": 3.9514778122655736,
      " DOCU": 3.8444323238933653,
      " ETAT": 5.824328163243458,
      " FLEx": 4.317272977414126,
      " KLOC": 202.2894532244988,
      " LTEx": 1.073614939839061,
      " PCAP": 3.284288199324614,
      " PCON": 1.6340777776102704,
      " PLEx": 3.581826710609003,
      " PMAT": 2.6437109528011806,
      " PREC": 3.766733418076991,
      " PVOL": 2.7581163189769864,
      " RELY": 3.521568323562528,
      " RESL": 3.580505625053346,
      " RUSE": 3.201116721629047,
      " SCED": 3.0,
      " SITE": 1.0773482097888727,
      " STOR": 3.0633955730643265,
      " TEAM": 3.708058306708187,
      " TIME": 3.0697875710207714,
      " TOOL": 2.0,
      "DATA": 2.954563915590457
    },
    "5": {
      " ACAP": 3.7344012731364513,
      " AEXP": 3.4255691079683945,
      " CPLx": 5.322651326735395,
      " DOCU": 4.145628276104267,
      " ETAT": 1.7921416211759922,
      " FLEx": 1.0380447979068204,
      " KLOC": 72.19361090323534,
      " LTEx": 2.183917384101651,
      " PCAP": 3.908511243967647,
      " PCON": 2.7637193740251753,
      " PLEx": 2.9021271852709782,
      " PMAT": 2.9039350588730355,
      " PREC": 4.939573830484952,
      " PVOL": 2.5871426559467996,
      " RELY": 4.530533926358286,
      " RESL": 2.5169269258116715,
      " RUSE": 4.370967900564844,
      " SCED": 3.0,
      " SITE": 5.246867686191862,
      " STOR": 3.452589953214192,
      " TEAM": 2.229301879844236,
      " TIME": 3.844957051358172,
      " TOOL": 2.0,
      "DATA": 2.1186908759831775
    },
    "6": {
      " ACAP": 4.773954547297939,
      " AEXP": 1.5195169889465165,
      " CPLx": 4.020505593115718,
      " DOCU": 1.8854147160095285,
      " ETAT": 4.881374380801301,
      " FLEx": 3.8992442382695987,
      " KLOC": 90.20671366742909,
      " LTEx": 1.0329970328880436,
      " PCAP": 4.026648252455274,
      " PCON": 1.5178864697158594,
      " PLEx": 3.66917174201967,
      " PMAT": 2.7382797859621104,
      " PREC": 3.0441035519017907,
      " PVOL": 4.5527574322012,
      " RELY": 4.906380928453413,
      " RESL": 2.362854426073823,
      " RUSE": 2.6738605072081967,
      " SCED": 3.0,
      " SITE": 1.8716557053343315,
      " STOR": 3.008402829460527,
      " TEAM": 3.889985952033544,
      " TIME": 3.490821857946756,
      " TOOL": 2.0,
      "DATA": 4.66883228342311
    }
  },
  "config_origins": {
    "1": "Initial Design: Sobol",
    "2": "Random Search",
    "3": "Acquisition Function Maximizer: Local Search",
    "4": "Acquisition Function Maximizer: Local Search",
    "5": "Acquisition Function Maximizer: Local Search",
    "6": "Random Search"
  }
}