{
  "incumbent_ids": [
    4
  ],
  "rejected_config_ids": [
    1,
    3,
    2,
    5,
    6,
    7,
    8,
    9,
    10,
    11,
    12,
    13,
    14,
    15,
    16,
    17,
    18
  ],
  "incumbents_changed": 3,
  "trajectory": [
    {
      "config_ids": [
        1
      ],
      "costs": [
        0.5734802820837315
      ],
      "trial": 1,
      "walltime": 0.023904085159301758
    },
    {
      "config_ids": [
        2
      ],
      "costs": [
        0.5013009302966843
      ],
      "trial": 2,
      "walltime": 1.3555660247802734
    },
    {
      "config_ids": [
        4
      ],
      "costs": [
        0.4893697889292481
      ],
      "trial": 4,
      "walltime": 1.3761160373687744
    }
  ],
  "state": {
    "queue": [
      [
        18,
        1
      ]
    ]
  }
}