{'Clndrs': 4.0, 'Volume': 141.0, 'Model': 81.0, 'origin': 2.0}, {'Clndrs': 6.0, 'Volume': 145.0, 'Model': 81.0, 'origin': 2.0}, {'Clndrs': 4.0, 'Volume': 141.0, 'Model': 79.0, 'origin': 2.0}, {'Clndrs': 5.0, 'Volume': 183.0, 'Model': 79.0, 'origin': 2.0}, {'Clndrs': 4.0, 'Volume': 134.0, 'Model': 78.0, 'origin': 3.0}, {'Clndrs': 4.0, 'Volume': 90.0, 'Model': 74.0, 'origin': 1.0}, {'Clndrs': 4.0, 'Volume': 85.0, 'Model': 76.0, 'origin': 1.0}, {'Clndrs': 5.0, 'Volume': 121.0, 'Model': 80.0, 'origin': 2.0}, {'Clndrs': 4.0, 'Volume': 98.0, 'Model': 71.0, 'origin': 1.0}, {'Clndrs': 4.0, 'Volume': 141.0, 'Model': 79.0, 'origin': 2.0}, {'Clndrs': 4.0, 'Volume': 140.0, 'Model': 71.0, 'origin': 1.0}, {'Clndrs': 4.0, 'Volume': 97.0, 'Model': 76.0, 'origin': 3.0}, {'Clndrs': 4.0, 'Volume': 97.0, 'Model': 71.0, 'origin': 2.0}, {'Clndrs': 4.0, 'Volume': 140.0, 'Model': 72.0, 'origin': 1.0}, {'Clndrs': 4.0, 'Volume': 97.5, 'Model': 72.0, 'origin': 1.0}, {'Clndrs': 4.0, 'Volume': 98.0, 'Model': 82.0, 'origin': 1.0}, {'Clndrs': 4.0, 'Volume': 97.0, 'Model': 82.0, 'origin': 2.0}, {'Clndrs': 5.0, 'Volume': 121.0, 'Model': 80.0, 'origin': 2.0}, {'Clndrs': 4.0, 'Volume': 97.0, 'Model': 82.0, 'origin': 2.0}, {'Clndrs': 4.0, 'Volume': 108.0, 'Model': 73.0, 'origin': 3.0}
0.419834366701459, 0.4235521708778065, 0.3872631585390678, 0.4559540336686524, 0.4899636834013037, 0.4643845026319926, 0.30998225385304745, 0.31159152325128536, 0.3578925042330301, 0.3872631585390678, 0.4436626620892513, 0.4177778452301931, 0.35266393508851945, 0.48745331459620056, 0.40278892307775394, 0.30706763493134415, 0.16745989117220028, 0.31159152325128536, 0.16745989117220028, 0.5334638252177847
0.2629671096801758, 0.14028239250183105, 0.07100439071655273, 0.14922070503234863, 0.15766167640686035, 0.11387109756469727, 0.1096189022064209, 0.10260272026062012, 0.08182263374328613, 0.11366629600524902, 0.16530132293701172, 0.0982975959777832, 0.08845829963684082, 0.07500219345092773, 0.08366918563842773, 0.10082125663757324, 0.06558752059936523, 0.06712913513183594, 0.10726451873779297, 0.12127375602722168