{'Clndrs': 4.0, 'Volume': 97.0, 'Model': 82.0, 'origin': 2.0}, {'Clndrs': 5.0, 'Volume': 121.0, 'Model': 80.0, 'origin': 2.0}, {'Clndrs': 4.0, 'Volume': 97.0, 'Model': 82.0, 'origin': 2.0}, {'Clndrs': 4.0, 'Volume': 97.0, 'Model': 82.0, 'origin': 2.0}, {'Clndrs': 4.0, 'Volume': 97.0, 'Model': 82.0, 'origin': 2.0}, {'Clndrs': 4.0, 'Volume': 97.0, 'Model': 82.0, 'origin': 2.0}, {'Clndrs': 6.0, 'Volume': 145.0, 'Model': 81.0, 'origin': 2.0}, {'Clndrs': 4.0, 'Volume': 97.0, 'Model': 82.0, 'origin': 2.0}, {'Clndrs': 5.0, 'Volume': 121.0, 'Model': 80.0, 'origin': 2.0}, {'Clndrs': 4.0, 'Volume': 97.0, 'Model': 82.0, 'origin': 2.0}, {'Clndrs': 4.0, 'Volume': 85.0, 'Model': 80.0, 'origin': 3.0}, {'Clndrs': 4.0, 'Volume': 97.0, 'Model': 82.0, 'origin': 2.0}, {'Clndrs': 4.0, 'Volume': 85.0, 'Model': 76.0, 'origin': 1.0}, {'Clndrs': 4.0, 'Volume': 85.0, 'Model': 76.0, 'origin': 1.0}, {'Clndrs': 4.0, 'Volume': 90.0, 'Model': 78.0, 'origin': 2.0}, {'Clndrs': 4.0, 'Volume': 85.0, 'Model': 78.0, 'origin': 3.0}, {'Clndrs': 5.0, 'Volume': 121.0, 'Model': 80.0, 'origin': 2.0}, {'Clndrs': 4.0, 'Volume': 97.0, 'Model': 82.0, 'origin': 2.0}, {'Clndrs': 4.0, 'Volume': 97.0, 'Model': 82.0, 'origin': 2.0}, {'Clndrs': 4.0, 'Volume': 97.0, 'Model': 82.0, 'origin': 2.0}
0.16745989117220028, 0.31159152325128536, 0.16745989117220028, 0.16745989117220028, 0.16745989117220028, 0.16745989117220028, 0.4235521708778065, 0.16745989117220028, 0.31159152325128536, 0.16745989117220028, 0.25394722064135844, 0.16745989117220028, 0.30998225385304745, 0.30998225385304745, 0.19339815732352839, 0.26800809420993543, 0.31159152325128536, 0.16745989117220028, 0.16745989117220028, 0.16745989117220028
0.6766171455383301, 0.48062562942504883, 0.6341807842254639, 0.7805273532867432, 0.5513017177581787, 0.48923254013061523, 0.5994892120361328, 0.42993879318237305, 0.5250706672668457, 0.49672889709472656, 0.5246026515960693, 0.4323568344116211, 0.4772639274597168, 0.526543140411377, 0.4986886978149414, 0.4810333251953125, 0.4971282482147217, 0.5469942092895508, 0.41579318046569824, 0.45645833015441895