{'Clndrs': 4.0, 'Volume': 98.0, 'Model': 82.0, 'origin': 1.0}, {'Clndrs': 6.0, 'Volume': 145.0, 'Model': 81.0, 'origin': 2.0}, {'Clndrs': 4.0, 'Volume': 91.0, 'Model': 79.0, 'origin': 2.0}, {'Clndrs': 4.0, 'Volume': 97.0, 'Model': 82.0, 'origin': 2.0}, {'Clndrs': 4.0, 'Volume': 83.0, 'Model': 74.0, 'origin': 3.0}, {'Clndrs': 4.0, 'Volume': 85.0, 'Model': 76.0, 'origin': 1.0}, {'Clndrs': 4.0, 'Volume': 85.0, 'Model': 76.0, 'origin': 1.0}, {'Clndrs': 4.0, 'Volume': 79.0, 'Model': 81.0, 'origin': 3.0}, {'Clndrs': 4.0, 'Volume': 97.0, 'Model': 70.0, 'origin': 2.0}, {'Clndrs': 5.0, 'Volume': 121.0, 'Model': 80.0, 'origin': 2.0}, {'Clndrs': 4.0, 'Volume': 85.0, 'Model': 80.0, 'origin': 3.0}, {'Clndrs': 4.0, 'Volume': 105.0, 'Model': 82.0, 'origin': 2.0}, {'Clndrs': 5.0, 'Volume': 121.0, 'Model': 80.0, 'origin': 2.0}, {'Clndrs': 4.0, 'Volume': 97.0, 'Model': 70.0, 'origin': 2.0}, {'Clndrs': 4.0, 'Volume': 85.0, 'Model': 80.0, 'origin': 2.0}, {'Clndrs': 4.0, 'Volume': 97.0, 'Model': 82.0, 'origin': 2.0}, {'Clndrs': 4.0, 'Volume': 97.0, 'Model': 82.0, 'origin': 2.0}, {'Clndrs': 5.0, 'Volume': 121.0, 'Model': 80.0, 'origin': 2.0}, {'Clndrs': 4.0, 'Volume': 97.0, 'Model': 82.0, 'origin': 2.0}, {'Clndrs': 4.0, 'Volume': 85.0, 'Model': 80.0, 'origin': 2.0}
0.30706763493134415, 0.4235521708778065, 0.3853209531288335, 0.16745989117220028, 0.35656523333298473, 0.30998225385304745, 0.30998225385304745, 0.30835304541281605, 0.3263298147356364, 0.31159152325128536, 0.25394722064135844, 0.36198096077750375, 0.31159152325128536, 0.3263298147356364, 0.2976352869025818, 0.16745989117220028, 0.16745989117220028, 0.31159152325128536, 0.16745989117220028, 0.2976352869025818
0.21424436569213867, 0.16237235069274902, 0.15563607215881348, 0.2311844825744629, 0.3703031539916992, 0.2723524570465088, 0.29448413848876953, 0.17426657676696777, 0.15404367446899414, 0.15108871459960938, 0.2025442123413086, 0.21483993530273438, 0.4388875961303711, 0.36239123344421387, 0.1507408618927002, 0.13454914093017578, 0.1267855167388916, 0.12861871719360352, 0.12417483329772949, 0.1622776985168457