{'Clndrs': 4.0, 'Volume': 68.0, 'Model': 73.0, 'origin': 2.0}, {'Clndrs': 4.0, 'Volume': 134.0, 'Model': 80.0, 'origin': 3.0}, {'Clndrs': 4.0, 'Volume': 140.0, 'Model': 72.0, 'origin': 1.0}, {'Clndrs': 4.0, 'Volume': 86.0, 'Model': 79.0, 'origin': 3.0}, {'Clndrs': 4.0, 'Volume': 91.0, 'Model': 82.0, 'origin': 3.0}, {'Clndrs': 4.0, 'Volume': 85.0, 'Model': 76.0, 'origin': 1.0}, {'Clndrs': 4.0, 'Volume': 98.0, 'Model': 78.0, 'origin': 3.0}, {'Clndrs': 4.0, 'Volume': 141.0, 'Model': 79.0, 'origin': 2.0}, {'Clndrs': 4.0, 'Volume': 98.0, 'Model': 71.0, 'origin': 1.0}, {'Clndrs': 4.0, 'Volume': 98.0, 'Model': 78.0, 'origin': 1.0}, {'Clndrs': 5.0, 'Volume': 183.0, 'Model': 79.0, 'origin': 2.0}, {'Clndrs': 6.0, 'Volume': 145.0, 'Model': 81.0, 'origin': 2.0}, {'Clndrs': 4.0, 'Volume': 98.0, 'Model': 71.0, 'origin': 1.0}, {'Clndrs': 4.0, 'Volume': 108.0, 'Model': 73.0, 'origin': 3.0}, {'Clndrs': 4.0, 'Volume': 91.0, 'Model': 79.0, 'origin': 2.0}, {'Clndrs': 6.0, 'Volume': 262.0, 'Model': 82.0, 'origin': 1.0}, {'Clndrs': 5.0, 'Volume': 121.0, 'Model': 80.0, 'origin': 2.0}, {'Clndrs': 4.0, 'Volume': 97.0, 'Model': 70.0, 'origin': 2.0}, {'Clndrs': 4.0, 'Volume': 91.0, 'Model': 76.0, 'origin': 3.0}, {'Clndrs': 6.0, 'Volume': 173.0, 'Model': 81.0, 'origin': 1.0}
0.34385632337349503, 0.46667509847801336, 0.48745331459620056, 0.44236671263090543, 0.3348019145129377, 0.30998225385304745, 0.41236767459335466, 0.3872631585390678, 0.3578925042330301, 0.3866656733097692, 0.4559540336686524, 0.4235521708778065, 0.3578925042330301, 0.5334638252177847, 0.3853209531288335, 0.38125731428387977, 0.31159152325128536, 0.3263298147356364, 0.38586786743136825, 0.6296177190019359
0.4949610233306885, 0.17171359062194824, 0.1644132137298584, 0.15468263626098633, 0.12759733200073242, 0.2205502986907959, 0.15992498397827148, 0.3113250732421875, 0.07130789756774902, 0.10804319381713867, 0.15001177787780762, 0.2618284225463867, 0.3974323272705078, 0.17353248596191406, 0.3630080223083496, 0.2734067440032959, 1.7808048725128174, 1.051945447921753, 1.1984424591064453, 1.378953456878662