{'Clndrs': 5.0, 'Volume': 121.0, 'Model': 80.0, 'origin': 2.0}, {'Clndrs': 6.0, 'Volume': 145.0, 'Model': 81.0, 'origin': 2.0}, {'Clndrs': 5.0, 'Volume': 121.0, 'Model': 80.0, 'origin': 2.0}, {'Clndrs': 4.0, 'Volume': 85.0, 'Model': 80.0, 'origin': 3.0}, {'Clndrs': 4.0, 'Volume': 85.0, 'Model': 76.0, 'origin': 1.0}, {'Clndrs': 4.0, 'Volume': 85.0, 'Model': 76.0, 'origin': 1.0}, {'Clndrs': 5.0, 'Volume': 121.0, 'Model': 80.0, 'origin': 2.0}, {'Clndrs': 5.0, 'Volume': 121.0, 'Model': 80.0, 'origin': 2.0}, {'Clndrs': 5.0, 'Volume': 121.0, 'Model': 80.0, 'origin': 2.0}, {'Clndrs': 4.0, 'Volume': 91.0, 'Model': 82.0, 'origin': 3.0}, {'Clndrs': 5.0, 'Volume': 121.0, 'Model': 80.0, 'origin': 2.0}, {'Clndrs': 6.0, 'Volume': 145.0, 'Model': 81.0, 'origin': 2.0}, {'Clndrs': 4.0, 'Volume': 98.0, 'Model': 82.0, 'origin': 1.0}, {'Clndrs': 4.0, 'Volume': 85.0, 'Model': 76.0, 'origin': 1.0}, {'Clndrs': 6.0, 'Volume': 145.0, 'Model': 81.0, 'origin': 2.0}, {'Clndrs': 4.0, 'Volume': 85.0, 'Model': 80.0, 'origin': 3.0}, {'Clndrs': 4.0, 'Volume': 85.0, 'Model': 76.0, 'origin': 1.0}, {'Clndrs': 4.0, 'Volume': 90.0, 'Model': 78.0, 'origin': 2.0}, {'Clndrs': 4.0, 'Volume': 97.0, 'Model': 82.0, 'origin': 2.0}, {'Clndrs': 4.0, 'Volume': 98.0, 'Model': 82.0, 'origin': 1.0}
0.31159152325128536, 0.4235521708778065, 0.31159152325128536, 0.25394722064135844, 0.30998225385304745, 0.30998225385304745, 0.31159152325128536, 0.31159152325128536, 0.31159152325128536, 0.3348019145129377, 0.31159152325128536, 0.4235521708778065, 0.30706763493134415, 0.30998225385304745, 0.4235521708778065, 0.25394722064135844, 0.30998225385304745, 0.19339815732352839, 0.16745989117220028, 0.30706763493134415
0.6743109226226807, 0.2701694965362549, 0.31598663330078125, 0.4451899528503418, 0.3079068660736084, 0.23476672172546387, 0.6237170696258545, 0.3497335910797119, 0.3295116424560547, 1.8123908042907715, 1.2506515979766846, 0.39997172355651855, 1.549879550933838, 1.055812120437622, 2.0389938354492188, 0.9517300128936768, 2.0466785430908203, 1.2935409545898438, 1.355102777481079, 2.369150400161743