{'Clndrs': 4.0, 'Volume': 85.0, 'Model': 80.0, 'origin': 3.0}, {'Clndrs': 4.0, 'Volume': 85.0, 'Model': 76.0, 'origin': 1.0}, {'Clndrs': 4.0, 'Volume': 90.0, 'Model': 78.0, 'origin': 2.0}, {'Clndrs': 4.0, 'Volume': 97.0, 'Model': 82.0, 'origin': 2.0}, {'Clndrs': 4.0, 'Volume': 90.0, 'Model': 78.0, 'origin': 2.0}, {'Clndrs': 4.0, 'Volume': 85.0, 'Model': 76.0, 'origin': 1.0}, {'Clndrs': 4.0, 'Volume': 97.0, 'Model': 82.0, 'origin': 2.0}, {'Clndrs': 4.0, 'Volume': 105.0, 'Model': 82.0, 'origin': 2.0}, {'Clndrs': 4.0, 'Volume': 97.0, 'Model': 82.0, 'origin': 2.0}, {'Clndrs': 4.0, 'Volume': 97.0, 'Model': 82.0, 'origin': 2.0}, {'Clndrs': 4.0, 'Volume': 85.0, 'Model': 80.0, 'origin': 2.0}, {'Clndrs': 5.0, 'Volume': 121.0, 'Model': 80.0, 'origin': 2.0}, {'Clndrs': 4.0, 'Volume': 97.0, 'Model': 82.0, 'origin': 2.0}, {'Clndrs': 4.0, 'Volume': 97.0, 'Model': 82.0, 'origin': 2.0}, {'Clndrs': 4.0, 'Volume': 71.0, 'Model': 74.0, 'origin': 3.0}, {'Clndrs': 4.0, 'Volume': 91.0, 'Model': 71.0, 'origin': 1.0}, {'Clndrs': 4.0, 'Volume': 90.0, 'Model': 78.0, 'origin': 2.0}, {'Clndrs': 4.0, 'Volume': 79.0, 'Model': 77.0, 'origin': 2.0}, {'Clndrs': 6.0, 'Volume': 262.0, 'Model': 82.0, 'origin': 1.0}, {'Clndrs': 4.0, 'Volume': 97.0, 'Model': 82.0, 'origin': 2.0}
0.25394722064135844, 0.30998225385304745, 0.19339815732352839, 0.16745989117220028, 0.19339815732352839, 0.30998225385304745, 0.16745989117220028, 0.36198096077750375, 0.16745989117220028, 0.16745989117220028, 0.2976352869025818, 0.31159152325128536, 0.16745989117220028, 0.16745989117220028, 0.3189355873546329, 0.32909678259718966, 0.19339815732352839, 0.2596851205899111, 0.38125731428387977, 0.16745989117220028
0.3109931945800781, 0.22044777870178223, 0.24152565002441406, 0.2503175735473633, 0.24014544486999512, 0.20287322998046875, 0.28200340270996094, 0.2165052890777588, 0.1942119598388672, 0.3368377685546875, 0.20956635475158691, 0.18408679962158203, 0.20237135887145996, 0.21196556091308594, 0.1957540512084961, 0.2218303680419922, 0.22345566749572754, 0.26001811027526855, 0.19248461723327637, 0.17544913291931152