{'Clndrs': 4.0, 'Volume': 97.0, 'Model': 82.0, 'origin': 2.0}, {'Clndrs': 6.0, 'Volume': 145.0, 'Model': 81.0, 'origin': 2.0}, {'Clndrs': 6.0, 'Volume': 145.0, 'Model': 81.0, 'origin': 2.0}, {'Clndrs': 4.0, 'Volume': 97.0, 'Model': 82.0, 'origin': 2.0}, {'Clndrs': 4.0, 'Volume': 98.0, 'Model': 82.0, 'origin': 1.0}, {'Clndrs': 4.0, 'Volume': 90.0, 'Model': 78.0, 'origin': 2.0}, {'Clndrs': 4.0, 'Volume': 85.0, 'Model': 76.0, 'origin': 1.0}, {'Clndrs': 4.0, 'Volume': 79.0, 'Model': 81.0, 'origin': 3.0}, {'Clndrs': 4.0, 'Volume': 90.0, 'Model': 78.0, 'origin': 2.0}, {'Clndrs': 4.0, 'Volume': 97.0, 'Model': 82.0, 'origin': 2.0}, {'Clndrs': 4.0, 'Volume': 97.0, 'Model': 82.0, 'origin': 2.0}, {'Clndrs': 4.0, 'Volume': 97.0, 'Model': 82.0, 'origin': 2.0}, {'Clndrs': 5.0, 'Volume': 121.0, 'Model': 80.0, 'origin': 2.0}, {'Clndrs': 4.0, 'Volume': 97.0, 'Model': 82.0, 'origin': 2.0}, {'Clndrs': 4.0, 'Volume': 85.0, 'Model': 80.0, 'origin': 2.0}, {'Clndrs': 4.0, 'Volume': 97.0, 'Model': 82.0, 'origin': 2.0}, {'Clndrs': 4.0, 'Volume': 97.0, 'Model': 82.0, 'origin': 2.0}, {'Clndrs': 5.0, 'Volume': 121.0, 'Model': 80.0, 'origin': 2.0}, {'Clndrs': 4.0, 'Volume': 97.0, 'Model': 82.0, 'origin': 2.0}, {'Clndrs': 4.0, 'Volume': 97.0, 'Model': 82.0, 'origin': 2.0}
0.16745989117220028, 0.4235521708778065, 0.4235521708778065, 0.16745989117220028, 0.30706763493134415, 0.19339815732352839, 0.30998225385304745, 0.30835304541281605, 0.19339815732352839, 0.16745989117220028, 0.16745989117220028, 0.16745989117220028, 0.31159152325128536, 0.16745989117220028, 0.2976352869025818, 0.16745989117220028, 0.16745989117220028, 0.31159152325128536, 0.16745989117220028, 0.16745989117220028
0.4862051010131836, 0.3270256519317627, 0.25511908531188965, 0.4168245792388916, 0.3883848190307617, 0.24526286125183105, 0.21561264991760254, 0.23966312408447266, 0.2630021572113037, 0.32750725746154785, 0.25087642669677734, 0.2744588851928711, 0.24663782119750977, 0.2316575050354004, 0.22499966621398926, 0.24464654922485352, 0.2039048671722412, 0.18796467781066895, 0.20737385749816895, 0.25638318061828613