{'Clndrs': 4.0, 'Volume': 85.0, 'Model': 80.0, 'origin': 3.0}, {'Clndrs': 4.0, 'Volume': 85.0, 'Model': 77.0, 'origin': 3.0}, {'Clndrs': 4.0, 'Volume': 98.0, 'Model': 80.0, 'origin': 2.0}, {'Clndrs': 6.0, 'Volume': 262.0, 'Model': 82.0, 'origin': 1.0}, {'Clndrs': 4.0, 'Volume': 90.0, 'Model': 78.0, 'origin': 2.0}, {'Clndrs': 4.0, 'Volume': 85.0, 'Model': 76.0, 'origin': 1.0}, {'Clndrs': 4.0, 'Volume': 97.0, 'Model': 82.0, 'origin': 2.0}, {'Clndrs': 4.0, 'Volume': 141.0, 'Model': 79.0, 'origin': 2.0}, {'Clndrs': 4.0, 'Volume': 85.0, 'Model': 76.0, 'origin': 1.0}, {'Clndrs': 4.0, 'Volume': 98.0, 'Model': 78.0, 'origin': 1.0}, {'Clndrs': 4.0, 'Volume': 98.0, 'Model': 76.0, 'origin': 1.0}, {'Clndrs': 6.0, 'Volume': 181.0, 'Model': 82.0, 'origin': 1.0}, {'Clndrs': 4.0, 'Volume': 98.0, 'Model': 82.0, 'origin': 1.0}, {'Clndrs': 5.0, 'Volume': 121.0, 'Model': 80.0, 'origin': 2.0}, {'Clndrs': 4.0, 'Volume': 91.0, 'Model': 71.0, 'origin': 1.0}, {'Clndrs': 4.0, 'Volume': 140.0, 'Model': 71.0, 'origin': 1.0}, {'Clndrs': 4.0, 'Volume': 85.0, 'Model': 76.0, 'origin': 1.0}, {'Clndrs': 4.0, 'Volume': 97.0, 'Model': 70.0, 'origin': 2.0}, {'Clndrs': 4.0, 'Volume': 140.0, 'Model': 71.0, 'origin': 1.0}, {'Clndrs': 5.0, 'Volume': 121.0, 'Model': 80.0, 'origin': 2.0}
0.25394722064135844, 0.40233402905237403, 0.3858307736456239, 0.38125731428387977, 0.19339815732352839, 0.30998225385304745, 0.16745989117220028, 0.3872631585390678, 0.30998225385304745, 0.3866656733097692, 0.3923177859578426, 0.4628266828506824, 0.30706763493134415, 0.31159152325128536, 0.32909678259718966, 0.4436626620892513, 0.30998225385304745, 0.3263298147356364, 0.4436626620892513, 0.31159152325128536
0.3632838726043701, 0.2682020664215088, 0.6157205104827881, 0.32173824310302734, 0.10706114768981934, 0.3476755619049072, 0.30536603927612305, 0.2635996341705322, 0.2814044952392578, 0.44637227058410645, 0.3146519660949707, 0.34868645668029785, 0.2685399055480957, 0.14618372917175293, 0.1724545955657959, 0.12943553924560547, 0.19730901718139648, 0.0925755500793457, 0.15031695365905762, 0.1103360652923584