{'Clndrs': 4.0, 'Volume': 122.0, 'Model': 73.0, 'origin': 1.0}, {'Clndrs': 4.0, 'Volume': 85.0, 'Model': 77.0, 'origin': 3.0}, {'Clndrs': 4.0, 'Volume': 97.0, 'Model': 76.0, 'origin': 3.0}, {'Clndrs': 4.0, 'Volume': 98.0, 'Model': 79.0, 'origin': 1.0}, {'Clndrs': 4.0, 'Volume': 90.0, 'Model': 78.0, 'origin': 2.0}, {'Clndrs': 4.0, 'Volume': 85.0, 'Model': 76.0, 'origin': 1.0}, {'Clndrs': 4.0, 'Volume': 97.0, 'Model': 82.0, 'origin': 2.0}, {'Clndrs': 4.0, 'Volume': 122.0, 'Model': 74.0, 'origin': 1.0}, {'Clndrs': 4.0, 'Volume': 85.0, 'Model': 76.0, 'origin': 1.0}, {'Clndrs': 4.0, 'Volume': 121.0, 'Model': 79.0, 'origin': 1.0}, {'Clndrs': 4.0, 'Volume': 98.0, 'Model': 76.0, 'origin': 1.0}, {'Clndrs': 6.0, 'Volume': 181.0, 'Model': 82.0, 'origin': 1.0}, {'Clndrs': 6.0, 'Volume': 262.0, 'Model': 82.0, 'origin': 1.0}, {'Clndrs': 5.0, 'Volume': 121.0, 'Model': 80.0, 'origin': 2.0}, {'Clndrs': 4.0, 'Volume': 97.0, 'Model': 71.0, 'origin': 3.0}, {'Clndrs': 4.0, 'Volume': 140.0, 'Model': 71.0, 'origin': 1.0}, {'Clndrs': 4.0, 'Volume': 98.0, 'Model': 78.0, 'origin': 1.0}, {'Clndrs': 4.0, 'Volume': 97.0, 'Model': 70.0, 'origin': 2.0}, {'Clndrs': 4.0, 'Volume': 140.0, 'Model': 71.0, 'origin': 1.0}, {'Clndrs': 5.0, 'Volume': 121.0, 'Model': 80.0, 'origin': 2.0}
0.49738583989062934, 0.40233402905237403, 0.4177778452301931, 0.3886093263676752, 0.19339815732352839, 0.30998225385304745, 0.16745989117220028, 0.42838252453376957, 0.30998225385304745, 0.4761269953755567, 0.3923177859578426, 0.4628266828506824, 0.38125731428387977, 0.31159152325128536, 0.46453291705154875, 0.4436626620892513, 0.3866656733097692, 0.3263298147356364, 0.4436626620892513, 0.31159152325128536
0.3857142925262451, 0.33048272132873535, 0.3102302551269531, 0.18911170959472656, 0.17014813423156738, 0.3036212921142578, 0.18491387367248535, 0.1849062442779541, 0.3119778633117676, 0.3300924301147461, 0.39031457901000977, 0.10304832458496094, 0.19948983192443848, 0.24507784843444824, 0.08726692199707031, 0.06241488456726074, 0.2465202808380127, 0.3620319366455078, 0.3461289405822754, 0.07931303977966309