{'Clndrs': 4.0, 'Volume': 68.0, 'Model': 73.0, 'origin': 2.0}, {'Clndrs': 4.0, 'Volume': 85.0, 'Model': 79.0, 'origin': 3.0}, {'Clndrs': 4.0, 'Volume': 98.0, 'Model': 80.0, 'origin': 1.0}, {'Clndrs': 4.0, 'Volume': 91.0, 'Model': 71.0, 'origin': 1.0}, {'Clndrs': 6.0, 'Volume': 145.0, 'Model': 81.0, 'origin': 2.0}, {'Clndrs': 4.0, 'Volume': 85.0, 'Model': 76.0, 'origin': 1.0}, {'Clndrs': 5.0, 'Volume': 121.0, 'Model': 80.0, 'origin': 2.0}, {'Clndrs': 4.0, 'Volume': 97.0, 'Model': 70.0, 'origin': 2.0}, {'Clndrs': 4.0, 'Volume': 98.0, 'Model': 71.0, 'origin': 1.0}, {'Clndrs': 4.0, 'Volume': 85.0, 'Model': 79.0, 'origin': 3.0}, {'Clndrs': 4.0, 'Volume': 98.0, 'Model': 77.0, 'origin': 1.0}, {'Clndrs': 6.0, 'Volume': 145.0, 'Model': 81.0, 'origin': 2.0}, {'Clndrs': 4.0, 'Volume': 98.0, 'Model': 71.0, 'origin': 1.0}, {'Clndrs': 4.0, 'Volume': 85.0, 'Model': 76.0, 'origin': 1.0}, {'Clndrs': 6.0, 'Volume': 262.0, 'Model': 82.0, 'origin': 1.0}, {'Clndrs': 4.0, 'Volume': 85.0, 'Model': 80.0, 'origin': 3.0}, {'Clndrs': 5.0, 'Volume': 121.0, 'Model': 80.0, 'origin': 2.0}, {'Clndrs': 5.0, 'Volume': 121.0, 'Model': 80.0, 'origin': 2.0}, {'Clndrs': 4.0, 'Volume': 79.0, 'Model': 74.0, 'origin': 3.0}, {'Clndrs': 4.0, 'Volume': 85.0, 'Model': 76.0, 'origin': 1.0}
0.34385632337349503, 0.35328328444748114, 0.43859809984807896, 0.32909678259718966, 0.4235521708778065, 0.30998225385304745, 0.31159152325128536, 0.3263298147356364, 0.3578925042330301, 0.35328328444748114, 0.427319524218716, 0.4235521708778065, 0.3578925042330301, 0.30998225385304745, 0.38125731428387977, 0.25394722064135844, 0.31159152325128536, 0.31159152325128536, 0.35511448019040315, 0.30998225385304745
0.59840989112854, 0.2522737979888916, 0.47660279273986816, 2.028979539871216, 0.8060693740844727, 0.7119314670562744, 1.8977830410003662, 0.6626663208007812, 1.224693775177002, 0.7453835010528564, 1.7089226245880127, 0.5557823181152344, 0.9601483345031738, 1.3434557914733887, 1.4685111045837402, 0.9889218807220459, 1.2450878620147705, 1.2425458431243896, 1.2073969841003418, 1.8751938343048096