{'Clndrs': 5.0, 'Volume': 121.0, 'Model': 80.0, 'origin': 2.0}, {'Clndrs': 6.0, 'Volume': 145.0, 'Model': 81.0, 'origin': 2.0}, {'Clndrs': 4.0, 'Volume': 141.0, 'Model': 79.0, 'origin': 2.0}, {'Clndrs': 5.0, 'Volume': 121.0, 'Model': 80.0, 'origin': 2.0}, {'Clndrs': 4.0, 'Volume': 97.0, 'Model': 81.0, 'origin': 3.0}, {'Clndrs': 4.0, 'Volume': 85.0, 'Model': 76.0, 'origin': 1.0}, {'Clndrs': 4.0, 'Volume': 85.0, 'Model': 76.0, 'origin': 1.0}, {'Clndrs': 4.0, 'Volume': 89.0, 'Model': 80.0, 'origin': 3.0}, {'Clndrs': 4.0, 'Volume': 97.0, 'Model': 70.0, 'origin': 2.0}, {'Clndrs': 6.0, 'Volume': 262.0, 'Model': 82.0, 'origin': 1.0}, {'Clndrs': 4.0, 'Volume': 98.0, 'Model': 79.0, 'origin': 1.0}, {'Clndrs': 4.0, 'Volume': 97.0, 'Model': 76.0, 'origin': 3.0}, {'Clndrs': 4.0, 'Volume': 68.0, 'Model': 73.0, 'origin': 2.0}, {'Clndrs': 4.0, 'Volume': 97.0, 'Model': 70.0, 'origin': 2.0}, {'Clndrs': 4.0, 'Volume': 97.5, 'Model': 72.0, 'origin': 1.0}, {'Clndrs': 4.0, 'Volume': 98.0, 'Model': 82.0, 'origin': 1.0}, {'Clndrs': 4.0, 'Volume': 97.0, 'Model': 82.0, 'origin': 2.0}, {'Clndrs': 5.0, 'Volume': 121.0, 'Model': 80.0, 'origin': 2.0}, {'Clndrs': 4.0, 'Volume': 97.0, 'Model': 82.0, 'origin': 2.0}, {'Clndrs': 4.0, 'Volume': 113.0, 'Model': 71.0, 'origin': 3.0}
0.31159152325128536, 0.4235521708778065, 0.3872631585390678, 0.31159152325128536, 0.3829859092340627, 0.30998225385304745, 0.30998225385304745, 0.25831625843393935, 0.3263298147356364, 0.38125731428387977, 0.3886093263676752, 0.4177778452301931, 0.34385632337349503, 0.3263298147356364, 0.40278892307775394, 0.30706763493134415, 0.16745989117220028, 0.31159152325128536, 0.16745989117220028, 0.4808568419603494
0.45821356773376465, 0.11660504341125488, 0.08338451385498047, 0.11951899528503418, 0.1352391242980957, 0.2312314510345459, 0.10388946533203125, 0.10648274421691895, 0.11975932121276855, 0.09943270683288574, 0.10214400291442871, 0.13534998893737793, 0.1498575210571289, 0.1460728645324707, 0.17319822311401367, 0.15900588035583496, 0.07154965400695801, 0.09227681159973145, 0.08695554733276367, 0.08429813385009766