{'Clndrs': 4.0, 'Volume': 97.0, 'Model': 82.0, 'origin': 2.0}, {'Clndrs': 6.0, 'Volume': 262.0, 'Model': 82.0, 'origin': 1.0}, {'Clndrs': 4.0, 'Volume': 97.0, 'Model': 82.0, 'origin': 2.0}, {'Clndrs': 4.0, 'Volume': 90.0, 'Model': 78.0, 'origin': 2.0}, {'Clndrs': 4.0, 'Volume': 68.0, 'Model': 73.0, 'origin': 2.0}, {'Clndrs': 4.0, 'Volume': 98.0, 'Model': 82.0, 'origin': 1.0}, {'Clndrs': 5.0, 'Volume': 121.0, 'Model': 80.0, 'origin': 2.0}, {'Clndrs': 4.0, 'Volume': 97.0, 'Model': 82.0, 'origin': 2.0}, {'Clndrs': 4.0, 'Volume': 97.0, 'Model': 70.0, 'origin': 2.0}, {'Clndrs': 6.0, 'Volume': 145.0, 'Model': 81.0, 'origin': 2.0}, {'Clndrs': 4.0, 'Volume': 89.0, 'Model': 80.0, 'origin': 3.0}, {'Clndrs': 5.0, 'Volume': 121.0, 'Model': 80.0, 'origin': 2.0}, {'Clndrs': 6.0, 'Volume': 262.0, 'Model': 82.0, 'origin': 1.0}, {'Clndrs': 4.0, 'Volume': 91.0, 'Model': 71.0, 'origin': 1.0}, {'Clndrs': 5.0, 'Volume': 121.0, 'Model': 80.0, 'origin': 2.0}, {'Clndrs': 4.0, 'Volume': 85.0, 'Model': 80.0, 'origin': 2.0}, {'Clndrs': 5.0, 'Volume': 121.0, 'Model': 80.0, 'origin': 2.0}, {'Clndrs': 4.0, 'Volume': 91.0, 'Model': 71.0, 'origin': 1.0}, {'Clndrs': 4.0, 'Volume': 97.0, 'Model': 82.0, 'origin': 2.0}, {'Clndrs': 4.0, 'Volume': 97.0, 'Model': 70.0, 'origin': 2.0}
0.16745989117220028, 0.38125731428387977, 0.16745989117220028, 0.19339815732352839, 0.34385632337349503, 0.30706763493134415, 0.31159152325128536, 0.16745989117220028, 0.3263298147356364, 0.4235521708778065, 0.25831625843393935, 0.31159152325128536, 0.38125731428387977, 0.32909678259718966, 0.31159152325128536, 0.2976352869025818, 0.31159152325128536, 0.32909678259718966, 0.16745989117220028, 0.3263298147356364
0.25966644287109375, 0.14590954780578613, 0.15458393096923828, 0.15444087982177734, 0.16005635261535645, 0.1382918357849121, 0.17143678665161133, 0.13514351844787598, 0.1670055389404297, 0.1414656639099121, 0.1523442268371582, 0.13865041732788086, 0.11746335029602051, 0.14901304244995117, 0.1272127628326416, 0.13027453422546387, 0.15742206573486328, 0.17151355743408203, 0.10605502128601074, 0.10956263542175293