{'Clndrs': 4.0, 'Volume': 85.0, 'Model': 76.0, 'origin': 1.0}, {'Clndrs': 4.0, 'Volume': 98.0, 'Model': 82.0, 'origin': 1.0}, {'Clndrs': 5.0, 'Volume': 121.0, 'Model': 80.0, 'origin': 2.0}, {'Clndrs': 4.0, 'Volume': 85.0, 'Model': 80.0, 'origin': 3.0}, {'Clndrs': 4.0, 'Volume': 85.0, 'Model': 76.0, 'origin': 1.0}, {'Clndrs': 4.0, 'Volume': 85.0, 'Model': 76.0, 'origin': 1.0}, {'Clndrs': 4.0, 'Volume': 86.0, 'Model': 80.0, 'origin': 3.0}, {'Clndrs': 5.0, 'Volume': 121.0, 'Model': 80.0, 'origin': 2.0}, {'Clndrs': 4.0, 'Volume': 90.0, 'Model': 78.0, 'origin': 2.0}, {'Clndrs': 4.0, 'Volume': 91.0, 'Model': 82.0, 'origin': 3.0}, {'Clndrs': 5.0, 'Volume': 121.0, 'Model': 80.0, 'origin': 2.0}, {'Clndrs': 6.0, 'Volume': 145.0, 'Model': 81.0, 'origin': 2.0}, {'Clndrs': 4.0, 'Volume': 98.0, 'Model': 82.0, 'origin': 1.0}, {'Clndrs': 4.0, 'Volume': 97.0, 'Model': 82.0, 'origin': 2.0}, {'Clndrs': 6.0, 'Volume': 145.0, 'Model': 81.0, 'origin': 2.0}, {'Clndrs': 4.0, 'Volume': 85.0, 'Model': 80.0, 'origin': 3.0}, {'Clndrs': 4.0, 'Volume': 85.0, 'Model': 76.0, 'origin': 1.0}, {'Clndrs': 4.0, 'Volume': 90.0, 'Model': 78.0, 'origin': 2.0}, {'Clndrs': 4.0, 'Volume': 97.0, 'Model': 82.0, 'origin': 2.0}, {'Clndrs': 4.0, 'Volume': 85.0, 'Model': 80.0, 'origin': 2.0}
0.30998225385304745, 0.30706763493134415, 0.31159152325128536, 0.25394722064135844, 0.30998225385304745, 0.30998225385304745, 0.25069416027841385, 0.31159152325128536, 0.19339815732352839, 0.3348019145129377, 0.31159152325128536, 0.4235521708778065, 0.30706763493134415, 0.16745989117220028, 0.4235521708778065, 0.25394722064135844, 0.30998225385304745, 0.19339815732352839, 0.16745989117220028, 0.2976352869025818
1.6090402603149414, 2.6086370944976807, 2.508875608444214, 2.51977801322937, 1.9016566276550293, 1.3047168254852295, 1.6017124652862549, 1.5879807472229004, 1.4816296100616455, 1.2859885692596436, 1.0418105125427246, 0.9449203014373779, 0.9987506866455078, 1.1497032642364502, 0.710193395614624, 0.45013999938964844, 0.5323679447174072, 0.4529383182525635, 0.341249942779541, 0.4411313533782959