{'Clndrs': 4.0, 'Volume': 98.0, 'Model': 82.0, 'origin': 1.0}, {'Clndrs': 6.0, 'Volume': 145.0, 'Model': 81.0, 'origin': 2.0}, {'Clndrs': 4.0, 'Volume': 91.0, 'Model': 79.0, 'origin': 2.0}, {'Clndrs': 4.0, 'Volume': 97.0, 'Model': 82.0, 'origin': 2.0}, {'Clndrs': 4.0, 'Volume': 83.0, 'Model': 74.0, 'origin': 3.0}, {'Clndrs': 4.0, 'Volume': 85.0, 'Model': 76.0, 'origin': 1.0}, {'Clndrs': 4.0, 'Volume': 85.0, 'Model': 76.0, 'origin': 1.0}, {'Clndrs': 4.0, 'Volume': 79.0, 'Model': 81.0, 'origin': 3.0}, {'Clndrs': 4.0, 'Volume': 97.0, 'Model': 70.0, 'origin': 2.0}, {'Clndrs': 5.0, 'Volume': 121.0, 'Model': 80.0, 'origin': 2.0}, {'Clndrs': 4.0, 'Volume': 85.0, 'Model': 80.0, 'origin': 3.0}, {'Clndrs': 4.0, 'Volume': 105.0, 'Model': 82.0, 'origin': 2.0}, {'Clndrs': 5.0, 'Volume': 121.0, 'Model': 80.0, 'origin': 2.0}, {'Clndrs': 4.0, 'Volume': 97.0, 'Model': 70.0, 'origin': 2.0}, {'Clndrs': 4.0, 'Volume': 85.0, 'Model': 80.0, 'origin': 2.0}, {'Clndrs': 4.0, 'Volume': 97.0, 'Model': 82.0, 'origin': 2.0}, {'Clndrs': 4.0, 'Volume': 97.0, 'Model': 82.0, 'origin': 2.0}, {'Clndrs': 5.0, 'Volume': 121.0, 'Model': 80.0, 'origin': 2.0}, {'Clndrs': 4.0, 'Volume': 97.0, 'Model': 82.0, 'origin': 2.0}, {'Clndrs': 4.0, 'Volume': 85.0, 'Model': 80.0, 'origin': 2.0}
0.30706763493134415, 0.4235521708778065, 0.3853209531288335, 0.16745989117220028, 0.35656523333298473, 0.30998225385304745, 0.30998225385304745, 0.30835304541281605, 0.3263298147356364, 0.31159152325128536, 0.25394722064135844, 0.36198096077750375, 0.31159152325128536, 0.3263298147356364, 0.2976352869025818, 0.16745989117220028, 0.16745989117220028, 0.31159152325128536, 0.16745989117220028, 0.2976352869025818
0.40347862243652344, 0.2411191463470459, 0.31470727920532227, 0.2519190311431885, 0.20907020568847656, 0.19958257675170898, 0.18885588645935059, 0.17305922508239746, 0.12781238555908203, 0.17741727828979492, 0.2155005931854248, 0.1804211139678955, 0.29378294944763184, 0.16698575019836426, 0.15596938133239746, 0.24107742309570312, 0.20999526977539062, 0.1321117877960205, 0.1654491424560547, 0.32024240493774414