{'Clndrs': 4.0, 'Volume': 85.0, 'Model': 80.0, 'origin': 3.0}, {'Clndrs': 4.0, 'Volume': 85.0, 'Model': 77.0, 'origin': 3.0}, {'Clndrs': 4.0, 'Volume': 97.0, 'Model': 76.0, 'origin': 3.0}, {'Clndrs': 6.0, 'Volume': 262.0, 'Model': 82.0, 'origin': 1.0}, {'Clndrs': 4.0, 'Volume': 90.0, 'Model': 78.0, 'origin': 2.0}, {'Clndrs': 4.0, 'Volume': 85.0, 'Model': 76.0, 'origin': 1.0}, {'Clndrs': 4.0, 'Volume': 97.0, 'Model': 82.0, 'origin': 2.0}, {'Clndrs': 4.0, 'Volume': 141.0, 'Model': 79.0, 'origin': 2.0}, {'Clndrs': 4.0, 'Volume': 85.0, 'Model': 76.0, 'origin': 1.0}, {'Clndrs': 4.0, 'Volume': 90.0, 'Model': 75.0, 'origin': 2.0}, {'Clndrs': 4.0, 'Volume': 98.0, 'Model': 76.0, 'origin': 1.0}, {'Clndrs': 6.0, 'Volume': 181.0, 'Model': 82.0, 'origin': 1.0}, {'Clndrs': 4.0, 'Volume': 98.0, 'Model': 82.0, 'origin': 1.0}, {'Clndrs': 5.0, 'Volume': 121.0, 'Model': 80.0, 'origin': 2.0}, {'Clndrs': 4.0, 'Volume': 91.0, 'Model': 71.0, 'origin': 1.0}, {'Clndrs': 4.0, 'Volume': 140.0, 'Model': 71.0, 'origin': 1.0}, {'Clndrs': 5.0, 'Volume': 121.0, 'Model': 80.0, 'origin': 2.0}, {'Clndrs': 4.0, 'Volume': 97.0, 'Model': 70.0, 'origin': 2.0}, {'Clndrs': 4.0, 'Volume': 140.0, 'Model': 71.0, 'origin': 1.0}, {'Clndrs': 5.0, 'Volume': 121.0, 'Model': 80.0, 'origin': 2.0}
0.25394722064135844, 0.40233402905237403, 0.4177778452301931, 0.38125731428387977, 0.19339815732352839, 0.30998225385304745, 0.16745989117220028, 0.3872631585390678, 0.30998225385304745, 0.473182161951178, 0.3923177859578426, 0.4628266828506824, 0.30706763493134415, 0.31159152325128536, 0.32909678259718966, 0.4436626620892513, 0.31159152325128536, 0.3263298147356364, 0.4436626620892513, 0.31159152325128536
0.23816370964050293, 0.21759891510009766, 0.14284253120422363, 0.24271631240844727, 0.28443193435668945, 0.21129274368286133, 0.2076575756072998, 0.2505483627319336, 0.2951314449310303, 0.38701510429382324, 0.3272688388824463, 0.17223477363586426, 0.2269744873046875, 0.2758641242980957, 0.3540382385253906, 0.14602947235107422, 0.2835564613342285, 0.2424910068511963, 0.28020358085632324, 0.09419703483581543