{'Clndrs': 4.0, 'Volume': 68.0, 'Model': 73.0, 'origin': 2.0}, {'Clndrs': 4.0, 'Volume': 85.0, 'Model': 79.0, 'origin': 3.0}, {'Clndrs': 4.0, 'Volume': 98.0, 'Model': 80.0, 'origin': 1.0}, {'Clndrs': 4.0, 'Volume': 105.0, 'Model': 81.0, 'origin': 1.0}, {'Clndrs': 6.0, 'Volume': 145.0, 'Model': 81.0, 'origin': 2.0}, {'Clndrs': 4.0, 'Volume': 85.0, 'Model': 76.0, 'origin': 1.0}, {'Clndrs': 5.0, 'Volume': 121.0, 'Model': 80.0, 'origin': 2.0}, {'Clndrs': 4.0, 'Volume': 97.0, 'Model': 70.0, 'origin': 2.0}, {'Clndrs': 4.0, 'Volume': 98.0, 'Model': 71.0, 'origin': 1.0}, {'Clndrs': 4.0, 'Volume': 85.0, 'Model': 79.0, 'origin': 3.0}, {'Clndrs': 4.0, 'Volume': 89.0, 'Model': 78.0, 'origin': 2.0}, {'Clndrs': 6.0, 'Volume': 145.0, 'Model': 81.0, 'origin': 2.0}, {'Clndrs': 4.0, 'Volume': 98.0, 'Model': 71.0, 'origin': 1.0}, {'Clndrs': 4.0, 'Volume': 85.0, 'Model': 76.0, 'origin': 1.0}, {'Clndrs': 6.0, 'Volume': 262.0, 'Model': 82.0, 'origin': 1.0}, {'Clndrs': 4.0, 'Volume': 85.0, 'Model': 80.0, 'origin': 3.0}, {'Clndrs': 5.0, 'Volume': 121.0, 'Model': 80.0, 'origin': 2.0}, {'Clndrs': 5.0, 'Volume': 121.0, 'Model': 80.0, 'origin': 2.0}, {'Clndrs': 4.0, 'Volume': 79.0, 'Model': 74.0, 'origin': 3.0}, {'Clndrs': 4.0, 'Volume': 85.0, 'Model': 76.0, 'origin': 1.0}
0.34385632337349503, 0.35328328444748114, 0.43859809984807896, 0.4569429001699674, 0.4235521708778065, 0.30998225385304745, 0.31159152325128536, 0.3263298147356364, 0.3578925042330301, 0.35328328444748114, 0.4504379582622964, 0.4235521708778065, 0.3578925042330301, 0.30998225385304745, 0.38125731428387977, 0.25394722064135844, 0.31159152325128536, 0.31159152325128536, 0.35511448019040315, 0.30998225385304745
1.6756081581115723, 1.9476194381713867, 1.6113862991333008, 1.2401580810546875, 1.5094056129455566, 1.5898969173431396, 1.7222206592559814, 1.0194339752197266, 0.4962272644042969, 1.438997507095337, 1.1602318286895752, 0.5212604999542236, 1.0672352313995361, 1.18550705909729, 1.350844144821167, 0.6321415901184082, 1.020505428314209, 0.808647871017456, 0.7282869815826416, 1.0140950679779053