{'Spout_wait': 9.0, 'Spliters': 6.0, 'Counters': 11.0}, {'Spout_wait': 10.0, 'Spliters': 4.0, 'Counters': 16.0}, {'Spout_wait': 3.0, 'Spliters': 6.0, 'Counters': 17.0}, {'Spout_wait': 9.0, 'Spliters': 3.0, 'Counters': 18.0}, {'Spout_wait': 2.0, 'Spliters': 4.0, 'Counters': 15.0}, {'Spout_wait': 8.0, 'Spliters': 4.0, 'Counters': 13.0}, {'Spout_wait': 4.0, 'Spliters': 5.0, 'Counters': 14.0}, {'Spout_wait': 10.0, 'Spliters': 4.0, 'Counters': 15.0}, {'Spout_wait': 9.0, 'Spliters': 6.0, 'Counters': 17.0}, {'Spout_wait': 3.0, 'Spliters': 5.0, 'Counters': 17.0}, {'Spout_wait': 5.0, 'Spliters': 5.0, 'Counters': 15.0}, {'Spout_wait': 10.0, 'Spliters': 2.0, 'Counters': 12.0}, {'Spout_wait': 10.0, 'Spliters': 3.0, 'Counters': 16.0}, {'Spout_wait': 9.0, 'Spliters': 5.0, 'Counters': 18.0}, {'Spout_wait': 100.0, 'Spliters': 2.0, 'Counters': 12.0}, {'Spout_wait': 100.0, 'Spliters': 6.0, 'Counters': 10.0}, {'Spout_wait': 9.0, 'Spliters': 6.0, 'Counters': 12.0}, {'Spout_wait': 5.0, 'Spliters': 6.0, 'Counters': 13.0}, {'Spout_wait': 4.0, 'Spliters': 6.0, 'Counters': 10.0}, {'Spout_wait': 3.0, 'Spliters': 3.0, 'Counters': 18.0}
0.09877264668340935, 0.07739417901803258, 0.031565920769186406, 0.05981031067793674, 0.0925167690679376, 0.10556090118423667, 0.1067112296090571, 0.030368608200511682, 0.008586239120553896, 0.07451111866140236, 0.06522933540472042, 0.17915464345086873, 0.08563426221181725, 0.09199815275663703, 0.1586512005227313, 0.1030066304811641, 0.06901207886297123, 0.096910783067086, 0.11161224463988029, 0.10244888762132565
0.2505967617034912, 0.10933661460876465, 0.10161519050598145, 0.1253337860107422, 0.2226872444152832, 0.0888361930847168, 0.21897554397583008, 0.20180177688598633, 0.19701838493347168, 0.26338744163513184, 0.21378445625305176, 0.2254021167755127, 0.22835397720336914, 0.1460740566253662, 0.16619515419006348, 0.1434788703918457, 0.09163498878479004, 0.11588001251220703, 0.27957725524902344, 0.09726285934448242