{'Spout_wait': 9.0, 'Spliters': 6.0, 'Counters': 17.0}, {'Spout_wait': 10.0, 'Spliters': 4.0, 'Counters': 17.0}, {'Spout_wait': 7.0, 'Spliters': 6.0, 'Counters': 17.0}, {'Spout_wait': 10.0, 'Spliters': 5.0, 'Counters': 17.0}, {'Spout_wait': 5.0, 'Spliters': 3.0, 'Counters': 17.0}, {'Spout_wait': 10.0, 'Spliters': 6.0, 'Counters': 17.0}, {'Spout_wait': 7.0, 'Spliters': 6.0, 'Counters': 17.0}, {'Spout_wait': 9.0, 'Spliters': 3.0, 'Counters': 17.0}, {'Spout_wait': 9.0, 'Spliters': 6.0, 'Counters': 17.0}, {'Spout_wait': 9.0, 'Spliters': 5.0, 'Counters': 17.0}, {'Spout_wait': 4.0, 'Spliters': 5.0, 'Counters': 17.0}, {'Spout_wait': 10.0, 'Spliters': 3.0, 'Counters': 17.0}, {'Spout_wait': 8.0, 'Spliters': 6.0, 'Counters': 17.0}, {'Spout_wait': 10.0, 'Spliters': 3.0, 'Counters': 17.0}, {'Spout_wait': 10.0, 'Spliters': 5.0, 'Counters': 17.0}, {'Spout_wait': 10.0, 'Spliters': 5.0, 'Counters': 17.0}, {'Spout_wait': 6.0, 'Spliters': 5.0, 'Counters': 18.0}, {'Spout_wait': 8.0, 'Spliters': 5.0, 'Counters': 18.0}, {'Spout_wait': 8.0, 'Spliters': 6.0, 'Counters': 15.0}, {'Spout_wait': 9.0, 'Spliters': 3.0, 'Counters': 18.0}
0.008586239120553896, 0.03413510224963634, 0.02810356721455487, 0.019199269545525532, 0.021277644326842537, 0.000747363758841324, 0.02810356721455487, 0.020033994250278075, 0.008586239120553896, 0.020466796587967684, 0.0492717305442536, 0.03922607230648456, 0.006111178207122481, 0.03922607230648456, 0.019199269545525532, 0.019199269545525532, 0.043214253142607406, 0.07722248905842, 0.045320344504342636, 0.05981031067793674
0.3017454147338867, 0.2353496551513672, 0.18500089645385742, 0.345491886138916, 0.331615686416626, 0.45888638496398926, 0.5768647193908691, 0.6260585784912109, 0.29072117805480957, 0.30999255180358887, 0.193253755569458, 0.29503726959228516, 0.41417431831359863, 0.31276631355285645, 0.3194758892059326, 0.3046548366546631, 0.1424238681793213, 0.13303446769714355, 0.13763833045959473, 0.25278496742248535