{'Spout_wait': 9.0, 'Spliters': 6.0, 'Counters': 17.0}, {'Spout_wait': 10.0, 'Spliters': 6.0, 'Counters': 18.0}, {'Spout_wait': 6.0, 'Spliters': 6.0, 'Counters': 17.0}, {'Spout_wait': 7.0, 'Spliters': 4.0, 'Counters': 17.0}, {'Spout_wait': 9.0, 'Spliters': 3.0, 'Counters': 17.0}, {'Spout_wait': 10.0, 'Spliters': 4.0, 'Counters': 15.0}, {'Spout_wait': 9.0, 'Spliters': 6.0, 'Counters': 18.0}, {'Spout_wait': 9.0, 'Spliters': 6.0, 'Counters': 17.0}, {'Spout_wait': 10.0, 'Spliters': 6.0, 'Counters': 17.0}, {'Spout_wait': 10.0, 'Spliters': 6.0, 'Counters': 17.0}, {'Spout_wait': 5.0, 'Spliters': 3.0, 'Counters': 17.0}, {'Spout_wait': 10.0, 'Spliters': 5.0, 'Counters': 17.0}, {'Spout_wait': 10.0, 'Spliters': 4.0, 'Counters': 13.0}, {'Spout_wait': 10.0, 'Spliters': 6.0, 'Counters': 15.0}, {'Spout_wait': 10.0, 'Spliters': 6.0, 'Counters': 17.0}, {'Spout_wait': 6.0, 'Spliters': 6.0, 'Counters': 16.0}, {'Spout_wait': 6.0, 'Spliters': 6.0, 'Counters': 15.0}, {'Spout_wait': 10.0, 'Spliters': 6.0, 'Counters': 17.0}, {'Spout_wait': 10.0, 'Spliters': 6.0, 'Counters': 17.0}, {'Spout_wait': 8.0, 'Spliters': 4.0, 'Counters': 18.0}
0.008586239120553896, 0.029511347490367323, 0.025597877256524737, 0.05180976722346198, 0.020033994250278075, 0.030368608200511682, 0.03142005946668358, 0.008586239120553896, 0.000747363758841324, 0.000747363758841324, 0.021277644326842537, 0.019199269545525532, 0.06959980898605189, 0.050251845828924835, 0.000747363758841324, 0.05755833752539674, 0.0516294898461388, 0.000747363758841324, 0.000747363758841324, 0.07992689124886965
0.45404815673828125, 0.2805144786834717, 0.37935566902160645, 0.33489513397216797, 0.7200989723205566, 0.2569282054901123, 0.31432390213012695, 0.6460559368133545, 0.41109395027160645, 0.4800686836242676, 0.2801191806793213, 0.41279006004333496, 0.5052745342254639, 0.2844104766845703, 0.26813769340515137, 0.28607654571533203, 0.4981565475463867, 0.3821396827697754, 0.42138195037841797, 0.3805994987487793