{'Spout_wait': 9.0, 'Spliters': 6.0, 'Counters': 16.0}, {'Spout_wait': 10.0, 'Spliters': 6.0, 'Counters': 18.0}, {'Spout_wait': 9.0, 'Spliters': 6.0, 'Counters': 16.0}, {'Spout_wait': 7.0, 'Spliters': 4.0, 'Counters': 18.0}, {'Spout_wait': 9.0, 'Spliters': 4.0, 'Counters': 13.0}, {'Spout_wait': 10.0, 'Spliters': 4.0, 'Counters': 15.0}, {'Spout_wait': 9.0, 'Spliters': 6.0, 'Counters': 18.0}, {'Spout_wait': 7.0, 'Spliters': 5.0, 'Counters': 15.0}, {'Spout_wait': 10.0, 'Spliters': 6.0, 'Counters': 17.0}, {'Spout_wait': 6.0, 'Spliters': 6.0, 'Counters': 17.0}, {'Spout_wait': 5.0, 'Spliters': 5.0, 'Counters': 18.0}, {'Spout_wait': 6.0, 'Spliters': 5.0, 'Counters': 17.0}, {'Spout_wait': 100.0, 'Spliters': 5.0, 'Counters': 13.0}, {'Spout_wait': 10.0, 'Spliters': 4.0, 'Counters': 16.0}, {'Spout_wait': 10.0, 'Spliters': 4.0, 'Counters': 17.0}, {'Spout_wait': 6.0, 'Spliters': 6.0, 'Counters': 16.0}, {'Spout_wait': 100.0, 'Spliters': 6.0, 'Counters': 10.0}, {'Spout_wait': 10.0, 'Spliters': 5.0, 'Counters': 17.0}, {'Spout_wait': 10.0, 'Spliters': 4.0, 'Counters': 10.0}, {'Spout_wait': 5.0, 'Spliters': 5.0, 'Counters': 15.0}
0.05896302441698942, 0.029511347490367323, 0.05896302441698942, 0.05532891996051581, 0.08846209015234485, 0.030368608200511682, 0.03142005946668358, 0.06939789413429098, 0.000747363758841324, 0.025597877256524737, 0.04923334370793886, 0.05097415907938241, 0.09056376926622, 0.07739417901803258, 0.03413510224963634, 0.05755833752539674, 0.1030066304811641, 0.019199269545525532, 0.11291453102783566, 0.06522933540472042
0.4803619384765625, 0.5202920436859131, 0.4821596145629883, 0.44315266609191895, 0.6676883697509766, 0.5115518569946289, 0.3588242530822754, 0.8556702136993408, 0.8000428676605225, 0.453233003616333, 0.3887019157409668, 0.33185338973999023, 0.5062670707702637, 0.331007719039917, 0.31704211235046387, 0.25241994857788086, 0.4349222183227539, 0.36832571029663086, 0.3749246597290039, 0.41531848907470703