{'Spout_wait': 10.0, 'Spliters': 5.0, 'Counters': 17.0}, {'Spout_wait': 9.0, 'Spliters': 5.0, 'Counters': 17.0}, {'Spout_wait': 8.0, 'Spliters': 3.0, 'Counters': 17.0}, {'Spout_wait': 4.0, 'Spliters': 6.0, 'Counters': 18.0}, {'Spout_wait': 3.0, 'Spliters': 3.0, 'Counters': 15.0}, {'Spout_wait': 7.0, 'Spliters': 3.0, 'Counters': 15.0}, {'Spout_wait': 100.0, 'Spliters': 5.0, 'Counters': 17.0}, {'Spout_wait': 7.0, 'Spliters': 3.0, 'Counters': 15.0}, {'Spout_wait': 8.0, 'Spliters': 6.0, 'Counters': 17.0}, {'Spout_wait': 7.0, 'Spliters': 6.0, 'Counters': 17.0}, {'Spout_wait': 5.0, 'Spliters': 4.0, 'Counters': 17.0}, {'Spout_wait': 100.0, 'Spliters': 5.0, 'Counters': 12.0}, {'Spout_wait': 7.0, 'Spliters': 6.0, 'Counters': 15.0}, {'Spout_wait': 10.0, 'Spliters': 5.0, 'Counters': 18.0}, {'Spout_wait': 7.0, 'Spliters': 6.0, 'Counters': 18.0}, {'Spout_wait': 6.0, 'Spliters': 4.0, 'Counters': 16.0}, {'Spout_wait': 10.0, 'Spliters': 6.0, 'Counters': 18.0}, {'Spout_wait': 7.0, 'Spliters': 6.0, 'Counters': 17.0}, {'Spout_wait': 8.0, 'Spliters': 2.0, 'Counters': 16.0}, {'Spout_wait': 100.0, 'Spliters': 5.0, 'Counters': 13.0}
0.019199269545525532, 0.020466796587967684, 0.06427910861113084, 0.040885328550858246, 0.06530366529199416, 0.07197053377438078, 0.062222224758732736, 0.07197053377438078, 0.006111178207122481, 0.02810356721455487, 0.04594440035556535, 0.09938425092876835, 0.05252188736490748, 0.03932649393228327, 0.0613639952768652, 0.08460547966421594, 0.029511347490367323, 0.02810356721455487, 0.09689036188982669, 0.09056376926622
0.22068262100219727, 0.16646718978881836, 0.15276527404785156, 0.30235862731933594, 0.21237754821777344, 0.210097074508667, 0.1685314178466797, 0.1958765983581543, 0.18715691566467285, 0.12449145317077637, 0.24969172477722168, 0.24797677993774414, 0.20251727104187012, 0.2466118335723877, 0.319077730178833, 0.25792670249938965, 0.14352774620056152, 0.2650585174560547, 0.18195748329162598, 0.1838667392730713