{'Spout_wait': 100.0, 'Spliters': 6.0, 'Counters': 17.0}, {'Spout_wait': 10.0, 'Spliters': 4.0, 'Counters': 16.0}, {'Spout_wait': 3.0, 'Spliters': 6.0, 'Counters': 17.0}, {'Spout_wait': 3.0, 'Spliters': 6.0, 'Counters': 18.0}, {'Spout_wait': 6.0, 'Spliters': 4.0, 'Counters': 18.0}, {'Spout_wait': 9.0, 'Spliters': 5.0, 'Counters': 17.0}, {'Spout_wait': 3.0, 'Spliters': 6.0, 'Counters': 18.0}, {'Spout_wait': 9.0, 'Spliters': 3.0, 'Counters': 17.0}, {'Spout_wait': 9.0, 'Spliters': 6.0, 'Counters': 17.0}, {'Spout_wait': 9.0, 'Spliters': 5.0, 'Counters': 17.0}, {'Spout_wait': 5.0, 'Spliters': 5.0, 'Counters': 15.0}, {'Spout_wait': 7.0, 'Spliters': 4.0, 'Counters': 13.0}, {'Spout_wait': 10.0, 'Spliters': 4.0, 'Counters': 17.0}, {'Spout_wait': 10.0, 'Spliters': 5.0, 'Counters': 18.0}, {'Spout_wait': 9.0, 'Spliters': 3.0, 'Counters': 17.0}, {'Spout_wait': 7.0, 'Spliters': 3.0, 'Counters': 16.0}, {'Spout_wait': 9.0, 'Spliters': 6.0, 'Counters': 12.0}, {'Spout_wait': 8.0, 'Spliters': 5.0, 'Counters': 18.0}, {'Spout_wait': 8.0, 'Spliters': 6.0, 'Counters': 15.0}, {'Spout_wait': 9.0, 'Spliters': 5.0, 'Counters': 10.0}
0.06173091761865335, 0.07739417901803258, 0.031565920769186406, 0.05630847554506302, 0.09215494647517553, 0.020466796587967684, 0.05630847554506302, 0.020033994250278075, 0.008586239120553896, 0.020466796587967684, 0.06522933540472042, 0.08593668512781016, 0.03413510224963634, 0.03932649393228327, 0.020033994250278075, 0.08071823509139209, 0.06901207886297123, 0.07722248905842, 0.045320344504342636, 0.09323559567496986
0.24847960472106934, 0.2919292449951172, 0.22361159324645996, 0.16812705993652344, 0.19907569885253906, 0.13453245162963867, 0.22458386421203613, 0.331005334854126, 0.2025589942932129, 0.47324371337890625, 0.17960882186889648, 0.28679728507995605, 0.11533832550048828, 0.22277259826660156, 0.24815058708190918, 0.2141709327697754, 0.1324176788330078, 0.15577244758605957, 0.1128392219543457, 0.1250450611114502