{'Spout_wait': 100.0, 'Spliters': 6.0, 'Counters': 17.0}, {'Spout_wait': 10.0, 'Spliters': 4.0, 'Counters': 17.0}, {'Spout_wait': 3.0, 'Spliters': 6.0, 'Counters': 17.0}, {'Spout_wait': 3.0, 'Spliters': 6.0, 'Counters': 18.0}, {'Spout_wait': 5.0, 'Spliters': 3.0, 'Counters': 17.0}, {'Spout_wait': 9.0, 'Spliters': 5.0, 'Counters': 17.0}, {'Spout_wait': 3.0, 'Spliters': 6.0, 'Counters': 18.0}, {'Spout_wait': 9.0, 'Spliters': 3.0, 'Counters': 17.0}, {'Spout_wait': 9.0, 'Spliters': 6.0, 'Counters': 17.0}, {'Spout_wait': 9.0, 'Spliters': 5.0, 'Counters': 17.0}, {'Spout_wait': 5.0, 'Spliters': 5.0, 'Counters': 15.0}, {'Spout_wait': 7.0, 'Spliters': 4.0, 'Counters': 13.0}, {'Spout_wait': 6.0, 'Spliters': 6.0, 'Counters': 16.0}, {'Spout_wait': 10.0, 'Spliters': 5.0, 'Counters': 18.0}, {'Spout_wait': 10.0, 'Spliters': 5.0, 'Counters': 17.0}, {'Spout_wait': 1000.0, 'Spliters': 5.0, 'Counters': 17.0}, {'Spout_wait': 9.0, 'Spliters': 6.0, 'Counters': 12.0}, {'Spout_wait': 8.0, 'Spliters': 5.0, 'Counters': 18.0}, {'Spout_wait': 8.0, 'Spliters': 6.0, 'Counters': 15.0}, {'Spout_wait': 9.0, 'Spliters': 5.0, 'Counters': 10.0}
0.06173091761865335, 0.03413510224963634, 0.031565920769186406, 0.05630847554506302, 0.021277644326842537, 0.020466796587967684, 0.05630847554506302, 0.020033994250278075, 0.008586239120553896, 0.020466796587967684, 0.06522933540472042, 0.08593668512781016, 0.05755833752539674, 0.03932649393228327, 0.019199269545525532, 0.6252119774636764, 0.06901207886297123, 0.07722248905842, 0.045320344504342636, 0.09323559567496986
0.3391904830932617, 0.17761945724487305, 0.26308560371398926, 0.28615903854370117, 0.48766660690307617, 0.45438313484191895, 0.3884577751159668, 0.26417112350463867, 0.1604464054107666, 0.2035977840423584, 0.1268906593322754, 0.6501317024230957, 0.1727449893951416, 0.29561567306518555, 0.23560190200805664, 0.15739822387695312, 0.12038135528564453, 0.17540860176086426, 0.24316954612731934, 0.13016843795776367