{'Spout_wait': 100.0, 'Spliters': 6.0, 'Counters': 17.0}, {'Spout_wait': 10.0, 'Spliters': 4.0, 'Counters': 17.0}, {'Spout_wait': 3.0, 'Spliters': 6.0, 'Counters': 17.0}, {'Spout_wait': 3.0, 'Spliters': 6.0, 'Counters': 18.0}, {'Spout_wait': 5.0, 'Spliters': 3.0, 'Counters': 17.0}, {'Spout_wait': 9.0, 'Spliters': 5.0, 'Counters': 17.0}, {'Spout_wait': 3.0, 'Spliters': 6.0, 'Counters': 18.0}, {'Spout_wait': 9.0, 'Spliters': 3.0, 'Counters': 17.0}, {'Spout_wait': 9.0, 'Spliters': 6.0, 'Counters': 17.0}, {'Spout_wait': 9.0, 'Spliters': 5.0, 'Counters': 17.0}, {'Spout_wait': 5.0, 'Spliters': 5.0, 'Counters': 15.0}, {'Spout_wait': 7.0, 'Spliters': 4.0, 'Counters': 13.0}, {'Spout_wait': 6.0, 'Spliters': 6.0, 'Counters': 16.0}, {'Spout_wait': 10.0, 'Spliters': 5.0, 'Counters': 18.0}, {'Spout_wait': 10.0, 'Spliters': 5.0, 'Counters': 17.0}, {'Spout_wait': 1000.0, 'Spliters': 5.0, 'Counters': 17.0}, {'Spout_wait': 9.0, 'Spliters': 6.0, 'Counters': 12.0}, {'Spout_wait': 8.0, 'Spliters': 5.0, 'Counters': 18.0}, {'Spout_wait': 8.0, 'Spliters': 6.0, 'Counters': 15.0}, {'Spout_wait': 9.0, 'Spliters': 5.0, 'Counters': 10.0}
0.06173091761865335, 0.03413510224963634, 0.031565920769186406, 0.05630847554506302, 0.021277644326842537, 0.020466796587967684, 0.05630847554506302, 0.020033994250278075, 0.008586239120553896, 0.020466796587967684, 0.06522933540472042, 0.08593668512781016, 0.05755833752539674, 0.03932649393228327, 0.019199269545525532, 0.6252119774636764, 0.06901207886297123, 0.07722248905842, 0.045320344504342636, 0.09323559567496986
1.150275707244873, 0.8583090305328369, 0.6134181022644043, 0.7915999889373779, 1.259784460067749, 0.5427241325378418, 1.4954323768615723, 1.2663013935089111, 1.0967612266540527, 0.8999052047729492, 0.5570952892303467, 1.3845698833465576, 0.8690805435180664, 0.9637153148651123, 2.9932656288146973, 1.5388352870941162, 1.1217379570007324, 1.1764159202575684, 1.7966227531433105, 0.8986971378326416