{'Spout_wait': 100.0, 'Spliters': 6.0, 'Counters': 17.0}, {'Spout_wait': 10.0, 'Spliters': 4.0, 'Counters': 17.0}, {'Spout_wait': 3.0, 'Spliters': 6.0, 'Counters': 17.0}, {'Spout_wait': 3.0, 'Spliters': 6.0, 'Counters': 18.0}, {'Spout_wait': 6.0, 'Spliters': 4.0, 'Counters': 18.0}, {'Spout_wait': 9.0, 'Spliters': 5.0, 'Counters': 17.0}, {'Spout_wait': 10.0, 'Spliters': 3.0, 'Counters': 13.0}, {'Spout_wait': 10.0, 'Spliters': 4.0, 'Counters': 15.0}, {'Spout_wait': 9.0, 'Spliters': 6.0, 'Counters': 17.0}, {'Spout_wait': 7.0, 'Spliters': 6.0, 'Counters': 18.0}, {'Spout_wait': 5.0, 'Spliters': 5.0, 'Counters': 15.0}, {'Spout_wait': 7.0, 'Spliters': 4.0, 'Counters': 13.0}, {'Spout_wait': 10.0, 'Spliters': 6.0, 'Counters': 16.0}, {'Spout_wait': 9.0, 'Spliters': 5.0, 'Counters': 13.0}, {'Spout_wait': 10.0, 'Spliters': 5.0, 'Counters': 17.0}, {'Spout_wait': 1000.0, 'Spliters': 5.0, 'Counters': 17.0}, {'Spout_wait': 9.0, 'Spliters': 6.0, 'Counters': 12.0}, {'Spout_wait': 8.0, 'Spliters': 5.0, 'Counters': 18.0}, {'Spout_wait': 8.0, 'Spliters': 6.0, 'Counters': 15.0}, {'Spout_wait': 3.0, 'Spliters': 3.0, 'Counters': 18.0}
0.06173091761865335, 0.03413510224963634, 0.031565920769186406, 0.05630847554506302, 0.09215494647517553, 0.020466796587967684, 0.09606446682418801, 0.030368608200511682, 0.008586239120553896, 0.0613639952768652, 0.06522933540472042, 0.08593668512781016, 0.06216759832061325, 0.08851714266019262, 0.019199269545525532, 0.6252119774636764, 0.06901207886297123, 0.07722248905842, 0.045320344504342636, 0.10244888762132565
0.3184483051300049, 0.22596144676208496, 0.2248227596282959, 0.19701600074768066, 0.24995946884155273, 0.20708703994750977, 0.16122794151306152, 0.33884692192077637, 0.19448232650756836, 0.21512198448181152, 0.22541236877441406, 0.4103269577026367, 0.28376150131225586, 0.18610024452209473, 0.3207204341888428, 0.22158432006835938, 0.21960783004760742, 0.197800874710083, 0.20101094245910645, 0.12889504432678223