{'Spout_wait': 10.0, 'Spliters': 5.0, 'Counters': 17.0}, {'Spout_wait': 10.0, 'Spliters': 6.0, 'Counters': 17.0}, {'Spout_wait': 5.0, 'Spliters': 3.0, 'Counters': 17.0}, {'Spout_wait': 5.0, 'Spliters': 5.0, 'Counters': 17.0}, {'Spout_wait': 10.0, 'Spliters': 6.0, 'Counters': 17.0}, {'Spout_wait': 10.0, 'Spliters': 6.0, 'Counters': 17.0}, {'Spout_wait': 10.0, 'Spliters': 6.0, 'Counters': 17.0}, {'Spout_wait': 10.0, 'Spliters': 4.0, 'Counters': 15.0}, {'Spout_wait': 8.0, 'Spliters': 6.0, 'Counters': 17.0}, {'Spout_wait': 10.0, 'Spliters': 6.0, 'Counters': 17.0}, {'Spout_wait': 5.0, 'Spliters': 3.0, 'Counters': 17.0}, {'Spout_wait': 7.0, 'Spliters': 3.0, 'Counters': 17.0}, {'Spout_wait': 9.0, 'Spliters': 3.0, 'Counters': 17.0}, {'Spout_wait': 8.0, 'Spliters': 6.0, 'Counters': 17.0}, {'Spout_wait': 9.0, 'Spliters': 3.0, 'Counters': 17.0}, {'Spout_wait': 5.0, 'Spliters': 5.0, 'Counters': 17.0}, {'Spout_wait': 9.0, 'Spliters': 3.0, 'Counters': 17.0}, {'Spout_wait': 9.0, 'Spliters': 6.0, 'Counters': 17.0}, {'Spout_wait': 9.0, 'Spliters': 6.0, 'Counters': 17.0}, {'Spout_wait': 10.0, 'Spliters': 3.0, 'Counters': 17.0}
0.019199269545525532, 0.000747363758841324, 0.021277644326842537, 0.024147530214372992, 0.000747363758841324, 0.000747363758841324, 0.000747363758841324, 0.030368608200511682, 0.006111178207122481, 0.000747363758841324, 0.021277644326842537, 0.02967052168107598, 0.020033994250278075, 0.006111178207122481, 0.020033994250278075, 0.024147530214372992, 0.020033994250278075, 0.008586239120553896, 0.008586239120553896, 0.03922607230648456
0.413891077041626, 0.36017942428588867, 0.33118295669555664, 0.35801005363464355, 0.42357826232910156, 0.4224374294281006, 0.31729745864868164, 0.6170461177825928, 0.68937087059021, 0.6437156200408936, 0.5582132339477539, 0.5591514110565186, 0.502352237701416, 0.350924015045166, 0.4887197017669678, 0.46576976776123047, 0.32480359077453613, 0.4090290069580078, 0.3391885757446289, 0.4258098602294922