{'Spout_wait': 100.0, 'Spliters': 6.0, 'Counters': 17.0}, {'Spout_wait': 10.0, 'Spliters': 4.0, 'Counters': 16.0}, {'Spout_wait': 3.0, 'Spliters': 6.0, 'Counters': 17.0}, {'Spout_wait': 9.0, 'Spliters': 3.0, 'Counters': 18.0}, {'Spout_wait': 2.0, 'Spliters': 4.0, 'Counters': 15.0}, {'Spout_wait': 10.0, 'Spliters': 6.0, 'Counters': 15.0}, {'Spout_wait': 4.0, 'Spliters': 5.0, 'Counters': 14.0}, {'Spout_wait': 10.0, 'Spliters': 4.0, 'Counters': 15.0}, {'Spout_wait': 9.0, 'Spliters': 6.0, 'Counters': 17.0}, {'Spout_wait': 3.0, 'Spliters': 5.0, 'Counters': 17.0}, {'Spout_wait': 5.0, 'Spliters': 5.0, 'Counters': 15.0}, {'Spout_wait': 6.0, 'Spliters': 4.0, 'Counters': 12.0}, {'Spout_wait': 7.0, 'Spliters': 2.0, 'Counters': 16.0}, {'Spout_wait': 9.0, 'Spliters': 5.0, 'Counters': 18.0}, {'Spout_wait': 10.0, 'Spliters': 2.0, 'Counters': 17.0}, {'Spout_wait': 10.0, 'Spliters': 3.0, 'Counters': 10.0}, {'Spout_wait': 9.0, 'Spliters': 6.0, 'Counters': 12.0}, {'Spout_wait': 5.0, 'Spliters': 6.0, 'Counters': 13.0}, {'Spout_wait': 4.0, 'Spliters': 6.0, 'Counters': 10.0}, {'Spout_wait': 3.0, 'Spliters': 3.0, 'Counters': 18.0}
0.06173091761865335, 0.07739417901803258, 0.031565920769186406, 0.05981031067793674, 0.0925167690679376, 0.050251845828924835, 0.1067112296090571, 0.030368608200511682, 0.008586239120553896, 0.07451111866140236, 0.06522933540472042, 0.11363185398549058, 0.07469957232036739, 0.09199815275663703, 0.07802982644100032, 0.10019673334141599, 0.06901207886297123, 0.096910783067086, 0.11161224463988029, 0.10244888762132565
0.3406243324279785, 0.11806941032409668, 0.06641936302185059, 0.0576016902923584, 0.0888833999633789, 0.07042956352233887, 0.09249377250671387, 0.07140731811523438, 0.08340811729431152, 0.06585550308227539, 0.08083438873291016, 0.09027314186096191, 0.07593631744384766, 0.0570979118347168, 0.07864022254943848, 0.10894465446472168, 0.06101036071777344, 0.09472084045410156, 0.08040976524353027, 0.09192752838134766