{'Spout_wait': 9.0, 'Spliters': 6.0, 'Counters': 17.0}, {'Spout_wait': 9.0, 'Spliters': 3.0, 'Counters': 17.0}, {'Spout_wait': 10.0, 'Spliters': 6.0, 'Counters': 17.0}, {'Spout_wait': 10.0, 'Spliters': 6.0, 'Counters': 17.0}, {'Spout_wait': 9.0, 'Spliters': 5.0, 'Counters': 17.0}, {'Spout_wait': 10.0, 'Spliters': 6.0, 'Counters': 17.0}, {'Spout_wait': 10.0, 'Spliters': 6.0, 'Counters': 17.0}, {'Spout_wait': 9.0, 'Spliters': 6.0, 'Counters': 17.0}, {'Spout_wait': 9.0, 'Spliters': 6.0, 'Counters': 17.0}, {'Spout_wait': 9.0, 'Spliters': 5.0, 'Counters': 17.0}, {'Spout_wait': 10.0, 'Spliters': 4.0, 'Counters': 17.0}, {'Spout_wait': 9.0, 'Spliters': 6.0, 'Counters': 17.0}, {'Spout_wait': 10.0, 'Spliters': 6.0, 'Counters': 17.0}, {'Spout_wait': 10.0, 'Spliters': 6.0, 'Counters': 17.0}, {'Spout_wait': 10.0, 'Spliters': 5.0, 'Counters': 17.0}, {'Spout_wait': 10.0, 'Spliters': 5.0, 'Counters': 17.0}, {'Spout_wait': 5.0, 'Spliters': 5.0, 'Counters': 17.0}, {'Spout_wait': 6.0, 'Spliters': 5.0, 'Counters': 18.0}, {'Spout_wait': 9.0, 'Spliters': 6.0, 'Counters': 17.0}, {'Spout_wait': 10.0, 'Spliters': 4.0, 'Counters': 18.0}
0.008586239120553896, 0.020033994250278075, 0.000747363758841324, 0.000747363758841324, 0.020466796587967684, 0.000747363758841324, 0.000747363758841324, 0.008586239120553896, 0.008586239120553896, 0.020466796587967684, 0.03413510224963634, 0.008586239120553896, 0.000747363758841324, 0.000747363758841324, 0.019199269545525532, 0.019199269545525532, 0.024147530214372992, 0.043214253142607406, 0.008586239120553896, 0.056774652158990024
0.39672303199768066, 0.5794527530670166, 0.30922412872314453, 0.35727524757385254, 0.46456265449523926, 0.3736608028411865, 0.68733811378479, 0.7671830654144287, 0.3793904781341553, 0.4038963317871094, 0.27168822288513184, 0.5767307281494141, 0.5590612888336182, 0.3789365291595459, 0.30114173889160156, 0.29154109954833984, 0.3617208003997803, 0.32352185249328613, 0.4197375774383545, 0.34603166580200195