{'Spout_wait': 9.0, 'Spliters': 6.0, 'Counters': 11.0}, {'Spout_wait': 10.0, 'Spliters': 4.0, 'Counters': 16.0}, {'Spout_wait': 3.0, 'Spliters': 6.0, 'Counters': 17.0}, {'Spout_wait': 9.0, 'Spliters': 3.0, 'Counters': 18.0}, {'Spout_wait': 2.0, 'Spliters': 4.0, 'Counters': 15.0}, {'Spout_wait': 8.0, 'Spliters': 4.0, 'Counters': 13.0}, {'Spout_wait': 4.0, 'Spliters': 5.0, 'Counters': 14.0}, {'Spout_wait': 10.0, 'Spliters': 4.0, 'Counters': 15.0}, {'Spout_wait': 9.0, 'Spliters': 6.0, 'Counters': 17.0}, {'Spout_wait': 3.0, 'Spliters': 5.0, 'Counters': 17.0}, {'Spout_wait': 5.0, 'Spliters': 5.0, 'Counters': 15.0}, {'Spout_wait': 10.0, 'Spliters': 2.0, 'Counters': 12.0}, {'Spout_wait': 10.0, 'Spliters': 3.0, 'Counters': 16.0}, {'Spout_wait': 9.0, 'Spliters': 5.0, 'Counters': 18.0}, {'Spout_wait': 100.0, 'Spliters': 2.0, 'Counters': 12.0}, {'Spout_wait': 100.0, 'Spliters': 6.0, 'Counters': 10.0}, {'Spout_wait': 9.0, 'Spliters': 6.0, 'Counters': 12.0}, {'Spout_wait': 5.0, 'Spliters': 6.0, 'Counters': 13.0}, {'Spout_wait': 4.0, 'Spliters': 6.0, 'Counters': 10.0}, {'Spout_wait': 3.0, 'Spliters': 3.0, 'Counters': 18.0}
0.09877264668340935, 0.07739417901803258, 0.031565920769186406, 0.05981031067793674, 0.0925167690679376, 0.10556090118423667, 0.1067112296090571, 0.030368608200511682, 0.008586239120553896, 0.07451111866140236, 0.06522933540472042, 0.17915464345086873, 0.08563426221181725, 0.09199815275663703, 0.1586512005227313, 0.1030066304811641, 0.06901207886297123, 0.096910783067086, 0.11161224463988029, 0.10244888762132565
0.11879134178161621, 0.09348225593566895, 0.08788752555847168, 0.16213679313659668, 0.09867429733276367, 0.1331777572631836, 0.08117103576660156, 0.12088441848754883, 0.10406088829040527, 0.2460637092590332, 0.08382964134216309, 0.08730912208557129, 0.1759788990020752, 0.14511799812316895, 0.15085816383361816, 0.11667966842651367, 0.05613374710083008, 0.12698602676391602, 0.1981797218322754, 0.2143557071685791