{'Spout_wait': 9.0, 'Spliters': 6.0, 'Counters': 16.0}, {'Spout_wait': 10.0, 'Spliters': 6.0, 'Counters': 18.0}, {'Spout_wait': 6.0, 'Spliters': 6.0, 'Counters': 16.0}, {'Spout_wait': 7.0, 'Spliters': 4.0, 'Counters': 18.0}, {'Spout_wait': 10.0, 'Spliters': 4.0, 'Counters': 18.0}, {'Spout_wait': 10.0, 'Spliters': 4.0, 'Counters': 15.0}, {'Spout_wait': 9.0, 'Spliters': 6.0, 'Counters': 18.0}, {'Spout_wait': 3.0, 'Spliters': 6.0, 'Counters': 17.0}, {'Spout_wait': 10.0, 'Spliters': 6.0, 'Counters': 17.0}, {'Spout_wait': 6.0, 'Spliters': 6.0, 'Counters': 17.0}, {'Spout_wait': 5.0, 'Spliters': 5.0, 'Counters': 18.0}, {'Spout_wait': 9.0, 'Spliters': 5.0, 'Counters': 17.0}, {'Spout_wait': 5.0, 'Spliters': 5.0, 'Counters': 13.0}, {'Spout_wait': 10.0, 'Spliters': 6.0, 'Counters': 16.0}, {'Spout_wait': 10.0, 'Spliters': 4.0, 'Counters': 17.0}, {'Spout_wait': 6.0, 'Spliters': 6.0, 'Counters': 16.0}, {'Spout_wait': 6.0, 'Spliters': 6.0, 'Counters': 12.0}, {'Spout_wait': 10.0, 'Spliters': 5.0, 'Counters': 17.0}, {'Spout_wait': 7.0, 'Spliters': 6.0, 'Counters': 17.0}, {'Spout_wait': 5.0, 'Spliters': 5.0, 'Counters': 15.0}
0.05896302441698942, 0.029511347490367323, 0.05755833752539674, 0.05532891996051581, 0.056774652158990024, 0.030368608200511682, 0.03142005946668358, 0.031565920769186406, 0.000747363758841324, 0.025597877256524737, 0.04923334370793886, 0.020466796587967684, 0.0887640808830581, 0.06216759832061325, 0.03413510224963634, 0.05755833752539674, 0.0942560220434181, 0.019199269545525532, 0.02810356721455487, 0.06522933540472042
0.3259403705596924, 0.4054403305053711, 0.15520811080932617, 0.30585217475891113, 0.39561915397644043, 0.2429647445678711, 0.25810861587524414, 0.4546480178833008, 0.30455875396728516, 0.22558903694152832, 0.24866390228271484, 0.396726131439209, 0.2623159885406494, 0.24910879135131836, 0.13421273231506348, 0.16318655014038086, 0.2760775089263916, 0.20874762535095215, 0.3994603157043457, 0.23288488388061523