{'Spout_wait': 10.0, 'Spliters': 5.0, 'Counters': 17.0}, {'Spout_wait': 9.0, 'Spliters': 5.0, 'Counters': 17.0}, {'Spout_wait': 5.0, 'Spliters': 3.0, 'Counters': 17.0}, {'Spout_wait': 4.0, 'Spliters': 6.0, 'Counters': 18.0}, {'Spout_wait': 7.0, 'Spliters': 4.0, 'Counters': 18.0}, {'Spout_wait': 9.0, 'Spliters': 3.0, 'Counters': 17.0}, {'Spout_wait': 4.0, 'Spliters': 4.0, 'Counters': 17.0}, {'Spout_wait': 10.0, 'Spliters': 3.0, 'Counters': 17.0}, {'Spout_wait': 8.0, 'Spliters': 6.0, 'Counters': 17.0}, {'Spout_wait': 7.0, 'Spliters': 6.0, 'Counters': 17.0}, {'Spout_wait': 5.0, 'Spliters': 5.0, 'Counters': 17.0}, {'Spout_wait': 7.0, 'Spliters': 3.0, 'Counters': 18.0}, {'Spout_wait': 4.0, 'Spliters': 4.0, 'Counters': 17.0}, {'Spout_wait': 8.0, 'Spliters': 6.0, 'Counters': 17.0}, {'Spout_wait': 6.0, 'Spliters': 6.0, 'Counters': 15.0}, {'Spout_wait': 7.0, 'Spliters': 3.0, 'Counters': 17.0}, {'Spout_wait': 10.0, 'Spliters': 6.0, 'Counters': 18.0}, {'Spout_wait': 9.0, 'Spliters': 3.0, 'Counters': 17.0}, {'Spout_wait': 9.0, 'Spliters': 6.0, 'Counters': 17.0}, {'Spout_wait': 9.0, 'Spliters': 6.0, 'Counters': 16.0}
0.019199269545525532, 0.020466796587967684, 0.021277644326842537, 0.040885328550858246, 0.05532891996051581, 0.020033994250278075, 0.04308830093697913, 0.03922607230648456, 0.006111178207122481, 0.02810356721455487, 0.024147530214372992, 0.06303698128593416, 0.04308830093697913, 0.006111178207122481, 0.0516294898461388, 0.02967052168107598, 0.029511347490367323, 0.020033994250278075, 0.008586239120553896, 0.05896302441698942
0.3417026996612549, 0.2540707588195801, 0.4477419853210449, 0.2910752296447754, 0.3583683967590332, 0.35247206687927246, 0.2974429130554199, 0.28561902046203613, 0.3009474277496338, 0.34177732467651367, 0.23999571800231934, 0.3781752586364746, 0.3284318447113037, 0.2975425720214844, 0.38642191886901855, 0.3016955852508545, 0.3648231029510498, 0.31084203720092773, 0.3266561031341553, 0.36856603622436523