{'Spout_wait': 100.0, 'Spliters': 6.0, 'Counters': 17.0}, {'Spout_wait': 10.0, 'Spliters': 4.0, 'Counters': 17.0}, {'Spout_wait': 3.0, 'Spliters': 6.0, 'Counters': 17.0}, {'Spout_wait': 3.0, 'Spliters': 6.0, 'Counters': 18.0}, {'Spout_wait': 6.0, 'Spliters': 4.0, 'Counters': 18.0}, {'Spout_wait': 9.0, 'Spliters': 5.0, 'Counters': 17.0}, {'Spout_wait': 10.0, 'Spliters': 3.0, 'Counters': 13.0}, {'Spout_wait': 10.0, 'Spliters': 4.0, 'Counters': 15.0}, {'Spout_wait': 9.0, 'Spliters': 6.0, 'Counters': 17.0}, {'Spout_wait': 7.0, 'Spliters': 6.0, 'Counters': 18.0}, {'Spout_wait': 5.0, 'Spliters': 5.0, 'Counters': 15.0}, {'Spout_wait': 7.0, 'Spliters': 4.0, 'Counters': 13.0}, {'Spout_wait': 10.0, 'Spliters': 6.0, 'Counters': 16.0}, {'Spout_wait': 9.0, 'Spliters': 5.0, 'Counters': 13.0}, {'Spout_wait': 10.0, 'Spliters': 5.0, 'Counters': 17.0}, {'Spout_wait': 1000.0, 'Spliters': 5.0, 'Counters': 17.0}, {'Spout_wait': 9.0, 'Spliters': 6.0, 'Counters': 12.0}, {'Spout_wait': 8.0, 'Spliters': 5.0, 'Counters': 18.0}, {'Spout_wait': 8.0, 'Spliters': 6.0, 'Counters': 15.0}, {'Spout_wait': 3.0, 'Spliters': 3.0, 'Counters': 18.0}
0.06173091761865335, 0.03413510224963634, 0.031565920769186406, 0.05630847554506302, 0.09215494647517553, 0.020466796587967684, 0.09606446682418801, 0.030368608200511682, 0.008586239120553896, 0.0613639952768652, 0.06522933540472042, 0.08593668512781016, 0.06216759832061325, 0.08851714266019262, 0.019199269545525532, 0.6252119774636764, 0.06901207886297123, 0.07722248905842, 0.045320344504342636, 0.10244888762132565
0.3941380977630615, 0.23060035705566406, 0.10615897178649902, 0.2766752243041992, 0.17477774620056152, 0.13947606086730957, 0.20008015632629395, 0.3292710781097412, 0.22650742530822754, 0.18811726570129395, 0.24200963973999023, 0.38317322731018066, 0.30252528190612793, 0.11426377296447754, 0.3093852996826172, 0.25565409660339355, 0.31222987174987793, 0.1930990219116211, 0.2565128803253174, 0.28617382049560547