{'Spout_wait': 10.0, 'Spliters': 3.0, 'Counters': 16.0}, {'Spout_wait': 5.0, 'Spliters': 6.0, 'Counters': 12.0}, {'Spout_wait': 10.0, 'Spliters': 3.0, 'Counters': 10.0}, {'Spout_wait': 3.0, 'Spliters': 4.0, 'Counters': 17.0}, {'Spout_wait': 5.0, 'Spliters': 6.0, 'Counters': 17.0}, {'Spout_wait': 5.0, 'Spliters': 6.0, 'Counters': 14.0}, {'Spout_wait': 3.0, 'Spliters': 6.0, 'Counters': 11.0}, {'Spout_wait': 3.0, 'Spliters': 3.0, 'Counters': 15.0}, {'Spout_wait': 6.0, 'Spliters': 3.0, 'Counters': 9.0}, {'Spout_wait': 2.0, 'Spliters': 2.0, 'Counters': 13.0}, {'Spout_wait': 2.0, 'Spliters': 4.0, 'Counters': 15.0}, {'Spout_wait': 6.0, 'Spliters': 5.0, 'Counters': 12.0}, {'Spout_wait': 6.0, 'Spliters': 4.0, 'Counters': 13.0}, {'Spout_wait': 6.0, 'Spliters': 4.0, 'Counters': 16.0}, {'Spout_wait': 4.0, 'Spliters': 5.0, 'Counters': 14.0}, {'Spout_wait': 8.0, 'Spliters': 3.0, 'Counters': 17.0}, {'Spout_wait': 6.0, 'Spliters': 3.0, 'Counters': 18.0}, {'Spout_wait': 4.0, 'Spliters': 3.0, 'Counters': 12.0}, {'Spout_wait': 10.0, 'Spliters': 5.0, 'Counters': 18.0}, {'Spout_wait': 3.0, 'Spliters': 6.0, 'Counters': 15.0}
0.08563426221181725, 0.08197250940746004, 0.10019673334141599, 0.07572545401912345, 0.05169565262832132, 0.11097668714681408, 0.11946040428120164, 0.06530366529199416, 0.14745136372177592, 0.16040487459250652, 0.0925167690679376, 0.12187409596225629, 0.11102593054665022, 0.08460547966421594, 0.1067112296090571, 0.06427910861113084, 0.0829952461022615, 0.14383266164785746, 0.03932649393228327, 0.1143507540557065
0.16030335426330566, 0.12286853790283203, 0.21388959884643555, 0.1927804946899414, 0.17971467971801758, 0.09012413024902344, 0.18236207962036133, 0.1131904125213623, 0.08774399757385254, 0.23026466369628906, 0.38706469535827637, 0.3621175289154053, 0.25880932807922363, 0.11189866065979004, 0.2260427474975586, 0.2145252227783203, 0.1959669589996338, 0.0691218376159668, 0.1920146942138672, 0.1104278564453125