{'Spout_wait': 10.0, 'Spliters': 6.0, 'Counters': 17.0}, {'Spout_wait': 10.0, 'Spliters': 6.0, 'Counters': 18.0}, {'Spout_wait': 10.0, 'Spliters': 6.0, 'Counters': 17.0}, {'Spout_wait': 7.0, 'Spliters': 3.0, 'Counters': 17.0}, {'Spout_wait': 10.0, 'Spliters': 6.0, 'Counters': 17.0}, {'Spout_wait': 10.0, 'Spliters': 6.0, 'Counters': 17.0}, {'Spout_wait': 10.0, 'Spliters': 6.0, 'Counters': 17.0}, {'Spout_wait': 9.0, 'Spliters': 6.0, 'Counters': 17.0}, {'Spout_wait': 10.0, 'Spliters': 6.0, 'Counters': 17.0}, {'Spout_wait': 10.0, 'Spliters': 6.0, 'Counters': 17.0}, {'Spout_wait': 10.0, 'Spliters': 6.0, 'Counters': 17.0}, {'Spout_wait': 10.0, 'Spliters': 6.0, 'Counters': 17.0}, {'Spout_wait': 5.0, 'Spliters': 3.0, 'Counters': 17.0}, {'Spout_wait': 10.0, 'Spliters': 6.0, 'Counters': 17.0}, {'Spout_wait': 10.0, 'Spliters': 6.0, 'Counters': 17.0}, {'Spout_wait': 10.0, 'Spliters': 6.0, 'Counters': 15.0}, {'Spout_wait': 10.0, 'Spliters': 6.0, 'Counters': 17.0}, {'Spout_wait': 10.0, 'Spliters': 6.0, 'Counters': 17.0}, {'Spout_wait': 10.0, 'Spliters': 6.0, 'Counters': 17.0}, {'Spout_wait': 6.0, 'Spliters': 5.0, 'Counters': 18.0}
0.000747363758841324, 0.029511347490367323, 0.000747363758841324, 0.02967052168107598, 0.000747363758841324, 0.000747363758841324, 0.000747363758841324, 0.008586239120553896, 0.000747363758841324, 0.000747363758841324, 0.000747363758841324, 0.000747363758841324, 0.021277644326842537, 0.000747363758841324, 0.000747363758841324, 0.050251845828924835, 0.000747363758841324, 0.000747363758841324, 0.000747363758841324, 0.043214253142607406
0.5769157409667969, 0.4490649700164795, 0.5001852512359619, 0.44351935386657715, 0.7435410022735596, 0.6068019866943359, 0.5695288181304932, 0.672003984451294, 0.6272809505462646, 0.7886295318603516, 0.5561299324035645, 0.5246880054473877, 0.625347375869751, 0.6780505180358887, 0.4642670154571533, 0.5243785381317139, 0.7968416213989258, 0.5394883155822754, 0.6576790809631348, 0.7195746898651123