{'Spout_wait': 5.0, 'Spliters': 5.0, 'Counters': 1.0}, {'Spout_wait': 3.0, 'Spliters': 4.0, 'Counters': 15.0}, {'Spout_wait': 2.0, 'Spliters': 5.0, 'Counters': 14.0}, {'Spout_wait': 2.0, 'Spliters': 5.0, 'Counters': 14.0}, {'Spout_wait': 6.0, 'Spliters': 3.0, 'Counters': 1.0}, {'Spout_wait': 5.0, 'Spliters': 5.0, 'Counters': 1.0}, {'Spout_wait': 5.0, 'Spliters': 5.0, 'Counters': 10.0}, {'Spout_wait': 5.0, 'Spliters': 5.0, 'Counters': 1.0}, {'Spout_wait': 5.0, 'Spliters': 5.0, 'Counters': 10.0}, {'Spout_wait': 5.0, 'Spliters': 5.0, 'Counters': 10.0}, {'Spout_wait': 5.0, 'Spliters': 5.0, 'Counters': 1.0}, {'Spout_wait': 5.0, 'Spliters': 5.0, 'Counters': 1.0}, {'Spout_wait': 6.0, 'Spliters': 3.0, 'Counters': 1.0}, {'Spout_wait': 6.0, 'Spliters': 3.0, 'Counters': 15.0}, {'Spout_wait': 6.0, 'Spliters': 3.0, 'Counters': 1.0}, {'Spout_wait': 5.0, 'Spliters': 5.0, 'Counters': 1.0}, {'Spout_wait': 4.0, 'Spliters': 5.0, 'Counters': 10.0}, {'Spout_wait': 5.0, 'Spliters': 5.0, 'Counters': 1.0}, {'Spout_wait': 5.0, 'Spliters': 5.0, 'Counters': 10.0}, {'Spout_wait': 5.0, 'Spliters': 5.0, 'Counters': 10.0}
4.1023799471462397e-05, 0.050780020257953695, 0.04724666887988782, 0.04724666887988782, 0.04227664546194576, 4.1023799471462397e-05, 0.04293529150197439, 4.1023799471462397e-05, 0.04293529150197439, 0.04293529150197439, 4.1023799471462397e-05, 4.1023799471462397e-05, 0.04227664546194576, 0.06658807043310322, 0.04227664546194576, 4.1023799471462397e-05, 0.04928309323600877, 4.1023799471462397e-05, 0.04293529150197439, 0.04293529150197439
0.5632307529449463, 0.5252501964569092, 0.624373197555542, 0.47762203216552734, 0.5834543704986572, 0.5688595771789551, 0.5242958068847656, 0.8110651969909668, 0.6255686283111572, 0.4855227470397949, 0.8195199966430664, 0.6083409786224365, 0.4535837173461914, 0.46919775009155273, 0.4627833366394043, 0.6063690185546875, 0.4851095676422119, 0.4780309200286865, 0.4645841121673584, 0.5334141254425049