{'Spout_wait': 2.0, 'Spliters': 5.0, 'Counters': 10.0}, {'Spout_wait': 6.0, 'Spliters': 3.0, 'Counters': 12.0}, {'Spout_wait': 2.0, 'Spliters': 3.0, 'Counters': 1.0}, {'Spout_wait': 4.0, 'Spliters': 5.0, 'Counters': 10.0}, {'Spout_wait': 4.0, 'Spliters': 3.0, 'Counters': 5.0}, {'Spout_wait': 6.0, 'Spliters': 4.0, 'Counters': 13.0}, {'Spout_wait': 4.0, 'Spliters': 4.0, 'Counters': 16.0}, {'Spout_wait': 3.0, 'Spliters': 4.0, 'Counters': 16.0}, {'Spout_wait': 4.0, 'Spliters': 5.0, 'Counters': 13.0}, {'Spout_wait': 6.0, 'Spliters': 6.0, 'Counters': 6.0}, {'Spout_wait': 4.0, 'Spliters': 5.0, 'Counters': 17.0}, {'Spout_wait': 6.0, 'Spliters': 6.0, 'Counters': 9.0}, {'Spout_wait': 6.0, 'Spliters': 4.0, 'Counters': 2.0}, {'Spout_wait': 6.0, 'Spliters': 5.0, 'Counters': 9.0}, {'Spout_wait': 1.0, 'Spliters': 5.0, 'Counters': 15.0}, {'Spout_wait': 9.0, 'Spliters': 3.0, 'Counters': 11.0}, {'Spout_wait': 5.0, 'Spliters': 4.0, 'Counters': 18.0}, {'Spout_wait': 6.0, 'Spliters': 3.0, 'Counters': 1.0}, {'Spout_wait': 4.0, 'Spliters': 6.0, 'Counters': 10.0}, {'Spout_wait': 6.0, 'Spliters': 6.0, 'Counters': 10.0}
0.08551131741457396, 0.07299553757811195, 0.07964273981014114, 0.04928309323600877, 0.09209799450449718, 0.06622868155999706, 0.07173817139972272, 0.0938940320757915, 0.10437331069841194, 0.08898402607606437, 0.06898395533115131, 0.09616965176190517, 0.06473198371359523, 0.07652877289069748, 0.09131932396257836, 0.24948079479949592, 0.08604950129794131, 0.04227664546194576, 0.07305530287202056, 0.06527079973415661
0.3340444564819336, 0.37101221084594727, 0.3363223075866699, 0.21785235404968262, 0.3774373531341553, 0.32088303565979004, 0.28769850730895996, 0.24860095977783203, 0.33682990074157715, 0.1489565372467041, 0.21622419357299805, 0.21167993545532227, 0.14026737213134766, 0.24951481819152832, 0.25063633918762207, 0.2843194007873535, 0.21487951278686523, 0.4017610549926758, 0.21908164024353027, 0.1342008113861084