{'Spout_wait': 2.0, 'Spliters': 5.0, 'Counters': 10.0}, {'Spout_wait': 6.0, 'Spliters': 3.0, 'Counters': 12.0}, {'Spout_wait': 2.0, 'Spliters': 3.0, 'Counters': 1.0}, {'Spout_wait': 4.0, 'Spliters': 5.0, 'Counters': 10.0}, {'Spout_wait': 4.0, 'Spliters': 3.0, 'Counters': 5.0}, {'Spout_wait': 6.0, 'Spliters': 4.0, 'Counters': 13.0}, {'Spout_wait': 4.0, 'Spliters': 4.0, 'Counters': 16.0}, {'Spout_wait': 3.0, 'Spliters': 4.0, 'Counters': 16.0}, {'Spout_wait': 4.0, 'Spliters': 5.0, 'Counters': 13.0}, {'Spout_wait': 6.0, 'Spliters': 6.0, 'Counters': 6.0}, {'Spout_wait': 4.0, 'Spliters': 5.0, 'Counters': 17.0}, {'Spout_wait': 6.0, 'Spliters': 6.0, 'Counters': 9.0}, {'Spout_wait': 6.0, 'Spliters': 4.0, 'Counters': 2.0}, {'Spout_wait': 6.0, 'Spliters': 5.0, 'Counters': 9.0}, {'Spout_wait': 1.0, 'Spliters': 5.0, 'Counters': 15.0}, {'Spout_wait': 9.0, 'Spliters': 3.0, 'Counters': 11.0}, {'Spout_wait': 5.0, 'Spliters': 4.0, 'Counters': 18.0}, {'Spout_wait': 6.0, 'Spliters': 3.0, 'Counters': 1.0}, {'Spout_wait': 4.0, 'Spliters': 6.0, 'Counters': 10.0}, {'Spout_wait': 6.0, 'Spliters': 6.0, 'Counters': 10.0}
0.08551131741457396, 0.07299553757811195, 0.07964273981014114, 0.04928309323600877, 0.09209799450449718, 0.06622868155999706, 0.07173817139972272, 0.0938940320757915, 0.10437331069841194, 0.08898402607606437, 0.06898395533115131, 0.09616965176190517, 0.06473198371359523, 0.07652877289069748, 0.09131932396257836, 0.24948079479949592, 0.08604950129794131, 0.04227664546194576, 0.07305530287202056, 0.06527079973415661
0.2761499881744385, 0.12472748756408691, 0.07596015930175781, 0.12999296188354492, 0.10138559341430664, 0.11405777931213379, 0.13014698028564453, 0.31515955924987793, 0.12363076210021973, 0.08329892158508301, 0.09970736503601074, 0.11202383041381836, 0.08715248107910156, 0.09539175033569336, 0.11899256706237793, 0.15552067756652832, 0.10360860824584961, 0.08369064331054688, 0.08995342254638672, 0.08133363723754883