{'Spout_wait': 5.0, 'Spliters': 5.0, 'Counters': 1.0}, {'Spout_wait': 5.0, 'Spliters': 5.0, 'Counters': 10.0}, {'Spout_wait': 5.0, 'Spliters': 5.0, 'Counters': 1.0}, {'Spout_wait': 2.0, 'Spliters': 4.0, 'Counters': 10.0}, {'Spout_wait': 5.0, 'Spliters': 5.0, 'Counters': 1.0}, {'Spout_wait': 3.0, 'Spliters': 4.0, 'Counters': 15.0}, {'Spout_wait': 6.0, 'Spliters': 3.0, 'Counters': 1.0}, {'Spout_wait': 5.0, 'Spliters': 5.0, 'Counters': 1.0}, {'Spout_wait': 5.0, 'Spliters': 5.0, 'Counters': 1.0}, {'Spout_wait': 5.0, 'Spliters': 5.0, 'Counters': 1.0}, {'Spout_wait': 2.0, 'Spliters': 5.0, 'Counters': 14.0}, {'Spout_wait': 6.0, 'Spliters': 3.0, 'Counters': 2.0}, {'Spout_wait': 2.0, 'Spliters': 5.0, 'Counters': 14.0}, {'Spout_wait': 6.0, 'Spliters': 3.0, 'Counters': 1.0}, {'Spout_wait': 5.0, 'Spliters': 5.0, 'Counters': 1.0}, {'Spout_wait': 5.0, 'Spliters': 5.0, 'Counters': 10.0}, {'Spout_wait': 6.0, 'Spliters': 3.0, 'Counters': 2.0}, {'Spout_wait': 5.0, 'Spliters': 5.0, 'Counters': 1.0}, {'Spout_wait': 5.0, 'Spliters': 5.0, 'Counters': 1.0}, {'Spout_wait': 5.0, 'Spliters': 5.0, 'Counters': 1.0}
4.1023799471462397e-05, 0.04293529150197439, 4.1023799471462397e-05, 0.054792021290341, 4.1023799471462397e-05, 0.050780020257953695, 0.04227664546194576, 4.1023799471462397e-05, 4.1023799471462397e-05, 4.1023799471462397e-05, 0.04724666887988782, 0.05413328559005237, 0.04724666887988782, 0.04227664546194576, 4.1023799471462397e-05, 0.04293529150197439, 0.05413328559005237, 4.1023799471462397e-05, 4.1023799471462397e-05, 4.1023799471462397e-05
1.1454555988311768, 1.201528787612915, 2.226067066192627, 1.2356932163238525, 1.06925630569458, 1.0001394748687744, 1.0196506977081299, 1.0579986572265625, 0.7744765281677246, 0.8316833972930908, 0.8154261112213135, 0.977165699005127, 0.9633288383483887, 0.9806535243988037, 0.9757053852081299, 1.010446548461914, 1.2671411037445068, 1.7375469207763672, 1.6787097454071045, 2.277670383453369