{'Spout_wait': 6.0, 'Spliters': 3.0, 'Counters': 1.0}, {'Spout_wait': 6.0, 'Spliters': 4.0, 'Counters': 15.0}, {'Spout_wait': 5.0, 'Spliters': 5.0, 'Counters': 1.0}, {'Spout_wait': 6.0, 'Spliters': 3.0, 'Counters': 1.0}, {'Spout_wait': 2.0, 'Spliters': 5.0, 'Counters': 14.0}, {'Spout_wait': 6.0, 'Spliters': 3.0, 'Counters': 1.0}, {'Spout_wait': 5.0, 'Spliters': 6.0, 'Counters': 11.0}, {'Spout_wait': 6.0, 'Spliters': 6.0, 'Counters': 13.0}, {'Spout_wait': 6.0, 'Spliters': 4.0, 'Counters': 12.0}, {'Spout_wait': 4.0, 'Spliters': 5.0, 'Counters': 15.0}, {'Spout_wait': 5.0, 'Spliters': 6.0, 'Counters': 15.0}, {'Spout_wait': 5.0, 'Spliters': 3.0, 'Counters': 12.0}, {'Spout_wait': 6.0, 'Spliters': 6.0, 'Counters': 18.0}, {'Spout_wait': 4.0, 'Spliters': 6.0, 'Counters': 1.0}, {'Spout_wait': 6.0, 'Spliters': 3.0, 'Counters': 2.0}, {'Spout_wait': 6.0, 'Spliters': 4.0, 'Counters': 12.0}, {'Spout_wait': 6.0, 'Spliters': 6.0, 'Counters': 18.0}, {'Spout_wait': 4.0, 'Spliters': 5.0, 'Counters': 10.0}, {'Spout_wait': 5.0, 'Spliters': 5.0, 'Counters': 17.0}, {'Spout_wait': 5.0, 'Spliters': 5.0, 'Counters': 1.0}
0.04227664546194576, 0.051797308758049, 4.1023799471462397e-05, 0.04227664546194576, 0.04724666887988782, 0.04227664546194576, 0.08245668741287526, 0.08359421863765926, 0.06053988789959308, 0.05317513139432972, 0.08209737193835487, 0.06856444270796458, 0.06317483948161395, 0.06341415770644487, 0.05413328559005237, 0.06053988789959308, 0.06317483948161395, 0.04928309323600877, 0.06796515301188721, 4.1023799471462397e-05
0.23318958282470703, 0.22867321968078613, 0.28529977798461914, 0.2425062656402588, 0.19191336631774902, 0.1822216510772705, 0.2361297607421875, 0.2154560089111328, 0.28614377975463867, 0.1855936050415039, 0.3125884532928467, 0.27303242683410645, 0.19217586517333984, 0.37752699851989746, 0.4384438991546631, 0.18240118026733398, 0.23483538627624512, 0.2402787208557129, 0.46485066413879395, 0.22968435287475586