{'Spout_wait': 4.0, 'Spliters': 6.0, 'Counters': 11.0}, {'Spout_wait': 5.0, 'Spliters': 3.0, 'Counters': 15.0}, {'Spout_wait': 2.0, 'Spliters': 3.0, 'Counters': 1.0}, {'Spout_wait': 4.0, 'Spliters': 5.0, 'Counters': 10.0}, {'Spout_wait': 4.0, 'Spliters': 3.0, 'Counters': 2.0}, {'Spout_wait': 5.0, 'Spliters': 5.0, 'Counters': 7.0}, {'Spout_wait': 2.0, 'Spliters': 6.0, 'Counters': 15.0}, {'Spout_wait': 3.0, 'Spliters': 6.0, 'Counters': 14.0}, {'Spout_wait': 6.0, 'Spliters': 5.0, 'Counters': 7.0}, {'Spout_wait': 6.0, 'Spliters': 5.0, 'Counters': 6.0}, {'Spout_wait': 5.0, 'Spliters': 5.0, 'Counters': 15.0}, {'Spout_wait': 2.0, 'Spliters': 5.0, 'Counters': 6.0}, {'Spout_wait': 6.0, 'Spliters': 4.0, 'Counters': 2.0}, {'Spout_wait': 4.0, 'Spliters': 2.0, 'Counters': 10.0}, {'Spout_wait': 1.0, 'Spliters': 3.0, 'Counters': 5.0}, {'Spout_wait': 7.0, 'Spliters': 5.0, 'Counters': 14.0}, {'Spout_wait': 5.0, 'Spliters': 4.0, 'Counters': 18.0}, {'Spout_wait': 6.0, 'Spliters': 3.0, 'Counters': 1.0}, {'Spout_wait': 4.0, 'Spliters': 6.0, 'Counters': 10.0}, {'Spout_wait': 6.0, 'Spliters': 6.0, 'Counters': 10.0}
0.09670876531061767, 0.09652886898030433, 0.07964273981014114, 0.04928309323600877, 0.11132036960296687, 0.08539094303473094, 0.07335444121653811, 0.09754741702328729, 0.1408228797262545, 0.09593056136113376, 0.07209759133689941, 0.11909856211622682, 0.06473198371359523, 0.16268666996845638, 0.16764391353657238, 0.2609724665214267, 0.08604950129794131, 0.04227664546194576, 0.07305530287202056, 0.06527079973415661
0.14055132865905762, 0.2733910083770752, 0.22638869285583496, 0.3171837329864502, 0.07267951965332031, 0.20411252975463867, 0.22486567497253418, 0.12401700019836426, 0.25411343574523926, 0.1556100845336914, 0.10702919960021973, 0.11644697189331055, 0.07384943962097168, 0.08499646186828613, 0.5503273010253906, 0.13903522491455078, 0.1072232723236084, 0.10632491111755371, 0.1192471981048584, 0.22258949279785156