{'Spout_wait': 6.0, 'Spliters': 3.0, 'Counters': 1.0}, {'Spout_wait': 5.0, 'Spliters': 5.0, 'Counters': 18.0}, {'Spout_wait': 5.0, 'Spliters': 5.0, 'Counters': 1.0}, {'Spout_wait': 5.0, 'Spliters': 4.0, 'Counters': 2.0}, {'Spout_wait': 6.0, 'Spliters': 5.0, 'Counters': 17.0}, {'Spout_wait': 5.0, 'Spliters': 6.0, 'Counters': 1.0}, {'Spout_wait': 6.0, 'Spliters': 3.0, 'Counters': 13.0}, {'Spout_wait': 4.0, 'Spliters': 4.0, 'Counters': 5.0}, {'Spout_wait': 5.0, 'Spliters': 5.0, 'Counters': 8.0}, {'Spout_wait': 4.0, 'Spliters': 5.0, 'Counters': 15.0}, {'Spout_wait': 5.0, 'Spliters': 6.0, 'Counters': 13.0}, {'Spout_wait': 2.0, 'Spliters': 6.0, 'Counters': 11.0}, {'Spout_wait': 6.0, 'Spliters': 4.0, 'Counters': 13.0}, {'Spout_wait': 3.0, 'Spliters': 3.0, 'Counters': 14.0}, {'Spout_wait': 4.0, 'Spliters': 3.0, 'Counters': 18.0}, {'Spout_wait': 6.0, 'Spliters': 4.0, 'Counters': 12.0}, {'Spout_wait': 3.0, 'Spliters': 5.0, 'Counters': 15.0}, {'Spout_wait': 1.0, 'Spliters': 6.0, 'Counters': 15.0}, {'Spout_wait': 1.0, 'Spliters': 6.0, 'Counters': 10.0}, {'Spout_wait': 5.0, 'Spliters': 4.0, 'Counters': 17.0}
0.04227664546194576, 0.07371393877017851, 4.1023799471462397e-05, 0.07826474669758343, 0.08072007172685369, 0.06970230856181392, 0.10646915216872754, 0.09880502873102048, 0.08449295838412296, 0.05317513139432972, 0.10862492663603485, 0.09311570737984876, 0.06622868155999706, 0.10449341743037033, 0.06820537694265139, 0.06053988789959308, 0.07209710043164075, 0.06658790750308663, 0.0835945593644064, 0.09245672224665813
0.23607563972473145, 0.19872212409973145, 0.3178901672363281, 0.4705955982208252, 0.17192649841308594, 0.20284342765808105, 0.17084050178527832, 0.19837570190429688, 0.2548184394836426, 0.2224581241607666, 0.1480851173400879, 0.2271900177001953, 0.13464593887329102, 0.1589949131011963, 0.21949505805969238, 0.17187166213989258, 0.1599287986755371, 0.20693683624267578, 0.15372705459594727, 0.12709641456604004