{'Spout_wait': 4.0, 'Spliters': 6.0, 'Counters': 11.0}, {'Spout_wait': 5.0, 'Spliters': 3.0, 'Counters': 15.0}, {'Spout_wait': 2.0, 'Spliters': 3.0, 'Counters': 1.0}, {'Spout_wait': 4.0, 'Spliters': 5.0, 'Counters': 10.0}, {'Spout_wait': 4.0, 'Spliters': 3.0, 'Counters': 2.0}, {'Spout_wait': 5.0, 'Spliters': 5.0, 'Counters': 7.0}, {'Spout_wait': 2.0, 'Spliters': 6.0, 'Counters': 15.0}, {'Spout_wait': 3.0, 'Spliters': 6.0, 'Counters': 14.0}, {'Spout_wait': 6.0, 'Spliters': 5.0, 'Counters': 7.0}, {'Spout_wait': 6.0, 'Spliters': 5.0, 'Counters': 6.0}, {'Spout_wait': 5.0, 'Spliters': 5.0, 'Counters': 15.0}, {'Spout_wait': 2.0, 'Spliters': 5.0, 'Counters': 6.0}, {'Spout_wait': 6.0, 'Spliters': 4.0, 'Counters': 2.0}, {'Spout_wait': 4.0, 'Spliters': 2.0, 'Counters': 10.0}, {'Spout_wait': 1.0, 'Spliters': 3.0, 'Counters': 5.0}, {'Spout_wait': 7.0, 'Spliters': 5.0, 'Counters': 14.0}, {'Spout_wait': 5.0, 'Spliters': 4.0, 'Counters': 18.0}, {'Spout_wait': 6.0, 'Spliters': 3.0, 'Counters': 1.0}, {'Spout_wait': 4.0, 'Spliters': 6.0, 'Counters': 10.0}, {'Spout_wait': 6.0, 'Spliters': 6.0, 'Counters': 10.0}
0.09670876531061767, 0.09652886898030433, 0.07964273981014114, 0.04928309323600877, 0.11132036960296687, 0.08539094303473094, 0.07335444121653811, 0.09754741702328729, 0.1408228797262545, 0.09593056136113376, 0.07209759133689941, 0.11909856211622682, 0.06473198371359523, 0.16268666996845638, 0.16764391353657238, 0.2609724665214267, 0.08604950129794131, 0.04227664546194576, 0.07305530287202056, 0.06527079973415661
0.26425766944885254, 0.14251065254211426, 0.08396482467651367, 0.08769750595092773, 0.07938504219055176, 0.12401866912841797, 0.10553145408630371, 0.1045835018157959, 0.17119145393371582, 0.08737850189208984, 0.08849501609802246, 0.08518648147583008, 0.10472369194030762, 0.07577848434448242, 0.11927342414855957, 0.1620168685913086, 0.11002898216247559, 0.13857674598693848, 0.10357141494750977, 0.10571789741516113