{'Spout_wait': 5.0, 'Spliters': 3.0, 'Counters': 12.0}, {'Spout_wait': 6.0, 'Spliters': 6.0, 'Counters': 18.0}, {'Spout_wait': 5.0, 'Spliters': 5.0, 'Counters': 10.0}, {'Spout_wait': 2.0, 'Spliters': 3.0, 'Counters': 16.0}, {'Spout_wait': 5.0, 'Spliters': 5.0, 'Counters': 4.0}, {'Spout_wait': 5.0, 'Spliters': 4.0, 'Counters': 15.0}, {'Spout_wait': 6.0, 'Spliters': 4.0, 'Counters': 15.0}, {'Spout_wait': 5.0, 'Spliters': 5.0, 'Counters': 10.0}, {'Spout_wait': 5.0, 'Spliters': 5.0, 'Counters': 1.0}, {'Spout_wait': 3.0, 'Spliters': 6.0, 'Counters': 1.0}, {'Spout_wait': 2.0, 'Spliters': 5.0, 'Counters': 14.0}, {'Spout_wait': 4.0, 'Spliters': 3.0, 'Counters': 11.0}, {'Spout_wait': 4.0, 'Spliters': 4.0, 'Counters': 16.0}, {'Spout_wait': 6.0, 'Spliters': 3.0, 'Counters': 2.0}, {'Spout_wait': 4.0, 'Spliters': 5.0, 'Counters': 10.0}, {'Spout_wait': 4.0, 'Spliters': 6.0, 'Counters': 1.0}, {'Spout_wait': 6.0, 'Spliters': 6.0, 'Counters': 10.0}, {'Spout_wait': 3.0, 'Spliters': 3.0, 'Counters': 18.0}, {'Spout_wait': 5.0, 'Spliters': 5.0, 'Counters': 1.0}, {'Spout_wait': 4.0, 'Spliters': 5.0, 'Counters': 3.0}
0.06856444270796458, 0.06317483948161395, 0.04293529150197439, 0.06682831248794607, 0.054612027473105784, 0.07173785106193742, 0.051797308758049, 0.04293529150197439, 4.1023799471462397e-05, 0.06095920606992189, 0.04724666887988782, 0.08700781127469737, 0.07173817139972272, 0.05413328559005237, 0.04928309323600877, 0.06341415770644487, 0.06527079973415661, 0.06952258069177952, 4.1023799471462397e-05, 0.08066079177732266
0.23293614387512207, 0.20122480392456055, 0.4138157367706299, 0.19816279411315918, 0.3237910270690918, 0.2968776226043701, 0.41484904289245605, 0.460956335067749, 0.35300159454345703, 0.34169602394104004, 0.2619602680206299, 0.4321260452270508, 0.29466938972473145, 0.30127930641174316, 0.2954881191253662, 0.1842048168182373, 0.4719240665435791, 0.2587711811065674, 0.3131294250488281, 0.4274013042449951