{'Spout_wait': 5.0, 'Spliters': 5.0, 'Counters': 4.0}, {'Spout_wait': 2.0, 'Spliters': 4.0, 'Counters': 10.0}, {'Spout_wait': 6.0, 'Spliters': 3.0, 'Counters': 2.0}, {'Spout_wait': 2.0, 'Spliters': 5.0, 'Counters': 14.0}, {'Spout_wait': 6.0, 'Spliters': 3.0, 'Counters': 1.0}, {'Spout_wait': 5.0, 'Spliters': 5.0, 'Counters': 1.0}, {'Spout_wait': 4.0, 'Spliters': 5.0, 'Counters': 10.0}, {'Spout_wait': 5.0, 'Spliters': 6.0, 'Counters': 14.0}, {'Spout_wait': 5.0, 'Spliters': 5.0, 'Counters': 10.0}, {'Spout_wait': 5.0, 'Spliters': 6.0, 'Counters': 1.0}, {'Spout_wait': 5.0, 'Spliters': 5.0, 'Counters': 1.0}, {'Spout_wait': 5.0, 'Spliters': 5.0, 'Counters': 1.0}, {'Spout_wait': 3.0, 'Spliters': 4.0, 'Counters': 15.0}, {'Spout_wait': 4.0, 'Spliters': 3.0, 'Counters': 18.0}, {'Spout_wait': 6.0, 'Spliters': 3.0, 'Counters': 1.0}, {'Spout_wait': 5.0, 'Spliters': 5.0, 'Counters': 1.0}, {'Spout_wait': 4.0, 'Spliters': 6.0, 'Counters': 1.0}, {'Spout_wait': 6.0, 'Spliters': 3.0, 'Counters': 1.0}, {'Spout_wait': 5.0, 'Spliters': 5.0, 'Counters': 10.0}, {'Spout_wait': 4.0, 'Spliters': 5.0, 'Counters': 15.0}
0.054612027473105784, 0.054792021290341, 0.05413328559005237, 0.04724666887988782, 0.04227664546194576, 4.1023799471462397e-05, 0.04928309323600877, 0.05053990568724742, 0.04293529150197439, 0.06970230856181392, 4.1023799471462397e-05, 4.1023799471462397e-05, 0.050780020257953695, 0.06820537694265139, 0.04227664546194576, 4.1023799471462397e-05, 0.06341415770644487, 0.04227664546194576, 0.04293529150197439, 0.05317513139432972
0.28388428688049316, 0.3279438018798828, 0.22870659828186035, 0.31508350372314453, 0.302781343460083, 0.5695376396179199, 0.2652313709259033, 0.31495213508605957, 0.460803747177124, 0.3948957920074463, 0.431837797164917, 0.3144063949584961, 0.2739531993865967, 0.40700340270996094, 0.38791942596435547, 0.6511549949645996, 0.45158815383911133, 0.5904335975646973, 0.34919142723083496, 0.3139960765838623