{'Spout_wait': 4.0, 'Spliters': 6.0, 'Counters': 11.0}, {'Spout_wait': 1.0, 'Spliters': 3.0, 'Counters': 10.0}, {'Spout_wait': 3.0, 'Spliters': 6.0, 'Counters': 17.0}, {'Spout_wait': 3.0, 'Spliters': 5.0, 'Counters': 15.0}, {'Spout_wait': 4.0, 'Spliters': 3.0, 'Counters': 2.0}, {'Spout_wait': 4.0, 'Spliters': 5.0, 'Counters': 4.0}, {'Spout_wait': 4.0, 'Spliters': 5.0, 'Counters': 14.0}, {'Spout_wait': 3.0, 'Spliters': 6.0, 'Counters': 14.0}, {'Spout_wait': 1.0, 'Spliters': 4.0, 'Counters': 4.0}, {'Spout_wait': 6.0, 'Spliters': 5.0, 'Counters': 6.0}, {'Spout_wait': 5.0, 'Spliters': 5.0, 'Counters': 15.0}, {'Spout_wait': 7.0, 'Spliters': 4.0, 'Counters': 1.0}, {'Spout_wait': 6.0, 'Spliters': 4.0, 'Counters': 2.0}, {'Spout_wait': 4.0, 'Spliters': 2.0, 'Counters': 10.0}, {'Spout_wait': 1.0, 'Spliters': 2.0, 'Counters': 15.0}, {'Spout_wait': 9.0, 'Spliters': 2.0, 'Counters': 9.0}, {'Spout_wait': 5.0, 'Spliters': 4.0, 'Counters': 18.0}, {'Spout_wait': 6.0, 'Spliters': 3.0, 'Counters': 1.0}, {'Spout_wait': 4.0, 'Spliters': 6.0, 'Counters': 10.0}, {'Spout_wait': 6.0, 'Spliters': 6.0, 'Counters': 10.0}
0.09670876531061767, 0.11782921496590071, 0.09407341621182164, 0.07209710043164075, 0.11132036960296687, 0.1988601706154105, 0.08455275560700559, 0.09754741702328729, 0.1669553779185604, 0.09593056136113376, 0.07209759133689941, 0.1782923211059836, 0.06473198371359523, 0.16268666996845638, 0.204010595665866, 0.3483080097482403, 0.08604950129794131, 0.04227664546194576, 0.07305530287202056, 0.06527079973415661
0.15580153465270996, 0.25638794898986816, 0.08673977851867676, 0.12597155570983887, 0.1719827651977539, 0.07135272026062012, 0.0889899730682373, 0.13770389556884766, 0.3357417583465576, 0.06516146659851074, 0.1280214786529541, 0.14475226402282715, 0.13458991050720215, 0.10306406021118164, 0.1543116569519043, 0.1995067596435547, 0.1636943817138672, 0.12355470657348633, 0.11162233352661133, 0.08808660507202148