{'Spout_wait': 5.0, 'Spliters': 3.0, 'Counters': 12.0}, {'Spout_wait': 6.0, 'Spliters': 5.0, 'Counters': 15.0}, {'Spout_wait': 5.0, 'Spliters': 5.0, 'Counters': 8.0}, {'Spout_wait': 2.0, 'Spliters': 3.0, 'Counters': 16.0}, {'Spout_wait': 5.0, 'Spliters': 4.0, 'Counters': 17.0}, {'Spout_wait': 2.0, 'Spliters': 4.0, 'Counters': 14.0}, {'Spout_wait': 6.0, 'Spliters': 4.0, 'Counters': 13.0}, {'Spout_wait': 6.0, 'Spliters': 3.0, 'Counters': 10.0}, {'Spout_wait': 5.0, 'Spliters': 4.0, 'Counters': 1.0}, {'Spout_wait': 3.0, 'Spliters': 4.0, 'Counters': 1.0}, {'Spout_wait': 5.0, 'Spliters': 5.0, 'Counters': 15.0}, {'Spout_wait': 100.0, 'Spliters': 4.0, 'Counters': 11.0}, {'Spout_wait': 100.0, 'Spliters': 4.0, 'Counters': 16.0}, {'Spout_wait': 6.0, 'Spliters': 2.0, 'Counters': 14.0}, {'Spout_wait': 4.0, 'Spliters': 5.0, 'Counters': 17.0}, {'Spout_wait': 4.0, 'Spliters': 6.0, 'Counters': 1.0}, {'Spout_wait': 2.0, 'Spliters': 6.0, 'Counters': 15.0}, {'Spout_wait': 6.0, 'Spliters': 3.0, 'Counters': 18.0}, {'Spout_wait': 5.0, 'Spliters': 6.0, 'Counters': 1.0}, {'Spout_wait': 2.0, 'Spliters': 3.0, 'Counters': 6.0}
0.06856444270796458, 0.06784542282263151, 0.08449295838412296, 0.06682831248794607, 0.09245672224665813, 0.09970270411130389, 0.06622868155999706, 0.09227742886053691, 0.05485197085539084, 0.07760647054765257, 0.07209759133689941, 0.2515060731994244, 0.2518532850267361, 0.19975230677508193, 0.06898395533115131, 0.06341415770644487, 0.07335444121653811, 0.08149838149817812, 0.06970230856181392, 0.12361372005516913
0.2195742130279541, 0.1875293254852295, 0.22624945640563965, 0.15844511985778809, 0.11278152465820312, 0.21936941146850586, 0.11376070976257324, 0.16216230392456055, 0.1119527816772461, 0.24906420707702637, 0.4163527488708496, 0.20042967796325684, 0.17351675033569336, 0.15892267227172852, 0.2618393898010254, 0.06299972534179688, 0.2037796974182129, 0.18247103691101074, 0.25173163414001465, 0.17081475257873535