{'Spout_wait': 6.0, 'Spliters': 6.0, 'Counters': 18.0}, {'Spout_wait': 2.0, 'Spliters': 4.0, 'Counters': 10.0}, {'Spout_wait': 2.0, 'Spliters': 3.0, 'Counters': 1.0}, {'Spout_wait': 4.0, 'Spliters': 5.0, 'Counters': 10.0}, {'Spout_wait': 6.0, 'Spliters': 3.0, 'Counters': 2.0}, {'Spout_wait': 5.0, 'Spliters': 5.0, 'Counters': 4.0}, {'Spout_wait': 4.0, 'Spliters': 5.0, 'Counters': 10.0}, {'Spout_wait': 4.0, 'Spliters': 5.0, 'Counters': 3.0}, {'Spout_wait': 4.0, 'Spliters': 5.0, 'Counters': 15.0}, {'Spout_wait': 6.0, 'Spliters': 6.0, 'Counters': 6.0}, {'Spout_wait': 4.0, 'Spliters': 5.0, 'Counters': 15.0}, {'Spout_wait': 5.0, 'Spliters': 5.0, 'Counters': 1.0}, {'Spout_wait': 6.0, 'Spliters': 4.0, 'Counters': 2.0}, {'Spout_wait': 6.0, 'Spliters': 5.0, 'Counters': 9.0}, {'Spout_wait': 1.0, 'Spliters': 3.0, 'Counters': 11.0}, {'Spout_wait': 6.0, 'Spliters': 5.0, 'Counters': 1.0}, {'Spout_wait': 4.0, 'Spliters': 6.0, 'Counters': 1.0}, {'Spout_wait': 6.0, 'Spliters': 3.0, 'Counters': 1.0}, {'Spout_wait': 4.0, 'Spliters': 6.0, 'Counters': 10.0}, {'Spout_wait': 4.0, 'Spliters': 5.0, 'Counters': 15.0}
0.06317483948161395, 0.054792021290341, 0.07964273981014114, 0.04928309323600877, 0.05413328559005237, 0.054612027473105784, 0.04928309323600877, 0.08066079177732266, 0.05317513139432972, 0.08898402607606437, 0.05317513139432972, 4.1023799471462397e-05, 0.06473198371359523, 0.07652877289069748, 0.09048089118900249, 0.06185809585680524, 0.06341415770644487, 0.04227664546194576, 0.07305530287202056, 0.05317513139432972
0.24096417427062988, 0.3328213691711426, 0.28156590461730957, 0.23649859428405762, 0.23083877563476562, 0.3754136562347412, 0.2795107364654541, 0.2613685131072998, 0.23537468910217285, 0.18749308586120605, 0.9621009826660156, 0.1983792781829834, 0.2591085433959961, 0.22412872314453125, 0.30589747428894043, 0.5641579627990723, 0.2772364616394043, 0.18080997467041016, 0.1926558017730713, 0.29705023765563965