{'Spout_wait': 5.0, 'Spliters': 5.0, 'Counters': 10.0}, {'Spout_wait': 5.0, 'Spliters': 5.0, 'Counters': 1.0}, {'Spout_wait': 5.0, 'Spliters': 5.0, 'Counters': 1.0}, {'Spout_wait': 2.0, 'Spliters': 5.0, 'Counters': 14.0}, {'Spout_wait': 2.0, 'Spliters': 5.0, 'Counters': 14.0}, {'Spout_wait': 5.0, 'Spliters': 6.0, 'Counters': 14.0}, {'Spout_wait': 5.0, 'Spliters': 5.0, 'Counters': 1.0}, {'Spout_wait': 5.0, 'Spliters': 5.0, 'Counters': 10.0}, {'Spout_wait': 2.0, 'Spliters': 5.0, 'Counters': 14.0}, {'Spout_wait': 5.0, 'Spliters': 5.0, 'Counters': 1.0}, {'Spout_wait': 5.0, 'Spliters': 5.0, 'Counters': 1.0}, {'Spout_wait': 5.0, 'Spliters': 5.0, 'Counters': 1.0}, {'Spout_wait': 5.0, 'Spliters': 5.0, 'Counters': 1.0}, {'Spout_wait': 5.0, 'Spliters': 6.0, 'Counters': 14.0}, {'Spout_wait': 2.0, 'Spliters': 5.0, 'Counters': 14.0}, {'Spout_wait': 5.0, 'Spliters': 5.0, 'Counters': 10.0}, {'Spout_wait': 5.0, 'Spliters': 5.0, 'Counters': 10.0}, {'Spout_wait': 6.0, 'Spliters': 3.0, 'Counters': 1.0}, {'Spout_wait': 5.0, 'Spliters': 5.0, 'Counters': 1.0}, {'Spout_wait': 5.0, 'Spliters': 5.0, 'Counters': 10.0}
0.04293529150197439, 4.1023799471462397e-05, 4.1023799471462397e-05, 0.04724666887988782, 0.04724666887988782, 0.05053990568724742, 4.1023799471462397e-05, 0.04293529150197439, 0.04724666887988782, 4.1023799471462397e-05, 4.1023799471462397e-05, 4.1023799471462397e-05, 4.1023799471462397e-05, 0.05053990568724742, 0.04724666887988782, 0.04293529150197439, 0.04293529150197439, 0.04227664546194576, 4.1023799471462397e-05, 0.04293529150197439
0.9539327621459961, 0.7295269966125488, 0.47242069244384766, 0.47155284881591797, 0.45758724212646484, 0.40166664123535156, 0.5249488353729248, 0.5265300273895264, 0.40770936012268066, 0.3677372932434082, 0.4896352291107178, 0.3679978847503662, 0.5115375518798828, 0.44423604011535645, 0.45963358879089355, 0.4724116325378418, 0.4163639545440674, 0.49052882194519043, 0.40081167221069336, 0.527033805847168