{'Spout_wait': 6.0, 'Spliters': 6.0, 'Counters': 18.0}, {'Spout_wait': 2.0, 'Spliters': 4.0, 'Counters': 10.0}, {'Spout_wait': 2.0, 'Spliters': 3.0, 'Counters': 1.0}, {'Spout_wait': 4.0, 'Spliters': 5.0, 'Counters': 10.0}, {'Spout_wait': 6.0, 'Spliters': 3.0, 'Counters': 2.0}, {'Spout_wait': 5.0, 'Spliters': 5.0, 'Counters': 4.0}, {'Spout_wait': 4.0, 'Spliters': 5.0, 'Counters': 10.0}, {'Spout_wait': 4.0, 'Spliters': 5.0, 'Counters': 3.0}, {'Spout_wait': 4.0, 'Spliters': 5.0, 'Counters': 15.0}, {'Spout_wait': 6.0, 'Spliters': 6.0, 'Counters': 6.0}, {'Spout_wait': 4.0, 'Spliters': 5.0, 'Counters': 15.0}, {'Spout_wait': 5.0, 'Spliters': 5.0, 'Counters': 1.0}, {'Spout_wait': 6.0, 'Spliters': 4.0, 'Counters': 2.0}, {'Spout_wait': 6.0, 'Spliters': 5.0, 'Counters': 9.0}, {'Spout_wait': 1.0, 'Spliters': 3.0, 'Counters': 11.0}, {'Spout_wait': 6.0, 'Spliters': 5.0, 'Counters': 1.0}, {'Spout_wait': 4.0, 'Spliters': 6.0, 'Counters': 1.0}, {'Spout_wait': 6.0, 'Spliters': 3.0, 'Counters': 1.0}, {'Spout_wait': 4.0, 'Spliters': 6.0, 'Counters': 10.0}, {'Spout_wait': 4.0, 'Spliters': 5.0, 'Counters': 15.0}
0.06317483948161395, 0.054792021290341, 0.07964273981014114, 0.04928309323600877, 0.05413328559005237, 0.054612027473105784, 0.04928309323600877, 0.08066079177732266, 0.05317513139432972, 0.08898402607606437, 0.05317513139432972, 4.1023799471462397e-05, 0.06473198371359523, 0.07652877289069748, 0.09048089118900249, 0.06185809585680524, 0.06341415770644487, 0.04227664546194576, 0.07305530287202056, 0.05317513139432972
0.3065147399902344, 0.2263641357421875, 0.15711021423339844, 0.12439274787902832, 0.14618563652038574, 0.25931668281555176, 0.16376399993896484, 0.1821439266204834, 0.19394421577453613, 0.1743919849395752, 0.5295803546905518, 0.2826712131500244, 0.10282635688781738, 0.13463711738586426, 0.1513674259185791, 0.2403125762939453, 0.1563105583190918, 0.12518787384033203, 0.15649819374084473, 0.11248040199279785