{'Spout_wait': 2.0, 'Spliters': 5.0, 'Counters': 10.0}, {'Spout_wait': 6.0, 'Spliters': 3.0, 'Counters': 12.0}, {'Spout_wait': 2.0, 'Spliters': 3.0, 'Counters': 1.0}, {'Spout_wait': 4.0, 'Spliters': 5.0, 'Counters': 10.0}, {'Spout_wait': 4.0, 'Spliters': 3.0, 'Counters': 5.0}, {'Spout_wait': 6.0, 'Spliters': 4.0, 'Counters': 13.0}, {'Spout_wait': 4.0, 'Spliters': 4.0, 'Counters': 16.0}, {'Spout_wait': 3.0, 'Spliters': 4.0, 'Counters': 16.0}, {'Spout_wait': 4.0, 'Spliters': 5.0, 'Counters': 13.0}, {'Spout_wait': 6.0, 'Spliters': 6.0, 'Counters': 6.0}, {'Spout_wait': 4.0, 'Spliters': 5.0, 'Counters': 17.0}, {'Spout_wait': 6.0, 'Spliters': 6.0, 'Counters': 9.0}, {'Spout_wait': 6.0, 'Spliters': 4.0, 'Counters': 2.0}, {'Spout_wait': 6.0, 'Spliters': 5.0, 'Counters': 9.0}, {'Spout_wait': 1.0, 'Spliters': 5.0, 'Counters': 15.0}, {'Spout_wait': 9.0, 'Spliters': 3.0, 'Counters': 11.0}, {'Spout_wait': 5.0, 'Spliters': 4.0, 'Counters': 18.0}, {'Spout_wait': 6.0, 'Spliters': 3.0, 'Counters': 1.0}, {'Spout_wait': 4.0, 'Spliters': 6.0, 'Counters': 10.0}, {'Spout_wait': 6.0, 'Spliters': 6.0, 'Counters': 10.0}
0.08551131741457396, 0.07299553757811195, 0.07964273981014114, 0.04928309323600877, 0.09209799450449718, 0.06622868155999706, 0.07173817139972272, 0.0938940320757915, 0.10437331069841194, 0.08898402607606437, 0.06898395533115131, 0.09616965176190517, 0.06473198371359523, 0.07652877289069748, 0.09131932396257836, 0.24948079479949592, 0.08604950129794131, 0.04227664546194576, 0.07305530287202056, 0.06527079973415661
0.20154285430908203, 0.14859509468078613, 0.13341307640075684, 0.12227344512939453, 0.17490625381469727, 0.2115328311920166, 0.18180060386657715, 0.31534242630004883, 0.28111743927001953, 0.1403064727783203, 0.13881993293762207, 0.1219482421875, 0.12142157554626465, 0.08310294151306152, 0.09771394729614258, 0.13309025764465332, 0.1020667552947998, 0.11595296859741211, 0.09765410423278809, 0.09496259689331055