{'Spout_wait': 5.0, 'Spliters': 5.0, 'Counters': 1.0}, {'Spout_wait': 3.0, 'Spliters': 4.0, 'Counters': 15.0}, {'Spout_wait': 2.0, 'Spliters': 5.0, 'Counters': 14.0}, {'Spout_wait': 2.0, 'Spliters': 5.0, 'Counters': 14.0}, {'Spout_wait': 6.0, 'Spliters': 3.0, 'Counters': 1.0}, {'Spout_wait': 5.0, 'Spliters': 5.0, 'Counters': 1.0}, {'Spout_wait': 5.0, 'Spliters': 5.0, 'Counters': 10.0}, {'Spout_wait': 5.0, 'Spliters': 5.0, 'Counters': 1.0}, {'Spout_wait': 5.0, 'Spliters': 5.0, 'Counters': 10.0}, {'Spout_wait': 5.0, 'Spliters': 5.0, 'Counters': 10.0}, {'Spout_wait': 5.0, 'Spliters': 5.0, 'Counters': 1.0}, {'Spout_wait': 5.0, 'Spliters': 5.0, 'Counters': 1.0}, {'Spout_wait': 6.0, 'Spliters': 3.0, 'Counters': 1.0}, {'Spout_wait': 6.0, 'Spliters': 3.0, 'Counters': 15.0}, {'Spout_wait': 6.0, 'Spliters': 3.0, 'Counters': 1.0}, {'Spout_wait': 5.0, 'Spliters': 5.0, 'Counters': 1.0}, {'Spout_wait': 4.0, 'Spliters': 5.0, 'Counters': 10.0}, {'Spout_wait': 5.0, 'Spliters': 5.0, 'Counters': 1.0}, {'Spout_wait': 5.0, 'Spliters': 5.0, 'Counters': 10.0}, {'Spout_wait': 5.0, 'Spliters': 5.0, 'Counters': 10.0}
4.1023799471462397e-05, 0.050780020257953695, 0.04724666887988782, 0.04724666887988782, 0.04227664546194576, 4.1023799471462397e-05, 0.04293529150197439, 4.1023799471462397e-05, 0.04293529150197439, 0.04293529150197439, 4.1023799471462397e-05, 4.1023799471462397e-05, 0.04227664546194576, 0.06658807043310322, 0.04227664546194576, 4.1023799471462397e-05, 0.04928309323600877, 4.1023799471462397e-05, 0.04293529150197439, 0.04293529150197439
0.8662211894989014, 0.6198346614837646, 0.7347304821014404, 0.6716005802154541, 0.6076388359069824, 0.6920936107635498, 1.0271081924438477, 0.6643693447113037, 0.5412125587463379, 0.6355712413787842, 1.436859130859375, 1.4714257717132568, 1.1252975463867188, 1.116715669631958, 0.9187207221984863, 1.0007069110870361, 0.4436807632446289, 0.47542357444763184, 0.41197991371154785, 0.5232670307159424