{'Spout_wait': 5.0, 'Spliters': 5.0, 'Counters': 1.0}, {'Spout_wait': 4.0, 'Spliters': 5.0, 'Counters': 10.0}, {'Spout_wait': 5.0, 'Spliters': 5.0, 'Counters': 1.0}, {'Spout_wait': 2.0, 'Spliters': 4.0, 'Counters': 10.0}, {'Spout_wait': 5.0, 'Spliters': 5.0, 'Counters': 10.0}, {'Spout_wait': 3.0, 'Spliters': 4.0, 'Counters': 15.0}, {'Spout_wait': 6.0, 'Spliters': 3.0, 'Counters': 1.0}, {'Spout_wait': 5.0, 'Spliters': 5.0, 'Counters': 10.0}, {'Spout_wait': 5.0, 'Spliters': 5.0, 'Counters': 1.0}, {'Spout_wait': 5.0, 'Spliters': 5.0, 'Counters': 1.0}, {'Spout_wait': 2.0, 'Spliters': 5.0, 'Counters': 14.0}, {'Spout_wait': 6.0, 'Spliters': 3.0, 'Counters': 2.0}, {'Spout_wait': 2.0, 'Spliters': 5.0, 'Counters': 14.0}, {'Spout_wait': 6.0, 'Spliters': 3.0, 'Counters': 1.0}, {'Spout_wait': 5.0, 'Spliters': 5.0, 'Counters': 10.0}, {'Spout_wait': 4.0, 'Spliters': 5.0, 'Counters': 10.0}, {'Spout_wait': 6.0, 'Spliters': 3.0, 'Counters': 2.0}, {'Spout_wait': 3.0, 'Spliters': 4.0, 'Counters': 15.0}, {'Spout_wait': 5.0, 'Spliters': 5.0, 'Counters': 1.0}, {'Spout_wait': 5.0, 'Spliters': 5.0, 'Counters': 4.0}
4.1023799471462397e-05, 0.04928309323600877, 4.1023799471462397e-05, 0.054792021290341, 0.04293529150197439, 0.050780020257953695, 0.04227664546194576, 0.04293529150197439, 4.1023799471462397e-05, 4.1023799471462397e-05, 0.04724666887988782, 0.05413328559005237, 0.04724666887988782, 0.04227664546194576, 0.04293529150197439, 0.04928309323600877, 0.05413328559005237, 0.050780020257953695, 4.1023799471462397e-05, 0.054612027473105784
0.6464483737945557, 0.8053836822509766, 0.7342157363891602, 0.6319701671600342, 0.7213330268859863, 0.7050080299377441, 0.6340560913085938, 0.6278047561645508, 0.5077247619628906, 0.7132337093353271, 0.5568222999572754, 0.7252898216247559, 0.9273808002471924, 0.7152440547943115, 0.44044947624206543, 0.6182897090911865, 1.1046245098114014, 1.6626965999603271, 1.5175373554229736, 2.3280630111694336