{'Spout_wait': 6.0, 'Spliters': 6.0, 'Counters': 18.0}, {'Spout_wait': 2.0, 'Spliters': 4.0, 'Counters': 10.0}, {'Spout_wait': 2.0, 'Spliters': 3.0, 'Counters': 1.0}, {'Spout_wait': 4.0, 'Spliters': 5.0, 'Counters': 10.0}, {'Spout_wait': 6.0, 'Spliters': 3.0, 'Counters': 2.0}, {'Spout_wait': 5.0, 'Spliters': 5.0, 'Counters': 4.0}, {'Spout_wait': 4.0, 'Spliters': 5.0, 'Counters': 10.0}, {'Spout_wait': 4.0, 'Spliters': 5.0, 'Counters': 3.0}, {'Spout_wait': 4.0, 'Spliters': 5.0, 'Counters': 15.0}, {'Spout_wait': 6.0, 'Spliters': 6.0, 'Counters': 6.0}, {'Spout_wait': 4.0, 'Spliters': 5.0, 'Counters': 15.0}, {'Spout_wait': 5.0, 'Spliters': 5.0, 'Counters': 1.0}, {'Spout_wait': 6.0, 'Spliters': 4.0, 'Counters': 2.0}, {'Spout_wait': 6.0, 'Spliters': 5.0, 'Counters': 9.0}, {'Spout_wait': 1.0, 'Spliters': 3.0, 'Counters': 11.0}, {'Spout_wait': 6.0, 'Spliters': 5.0, 'Counters': 1.0}, {'Spout_wait': 4.0, 'Spliters': 6.0, 'Counters': 1.0}, {'Spout_wait': 6.0, 'Spliters': 3.0, 'Counters': 1.0}, {'Spout_wait': 4.0, 'Spliters': 6.0, 'Counters': 10.0}, {'Spout_wait': 4.0, 'Spliters': 5.0, 'Counters': 15.0}
0.06317483948161395, 0.054792021290341, 0.07964273981014114, 0.04928309323600877, 0.05413328559005237, 0.054612027473105784, 0.04928309323600877, 0.08066079177732266, 0.05317513139432972, 0.08898402607606437, 0.05317513139432972, 4.1023799471462397e-05, 0.06473198371359523, 0.07652877289069748, 0.09048089118900249, 0.06185809585680524, 0.06341415770644487, 0.04227664546194576, 0.07305530287202056, 0.05317513139432972
0.3957383632659912, 0.5130710601806641, 0.6380617618560791, 0.2645857334136963, 0.32053232192993164, 0.2480626106262207, 0.25405144691467285, 0.4662458896636963, 0.3013138771057129, 0.2423567771911621, 0.21457839012145996, 0.19762516021728516, 0.2055065631866455, 0.17037081718444824, 0.2836177349090576, 0.4073019027709961, 0.253725528717041, 0.13300299644470215, 0.21469879150390625, 0.20503687858581543