{'Spout_wait': 6.0, 'Spliters': 3.0, 'Counters': 1.0}, {'Spout_wait': 5.0, 'Spliters': 5.0, 'Counters': 18.0}, {'Spout_wait': 5.0, 'Spliters': 5.0, 'Counters': 1.0}, {'Spout_wait': 6.0, 'Spliters': 6.0, 'Counters': 15.0}, {'Spout_wait': 5.0, 'Spliters': 5.0, 'Counters': 7.0}, {'Spout_wait': 5.0, 'Spliters': 6.0, 'Counters': 1.0}, {'Spout_wait': 6.0, 'Spliters': 3.0, 'Counters': 13.0}, {'Spout_wait': 4.0, 'Spliters': 4.0, 'Counters': 5.0}, {'Spout_wait': 2.0, 'Spliters': 5.0, 'Counters': 12.0}, {'Spout_wait': 4.0, 'Spliters': 5.0, 'Counters': 15.0}, {'Spout_wait': 5.0, 'Spliters': 6.0, 'Counters': 13.0}, {'Spout_wait': 5.0, 'Spliters': 2.0, 'Counters': 18.0}, {'Spout_wait': 6.0, 'Spliters': 4.0, 'Counters': 13.0}, {'Spout_wait': 4.0, 'Spliters': 2.0, 'Counters': 9.0}, {'Spout_wait': 3.0, 'Spliters': 6.0, 'Counters': 4.0}, {'Spout_wait': 6.0, 'Spliters': 4.0, 'Counters': 12.0}, {'Spout_wait': 3.0, 'Spliters': 5.0, 'Counters': 15.0}, {'Spout_wait': 1.0, 'Spliters': 6.0, 'Counters': 15.0}, {'Spout_wait': 1.0, 'Spliters': 6.0, 'Counters': 10.0}, {'Spout_wait': 5.0, 'Spliters': 4.0, 'Counters': 17.0}
0.04227664546194576, 0.07371393877017851, 4.1023799471462397e-05, 0.08958244045419039, 0.08539094303473094, 0.06970230856181392, 0.10646915216872754, 0.09880502873102048, 0.09592992303716186, 0.05317513139432972, 0.10862492663603485, 0.1389675782265134, 0.06622868155999706, 0.1949621548192325, 0.08970301763308575, 0.06053988789959308, 0.07209710043164075, 0.06658790750308663, 0.0835945593644064, 0.09245672224665813
0.1687624454498291, 0.14352774620056152, 0.2761061191558838, 0.20911002159118652, 0.18581128120422363, 0.1477954387664795, 0.12635278701782227, 0.16531872749328613, 0.14742827415466309, 0.22811293601989746, 0.144545316696167, 0.1414787769317627, 0.1916179656982422, 0.19124746322631836, 0.1965949535369873, 0.14584875106811523, 0.17836618423461914, 0.20652127265930176, 0.3529939651489258, 0.1873793601989746