{'Spout_wait': 5.0, 'Spliters': 5.0, 'Counters': 4.0}, {'Spout_wait': 2.0, 'Spliters': 4.0, 'Counters': 10.0}, {'Spout_wait': 6.0, 'Spliters': 3.0, 'Counters': 2.0}, {'Spout_wait': 2.0, 'Spliters': 5.0, 'Counters': 14.0}, {'Spout_wait': 6.0, 'Spliters': 3.0, 'Counters': 1.0}, {'Spout_wait': 5.0, 'Spliters': 5.0, 'Counters': 1.0}, {'Spout_wait': 4.0, 'Spliters': 5.0, 'Counters': 10.0}, {'Spout_wait': 5.0, 'Spliters': 6.0, 'Counters': 14.0}, {'Spout_wait': 5.0, 'Spliters': 5.0, 'Counters': 10.0}, {'Spout_wait': 5.0, 'Spliters': 6.0, 'Counters': 1.0}, {'Spout_wait': 5.0, 'Spliters': 5.0, 'Counters': 1.0}, {'Spout_wait': 5.0, 'Spliters': 5.0, 'Counters': 1.0}, {'Spout_wait': 3.0, 'Spliters': 4.0, 'Counters': 15.0}, {'Spout_wait': 4.0, 'Spliters': 3.0, 'Counters': 18.0}, {'Spout_wait': 6.0, 'Spliters': 3.0, 'Counters': 1.0}, {'Spout_wait': 5.0, 'Spliters': 5.0, 'Counters': 1.0}, {'Spout_wait': 4.0, 'Spliters': 6.0, 'Counters': 1.0}, {'Spout_wait': 6.0, 'Spliters': 3.0, 'Counters': 1.0}, {'Spout_wait': 5.0, 'Spliters': 5.0, 'Counters': 10.0}, {'Spout_wait': 4.0, 'Spliters': 5.0, 'Counters': 15.0}
0.054612027473105784, 0.054792021290341, 0.05413328559005237, 0.04724666887988782, 0.04227664546194576, 4.1023799471462397e-05, 0.04928309323600877, 0.05053990568724742, 0.04293529150197439, 0.06970230856181392, 4.1023799471462397e-05, 4.1023799471462397e-05, 0.050780020257953695, 0.06820537694265139, 0.04227664546194576, 4.1023799471462397e-05, 0.06341415770644487, 0.04227664546194576, 0.04293529150197439, 0.05317513139432972
0.5248057842254639, 0.4856743812561035, 0.31560182571411133, 0.7404181957244873, 0.5616281032562256, 0.30591559410095215, 0.24768304824829102, 0.355151891708374, 0.3370676040649414, 0.39046645164489746, 1.3971586227416992, 1.319777250289917, 0.9691386222839355, 1.0171027183532715, 0.7962479591369629, 0.9784204959869385, 0.3159213066101074, 0.2295529842376709, 0.2314445972442627, 0.26142144203186035