{'Spout_wait': 4.0, 'Spliters': 6.0, 'Counters': 11.0}, {'Spout_wait': 1.0, 'Spliters': 3.0, 'Counters': 10.0}, {'Spout_wait': 3.0, 'Spliters': 6.0, 'Counters': 17.0}, {'Spout_wait': 3.0, 'Spliters': 5.0, 'Counters': 15.0}, {'Spout_wait': 4.0, 'Spliters': 3.0, 'Counters': 2.0}, {'Spout_wait': 4.0, 'Spliters': 5.0, 'Counters': 4.0}, {'Spout_wait': 4.0, 'Spliters': 5.0, 'Counters': 14.0}, {'Spout_wait': 3.0, 'Spliters': 6.0, 'Counters': 14.0}, {'Spout_wait': 1.0, 'Spliters': 4.0, 'Counters': 4.0}, {'Spout_wait': 6.0, 'Spliters': 5.0, 'Counters': 6.0}, {'Spout_wait': 5.0, 'Spliters': 5.0, 'Counters': 15.0}, {'Spout_wait': 7.0, 'Spliters': 4.0, 'Counters': 1.0}, {'Spout_wait': 6.0, 'Spliters': 4.0, 'Counters': 2.0}, {'Spout_wait': 4.0, 'Spliters': 2.0, 'Counters': 10.0}, {'Spout_wait': 1.0, 'Spliters': 2.0, 'Counters': 15.0}, {'Spout_wait': 9.0, 'Spliters': 2.0, 'Counters': 9.0}, {'Spout_wait': 5.0, 'Spliters': 4.0, 'Counters': 18.0}, {'Spout_wait': 6.0, 'Spliters': 3.0, 'Counters': 1.0}, {'Spout_wait': 4.0, 'Spliters': 6.0, 'Counters': 10.0}, {'Spout_wait': 6.0, 'Spliters': 6.0, 'Counters': 10.0}
0.09670876531061767, 0.11782921496590071, 0.09407341621182164, 0.07209710043164075, 0.11132036960296687, 0.1988601706154105, 0.08455275560700559, 0.09754741702328729, 0.1669553779185604, 0.09593056136113376, 0.07209759133689941, 0.1782923211059836, 0.06473198371359523, 0.16268666996845638, 0.204010595665866, 0.3483080097482403, 0.08604950129794131, 0.04227664546194576, 0.07305530287202056, 0.06527079973415661
0.14206457138061523, 0.2153019905090332, 0.07698917388916016, 0.16739773750305176, 0.10379362106323242, 0.23476481437683105, 0.08438444137573242, 0.15857219696044922, 0.11366796493530273, 0.14074468612670898, 0.221435546875, 0.14673280715942383, 0.08313655853271484, 0.09331130981445312, 0.20258498191833496, 0.19503331184387207, 0.17166686058044434, 0.07479238510131836, 0.12403011322021484, 0.17775726318359375