{'Max_spout': 1000.0, 'Spliters': 2.0, 'Counters': 15.0}, {'Max_spout': 10000.0, 'Spliters': 2.0, 'Counters': 9.0}, {'Max_spout': 1000000.0, 'Spliters': 1.0, 'Counters': 9.0}, {'Max_spout': 1000000.0, 'Spliters': 2.0, 'Counters': 18.0}, {'Max_spout': 1000.0, 'Spliters': 2.0, 'Counters': 15.0}, {'Max_spout': 10000.0, 'Spliters': 2.0, 'Counters': 12.0}, {'Max_spout': 100.0, 'Spliters': 2.0, 'Counters': 12.0}, {'Max_spout': 1000000.0, 'Spliters': 1.0, 'Counters': 9.0}, {'Max_spout': 10000.0, 'Spliters': 2.0, 'Counters': 15.0}, {'Max_spout': 1000.0, 'Spliters': 2.0, 'Counters': 15.0}, {'Max_spout': 1000000.0, 'Spliters': 1.0, 'Counters': 6.0}, {'Max_spout': 10000.0, 'Spliters': 2.0, 'Counters': 12.0}, {'Max_spout': 1000000.0, 'Spliters': 1.0, 'Counters': 9.0}, {'Max_spout': 1000.0, 'Spliters': 2.0, 'Counters': 15.0}, {'Max_spout': 1000.0, 'Spliters': 2.0, 'Counters': 15.0}, {'Max_spout': 10000.0, 'Spliters': 2.0, 'Counters': 12.0}, {'Max_spout': 1000000.0, 'Spliters': 1.0, 'Counters': 3.0}, {'Max_spout': 10000.0, 'Spliters': 2.0, 'Counters': 12.0}, {'Max_spout': 10000.0, 'Spliters': 2.0, 'Counters': 12.0}, {'Max_spout': 10000.0, 'Spliters': 2.0, 'Counters': 12.0}
0.36892976043895076, 0.40832520008941975, 0.32012653299473015, 0.3164259069728935, 0.36892976043895076, 0.3482003422813653, 0.4509522821374017, 0.32012653299473015, 0.37396253693787807, 0.36892976043895076, 0.36846990554864756, 0.3482003422813653, 0.32012653299473015, 0.36892976043895076, 0.36892976043895076, 0.3482003422813653, 0.39445597231778273, 0.3482003422813653, 0.3482003422813653, 0.3482003422813653
0.2523961067199707, 0.1874558925628662, 0.16068267822265625, 0.16505169868469238, 0.20426177978515625, 0.22017931938171387, 0.16964411735534668, 0.26404857635498047, 0.2812376022338867, 0.5485351085662842, 0.14588212966918945, 0.2980079650878906, 0.14150333404541016, 0.2656242847442627, 0.26499247550964355, 0.15863251686096191, 0.15446710586547852, 0.2946031093597412, 0.17301106452941895, 0.16752839088439941