{'Max_spout': 100000.0, 'Spliters': 2.0, 'Counters': 6.0}, {'Max_spout': 100000.0, 'Spliters': 1.0, 'Counters': 9.0}, {'Max_spout': 1000000.0, 'Spliters': 6.0, 'Counters': 9.0}, {'Max_spout': 1000.0, 'Spliters': 2.0, 'Counters': 12.0}, {'Max_spout': 1000000.0, 'Spliters': 1.0, 'Counters': 9.0}, {'Max_spout': 1000000.0, 'Spliters': 6.0, 'Counters': 1.0}, {'Max_spout': 10000.0, 'Spliters': 2.0, 'Counters': 9.0}, {'Max_spout': 1000000.0, 'Spliters': 1.0, 'Counters': 6.0}, {'Max_spout': 10000.0, 'Spliters': 2.0, 'Counters': 9.0}, {'Max_spout': 100000.0, 'Spliters': 2.0, 'Counters': 12.0}, {'Max_spout': 1000000.0, 'Spliters': 1.0, 'Counters': 6.0}, {'Max_spout': 10000.0, 'Spliters': 2.0, 'Counters': 9.0}, {'Max_spout': 10000.0, 'Spliters': 2.0, 'Counters': 6.0}, {'Max_spout': 1000.0, 'Spliters': 2.0, 'Counters': 15.0}, {'Max_spout': 10000.0, 'Spliters': 2.0, 'Counters': 9.0}, {'Max_spout': 1000.0, 'Spliters': 2.0, 'Counters': 18.0}, {'Max_spout': 100000.0, 'Spliters': 6.0, 'Counters': 18.0}, {'Max_spout': 10000.0, 'Spliters': 2.0, 'Counters': 15.0}, {'Max_spout': 1000000.0, 'Spliters': 6.0, 'Counters': 15.0}, {'Max_spout': 10000.0, 'Spliters': 2.0, 'Counters': 6.0}
0.485152625417959, 0.35166741075975727, 0.44400910161431717, 0.38207560321211176, 0.32012653299473015, 0.40357683359835317, 0.40832520008941975, 0.36846990554864756, 0.40832520008941975, 0.4409963825425648, 0.36846990554864756, 0.40832520008941975, 0.4166887504479434, 0.36892976043895076, 0.40832520008941975, 0.37732074296275253, 0.42495585890769383, 0.37396253693787807, 0.46478414719232286, 0.4166887504479434
1.2480521202087402, 1.1067817211151123, 0.5188684463500977, 0.42408037185668945, 0.7918975353240967, 1.7609574794769287, 1.3447473049163818, 1.2044875621795654, 0.7450923919677734, 1.720911979675293, 1.317173719406128, 1.616943359375, 1.7304577827453613, 0.7069780826568604, 1.8352744579315186, 1.099086046218872, 0.4308464527130127, 0.7279114723205566, 1.4679412841796875, 0.5297980308532715