{'Max_spout': 100000.0, 'Spliters': 2.0, 'Counters': 6.0}, {'Max_spout': 100000.0, 'Spliters': 1.0, 'Counters': 9.0}, {'Max_spout': 1000000.0, 'Spliters': 6.0, 'Counters': 9.0}, {'Max_spout': 1000.0, 'Spliters': 2.0, 'Counters': 12.0}, {'Max_spout': 1000000.0, 'Spliters': 1.0, 'Counters': 9.0}, {'Max_spout': 1000000.0, 'Spliters': 6.0, 'Counters': 1.0}, {'Max_spout': 10000.0, 'Spliters': 2.0, 'Counters': 9.0}, {'Max_spout': 1000000.0, 'Spliters': 1.0, 'Counters': 6.0}, {'Max_spout': 10000.0, 'Spliters': 2.0, 'Counters': 9.0}, {'Max_spout': 100000.0, 'Spliters': 2.0, 'Counters': 12.0}, {'Max_spout': 1000000.0, 'Spliters': 1.0, 'Counters': 6.0}, {'Max_spout': 10000.0, 'Spliters': 2.0, 'Counters': 9.0}, {'Max_spout': 10000.0, 'Spliters': 2.0, 'Counters': 6.0}, {'Max_spout': 1000.0, 'Spliters': 2.0, 'Counters': 15.0}, {'Max_spout': 10000.0, 'Spliters': 2.0, 'Counters': 9.0}, {'Max_spout': 1000.0, 'Spliters': 2.0, 'Counters': 18.0}, {'Max_spout': 100000.0, 'Spliters': 6.0, 'Counters': 18.0}, {'Max_spout': 10000.0, 'Spliters': 2.0, 'Counters': 15.0}, {'Max_spout': 1000000.0, 'Spliters': 6.0, 'Counters': 15.0}, {'Max_spout': 10000.0, 'Spliters': 2.0, 'Counters': 6.0}
0.485152625417959, 0.35166741075975727, 0.44400910161431717, 0.38207560321211176, 0.32012653299473015, 0.40357683359835317, 0.40832520008941975, 0.36846990554864756, 0.40832520008941975, 0.4409963825425648, 0.36846990554864756, 0.40832520008941975, 0.4166887504479434, 0.36892976043895076, 0.40832520008941975, 0.37732074296275253, 0.42495585890769383, 0.37396253693787807, 0.46478414719232286, 0.4166887504479434
0.23946690559387207, 0.2848193645477295, 0.24943757057189941, 0.07773280143737793, 0.18480372428894043, 0.23021435737609863, 0.14104151725769043, 0.19298648834228516, 0.2084057331085205, 0.18549704551696777, 0.21690058708190918, 0.19851326942443848, 0.12760615348815918, 0.35308265686035156, 0.1179208755493164, 0.09270811080932617, 0.12211489677429199, 0.11411356925964355, 0.11435365676879883, 0.15024566650390625