{'Max_spout': 1000000.0, 'Spliters': 2.0, 'Counters': 18.0}, {'Max_spout': 1000000.0, 'Spliters': 1.0, 'Counters': 9.0}, {'Max_spout': 1000000.0, 'Spliters': 1.0, 'Counters': 9.0}, {'Max_spout': 1000.0, 'Spliters': 2.0, 'Counters': 15.0}, {'Max_spout': 100000.0, 'Spliters': 1.0, 'Counters': 9.0}, {'Max_spout': 1000.0, 'Spliters': 2.0, 'Counters': 15.0}, {'Max_spout': 10000.0, 'Spliters': 2.0, 'Counters': 12.0}, {'Max_spout': 100000.0, 'Spliters': 1.0, 'Counters': 9.0}, {'Max_spout': 100000.0, 'Spliters': 1.0, 'Counters': 9.0}, {'Max_spout': 1000000.0, 'Spliters': 1.0, 'Counters': 9.0}, {'Max_spout': 100000.0, 'Spliters': 1.0, 'Counters': 9.0}, {'Max_spout': 1000000.0, 'Spliters': 2.0, 'Counters': 18.0}, {'Max_spout': 1000000.0, 'Spliters': 1.0, 'Counters': 9.0}, {'Max_spout': 1000.0, 'Spliters': 2.0, 'Counters': 15.0}, {'Max_spout': 1000000.0, 'Spliters': 1.0, 'Counters': 9.0}, {'Max_spout': 1000000.0, 'Spliters': 1.0, 'Counters': 9.0}, {'Max_spout': 100000.0, 'Spliters': 2.0, 'Counters': 15.0}, {'Max_spout': 1000.0, 'Spliters': 2.0, 'Counters': 18.0}, {'Max_spout': 1000000.0, 'Spliters': 2.0, 'Counters': 18.0}, {'Max_spout': 1000000.0, 'Spliters': 1.0, 'Counters': 9.0}
0.3164259069728935, 0.32012653299473015, 0.32012653299473015, 0.36892976043895076, 0.35166741075975727, 0.36892976043895076, 0.3482003422813653, 0.35166741075975727, 0.35166741075975727, 0.32012653299473015, 0.35166741075975727, 0.3164259069728935, 0.32012653299473015, 0.36892976043895076, 0.32012653299473015, 0.32012653299473015, 0.42412389951739193, 0.37732074296275253, 0.3164259069728935, 0.32012653299473015
0.29949307441711426, 0.1920173168182373, 0.20640206336975098, 0.2134089469909668, 0.19653654098510742, 0.5422854423522949, 0.3682286739349365, 0.2817401885986328, 0.26784229278564453, 0.2173159122467041, 0.19694185256958008, 0.23071861267089844, 0.19012856483459473, 0.15719008445739746, 0.2121741771697998, 0.13837361335754395, 0.18290972709655762, 0.12617778778076172, 0.20975852012634277, 0.23850655555725098