{'Max_spout': 100000.0, 'Spliters': 2.0, 'Counters': 6.0}, {'Max_spout': 100000.0, 'Spliters': 1.0, 'Counters': 9.0}, {'Max_spout': 1000.0, 'Spliters': 6.0, 'Counters': 15.0}, {'Max_spout': 1000.0, 'Spliters': 2.0, 'Counters': 12.0}, {'Max_spout': 1000000.0, 'Spliters': 1.0, 'Counters': 9.0}, {'Max_spout': 1000000.0, 'Spliters': 6.0, 'Counters': 12.0}, {'Max_spout': 10000.0, 'Spliters': 2.0, 'Counters': 9.0}, {'Max_spout': 1000000.0, 'Spliters': 1.0, 'Counters': 6.0}, {'Max_spout': 10000.0, 'Spliters': 2.0, 'Counters': 9.0}, {'Max_spout': 100000.0, 'Spliters': 2.0, 'Counters': 12.0}, {'Max_spout': 10000.0, 'Spliters': 2.0, 'Counters': 9.0}, {'Max_spout': 100000.0, 'Spliters': 6.0, 'Counters': 12.0}, {'Max_spout': 1000.0, 'Spliters': 2.0, 'Counters': 6.0}, {'Max_spout': 1000.0, 'Spliters': 2.0, 'Counters': 15.0}, {'Max_spout': 10000.0, 'Spliters': 2.0, 'Counters': 9.0}, {'Max_spout': 1000.0, 'Spliters': 2.0, 'Counters': 18.0}, {'Max_spout': 100000.0, 'Spliters': 6.0, 'Counters': 18.0}, {'Max_spout': 10000.0, 'Spliters': 6.0, 'Counters': 15.0}, {'Max_spout': 1000000.0, 'Spliters': 6.0, 'Counters': 15.0}, {'Max_spout': 10000.0, 'Spliters': 2.0, 'Counters': 6.0}
0.485152625417959, 0.35166741075975727, 0.45712801740865205, 0.38207560321211176, 0.32012653299473015, 0.44984553552444706, 0.40832520008941975, 0.36846990554864756, 0.40832520008941975, 0.4409963825425648, 0.40832520008941975, 0.4516582690455384, 0.4574555529336537, 0.36892976043895076, 0.40832520008941975, 0.37732074296275253, 0.42495585890769383, 0.4606383323142671, 0.46478414719232286, 0.4166887504479434
0.2087390422821045, 0.21178936958312988, 0.08328771591186523, 0.11944270133972168, 0.16573739051818848, 0.1758863925933838, 0.09071207046508789, 0.12717342376708984, 0.10080337524414062, 0.2645418643951416, 0.09661674499511719, 0.1835477352142334, 0.15764832496643066, 0.11781501770019531, 0.17514896392822266, 0.14486432075500488, 0.21621179580688477, 0.1417522430419922, 0.11325812339782715, 0.2085881233215332