{'Max_spout': 10000.0, 'Spliters': 1.0, 'Counters': 6.0}, {'Max_spout': 1000000.0, 'Spliters': 6.0, 'Counters': 6.0}, {'Max_spout': 1000000.0, 'Spliters': 1.0, 'Counters': 9.0}, {'Max_spout': 100000.0, 'Spliters': 2.0, 'Counters': 12.0}, {'Max_spout': 10000.0, 'Spliters': 2.0, 'Counters': 6.0}, {'Max_spout': 10000.0, 'Spliters': 2.0, 'Counters': 12.0}, {'Max_spout': 100.0, 'Spliters': 2.0, 'Counters': 15.0}, {'Max_spout': 10000.0, 'Spliters': 2.0, 'Counters': 12.0}, {'Max_spout': 10000.0, 'Spliters': 2.0, 'Counters': 6.0}, {'Max_spout': 10000.0, 'Spliters': 2.0, 'Counters': 15.0}, {'Max_spout': 1000000.0, 'Spliters': 1.0, 'Counters': 6.0}, {'Max_spout': 1000000.0, 'Spliters': 6.0, 'Counters': 1.0}, {'Max_spout': 1000000.0, 'Spliters': 1.0, 'Counters': 9.0}, {'Max_spout': 1000000.0, 'Spliters': 6.0, 'Counters': 12.0}, {'Max_spout': 1000.0, 'Spliters': 2.0, 'Counters': 12.0}, {'Max_spout': 10000.0, 'Spliters': 2.0, 'Counters': 12.0}, {'Max_spout': 100000.0, 'Spliters': 6.0, 'Counters': 1.0}, {'Max_spout': 10000.0, 'Spliters': 2.0, 'Counters': 9.0}, {'Max_spout': 10000.0, 'Spliters': 2.0, 'Counters': 12.0}, {'Max_spout': 10000.0, 'Spliters': 2.0, 'Counters': 12.0}
0.41494030786695557, 0.4640992432358131, 0.32012653299473015, 0.4409963825425648, 0.4166887504479434, 0.3482003422813653, 0.45581047217279547, 0.3482003422813653, 0.4166887504479434, 0.37396253693787807, 0.36846990554864756, 0.40357683359835317, 0.32012653299473015, 0.44984553552444706, 0.38207560321211176, 0.3482003422813653, 0.3984556230484778, 0.40832520008941975, 0.3482003422813653, 0.3482003422813653
0.15629053115844727, 0.31754088401794434, 0.13143134117126465, 0.09872794151306152, 0.07490038871765137, 0.10694098472595215, 0.15667486190795898, 0.10382318496704102, 0.12162399291992188, 0.19514799118041992, 0.1564633846282959, 0.14546966552734375, 0.12207412719726562, 0.18279743194580078, 0.2012927532196045, 0.13981223106384277, 0.11682891845703125, 0.23715639114379883, 0.28846263885498047, 0.16729378700256348