{'Max_spout': 100000.0, 'Spliters': 2.0, 'Counters': 12.0}, {'Max_spout': 1000000.0, 'Spliters': 6.0, 'Counters': 9.0}, {'Max_spout': 1000000.0, 'Spliters': 6.0, 'Counters': 1.0}, {'Max_spout': 1000000.0, 'Spliters': 1.0, 'Counters': 9.0}, {'Max_spout': 10000.0, 'Spliters': 2.0, 'Counters': 12.0}, {'Max_spout': 1000000.0, 'Spliters': 1.0, 'Counters': 9.0}, {'Max_spout': 1000.0, 'Spliters': 6.0, 'Counters': 15.0}, {'Max_spout': 10000.0, 'Spliters': 2.0, 'Counters': 12.0}, {'Max_spout': 1000.0, 'Spliters': 2.0, 'Counters': 6.0}, {'Max_spout': 100000.0, 'Spliters': 6.0, 'Counters': 1.0}, {'Max_spout': 10000.0, 'Spliters': 2.0, 'Counters': 12.0}, {'Max_spout': 1000.0, 'Spliters': 2.0, 'Counters': 15.0}, {'Max_spout': 1000000.0, 'Spliters': 2.0, 'Counters': 18.0}, {'Max_spout': 1000.0, 'Spliters': 2.0, 'Counters': 12.0}, {'Max_spout': 1000.0, 'Spliters': 2.0, 'Counters': 9.0}, {'Max_spout': 100.0, 'Spliters': 2.0, 'Counters': 12.0}, {'Max_spout': 1000.0, 'Spliters': 2.0, 'Counters': 18.0}, {'Max_spout': 1000.0, 'Spliters': 2.0, 'Counters': 15.0}, {'Max_spout': 100000.0, 'Spliters': 6.0, 'Counters': 1.0}, {'Max_spout': 100000.0, 'Spliters': 1.0, 'Counters': 9.0}
0.4409963825425648, 0.44400910161431717, 0.40357683359835317, 0.32012653299473015, 0.3482003422813653, 0.32012653299473015, 0.45712801740865205, 0.3482003422813653, 0.4574555529336537, 0.3984556230484778, 0.3482003422813653, 0.36892976043895076, 0.3164259069728935, 0.38207560321211176, 0.4308876598834952, 0.4509522821374017, 0.37732074296275253, 0.36892976043895076, 0.3984556230484778, 0.35166741075975727
0.5466837882995605, 0.29680967330932617, 0.3366072177886963, 0.3478577136993408, 0.4140448570251465, 0.28568124771118164, 0.4283411502838135, 0.4225289821624756, 0.1401379108428955, 0.2888672351837158, 0.24217772483825684, 0.3102757930755615, 0.29790234565734863, 0.21097326278686523, 0.2575349807739258, 0.3349132537841797, 0.3277149200439453, 0.2126002311706543, 0.25566530227661133, 0.5619204044342041