{'Max_spout': 100000.0, 'Spliters': 2.0, 'Counters': 6.0}, {'Max_spout': 100000.0, 'Spliters': 1.0, 'Counters': 9.0}, {'Max_spout': 1000000.0, 'Spliters': 6.0, 'Counters': 9.0}, {'Max_spout': 1000.0, 'Spliters': 2.0, 'Counters': 12.0}, {'Max_spout': 1000000.0, 'Spliters': 1.0, 'Counters': 9.0}, {'Max_spout': 1000000.0, 'Spliters': 6.0, 'Counters': 1.0}, {'Max_spout': 10000.0, 'Spliters': 2.0, 'Counters': 9.0}, {'Max_spout': 1000000.0, 'Spliters': 1.0, 'Counters': 6.0}, {'Max_spout': 10000.0, 'Spliters': 2.0, 'Counters': 9.0}, {'Max_spout': 100000.0, 'Spliters': 2.0, 'Counters': 12.0}, {'Max_spout': 1000000.0, 'Spliters': 1.0, 'Counters': 6.0}, {'Max_spout': 10000.0, 'Spliters': 2.0, 'Counters': 9.0}, {'Max_spout': 10000.0, 'Spliters': 2.0, 'Counters': 6.0}, {'Max_spout': 1000.0, 'Spliters': 2.0, 'Counters': 15.0}, {'Max_spout': 10000.0, 'Spliters': 2.0, 'Counters': 9.0}, {'Max_spout': 1000.0, 'Spliters': 2.0, 'Counters': 18.0}, {'Max_spout': 100000.0, 'Spliters': 6.0, 'Counters': 18.0}, {'Max_spout': 10000.0, 'Spliters': 2.0, 'Counters': 15.0}, {'Max_spout': 1000000.0, 'Spliters': 6.0, 'Counters': 15.0}, {'Max_spout': 10000.0, 'Spliters': 2.0, 'Counters': 6.0}
0.485152625417959, 0.35166741075975727, 0.44400910161431717, 0.38207560321211176, 0.32012653299473015, 0.40357683359835317, 0.40832520008941975, 0.36846990554864756, 0.40832520008941975, 0.4409963825425648, 0.36846990554864756, 0.40832520008941975, 0.4166887504479434, 0.36892976043895076, 0.40832520008941975, 0.37732074296275253, 0.42495585890769383, 0.37396253693787807, 0.46478414719232286, 0.4166887504479434
0.2216968536376953, 0.39525818824768066, 0.17874550819396973, 0.09703516960144043, 0.15123629570007324, 0.32846784591674805, 0.11862063407897949, 0.19758200645446777, 0.1020059585571289, 0.3006618022918701, 0.17948126792907715, 0.21161246299743652, 0.25850510597229004, 0.13913345336914062, 0.15840649604797363, 0.2128140926361084, 0.14668035507202148, 0.09287905693054199, 0.21664118766784668, 0.20079660415649414