{'Max_spout': 100000.0, 'Spliters': 6.0, 'Counters': 1.0}, {'Max_spout': 1000000.0, 'Spliters': 6.0, 'Counters': 15.0}, {'Max_spout': 100.0, 'Spliters': 2.0, 'Counters': 12.0}, {'Max_spout': 1000000.0, 'Spliters': 1.0, 'Counters': 3.0}, {'Max_spout': 1000.0, 'Spliters': 1.0, 'Counters': 6.0}, {'Max_spout': 100000.0, 'Spliters': 6.0, 'Counters': 12.0}, {'Max_spout': 1000000.0, 'Spliters': 6.0, 'Counters': 1.0}, {'Max_spout': 1000000.0, 'Spliters': 1.0, 'Counters': 6.0}, {'Max_spout': 100000.0, 'Spliters': 1.0, 'Counters': 9.0}, {'Max_spout': 100000.0, 'Spliters': 2.0, 'Counters': 9.0}, {'Max_spout': 10000.0, 'Spliters': 6.0, 'Counters': 12.0}, {'Max_spout': 1000.0, 'Spliters': 1.0, 'Counters': 15.0}, {'Max_spout': 10000.0, 'Spliters': 2.0, 'Counters': 15.0}, {'Max_spout': 10000.0, 'Spliters': 6.0, 'Counters': 12.0}, {'Max_spout': 1000.0, 'Spliters': 2.0, 'Counters': 9.0}, {'Max_spout': 1000000.0, 'Spliters': 1.0, 'Counters': 9.0}, {'Max_spout': 1000.0, 'Spliters': 1.0, 'Counters': 9.0}, {'Max_spout': 1000.0, 'Spliters': 2.0, 'Counters': 18.0}, {'Max_spout': 1000000.0, 'Spliters': 6.0, 'Counters': 9.0}, {'Max_spout': 10000.0, 'Spliters': 6.0, 'Counters': 3.0}
0.3984556230484778, 0.46478414719232286, 0.4509522821374017, 0.39445597231778273, 0.500780182192749, 0.4516582690455384, 0.40357683359835317, 0.36846990554864756, 0.35166741075975727, 0.4432542580854002, 0.4555332964187899, 0.4838366726732013, 0.37396253693787807, 0.4555332964187899, 0.4308876598834952, 0.32012653299473015, 0.4676862314673944, 0.37732074296275253, 0.44400910161431717, 0.5189162404502055
0.15954852104187012, 0.18121027946472168, 0.14892292022705078, 0.12188315391540527, 0.1501479148864746, 0.08848810195922852, 0.16794610023498535, 0.1542658805847168, 0.21322345733642578, 0.11477136611938477, 0.1330573558807373, 0.13088130950927734, 0.15059161186218262, 0.1585404872894287, 0.1867666244506836, 0.15842843055725098, 0.23303556442260742, 0.10654401779174805, 0.13381576538085938, 0.1552274227142334