{'Max_spout': 1000000.0, 'Spliters': 2.0, 'Counters': 18.0}, {'Max_spout': 1000000.0, 'Spliters': 2.0, 'Counters': 18.0}, {'Max_spout': 1000000.0, 'Spliters': 2.0, 'Counters': 18.0}, {'Max_spout': 1000000.0, 'Spliters': 1.0, 'Counters': 9.0}, {'Max_spout': 10000.0, 'Spliters': 2.0, 'Counters': 12.0}, {'Max_spout': 1000000.0, 'Spliters': 1.0, 'Counters': 9.0}, {'Max_spout': 10000.0, 'Spliters': 2.0, 'Counters': 12.0}, {'Max_spout': 1000000.0, 'Spliters': 2.0, 'Counters': 18.0}, {'Max_spout': 1000000.0, 'Spliters': 1.0, 'Counters': 9.0}, {'Max_spout': 1000000.0, 'Spliters': 1.0, 'Counters': 9.0}, {'Max_spout': 10000.0, 'Spliters': 2.0, 'Counters': 12.0}, {'Max_spout': 10000.0, 'Spliters': 2.0, 'Counters': 12.0}, {'Max_spout': 1000000.0, 'Spliters': 2.0, 'Counters': 18.0}, {'Max_spout': 1000000.0, 'Spliters': 1.0, 'Counters': 9.0}, {'Max_spout': 10000.0, 'Spliters': 2.0, 'Counters': 12.0}, {'Max_spout': 1000000.0, 'Spliters': 2.0, 'Counters': 18.0}, {'Max_spout': 1000.0, 'Spliters': 2.0, 'Counters': 15.0}, {'Max_spout': 10000.0, 'Spliters': 2.0, 'Counters': 12.0}, {'Max_spout': 100000.0, 'Spliters': 6.0, 'Counters': 1.0}, {'Max_spout': 1000000.0, 'Spliters': 1.0, 'Counters': 9.0}
0.3164259069728935, 0.3164259069728935, 0.3164259069728935, 0.32012653299473015, 0.3482003422813653, 0.32012653299473015, 0.3482003422813653, 0.3164259069728935, 0.32012653299473015, 0.32012653299473015, 0.3482003422813653, 0.3482003422813653, 0.3164259069728935, 0.32012653299473015, 0.3482003422813653, 0.3164259069728935, 0.36892976043895076, 0.3482003422813653, 0.3984556230484778, 0.32012653299473015
1.249037265777588, 1.0372912883758545, 0.8752250671386719, 0.8305704593658447, 0.9945898056030273, 0.7903010845184326, 1.142289638519287, 1.019012212753296, 0.8942878246307373, 1.160736083984375, 0.8747565746307373, 0.8533744812011719, 0.8226137161254883, 0.9685871601104736, 0.9192538261413574, 0.8833715915679932, 0.9905209541320801, 0.7794475555419922, 0.8515417575836182, 0.8796353340148926