{'Max_spout': 100000.0, 'Spliters': 2.0, 'Counters': 6.0}, {'Max_spout': 100000.0, 'Spliters': 1.0, 'Counters': 9.0}, {'Max_spout': 1000000.0, 'Spliters': 3.0, 'Counters': 1.0}, {'Max_spout': 1000.0, 'Spliters': 2.0, 'Counters': 12.0}, {'Max_spout': 10000.0, 'Spliters': 1.0, 'Counters': 6.0}, {'Max_spout': 1000000.0, 'Spliters': 6.0, 'Counters': 12.0}, {'Max_spout': 10000.0, 'Spliters': 2.0, 'Counters': 9.0}, {'Max_spout': 1000000.0, 'Spliters': 1.0, 'Counters': 6.0}, {'Max_spout': 10000.0, 'Spliters': 2.0, 'Counters': 9.0}, {'Max_spout': 1000.0, 'Spliters': 3.0, 'Counters': 9.0}, {'Max_spout': 10000.0, 'Spliters': 2.0, 'Counters': 9.0}, {'Max_spout': 100000.0, 'Spliters': 6.0, 'Counters': 12.0}, {'Max_spout': 1000.0, 'Spliters': 2.0, 'Counters': 6.0}, {'Max_spout': 100000.0, 'Spliters': 6.0, 'Counters': 18.0}, {'Max_spout': 1000.0, 'Spliters': 2.0, 'Counters': 3.0}, {'Max_spout': 1000.0, 'Spliters': 2.0, 'Counters': 18.0}, {'Max_spout': 100000.0, 'Spliters': 6.0, 'Counters': 12.0}, {'Max_spout': 10000.0, 'Spliters': 6.0, 'Counters': 15.0}, {'Max_spout': 1000000.0, 'Spliters': 6.0, 'Counters': 15.0}, {'Max_spout': 10000.0, 'Spliters': 2.0, 'Counters': 6.0}
0.485152625417959, 0.35166741075975727, 0.4953093571573213, 0.38207560321211176, 0.41494030786695557, 0.44984553552444706, 0.40832520008941975, 0.36846990554864756, 0.40832520008941975, 0.4905387254901873, 0.40832520008941975, 0.4516582690455384, 0.4574555529336537, 0.42495585890769383, 0.4976484988611444, 0.37732074296275253, 0.4516582690455384, 0.4606383323142671, 0.46478414719232286, 0.4166887504479434
0.20610642433166504, 0.17117571830749512, 0.07879424095153809, 0.1573035717010498, 0.14861106872558594, 0.1796879768371582, 0.2040421962738037, 0.1560039520263672, 0.18678712844848633, 0.23308992385864258, 0.11202454566955566, 0.18788528442382812, 0.12847471237182617, 0.15474176406860352, 0.14076709747314453, 0.13263893127441406, 0.12915897369384766, 0.26679277420043945, 0.13255667686462402, 0.166412353515625