{'Max_spout': 100000.0, 'Spliters': 1.0, 'Counters': 9.0}, {'Max_spout': 1000.0, 'Spliters': 2.0, 'Counters': 18.0}, {'Max_spout': 1000000.0, 'Spliters': 1.0, 'Counters': 9.0}, {'Max_spout': 1000000.0, 'Spliters': 2.0, 'Counters': 18.0}, {'Max_spout': 10000.0, 'Spliters': 2.0, 'Counters': 12.0}, {'Max_spout': 1000000.0, 'Spliters': 2.0, 'Counters': 18.0}, {'Max_spout': 100000.0, 'Spliters': 1.0, 'Counters': 9.0}, {'Max_spout': 1000000.0, 'Spliters': 1.0, 'Counters': 9.0}, {'Max_spout': 1000.0, 'Spliters': 2.0, 'Counters': 15.0}, {'Max_spout': 1000000.0, 'Spliters': 2.0, 'Counters': 18.0}, {'Max_spout': 1000000.0, 'Spliters': 1.0, 'Counters': 9.0}, {'Max_spout': 1000000.0, 'Spliters': 1.0, 'Counters': 9.0}, {'Max_spout': 1000000.0, 'Spliters': 1.0, 'Counters': 9.0}, {'Max_spout': 10000.0, 'Spliters': 2.0, 'Counters': 12.0}, {'Max_spout': 1000000.0, 'Spliters': 2.0, 'Counters': 18.0}, {'Max_spout': 10000.0, 'Spliters': 2.0, 'Counters': 12.0}, {'Max_spout': 1000000.0, 'Spliters': 1.0, 'Counters': 3.0}, {'Max_spout': 1000000.0, 'Spliters': 1.0, 'Counters': 9.0}, {'Max_spout': 10000.0, 'Spliters': 2.0, 'Counters': 12.0}, {'Max_spout': 10000.0, 'Spliters': 2.0, 'Counters': 12.0}
0.35166741075975727, 0.37732074296275253, 0.32012653299473015, 0.3164259069728935, 0.3482003422813653, 0.3164259069728935, 0.35166741075975727, 0.32012653299473015, 0.36892976043895076, 0.3164259069728935, 0.32012653299473015, 0.32012653299473015, 0.32012653299473015, 0.3482003422813653, 0.3164259069728935, 0.3482003422813653, 0.39445597231778273, 0.32012653299473015, 0.3482003422813653, 0.3482003422813653
0.7471144199371338, 0.8225865364074707, 0.27752041816711426, 0.2449016571044922, 0.34208154678344727, 0.24578285217285156, 0.3301112651824951, 0.3978762626647949, 0.502704381942749, 0.38933634757995605, 0.35090088844299316, 0.33351874351501465, 0.2632780075073242, 0.4014863967895508, 0.35982632637023926, 0.4015936851501465, 0.30071496963500977, 0.31163549423217773, 0.23804879188537598, 0.29357004165649414