{'Max_spout': 100000.0, 'Spliters': 6.0, 'Counters': 1.0}, {'Max_spout': 1000000.0, 'Spliters': 1.0, 'Counters': 9.0}, {'Max_spout': 1000.0, 'Spliters': 2.0, 'Counters': 12.0}, {'Max_spout': 1000.0, 'Spliters': 2.0, 'Counters': 15.0}, {'Max_spout': 100000.0, 'Spliters': 1.0, 'Counters': 9.0}, {'Max_spout': 10000.0, 'Spliters': 2.0, 'Counters': 18.0}, {'Max_spout': 1000000.0, 'Spliters': 1.0, 'Counters': 3.0}, {'Max_spout': 1000000.0, 'Spliters': 1.0, 'Counters': 6.0}, {'Max_spout': 100000.0, 'Spliters': 1.0, 'Counters': 9.0}, {'Max_spout': 1000000.0, 'Spliters': 1.0, 'Counters': 6.0}, {'Max_spout': 100000.0, 'Spliters': 1.0, 'Counters': 9.0}, {'Max_spout': 1000000.0, 'Spliters': 1.0, 'Counters': 9.0}, {'Max_spout': 10000.0, 'Spliters': 2.0, 'Counters': 15.0}, {'Max_spout': 1000.0, 'Spliters': 2.0, 'Counters': 15.0}, {'Max_spout': 1000000.0, 'Spliters': 1.0, 'Counters': 9.0}, {'Max_spout': 1000000.0, 'Spliters': 1.0, 'Counters': 9.0}, {'Max_spout': 1000.0, 'Spliters': 6.0, 'Counters': 12.0}, {'Max_spout': 1000.0, 'Spliters': 2.0, 'Counters': 18.0}, {'Max_spout': 1000000.0, 'Spliters': 2.0, 'Counters': 18.0}, {'Max_spout': 100000.0, 'Spliters': 1.0, 'Counters': 9.0}
0.3984556230484778, 0.32012653299473015, 0.38207560321211176, 0.36892976043895076, 0.35166741075975727, 0.38803073678533906, 0.39445597231778273, 0.36846990554864756, 0.35166741075975727, 0.36846990554864756, 0.35166741075975727, 0.32012653299473015, 0.37396253693787807, 0.36892976043895076, 0.32012653299473015, 0.32012653299473015, 0.4484068363379843, 0.37732074296275253, 0.3164259069728935, 0.35166741075975727
0.18618369102478027, 0.2468869686126709, 0.22298097610473633, 0.29509830474853516, 0.1355907917022705, 0.3857543468475342, 0.2852904796600342, 0.24346160888671875, 0.2469017505645752, 0.17706775665283203, 0.14934515953063965, 0.1229701042175293, 0.11778497695922852, 0.14987468719482422, 0.15395307540893555, 0.12315917015075684, 0.22810626029968262, 0.10392212867736816, 0.16382956504821777, 0.20131564140319824