{'Max_spout': 100000.0, 'Spliters': 6.0, 'Counters': 1.0}, {'Max_spout': 1000000.0, 'Spliters': 1.0, 'Counters': 9.0}, {'Max_spout': 1000.0, 'Spliters': 2.0, 'Counters': 12.0}, {'Max_spout': 1000.0, 'Spliters': 2.0, 'Counters': 15.0}, {'Max_spout': 100000.0, 'Spliters': 1.0, 'Counters': 9.0}, {'Max_spout': 10000.0, 'Spliters': 2.0, 'Counters': 6.0}, {'Max_spout': 1000000.0, 'Spliters': 6.0, 'Counters': 1.0}, {'Max_spout': 1000000.0, 'Spliters': 1.0, 'Counters': 6.0}, {'Max_spout': 100000.0, 'Spliters': 1.0, 'Counters': 9.0}, {'Max_spout': 1000000.0, 'Spliters': 1.0, 'Counters': 6.0}, {'Max_spout': 100000.0, 'Spliters': 1.0, 'Counters': 9.0}, {'Max_spout': 1000000.0, 'Spliters': 1.0, 'Counters': 9.0}, {'Max_spout': 10000.0, 'Spliters': 2.0, 'Counters': 15.0}, {'Max_spout': 1000.0, 'Spliters': 2.0, 'Counters': 15.0}, {'Max_spout': 10000.0, 'Spliters': 2.0, 'Counters': 9.0}, {'Max_spout': 1000000.0, 'Spliters': 1.0, 'Counters': 9.0}, {'Max_spout': 1000.0, 'Spliters': 6.0, 'Counters': 12.0}, {'Max_spout': 1000.0, 'Spliters': 2.0, 'Counters': 18.0}, {'Max_spout': 10000.0, 'Spliters': 2.0, 'Counters': 12.0}, {'Max_spout': 100000.0, 'Spliters': 1.0, 'Counters': 9.0}
0.3984556230484778, 0.32012653299473015, 0.38207560321211176, 0.36892976043895076, 0.35166741075975727, 0.4166887504479434, 0.40357683359835317, 0.36846990554864756, 0.35166741075975727, 0.36846990554864756, 0.35166741075975727, 0.32012653299473015, 0.37396253693787807, 0.36892976043895076, 0.40832520008941975, 0.32012653299473015, 0.4484068363379843, 0.37732074296275253, 0.3482003422813653, 0.35166741075975727
0.2522013187408447, 0.2937660217285156, 0.14294695854187012, 0.19553112983703613, 0.1558971405029297, 0.23987865447998047, 0.12262725830078125, 0.10901355743408203, 0.10190081596374512, 0.12341070175170898, 0.15570783615112305, 0.1258835792541504, 0.1434626579284668, 0.15299296379089355, 0.1312723159790039, 0.11981320381164551, 0.15436887741088867, 0.10134243965148926, 0.19351696968078613, 0.18519878387451172