{'Max_spout': 100000.0, 'Spliters': 6.0, 'Counters': 1.0}, {'Max_spout': 10000.0, 'Spliters': 6.0, 'Counters': 18.0}, {'Max_spout': 1000.0, 'Spliters': 2.0, 'Counters': 12.0}, {'Max_spout': 1000.0, 'Spliters': 2.0, 'Counters': 15.0}, {'Max_spout': 100000.0, 'Spliters': 1.0, 'Counters': 9.0}, {'Max_spout': 10000.0, 'Spliters': 2.0, 'Counters': 6.0}, {'Max_spout': 1000000.0, 'Spliters': 6.0, 'Counters': 1.0}, {'Max_spout': 1000000.0, 'Spliters': 1.0, 'Counters': 6.0}, {'Max_spout': 100000.0, 'Spliters': 1.0, 'Counters': 9.0}, {'Max_spout': 100000.0, 'Spliters': 2.0, 'Counters': 9.0}, {'Max_spout': 10000.0, 'Spliters': 6.0, 'Counters': 12.0}, {'Max_spout': 1000000.0, 'Spliters': 1.0, 'Counters': 9.0}, {'Max_spout': 10000.0, 'Spliters': 2.0, 'Counters': 15.0}, {'Max_spout': 1000.0, 'Spliters': 2.0, 'Counters': 15.0}, {'Max_spout': 1000.0, 'Spliters': 2.0, 'Counters': 9.0}, {'Max_spout': 1000000.0, 'Spliters': 1.0, 'Counters': 9.0}, {'Max_spout': 1000.0, 'Spliters': 6.0, 'Counters': 12.0}, {'Max_spout': 1000.0, 'Spliters': 2.0, 'Counters': 18.0}, {'Max_spout': 10000.0, 'Spliters': 2.0, 'Counters': 12.0}, {'Max_spout': 100.0, 'Spliters': 6.0, 'Counters': 18.0}
0.3984556230484778, 0.44889835309221016, 0.38207560321211176, 0.36892976043895076, 0.35166741075975727, 0.4166887504479434, 0.40357683359835317, 0.36846990554864756, 0.35166741075975727, 0.4432542580854002, 0.4555332964187899, 0.32012653299473015, 0.37396253693787807, 0.36892976043895076, 0.4308876598834952, 0.32012653299473015, 0.4484068363379843, 0.37732074296275253, 0.3482003422813653, 0.4908349470997968
0.15433788299560547, 0.14905261993408203, 0.19647622108459473, 0.18065524101257324, 0.11866569519042969, 0.21819543838500977, 0.15247869491577148, 0.16785526275634766, 0.1510765552520752, 0.11461615562438965, 0.14882612228393555, 0.20980405807495117, 0.12478375434875488, 0.1643052101135254, 0.19416546821594238, 0.14738965034484863, 0.20752501487731934, 0.10142159461975098, 0.1685645580291748, 0.15109562873840332