{'Max_spout': 10000.0, 'Spliters': 2.0, 'Counters': 12.0}, {'Max_spout': 1000000.0, 'Spliters': 1.0, 'Counters': 9.0}, {'Max_spout': 1000000.0, 'Spliters': 6.0, 'Counters': 1.0}, {'Max_spout': 1000000.0, 'Spliters': 1.0, 'Counters': 9.0}, {'Max_spout': 10000.0, 'Spliters': 2.0, 'Counters': 12.0}, {'Max_spout': 1000000.0, 'Spliters': 1.0, 'Counters': 9.0}, {'Max_spout': 10000.0, 'Spliters': 2.0, 'Counters': 12.0}, {'Max_spout': 10000.0, 'Spliters': 2.0, 'Counters': 12.0}, {'Max_spout': 1000000.0, 'Spliters': 1.0, 'Counters': 6.0}, {'Max_spout': 1000000.0, 'Spliters': 1.0, 'Counters': 9.0}, {'Max_spout': 10000.0, 'Spliters': 2.0, 'Counters': 12.0}, {'Max_spout': 1000.0, 'Spliters': 2.0, 'Counters': 15.0}, {'Max_spout': 1000000.0, 'Spliters': 2.0, 'Counters': 18.0}, {'Max_spout': 1000000.0, 'Spliters': 1.0, 'Counters': 9.0}, {'Max_spout': 1000.0, 'Spliters': 2.0, 'Counters': 15.0}, {'Max_spout': 1000000.0, 'Spliters': 2.0, 'Counters': 18.0}, {'Max_spout': 1000.0, 'Spliters': 2.0, 'Counters': 15.0}, {'Max_spout': 1000.0, 'Spliters': 2.0, 'Counters': 15.0}, {'Max_spout': 100000.0, 'Spliters': 6.0, 'Counters': 1.0}, {'Max_spout': 100000.0, 'Spliters': 1.0, 'Counters': 9.0}
0.3482003422813653, 0.32012653299473015, 0.40357683359835317, 0.32012653299473015, 0.3482003422813653, 0.32012653299473015, 0.3482003422813653, 0.3482003422813653, 0.36846990554864756, 0.32012653299473015, 0.3482003422813653, 0.36892976043895076, 0.3164259069728935, 0.32012653299473015, 0.36892976043895076, 0.3164259069728935, 0.36892976043895076, 0.36892976043895076, 0.3984556230484778, 0.35166741075975727
0.5097999572753906, 0.30742430686950684, 0.30199408531188965, 0.2905280590057373, 0.4004831314086914, 0.4653153419494629, 0.3652338981628418, 0.297086238861084, 0.3319282531738281, 0.46276259422302246, 0.5101199150085449, 0.33594298362731934, 0.43498706817626953, 0.4210827350616455, 0.48078346252441406, 0.3438146114349365, 0.46639442443847656, 0.26912593841552734, 0.20303869247436523, 0.422471284866333