{'Max_spout': 10000.0, 'Spliters': 2.0, 'Counters': 9.0}, {'Max_spout': 100000.0, 'Spliters': 1.0, 'Counters': 9.0}, {'Max_spout': 1000.0, 'Spliters': 2.0, 'Counters': 15.0}, {'Max_spout': 10000.0, 'Spliters': 2.0, 'Counters': 12.0}, {'Max_spout': 1000000.0, 'Spliters': 1.0, 'Counters': 9.0}, {'Max_spout': 10000.0, 'Spliters': 2.0, 'Counters': 12.0}, {'Max_spout': 100000.0, 'Spliters': 6.0, 'Counters': 1.0}, {'Max_spout': 1000000.0, 'Spliters': 1.0, 'Counters': 6.0}, {'Max_spout': 10000.0, 'Spliters': 2.0, 'Counters': 12.0}, {'Max_spout': 1000.0, 'Spliters': 2.0, 'Counters': 18.0}, {'Max_spout': 1000000.0, 'Spliters': 1.0, 'Counters': 9.0}, {'Max_spout': 10000.0, 'Spliters': 2.0, 'Counters': 12.0}, {'Max_spout': 1000000.0, 'Spliters': 2.0, 'Counters': 18.0}, {'Max_spout': 1000.0, 'Spliters': 2.0, 'Counters': 15.0}, {'Max_spout': 10000.0, 'Spliters': 2.0, 'Counters': 12.0}, {'Max_spout': 1000.0, 'Spliters': 2.0, 'Counters': 15.0}, {'Max_spout': 1000.0, 'Spliters': 2.0, 'Counters': 15.0}, {'Max_spout': 1000000.0, 'Spliters': 1.0, 'Counters': 6.0}, {'Max_spout': 10000.0, 'Spliters': 2.0, 'Counters': 18.0}, {'Max_spout': 10000.0, 'Spliters': 2.0, 'Counters': 15.0}
0.40832520008941975, 0.35166741075975727, 0.36892976043895076, 0.3482003422813653, 0.32012653299473015, 0.3482003422813653, 0.3984556230484778, 0.36846990554864756, 0.3482003422813653, 0.37732074296275253, 0.32012653299473015, 0.3482003422813653, 0.3164259069728935, 0.36892976043895076, 0.3482003422813653, 0.36892976043895076, 0.36892976043895076, 0.36846990554864756, 0.38803073678533906, 0.37396253693787807
0.4169960021972656, 0.12498235702514648, 0.12061524391174316, 0.10518598556518555, 0.14426493644714355, 0.13885498046875, 0.10805988311767578, 0.07007217407226562, 0.07944369316101074, 0.1605837345123291, 0.16042757034301758, 0.12906479835510254, 0.1351337432861328, 0.10914206504821777, 0.15191435813903809, 0.10516762733459473, 0.11620664596557617, 0.1312425136566162, 0.17217493057250977, 0.13297390937805176