{'Max_spout': 10000.0, 'Spliters': 2.0, 'Counters': 9.0}, {'Max_spout': 100000.0, 'Spliters': 1.0, 'Counters': 9.0}, {'Max_spout': 1000.0, 'Spliters': 2.0, 'Counters': 15.0}, {'Max_spout': 10000.0, 'Spliters': 2.0, 'Counters': 12.0}, {'Max_spout': 1000000.0, 'Spliters': 1.0, 'Counters': 9.0}, {'Max_spout': 10000.0, 'Spliters': 2.0, 'Counters': 12.0}, {'Max_spout': 100000.0, 'Spliters': 6.0, 'Counters': 1.0}, {'Max_spout': 1000000.0, 'Spliters': 1.0, 'Counters': 6.0}, {'Max_spout': 10000.0, 'Spliters': 2.0, 'Counters': 12.0}, {'Max_spout': 1000.0, 'Spliters': 2.0, 'Counters': 18.0}, {'Max_spout': 1000000.0, 'Spliters': 1.0, 'Counters': 9.0}, {'Max_spout': 10000.0, 'Spliters': 2.0, 'Counters': 12.0}, {'Max_spout': 1000000.0, 'Spliters': 2.0, 'Counters': 18.0}, {'Max_spout': 1000.0, 'Spliters': 2.0, 'Counters': 15.0}, {'Max_spout': 10000.0, 'Spliters': 2.0, 'Counters': 12.0}, {'Max_spout': 1000.0, 'Spliters': 2.0, 'Counters': 15.0}, {'Max_spout': 1000.0, 'Spliters': 2.0, 'Counters': 15.0}, {'Max_spout': 1000000.0, 'Spliters': 1.0, 'Counters': 6.0}, {'Max_spout': 10000.0, 'Spliters': 2.0, 'Counters': 18.0}, {'Max_spout': 10000.0, 'Spliters': 2.0, 'Counters': 15.0}
0.40832520008941975, 0.35166741075975727, 0.36892976043895076, 0.3482003422813653, 0.32012653299473015, 0.3482003422813653, 0.3984556230484778, 0.36846990554864756, 0.3482003422813653, 0.37732074296275253, 0.32012653299473015, 0.3482003422813653, 0.3164259069728935, 0.36892976043895076, 0.3482003422813653, 0.36892976043895076, 0.36892976043895076, 0.36846990554864756, 0.38803073678533906, 0.37396253693787807
0.4172499179840088, 0.18026399612426758, 0.285844087600708, 0.22654008865356445, 0.34467291831970215, 0.532902717590332, 0.30402565002441406, 0.20311355590820312, 0.2667663097381592, 0.24463748931884766, 0.25252723693847656, 0.1571953296661377, 0.21179413795471191, 0.22097277641296387, 0.1540985107421875, 0.2698698043823242, 0.30341506004333496, 0.42389345169067383, 0.32425642013549805, 0.2207958698272705