{'Max_spout': 100000.0, 'Spliters': 2.0, 'Counters': 6.0}, {'Max_spout': 100000.0, 'Spliters': 1.0, 'Counters': 9.0}, {'Max_spout': 1000000.0, 'Spliters': 6.0, 'Counters': 9.0}, {'Max_spout': 1000.0, 'Spliters': 2.0, 'Counters': 12.0}, {'Max_spout': 1000000.0, 'Spliters': 1.0, 'Counters': 9.0}, {'Max_spout': 1000000.0, 'Spliters': 6.0, 'Counters': 1.0}, {'Max_spout': 10000.0, 'Spliters': 2.0, 'Counters': 9.0}, {'Max_spout': 1000000.0, 'Spliters': 1.0, 'Counters': 6.0}, {'Max_spout': 10000.0, 'Spliters': 2.0, 'Counters': 9.0}, {'Max_spout': 100000.0, 'Spliters': 2.0, 'Counters': 12.0}, {'Max_spout': 1000000.0, 'Spliters': 1.0, 'Counters': 6.0}, {'Max_spout': 10000.0, 'Spliters': 2.0, 'Counters': 9.0}, {'Max_spout': 10000.0, 'Spliters': 2.0, 'Counters': 6.0}, {'Max_spout': 1000.0, 'Spliters': 2.0, 'Counters': 15.0}, {'Max_spout': 10000.0, 'Spliters': 2.0, 'Counters': 9.0}, {'Max_spout': 1000.0, 'Spliters': 2.0, 'Counters': 18.0}, {'Max_spout': 100000.0, 'Spliters': 6.0, 'Counters': 18.0}, {'Max_spout': 10000.0, 'Spliters': 2.0, 'Counters': 15.0}, {'Max_spout': 1000000.0, 'Spliters': 6.0, 'Counters': 15.0}, {'Max_spout': 10000.0, 'Spliters': 2.0, 'Counters': 6.0}
0.485152625417959, 0.35166741075975727, 0.44400910161431717, 0.38207560321211176, 0.32012653299473015, 0.40357683359835317, 0.40832520008941975, 0.36846990554864756, 0.40832520008941975, 0.4409963825425648, 0.36846990554864756, 0.40832520008941975, 0.4166887504479434, 0.36892976043895076, 0.40832520008941975, 0.37732074296275253, 0.42495585890769383, 0.37396253693787807, 0.46478414719232286, 0.4166887504479434
0.12597990036010742, 0.11002945899963379, 0.10725569725036621, 0.10660028457641602, 0.1572742462158203, 0.2575840950012207, 0.12112998962402344, 0.10041260719299316, 0.12682843208312988, 0.22809171676635742, 0.12675881385803223, 0.12775707244873047, 0.1347196102142334, 0.12909770011901855, 0.10382747650146484, 0.10326528549194336, 0.09718203544616699, 0.07633733749389648, 0.09424948692321777, 0.11878347396850586