{'Max_spout': 100000.0, 'Spliters': 2.0, 'Counters': 6.0}, {'Max_spout': 100000.0, 'Spliters': 1.0, 'Counters': 9.0}, {'Max_spout': 1000000.0, 'Spliters': 6.0, 'Counters': 9.0}, {'Max_spout': 1000.0, 'Spliters': 2.0, 'Counters': 12.0}, {'Max_spout': 1000000.0, 'Spliters': 1.0, 'Counters': 9.0}, {'Max_spout': 1000000.0, 'Spliters': 6.0, 'Counters': 1.0}, {'Max_spout': 10000.0, 'Spliters': 2.0, 'Counters': 9.0}, {'Max_spout': 1000000.0, 'Spliters': 1.0, 'Counters': 6.0}, {'Max_spout': 10000.0, 'Spliters': 2.0, 'Counters': 9.0}, {'Max_spout': 100000.0, 'Spliters': 2.0, 'Counters': 12.0}, {'Max_spout': 1000000.0, 'Spliters': 1.0, 'Counters': 6.0}, {'Max_spout': 10000.0, 'Spliters': 2.0, 'Counters': 9.0}, {'Max_spout': 10000.0, 'Spliters': 2.0, 'Counters': 6.0}, {'Max_spout': 1000.0, 'Spliters': 2.0, 'Counters': 15.0}, {'Max_spout': 10000.0, 'Spliters': 2.0, 'Counters': 9.0}, {'Max_spout': 1000.0, 'Spliters': 2.0, 'Counters': 18.0}, {'Max_spout': 100000.0, 'Spliters': 6.0, 'Counters': 18.0}, {'Max_spout': 10000.0, 'Spliters': 2.0, 'Counters': 15.0}, {'Max_spout': 1000000.0, 'Spliters': 6.0, 'Counters': 15.0}, {'Max_spout': 10000.0, 'Spliters': 2.0, 'Counters': 6.0}
0.485152625417959, 0.35166741075975727, 0.44400910161431717, 0.38207560321211176, 0.32012653299473015, 0.40357683359835317, 0.40832520008941975, 0.36846990554864756, 0.40832520008941975, 0.4409963825425648, 0.36846990554864756, 0.40832520008941975, 0.4166887504479434, 0.36892976043895076, 0.40832520008941975, 0.37732074296275253, 0.42495585890769383, 0.37396253693787807, 0.46478414719232286, 0.4166887504479434
0.2424919605255127, 0.11248159408569336, 0.08855700492858887, 0.07181668281555176, 0.08155107498168945, 0.11007261276245117, 0.07094550132751465, 0.07945704460144043, 0.09041380882263184, 0.11249947547912598, 0.11892318725585938, 0.09218287467956543, 0.13025450706481934, 0.09382009506225586, 0.08675289154052734, 0.09015250205993652, 0.09484004974365234, 0.0923774242401123, 0.1001429557800293, 0.12166643142700195