{'Max_spout': 100000.0, 'Spliters': 2.0, 'Counters': 15.0}, {'Max_spout': 1000000.0, 'Spliters': 2.0, 'Counters': 13.0}, {'Max_spout': 10000.0, 'Spliters': 2.0, 'Counters': 11.0}, {'Max_spout': 1000.0, 'Spliters': 1.0, 'Counters': 18.0}, {'Max_spout': 10000.0, 'Spliters': 3.0, 'Counters': 9.0}, {'Max_spout': 100000.0, 'Spliters': 2.0, 'Counters': 12.0}, {'Max_spout': 10000.0, 'Spliters': 2.0, 'Counters': 12.0}, {'Max_spout': 1000.0, 'Spliters': 3.0, 'Counters': 2.0}, {'Max_spout': 10000.0, 'Spliters': 2.0, 'Counters': 7.0}, {'Max_spout': 10000.0, 'Spliters': 2.0, 'Counters': 15.0}, {'Max_spout': 10000.0, 'Spliters': 2.0, 'Counters': 6.0}, {'Max_spout': 1000000.0, 'Spliters': 2.0, 'Counters': 8.0}, {'Max_spout': 1000000.0, 'Spliters': 2.0, 'Counters': 15.0}, {'Max_spout': 100.0, 'Spliters': 3.0, 'Counters': 12.0}, {'Max_spout': 10000.0, 'Spliters': 3.0, 'Counters': 18.0}, {'Max_spout': 10000.0, 'Spliters': 2.0, 'Counters': 7.0}, {'Max_spout': 1000.0, 'Spliters': 4.0, 'Counters': 17.0}, {'Max_spout': 100000.0, 'Spliters': 2.0, 'Counters': 15.0}, {'Max_spout': 100000.0, 'Spliters': 1.0, 'Counters': 9.0}, {'Max_spout': 100000.0, 'Spliters': 2.0, 'Counters': 18.0}
0.132539345926719, 0.1753336643562795, 0.17147007144779203, 0.2169919538979822, 0.2913385861949046, 0.14512965696185742, 0.16476005941792837, 0.2692960039718406, 0.22720910320416798, 0.12284324324612461, 0.2392286039050402, 0.2540840823667212, 0.19052519703880066, 0.3144515312734576, 0.2945819743879329, 0.22720910320416798, 0.2673802716242708, 0.132539345926719, 0.24267659476476688, 0.15717968355457912
0.17279720306396484, 0.21831154823303223, 0.14087724685668945, 0.1854715347290039, 0.11004161834716797, 0.10371947288513184, 0.14350605010986328, 0.1679677963256836, 0.11893963813781738, 0.2807924747467041, 0.1261425018310547, 0.14532017707824707, 0.3275477886199951, 0.34302735328674316, 0.29393959045410156, 0.17662644386291504, 0.13986468315124512, 0.22330641746520996, 0.38692378997802734, 0.16376280784606934