{'Max_spout': 10000.0, 'Spliters': 2.0, 'Counters': 12.0}, {'Max_spout': 100000.0, 'Spliters': 2.0, 'Counters': 17.0}, {'Max_spout': 1000000.0, 'Spliters': 2.0, 'Counters': 9.0}, {'Max_spout': 10000.0, 'Spliters': 1.0, 'Counters': 6.0}, {'Max_spout': 10000.0, 'Spliters': 1.0, 'Counters': 18.0}, {'Max_spout': 1000.0, 'Spliters': 1.0, 'Counters': 14.0}, {'Max_spout': 1000.0, 'Spliters': 1.0, 'Counters': 12.0}, {'Max_spout': 1000.0, 'Spliters': 3.0, 'Counters': 17.0}, {'Max_spout': 1000.0, 'Spliters': 3.0, 'Counters': 14.0}, {'Max_spout': 100000.0, 'Spliters': 1.0, 'Counters': 14.0}, {'Max_spout': 1000000.0, 'Spliters': 6.0, 'Counters': 1.0}, {'Max_spout': 10000.0, 'Spliters': 2.0, 'Counters': 6.0}, {'Max_spout': 1000.0, 'Spliters': 5.0, 'Counters': 10.0}, {'Max_spout': 1000000.0, 'Spliters': 2.0, 'Counters': 18.0}, {'Max_spout': 10000.0, 'Spliters': 2.0, 'Counters': 17.0}, {'Max_spout': 100000.0, 'Spliters': 3.0, 'Counters': 14.0}, {'Max_spout': 100.0, 'Spliters': 2.0, 'Counters': 18.0}, {'Max_spout': 100000.0, 'Spliters': 3.0, 'Counters': 13.0}, {'Max_spout': 100000.0, 'Spliters': 2.0, 'Counters': 12.0}, {'Max_spout': 1000.0, 'Spliters': 2.0, 'Counters': 17.0}
0.16476005941792837, 0.12371969767889157, 0.2103927465921025, 0.24702705477618103, 0.24324610341910924, 0.21626152942507804, 0.2226217790786872, 0.2791900689529295, 0.27100783026302744, 0.2577068564681886, 0.3128116492913352, 0.2392286039050402, 0.32119951352471876, 0.13380251720146819, 0.13361873109709843, 0.280387931922528, 0.3072431537538005, 0.2942828815365135, 0.14512965696185742, 0.20413732624457137
0.16326045989990234, 0.25804853439331055, 0.16983938217163086, 0.17850852012634277, 0.13751721382141113, 0.23144912719726562, 0.17480134963989258, 0.20962977409362793, 0.17528867721557617, 0.11656427383422852, 0.1961803436279297, 0.06788468360900879, 0.19161558151245117, 0.09214639663696289, 0.08045148849487305, 0.07298135757446289, 0.2449169158935547, 0.22945022583007812, 0.13818788528442383, 0.14200091361999512