{'Max_spout': 10000.0, 'Spliters': 2.0, 'Counters': 12.0}, {'Max_spout': 100000.0, 'Spliters': 2.0, 'Counters': 17.0}, {'Max_spout': 1000000.0, 'Spliters': 2.0, 'Counters': 9.0}, {'Max_spout': 10000.0, 'Spliters': 1.0, 'Counters': 6.0}, {'Max_spout': 10000.0, 'Spliters': 1.0, 'Counters': 18.0}, {'Max_spout': 100000.0, 'Spliters': 1.0, 'Counters': 7.0}, {'Max_spout': 10000.0, 'Spliters': 1.0, 'Counters': 14.0}, {'Max_spout': 10000.0, 'Spliters': 3.0, 'Counters': 13.0}, {'Max_spout': 1000.0, 'Spliters': 4.0, 'Counters': 12.0}, {'Max_spout': 100000.0, 'Spliters': 1.0, 'Counters': 14.0}, {'Max_spout': 1000000.0, 'Spliters': 6.0, 'Counters': 1.0}, {'Max_spout': 10000.0, 'Spliters': 2.0, 'Counters': 6.0}, {'Max_spout': 100.0, 'Spliters': 6.0, 'Counters': 2.0}, {'Max_spout': 1000000.0, 'Spliters': 2.0, 'Counters': 18.0}, {'Max_spout': 10000.0, 'Spliters': 2.0, 'Counters': 17.0}, {'Max_spout': 100000.0, 'Spliters': 3.0, 'Counters': 14.0}, {'Max_spout': 100.0, 'Spliters': 2.0, 'Counters': 18.0}, {'Max_spout': 100000.0, 'Spliters': 3.0, 'Counters': 13.0}, {'Max_spout': 100000.0, 'Spliters': 2.0, 'Counters': 12.0}, {'Max_spout': 10000.0, 'Spliters': 3.0, 'Counters': 2.0}
0.16476005941792837, 0.12371969767889157, 0.2103927465921025, 0.24702705477618103, 0.24324610341910924, 0.2872648310416718, 0.2503918831855877, 0.28619693005929525, 0.31589143360957284, 0.2577068564681886, 0.3128116492913352, 0.2392286039050402, 0.3415261144593673, 0.13380251720146819, 0.13361873109709843, 0.280387931922528, 0.3072431537538005, 0.2942828815365135, 0.14512965696185742, 0.24761777002500884
0.18227005004882812, 0.17713069915771484, 0.11533021926879883, 0.17795538902282715, 0.12730646133422852, 0.16112279891967773, 0.12326502799987793, 0.1393725872039795, 0.08196067810058594, 0.301069974899292, 0.22695589065551758, 0.2503347396850586, 0.14894390106201172, 0.22146296501159668, 0.17979168891906738, 0.133012056350708, 0.12874650955200195, 0.0934133529663086, 0.09365129470825195, 0.12763285636901855