{'Max_spout': 10000.0, 'Spliters': 2.0, 'Counters': 15.0}, {'Max_spout': 100000.0, 'Spliters': 2.0, 'Counters': 17.0}, {'Max_spout': 1000000.0, 'Spliters': 2.0, 'Counters': 18.0}, {'Max_spout': 100000.0, 'Spliters': 2.0, 'Counters': 17.0}, {'Max_spout': 10000.0, 'Spliters': 2.0, 'Counters': 15.0}, {'Max_spout': 10000.0, 'Spliters': 2.0, 'Counters': 15.0}, {'Max_spout': 100000.0, 'Spliters': 2.0, 'Counters': 17.0}, {'Max_spout': 1000000.0, 'Spliters': 2.0, 'Counters': 18.0}, {'Max_spout': 100000.0, 'Spliters': 2.0, 'Counters': 17.0}, {'Max_spout': 100000.0, 'Spliters': 2.0, 'Counters': 17.0}, {'Max_spout': 100000.0, 'Spliters': 2.0, 'Counters': 17.0}, {'Max_spout': 100000.0, 'Spliters': 2.0, 'Counters': 13.0}, {'Max_spout': 1000000.0, 'Spliters': 2.0, 'Counters': 18.0}, {'Max_spout': 10000.0, 'Spliters': 2.0, 'Counters': 15.0}, {'Max_spout': 10000.0, 'Spliters': 2.0, 'Counters': 15.0}, {'Max_spout': 10000.0, 'Spliters': 2.0, 'Counters': 11.0}, {'Max_spout': 100000.0, 'Spliters': 2.0, 'Counters': 17.0}, {'Max_spout': 10000.0, 'Spliters': 2.0, 'Counters': 15.0}, {'Max_spout': 10000.0, 'Spliters': 2.0, 'Counters': 15.0}, {'Max_spout': 10000.0, 'Spliters': 2.0, 'Counters': 15.0}
0.12284324324612461, 0.12371969767889157, 0.13380251720146819, 0.12371969767889157, 0.12284324324612461, 0.12284324324612461, 0.12371969767889157, 0.13380251720146819, 0.12371969767889157, 0.12371969767889157, 0.12371969767889157, 0.14855608246731045, 0.13380251720146819, 0.12284324324612461, 0.12284324324612461, 0.17147007144779203, 0.12371969767889157, 0.12284324324612461, 0.12284324324612461, 0.12284324324612461
0.4200456142425537, 0.3339693546295166, 0.4940299987792969, 0.40303874015808105, 0.4376702308654785, 0.36119771003723145, 0.38199663162231445, 0.4902818202972412, 0.41655683517456055, 0.40338802337646484, 0.4252128601074219, 0.44133996963500977, 0.4441814422607422, 0.38538694381713867, 0.3742854595184326, 0.5019176006317139, 0.46033191680908203, 0.3876945972442627, 0.3615727424621582, 0.4022712707519531