{'Max_spout': 10000.0, 'Spliters': 2.0, 'Counters': 12.0}, {'Max_spout': 100000.0, 'Spliters': 2.0, 'Counters': 6.0}, {'Max_spout': 10000.0, 'Spliters': 2.0, 'Counters': 11.0}, {'Max_spout': 10000.0, 'Spliters': 3.0, 'Counters': 8.0}, {'Max_spout': 100000.0, 'Spliters': 2.0, 'Counters': 15.0}, {'Max_spout': 10000.0, 'Spliters': 2.0, 'Counters': 16.0}, {'Max_spout': 1000000.0, 'Spliters': 2.0, 'Counters': 15.0}, {'Max_spout': 1000.0, 'Spliters': 1.0, 'Counters': 13.0}, {'Max_spout': 1000000.0, 'Spliters': 5.0, 'Counters': 17.0}, {'Max_spout': 1000.0, 'Spliters': 2.0, 'Counters': 18.0}, {'Max_spout': 100000.0, 'Spliters': 3.0, 'Counters': 2.0}, {'Max_spout': 1000.0, 'Spliters': 2.0, 'Counters': 11.0}, {'Max_spout': 100000.0, 'Spliters': 5.0, 'Counters': 12.0}, {'Max_spout': 1000.0, 'Spliters': 1.0, 'Counters': 14.0}, {'Max_spout': 100000.0, 'Spliters': 2.0, 'Counters': 14.0}, {'Max_spout': 1000000.0, 'Spliters': 3.0, 'Counters': 8.0}, {'Max_spout': 10000.0, 'Spliters': 2.0, 'Counters': 15.0}, {'Max_spout': 10000.0, 'Spliters': 1.0, 'Counters': 16.0}, {'Max_spout': 100000.0, 'Spliters': 5.0, 'Counters': 12.0}, {'Max_spout': 1000.0, 'Spliters': 2.0, 'Counters': 17.0}
0.16476005941792837, 0.2749548376275195, 0.17147007144779203, 0.2845892859214816, 0.132539345926719, 0.1811405273230916, 0.19052519703880066, 0.21612041686248584, 0.30298249038522884, 0.2352639057826642, 0.24275536721044977, 0.2649455695882317, 0.28916233125565105, 0.21626152942507804, 0.17424465104643616, 0.29041634571915975, 0.12284324324612461, 0.23654305206377335, 0.28916233125565105, 0.20413732624457137
0.25977563858032227, 0.12103414535522461, 0.22254180908203125, 0.20357704162597656, 0.27487850189208984, 0.13959383964538574, 0.23458647727966309, 0.28031063079833984, 0.42752885818481445, 0.3316812515258789, 0.17811822891235352, 0.3296191692352295, 0.22905254364013672, 0.30145883560180664, 0.2119922637939453, 0.2018284797668457, 0.16264843940734863, 0.2585303783416748, 0.1976468563079834, 0.33348798751831055