{'Max_spout': 100000.0, 'Spliters': 2.0, 'Counters': 15.0}, {'Max_spout': 1000.0, 'Spliters': 3.0, 'Counters': 10.0}, {'Max_spout': 10000.0, 'Spliters': 2.0, 'Counters': 11.0}, {'Max_spout': 1000.0, 'Spliters': 1.0, 'Counters': 18.0}, {'Max_spout': 10000.0, 'Spliters': 3.0, 'Counters': 9.0}, {'Max_spout': 100000.0, 'Spliters': 2.0, 'Counters': 12.0}, {'Max_spout': 10000.0, 'Spliters': 2.0, 'Counters': 12.0}, {'Max_spout': 1000.0, 'Spliters': 3.0, 'Counters': 2.0}, {'Max_spout': 10000.0, 'Spliters': 2.0, 'Counters': 7.0}, {'Max_spout': 10000.0, 'Spliters': 2.0, 'Counters': 15.0}, {'Max_spout': 10000.0, 'Spliters': 2.0, 'Counters': 6.0}, {'Max_spout': 1000000.0, 'Spliters': 2.0, 'Counters': 8.0}, {'Max_spout': 1000000.0, 'Spliters': 2.0, 'Counters': 15.0}, {'Max_spout': 100.0, 'Spliters': 3.0, 'Counters': 10.0}, {'Max_spout': 1000000.0, 'Spliters': 5.0, 'Counters': 18.0}, {'Max_spout': 10000.0, 'Spliters': 2.0, 'Counters': 7.0}, {'Max_spout': 1000.0, 'Spliters': 4.0, 'Counters': 17.0}, {'Max_spout': 10000.0, 'Spliters': 2.0, 'Counters': 12.0}, {'Max_spout': 100000.0, 'Spliters': 1.0, 'Counters': 9.0}, {'Max_spout': 100000.0, 'Spliters': 2.0, 'Counters': 18.0}
0.132539345926719, 0.3124129257506031, 0.17147007144779203, 0.2169919538979822, 0.2913385861949046, 0.14512965696185742, 0.16476005941792837, 0.2692960039718406, 0.22720910320416798, 0.12284324324612461, 0.2392286039050402, 0.2540840823667212, 0.19052519703880066, 0.3199167012207329, 0.31575288120107436, 0.22720910320416798, 0.2673802716242708, 0.16476005941792837, 0.24267659476476688, 0.15717968355457912
0.11165165901184082, 0.13118338584899902, 0.14445209503173828, 0.16309070587158203, 0.17382526397705078, 0.17028141021728516, 0.13643455505371094, 0.14417457580566406, 0.16258764266967773, 0.1817934513092041, 0.13623857498168945, 0.11883425712585449, 0.1770765781402588, 0.2528347969055176, 0.1957862377166748, 0.14564967155456543, 0.1456165313720703, 0.192734956741333, 0.12578248977661133, 0.17728638648986816