{'Max_spout': 100000.0, 'Spliters': 2.0, 'Counters': 17.0}, {'Max_spout': 100000.0, 'Spliters': 2.0, 'Counters': 17.0}, {'Max_spout': 100000.0, 'Spliters': 2.0, 'Counters': 17.0}, {'Max_spout': 10000.0, 'Spliters': 2.0, 'Counters': 15.0}, {'Max_spout': 10000.0, 'Spliters': 2.0, 'Counters': 15.0}, {'Max_spout': 10000.0, 'Spliters': 2.0, 'Counters': 15.0}, {'Max_spout': 1000000.0, 'Spliters': 2.0, 'Counters': 18.0}, {'Max_spout': 100000.0, 'Spliters': 2.0, 'Counters': 17.0}, {'Max_spout': 100000.0, 'Spliters': 2.0, 'Counters': 17.0}, {'Max_spout': 1000000.0, 'Spliters': 2.0, 'Counters': 18.0}, {'Max_spout': 100000.0, 'Spliters': 2.0, 'Counters': 14.0}, {'Max_spout': 10000.0, 'Spliters': 2.0, 'Counters': 15.0}, {'Max_spout': 100000.0, 'Spliters': 2.0, 'Counters': 17.0}, {'Max_spout': 100000.0, 'Spliters': 2.0, 'Counters': 12.0}, {'Max_spout': 100000.0, 'Spliters': 2.0, 'Counters': 17.0}, {'Max_spout': 1000000.0, 'Spliters': 2.0, 'Counters': 13.0}, {'Max_spout': 10000.0, 'Spliters': 2.0, 'Counters': 15.0}, {'Max_spout': 10000.0, 'Spliters': 2.0, 'Counters': 15.0}, {'Max_spout': 100000.0, 'Spliters': 2.0, 'Counters': 17.0}, {'Max_spout': 10000.0, 'Spliters': 2.0, 'Counters': 15.0}
0.12371969767889157, 0.12371969767889157, 0.12371969767889157, 0.12284324324612461, 0.12284324324612461, 0.12284324324612461, 0.13380251720146819, 0.12371969767889157, 0.12371969767889157, 0.13380251720146819, 0.17424465104643616, 0.12284324324612461, 0.12371969767889157, 0.14512965696185742, 0.12371969767889157, 0.1753336643562795, 0.12284324324612461, 0.12284324324612461, 0.12371969767889157, 0.12284324324612461
0.940467119216919, 1.0187013149261475, 0.5543310642242432, 0.9212925434112549, 0.626183032989502, 0.5567398071289062, 0.4997735023498535, 0.6492798328399658, 0.6231026649475098, 0.5757286548614502, 0.625469446182251, 0.7064094543457031, 0.7849154472351074, 0.5555453300476074, 0.8375685214996338, 0.5981895923614502, 0.5212452411651611, 0.7415182590484619, 1.0166358947753906, 0.7481238842010498