{'Max_spout': 100000.0, 'Spliters': 2.0, 'Counters': 12.0}, {'Max_spout': 1000.0, 'Spliters': 1.0, 'Counters': 12.0}, {'Max_spout': 10000.0, 'Spliters': 2.0, 'Counters': 17.0}, {'Max_spout': 10000.0, 'Spliters': 1.0, 'Counters': 8.0}, {'Max_spout': 100000.0, 'Spliters': 2.0, 'Counters': 15.0}, {'Max_spout': 10000.0, 'Spliters': 2.0, 'Counters': 16.0}, {'Max_spout': 1000000.0, 'Spliters': 2.0, 'Counters': 18.0}, {'Max_spout': 10000.0, 'Spliters': 2.0, 'Counters': 14.0}, {'Max_spout': 1000.0, 'Spliters': 2.0, 'Counters': 17.0}, {'Max_spout': 1000000.0, 'Spliters': 2.0, 'Counters': 18.0}, {'Max_spout': 1000000.0, 'Spliters': 3.0, 'Counters': 2.0}, {'Max_spout': 10000.0, 'Spliters': 2.0, 'Counters': 11.0}, {'Max_spout': 100000.0, 'Spliters': 1.0, 'Counters': 12.0}, {'Max_spout': 1000.0, 'Spliters': 1.0, 'Counters': 14.0}, {'Max_spout': 10000.0, 'Spliters': 2.0, 'Counters': 14.0}, {'Max_spout': 1000000.0, 'Spliters': 2.0, 'Counters': 13.0}, {'Max_spout': 10000.0, 'Spliters': 2.0, 'Counters': 15.0}, {'Max_spout': 10000.0, 'Spliters': 1.0, 'Counters': 16.0}, {'Max_spout': 100000.0, 'Spliters': 5.0, 'Counters': 12.0}, {'Max_spout': 10000.0, 'Spliters': 2.0, 'Counters': 15.0}
0.14512965696185742, 0.2226217790786872, 0.13361873109709843, 0.2554525613520423, 0.132539345926719, 0.1811405273230916, 0.13380251720146819, 0.15332396214456634, 0.20413732624457137, 0.13380251720146819, 0.2418857553379542, 0.17147007144779203, 0.25178398967781845, 0.21626152942507804, 0.15332396214456634, 0.1753336643562795, 0.12284324324612461, 0.23654305206377335, 0.28916233125565105, 0.12284324324612461
0.5183703899383545, 0.4147377014160156, 0.24454689025878906, 0.3758242130279541, 0.662574291229248, 0.48032188415527344, 0.2975454330444336, 0.4099433422088623, 0.31714367866516113, 0.3594396114349365, 0.2702946662902832, 0.53424072265625, 0.44550395011901855, 0.39220452308654785, 0.2752373218536377, 0.39350199699401855, 0.2400963306427002, 0.5326213836669922, 0.7451236248016357, 0.7814230918884277