{'Max_spout': 10000.0, 'Spliters': 2.0, 'Counters': 15.0}, {'Max_spout': 100000.0, 'Spliters': 2.0, 'Counters': 17.0}, {'Max_spout': 100000.0, 'Spliters': 2.0, 'Counters': 11.0}, {'Max_spout': 100000.0, 'Spliters': 2.0, 'Counters': 11.0}, {'Max_spout': 100000.0, 'Spliters': 2.0, 'Counters': 9.0}, {'Max_spout': 100000.0, 'Spliters': 2.0, 'Counters': 14.0}, {'Max_spout': 100000.0, 'Spliters': 2.0, 'Counters': 17.0}, {'Max_spout': 1000000.0, 'Spliters': 2.0, 'Counters': 18.0}, {'Max_spout': 100000.0, 'Spliters': 2.0, 'Counters': 12.0}, {'Max_spout': 100000.0, 'Spliters': 2.0, 'Counters': 13.0}, {'Max_spout': 10000.0, 'Spliters': 2.0, 'Counters': 14.0}, {'Max_spout': 10000.0, 'Spliters': 2.0, 'Counters': 12.0}, {'Max_spout': 100000.0, 'Spliters': 2.0, 'Counters': 11.0}, {'Max_spout': 10000.0, 'Spliters': 2.0, 'Counters': 15.0}, {'Max_spout': 100000.0, 'Spliters': 2.0, 'Counters': 13.0}, {'Max_spout': 1000.0, 'Spliters': 1.0, 'Counters': 18.0}, {'Max_spout': 100000.0, 'Spliters': 2.0, 'Counters': 17.0}, {'Max_spout': 10000.0, 'Spliters': 2.0, 'Counters': 12.0}, {'Max_spout': 100000.0, 'Spliters': 2.0, 'Counters': 11.0}, {'Max_spout': 10000.0, 'Spliters': 2.0, 'Counters': 13.0}
0.12284324324612461, 0.12371969767889157, 0.17117835533245507, 0.17117835533245507, 0.20799191559604002, 0.17424465104643616, 0.12371969767889157, 0.13380251720146819, 0.14512965696185742, 0.14855608246731045, 0.15332396214456634, 0.16476005941792837, 0.17117835533245507, 0.12284324324612461, 0.14855608246731045, 0.2169919538979822, 0.12371969767889157, 0.16476005941792837, 0.17117835533245507, 0.18561058666702812
0.2760739326477051, 0.196242094039917, 0.2753281593322754, 0.4169332981109619, 0.28601932525634766, 0.24686551094055176, 0.2119309902191162, 0.27784299850463867, 0.2571990489959717, 0.2511763572692871, 0.2745087146759033, 0.25142621994018555, 0.2585632801055908, 0.25194597244262695, 0.19236421585083008, 0.26410722732543945, 0.21070528030395508, 0.23376774787902832, 0.20427608489990234, 0.2928149700164795