{'Max_spout': 10000.0, 'Spliters': 2.0, 'Counters': 15.0}, {'Max_spout': 100000.0, 'Spliters': 2.0, 'Counters': 17.0}, {'Max_spout': 1000000.0, 'Spliters': 2.0, 'Counters': 9.0}, {'Max_spout': 100000.0, 'Spliters': 2.0, 'Counters': 14.0}, {'Max_spout': 10000.0, 'Spliters': 2.0, 'Counters': 10.0}, {'Max_spout': 100000.0, 'Spliters': 2.0, 'Counters': 14.0}, {'Max_spout': 1000000.0, 'Spliters': 2.0, 'Counters': 11.0}, {'Max_spout': 1000.0, 'Spliters': 2.0, 'Counters': 16.0}, {'Max_spout': 10000.0, 'Spliters': 2.0, 'Counters': 12.0}, {'Max_spout': 1000000.0, 'Spliters': 2.0, 'Counters': 13.0}, {'Max_spout': 10000.0, 'Spliters': 2.0, 'Counters': 12.0}, {'Max_spout': 10000.0, 'Spliters': 2.0, 'Counters': 12.0}, {'Max_spout': 1000.0, 'Spliters': 3.0, 'Counters': 14.0}, {'Max_spout': 10000.0, 'Spliters': 2.0, 'Counters': 15.0}, {'Max_spout': 100000.0, 'Spliters': 2.0, 'Counters': 11.0}, {'Max_spout': 1000.0, 'Spliters': 1.0, 'Counters': 18.0}, {'Max_spout': 100000.0, 'Spliters': 2.0, 'Counters': 17.0}, {'Max_spout': 10000.0, 'Spliters': 2.0, 'Counters': 12.0}, {'Max_spout': 100000.0, 'Spliters': 2.0, 'Counters': 11.0}, {'Max_spout': 10000.0, 'Spliters': 2.0, 'Counters': 13.0}
0.12284324324612461, 0.12371969767889157, 0.2103927465921025, 0.17424465104643616, 0.21484928662395242, 0.17424465104643616, 0.2224197759651717, 0.24800718592450477, 0.16476005941792837, 0.1753336643562795, 0.16476005941792837, 0.16476005941792837, 0.27100783026302744, 0.12284324324612461, 0.17117835533245507, 0.2169919538979822, 0.12371969767889157, 0.16476005941792837, 0.17117835533245507, 0.18561058666702812
0.24024176597595215, 0.16355109214782715, 0.22307038307189941, 0.17114472389221191, 0.45400571823120117, 0.16186189651489258, 0.15811991691589355, 0.3575587272644043, 0.2736046314239502, 0.17166662216186523, 0.22214531898498535, 0.19834136962890625, 0.15823793411254883, 0.1803760528564453, 0.12004661560058594, 0.23742318153381348, 0.18434762954711914, 0.18503665924072266, 0.135206937789917, 0.21672916412353516