{'Max_spout': 10000.0, 'Spliters': 2.0, 'Counters': 14.0}, {'Max_spout': 100000.0, 'Spliters': 2.0, 'Counters': 17.0}, {'Max_spout': 1000000.0, 'Spliters': 2.0, 'Counters': 13.0}, {'Max_spout': 10000.0, 'Spliters': 2.0, 'Counters': 11.0}, {'Max_spout': 10000.0, 'Spliters': 2.0, 'Counters': 13.0}, {'Max_spout': 1000.0, 'Spliters': 1.0, 'Counters': 14.0}, {'Max_spout': 10000.0, 'Spliters': 2.0, 'Counters': 14.0}, {'Max_spout': 100000.0, 'Spliters': 1.0, 'Counters': 11.0}, {'Max_spout': 100000.0, 'Spliters': 2.0, 'Counters': 13.0}, {'Max_spout': 1000000.0, 'Spliters': 2.0, 'Counters': 13.0}, {'Max_spout': 10000.0, 'Spliters': 2.0, 'Counters': 17.0}, {'Max_spout': 10000.0, 'Spliters': 2.0, 'Counters': 6.0}, {'Max_spout': 100000.0, 'Spliters': 1.0, 'Counters': 10.0}, {'Max_spout': 1000000.0, 'Spliters': 2.0, 'Counters': 18.0}, {'Max_spout': 10000.0, 'Spliters': 2.0, 'Counters': 17.0}, {'Max_spout': 10000.0, 'Spliters': 2.0, 'Counters': 15.0}, {'Max_spout': 1000.0, 'Spliters': 2.0, 'Counters': 18.0}, {'Max_spout': 100000.0, 'Spliters': 2.0, 'Counters': 15.0}, {'Max_spout': 100000.0, 'Spliters': 2.0, 'Counters': 12.0}, {'Max_spout': 1000000.0, 'Spliters': 2.0, 'Counters': 12.0}
0.15332396214456634, 0.12371969767889157, 0.1753336643562795, 0.17147007144779203, 0.18561058666702812, 0.21626152942507804, 0.15332396214456634, 0.23453324511852047, 0.14855608246731045, 0.1753336643562795, 0.13361873109709843, 0.2392286039050402, 0.2534341111142201, 0.13380251720146819, 0.13361873109709843, 0.12284324324612461, 0.2352639057826642, 0.132539345926719, 0.14512965696185742, 0.17863486685012364
0.33573412895202637, 0.22932124137878418, 0.278331995010376, 0.29469919204711914, 0.16142010688781738, 0.22225737571716309, 0.2941620349884033, 0.31495213508605957, 0.28046154975891113, 0.23838043212890625, 0.4088749885559082, 0.2711360454559326, 0.3166956901550293, 0.21308445930480957, 0.23292326927185059, 0.2692525386810303, 0.21994972229003906, 0.18404817581176758, 0.15172696113586426, 0.1978447437286377