{'Max_spout': 10000.0, 'Spliters': 2.0, 'Counters': 15.0}, {'Max_spout': 100000.0, 'Spliters': 2.0, 'Counters': 17.0}, {'Max_spout': 100000.0, 'Spliters': 2.0, 'Counters': 13.0}, {'Max_spout': 10000.0, 'Spliters': 2.0, 'Counters': 11.0}, {'Max_spout': 10000.0, 'Spliters': 2.0, 'Counters': 15.0}, {'Max_spout': 100000.0, 'Spliters': 2.0, 'Counters': 18.0}, {'Max_spout': 100000.0, 'Spliters': 2.0, 'Counters': 12.0}, {'Max_spout': 100000.0, 'Spliters': 2.0, 'Counters': 18.0}, {'Max_spout': 100000.0, 'Spliters': 2.0, 'Counters': 17.0}, {'Max_spout': 100000.0, 'Spliters': 2.0, 'Counters': 17.0}, {'Max_spout': 100000.0, 'Spliters': 2.0, 'Counters': 17.0}, {'Max_spout': 10000.0, 'Spliters': 2.0, 'Counters': 13.0}, {'Max_spout': 100000.0, 'Spliters': 2.0, 'Counters': 18.0}, {'Max_spout': 1000000.0, 'Spliters': 2.0, 'Counters': 18.0}, {'Max_spout': 10000.0, 'Spliters': 2.0, 'Counters': 15.0}, {'Max_spout': 10000.0, 'Spliters': 2.0, 'Counters': 15.0}, {'Max_spout': 10000.0, 'Spliters': 2.0, 'Counters': 17.0}, {'Max_spout': 10000.0, 'Spliters': 2.0, 'Counters': 15.0}, {'Max_spout': 10000.0, 'Spliters': 2.0, 'Counters': 18.0}, {'Max_spout': 100000.0, 'Spliters': 2.0, 'Counters': 15.0}
0.12284324324612461, 0.12371969767889157, 0.14855608246731045, 0.17147007144779203, 0.12284324324612461, 0.15717968355457912, 0.14512965696185742, 0.15717968355457912, 0.12371969767889157, 0.12371969767889157, 0.12371969767889157, 0.18561058666702812, 0.15717968355457912, 0.13380251720146819, 0.12284324324612461, 0.12284324324612461, 0.13361873109709843, 0.12284324324612461, 0.13646979561984285, 0.132539345926719
0.4148416519165039, 0.16783404350280762, 0.20943760871887207, 0.18728137016296387, 0.1707620620727539, 0.18431758880615234, 0.19342732429504395, 0.20325350761413574, 0.14966583251953125, 0.16339421272277832, 0.18718171119689941, 0.18386244773864746, 0.2092900276184082, 0.1438121795654297, 0.16319012641906738, 0.20840144157409668, 0.22618889808654785, 0.1973416805267334, 0.19680047035217285, 0.20990920066833496