{'Max_spout': 1000.0, 'Spliters': 2.0, 'Counters': 12.0}, {'Max_spout': 1000.0, 'Spliters': 2.0, 'Counters': 12.0}, {'Max_spout': 1000.0, 'Spliters': 2.0, 'Counters': 12.0}, {'Max_spout': 1000.0, 'Spliters': 2.0, 'Counters': 12.0}, {'Max_spout': 1000.0, 'Spliters': 2.0, 'Counters': 12.0}, {'Max_spout': 1000.0, 'Spliters': 2.0, 'Counters': 12.0}, {'Max_spout': 1000.0, 'Spliters': 2.0, 'Counters': 12.0}, {'Max_spout': 1000.0, 'Spliters': 2.0, 'Counters': 12.0}, {'Max_spout': 1000.0, 'Spliters': 2.0, 'Counters': 12.0}, {'Max_spout': 1000.0, 'Spliters': 2.0, 'Counters': 12.0}, {'Max_spout': 1000.0, 'Spliters': 2.0, 'Counters': 12.0}, {'Max_spout': 1000.0, 'Spliters': 2.0, 'Counters': 12.0}, {'Max_spout': 1000.0, 'Spliters': 2.0, 'Counters': 12.0}, {'Max_spout': 1000.0, 'Spliters': 2.0, 'Counters': 12.0}, {'Max_spout': 1000.0, 'Spliters': 2.0, 'Counters': 12.0}, {'Max_spout': 1000.0, 'Spliters': 2.0, 'Counters': 12.0}, {'Max_spout': 1000.0, 'Spliters': 2.0, 'Counters': 12.0}, {'Max_spout': 1000.0, 'Spliters': 2.0, 'Counters': 12.0}, {'Max_spout': 1000.0, 'Spliters': 2.0, 'Counters': 12.0}, {'Max_spout': 1000.0, 'Spliters': 2.0, 'Counters': 12.0}
0.34825220828017067, 0.34825220828017067, 0.34825220828017067, 0.34825220828017067, 0.34825220828017067, 0.34825220828017067, 0.34825220828017067, 0.34825220828017067, 0.34825220828017067, 0.34825220828017067, 0.34825220828017067, 0.34825220828017067, 0.34825220828017067, 0.34825220828017067, 0.34825220828017067, 0.34825220828017067, 0.34825220828017067, 0.34825220828017067, 0.34825220828017067, 0.34825220828017067
1.3534352779388428, 1.1058783531188965, 1.215458631515503, 1.354088306427002, 1.2329766750335693, 0.9972894191741943, 1.2258734703063965, 1.210846185684204, 1.174424409866333, 1.1512548923492432, 0.9960031509399414, 1.0529675483703613, 1.0963923931121826, 0.9872100353240967, 1.2561089992523193, 1.3618769645690918, 1.4808320999145508, 0.9772067070007324, 0.9791300296783447, 0.9424083232879639