{'Max_spout': 1000.0, 'Spliters': 2.0, 'Counters': 3.0}, {'Max_spout': 1000000.0, 'Spliters': 6.0, 'Counters': 6.0}, {'Max_spout': 100.0, 'Spliters': 6.0, 'Counters': 6.0}, {'Max_spout': 1000.0, 'Spliters': 2.0, 'Counters': 12.0}, {'Max_spout': 1000.0, 'Spliters': 1.0, 'Counters': 6.0}, {'Max_spout': 1000000.0, 'Spliters': 6.0, 'Counters': 12.0}, {'Max_spout': 10000.0, 'Spliters': 2.0, 'Counters': 9.0}, {'Max_spout': 1000000.0, 'Spliters': 2.0, 'Counters': 12.0}, {'Max_spout': 1000.0, 'Spliters': 2.0, 'Counters': 9.0}, {'Max_spout': 1000000.0, 'Spliters': 2.0, 'Counters': 15.0}, {'Max_spout': 10000.0, 'Spliters': 6.0, 'Counters': 18.0}, {'Max_spout': 100000.0, 'Spliters': 6.0, 'Counters': 12.0}, {'Max_spout': 1000.0, 'Spliters': 2.0, 'Counters': 6.0}, {'Max_spout': 100000.0, 'Spliters': 6.0, 'Counters': 18.0}, {'Max_spout': 1000.0, 'Spliters': 2.0, 'Counters': 3.0}, {'Max_spout': 1000.0, 'Spliters': 2.0, 'Counters': 18.0}, {'Max_spout': 100000.0, 'Spliters': 6.0, 'Counters': 12.0}, {'Max_spout': 10000.0, 'Spliters': 6.0, 'Counters': 15.0}, {'Max_spout': 1000000.0, 'Spliters': 6.0, 'Counters': 15.0}, {'Max_spout': 10000.0, 'Spliters': 2.0, 'Counters': 6.0}
0.4797667742484102, 0.4607099566646824, 0.4963552162903253, 0.34825220828017067, 0.504753926626011, 0.45132372310007496, 0.3915810157618045, 0.47464293365645127, 0.3843556979164898, 0.4437836724363142, 0.4475080432583598, 0.4488602405241635, 0.42471564247809135, 0.46030367959212204, 0.4797667742484102, 0.3670307857723123, 0.4488602405241635, 0.46376947806057345, 0.4750693614314816, 0.4048595507354926
0.16452383995056152, 0.20680832862854004, 0.09865021705627441, 0.12328934669494629, 0.222337007522583, 0.19060730934143066, 0.08532309532165527, 0.11526107788085938, 0.15575766563415527, 0.15085506439208984, 0.10309624671936035, 0.13808035850524902, 0.0754857063293457, 0.12037396430969238, 0.1472005844116211, 0.15608501434326172, 0.1440885066986084, 0.16592001914978027, 0.22579336166381836, 0.13484859466552734