{'Max_spout': 10.0, 'Spliters': 2.0, 'Counters': 18.0}, {'Max_spout': 10000.0, 'Spliters': 6.0, 'Counters': 18.0}, {'Max_spout': 1000000.0, 'Spliters': 6.0, 'Counters': 12.0}, {'Max_spout': 1000.0, 'Spliters': 2.0, 'Counters': 15.0}, {'Max_spout': 10000.0, 'Spliters': 2.0, 'Counters': 12.0}, {'Max_spout': 10000.0, 'Spliters': 2.0, 'Counters': 9.0}, {'Max_spout': 1000.0, 'Spliters': 1.0, 'Counters': 12.0}, {'Max_spout': 10000.0, 'Spliters': 2.0, 'Counters': 15.0}, {'Max_spout': 1000.0, 'Spliters': 2.0, 'Counters': 6.0}, {'Max_spout': 1000000.0, 'Spliters': 6.0, 'Counters': 18.0}, {'Max_spout': 100000.0, 'Spliters': 6.0, 'Counters': 12.0}, {'Max_spout': 1000.0, 'Spliters': 2.0, 'Counters': 15.0}, {'Max_spout': 10000.0, 'Spliters': 2.0, 'Counters': 12.0}, {'Max_spout': 1000.0, 'Spliters': 2.0, 'Counters': 12.0}, {'Max_spout': 1000.0, 'Spliters': 2.0, 'Counters': 9.0}, {'Max_spout': 100.0, 'Spliters': 2.0, 'Counters': 12.0}, {'Max_spout': 1000.0, 'Spliters': 2.0, 'Counters': 12.0}, {'Max_spout': 1000.0, 'Spliters': 2.0, 'Counters': 12.0}, {'Max_spout': 10000.0, 'Spliters': 6.0, 'Counters': 9.0}, {'Max_spout': 100.0, 'Spliters': 3.0, 'Counters': 6.0}
0.5216628675848648, 0.4475080432583598, 0.45132372310007496, 0.3534006710681069, 0.4060542266639211, 0.3915810157618045, 0.4822687008709523, 0.3975491585218419, 0.42471564247809135, 0.45684852732534786, 0.4488602405241635, 0.3534006710681069, 0.4060542266639211, 0.34825220828017067, 0.3843556979164898, 0.405608670201996, 0.34825220828017067, 0.34825220828017067, 0.46278694480825155, 0.5263030848055928
0.21199464797973633, 0.13850069046020508, 0.09168601036071777, 0.09142780303955078, 0.08122706413269043, 0.05841660499572754, 0.07507014274597168, 0.07683157920837402, 0.04795432090759277, 0.05261397361755371, 0.05396890640258789, 0.05458974838256836, 0.08497738838195801, 0.05330300331115723, 0.05805397033691406, 0.06173110008239746, 0.11616301536560059, 0.05884575843811035, 0.07162904739379883, 0.06756854057312012