{'Max_spout': 1000.0, 'Spliters': 2.0, 'Counters': 3.0}, {'Max_spout': 1000000.0, 'Spliters': 6.0, 'Counters': 6.0}, {'Max_spout': 1000.0, 'Spliters': 2.0, 'Counters': 12.0}, {'Max_spout': 1000.0, 'Spliters': 2.0, 'Counters': 12.0}, {'Max_spout': 1000.0, 'Spliters': 1.0, 'Counters': 6.0}, {'Max_spout': 1000000.0, 'Spliters': 6.0, 'Counters': 12.0}, {'Max_spout': 10000.0, 'Spliters': 2.0, 'Counters': 9.0}, {'Max_spout': 1000000.0, 'Spliters': 2.0, 'Counters': 12.0}, {'Max_spout': 1000.0, 'Spliters': 2.0, 'Counters': 9.0}, {'Max_spout': 1000000.0, 'Spliters': 2.0, 'Counters': 15.0}, {'Max_spout': 10000.0, 'Spliters': 6.0, 'Counters': 18.0}, {'Max_spout': 100000.0, 'Spliters': 6.0, 'Counters': 12.0}, {'Max_spout': 1000.0, 'Spliters': 2.0, 'Counters': 6.0}, {'Max_spout': 100000.0, 'Spliters': 6.0, 'Counters': 18.0}, {'Max_spout': 10000.0, 'Spliters': 2.0, 'Counters': 9.0}, {'Max_spout': 1000.0, 'Spliters': 2.0, 'Counters': 18.0}, {'Max_spout': 100000.0, 'Spliters': 6.0, 'Counters': 12.0}, {'Max_spout': 10000.0, 'Spliters': 6.0, 'Counters': 15.0}, {'Max_spout': 1000000.0, 'Spliters': 6.0, 'Counters': 15.0}, {'Max_spout': 10000.0, 'Spliters': 2.0, 'Counters': 6.0}
0.4797667742484102, 0.4607099566646824, 0.34825220828017067, 0.34825220828017067, 0.504753926626011, 0.45132372310007496, 0.3915810157618045, 0.47464293365645127, 0.3843556979164898, 0.4437836724363142, 0.4475080432583598, 0.4488602405241635, 0.42471564247809135, 0.46030367959212204, 0.3915810157618045, 0.3670307857723123, 0.4488602405241635, 0.46376947806057345, 0.4750693614314816, 0.4048595507354926
0.2113950252532959, 0.08998966217041016, 0.10088515281677246, 0.08453011512756348, 0.08747625350952148, 0.10860872268676758, 0.07231998443603516, 0.0819239616394043, 0.09483456611633301, 0.1107187271118164, 0.09160852432250977, 0.08692288398742676, 0.11078476905822754, 0.0699012279510498, 0.11310410499572754, 0.10074782371520996, 0.11149954795837402, 0.07353472709655762, 0.13043808937072754, 0.1302473545074463