{'Max_spout': 10000.0, 'Spliters': 6.0, 'Counters': 18.0}, {'Max_spout': 10000.0, 'Spliters': 6.0, 'Counters': 18.0}, {'Max_spout': 100.0, 'Spliters': 2.0, 'Counters': 12.0}, {'Max_spout': 1000.0, 'Spliters': 2.0, 'Counters': 12.0}, {'Max_spout': 10000.0, 'Spliters': 2.0, 'Counters': 9.0}, {'Max_spout': 10000.0, 'Spliters': 2.0, 'Counters': 9.0}, {'Max_spout': 1000.0, 'Spliters': 2.0, 'Counters': 12.0}, {'Max_spout': 10000.0, 'Spliters': 2.0, 'Counters': 15.0}, {'Max_spout': 10000.0, 'Spliters': 2.0, 'Counters': 6.0}, {'Max_spout': 100000.0, 'Spliters': 2.0, 'Counters': 15.0}, {'Max_spout': 100000.0, 'Spliters': 6.0, 'Counters': 12.0}, {'Max_spout': 1000.0, 'Spliters': 2.0, 'Counters': 15.0}, {'Max_spout': 1000.0, 'Spliters': 2.0, 'Counters': 12.0}, {'Max_spout': 1000.0, 'Spliters': 2.0, 'Counters': 12.0}, {'Max_spout': 1000.0, 'Spliters': 2.0, 'Counters': 12.0}, {'Max_spout': 1000.0, 'Spliters': 2.0, 'Counters': 18.0}, {'Max_spout': 1000.0, 'Spliters': 2.0, 'Counters': 12.0}, {'Max_spout': 1000.0, 'Spliters': 2.0, 'Counters': 12.0}, {'Max_spout': 10000.0, 'Spliters': 2.0, 'Counters': 6.0}, {'Max_spout': 10000.0, 'Spliters': 2.0, 'Counters': 6.0}
0.4475080432583598, 0.4475080432583598, 0.405608670201996, 0.34825220828017067, 0.3915810157618045, 0.3915810157618045, 0.34825220828017067, 0.3975491585218419, 0.4048595507354926, 0.43629833300548926, 0.4488602405241635, 0.3534006710681069, 0.34825220828017067, 0.34825220828017067, 0.34825220828017067, 0.3670307857723123, 0.34825220828017067, 0.34825220828017067, 0.4048595507354926, 0.4048595507354926
0.5202362537384033, 0.12136983871459961, 0.4815511703491211, 0.413677453994751, 0.4165987968444824, 0.18692326545715332, 0.1949615478515625, 0.3247873783111572, 0.1531047821044922, 0.26384949684143066, 0.16736721992492676, 0.20945525169372559, 0.279935359954834, 0.2415785789489746, 0.19070959091186523, 0.23026418685913086, 0.3728830814361572, 0.22467613220214844, 0.2559189796447754, 0.3965764045715332