{'Max_spout': 10000.0, 'Spliters': 2.0, 'Counters': 12.0}, {'Max_spout': 10000.0, 'Spliters': 2.0, 'Counters': 15.0}, {'Max_spout': 1000.0, 'Spliters': 2.0, 'Counters': 12.0}, {'Max_spout': 1000.0, 'Spliters': 2.0, 'Counters': 12.0}, {'Max_spout': 10000.0, 'Spliters': 6.0, 'Counters': 15.0}, {'Max_spout': 10000.0, 'Spliters': 2.0, 'Counters': 15.0}, {'Max_spout': 10000.0, 'Spliters': 2.0, 'Counters': 9.0}, {'Max_spout': 1000.0, 'Spliters': 2.0, 'Counters': 12.0}, {'Max_spout': 1000.0, 'Spliters': 2.0, 'Counters': 9.0}, {'Max_spout': 100.0, 'Spliters': 2.0, 'Counters': 15.0}, {'Max_spout': 10000.0, 'Spliters': 6.0, 'Counters': 18.0}, {'Max_spout': 10000.0, 'Spliters': 2.0, 'Counters': 9.0}, {'Max_spout': 10000.0, 'Spliters': 2.0, 'Counters': 6.0}, {'Max_spout': 100000.0, 'Spliters': 6.0, 'Counters': 12.0}, {'Max_spout': 10000.0, 'Spliters': 2.0, 'Counters': 9.0}, {'Max_spout': 1000.0, 'Spliters': 2.0, 'Counters': 18.0}, {'Max_spout': 100000.0, 'Spliters': 2.0, 'Counters': 15.0}, {'Max_spout': 1000.0, 'Spliters': 2.0, 'Counters': 9.0}, {'Max_spout': 1000000.0, 'Spliters': 2.0, 'Counters': 15.0}, {'Max_spout': 10000.0, 'Spliters': 2.0, 'Counters': 15.0}
0.4060542266639211, 0.3975491585218419, 0.34825220828017067, 0.34825220828017067, 0.46376947806057345, 0.3975491585218419, 0.3915810157618045, 0.34825220828017067, 0.3843556979164898, 0.42069156568117205, 0.4475080432583598, 0.3915810157618045, 0.4048595507354926, 0.4488602405241635, 0.3915810157618045, 0.3670307857723123, 0.43629833300548926, 0.3843556979164898, 0.4437836724363142, 0.3975491585218419
0.20050930976867676, 0.15204238891601562, 0.22214412689208984, 0.22672581672668457, 0.3037276268005371, 0.1739804744720459, 0.12671494483947754, 0.1534733772277832, 0.13448810577392578, 0.18149948120117188, 0.16019892692565918, 0.1300489902496338, 0.16727876663208008, 0.11310052871704102, 0.17227411270141602, 0.14000678062438965, 0.27470946311950684, 0.1685647964477539, 0.2994704246520996, 0.16045498847961426