{'Max_spout': 100000.0, 'Spliters': 2.0, 'Counters': 12.0}, {'Max_spout': 1000000.0, 'Spliters': 2.0, 'Counters': 15.0}, {'Max_spout': 1000.0, 'Spliters': 2.0, 'Counters': 18.0}, {'Max_spout': 1000.0, 'Spliters': 2.0, 'Counters': 15.0}, {'Max_spout': 1000.0, 'Spliters': 2.0, 'Counters': 15.0}, {'Max_spout': 10000.0, 'Spliters': 2.0, 'Counters': 6.0}, {'Max_spout': 1000.0, 'Spliters': 2.0, 'Counters': 15.0}, {'Max_spout': 10000.0, 'Spliters': 6.0, 'Counters': 18.0}, {'Max_spout': 1000.0, 'Spliters': 2.0, 'Counters': 9.0}, {'Max_spout': 1000000.0, 'Spliters': 2.0, 'Counters': 9.0}, {'Max_spout': 1000000.0, 'Spliters': 2.0, 'Counters': 9.0}, {'Max_spout': 1000000.0, 'Spliters': 2.0, 'Counters': 15.0}, {'Max_spout': 10000.0, 'Spliters': 2.0, 'Counters': 15.0}, {'Max_spout': 1000.0, 'Spliters': 2.0, 'Counters': 15.0}, {'Max_spout': 1000.0, 'Spliters': 2.0, 'Counters': 9.0}, {'Max_spout': 1000.0, 'Spliters': 6.0, 'Counters': 12.0}, {'Max_spout': 1000.0, 'Spliters': 6.0, 'Counters': 12.0}, {'Max_spout': 1000.0, 'Spliters': 2.0, 'Counters': 18.0}, {'Max_spout': 1000000.0, 'Spliters': 6.0, 'Counters': 12.0}, {'Max_spout': 100.0, 'Spliters': 2.0, 'Counters': 6.0}
0.43816135911088994, 0.4437836724363142, 0.3670307857723123, 0.3534006710681069, 0.3534006710681069, 0.4048595507354926, 0.3534006710681069, 0.4475080432583598, 0.3843556979164898, 0.41464190904005405, 0.41464190904005405, 0.4437836724363142, 0.3975491585218419, 0.3534006710681069, 0.3843556979164898, 0.4645319179187546, 0.4645319179187546, 0.3670307857723123, 0.45132372310007496, 0.45074322476566475
0.28133559226989746, 0.1314711570739746, 0.16022872924804688, 0.11133408546447754, 0.20571374893188477, 0.1734771728515625, 0.13123464584350586, 0.14537477493286133, 0.09102296829223633, 0.13010668754577637, 0.12314081192016602, 0.10023999214172363, 0.15741968154907227, 0.15821409225463867, 0.15235638618469238, 0.17664361000061035, 0.12189745903015137, 0.12394571304321289, 0.12841486930847168, 0.1403369903564453