{'Max_spout': 10.0, 'Spliters': 3.0, 'Counters': 6.0}, {'Max_spout': 10000.0, 'Spliters': 6.0, 'Counters': 18.0}, {'Max_spout': 1000000.0, 'Spliters': 6.0, 'Counters': 12.0}, {'Max_spout': 100.0, 'Spliters': 1.0, 'Counters': 6.0}, {'Max_spout': 10000.0, 'Spliters': 2.0, 'Counters': 12.0}, {'Max_spout': 10000.0, 'Spliters': 2.0, 'Counters': 15.0}, {'Max_spout': 100.0, 'Spliters': 3.0, 'Counters': 9.0}, {'Max_spout': 10000.0, 'Spliters': 2.0, 'Counters': 12.0}, {'Max_spout': 1000.0, 'Spliters': 2.0, 'Counters': 6.0}, {'Max_spout': 1000000.0, 'Spliters': 6.0, 'Counters': 18.0}, {'Max_spout': 100000.0, 'Spliters': 6.0, 'Counters': 12.0}, {'Max_spout': 1000.0, 'Spliters': 2.0, 'Counters': 9.0}, {'Max_spout': 100000.0, 'Spliters': 2.0, 'Counters': 12.0}, {'Max_spout': 1000.0, 'Spliters': 2.0, 'Counters': 12.0}, {'Max_spout': 1000.0, 'Spliters': 2.0, 'Counters': 6.0}, {'Max_spout': 10.0, 'Spliters': 3.0, 'Counters': 12.0}, {'Max_spout': 1000.0, 'Spliters': 2.0, 'Counters': 9.0}, {'Max_spout': 1000.0, 'Spliters': 2.0, 'Counters': 12.0}, {'Max_spout': 100.0, 'Spliters': 6.0, 'Counters': 3.0}, {'Max_spout': 100.0, 'Spliters': 3.0, 'Counters': 6.0}
0.5743855507620085, 0.4475080432583598, 0.45132372310007496, 0.5257632883624768, 0.4060542266639211, 0.3975491585218419, 0.5110748259818675, 0.4060542266639211, 0.42471564247809135, 0.45684852732534786, 0.4488602405241635, 0.3843556979164898, 0.43816135911088994, 0.34825220828017067, 0.42471564247809135, 0.5720395522666502, 0.3843556979164898, 0.34825220828017067, 0.5176768446988977, 0.5263030848055928
0.3381950855255127, 0.13356852531433105, 0.23516178131103516, 0.1251695156097412, 0.2841808795928955, 0.12302017211914062, 0.22293686866760254, 0.2798192501068115, 0.0769965648651123, 0.20358014106750488, 0.07031083106994629, 0.20411276817321777, 0.3618738651275635, 0.23798656463623047, 0.2982943058013916, 0.1470963954925537, 0.2965414524078369, 0.1930849552154541, 0.21560144424438477, 0.15907859802246094