{'Max_spout': 10000.0, 'Spliters': 6.0, 'Counters': 15.0}, {'Max_spout': 10000.0, 'Spliters': 6.0, 'Counters': 18.0}, {'Max_spout': 100.0, 'Spliters': 2.0, 'Counters': 12.0}, {'Max_spout': 1000.0, 'Spliters': 2.0, 'Counters': 15.0}, {'Max_spout': 10000.0, 'Spliters': 2.0, 'Counters': 9.0}, {'Max_spout': 10000.0, 'Spliters': 2.0, 'Counters': 9.0}, {'Max_spout': 1000.0, 'Spliters': 2.0, 'Counters': 12.0}, {'Max_spout': 10000.0, 'Spliters': 2.0, 'Counters': 15.0}, {'Max_spout': 10000.0, 'Spliters': 2.0, 'Counters': 6.0}, {'Max_spout': 1000000.0, 'Spliters': 6.0, 'Counters': 12.0}, {'Max_spout': 100000.0, 'Spliters': 6.0, 'Counters': 12.0}, {'Max_spout': 1000.0, 'Spliters': 2.0, 'Counters': 15.0}, {'Max_spout': 1000.0, 'Spliters': 2.0, 'Counters': 12.0}, {'Max_spout': 1000.0, 'Spliters': 2.0, 'Counters': 12.0}, {'Max_spout': 1000.0, 'Spliters': 2.0, 'Counters': 12.0}, {'Max_spout': 1000.0, 'Spliters': 2.0, 'Counters': 18.0}, {'Max_spout': 1000.0, 'Spliters': 2.0, 'Counters': 12.0}, {'Max_spout': 1000.0, 'Spliters': 2.0, 'Counters': 12.0}, {'Max_spout': 10000.0, 'Spliters': 2.0, 'Counters': 6.0}, {'Max_spout': 10000.0, 'Spliters': 2.0, 'Counters': 6.0}
0.46376947806057345, 0.4475080432583598, 0.405608670201996, 0.3534006710681069, 0.3915810157618045, 0.3915810157618045, 0.34825220828017067, 0.3975491585218419, 0.4048595507354926, 0.45132372310007496, 0.4488602405241635, 0.3534006710681069, 0.34825220828017067, 0.34825220828017067, 0.34825220828017067, 0.3670307857723123, 0.34825220828017067, 0.34825220828017067, 0.4048595507354926, 0.4048595507354926
0.4637002944946289, 0.16837358474731445, 0.3530564308166504, 0.32142210006713867, 0.316908597946167, 0.14131951332092285, 0.27982544898986816, 0.20124244689941406, 0.1378180980682373, 0.3144490718841553, 0.08186173439025879, 0.13073468208312988, 0.22416138648986816, 0.07509756088256836, 0.27436304092407227, 0.15991711616516113, 0.23566937446594238, 0.222275972366333, 0.16231679916381836, 0.21919751167297363