{'Max_spout': 10000.0, 'Spliters': 2.0, 'Counters': 15.0}, {'Max_spout': 10000.0, 'Spliters': 2.0, 'Counters': 6.0}, {'Max_spout': 1000.0, 'Spliters': 2.0, 'Counters': 12.0}, {'Max_spout': 10000.0, 'Spliters': 2.0, 'Counters': 6.0}, {'Max_spout': 10000.0, 'Spliters': 2.0, 'Counters': 6.0}, {'Max_spout': 100.0, 'Spliters': 2.0, 'Counters': 18.0}, {'Max_spout': 100.0, 'Spliters': 2.0, 'Counters': 15.0}, {'Max_spout': 1000.0, 'Spliters': 2.0, 'Counters': 15.0}, {'Max_spout': 10000.0, 'Spliters': 2.0, 'Counters': 6.0}, {'Max_spout': 1000.0, 'Spliters': 2.0, 'Counters': 9.0}, {'Max_spout': 1000.0, 'Spliters': 2.0, 'Counters': 6.0}, {'Max_spout': 100.0, 'Spliters': 2.0, 'Counters': 12.0}, {'Max_spout': 100.0, 'Spliters': 2.0, 'Counters': 12.0}, {'Max_spout': 1000000.0, 'Spliters': 2.0, 'Counters': 12.0}, {'Max_spout': 10000.0, 'Spliters': 2.0, 'Counters': 15.0}, {'Max_spout': 1000.0, 'Spliters': 2.0, 'Counters': 18.0}, {'Max_spout': 1000000.0, 'Spliters': 2.0, 'Counters': 15.0}, {'Max_spout': 10000.0, 'Spliters': 2.0, 'Counters': 9.0}, {'Max_spout': 1000.0, 'Spliters': 2.0, 'Counters': 15.0}, {'Max_spout': 10000.0, 'Spliters': 2.0, 'Counters': 9.0}
0.3975491585218419, 0.4048595507354926, 0.34825220828017067, 0.4048595507354926, 0.4048595507354926, 0.4007921025523584, 0.42069156568117205, 0.3534006710681069, 0.4048595507354926, 0.3843556979164898, 0.42471564247809135, 0.405608670201996, 0.405608670201996, 0.47464293365645127, 0.3975491585218419, 0.3670307857723123, 0.4437836724363142, 0.3915810157618045, 0.3534006710681069, 0.3915810157618045
0.18317675590515137, 0.17482352256774902, 0.10878396034240723, 0.11055493354797363, 0.1420583724975586, 0.0937800407409668, 0.15366077423095703, 0.16186261177062988, 0.20982599258422852, 0.1267564296722412, 0.1851954460144043, 0.22950100898742676, 0.2366943359375, 0.14925932884216309, 0.1783456802368164, 0.10695433616638184, 0.0889594554901123, 0.19199872016906738, 0.14612460136413574, 0.23649168014526367