{'Max_spout': 10000.0, 'Spliters': 2.0, 'Counters': 12.0}, {'Max_spout': 10000.0, 'Spliters': 2.0, 'Counters': 15.0}, {'Max_spout': 1000.0, 'Spliters': 2.0, 'Counters': 12.0}, {'Max_spout': 1000.0, 'Spliters': 2.0, 'Counters': 12.0}, {'Max_spout': 10000.0, 'Spliters': 6.0, 'Counters': 15.0}, {'Max_spout': 10000.0, 'Spliters': 2.0, 'Counters': 15.0}, {'Max_spout': 10000.0, 'Spliters': 2.0, 'Counters': 9.0}, {'Max_spout': 1000.0, 'Spliters': 2.0, 'Counters': 12.0}, {'Max_spout': 1000.0, 'Spliters': 2.0, 'Counters': 9.0}, {'Max_spout': 100.0, 'Spliters': 2.0, 'Counters': 15.0}, {'Max_spout': 10000.0, 'Spliters': 6.0, 'Counters': 18.0}, {'Max_spout': 10000.0, 'Spliters': 2.0, 'Counters': 9.0}, {'Max_spout': 10000.0, 'Spliters': 2.0, 'Counters': 6.0}, {'Max_spout': 100000.0, 'Spliters': 6.0, 'Counters': 12.0}, {'Max_spout': 10000.0, 'Spliters': 2.0, 'Counters': 9.0}, {'Max_spout': 1000.0, 'Spliters': 2.0, 'Counters': 18.0}, {'Max_spout': 100000.0, 'Spliters': 2.0, 'Counters': 15.0}, {'Max_spout': 1000.0, 'Spliters': 2.0, 'Counters': 9.0}, {'Max_spout': 1000000.0, 'Spliters': 2.0, 'Counters': 15.0}, {'Max_spout': 10000.0, 'Spliters': 2.0, 'Counters': 15.0}
0.4060542266639211, 0.3975491585218419, 0.34825220828017067, 0.34825220828017067, 0.46376947806057345, 0.3975491585218419, 0.3915810157618045, 0.34825220828017067, 0.3843556979164898, 0.42069156568117205, 0.4475080432583598, 0.3915810157618045, 0.4048595507354926, 0.4488602405241635, 0.3915810157618045, 0.3670307857723123, 0.43629833300548926, 0.3843556979164898, 0.4437836724363142, 0.3975491585218419
0.22224664688110352, 0.1559772491455078, 0.1867668628692627, 0.22897648811340332, 0.17952299118041992, 0.10750055313110352, 0.10150551795959473, 0.1028132438659668, 0.0942227840423584, 0.1380147933959961, 0.10922551155090332, 0.09630918502807617, 0.09697628021240234, 0.1108860969543457, 0.12031865119934082, 0.0821688175201416, 0.10111522674560547, 0.10890412330627441, 0.16344904899597168, 0.12412643432617188