{'Max_spout': 1000.0, 'Spliters': 2.0, 'Counters': 3.0}, {'Max_spout': 1000000.0, 'Spliters': 6.0, 'Counters': 6.0}, {'Max_spout': 100.0, 'Spliters': 6.0, 'Counters': 6.0}, {'Max_spout': 1000.0, 'Spliters': 2.0, 'Counters': 12.0}, {'Max_spout': 1000.0, 'Spliters': 1.0, 'Counters': 6.0}, {'Max_spout': 1000000.0, 'Spliters': 6.0, 'Counters': 12.0}, {'Max_spout': 10000.0, 'Spliters': 2.0, 'Counters': 9.0}, {'Max_spout': 1000000.0, 'Spliters': 2.0, 'Counters': 12.0}, {'Max_spout': 1000.0, 'Spliters': 2.0, 'Counters': 9.0}, {'Max_spout': 1000000.0, 'Spliters': 2.0, 'Counters': 15.0}, {'Max_spout': 10000.0, 'Spliters': 6.0, 'Counters': 18.0}, {'Max_spout': 100000.0, 'Spliters': 6.0, 'Counters': 12.0}, {'Max_spout': 1000.0, 'Spliters': 2.0, 'Counters': 6.0}, {'Max_spout': 100000.0, 'Spliters': 6.0, 'Counters': 18.0}, {'Max_spout': 1000.0, 'Spliters': 2.0, 'Counters': 3.0}, {'Max_spout': 1000.0, 'Spliters': 2.0, 'Counters': 18.0}, {'Max_spout': 100000.0, 'Spliters': 6.0, 'Counters': 12.0}, {'Max_spout': 10000.0, 'Spliters': 6.0, 'Counters': 15.0}, {'Max_spout': 1000000.0, 'Spliters': 6.0, 'Counters': 15.0}, {'Max_spout': 10000.0, 'Spliters': 2.0, 'Counters': 6.0}
0.4797667742484102, 0.4607099566646824, 0.4963552162903253, 0.34825220828017067, 0.504753926626011, 0.45132372310007496, 0.3915810157618045, 0.47464293365645127, 0.3843556979164898, 0.4437836724363142, 0.4475080432583598, 0.4488602405241635, 0.42471564247809135, 0.46030367959212204, 0.4797667742484102, 0.3670307857723123, 0.4488602405241635, 0.46376947806057345, 0.4750693614314816, 0.4048595507354926
0.16632771492004395, 0.12159228324890137, 0.06854438781738281, 0.08461737632751465, 0.08831334114074707, 0.13205981254577637, 0.1660473346710205, 0.13824033737182617, 0.09349346160888672, 0.1257004737854004, 0.18450689315795898, 0.15553569793701172, 0.1036067008972168, 0.09705233573913574, 0.1383647918701172, 0.10027337074279785, 0.14281463623046875, 0.0998234748840332, 0.11202859878540039, 0.1416950225830078