{'Max_spout': 1000.0, 'Spliters': 2.0, 'Counters': 3.0}, {'Max_spout': 1000000.0, 'Spliters': 6.0, 'Counters': 6.0}, {'Max_spout': 1000.0, 'Spliters': 2.0, 'Counters': 12.0}, {'Max_spout': 1000.0, 'Spliters': 2.0, 'Counters': 12.0}, {'Max_spout': 1000.0, 'Spliters': 1.0, 'Counters': 6.0}, {'Max_spout': 1000000.0, 'Spliters': 6.0, 'Counters': 12.0}, {'Max_spout': 10000.0, 'Spliters': 2.0, 'Counters': 9.0}, {'Max_spout': 1000.0, 'Spliters': 2.0, 'Counters': 12.0}, {'Max_spout': 1000.0, 'Spliters': 2.0, 'Counters': 9.0}, {'Max_spout': 100.0, 'Spliters': 2.0, 'Counters': 15.0}, {'Max_spout': 10000.0, 'Spliters': 6.0, 'Counters': 18.0}, {'Max_spout': 10000.0, 'Spliters': 2.0, 'Counters': 9.0}, {'Max_spout': 10000.0, 'Spliters': 2.0, 'Counters': 6.0}, {'Max_spout': 100000.0, 'Spliters': 6.0, 'Counters': 18.0}, {'Max_spout': 10000.0, 'Spliters': 2.0, 'Counters': 9.0}, {'Max_spout': 1000.0, 'Spliters': 2.0, 'Counters': 18.0}, {'Max_spout': 100000.0, 'Spliters': 6.0, 'Counters': 12.0}, {'Max_spout': 1000.0, 'Spliters': 2.0, 'Counters': 9.0}, {'Max_spout': 1000000.0, 'Spliters': 6.0, 'Counters': 15.0}, {'Max_spout': 10000.0, 'Spliters': 2.0, 'Counters': 6.0}
0.4797667742484102, 0.4607099566646824, 0.34825220828017067, 0.34825220828017067, 0.504753926626011, 0.45132372310007496, 0.3915810157618045, 0.34825220828017067, 0.3843556979164898, 0.42069156568117205, 0.4475080432583598, 0.3915810157618045, 0.4048595507354926, 0.46030367959212204, 0.3915810157618045, 0.3670307857723123, 0.4488602405241635, 0.3843556979164898, 0.4750693614314816, 0.4048595507354926
0.4314124584197998, 0.19275522232055664, 0.2335352897644043, 0.19825363159179688, 0.0860750675201416, 0.16051650047302246, 0.18574857711791992, 0.21915268898010254, 0.1800556182861328, 0.35936570167541504, 0.15982604026794434, 0.24045443534851074, 0.16065382957458496, 0.10114669799804688, 0.1588292121887207, 0.13993239402770996, 0.10904479026794434, 0.17243385314941406, 0.22964906692504883, 0.1913285255432129