{'Max_spout': 100000.0, 'Spliters': 6.0, 'Counters': 6.0}, {'Max_spout': 100.0, 'Spliters': 2.0, 'Counters': 6.0}, {'Max_spout': 1000.0, 'Spliters': 2.0, 'Counters': 9.0}, {'Max_spout': 10000.0, 'Spliters': 2.0, 'Counters': 6.0}, {'Max_spout': 10000.0, 'Spliters': 2.0, 'Counters': 6.0}, {'Max_spout': 100.0, 'Spliters': 2.0, 'Counters': 18.0}, {'Max_spout': 100.0, 'Spliters': 2.0, 'Counters': 15.0}, {'Max_spout': 1000.0, 'Spliters': 2.0, 'Counters': 15.0}, {'Max_spout': 10000.0, 'Spliters': 2.0, 'Counters': 6.0}, {'Max_spout': 10000.0, 'Spliters': 2.0, 'Counters': 9.0}, {'Max_spout': 10000.0, 'Spliters': 2.0, 'Counters': 3.0}, {'Max_spout': 100.0, 'Spliters': 2.0, 'Counters': 12.0}, {'Max_spout': 100.0, 'Spliters': 2.0, 'Counters': 12.0}, {'Max_spout': 1000000.0, 'Spliters': 2.0, 'Counters': 12.0}, {'Max_spout': 10.0, 'Spliters': 2.0, 'Counters': 18.0}, {'Max_spout': 1000.0, 'Spliters': 2.0, 'Counters': 9.0}, {'Max_spout': 10000.0, 'Spliters': 6.0, 'Counters': 6.0}, {'Max_spout': 1000.0, 'Spliters': 1.0, 'Counters': 9.0}, {'Max_spout': 10000.0, 'Spliters': 2.0, 'Counters': 12.0}, {'Max_spout': 10000.0, 'Spliters': 2.0, 'Counters': 12.0}
0.48398850162979323, 0.45074322476566475, 0.3843556979164898, 0.4048595507354926, 0.4048595507354926, 0.4007921025523584, 0.42069156568117205, 0.3534006710681069, 0.4048595507354926, 0.3915810157618045, 0.4863426400662091, 0.405608670201996, 0.405608670201996, 0.47464293365645127, 0.5216628675848648, 0.3843556979164898, 0.4893017108049349, 0.5091757783345431, 0.4060542266639211, 0.4060542266639211
0.29444026947021484, 0.09302854537963867, 0.1005411148071289, 0.11520600318908691, 0.12485885620117188, 0.10504603385925293, 0.05389046669006348, 0.1745901107788086, 0.15064764022827148, 0.10596942901611328, 0.12030935287475586, 0.08855676651000977, 0.10307693481445312, 0.20104765892028809, 0.09400391578674316, 0.15172195434570312, 0.10391569137573242, 0.18041563034057617, 0.10712766647338867, 0.17389798164367676