{'Max_spout': 100.0, 'Spliters': 2.0, 'Counters': 12.0}, {'Max_spout': 10000.0, 'Spliters': 2.0, 'Counters': 9.0}, {'Max_spout': 1000.0, 'Spliters': 2.0, 'Counters': 12.0}, {'Max_spout': 1000.0, 'Spliters': 2.0, 'Counters': 12.0}, {'Max_spout': 1000.0, 'Spliters': 2.0, 'Counters': 15.0}, {'Max_spout': 1000.0, 'Spliters': 2.0, 'Counters': 12.0}, {'Max_spout': 10000.0, 'Spliters': 2.0, 'Counters': 9.0}, {'Max_spout': 1000.0, 'Spliters': 2.0, 'Counters': 12.0}, {'Max_spout': 1000.0, 'Spliters': 2.0, 'Counters': 9.0}, {'Max_spout': 1000.0, 'Spliters': 2.0, 'Counters': 15.0}, {'Max_spout': 10000.0, 'Spliters': 2.0, 'Counters': 6.0}, {'Max_spout': 1000.0, 'Spliters': 2.0, 'Counters': 9.0}, {'Max_spout': 10000.0, 'Spliters': 2.0, 'Counters': 6.0}, {'Max_spout': 100.0, 'Spliters': 2.0, 'Counters': 12.0}, {'Max_spout': 1000.0, 'Spliters': 2.0, 'Counters': 9.0}, {'Max_spout': 1000.0, 'Spliters': 2.0, 'Counters': 18.0}, {'Max_spout': 1000.0, 'Spliters': 2.0, 'Counters': 9.0}, {'Max_spout': 1000.0, 'Spliters': 2.0, 'Counters': 9.0}, {'Max_spout': 1000.0, 'Spliters': 2.0, 'Counters': 15.0}, {'Max_spout': 10000.0, 'Spliters': 2.0, 'Counters': 15.0}
0.405608670201996, 0.3915810157618045, 0.34825220828017067, 0.34825220828017067, 0.3534006710681069, 0.34825220828017067, 0.3915810157618045, 0.34825220828017067, 0.3843556979164898, 0.3534006710681069, 0.4048595507354926, 0.3843556979164898, 0.4048595507354926, 0.405608670201996, 0.3843556979164898, 0.3670307857723123, 0.3843556979164898, 0.3843556979164898, 0.3534006710681069, 0.3975491585218419
2.953911542892456, 2.2735021114349365, 1.2807044982910156, 1.2270514965057373, 2.4115006923675537, 2.1784849166870117, 0.7268502712249756, 1.6809237003326416, 1.3008928298950195, 2.1888835430145264, 1.5581536293029785, 1.1983857154846191, 1.931079626083374, 1.8949835300445557, 1.6076736450195312, 1.6893844604492188, 2.1095151901245117, 1.5334200859069824, 2.0641262531280518, 1.6812522411346436