{'Max_spout': 1000.0, 'Spliters': 2.0, 'Counters': 9.0}, {'Max_spout': 10000.0, 'Spliters': 2.0, 'Counters': 15.0}, {'Max_spout': 1000.0, 'Spliters': 2.0, 'Counters': 12.0}, {'Max_spout': 1000.0, 'Spliters': 2.0, 'Counters': 12.0}, {'Max_spout': 10000.0, 'Spliters': 2.0, 'Counters': 15.0}, {'Max_spout': 1000000.0, 'Spliters': 6.0, 'Counters': 12.0}, {'Max_spout': 10000.0, 'Spliters': 2.0, 'Counters': 12.0}, {'Max_spout': 1000.0, 'Spliters': 2.0, 'Counters': 15.0}, {'Max_spout': 10000.0, 'Spliters': 2.0, 'Counters': 9.0}, {'Max_spout': 100000.0, 'Spliters': 6.0, 'Counters': 18.0}, {'Max_spout': 10000.0, 'Spliters': 6.0, 'Counters': 18.0}, {'Max_spout': 1000.0, 'Spliters': 2.0, 'Counters': 9.0}, {'Max_spout': 1000.0, 'Spliters': 2.0, 'Counters': 6.0}, {'Max_spout': 10000.0, 'Spliters': 2.0, 'Counters': 9.0}, {'Max_spout': 10000.0, 'Spliters': 2.0, 'Counters': 12.0}, {'Max_spout': 1000.0, 'Spliters': 2.0, 'Counters': 18.0}, {'Max_spout': 10000.0, 'Spliters': 2.0, 'Counters': 12.0}, {'Max_spout': 1000.0, 'Spliters': 2.0, 'Counters': 9.0}, {'Max_spout': 10000.0, 'Spliters': 6.0, 'Counters': 18.0}, {'Max_spout': 10000.0, 'Spliters': 2.0, 'Counters': 15.0}
0.40781820730939655, 0.42572488935337316, 0.353038171607748, 0.353038171607748, 0.42572488935337316, 0.4426252477282385, 0.3777081854880393, 0.33404364197772773, 0.391479583096187, 0.430935374360889, 0.45021922311446794, 0.40781820730939655, 0.41431724775011136, 0.391479583096187, 0.3777081854880393, 0.3513569799560069, 0.3777081854880393, 0.40781820730939655, 0.45021922311446794, 0.42572488935337316
1.419494390487671, 1.4775042533874512, 1.293832540512085, 1.0737435817718506, 1.490767240524292, 0.9120852947235107, 1.9066672325134277, 1.2372105121612549, 1.2340481281280518, 1.3841381072998047, 1.0185821056365967, 1.5175514221191406, 1.2654778957366943, 1.0828840732574463, 1.081127405166626, 0.7336478233337402, 0.9991374015808105, 0.26874876022338867, 2.068087577819824, 1.2019031047821045