{'Max_spout': 10000.0, 'Spliters': 2.0, 'Counters': 12.0}, {'Max_spout': 10000.0, 'Spliters': 2.0, 'Counters': 12.0}, {'Max_spout': 1000.0, 'Spliters': 2.0, 'Counters': 12.0}, {'Max_spout': 1000.0, 'Spliters': 2.0, 'Counters': 12.0}, {'Max_spout': 1000.0, 'Spliters': 2.0, 'Counters': 12.0}, {'Max_spout': 1000.0, 'Spliters': 2.0, 'Counters': 15.0}, {'Max_spout': 10000.0, 'Spliters': 2.0, 'Counters': 12.0}, {'Max_spout': 1000.0, 'Spliters': 2.0, 'Counters': 15.0}, {'Max_spout': 1000.0, 'Spliters': 2.0, 'Counters': 15.0}, {'Max_spout': 1000.0, 'Spliters': 2.0, 'Counters': 9.0}, {'Max_spout': 100000.0, 'Spliters': 2.0, 'Counters': 18.0}, {'Max_spout': 1000.0, 'Spliters': 2.0, 'Counters': 15.0}, {'Max_spout': 1000.0, 'Spliters': 2.0, 'Counters': 15.0}, {'Max_spout': 1000.0, 'Spliters': 2.0, 'Counters': 12.0}, {'Max_spout': 10000.0, 'Spliters': 2.0, 'Counters': 12.0}, {'Max_spout': 1000.0, 'Spliters': 2.0, 'Counters': 18.0}, {'Max_spout': 1000.0, 'Spliters': 2.0, 'Counters': 12.0}, {'Max_spout': 1000.0, 'Spliters': 2.0, 'Counters': 9.0}, {'Max_spout': 1000.0, 'Spliters': 2.0, 'Counters': 12.0}, {'Max_spout': 10000.0, 'Spliters': 2.0, 'Counters': 15.0}
0.3777081854880393, 0.3777081854880393, 0.353038171607748, 0.353038171607748, 0.353038171607748, 0.33404364197772773, 0.3777081854880393, 0.33404364197772773, 0.33404364197772773, 0.40781820730939655, 0.42885023240274767, 0.33404364197772773, 0.33404364197772773, 0.353038171607748, 0.3777081854880393, 0.3513569799560069, 0.353038171607748, 0.40781820730939655, 0.353038171607748, 0.42572488935337316
0.31566548347473145, 0.20261907577514648, 0.1600794792175293, 0.1042473316192627, 0.22870826721191406, 0.2378864288330078, 0.1595287322998047, 0.11373567581176758, 0.11771345138549805, 0.17841267585754395, 0.1985478401184082, 0.22732043266296387, 0.238295316696167, 0.14133930206298828, 0.16846084594726562, 0.13439297676086426, 0.13679838180541992, 0.11144685745239258, 0.188767671585083, 0.3068406581878662