{'Max_spout': 1000000.0, 'Spliters': 2.0, 'Counters': 9.0}, {'Max_spout': 10000.0, 'Spliters': 6.0, 'Counters': 18.0}, {'Max_spout': 1000.0, 'Spliters': 2.0, 'Counters': 18.0}, {'Max_spout': 1000.0, 'Spliters': 2.0, 'Counters': 15.0}, {'Max_spout': 1000.0, 'Spliters': 2.0, 'Counters': 15.0}, {'Max_spout': 10000.0, 'Spliters': 6.0, 'Counters': 9.0}, {'Max_spout': 1000000.0, 'Spliters': 2.0, 'Counters': 9.0}, {'Max_spout': 100.0, 'Spliters': 2.0, 'Counters': 15.0}, {'Max_spout': 1000.0, 'Spliters': 2.0, 'Counters': 9.0}, {'Max_spout': 1000000.0, 'Spliters': 2.0, 'Counters': 9.0}, {'Max_spout': 10000.0, 'Spliters': 2.0, 'Counters': 9.0}, {'Max_spout': 1000.0, 'Spliters': 1.0, 'Counters': 18.0}, {'Max_spout': 10000.0, 'Spliters': 2.0, 'Counters': 15.0}, {'Max_spout': 1000.0, 'Spliters': 2.0, 'Counters': 15.0}, {'Max_spout': 1000.0, 'Spliters': 2.0, 'Counters': 9.0}, {'Max_spout': 100000.0, 'Spliters': 6.0, 'Counters': 6.0}, {'Max_spout': 10000.0, 'Spliters': 6.0, 'Counters': 12.0}, {'Max_spout': 1000.0, 'Spliters': 2.0, 'Counters': 18.0}, {'Max_spout': 1000000.0, 'Spliters': 6.0, 'Counters': 12.0}, {'Max_spout': 100.0, 'Spliters': 6.0, 'Counters': 18.0}
0.3961943038278054, 0.45021922311446794, 0.3513569799560069, 0.33404364197772773, 0.33404364197772773, 0.4512162617317901, 0.3961943038278054, 0.41821186046824166, 0.40781820730939655, 0.3961943038278054, 0.391479583096187, 0.4716801687125022, 0.42572488935337316, 0.33404364197772773, 0.40781820730939655, 0.45933496111217487, 0.4350877441709323, 0.3513569799560069, 0.4426252477282385, 0.47093358474716607
0.216508150100708, 0.1450483798980713, 0.1474590301513672, 0.182112455368042, 0.11660885810852051, 0.16816306114196777, 0.14788579940795898, 0.14024615287780762, 0.12678933143615723, 0.17318463325500488, 0.14591455459594727, 0.16485238075256348, 0.12868165969848633, 0.1509401798248291, 0.15398025512695312, 0.1883864402770996, 0.23514842987060547, 0.11078572273254395, 0.1549820899963379, 0.22034788131713867