{'Max_spout': 100000.0, 'Spliters': 2.0, 'Counters': 18.0}, {'Max_spout': 100000.0, 'Spliters': 6.0, 'Counters': 18.0}, {'Max_spout': 10000.0, 'Spliters': 6.0, 'Counters': 12.0}, {'Max_spout': 10000.0, 'Spliters': 2.0, 'Counters': 6.0}, {'Max_spout': 10000.0, 'Spliters': 2.0, 'Counters': 12.0}, {'Max_spout': 10000.0, 'Spliters': 2.0, 'Counters': 12.0}, {'Max_spout': 10000.0, 'Spliters': 2.0, 'Counters': 12.0}, {'Max_spout': 1000.0, 'Spliters': 2.0, 'Counters': 12.0}, {'Max_spout': 1000.0, 'Spliters': 2.0, 'Counters': 6.0}, {'Max_spout': 100000.0, 'Spliters': 6.0, 'Counters': 18.0}, {'Max_spout': 1000.0, 'Spliters': 2.0, 'Counters': 15.0}, {'Max_spout': 1000.0, 'Spliters': 2.0, 'Counters': 15.0}, {'Max_spout': 10000.0, 'Spliters': 2.0, 'Counters': 18.0}, {'Max_spout': 1000.0, 'Spliters': 2.0, 'Counters': 18.0}, {'Max_spout': 1000.0, 'Spliters': 2.0, 'Counters': 12.0}, {'Max_spout': 1000.0, 'Spliters': 2.0, 'Counters': 15.0}, {'Max_spout': 1000.0, 'Spliters': 2.0, 'Counters': 15.0}, {'Max_spout': 1000.0, 'Spliters': 2.0, 'Counters': 15.0}, {'Max_spout': 1000.0, 'Spliters': 6.0, 'Counters': 18.0}, {'Max_spout': 10000.0, 'Spliters': 2.0, 'Counters': 18.0}
0.42885023240274767, 0.430935374360889, 0.4350877441709323, 0.42781165897207585, 0.3777081854880393, 0.3777081854880393, 0.3777081854880393, 0.353038171607748, 0.41431724775011136, 0.430935374360889, 0.33404364197772773, 0.33404364197772773, 0.3893870191155626, 0.3513569799560069, 0.353038171607748, 0.33404364197772773, 0.33404364197772773, 0.33404364197772773, 0.4716991532748779, 0.3893870191155626
0.4108579158782959, 0.17327499389648438, 0.2916247844696045, 0.2985992431640625, 0.3146698474884033, 0.12142682075500488, 0.2578926086425781, 0.2448444366455078, 0.1270899772644043, 0.20777654647827148, 0.22990822792053223, 0.1393897533416748, 0.20230317115783691, 0.1991443634033203, 0.17501449584960938, 0.27022314071655273, 0.3900623321533203, 0.2159891128540039, 0.3761436939239502, 0.2736496925354004