{'Max_spout': 10000.0, 'Spliters': 2.0, 'Counters': 12.0}, {'Max_spout': 10000.0, 'Spliters': 2.0, 'Counters': 12.0}, {'Max_spout': 1000.0, 'Spliters': 2.0, 'Counters': 12.0}, {'Max_spout': 1000.0, 'Spliters': 2.0, 'Counters': 12.0}, {'Max_spout': 1000.0, 'Spliters': 2.0, 'Counters': 12.0}, {'Max_spout': 1000.0, 'Spliters': 2.0, 'Counters': 15.0}, {'Max_spout': 10000.0, 'Spliters': 2.0, 'Counters': 12.0}, {'Max_spout': 1000.0, 'Spliters': 2.0, 'Counters': 15.0}, {'Max_spout': 1000.0, 'Spliters': 2.0, 'Counters': 15.0}, {'Max_spout': 1000.0, 'Spliters': 2.0, 'Counters': 9.0}, {'Max_spout': 100000.0, 'Spliters': 2.0, 'Counters': 18.0}, {'Max_spout': 1000.0, 'Spliters': 2.0, 'Counters': 15.0}, {'Max_spout': 1000.0, 'Spliters': 2.0, 'Counters': 15.0}, {'Max_spout': 1000.0, 'Spliters': 2.0, 'Counters': 12.0}, {'Max_spout': 10000.0, 'Spliters': 2.0, 'Counters': 12.0}, {'Max_spout': 1000.0, 'Spliters': 2.0, 'Counters': 18.0}, {'Max_spout': 1000.0, 'Spliters': 2.0, 'Counters': 12.0}, {'Max_spout': 1000.0, 'Spliters': 2.0, 'Counters': 9.0}, {'Max_spout': 1000.0, 'Spliters': 2.0, 'Counters': 12.0}, {'Max_spout': 10000.0, 'Spliters': 2.0, 'Counters': 15.0}
0.3777081854880393, 0.3777081854880393, 0.353038171607748, 0.353038171607748, 0.353038171607748, 0.33404364197772773, 0.3777081854880393, 0.33404364197772773, 0.33404364197772773, 0.40781820730939655, 0.42885023240274767, 0.33404364197772773, 0.33404364197772773, 0.353038171607748, 0.3777081854880393, 0.3513569799560069, 0.353038171607748, 0.40781820730939655, 0.353038171607748, 0.42572488935337316
0.24019670486450195, 0.22057676315307617, 0.18806195259094238, 0.12551259994506836, 0.16584134101867676, 0.2816927433013916, 0.1798090934753418, 0.1421828269958496, 0.1912670135498047, 0.19541621208190918, 0.2717406749725342, 0.4171257019042969, 0.22818732261657715, 0.5596699714660645, 0.8233203887939453, 0.15098237991333008, 0.19434452056884766, 0.20292091369628906, 0.3119804859161377, 0.16292810440063477