{'Max_spout': 1000000.0, 'Spliters': 2.0, 'Counters': 9.0}, {'Max_spout': 10000.0, 'Spliters': 6.0, 'Counters': 18.0}, {'Max_spout': 1000.0, 'Spliters': 2.0, 'Counters': 18.0}, {'Max_spout': 1000.0, 'Spliters': 2.0, 'Counters': 15.0}, {'Max_spout': 1000.0, 'Spliters': 2.0, 'Counters': 15.0}, {'Max_spout': 10000.0, 'Spliters': 6.0, 'Counters': 9.0}, {'Max_spout': 1000000.0, 'Spliters': 2.0, 'Counters': 9.0}, {'Max_spout': 10000.0, 'Spliters': 6.0, 'Counters': 18.0}, {'Max_spout': 1000.0, 'Spliters': 2.0, 'Counters': 9.0}, {'Max_spout': 1000000.0, 'Spliters': 2.0, 'Counters': 9.0}, {'Max_spout': 1000000.0, 'Spliters': 2.0, 'Counters': 9.0}, {'Max_spout': 100.0, 'Spliters': 6.0, 'Counters': 9.0}, {'Max_spout': 10000.0, 'Spliters': 2.0, 'Counters': 15.0}, {'Max_spout': 1000.0, 'Spliters': 2.0, 'Counters': 15.0}, {'Max_spout': 1000.0, 'Spliters': 2.0, 'Counters': 9.0}, {'Max_spout': 1000.0, 'Spliters': 6.0, 'Counters': 12.0}, {'Max_spout': 1000.0, 'Spliters': 6.0, 'Counters': 6.0}, {'Max_spout': 1000.0, 'Spliters': 2.0, 'Counters': 18.0}, {'Max_spout': 1000000.0, 'Spliters': 6.0, 'Counters': 12.0}, {'Max_spout': 100.0, 'Spliters': 6.0, 'Counters': 18.0}
0.3961943038278054, 0.45021922311446794, 0.3513569799560069, 0.33404364197772773, 0.33404364197772773, 0.4512162617317901, 0.3961943038278054, 0.45021922311446794, 0.40781820730939655, 0.3961943038278054, 0.3961943038278054, 0.49343058023315467, 0.42572488935337316, 0.33404364197772773, 0.40781820730939655, 0.47081381721121374, 0.4579822016278874, 0.3513569799560069, 0.4426252477282385, 0.47093358474716607
0.3630039691925049, 0.23415565490722656, 0.17371892929077148, 0.14754390716552734, 0.159454345703125, 0.19471454620361328, 0.10608410835266113, 0.15214228630065918, 0.09350013732910156, 0.1785879135131836, 0.1238551139831543, 0.1542057991027832, 0.14635920524597168, 0.15655207633972168, 0.12714529037475586, 0.14810609817504883, 0.16099166870117188, 0.1282062530517578, 0.18294501304626465, 0.24318790435791016