{'Max_spout': 1000.0, 'Spliters': 2.0, 'Counters': 15.0}, {'Max_spout': 100000.0, 'Spliters': 6.0, 'Counters': 18.0}, {'Max_spout': 10000.0, 'Spliters': 6.0, 'Counters': 12.0}, {'Max_spout': 10000.0, 'Spliters': 2.0, 'Counters': 9.0}, {'Max_spout': 10000.0, 'Spliters': 2.0, 'Counters': 12.0}, {'Max_spout': 1000.0, 'Spliters': 2.0, 'Counters': 12.0}, {'Max_spout': 10000.0, 'Spliters': 2.0, 'Counters': 12.0}, {'Max_spout': 1000.0, 'Spliters': 2.0, 'Counters': 15.0}, {'Max_spout': 1000.0, 'Spliters': 2.0, 'Counters': 6.0}, {'Max_spout': 100000.0, 'Spliters': 6.0, 'Counters': 18.0}, {'Max_spout': 1000.0, 'Spliters': 2.0, 'Counters': 15.0}, {'Max_spout': 1000.0, 'Spliters': 2.0, 'Counters': 15.0}, {'Max_spout': 10000.0, 'Spliters': 2.0, 'Counters': 12.0}, {'Max_spout': 1000.0, 'Spliters': 2.0, 'Counters': 18.0}, {'Max_spout': 1000.0, 'Spliters': 2.0, 'Counters': 12.0}, {'Max_spout': 1000.0, 'Spliters': 2.0, 'Counters': 15.0}, {'Max_spout': 1000.0, 'Spliters': 2.0, 'Counters': 15.0}, {'Max_spout': 1000.0, 'Spliters': 2.0, 'Counters': 15.0}, {'Max_spout': 10000.0, 'Spliters': 2.0, 'Counters': 18.0}, {'Max_spout': 10000.0, 'Spliters': 2.0, 'Counters': 12.0}
0.33404364197772773, 0.430935374360889, 0.4350877441709323, 0.391479583096187, 0.3777081854880393, 0.353038171607748, 0.3777081854880393, 0.33404364197772773, 0.41431724775011136, 0.430935374360889, 0.33404364197772773, 0.33404364197772773, 0.3777081854880393, 0.3513569799560069, 0.353038171607748, 0.33404364197772773, 0.33404364197772773, 0.33404364197772773, 0.3893870191155626, 0.3777081854880393
0.4715738296508789, 0.3047173023223877, 0.1891937255859375, 0.35953378677368164, 0.2694571018218994, 0.23458266258239746, 0.36960506439208984, 0.2667422294616699, 0.18161511421203613, 0.20595169067382812, 0.33449721336364746, 0.335446834564209, 0.3223409652709961, 0.16618847846984863, 0.29167914390563965, 0.34659790992736816, 0.21160078048706055, 0.2362232208251953, 0.332733154296875, 0.36664700508117676