{'Max_spout': 1000.0, 'Spliters': 2.0, 'Counters': 3.0}, {'Max_spout': 1000.0, 'Spliters': 6.0, 'Counters': 15.0}, {'Max_spout': 100.0, 'Spliters': 6.0, 'Counters': 6.0}, {'Max_spout': 1000.0, 'Spliters': 2.0, 'Counters': 12.0}, {'Max_spout': 1000.0, 'Spliters': 1.0, 'Counters': 6.0}, {'Max_spout': 1000000.0, 'Spliters': 6.0, 'Counters': 12.0}, {'Max_spout': 10000.0, 'Spliters': 2.0, 'Counters': 9.0}, {'Max_spout': 1000000.0, 'Spliters': 6.0, 'Counters': 15.0}, {'Max_spout': 10000.0, 'Spliters': 2.0, 'Counters': 9.0}, {'Max_spout': 1000.0, 'Spliters': 3.0, 'Counters': 9.0}, {'Max_spout': 10000.0, 'Spliters': 6.0, 'Counters': 18.0}, {'Max_spout': 100000.0, 'Spliters': 6.0, 'Counters': 12.0}, {'Max_spout': 1000.0, 'Spliters': 2.0, 'Counters': 6.0}, {'Max_spout': 100000.0, 'Spliters': 6.0, 'Counters': 18.0}, {'Max_spout': 1000.0, 'Spliters': 2.0, 'Counters': 3.0}, {'Max_spout': 1000.0, 'Spliters': 2.0, 'Counters': 18.0}, {'Max_spout': 10000.0, 'Spliters': 6.0, 'Counters': 9.0}, {'Max_spout': 10000.0, 'Spliters': 6.0, 'Counters': 15.0}, {'Max_spout': 1000000.0, 'Spliters': 6.0, 'Counters': 15.0}, {'Max_spout': 10000.0, 'Spliters': 2.0, 'Counters': 6.0}
0.49280699652739335, 0.4620269596269353, 0.5021169684422148, 0.353038171607748, 0.49240578970723936, 0.4426252477282385, 0.391479583096187, 0.45382663094968345, 0.391479583096187, 0.5106061063097496, 0.45021922311446794, 0.4526470286993124, 0.41431724775011136, 0.430935374360889, 0.49280699652739335, 0.3513569799560069, 0.4512162617317901, 0.45815727634111725, 0.45382663094968345, 0.42781165897207585
0.1746680736541748, 0.09850096702575684, 0.09888839721679688, 0.07599568367004395, 0.18416261672973633, 0.2721867561340332, 0.09928703308105469, 0.128035306930542, 0.08614873886108398, 0.18756675720214844, 0.1007242202758789, 0.21703243255615234, 0.09356093406677246, 0.11980819702148438, 0.1180562973022461, 0.09228706359863281, 0.08352231979370117, 0.09229183197021484, 0.14741015434265137, 0.11744976043701172