{'Max_spout': 100000.0, 'Spliters': 2.0, 'Counters': 18.0}, {'Max_spout': 1000000.0, 'Spliters': 6.0, 'Counters': 18.0}, {'Max_spout': 1000000.0, 'Spliters': 6.0, 'Counters': 12.0}, {'Max_spout': 10000.0, 'Spliters': 6.0, 'Counters': 6.0}, {'Max_spout': 10000.0, 'Spliters': 2.0, 'Counters': 12.0}, {'Max_spout': 10000.0, 'Spliters': 2.0, 'Counters': 12.0}, {'Max_spout': 100.0, 'Spliters': 6.0, 'Counters': 12.0}, {'Max_spout': 1000.0, 'Spliters': 2.0, 'Counters': 12.0}, {'Max_spout': 1000.0, 'Spliters': 2.0, 'Counters': 6.0}, {'Max_spout': 100000.0, 'Spliters': 6.0, 'Counters': 18.0}, {'Max_spout': 10000.0, 'Spliters': 2.0, 'Counters': 12.0}, {'Max_spout': 1000.0, 'Spliters': 2.0, 'Counters': 15.0}, {'Max_spout': 100000.0, 'Spliters': 2.0, 'Counters': 18.0}, {'Max_spout': 1000.0, 'Spliters': 2.0, 'Counters': 12.0}, {'Max_spout': 1000.0, 'Spliters': 2.0, 'Counters': 9.0}, {'Max_spout': 1000.0, 'Spliters': 1.0, 'Counters': 6.0}, {'Max_spout': 1000.0, 'Spliters': 2.0, 'Counters': 18.0}, {'Max_spout': 1000.0, 'Spliters': 2.0, 'Counters': 15.0}, {'Max_spout': 100.0, 'Spliters': 3.0, 'Counters': 9.0}, {'Max_spout': 100.0, 'Spliters': 3.0, 'Counters': 6.0}
0.42885023240274767, 0.44333117752233564, 0.4426252477282385, 0.43515614436816086, 0.3777081854880393, 0.3777081854880393, 0.47649569730883223, 0.353038171607748, 0.41431724775011136, 0.430935374360889, 0.3777081854880393, 0.33404364197772773, 0.42885023240274767, 0.353038171607748, 0.40781820730939655, 0.49240578970723936, 0.3513569799560069, 0.33404364197772773, 0.4986732173573928, 0.5166613480956607
0.36551356315612793, 0.11788678169250488, 0.17912697792053223, 0.290865421295166, 0.24338674545288086, 0.1444077491760254, 0.37391042709350586, 0.2314314842224121, 0.22206544876098633, 0.13074207305908203, 0.10850977897644043, 0.17989182472229004, 0.21583914756774902, 0.22806334495544434, 0.15204095840454102, 0.24570727348327637, 0.34842610359191895, 0.12982583045959473, 0.299114465713501, 0.18021845817565918