{'Max_spout': 1000.0, 'Spliters': 2.0, 'Counters': 3.0}, {'Max_spout': 1000000.0, 'Spliters': 6.0, 'Counters': 12.0}, {'Max_spout': 1000.0, 'Spliters': 2.0, 'Counters': 12.0}, {'Max_spout': 1000.0, 'Spliters': 2.0, 'Counters': 12.0}, {'Max_spout': 1000.0, 'Spliters': 1.0, 'Counters': 6.0}, {'Max_spout': 1000000.0, 'Spliters': 6.0, 'Counters': 12.0}, {'Max_spout': 10000.0, 'Spliters': 2.0, 'Counters': 9.0}, {'Max_spout': 1000000.0, 'Spliters': 6.0, 'Counters': 15.0}, {'Max_spout': 10000.0, 'Spliters': 2.0, 'Counters': 9.0}, {'Max_spout': 100000.0, 'Spliters': 6.0, 'Counters': 18.0}, {'Max_spout': 10000.0, 'Spliters': 6.0, 'Counters': 18.0}, {'Max_spout': 100000.0, 'Spliters': 6.0, 'Counters': 12.0}, {'Max_spout': 1000.0, 'Spliters': 2.0, 'Counters': 6.0}, {'Max_spout': 10000.0, 'Spliters': 2.0, 'Counters': 9.0}, {'Max_spout': 10000.0, 'Spliters': 2.0, 'Counters': 9.0}, {'Max_spout': 1000.0, 'Spliters': 2.0, 'Counters': 18.0}, {'Max_spout': 10000.0, 'Spliters': 2.0, 'Counters': 12.0}, {'Max_spout': 10000.0, 'Spliters': 6.0, 'Counters': 15.0}, {'Max_spout': 1000000.0, 'Spliters': 6.0, 'Counters': 15.0}, {'Max_spout': 10000.0, 'Spliters': 2.0, 'Counters': 6.0}
0.49280699652739335, 0.4426252477282385, 0.353038171607748, 0.353038171607748, 0.49240578970723936, 0.4426252477282385, 0.391479583096187, 0.45382663094968345, 0.391479583096187, 0.430935374360889, 0.45021922311446794, 0.4526470286993124, 0.41431724775011136, 0.391479583096187, 0.391479583096187, 0.3513569799560069, 0.3777081854880393, 0.45815727634111725, 0.45382663094968345, 0.42781165897207585
0.1359570026397705, 0.17692255973815918, 0.21379327774047852, 0.10358715057373047, 0.1474766731262207, 0.12323307991027832, 0.11623620986938477, 0.06693887710571289, 0.1896533966064453, 0.15188264846801758, 0.14256525039672852, 0.1473979949951172, 0.13077569007873535, 0.16246271133422852, 0.12138175964355469, 0.06947159767150879, 0.16799640655517578, 0.09010863304138184, 0.13515448570251465, 0.11499834060668945