{'Max_spout': 1000000.0, 'Spliters': 2.0, 'Counters': 9.0}, {'Max_spout': 10000.0, 'Spliters': 6.0, 'Counters': 18.0}, {'Max_spout': 1000.0, 'Spliters': 2.0, 'Counters': 18.0}, {'Max_spout': 1000.0, 'Spliters': 2.0, 'Counters': 15.0}, {'Max_spout': 1000.0, 'Spliters': 2.0, 'Counters': 15.0}, {'Max_spout': 100000.0, 'Spliters': 6.0, 'Counters': 15.0}, {'Max_spout': 1000000.0, 'Spliters': 2.0, 'Counters': 9.0}, {'Max_spout': 1000.0, 'Spliters': 2.0, 'Counters': 12.0}, {'Max_spout': 1000.0, 'Spliters': 2.0, 'Counters': 9.0}, {'Max_spout': 1000000.0, 'Spliters': 2.0, 'Counters': 9.0}, {'Max_spout': 10000.0, 'Spliters': 2.0, 'Counters': 9.0}, {'Max_spout': 10000.0, 'Spliters': 6.0, 'Counters': 18.0}, {'Max_spout': 1000.0, 'Spliters': 2.0, 'Counters': 6.0}, {'Max_spout': 1000.0, 'Spliters': 2.0, 'Counters': 15.0}, {'Max_spout': 1000.0, 'Spliters': 2.0, 'Counters': 9.0}, {'Max_spout': 100000.0, 'Spliters': 6.0, 'Counters': 6.0}, {'Max_spout': 10000.0, 'Spliters': 6.0, 'Counters': 12.0}, {'Max_spout': 1000.0, 'Spliters': 2.0, 'Counters': 18.0}, {'Max_spout': 1000000.0, 'Spliters': 6.0, 'Counters': 12.0}, {'Max_spout': 10000.0, 'Spliters': 6.0, 'Counters': 12.0}
0.3961943038278054, 0.45021922311446794, 0.3513569799560069, 0.33404364197772773, 0.33404364197772773, 0.43816779038423925, 0.3961943038278054, 0.353038171607748, 0.40781820730939655, 0.3961943038278054, 0.391479583096187, 0.45021922311446794, 0.41431724775011136, 0.33404364197772773, 0.40781820730939655, 0.45933496111217487, 0.4350877441709323, 0.3513569799560069, 0.4426252477282385, 0.4350877441709323
0.3863203525543213, 0.28785133361816406, 0.2339496612548828, 0.19035935401916504, 0.1538834571838379, 0.2294933795928955, 0.1338059902191162, 0.21132397651672363, 0.16895198822021484, 0.2006397247314453, 0.15302610397338867, 0.18131375312805176, 0.144500732421875, 0.1346743106842041, 0.15224099159240723, 0.1813640594482422, 0.24549174308776855, 0.20156121253967285, 0.17336535453796387, 0.17790770530700684