{'Max_spout': 10.0, 'Spliters': 3.0, 'Counters': 18.0}, {'Max_spout': 1000000.0, 'Spliters': 6.0, 'Counters': 18.0}, {'Max_spout': 1000000.0, 'Spliters': 6.0, 'Counters': 12.0}, {'Max_spout': 1000.0, 'Spliters': 1.0, 'Counters': 9.0}, {'Max_spout': 10000.0, 'Spliters': 2.0, 'Counters': 12.0}, {'Max_spout': 10000.0, 'Spliters': 2.0, 'Counters': 12.0}, {'Max_spout': 100.0, 'Spliters': 3.0, 'Counters': 9.0}, {'Max_spout': 1000.0, 'Spliters': 2.0, 'Counters': 12.0}, {'Max_spout': 1000.0, 'Spliters': 2.0, 'Counters': 6.0}, {'Max_spout': 100000.0, 'Spliters': 6.0, 'Counters': 18.0}, {'Max_spout': 10000.0, 'Spliters': 6.0, 'Counters': 12.0}, {'Max_spout': 1000.0, 'Spliters': 2.0, 'Counters': 9.0}, {'Max_spout': 100000.0, 'Spliters': 2.0, 'Counters': 18.0}, {'Max_spout': 1000.0, 'Spliters': 2.0, 'Counters': 12.0}, {'Max_spout': 1000.0, 'Spliters': 2.0, 'Counters': 6.0}, {'Max_spout': 10.0, 'Spliters': 3.0, 'Counters': 6.0}, {'Max_spout': 1000.0, 'Spliters': 2.0, 'Counters': 9.0}, {'Max_spout': 1000.0, 'Spliters': 2.0, 'Counters': 15.0}, {'Max_spout': 100.0, 'Spliters': 3.0, 'Counters': 3.0}, {'Max_spout': 100.0, 'Spliters': 3.0, 'Counters': 6.0}
0.5630279189726654, 0.44333117752233564, 0.4426252477282385, 0.5174469340638226, 0.3777081854880393, 0.3777081854880393, 0.4986732173573928, 0.353038171607748, 0.41431724775011136, 0.430935374360889, 0.4350877441709323, 0.40781820730939655, 0.42885023240274767, 0.353038171607748, 0.41431724775011136, 0.5637853132975172, 0.40781820730939655, 0.33404364197772773, 0.5428861478987269, 0.5166613480956607
0.4644789695739746, 0.08600449562072754, 0.3247666358947754, 0.12424683570861816, 0.2952463626861572, 0.09545588493347168, 0.10306763648986816, 0.19464421272277832, 0.14016079902648926, 0.0838468074798584, 0.14342069625854492, 0.11598825454711914, 0.32221245765686035, 0.23009324073791504, 0.15962958335876465, 0.12313127517700195, 0.16269540786743164, 0.10038328170776367, 0.2030351161956787, 0.18008661270141602