{'Max_spout': 1000000.0, 'Spliters': 2.0, 'Counters': 9.0}, {'Max_spout': 1000.0, 'Spliters': 2.0, 'Counters': 15.0}, {'Max_spout': 1000.0, 'Spliters': 2.0, 'Counters': 15.0}, {'Max_spout': 1000.0, 'Spliters': 2.0, 'Counters': 15.0}, {'Max_spout': 1000.0, 'Spliters': 2.0, 'Counters': 15.0}, {'Max_spout': 1000.0, 'Spliters': 2.0, 'Counters': 12.0}, {'Max_spout': 10000.0, 'Spliters': 2.0, 'Counters': 12.0}, {'Max_spout': 1000.0, 'Spliters': 2.0, 'Counters': 12.0}, {'Max_spout': 1000.0, 'Spliters': 2.0, 'Counters': 9.0}, {'Max_spout': 1000000.0, 'Spliters': 2.0, 'Counters': 9.0}, {'Max_spout': 10000.0, 'Spliters': 2.0, 'Counters': 9.0}, {'Max_spout': 10000.0, 'Spliters': 2.0, 'Counters': 18.0}, {'Max_spout': 1000.0, 'Spliters': 2.0, 'Counters': 12.0}, {'Max_spout': 1000.0, 'Spliters': 2.0, 'Counters': 15.0}, {'Max_spout': 1000.0, 'Spliters': 2.0, 'Counters': 9.0}, {'Max_spout': 1000.0, 'Spliters': 2.0, 'Counters': 12.0}, {'Max_spout': 10000.0, 'Spliters': 2.0, 'Counters': 6.0}, {'Max_spout': 1000.0, 'Spliters': 2.0, 'Counters': 18.0}, {'Max_spout': 100.0, 'Spliters': 2.0, 'Counters': 15.0}, {'Max_spout': 1000.0, 'Spliters': 2.0, 'Counters': 18.0}
0.3961943038278054, 0.33404364197772773, 0.33404364197772773, 0.33404364197772773, 0.33404364197772773, 0.353038171607748, 0.3777081854880393, 0.353038171607748, 0.40781820730939655, 0.3961943038278054, 0.391479583096187, 0.3893870191155626, 0.353038171607748, 0.33404364197772773, 0.40781820730939655, 0.353038171607748, 0.42781165897207585, 0.3513569799560069, 0.41821186046824166, 0.3513569799560069
0.45755958557128906, 0.3934214115142822, 0.34662795066833496, 0.17940640449523926, 0.32912492752075195, 0.21972060203552246, 0.20695924758911133, 0.2636253833770752, 0.17323827743530273, 0.20203304290771484, 0.1977849006652832, 0.28215479850769043, 0.2090010643005371, 0.24257779121398926, 0.1921062469482422, 0.20319247245788574, 0.33537745475769043, 0.16439008712768555, 0.2212200164794922, 0.25798511505126953