{'Max_spout': 1000.0, 'Spliters': 2.0, 'Counters': 15.0}, {'Max_spout': 1000.0, 'Spliters': 2.0, 'Counters': 15.0}, {'Max_spout': 1000.0, 'Spliters': 2.0, 'Counters': 15.0}, {'Max_spout': 1000.0, 'Spliters': 2.0, 'Counters': 15.0}, {'Max_spout': 1000.0, 'Spliters': 2.0, 'Counters': 15.0}, {'Max_spout': 1000.0, 'Spliters': 2.0, 'Counters': 15.0}, {'Max_spout': 1000.0, 'Spliters': 2.0, 'Counters': 15.0}, {'Max_spout': 1000.0, 'Spliters': 2.0, 'Counters': 15.0}, {'Max_spout': 1000.0, 'Spliters': 2.0, 'Counters': 15.0}, {'Max_spout': 1000.0, 'Spliters': 2.0, 'Counters': 15.0}, {'Max_spout': 1000.0, 'Spliters': 2.0, 'Counters': 15.0}, {'Max_spout': 1000.0, 'Spliters': 2.0, 'Counters': 15.0}, {'Max_spout': 1000.0, 'Spliters': 2.0, 'Counters': 15.0}, {'Max_spout': 1000.0, 'Spliters': 2.0, 'Counters': 15.0}, {'Max_spout': 1000.0, 'Spliters': 2.0, 'Counters': 15.0}, {'Max_spout': 1000.0, 'Spliters': 2.0, 'Counters': 15.0}, {'Max_spout': 1000.0, 'Spliters': 2.0, 'Counters': 15.0}, {'Max_spout': 1000.0, 'Spliters': 2.0, 'Counters': 15.0}, {'Max_spout': 1000.0, 'Spliters': 2.0, 'Counters': 15.0}, {'Max_spout': 1000.0, 'Spliters': 2.0, 'Counters': 15.0}
0.33404364197772773, 0.33404364197772773, 0.33404364197772773, 0.33404364197772773, 0.33404364197772773, 0.33404364197772773, 0.33404364197772773, 0.33404364197772773, 0.33404364197772773, 0.33404364197772773, 0.33404364197772773, 0.33404364197772773, 0.33404364197772773, 0.33404364197772773, 0.33404364197772773, 0.33404364197772773, 0.33404364197772773, 0.33404364197772773, 0.33404364197772773, 0.33404364197772773
0.5801641941070557, 0.7301125526428223, 0.8550875186920166, 0.8146066665649414, 0.7109658718109131, 0.6008076667785645, 0.5390744209289551, 0.3542318344116211, 0.35126328468322754, 0.5577948093414307, 0.5114274024963379, 0.42970991134643555, 0.3541874885559082, 0.5326991081237793, 1.4019396305084229, 0.5150079727172852, 0.4147822856903076, 0.32784318923950195, 0.38915443420410156, 0.39681434631347656