{'Width': 3.0, 'Complexity': 0.0, 'Fifo': 2.0, 'Multiplier': 1.0}, {'Width': 3.0, 'Complexity': 0.0, 'Fifo': 2.0, 'Multiplier': 1.0}, {'Width': 3.0, 'Complexity': 0.0, 'Fifo': 1.0, 'Multiplier': 1.0}, {'Width': 6.0, 'Complexity': 0.0, 'Fifo': 1.0, 'Multiplier': 1.0}, {'Width': 3.0, 'Complexity': 1.0, 'Fifo': 1.0, 'Multiplier': 1.0}, {'Width': 6.0, 'Complexity': 1.0, 'Fifo': 3.0, 'Multiplier': 2.0}, {'Width': 4.0, 'Complexity': 0.0, 'Fifo': 1.0, 'Multiplier': 2.0}, {'Width': 3.0, 'Complexity': 0.0, 'Fifo': 2.0, 'Multiplier': 1.0}, {'Width': 4.0, 'Complexity': 1.0, 'Fifo': 2.0, 'Multiplier': 1.0}, {'Width': 3.0, 'Complexity': 0.0, 'Fifo': 1.0, 'Multiplier': 2.0}, {'Width': 3.0, 'Complexity': 0.0, 'Fifo': 1.0, 'Multiplier': 1.0}, {'Width': 3.0, 'Complexity': 0.0, 'Fifo': 3.0, 'Multiplier': 2.0}, {'Width': 4.0, 'Complexity': 0.0, 'Fifo': 1.0, 'Multiplier': 1.0}, {'Width': 4.0, 'Complexity': 1.0, 'Fifo': 2.0, 'Multiplier': 1.0}, {'Width': 3.0, 'Complexity': 1.0, 'Fifo': 3.0, 'Multiplier': 2.0}, {'Width': 6.0, 'Complexity': 0.0, 'Fifo': 1.0, 'Multiplier': 1.0}, {'Width': 6.0, 'Complexity': 1.0, 'Fifo': 4.0, 'Multiplier': 1.0}, {'Width': 3.0, 'Complexity': 1.0, 'Fifo': 4.0, 'Multiplier': 1.0}, {'Width': 3.0, 'Complexity': 1.0, 'Fifo': 4.0, 'Multiplier': 1.0}, {'Width': 6.0, 'Complexity': 0.0, 'Fifo': 2.0, 'Multiplier': 5.0}
0.22587868316250503, 0.22587868316250503, 0.22581417455021324, 0.5090042772848435, 0.31315494505176633, 0.6011336985066399, 0.5408491849332049, 0.22587868316250503, 0.3877806214317866, 0.41975353518343883, 0.22581417455021324, 0.419850993356651, 0.3777953346322278, 0.3877806214317866, 0.45467580971289023, 0.5090042772848435, 0.4847424486775527, 0.3139305450653319, 0.3139305450653319, 0.6780011143421788
0.27614307403564453, 0.2673344612121582, 0.11776471138000488, 0.17757129669189453, 0.12579655647277832, 0.5240564346313477, 0.08887410163879395, 0.21267271041870117, 0.20768475532531738, 0.19859814643859863, 0.3118867874145508, 0.2075049877166748, 0.21778178215026855, 0.18419265747070312, 0.17347931861877441, 0.23304247856140137, 0.24198102951049805, 0.25073885917663574, 0.20686721801757812, 0.19310235977172852