{'Width': 7.0, 'Complexity': 1.0, 'Fifo': 3.0, 'Multiplier': 1.0}, {'Width': 5.0, 'Complexity': 0.0, 'Fifo': 2.0, 'Multiplier': 1.0}, {'Width': 3.0, 'Complexity': 0.0, 'Fifo': 3.0, 'Multiplier': 1.0}, {'Width': 4.0, 'Complexity': 1.0, 'Fifo': 3.0, 'Multiplier': 1.0}, {'Width': 5.0, 'Complexity': 0.0, 'Fifo': 1.0, 'Multiplier': 1.0}, {'Width': 5.0, 'Complexity': 0.0, 'Fifo': 3.0, 'Multiplier': 5.0}, {'Width': 3.0, 'Complexity': 1.0, 'Fifo': 1.0, 'Multiplier': 1.0}, {'Width': 3.0, 'Complexity': 1.0, 'Fifo': 3.0, 'Multiplier': 5.0}, {'Width': 3.0, 'Complexity': 1.0, 'Fifo': 1.0, 'Multiplier': 1.0}, {'Width': 4.0, 'Complexity': 0.0, 'Fifo': 4.0, 'Multiplier': 10.0}, {'Width': 3.0, 'Complexity': 0.0, 'Fifo': 2.0, 'Multiplier': 1.0}, {'Width': 3.0, 'Complexity': 1.0, 'Fifo': 3.0, 'Multiplier': 1.0}, {'Width': 5.0, 'Complexity': 1.0, 'Fifo': 1.0, 'Multiplier': 2.0}, {'Width': 3.0, 'Complexity': 1.0, 'Fifo': 3.0, 'Multiplier': 5.0}, {'Width': 6.0, 'Complexity': 1.0, 'Fifo': 4.0, 'Multiplier': 1.0}, {'Width': 7.0, 'Complexity': 0.0, 'Fifo': 2.0, 'Multiplier': 2.0}, {'Width': 3.0, 'Complexity': 1.0, 'Fifo': 4.0, 'Multiplier': 2.0}, {'Width': 5.0, 'Complexity': 1.0, 'Fifo': 3.0, 'Multiplier': 5.0}, {'Width': 4.0, 'Complexity': 0.0, 'Fifo': 3.0, 'Multiplier': 2.0}, {'Width': 5.0, 'Complexity': 1.0, 'Fifo': 2.0, 'Multiplier': 1.0}
0.5043635496785811, 0.4613695020025905, 0.22587868316250503, 0.3877806214317866, 0.46135536441445457, 0.6720839720119343, 0.31315494505176633, 0.6391991176499863, 0.31315494505176633, 0.7150440227223385, 0.22587868316250503, 0.3139305450653319, 0.5829034483024184, 0.6391991176499863, 0.4847424486775527, 0.6202339879203385, 0.45467580971289023, 0.6827769515677803, 0.5408570998371044, 0.44772479049532365
0.21555471420288086, 0.1184701919555664, 0.12409138679504395, 0.1016998291015625, 0.15836858749389648, 0.18077683448791504, 0.1747446060180664, 0.11088371276855469, 0.06735563278198242, 0.09759974479675293, 0.10228347778320312, 0.06475353240966797, 0.09361863136291504, 0.10599803924560547, 0.08397197723388672, 0.07674145698547363, 0.08456254005432129, 0.14026999473571777, 0.10114884376525879, 0.07713484764099121