{'Width': 3.0, 'Complexity': 0.0, 'Fifo': 1.0, 'Multiplier': 1.0}, {'Width': 3.0, 'Complexity': 0.0, 'Fifo': 1.0, 'Multiplier': 1.0}, {'Width': 3.0, 'Complexity': 0.0, 'Fifo': 1.0, 'Multiplier': 1.0}, {'Width': 3.0, 'Complexity': 0.0, 'Fifo': 1.0, 'Multiplier': 1.0}, {'Width': 3.0, 'Complexity': 0.0, 'Fifo': 1.0, 'Multiplier': 1.0}, {'Width': 3.0, 'Complexity': 0.0, 'Fifo': 1.0, 'Multiplier': 1.0}, {'Width': 3.0, 'Complexity': 0.0, 'Fifo': 1.0, 'Multiplier': 1.0}, {'Width': 3.0, 'Complexity': 0.0, 'Fifo': 1.0, 'Multiplier': 1.0}, {'Width': 3.0, 'Complexity': 0.0, 'Fifo': 1.0, 'Multiplier': 1.0}, {'Width': 3.0, 'Complexity': 0.0, 'Fifo': 1.0, 'Multiplier': 1.0}, {'Width': 3.0, 'Complexity': 0.0, 'Fifo': 1.0, 'Multiplier': 1.0}, {'Width': 3.0, 'Complexity': 0.0, 'Fifo': 1.0, 'Multiplier': 1.0}, {'Width': 3.0, 'Complexity': 0.0, 'Fifo': 1.0, 'Multiplier': 1.0}, {'Width': 3.0, 'Complexity': 0.0, 'Fifo': 1.0, 'Multiplier': 1.0}, {'Width': 3.0, 'Complexity': 0.0, 'Fifo': 1.0, 'Multiplier': 1.0}, {'Width': 3.0, 'Complexity': 0.0, 'Fifo': 1.0, 'Multiplier': 1.0}, {'Width': 3.0, 'Complexity': 0.0, 'Fifo': 1.0, 'Multiplier': 1.0}, {'Width': 3.0, 'Complexity': 0.0, 'Fifo': 1.0, 'Multiplier': 1.0}, {'Width': 3.0, 'Complexity': 0.0, 'Fifo': 1.0, 'Multiplier': 1.0}, {'Width': 3.0, 'Complexity': 0.0, 'Fifo': 1.0, 'Multiplier': 1.0}
0.22581417455021324, 0.22581417455021324, 0.22581417455021324, 0.22581417455021324, 0.22581417455021324, 0.22581417455021324, 0.22581417455021324, 0.22581417455021324, 0.22581417455021324, 0.22581417455021324, 0.22581417455021324, 0.22581417455021324, 0.22581417455021324, 0.22581417455021324, 0.22581417455021324, 0.22581417455021324, 0.22581417455021324, 0.22581417455021324, 0.22581417455021324, 0.22581417455021324
2.5982089042663574, 2.3317017555236816, 1.4984521865844727, 2.6068344116210938, 3.3851771354675293, 2.7621002197265625, 1.8832566738128662, 3.332279920578003, 1.1477305889129639, 2.024674415588379, 2.0911102294921875, 1.6398751735687256, 1.8872184753417969, 2.6196811199188232, 2.277944803237915, 2.3229291439056396, 2.881542205810547, 2.425672769546509, 2.6729767322540283, 2.229442834854126