{'Width': 7.0, 'Complexity': 1.0, 'Fifo': 3.0, 'Multiplier': 1.0}, {'Width': 5.0, 'Complexity': 0.0, 'Fifo': 2.0, 'Multiplier': 1.0}, {'Width': 3.0, 'Complexity': 0.0, 'Fifo': 3.0, 'Multiplier': 1.0}, {'Width': 4.0, 'Complexity': 1.0, 'Fifo': 3.0, 'Multiplier': 1.0}, {'Width': 5.0, 'Complexity': 0.0, 'Fifo': 1.0, 'Multiplier': 1.0}, {'Width': 5.0, 'Complexity': 0.0, 'Fifo': 3.0, 'Multiplier': 5.0}, {'Width': 3.0, 'Complexity': 1.0, 'Fifo': 1.0, 'Multiplier': 1.0}, {'Width': 3.0, 'Complexity': 1.0, 'Fifo': 3.0, 'Multiplier': 5.0}, {'Width': 3.0, 'Complexity': 1.0, 'Fifo': 1.0, 'Multiplier': 1.0}, {'Width': 4.0, 'Complexity': 0.0, 'Fifo': 4.0, 'Multiplier': 10.0}, {'Width': 3.0, 'Complexity': 0.0, 'Fifo': 2.0, 'Multiplier': 1.0}, {'Width': 3.0, 'Complexity': 1.0, 'Fifo': 3.0, 'Multiplier': 1.0}, {'Width': 5.0, 'Complexity': 1.0, 'Fifo': 1.0, 'Multiplier': 2.0}, {'Width': 3.0, 'Complexity': 1.0, 'Fifo': 3.0, 'Multiplier': 5.0}, {'Width': 6.0, 'Complexity': 1.0, 'Fifo': 4.0, 'Multiplier': 1.0}, {'Width': 7.0, 'Complexity': 0.0, 'Fifo': 2.0, 'Multiplier': 2.0}, {'Width': 3.0, 'Complexity': 1.0, 'Fifo': 4.0, 'Multiplier': 2.0}, {'Width': 5.0, 'Complexity': 1.0, 'Fifo': 3.0, 'Multiplier': 5.0}, {'Width': 4.0, 'Complexity': 0.0, 'Fifo': 3.0, 'Multiplier': 2.0}, {'Width': 5.0, 'Complexity': 1.0, 'Fifo': 2.0, 'Multiplier': 1.0}
0.5043635496785811, 0.4613695020025905, 0.22587868316250503, 0.3877806214317866, 0.46135536441445457, 0.6720839720119343, 0.31315494505176633, 0.6391991176499863, 0.31315494505176633, 0.7150440227223385, 0.22587868316250503, 0.3139305450653319, 0.5829034483024184, 0.6391991176499863, 0.4847424486775527, 0.6202339879203385, 0.45467580971289023, 0.6827769515677803, 0.5408570998371044, 0.44772479049532365
0.11434197425842285, 0.09197020530700684, 0.07158064842224121, 0.06248164176940918, 0.07618522644042969, 0.09865021705627441, 0.11920475959777832, 0.07833600044250488, 0.08951735496520996, 0.10576844215393066, 0.08513212203979492, 0.06357455253601074, 0.103515625, 0.10826492309570312, 0.07520174980163574, 0.10041236877441406, 0.1022329330444336, 0.16753506660461426, 0.13643741607666016, 0.08233118057250977