{'Width': 6.0, 'Complexity': 0.0, 'Fifo': 4.0, 'Multiplier': 1.0}, {'Width': 5.0, 'Complexity': 1.0, 'Fifo': 1.0, 'Multiplier': 10.0}, {'Width': 3.0, 'Complexity': 0.0, 'Fifo': 3.0, 'Multiplier': 1.0}, {'Width': 4.0, 'Complexity': 1.0, 'Fifo': 3.0, 'Multiplier': 1.0}, {'Width': 5.0, 'Complexity': 0.0, 'Fifo': 2.0, 'Multiplier': 1.0}, {'Width': 6.0, 'Complexity': 0.0, 'Fifo': 4.0, 'Multiplier': 10.0}, {'Width': 4.0, 'Complexity': 1.0, 'Fifo': 2.0, 'Multiplier': 1.0}, {'Width': 3.0, 'Complexity': 1.0, 'Fifo': 3.0, 'Multiplier': 5.0}, {'Width': 3.0, 'Complexity': 1.0, 'Fifo': 1.0, 'Multiplier': 1.0}, {'Width': 4.0, 'Complexity': 0.0, 'Fifo': 4.0, 'Multiplier': 10.0}, {'Width': 3.0, 'Complexity': 0.0, 'Fifo': 2.0, 'Multiplier': 1.0}, {'Width': 3.0, 'Complexity': 1.0, 'Fifo': 3.0, 'Multiplier': 1.0}, {'Width': 5.0, 'Complexity': 1.0, 'Fifo': 1.0, 'Multiplier': 2.0}, {'Width': 3.0, 'Complexity': 1.0, 'Fifo': 3.0, 'Multiplier': 5.0}, {'Width': 6.0, 'Complexity': 1.0, 'Fifo': 4.0, 'Multiplier': 1.0}, {'Width': 7.0, 'Complexity': 0.0, 'Fifo': 2.0, 'Multiplier': 2.0}, {'Width': 4.0, 'Complexity': 0.0, 'Fifo': 4.0, 'Multiplier': 2.0}, {'Width': 3.0, 'Complexity': 1.0, 'Fifo': 3.0, 'Multiplier': 5.0}, {'Width': 5.0, 'Complexity': 1.0, 'Fifo': 3.0, 'Multiplier': 2.0}, {'Width': 4.0, 'Complexity': 1.0, 'Fifo': 1.0, 'Multiplier': 2.0}
0.5090215664735307, 0.7315223560012921, 0.22587868316250503, 0.3877806214317866, 0.4613695020025905, 0.7144005805628459, 0.3877806214317866, 0.6391991176499863, 0.31315494505176633, 0.7150440227223385, 0.22587868316250503, 0.3139305450653319, 0.5829034483024184, 0.6391991176499863, 0.4847424486775527, 0.6202339879203385, 0.5408570998371044, 0.6391991176499863, 0.5835525588932539, 0.5491263607226946
0.5005660057067871, 0.18372058868408203, 0.10681581497192383, 0.07848596572875977, 0.1314091682434082, 0.17578816413879395, 0.23440909385681152, 0.11043763160705566, 0.08172345161437988, 0.19173836708068848, 0.10056757926940918, 0.09546399116516113, 0.1120905876159668, 0.07962656021118164, 0.1539907455444336, 0.08825540542602539, 0.10536766052246094, 0.11305379867553711, 0.09743881225585938, 0.1000969409942627