{'Width': 3.0, 'Complexity': 0.0, 'Fifo': 1.0, 'Multiplier': 1.0}, {'Width': 3.0, 'Complexity': 0.0, 'Fifo': 1.0, 'Multiplier': 1.0}, {'Width': 3.0, 'Complexity': 0.0, 'Fifo': 1.0, 'Multiplier': 1.0}, {'Width': 3.0, 'Complexity': 0.0, 'Fifo': 1.0, 'Multiplier': 1.0}, {'Width': 3.0, 'Complexity': 0.0, 'Fifo': 1.0, 'Multiplier': 1.0}, {'Width': 3.0, 'Complexity': 0.0, 'Fifo': 2.0, 'Multiplier': 1.0}, {'Width': 3.0, 'Complexity': 0.0, 'Fifo': 1.0, 'Multiplier': 1.0}, {'Width': 3.0, 'Complexity': 0.0, 'Fifo': 2.0, 'Multiplier': 1.0}, {'Width': 3.0, 'Complexity': 0.0, 'Fifo': 1.0, 'Multiplier': 1.0}, {'Width': 3.0, 'Complexity': 0.0, 'Fifo': 4.0, 'Multiplier': 2.0}, {'Width': 3.0, 'Complexity': 0.0, 'Fifo': 1.0, 'Multiplier': 1.0}, {'Width': 3.0, 'Complexity': 0.0, 'Fifo': 1.0, 'Multiplier': 1.0}, {'Width': 3.0, 'Complexity': 0.0, 'Fifo': 3.0, 'Multiplier': 1.0}, {'Width': 3.0, 'Complexity': 0.0, 'Fifo': 1.0, 'Multiplier': 1.0}, {'Width': 3.0, 'Complexity': 0.0, 'Fifo': 3.0, 'Multiplier': 1.0}, {'Width': 4.0, 'Complexity': 0.0, 'Fifo': 3.0, 'Multiplier': 1.0}, {'Width': 3.0, 'Complexity': 0.0, 'Fifo': 3.0, 'Multiplier': 1.0}, {'Width': 4.0, 'Complexity': 1.0, 'Fifo': 1.0, 'Multiplier': 1.0}, {'Width': 3.0, 'Complexity': 0.0, 'Fifo': 1.0, 'Multiplier': 1.0}, {'Width': 3.0, 'Complexity': 0.0, 'Fifo': 4.0, 'Multiplier': 1.0}
0.22581417455021324, 0.22581417455021324, 0.22581417455021324, 0.22581417455021324, 0.22581417455021324, 0.22587868316250503, 0.22581417455021324, 0.22587868316250503, 0.22581417455021324, 0.419850993356651, 0.22581417455021324, 0.22581417455021324, 0.22587868316250503, 0.22581417455021324, 0.22587868316250503, 0.3779034501993668, 0.22587868316250503, 0.3796361104778351, 0.22581417455021324, 0.22587868316250503
0.44367170333862305, 0.3659999370574951, 0.25159764289855957, 0.29440975189208984, 0.29693055152893066, 0.26241087913513184, 0.2937173843383789, 0.3142268657684326, 0.2312929630279541, 0.38735055923461914, 0.291872501373291, 0.4614706039428711, 0.5219993591308594, 0.336958646774292, 0.3119640350341797, 0.2588987350463867, 0.27657461166381836, 0.3258380889892578, 0.330094575881958, 0.24387216567993164