{'Width': 3.0, 'Complexity': 0.0, 'Fifo': 1.0, 'Multiplier': 1.0}, {'Width': 3.0, 'Complexity': 0.0, 'Fifo': 1.0, 'Multiplier': 1.0}, {'Width': 3.0, 'Complexity': 0.0, 'Fifo': 1.0, 'Multiplier': 1.0}, {'Width': 3.0, 'Complexity': 0.0, 'Fifo': 1.0, 'Multiplier': 1.0}, {'Width': 3.0, 'Complexity': 0.0, 'Fifo': 1.0, 'Multiplier': 1.0}, {'Width': 3.0, 'Complexity': 0.0, 'Fifo': 1.0, 'Multiplier': 1.0}, {'Width': 3.0, 'Complexity': 0.0, 'Fifo': 1.0, 'Multiplier': 1.0}, {'Width': 3.0, 'Complexity': 0.0, 'Fifo': 1.0, 'Multiplier': 1.0}, {'Width': 3.0, 'Complexity': 0.0, 'Fifo': 4.0, 'Multiplier': 1.0}, {'Width': 3.0, 'Complexity': 0.0, 'Fifo': 1.0, 'Multiplier': 1.0}, {'Width': 3.0, 'Complexity': 0.0, 'Fifo': 1.0, 'Multiplier': 1.0}, {'Width': 3.0, 'Complexity': 0.0, 'Fifo': 1.0, 'Multiplier': 1.0}, {'Width': 3.0, 'Complexity': 0.0, 'Fifo': 1.0, 'Multiplier': 1.0}, {'Width': 3.0, 'Complexity': 0.0, 'Fifo': 1.0, 'Multiplier': 1.0}, {'Width': 3.0, 'Complexity': 0.0, 'Fifo': 1.0, 'Multiplier': 1.0}, {'Width': 3.0, 'Complexity': 0.0, 'Fifo': 1.0, 'Multiplier': 1.0}, {'Width': 3.0, 'Complexity': 0.0, 'Fifo': 1.0, 'Multiplier': 1.0}, {'Width': 3.0, 'Complexity': 0.0, 'Fifo': 1.0, 'Multiplier': 1.0}, {'Width': 3.0, 'Complexity': 0.0, 'Fifo': 1.0, 'Multiplier': 1.0}, {'Width': 3.0, 'Complexity': 0.0, 'Fifo': 1.0, 'Multiplier': 1.0}
0.22581417455021324, 0.22581417455021324, 0.22581417455021324, 0.22581417455021324, 0.22581417455021324, 0.22581417455021324, 0.22581417455021324, 0.22581417455021324, 0.22587868316250503, 0.22581417455021324, 0.22581417455021324, 0.22581417455021324, 0.22581417455021324, 0.22581417455021324, 0.22581417455021324, 0.22581417455021324, 0.22581417455021324, 0.22581417455021324, 0.22581417455021324, 0.22581417455021324
1.171572208404541, 0.7486960887908936, 0.4324524402618408, 0.5559301376342773, 0.4537205696105957, 0.8857040405273438, 0.6467046737670898, 0.680567741394043, 0.5360605716705322, 0.6589248180389404, 0.6147379875183105, 0.7251908779144287, 0.5805580615997314, 0.5720701217651367, 0.5742120742797852, 0.5146908760070801, 0.5525619983673096, 0.5900883674621582, 0.6075057983398438, 0.5337808132171631