{'Spout': 1.0, 'Split': 2.0, 'Count': 12.0, 'Buffer_size': 10500000.0, 'Heap': 512.0}, {'Spout': 1.0, 'Split': 2.0, 'Count': 12.0, 'Buffer_size': 105000000.0, 'Heap': 1024.0}, {'Spout': 1.0, 'Split': 2.0, 'Count': 12.0, 'Buffer_size': 5240000.0, 'Heap': 512.0}, {'Spout': 1.0, 'Split': 2.0, 'Count': 9.0, 'Buffer_size': 10500000.0, 'Heap': 1024.0}, {'Spout': 1.0, 'Split': 2.0, 'Count': 12.0, 'Buffer_size': 105000000.0, 'Heap': 1024.0}, {'Spout': 1.0, 'Split': 2.0, 'Count': 12.0, 'Buffer_size': 262000.0, 'Heap': 2048.0}, {'Spout': 1.0, 'Split': 2.0, 'Count': 12.0, 'Buffer_size': 262000.0, 'Heap': 2048.0}, {'Spout': 3.0, 'Split': 6.0, 'Count': 12.0, 'Buffer_size': 5240000.0, 'Heap': 2048.0}, {'Spout': 1.0, 'Split': 2.0, 'Count': 12.0, 'Buffer_size': 5240000.0, 'Heap': 512.0}, {'Spout': 1.0, 'Split': 2.0, 'Count': 12.0, 'Buffer_size': 10500000.0, 'Heap': 512.0}, {'Spout': 1.0, 'Split': 2.0, 'Count': 12.0, 'Buffer_size': 5240000.0, 'Heap': 512.0}, {'Spout': 1.0, 'Split': 2.0, 'Count': 12.0, 'Buffer_size': 1050000.0, 'Heap': 512.0}, {'Spout': 1.0, 'Split': 2.0, 'Count': 9.0, 'Buffer_size': 5240000.0, 'Heap': 1024.0}, {'Spout': 1.0, 'Split': 2.0, 'Count': 12.0, 'Buffer_size': 262000.0, 'Heap': 512.0}, {'Spout': 1.0, 'Split': 2.0, 'Count': 12.0, 'Buffer_size': 5240000.0, 'Heap': 512.0}, {'Spout': 1.0, 'Split': 2.0, 'Count': 12.0, 'Buffer_size': 262000.0, 'Heap': 1024.0}, {'Spout': 1.0, 'Split': 2.0, 'Count': 12.0, 'Buffer_size': 262000.0, 'Heap': 2048.0}, {'Spout': 1.0, 'Split': 2.0, 'Count': 12.0, 'Buffer_size': 5240000.0, 'Heap': 2048.0}, {'Spout': 1.0, 'Split': 2.0, 'Count': 12.0, 'Buffer_size': 5240000.0, 'Heap': 512.0}, {'Spout': 1.0, 'Split': 2.0, 'Count': 9.0, 'Buffer_size': 262000.0, 'Heap': 1024.0}
0.01826880372553452, 0.0063027704413145536, 0.0, 0.0374912543429593, 0.0063027704413145536, 0.00471722968958288, 0.00471722968958288, 0.2377519790499225, 0.0, 0.01826880372553452, 0.0, 0.004885495408456952, 0.03312051691775342, 0.006758719400941637, 0.0, 0.0021204068611183624, 0.00471722968958288, 0.022153033274302514, 0.0, 0.04735433457075189
1.0708909034729004, 1.5416860580444336, 0.49187350273132324, 0.5248005390167236, 0.43272829055786133, 0.263974666595459, 0.36290407180786133, 0.3131842613220215, 0.3326911926269531, 0.40366077423095703, 0.4051532745361328, 0.4980032444000244, 0.6406223773956299, 0.6134240627288818, 0.5518217086791992, 0.5514299869537354, 0.3228302001953125, 0.3377227783203125, 0.3419778347015381, 0.3647797107696533