{'Spout': 1.0, 'Split': 2.0, 'Count': 12.0, 'Buffer_size': 5240000.0, 'Heap': 512.0}, {'Spout': 1.0, 'Split': 2.0, 'Count': 12.0, 'Buffer_size': 5240000.0, 'Heap': 512.0}, {'Spout': 1.0, 'Split': 2.0, 'Count': 12.0, 'Buffer_size': 10500000.0, 'Heap': 512.0}, {'Spout': 1.0, 'Split': 2.0, 'Count': 12.0, 'Buffer_size': 10500000.0, 'Heap': 512.0}, {'Spout': 1.0, 'Split': 2.0, 'Count': 12.0, 'Buffer_size': 5240000.0, 'Heap': 512.0}, {'Spout': 1.0, 'Split': 2.0, 'Count': 12.0, 'Buffer_size': 5240000.0, 'Heap': 512.0}, {'Spout': 1.0, 'Split': 2.0, 'Count': 12.0, 'Buffer_size': 5240000.0, 'Heap': 512.0}, {'Spout': 1.0, 'Split': 2.0, 'Count': 12.0, 'Buffer_size': 10500000.0, 'Heap': 512.0}, {'Spout': 1.0, 'Split': 2.0, 'Count': 12.0, 'Buffer_size': 5240000.0, 'Heap': 512.0}, {'Spout': 1.0, 'Split': 2.0, 'Count': 12.0, 'Buffer_size': 262000.0, 'Heap': 1024.0}, {'Spout': 1.0, 'Split': 2.0, 'Count': 12.0, 'Buffer_size': 10500000.0, 'Heap': 512.0}, {'Spout': 1.0, 'Split': 2.0, 'Count': 12.0, 'Buffer_size': 5240000.0, 'Heap': 512.0}, {'Spout': 1.0, 'Split': 2.0, 'Count': 12.0, 'Buffer_size': 5240000.0, 'Heap': 512.0}, {'Spout': 1.0, 'Split': 2.0, 'Count': 12.0, 'Buffer_size': 5240000.0, 'Heap': 512.0}, {'Spout': 1.0, 'Split': 2.0, 'Count': 12.0, 'Buffer_size': 5240000.0, 'Heap': 512.0}, {'Spout': 1.0, 'Split': 2.0, 'Count': 12.0, 'Buffer_size': 5240000.0, 'Heap': 512.0}, {'Spout': 1.0, 'Split': 2.0, 'Count': 12.0, 'Buffer_size': 10500000.0, 'Heap': 512.0}, {'Spout': 1.0, 'Split': 2.0, 'Count': 12.0, 'Buffer_size': 5240000.0, 'Heap': 512.0}, {'Spout': 1.0, 'Split': 2.0, 'Count': 12.0, 'Buffer_size': 5240000.0, 'Heap': 512.0}, {'Spout': 1.0, 'Split': 2.0, 'Count': 12.0, 'Buffer_size': 5240000.0, 'Heap': 512.0}
0.0, 0.0, 0.01826880372553452, 0.01826880372553452, 0.0, 0.0, 0.0, 0.01826880372553452, 0.0, 0.0021204068611183624, 0.01826880372553452, 0.0, 0.0, 0.0, 0.0, 0.0, 0.01826880372553452, 0.0, 0.0, 0.0
1.735236644744873, 1.0825884342193604, 1.0196385383605957, 1.262030839920044, 1.1440165042877197, 1.0140278339385986, 0.9681251049041748, 0.9820401668548584, 0.927544355392456, 0.9081590175628662, 0.9172961711883545, 0.9843792915344238, 0.986452579498291, 1.026935338973999, 1.001150369644165, 0.9397454261779785, 0.9926059246063232, 1.0459330081939697, 1.0974769592285156, 1.2796108722686768