{'Spout': 1.0, 'Split': 2.0, 'Count': 12.0, 'Buffer_size': 10500000.0, 'Heap': 512.0}, {'Spout': 1.0, 'Split': 2.0, 'Count': 12.0, 'Buffer_size': 105000000.0, 'Heap': 1024.0}, {'Spout': 1.0, 'Split': 2.0, 'Count': 12.0, 'Buffer_size': 5240000.0, 'Heap': 512.0}, {'Spout': 1.0, 'Split': 2.0, 'Count': 9.0, 'Buffer_size': 10500000.0, 'Heap': 1024.0}, {'Spout': 1.0, 'Split': 2.0, 'Count': 12.0, 'Buffer_size': 105000000.0, 'Heap': 1024.0}, {'Spout': 1.0, 'Split': 2.0, 'Count': 12.0, 'Buffer_size': 262000.0, 'Heap': 2048.0}, {'Spout': 1.0, 'Split': 2.0, 'Count': 12.0, 'Buffer_size': 262000.0, 'Heap': 2048.0}, {'Spout': 3.0, 'Split': 6.0, 'Count': 12.0, 'Buffer_size': 5240000.0, 'Heap': 2048.0}, {'Spout': 1.0, 'Split': 2.0, 'Count': 12.0, 'Buffer_size': 5240000.0, 'Heap': 512.0}, {'Spout': 1.0, 'Split': 2.0, 'Count': 12.0, 'Buffer_size': 10500000.0, 'Heap': 512.0}, {'Spout': 1.0, 'Split': 2.0, 'Count': 12.0, 'Buffer_size': 5240000.0, 'Heap': 512.0}, {'Spout': 1.0, 'Split': 2.0, 'Count': 12.0, 'Buffer_size': 1050000.0, 'Heap': 512.0}, {'Spout': 1.0, 'Split': 2.0, 'Count': 9.0, 'Buffer_size': 5240000.0, 'Heap': 1024.0}, {'Spout': 1.0, 'Split': 2.0, 'Count': 12.0, 'Buffer_size': 262000.0, 'Heap': 512.0}, {'Spout': 1.0, 'Split': 2.0, 'Count': 12.0, 'Buffer_size': 5240000.0, 'Heap': 512.0}, {'Spout': 1.0, 'Split': 2.0, 'Count': 12.0, 'Buffer_size': 262000.0, 'Heap': 1024.0}, {'Spout': 1.0, 'Split': 2.0, 'Count': 12.0, 'Buffer_size': 262000.0, 'Heap': 2048.0}, {'Spout': 1.0, 'Split': 2.0, 'Count': 12.0, 'Buffer_size': 5240000.0, 'Heap': 2048.0}, {'Spout': 1.0, 'Split': 2.0, 'Count': 12.0, 'Buffer_size': 5240000.0, 'Heap': 512.0}, {'Spout': 1.0, 'Split': 2.0, 'Count': 9.0, 'Buffer_size': 262000.0, 'Heap': 1024.0}
0.01826880372553452, 0.0063027704413145536, 0.0, 0.0374912543429593, 0.0063027704413145536, 0.00471722968958288, 0.00471722968958288, 0.2377519790499225, 0.0, 0.01826880372553452, 0.0, 0.004885495408456952, 0.03312051691775342, 0.006758719400941637, 0.0, 0.0021204068611183624, 0.00471722968958288, 0.022153033274302514, 0.0, 0.04735433457075189
0.6568222045898438, 0.5464739799499512, 0.6174521446228027, 1.1962931156158447, 0.7825391292572021, 0.5779619216918945, 0.6125788688659668, 0.24493145942687988, 0.30663013458251953, 0.2932853698730469, 0.2887740135192871, 0.32222914695739746, 0.3376169204711914, 0.3117189407348633, 0.2502596378326416, 0.29831552505493164, 0.39771294593811035, 0.29666590690612793, 0.29949235916137695, 0.3577449321746826