{'Spout': 1.0, 'Split': 2.0, 'Count': 12.0, 'Buffer_size': 5240000.0, 'Heap': 512.0}, {'Spout': 1.0, 'Split': 2.0, 'Count': 12.0, 'Buffer_size': 262000.0, 'Heap': 1024.0}, {'Spout': 1.0, 'Split': 2.0, 'Count': 12.0, 'Buffer_size': 5240000.0, 'Heap': 512.0}, {'Spout': 1.0, 'Split': 2.0, 'Count': 12.0, 'Buffer_size': 5240000.0, 'Heap': 512.0}, {'Spout': 1.0, 'Split': 2.0, 'Count': 12.0, 'Buffer_size': 5240000.0, 'Heap': 512.0}, {'Spout': 1.0, 'Split': 2.0, 'Count': 12.0, 'Buffer_size': 5240000.0, 'Heap': 512.0}, {'Spout': 1.0, 'Split': 2.0, 'Count': 12.0, 'Buffer_size': 262000.0, 'Heap': 1024.0}, {'Spout': 1.0, 'Split': 2.0, 'Count': 12.0, 'Buffer_size': 105000000.0, 'Heap': 1024.0}, {'Spout': 1.0, 'Split': 2.0, 'Count': 12.0, 'Buffer_size': 5240000.0, 'Heap': 512.0}, {'Spout': 1.0, 'Split': 2.0, 'Count': 12.0, 'Buffer_size': 5240000.0, 'Heap': 512.0}, {'Spout': 1.0, 'Split': 2.0, 'Count': 12.0, 'Buffer_size': 5240000.0, 'Heap': 512.0}, {'Spout': 1.0, 'Split': 2.0, 'Count': 12.0, 'Buffer_size': 5240000.0, 'Heap': 512.0}, {'Spout': 1.0, 'Split': 2.0, 'Count': 12.0, 'Buffer_size': 10500000.0, 'Heap': 512.0}, {'Spout': 1.0, 'Split': 2.0, 'Count': 12.0, 'Buffer_size': 5240000.0, 'Heap': 512.0}, {'Spout': 1.0, 'Split': 2.0, 'Count': 12.0, 'Buffer_size': 5240000.0, 'Heap': 512.0}, {'Spout': 1.0, 'Split': 2.0, 'Count': 12.0, 'Buffer_size': 10500000.0, 'Heap': 512.0}, {'Spout': 1.0, 'Split': 2.0, 'Count': 12.0, 'Buffer_size': 262000.0, 'Heap': 1024.0}, {'Spout': 1.0, 'Split': 2.0, 'Count': 12.0, 'Buffer_size': 5240000.0, 'Heap': 512.0}, {'Spout': 1.0, 'Split': 2.0, 'Count': 12.0, 'Buffer_size': 5240000.0, 'Heap': 512.0}, {'Spout': 1.0, 'Split': 2.0, 'Count': 9.0, 'Buffer_size': 5240000.0, 'Heap': 1024.0}
0.0, 0.0021204068611183624, 0.0, 0.0, 0.0, 0.0, 0.0021204068611183624, 0.0063027704413145536, 0.0, 0.0, 0.0, 0.0, 0.01826880372553452, 0.0, 0.0, 0.01826880372553452, 0.0021204068611183624, 0.0, 0.0, 0.03312051691775342
0.8353784084320068, 2.1439175605773926, 1.2368216514587402, 0.9191892147064209, 0.5057249069213867, 0.5514061450958252, 0.5639667510986328, 0.5039784908294678, 0.4689903259277344, 0.4665980339050293, 0.46285581588745117, 0.5090234279632568, 0.6065192222595215, 0.4588313102722168, 0.41816258430480957, 0.4956233501434326, 0.5953965187072754, 0.5153565406799316, 0.511967658996582, 0.5215036869049072