{'Max_spout': 1.0, 'Spliters': 1.0, 'Counters': 9.0}, {'Max_spout': 1.0, 'Spliters': 2.0, 'Counters': 1.0}, {'Max_spout': 1.0, 'Spliters': 1.0, 'Counters': 9.0}, {'Max_spout': 1.0, 'Spliters': 1.0, 'Counters': 6.0}, {'Max_spout': 1.0, 'Spliters': 1.0, 'Counters': 18.0}, {'Max_spout': 1.0, 'Spliters': 2.0, 'Counters': 15.0}, {'Max_spout': 1.0, 'Spliters': 1.0, 'Counters': 15.0}, {'Max_spout': 1.0, 'Spliters': 1.0, 'Counters': 15.0}, {'Max_spout': 1.0, 'Spliters': 2.0, 'Counters': 9.0}, {'Max_spout': 1.0, 'Spliters': 1.0, 'Counters': 18.0}, {'Max_spout': 1.0, 'Spliters': 1.0, 'Counters': 12.0}, {'Max_spout': 1.0, 'Spliters': 1.0, 'Counters': 12.0}, {'Max_spout': 1.0, 'Spliters': 1.0, 'Counters': 18.0}, {'Max_spout': 10.0, 'Spliters': 3.0, 'Counters': 18.0}, {'Max_spout': 1.0, 'Spliters': 1.0, 'Counters': 18.0}, {'Max_spout': 1.0, 'Spliters': 1.0, 'Counters': 12.0}, {'Max_spout': 1.0, 'Spliters': 2.0, 'Counters': 9.0}, {'Max_spout': 1000.0, 'Spliters': 2.0, 'Counters': 1.0}, {'Max_spout': 1.0, 'Spliters': 1.0, 'Counters': 18.0}, {'Max_spout': 1.0, 'Spliters': 2.0, 'Counters': 12.0}
0.0018937558904615903, 0.003421972853229538, 0.0018937558904615903, 0.003361783712524935, 0.0015707897696076722, 0.005399406329548717, 0.002165341037543289, 0.002165341037543289, 0.007009832850352171, 0.0015707897696076722, 0.0, 0.0, 0.0015707897696076722, 0.17072576359467162, 0.0015707897696076722, 0.0, 0.007009832850352171, 0.0698663801076358, 0.0015707897696076722, 0.006037998432146252
0.47366762161254883, 0.31800341606140137, 0.17069220542907715, 0.48329877853393555, 0.20786738395690918, 0.3926715850830078, 0.2815666198730469, 0.21353387832641602, 0.4135584831237793, 0.1351025104522705, 0.24580955505371094, 0.5370464324951172, 0.2960689067840576, 0.20839476585388184, 0.4985637664794922, 0.28034353256225586, 0.47972965240478516, 0.2808191776275635, 0.4205925464630127, 0.23310518264770508