{'Max_spout': 1.0, 'Spliters': 1.0, 'Counters': 18.0}, {'Max_spout': 1.0, 'Spliters': 1.0, 'Counters': 12.0}, {'Max_spout': 1.0, 'Spliters': 1.0, 'Counters': 12.0}, {'Max_spout': 1.0, 'Spliters': 1.0, 'Counters': 12.0}, {'Max_spout': 1.0, 'Spliters': 1.0, 'Counters': 6.0}, {'Max_spout': 1.0, 'Spliters': 1.0, 'Counters': 12.0}, {'Max_spout': 1.0, 'Spliters': 1.0, 'Counters': 18.0}, {'Max_spout': 1.0, 'Spliters': 1.0, 'Counters': 18.0}, {'Max_spout': 1.0, 'Spliters': 1.0, 'Counters': 18.0}, {'Max_spout': 1.0, 'Spliters': 1.0, 'Counters': 6.0}, {'Max_spout': 1.0, 'Spliters': 2.0, 'Counters': 3.0}, {'Max_spout': 1.0, 'Spliters': 1.0, 'Counters': 15.0}, {'Max_spout': 1.0, 'Spliters': 1.0, 'Counters': 12.0}, {'Max_spout': 1.0, 'Spliters': 1.0, 'Counters': 9.0}, {'Max_spout': 1.0, 'Spliters': 1.0, 'Counters': 9.0}, {'Max_spout': 1.0, 'Spliters': 1.0, 'Counters': 12.0}, {'Max_spout': 1.0, 'Spliters': 1.0, 'Counters': 9.0}, {'Max_spout': 1.0, 'Spliters': 1.0, 'Counters': 12.0}, {'Max_spout': 1.0, 'Spliters': 1.0, 'Counters': 18.0}, {'Max_spout': 1.0, 'Spliters': 1.0, 'Counters': 9.0}
0.0015707897696076722, 0.0, 0.0, 0.0, 0.003361783712524935, 0.0, 0.0015707897696076722, 0.0015707897696076722, 0.0015707897696076722, 0.003361783712524935, 0.006926155264494582, 0.002165341037543289, 0.0, 0.0018937558904615903, 0.0018937558904615903, 0.0, 0.0018937558904615903, 0.0, 0.0015707897696076722, 0.0018937558904615903
0.42929959297180176, 0.3284590244293213, 0.5067520141601562, 0.3792760372161865, 0.2934572696685791, 0.5529327392578125, 0.49069666862487793, 0.40000414848327637, 0.3671302795410156, 0.4166414737701416, 0.2494797706604004, 0.2441561222076416, 0.2927980422973633, 0.3414902687072754, 0.2806234359741211, 0.2625865936279297, 0.26894593238830566, 0.3356180191040039, 0.2246239185333252, 0.20456743240356445