{'Max_spout': 100000.0, 'Spliters': 6.0, 'Counters': 1.0}, {'Max_spout': 1.0, 'Spliters': 3.0, 'Counters': 3.0}, {'Max_spout': 1.0, 'Spliters': 1.0, 'Counters': 9.0}, {'Max_spout': 1.0, 'Spliters': 1.0, 'Counters': 3.0}, {'Max_spout': 1.0, 'Spliters': 3.0, 'Counters': 18.0}, {'Max_spout': 1000.0, 'Spliters': 2.0, 'Counters': 1.0}, {'Max_spout': 100.0, 'Spliters': 6.0, 'Counters': 1.0}, {'Max_spout': 1.0, 'Spliters': 3.0, 'Counters': 15.0}, {'Max_spout': 100000.0, 'Spliters': 1.0, 'Counters': 9.0}, {'Max_spout': 1000.0, 'Spliters': 1.0, 'Counters': 1.0}, {'Max_spout': 1.0, 'Spliters': 6.0, 'Counters': 18.0}, {'Max_spout': 1.0, 'Spliters': 6.0, 'Counters': 12.0}, {'Max_spout': 1000.0, 'Spliters': 2.0, 'Counters': 1.0}, {'Max_spout': 1.0, 'Spliters': 6.0, 'Counters': 18.0}, {'Max_spout': 100000.0, 'Spliters': 1.0, 'Counters': 1.0}, {'Max_spout': 1.0, 'Spliters': 6.0, 'Counters': 18.0}, {'Max_spout': 1.0, 'Spliters': 6.0, 'Counters': 9.0}, {'Max_spout': 1.0, 'Spliters': 3.0, 'Counters': 18.0}, {'Max_spout': 1.0, 'Spliters': 1.0, 'Counters': 18.0}, {'Max_spout': 1.0, 'Spliters': 2.0, 'Counters': 1.0}
0.08955850531279275, 0.019323650221819033, 0.0018937558904615903, 0.003421972853229538, 0.012992046225260068, 0.0698663801076358, 0.09089441063087023, 0.012736609384221054, 0.23437944995933568, 0.0777717099294466, 0.010017821857759901, 0.012412175235545053, 0.0698663801076358, 0.010017821857759901, 0.07136817256960648, 0.010017821857759901, 0.012987642141793931, 0.012992046225260068, 0.0015707897696076722, 0.003421972853229538
0.2068161964416504, 0.13549065589904785, 0.1957695484161377, 0.19191551208496094, 0.21014666557312012, 0.20050477981567383, 0.12872934341430664, 0.23519539833068848, 0.0772709846496582, 0.17678260803222656, 0.11060786247253418, 0.15068960189819336, 0.18018817901611328, 0.15776896476745605, 0.09994053840637207, 0.13190650939941406, 0.08257198333740234, 0.1457219123840332, 0.15128874778747559, 0.14436984062194824