{'Max_spout': 1.0, 'Spliters': 6.0, 'Counters': 9.0}, {'Max_spout': 1.0, 'Spliters': 2.0, 'Counters': 1.0}, {'Max_spout': 10.0, 'Spliters': 3.0, 'Counters': 15.0}, {'Max_spout': 1.0, 'Spliters': 6.0, 'Counters': 9.0}, {'Max_spout': 1.0, 'Spliters': 3.0, 'Counters': 3.0}, {'Max_spout': 1.0, 'Spliters': 1.0, 'Counters': 18.0}, {'Max_spout': 1.0, 'Spliters': 2.0, 'Counters': 12.0}, {'Max_spout': 1.0, 'Spliters': 2.0, 'Counters': 1.0}, {'Max_spout': 1.0, 'Spliters': 1.0, 'Counters': 12.0}, {'Max_spout': 1.0, 'Spliters': 1.0, 'Counters': 9.0}, {'Max_spout': 10.0, 'Spliters': 3.0, 'Counters': 6.0}, {'Max_spout': 1.0, 'Spliters': 1.0, 'Counters': 9.0}, {'Max_spout': 1.0, 'Spliters': 2.0, 'Counters': 18.0}, {'Max_spout': 1.0, 'Spliters': 1.0, 'Counters': 1.0}, {'Max_spout': 1.0, 'Spliters': 6.0, 'Counters': 12.0}, {'Max_spout': 1.0, 'Spliters': 1.0, 'Counters': 9.0}, {'Max_spout': 1.0, 'Spliters': 2.0, 'Counters': 6.0}, {'Max_spout': 10.0, 'Spliters': 1.0, 'Counters': 12.0}, {'Max_spout': 1.0, 'Spliters': 3.0, 'Counters': 12.0}, {'Max_spout': 1.0, 'Spliters': 2.0, 'Counters': 12.0}
0.012987642141793931, 0.003421972853229538, 0.1854060418153045, 0.012987642141793931, 0.019323650221819033, 0.0015707897696076722, 0.006037998432146252, 0.003421972853229538, 0.0, 0.0018937558904615903, 0.18769616521772314, 0.0018937558904615903, 0.0048591720910294844, 0.004807791117257265, 0.012412175235545053, 0.0018937558904615903, 0.007622000452152555, 0.15745479208321955, 0.012569254212505876, 0.006037998432146252
0.1354358196258545, 0.07177233695983887, 0.11387205123901367, 0.13579726219177246, 0.10441470146179199, 0.11858177185058594, 0.20606613159179688, 0.17174339294433594, 0.09553170204162598, 0.10475850105285645, 0.13528704643249512, 0.18256497383117676, 0.10998201370239258, 0.07753729820251465, 0.13299798965454102, 0.10418891906738281, 0.15249300003051758, 0.08921289443969727, 0.1695244312286377, 0.09040641784667969