{'Max_spout': 1.0, 'Spliters': 2.0, 'Counters': 6.0}, {'Max_spout': 1.0, 'Spliters': 2.0, 'Counters': 1.0}, {'Max_spout': 10.0, 'Spliters': 3.0, 'Counters': 15.0}, {'Max_spout': 1.0, 'Spliters': 6.0, 'Counters': 9.0}, {'Max_spout': 1.0, 'Spliters': 3.0, 'Counters': 12.0}, {'Max_spout': 1.0, 'Spliters': 1.0, 'Counters': 18.0}, {'Max_spout': 1.0, 'Spliters': 2.0, 'Counters': 12.0}, {'Max_spout': 1.0, 'Spliters': 1.0, 'Counters': 15.0}, {'Max_spout': 1.0, 'Spliters': 1.0, 'Counters': 12.0}, {'Max_spout': 1.0, 'Spliters': 1.0, 'Counters': 9.0}, {'Max_spout': 10.0, 'Spliters': 3.0, 'Counters': 1.0}, {'Max_spout': 1.0, 'Spliters': 1.0, 'Counters': 9.0}, {'Max_spout': 1.0, 'Spliters': 2.0, 'Counters': 18.0}, {'Max_spout': 1.0, 'Spliters': 1.0, 'Counters': 12.0}, {'Max_spout': 1.0, 'Spliters': 6.0, 'Counters': 12.0}, {'Max_spout': 1.0, 'Spliters': 1.0, 'Counters': 9.0}, {'Max_spout': 1.0, 'Spliters': 2.0, 'Counters': 6.0}, {'Max_spout': 10000.0, 'Spliters': 3.0, 'Counters': 1.0}, {'Max_spout': 1.0, 'Spliters': 2.0, 'Counters': 18.0}, {'Max_spout': 1.0, 'Spliters': 2.0, 'Counters': 12.0}
0.007622000452152555, 0.003421972853229538, 0.1854060418153045, 0.012987642141793931, 0.012569254212505876, 0.0015707897696076722, 0.006037998432146252, 0.002165341037543289, 0.0, 0.0018937558904615903, 0.0605502755488222, 0.0018937558904615903, 0.0048591720910294844, 0.0, 0.012412175235545053, 0.0018937558904615903, 0.007622000452152555, 0.07676904692697739, 0.0048591720910294844, 0.006037998432146252
0.295259952545166, 0.20255708694458008, 0.24032831192016602, 0.15856337547302246, 0.12418079376220703, 0.1309680938720703, 0.18080520629882812, 0.2276012897491455, 0.13483905792236328, 0.401172399520874, 0.5019426345825195, 0.20064592361450195, 0.2027759552001953, 0.22950196266174316, 0.14057588577270508, 0.25694727897644043, 0.1903681755065918, 0.12536287307739258, 0.2295072078704834, 0.12201857566833496