{'Max_spout': 1.0, 'Spliters': 3.0, 'Counters': 6.0}, {'Max_spout': 1.0, 'Spliters': 6.0, 'Counters': 1.0}, {'Max_spout': 1.0, 'Spliters': 1.0, 'Counters': 9.0}, {'Max_spout': 1.0, 'Spliters': 1.0, 'Counters': 3.0}, {'Max_spout': 1.0, 'Spliters': 2.0, 'Counters': 18.0}, {'Max_spout': 1000.0, 'Spliters': 1.0, 'Counters': 1.0}, {'Max_spout': 1.0, 'Spliters': 1.0, 'Counters': 15.0}, {'Max_spout': 1.0, 'Spliters': 2.0, 'Counters': 15.0}, {'Max_spout': 10000.0, 'Spliters': 6.0, 'Counters': 3.0}, {'Max_spout': 1.0, 'Spliters': 1.0, 'Counters': 18.0}, {'Max_spout': 1.0, 'Spliters': 1.0, 'Counters': 12.0}, {'Max_spout': 1.0, 'Spliters': 1.0, 'Counters': 12.0}, {'Max_spout': 1.0, 'Spliters': 1.0, 'Counters': 18.0}, {'Max_spout': 10.0, 'Spliters': 3.0, 'Counters': 18.0}, {'Max_spout': 10.0, 'Spliters': 1.0, 'Counters': 1.0}, {'Max_spout': 1.0, 'Spliters': 1.0, 'Counters': 12.0}, {'Max_spout': 10.0, 'Spliters': 6.0, 'Counters': 3.0}, {'Max_spout': 1000.0, 'Spliters': 6.0, 'Counters': 1.0}, {'Max_spout': 1.0, 'Spliters': 2.0, 'Counters': 18.0}, {'Max_spout': 1.0, 'Spliters': 2.0, 'Counters': 6.0}
0.016110137319322426, 0.015315934267586262, 0.0018937558904615903, 0.003421972853229538, 0.0048591720910294844, 0.0777717099294466, 0.002165341037543289, 0.005399406329548717, 0.2602901410187526, 0.0015707897696076722, 0.0, 0.0, 0.0015707897696076722, 0.17072576359467162, 0.07341166729791859, 0.0, 0.1987504147178597, 0.07417650979321366, 0.0048591720910294844, 0.007622000452152555
0.24838614463806152, 0.34450602531433105, 0.32607054710388184, 0.2517232894897461, 0.27608799934387207, 0.3064439296722412, 0.2317056655883789, 0.46979713439941406, 0.25183868408203125, 0.06465315818786621, 0.18368840217590332, 0.28116869926452637, 0.2310781478881836, 0.25547266006469727, 0.057971954345703125, 0.23221683502197266, 0.2797682285308838, 0.2365875244140625, 0.3007054328918457, 0.21033430099487305