{'Max_spout': 1.0, 'Spliters': 1.0, 'Counters': 3.0}, {'Max_spout': 1.0, 'Spliters': 6.0, 'Counters': 1.0}, {'Max_spout': 1.0, 'Spliters': 1.0, 'Counters': 9.0}, {'Max_spout': 1.0, 'Spliters': 1.0, 'Counters': 6.0}, {'Max_spout': 1.0, 'Spliters': 1.0, 'Counters': 15.0}, {'Max_spout': 1.0, 'Spliters': 2.0, 'Counters': 9.0}, {'Max_spout': 1.0, 'Spliters': 1.0, 'Counters': 15.0}, {'Max_spout': 1.0, 'Spliters': 2.0, 'Counters': 15.0}, {'Max_spout': 1.0, 'Spliters': 6.0, 'Counters': 3.0}, {'Max_spout': 1.0, 'Spliters': 1.0, 'Counters': 18.0}, {'Max_spout': 1.0, 'Spliters': 1.0, 'Counters': 12.0}, {'Max_spout': 1.0, 'Spliters': 1.0, 'Counters': 12.0}, {'Max_spout': 1.0, 'Spliters': 1.0, 'Counters': 18.0}, {'Max_spout': 10.0, 'Spliters': 3.0, 'Counters': 18.0}, {'Max_spout': 1.0, 'Spliters': 1.0, 'Counters': 1.0}, {'Max_spout': 1.0, 'Spliters': 1.0, 'Counters': 12.0}, {'Max_spout': 10.0, 'Spliters': 6.0, 'Counters': 3.0}, {'Max_spout': 1000.0, 'Spliters': 6.0, 'Counters': 1.0}, {'Max_spout': 1.0, 'Spliters': 2.0, 'Counters': 18.0}, {'Max_spout': 1.0, 'Spliters': 2.0, 'Counters': 6.0}
0.003421972853229538, 0.015315934267586262, 0.0018937558904615903, 0.003361783712524935, 0.002165341037543289, 0.007009832850352171, 0.002165341037543289, 0.005399406329548717, 0.015938378064141112, 0.0015707897696076722, 0.0, 0.0, 0.0015707897696076722, 0.17072576359467162, 0.004807791117257265, 0.0, 0.1987504147178597, 0.07417650979321366, 0.0048591720910294844, 0.007622000452152555
2.5017142295837402, 1.731027603149414, 2.463810443878174, 2.274247169494629, 1.5960197448730469, 1.319425344467163, 1.6810405254364014, 1.396430253982544, 1.6864867210388184, 1.968855857849121, 0.6852467060089111, 2.1656904220581055, 1.1862094402313232, 1.120624303817749, 0.8941473960876465, 1.67594575881958, 1.9631984233856201, 0.482654333114624, 0.9370946884155273, 0.315014123916626