{'Max_spout': 1.0, 'Spliters': 1.0, 'Counters': 9.0}, {'Max_spout': 1.0, 'Spliters': 1.0, 'Counters': 9.0}, {'Max_spout': 1.0, 'Spliters': 1.0, 'Counters': 12.0}, {'Max_spout': 1.0, 'Spliters': 1.0, 'Counters': 12.0}, {'Max_spout': 1.0, 'Spliters': 1.0, 'Counters': 12.0}, {'Max_spout': 1.0, 'Spliters': 1.0, 'Counters': 12.0}, {'Max_spout': 1.0, 'Spliters': 1.0, 'Counters': 12.0}, {'Max_spout': 1.0, 'Spliters': 1.0, 'Counters': 18.0}, {'Max_spout': 1.0, 'Spliters': 2.0, 'Counters': 1.0}, {'Max_spout': 1.0, 'Spliters': 1.0, 'Counters': 12.0}, {'Max_spout': 1.0, 'Spliters': 1.0, 'Counters': 12.0}, {'Max_spout': 1.0, 'Spliters': 1.0, 'Counters': 12.0}, {'Max_spout': 1.0, 'Spliters': 1.0, 'Counters': 12.0}, {'Max_spout': 1.0, 'Spliters': 1.0, 'Counters': 12.0}, {'Max_spout': 1.0, 'Spliters': 1.0, 'Counters': 18.0}, {'Max_spout': 1.0, 'Spliters': 1.0, 'Counters': 12.0}, {'Max_spout': 1.0, 'Spliters': 2.0, 'Counters': 1.0}, {'Max_spout': 1.0, 'Spliters': 1.0, 'Counters': 9.0}, {'Max_spout': 1.0, 'Spliters': 1.0, 'Counters': 12.0}, {'Max_spout': 1.0, 'Spliters': 1.0, 'Counters': 12.0}
0.0018937558904615903, 0.0018937558904615903, 0.0, 0.0, 0.0, 0.0, 0.0, 0.0015707897696076722, 0.003421972853229538, 0.0, 0.0, 0.0, 0.0, 0.0, 0.0015707897696076722, 0.0, 0.003421972853229538, 0.0018937558904615903, 0.0, 0.0
0.2540891170501709, 0.20138025283813477, 0.2255268096923828, 0.24921512603759766, 0.27788376808166504, 0.25141024589538574, 0.3612480163574219, 0.27161550521850586, 0.6791138648986816, 1.0585060119628906, 0.21722102165222168, 0.32457470893859863, 0.1970820426940918, 0.21951937675476074, 0.7962651252746582, 0.18942832946777344, 0.2773439884185791, 0.252485990524292, 0.29291868209838867, 0.2773926258087158