{'Max_spout': 1.0, 'Spliters': 2.0, 'Counters': 3.0}, {'Max_spout': 1.0, 'Spliters': 3.0, 'Counters': 3.0}, {'Max_spout': 1.0, 'Spliters': 1.0, 'Counters': 9.0}, {'Max_spout': 1.0, 'Spliters': 1.0, 'Counters': 3.0}, {'Max_spout': 1.0, 'Spliters': 3.0, 'Counters': 18.0}, {'Max_spout': 1.0, 'Spliters': 3.0, 'Counters': 1.0}, {'Max_spout': 100.0, 'Spliters': 6.0, 'Counters': 1.0}, {'Max_spout': 1.0, 'Spliters': 3.0, 'Counters': 15.0}, {'Max_spout': 1.0, 'Spliters': 6.0, 'Counters': 6.0}, {'Max_spout': 100.0, 'Spliters': 2.0, 'Counters': 1.0}, {'Max_spout': 1.0, 'Spliters': 6.0, 'Counters': 18.0}, {'Max_spout': 1.0, 'Spliters': 6.0, 'Counters': 12.0}, {'Max_spout': 1000.0, 'Spliters': 2.0, 'Counters': 1.0}, {'Max_spout': 1.0, 'Spliters': 6.0, 'Counters': 18.0}, {'Max_spout': 1.0, 'Spliters': 1.0, 'Counters': 6.0}, {'Max_spout': 1.0, 'Spliters': 2.0, 'Counters': 12.0}, {'Max_spout': 1.0, 'Spliters': 2.0, 'Counters': 1.0}, {'Max_spout': 1.0, 'Spliters': 6.0, 'Counters': 18.0}, {'Max_spout': 1.0, 'Spliters': 1.0, 'Counters': 18.0}, {'Max_spout': 1.0, 'Spliters': 1.0, 'Counters': 9.0}
0.006926155264494582, 0.019323650221819033, 0.0018937558904615903, 0.003421972853229538, 0.012992046225260068, 0.016283364602325934, 0.09089441063087023, 0.012736609384221054, 0.013611553966170753, 0.07679547142777454, 0.010017821857759901, 0.012412175235545053, 0.0698663801076358, 0.010017821857759901, 0.003361783712524935, 0.006037998432146252, 0.003421972853229538, 0.010017821857759901, 0.0015707897696076722, 0.0018937558904615903
0.18453097343444824, 0.15185546875, 0.12803339958190918, 0.1233978271484375, 0.14355778694152832, 0.12275362014770508, 0.16790223121643066, 0.10502195358276367, 0.11846613883972168, 0.1604628562927246, 0.10026383399963379, 0.08928942680358887, 0.10274624824523926, 0.16658520698547363, 0.09726810455322266, 0.13633036613464355, 0.13014817237854004, 0.13206887245178223, 0.10689401626586914, 0.13522696495056152