{'Max_spout': 1.0, 'Spliters': 1.0, 'Counters': 12.0}, {'Max_spout': 1.0, 'Spliters': 1.0, 'Counters': 12.0}, {'Max_spout': 1.0, 'Spliters': 1.0, 'Counters': 9.0}, {'Max_spout': 1.0, 'Spliters': 2.0, 'Counters': 6.0}, {'Max_spout': 1.0, 'Spliters': 1.0, 'Counters': 1.0}, {'Max_spout': 1.0, 'Spliters': 2.0, 'Counters': 18.0}, {'Max_spout': 1.0, 'Spliters': 1.0, 'Counters': 6.0}, {'Max_spout': 1.0, 'Spliters': 1.0, 'Counters': 15.0}, {'Max_spout': 100.0, 'Spliters': 2.0, 'Counters': 1.0}, {'Max_spout': 1.0, 'Spliters': 1.0, 'Counters': 12.0}, {'Max_spout': 1.0, 'Spliters': 1.0, 'Counters': 12.0}, {'Max_spout': 10000.0, 'Spliters': 2.0, 'Counters': 1.0}, {'Max_spout': 100000.0, 'Spliters': 2.0, 'Counters': 1.0}, {'Max_spout': 1.0, 'Spliters': 1.0, 'Counters': 15.0}, {'Max_spout': 1.0, 'Spliters': 2.0, 'Counters': 18.0}, {'Max_spout': 1.0, 'Spliters': 1.0, 'Counters': 18.0}, {'Max_spout': 1.0, 'Spliters': 1.0, 'Counters': 9.0}, {'Max_spout': 1.0, 'Spliters': 2.0, 'Counters': 12.0}, {'Max_spout': 1.0, 'Spliters': 1.0, 'Counters': 9.0}, {'Max_spout': 1.0, 'Spliters': 2.0, 'Counters': 1.0}
0.0, 0.0, 0.0018937558904615903, 0.007622000452152555, 0.004807791117257265, 0.0048591720910294844, 0.003361783712524935, 0.002165341037543289, 0.07679547142777454, 0.0, 0.0, 0.06821925289128083, 0.0543493260284269, 0.002165341037543289, 0.0048591720910294844, 0.0015707897696076722, 0.0018937558904615903, 0.006037998432146252, 0.0018937558904615903, 0.003421972853229538
0.17674875259399414, 0.15678071975708008, 0.11810541152954102, 0.19076180458068848, 0.0986940860748291, 0.1647477149963379, 0.10265517234802246, 0.11613583564758301, 0.18743157386779785, 0.13579583168029785, 0.2712104320526123, 0.20646905899047852, 0.1441047191619873, 0.14597749710083008, 0.13687443733215332, 0.2805488109588623, 0.18833231925964355, 0.2537844181060791, 0.1456284523010254, 0.125352144241333