{'Max_spout': 1.0, 'Spliters': 1.0, 'Counters': 12.0}, {'Max_spout': 1.0, 'Spliters': 2.0, 'Counters': 1.0}, {'Max_spout': 10.0, 'Spliters': 3.0, 'Counters': 1.0}, {'Max_spout': 1.0, 'Spliters': 2.0, 'Counters': 1.0}, {'Max_spout': 1.0, 'Spliters': 1.0, 'Counters': 9.0}, {'Max_spout': 1.0, 'Spliters': 1.0, 'Counters': 12.0}, {'Max_spout': 1.0, 'Spliters': 1.0, 'Counters': 15.0}, {'Max_spout': 1.0, 'Spliters': 1.0, 'Counters': 15.0}, {'Max_spout': 1.0, 'Spliters': 1.0, 'Counters': 12.0}, {'Max_spout': 1.0, 'Spliters': 1.0, 'Counters': 12.0}, {'Max_spout': 10.0, 'Spliters': 3.0, 'Counters': 1.0}, {'Max_spout': 1.0, 'Spliters': 1.0, 'Counters': 9.0}, {'Max_spout': 1.0, 'Spliters': 1.0, 'Counters': 18.0}, {'Max_spout': 1.0, 'Spliters': 1.0, 'Counters': 12.0}, {'Max_spout': 1.0, 'Spliters': 1.0, 'Counters': 12.0}, {'Max_spout': 1.0, 'Spliters': 1.0, 'Counters': 9.0}, {'Max_spout': 1.0, 'Spliters': 2.0, 'Counters': 3.0}, {'Max_spout': 1.0, 'Spliters': 1.0, 'Counters': 9.0}, {'Max_spout': 1.0, 'Spliters': 1.0, 'Counters': 12.0}, {'Max_spout': 1.0, 'Spliters': 1.0, 'Counters': 12.0}
0.0, 0.003421972853229538, 0.0605502755488222, 0.003421972853229538, 0.0018937558904615903, 0.0, 0.002165341037543289, 0.002165341037543289, 0.0, 0.0, 0.0605502755488222, 0.0018937558904615903, 0.0015707897696076722, 0.0, 0.0, 0.0018937558904615903, 0.006926155264494582, 0.0018937558904615903, 0.0, 0.0
0.32123899459838867, 0.3774898052215576, 0.27915120124816895, 0.1674025058746338, 0.2209019660949707, 0.21365880966186523, 0.28060150146484375, 0.15800237655639648, 0.2793281078338623, 0.27104759216308594, 0.6348028182983398, 0.46721982955932617, 0.3097116947174072, 0.3428471088409424, 0.35754919052124023, 0.26296067237854004, 0.2014620304107666, 0.22376632690429688, 0.25583529472351074, 0.20704269409179688