{'Max_spout': 1.0, 'Spliters': 1.0, 'Counters': 12.0}, {'Max_spout': 1.0, 'Spliters': 1.0, 'Counters': 12.0}, {'Max_spout': 1.0, 'Spliters': 1.0, 'Counters': 18.0}, {'Max_spout': 1.0, 'Spliters': 1.0, 'Counters': 6.0}, {'Max_spout': 1.0, 'Spliters': 2.0, 'Counters': 1.0}, {'Max_spout': 1.0, 'Spliters': 2.0, 'Counters': 18.0}, {'Max_spout': 1.0, 'Spliters': 1.0, 'Counters': 6.0}, {'Max_spout': 1.0, 'Spliters': 1.0, 'Counters': 18.0}, {'Max_spout': 10.0, 'Spliters': 2.0, 'Counters': 1.0}, {'Max_spout': 1.0, 'Spliters': 1.0, 'Counters': 12.0}, {'Max_spout': 1.0, 'Spliters': 1.0, 'Counters': 12.0}, {'Max_spout': 10000.0, 'Spliters': 2.0, 'Counters': 1.0}, {'Max_spout': 1.0, 'Spliters': 2.0, 'Counters': 1.0}, {'Max_spout': 1.0, 'Spliters': 1.0, 'Counters': 15.0}, {'Max_spout': 1.0, 'Spliters': 1.0, 'Counters': 18.0}, {'Max_spout': 1.0, 'Spliters': 1.0, 'Counters': 18.0}, {'Max_spout': 1.0, 'Spliters': 1.0, 'Counters': 9.0}, {'Max_spout': 1.0, 'Spliters': 1.0, 'Counters': 18.0}, {'Max_spout': 1.0, 'Spliters': 1.0, 'Counters': 9.0}, {'Max_spout': 1.0, 'Spliters': 2.0, 'Counters': 1.0}
0.0, 0.0, 0.0015707897696076722, 0.003361783712524935, 0.003421972853229538, 0.0048591720910294844, 0.003361783712524935, 0.0015707897696076722, 0.06193168972938379, 0.0, 0.0, 0.06821925289128083, 0.003421972853229538, 0.002165341037543289, 0.0015707897696076722, 0.0015707897696076722, 0.0018937558904615903, 0.0015707897696076722, 0.0018937558904615903, 0.003421972853229538
0.31128406524658203, 0.2003493309020996, 0.2695732116699219, 0.24298739433288574, 0.49948954582214355, 0.25048279762268066, 0.21334385871887207, 0.2296304702758789, 0.1495203971862793, 0.3038158416748047, 0.21645641326904297, 0.23909497261047363, 0.2958343029022217, 0.15949320793151855, 0.25202107429504395, 0.276059627532959, 0.350994348526001, 0.3330988883972168, 0.26047515869140625, 0.11229753494262695