{'Max_spout': 1.0, 'Spliters': 1.0, 'Counters': 12.0}, {'Max_spout': 1.0, 'Spliters': 6.0, 'Counters': 15.0}, {'Max_spout': 1.0, 'Spliters': 6.0, 'Counters': 12.0}, {'Max_spout': 1.0, 'Spliters': 3.0, 'Counters': 12.0}, {'Max_spout': 10.0, 'Spliters': 3.0, 'Counters': 1.0}, {'Max_spout': 10.0, 'Spliters': 3.0, 'Counters': 18.0}, {'Max_spout': 1.0, 'Spliters': 1.0, 'Counters': 6.0}, {'Max_spout': 10000.0, 'Spliters': 3.0, 'Counters': 3.0}, {'Max_spout': 100.0, 'Spliters': 3.0, 'Counters': 1.0}, {'Max_spout': 1.0, 'Spliters': 1.0, 'Counters': 12.0}, {'Max_spout': 1.0, 'Spliters': 1.0, 'Counters': 12.0}, {'Max_spout': 10000.0, 'Spliters': 1.0, 'Counters': 6.0}, {'Max_spout': 100000.0, 'Spliters': 2.0, 'Counters': 1.0}, {'Max_spout': 1.0, 'Spliters': 2.0, 'Counters': 1.0}, {'Max_spout': 1000.0, 'Spliters': 2.0, 'Counters': 1.0}, {'Max_spout': 1.0, 'Spliters': 3.0, 'Counters': 1.0}, {'Max_spout': 1.0, 'Spliters': 1.0, 'Counters': 1.0}, {'Max_spout': 100.0, 'Spliters': 6.0, 'Counters': 12.0}, {'Max_spout': 1.0, 'Spliters': 2.0, 'Counters': 1.0}, {'Max_spout': 1.0, 'Spliters': 2.0, 'Counters': 1.0}
0.0, 0.010632925515204339, 0.012412175235545053, 0.012569254212505876, 0.0605502755488222, 0.17072576359467162, 0.003361783712524935, 0.21826050447308076, 0.08235342476210605, 0.0, 0.0, 0.234761137193072, 0.0543493260284269, 0.003421972853229538, 0.0698663801076358, 0.016283364602325934, 0.004807791117257265, 0.3109811417145978, 0.003421972853229538, 0.003421972853229538
0.22493791580200195, 0.17705130577087402, 0.12237310409545898, 0.10987567901611328, 0.07076501846313477, 0.11505484580993652, 0.14262723922729492, 0.08308291435241699, 0.1646871566772461, 0.11235475540161133, 0.17304348945617676, 0.20236515998840332, 0.07173728942871094, 0.12152910232543945, 0.04461550712585449, 0.10055375099182129, 0.0775289535522461, 0.1487264633178711, 0.18250799179077148, 0.06547403335571289