{'Max_spout': 1.0, 'Spliters': 1.0, 'Counters': 12.0}, {'Max_spout': 1.0, 'Spliters': 1.0, 'Counters': 12.0}, {'Max_spout': 1.0, 'Spliters': 1.0, 'Counters': 15.0}, {'Max_spout': 1.0, 'Spliters': 2.0, 'Counters': 6.0}, {'Max_spout': 10.0, 'Spliters': 3.0, 'Counters': 1.0}, {'Max_spout': 1.0, 'Spliters': 3.0, 'Counters': 18.0}, {'Max_spout': 1.0, 'Spliters': 1.0, 'Counters': 6.0}, {'Max_spout': 10000.0, 'Spliters': 2.0, 'Counters': 1.0}, {'Max_spout': 100.0, 'Spliters': 2.0, 'Counters': 1.0}, {'Max_spout': 1.0, 'Spliters': 1.0, 'Counters': 12.0}, {'Max_spout': 1.0, 'Spliters': 1.0, 'Counters': 12.0}, {'Max_spout': 10000.0, 'Spliters': 2.0, 'Counters': 1.0}, {'Max_spout': 100000.0, 'Spliters': 2.0, 'Counters': 1.0}, {'Max_spout': 1.0, 'Spliters': 1.0, 'Counters': 15.0}, {'Max_spout': 1.0, 'Spliters': 2.0, 'Counters': 18.0}, {'Max_spout': 1.0, 'Spliters': 2.0, 'Counters': 12.0}, {'Max_spout': 1.0, 'Spliters': 1.0, 'Counters': 3.0}, {'Max_spout': 1.0, 'Spliters': 2.0, 'Counters': 12.0}, {'Max_spout': 1.0, 'Spliters': 2.0, 'Counters': 1.0}, {'Max_spout': 1.0, 'Spliters': 2.0, 'Counters': 1.0}
0.0, 0.0, 0.002165341037543289, 0.007622000452152555, 0.0605502755488222, 0.012992046225260068, 0.003361783712524935, 0.06821925289128083, 0.07679547142777454, 0.0, 0.0, 0.06821925289128083, 0.0543493260284269, 0.002165341037543289, 0.0048591720910294844, 0.006037998432146252, 0.003421972853229538, 0.006037998432146252, 0.003421972853229538, 0.003421972853229538
0.23650217056274414, 0.11737966537475586, 0.2822303771972656, 0.19841766357421875, 0.10680198669433594, 0.19705581665039062, 0.22024989128112793, 0.17425537109375, 0.14599108695983887, 0.19164776802062988, 0.23685646057128906, 0.17691445350646973, 0.08971619606018066, 0.24223613739013672, 0.21109700202941895, 0.13523006439208984, 0.1671431064605713, 0.2422020435333252, 0.241912841796875, 0.07595181465148926