{'Max_spout': 1.0, 'Spliters': 1.0, 'Counters': 3.0}, {'Max_spout': 1.0, 'Spliters': 2.0, 'Counters': 6.0}, {'Max_spout': 1.0, 'Spliters': 1.0, 'Counters': 9.0}, {'Max_spout': 1.0, 'Spliters': 1.0, 'Counters': 3.0}, {'Max_spout': 1.0, 'Spliters': 3.0, 'Counters': 15.0}, {'Max_spout': 1.0, 'Spliters': 1.0, 'Counters': 12.0}, {'Max_spout': 1.0, 'Spliters': 1.0, 'Counters': 18.0}, {'Max_spout': 1.0, 'Spliters': 2.0, 'Counters': 18.0}, {'Max_spout': 1.0, 'Spliters': 1.0, 'Counters': 18.0}, {'Max_spout': 1.0, 'Spliters': 6.0, 'Counters': 3.0}, {'Max_spout': 1.0, 'Spliters': 2.0, 'Counters': 6.0}, {'Max_spout': 1.0, 'Spliters': 6.0, 'Counters': 12.0}, {'Max_spout': 1.0, 'Spliters': 1.0, 'Counters': 12.0}, {'Max_spout': 1.0, 'Spliters': 2.0, 'Counters': 1.0}, {'Max_spout': 1.0, 'Spliters': 1.0, 'Counters': 6.0}, {'Max_spout': 1.0, 'Spliters': 2.0, 'Counters': 12.0}, {'Max_spout': 1.0, 'Spliters': 1.0, 'Counters': 9.0}, {'Max_spout': 1.0, 'Spliters': 1.0, 'Counters': 12.0}, {'Max_spout': 1.0, 'Spliters': 1.0, 'Counters': 18.0}, {'Max_spout': 1.0, 'Spliters': 1.0, 'Counters': 9.0}
0.003421972853229538, 0.007622000452152555, 0.0018937558904615903, 0.003421972853229538, 0.012736609384221054, 0.0, 0.0015707897696076722, 0.0048591720910294844, 0.0015707897696076722, 0.015938378064141112, 0.007622000452152555, 0.012412175235545053, 0.0, 0.003421972853229538, 0.003361783712524935, 0.006037998432146252, 0.0018937558904615903, 0.0, 0.0015707897696076722, 0.0018937558904615903
0.2777597904205322, 0.24726128578186035, 0.1942129135131836, 0.2333817481994629, 0.19670486450195312, 0.27504801750183105, 0.1933448314666748, 0.18267297744750977, 0.24182438850402832, 0.25928592681884766, 0.23094987869262695, 0.18260788917541504, 0.29424500465393066, 0.19988799095153809, 0.23930668830871582, 0.2293553352355957, 0.16046476364135742, 0.3672444820404053, 0.20659160614013672, 0.2005596160888672