{'Max_spout': 1.0, 'Spliters': 1.0, 'Counters': 9.0}, {'Max_spout': 1.0, 'Spliters': 2.0, 'Counters': 1.0}, {'Max_spout': 1.0, 'Spliters': 1.0, 'Counters': 18.0}, {'Max_spout': 1.0, 'Spliters': 1.0, 'Counters': 15.0}, {'Max_spout': 1.0, 'Spliters': 1.0, 'Counters': 12.0}, {'Max_spout': 1.0, 'Spliters': 1.0, 'Counters': 15.0}, {'Max_spout': 1.0, 'Spliters': 1.0, 'Counters': 12.0}, {'Max_spout': 1.0, 'Spliters': 1.0, 'Counters': 18.0}, {'Max_spout': 1.0, 'Spliters': 2.0, 'Counters': 1.0}, {'Max_spout': 1.0, 'Spliters': 1.0, 'Counters': 18.0}, {'Max_spout': 1.0, 'Spliters': 1.0, 'Counters': 12.0}, {'Max_spout': 1.0, 'Spliters': 1.0, 'Counters': 12.0}, {'Max_spout': 1.0, 'Spliters': 1.0, 'Counters': 12.0}, {'Max_spout': 1.0, 'Spliters': 3.0, 'Counters': 18.0}, {'Max_spout': 1.0, 'Spliters': 1.0, 'Counters': 18.0}, {'Max_spout': 1.0, 'Spliters': 1.0, 'Counters': 12.0}, {'Max_spout': 1.0, 'Spliters': 2.0, 'Counters': 1.0}, {'Max_spout': 1.0, 'Spliters': 1.0, 'Counters': 15.0}, {'Max_spout': 1.0, 'Spliters': 1.0, 'Counters': 12.0}, {'Max_spout': 1.0, 'Spliters': 1.0, 'Counters': 18.0}
0.0018937558904615903, 0.003421972853229538, 0.0015707897696076722, 0.002165341037543289, 0.0, 0.002165341037543289, 0.0, 0.0015707897696076722, 0.003421972853229538, 0.0015707897696076722, 0.0, 0.0, 0.0, 0.012992046225260068, 0.0015707897696076722, 0.0, 0.003421972853229538, 0.002165341037543289, 0.0, 0.0015707897696076722
0.30724525451660156, 0.2471785545349121, 0.3973419666290283, 0.36646223068237305, 0.24716663360595703, 0.30948662757873535, 0.3986048698425293, 0.3136327266693115, 0.3659329414367676, 0.20688700675964355, 0.20452165603637695, 0.3479440212249756, 0.5616114139556885, 0.18007445335388184, 0.44225382804870605, 0.37552499771118164, 0.3942859172821045, 0.33070898056030273, 0.41045594215393066, 0.37772250175476074