{'Max_spout': 1.0, 'Spliters': 6.0, 'Counters': 9.0}, {'Max_spout': 1.0, 'Spliters': 2.0, 'Counters': 1.0}, {'Max_spout': 10.0, 'Spliters': 3.0, 'Counters': 15.0}, {'Max_spout': 100.0, 'Spliters': 6.0, 'Counters': 1.0}, {'Max_spout': 10.0, 'Spliters': 1.0, 'Counters': 15.0}, {'Max_spout': 1.0, 'Spliters': 1.0, 'Counters': 18.0}, {'Max_spout': 1.0, 'Spliters': 6.0, 'Counters': 15.0}, {'Max_spout': 10.0, 'Spliters': 1.0, 'Counters': 3.0}, {'Max_spout': 1.0, 'Spliters': 1.0, 'Counters': 12.0}, {'Max_spout': 1.0, 'Spliters': 1.0, 'Counters': 9.0}, {'Max_spout': 10.0, 'Spliters': 3.0, 'Counters': 6.0}, {'Max_spout': 10.0, 'Spliters': 1.0, 'Counters': 15.0}, {'Max_spout': 1.0, 'Spliters': 2.0, 'Counters': 18.0}, {'Max_spout': 1.0, 'Spliters': 1.0, 'Counters': 1.0}, {'Max_spout': 1.0, 'Spliters': 6.0, 'Counters': 12.0}, {'Max_spout': 1.0, 'Spliters': 1.0, 'Counters': 6.0}, {'Max_spout': 1.0, 'Spliters': 6.0, 'Counters': 3.0}, {'Max_spout': 10.0, 'Spliters': 1.0, 'Counters': 12.0}, {'Max_spout': 1.0, 'Spliters': 3.0, 'Counters': 12.0}, {'Max_spout': 1000000.0, 'Spliters': 3.0, 'Counters': 3.0}
0.012987642141793931, 0.003421972853229538, 0.1854060418153045, 0.09089441063087023, 0.16080189551752389, 0.0015707897696076722, 0.010632925515204339, 0.15225797359311555, 0.0, 0.0018937558904615903, 0.18769616521772314, 0.16080189551752389, 0.0048591720910294844, 0.004807791117257265, 0.012412175235545053, 0.003361783712524935, 0.015938378064141112, 0.15745479208321955, 0.012569254212505876, 0.2221654584797691
0.16063857078552246, 0.16055727005004883, 0.0984041690826416, 0.11607170104980469, 0.07706570625305176, 0.06915688514709473, 0.07811546325683594, 0.1678462028503418, 0.13328003883361816, 0.17990756034851074, 0.21546316146850586, 0.24471545219421387, 0.16739606857299805, 0.1761331558227539, 0.0886678695678711, 0.14414048194885254, 0.11036276817321777, 0.09180307388305664, 0.17885088920593262, 0.08955264091491699