{'Max_spout': 100000.0, 'Spliters': 6.0, 'Counters': 1.0}, {'Max_spout': 1.0, 'Spliters': 3.0, 'Counters': 3.0}, {'Max_spout': 1.0, 'Spliters': 1.0, 'Counters': 9.0}, {'Max_spout': 1.0, 'Spliters': 1.0, 'Counters': 3.0}, {'Max_spout': 1.0, 'Spliters': 3.0, 'Counters': 18.0}, {'Max_spout': 1000.0, 'Spliters': 2.0, 'Counters': 1.0}, {'Max_spout': 100.0, 'Spliters': 6.0, 'Counters': 1.0}, {'Max_spout': 1.0, 'Spliters': 3.0, 'Counters': 15.0}, {'Max_spout': 100000.0, 'Spliters': 1.0, 'Counters': 9.0}, {'Max_spout': 1000.0, 'Spliters': 1.0, 'Counters': 1.0}, {'Max_spout': 1.0, 'Spliters': 6.0, 'Counters': 18.0}, {'Max_spout': 1.0, 'Spliters': 6.0, 'Counters': 12.0}, {'Max_spout': 10.0, 'Spliters': 1.0, 'Counters': 1.0}, {'Max_spout': 1.0, 'Spliters': 6.0, 'Counters': 18.0}, {'Max_spout': 100000.0, 'Spliters': 1.0, 'Counters': 1.0}, {'Max_spout': 1.0, 'Spliters': 6.0, 'Counters': 18.0}, {'Max_spout': 1.0, 'Spliters': 6.0, 'Counters': 9.0}, {'Max_spout': 1.0, 'Spliters': 3.0, 'Counters': 18.0}, {'Max_spout': 1.0, 'Spliters': 1.0, 'Counters': 18.0}, {'Max_spout': 1.0, 'Spliters': 2.0, 'Counters': 1.0}
0.06096330252197879, 0.012711148153912832, 0.0012736252462314246, 0.0019296845057882317, 0.010219127139933115, 0.06312562028562008, 0.0778819327639676, 0.011732080126257927, 0.24020973812859103, 0.08456637328098249, 0.012033331827074778, 0.010963888289174828, 0.05876918596769576, 0.012033331827074778, 0.057947438272689666, 0.012033331827074778, 0.009792353897109196, 0.010219127139933115, 0.001956462434749673, 0.0019045801973868182
0.19286847114562988, 0.1160898208618164, 0.13557791709899902, 0.14927172660827637, 0.09449243545532227, 0.08016276359558105, 0.1304762363433838, 0.17327141761779785, 0.09858560562133789, 0.13654804229736328, 0.10965871810913086, 0.11448073387145996, 0.0809030532836914, 0.10765767097473145, 0.08565473556518555, 0.06636786460876465, 0.060828447341918945, 0.12451434135437012, 0.06521224975585938, 0.07888078689575195