{'Max_spout': 1.0, 'Spliters': 3.0, 'Counters': 3.0}, {'Max_spout': 1.0, 'Spliters': 6.0, 'Counters': 1.0}, {'Max_spout': 1.0, 'Spliters': 1.0, 'Counters': 15.0}, {'Max_spout': 1.0, 'Spliters': 1.0, 'Counters': 3.0}, {'Max_spout': 1.0, 'Spliters': 2.0, 'Counters': 18.0}, {'Max_spout': 1000.0, 'Spliters': 1.0, 'Counters': 1.0}, {'Max_spout': 1.0, 'Spliters': 1.0, 'Counters': 15.0}, {'Max_spout': 1.0, 'Spliters': 2.0, 'Counters': 15.0}, {'Max_spout': 1000.0, 'Spliters': 6.0, 'Counters': 3.0}, {'Max_spout': 1.0, 'Spliters': 1.0, 'Counters': 9.0}, {'Max_spout': 1.0, 'Spliters': 1.0, 'Counters': 12.0}, {'Max_spout': 1.0, 'Spliters': 1.0, 'Counters': 12.0}, {'Max_spout': 1.0, 'Spliters': 1.0, 'Counters': 18.0}, {'Max_spout': 10.0, 'Spliters': 3.0, 'Counters': 18.0}, {'Max_spout': 10.0, 'Spliters': 1.0, 'Counters': 1.0}, {'Max_spout': 1.0, 'Spliters': 1.0, 'Counters': 12.0}, {'Max_spout': 10.0, 'Spliters': 6.0, 'Counters': 3.0}, {'Max_spout': 1000.0, 'Spliters': 6.0, 'Counters': 1.0}, {'Max_spout': 1.0, 'Spliters': 2.0, 'Counters': 18.0}, {'Max_spout': 1.0, 'Spliters': 2.0, 'Counters': 6.0}
0.012711148153912832, 0.014498574912093054, 0.0, 0.0019296845057882317, 0.00412714830119143, 0.08456637328098249, 0.0, 0.003507908693956674, 0.29261079786512956, 0.0012736252462314246, 0.0008150532127657595, 0.0008150532127657595, 0.001956462434749673, 0.2037582823297468, 0.05876918596769576, 0.0008150532127657595, 0.20861178195401897, 0.08616802815699232, 0.00412714830119143, 0.002341395163571347
0.1324613094329834, 0.21811938285827637, 0.0885460376739502, 0.18765640258789062, 0.07727622985839844, 0.0648658275604248, 0.1074380874633789, 0.16837477684020996, 0.17263317108154297, 0.10604262351989746, 0.12108564376831055, 0.1837148666381836, 0.0722799301147461, 0.08143353462219238, 0.10627865791320801, 0.14818215370178223, 0.23269295692443848, 0.12985444068908691, 0.06476449966430664, 0.15323710441589355