{'Max_spout': 1.0, 'Spliters': 2.0, 'Counters': 3.0}, {'Max_spout': 1.0, 'Spliters': 3.0, 'Counters': 3.0}, {'Max_spout': 1.0, 'Spliters': 1.0, 'Counters': 12.0}, {'Max_spout': 1.0, 'Spliters': 1.0, 'Counters': 3.0}, {'Max_spout': 1.0, 'Spliters': 3.0, 'Counters': 18.0}, {'Max_spout': 1.0, 'Spliters': 3.0, 'Counters': 1.0}, {'Max_spout': 100.0, 'Spliters': 6.0, 'Counters': 1.0}, {'Max_spout': 1.0, 'Spliters': 3.0, 'Counters': 15.0}, {'Max_spout': 1.0, 'Spliters': 6.0, 'Counters': 6.0}, {'Max_spout': 100.0, 'Spliters': 2.0, 'Counters': 1.0}, {'Max_spout': 1.0, 'Spliters': 3.0, 'Counters': 18.0}, {'Max_spout': 1.0, 'Spliters': 6.0, 'Counters': 12.0}, {'Max_spout': 10.0, 'Spliters': 1.0, 'Counters': 1.0}, {'Max_spout': 1.0, 'Spliters': 6.0, 'Counters': 18.0}, {'Max_spout': 1.0, 'Spliters': 1.0, 'Counters': 6.0}, {'Max_spout': 1.0, 'Spliters': 2.0, 'Counters': 12.0}, {'Max_spout': 1.0, 'Spliters': 2.0, 'Counters': 1.0}, {'Max_spout': 1.0, 'Spliters': 3.0, 'Counters': 18.0}, {'Max_spout': 1.0, 'Spliters': 1.0, 'Counters': 18.0}, {'Max_spout': 1.0, 'Spliters': 1.0, 'Counters': 9.0}
0.0038543481498961585, 0.012711148153912832, 0.0008150532127657595, 0.0019296845057882317, 0.010219127139933115, 0.014838319885792095, 0.0778819327639676, 0.011732080126257927, 0.012276006808288442, 0.06182354348986707, 0.010219127139933115, 0.010963888289174828, 0.05876918596769576, 0.012033331827074778, 0.0032401294043417073, 0.004038446411506524, 0.0019045801973868182, 0.010219127139933115, 0.001956462434749673, 0.0012736252462314246
0.20266294479370117, 0.18542695045471191, 0.21886491775512695, 0.22738051414489746, 0.11937689781188965, 0.1294102668762207, 0.2416520118713379, 0.14194917678833008, 0.1299726963043213, 0.24462294578552246, 0.16522216796875, 0.16792750358581543, 0.14005374908447266, 0.20601558685302734, 0.18871760368347168, 0.15403509140014648, 0.14737868309020996, 0.12061405181884766, 0.13801074028015137, 0.15654778480529785