{'Max_spout': 1.0, 'Spliters': 1.0, 'Counters': 12.0}, {'Max_spout': 1.0, 'Spliters': 1.0, 'Counters': 12.0}, {'Max_spout': 1.0, 'Spliters': 1.0, 'Counters': 12.0}, {'Max_spout': 1.0, 'Spliters': 1.0, 'Counters': 9.0}, {'Max_spout': 1.0, 'Spliters': 3.0, 'Counters': 9.0}, {'Max_spout': 1.0, 'Spliters': 3.0, 'Counters': 18.0}, {'Max_spout': 1.0, 'Spliters': 1.0, 'Counters': 3.0}, {'Max_spout': 1000.0, 'Spliters': 2.0, 'Counters': 1.0}, {'Max_spout': 100.0, 'Spliters': 2.0, 'Counters': 1.0}, {'Max_spout': 1.0, 'Spliters': 1.0, 'Counters': 15.0}, {'Max_spout': 1.0, 'Spliters': 1.0, 'Counters': 12.0}, {'Max_spout': 10.0, 'Spliters': 1.0, 'Counters': 3.0}, {'Max_spout': 100000.0, 'Spliters': 2.0, 'Counters': 1.0}, {'Max_spout': 1.0, 'Spliters': 1.0, 'Counters': 15.0}, {'Max_spout': 1.0, 'Spliters': 2.0, 'Counters': 6.0}, {'Max_spout': 1.0, 'Spliters': 2.0, 'Counters': 3.0}, {'Max_spout': 1.0, 'Spliters': 1.0, 'Counters': 3.0}, {'Max_spout': 1.0, 'Spliters': 1.0, 'Counters': 9.0}, {'Max_spout': 100000.0, 'Spliters': 2.0, 'Counters': 1.0}, {'Max_spout': 1.0, 'Spliters': 2.0, 'Counters': 1.0}
0.0008150532127657595, 0.0008150532127657595, 0.0008150532127657595, 0.0012736252462314246, 0.0110944306928622, 0.010219127139933115, 0.0019296845057882317, 0.06312562028562008, 0.06182354348986707, 0.0, 0.0008150532127657595, 0.1457171213056918, 0.037256467288249384, 0.0, 0.002341395163571347, 0.0038543481498961585, 0.0019296845057882317, 0.0012736252462314246, 0.037256467288249384, 0.0019045801973868182
0.26751208305358887, 0.15917754173278809, 0.10502958297729492, 0.24102234840393066, 0.11231827735900879, 0.19889116287231445, 0.1752774715423584, 0.2641713619232178, 0.27993083000183105, 0.4504063129425049, 0.21295857429504395, 0.27133703231811523, 0.12574076652526855, 0.19527769088745117, 0.22722721099853516, 0.2190418243408203, 0.16660022735595703, 0.16301655769348145, 0.2711949348449707, 0.20083355903625488