{'Max_spout': 1.0, 'Spliters': 1.0, 'Counters': 12.0}, {'Max_spout': 1.0, 'Spliters': 2.0, 'Counters': 1.0}, {'Max_spout': 1.0, 'Spliters': 1.0, 'Counters': 15.0}, {'Max_spout': 1.0, 'Spliters': 1.0, 'Counters': 15.0}, {'Max_spout': 1.0, 'Spliters': 1.0, 'Counters': 15.0}, {'Max_spout': 1.0, 'Spliters': 1.0, 'Counters': 15.0}, {'Max_spout': 1.0, 'Spliters': 1.0, 'Counters': 15.0}, {'Max_spout': 1.0, 'Spliters': 2.0, 'Counters': 15.0}, {'Max_spout': 1.0, 'Spliters': 1.0, 'Counters': 3.0}, {'Max_spout': 1.0, 'Spliters': 1.0, 'Counters': 9.0}, {'Max_spout': 1.0, 'Spliters': 1.0, 'Counters': 12.0}, {'Max_spout': 1.0, 'Spliters': 1.0, 'Counters': 12.0}, {'Max_spout': 1.0, 'Spliters': 1.0, 'Counters': 15.0}, {'Max_spout': 10000.0, 'Spliters': 3.0, 'Counters': 1.0}, {'Max_spout': 1.0, 'Spliters': 1.0, 'Counters': 15.0}, {'Max_spout': 1.0, 'Spliters': 1.0, 'Counters': 12.0}, {'Max_spout': 1.0, 'Spliters': 1.0, 'Counters': 15.0}, {'Max_spout': 1.0, 'Spliters': 3.0, 'Counters': 12.0}, {'Max_spout': 1.0, 'Spliters': 1.0, 'Counters': 15.0}, {'Max_spout': 1.0, 'Spliters': 2.0, 'Counters': 1.0}
0.0008150532127657595, 0.0019045801973868182, 0.0, 0.0, 0.0, 0.0, 0.0, 0.003507908693956674, 0.0019296845057882317, 0.0012736252462314246, 0.0008150532127657595, 0.0008150532127657595, 0.0, 0.06990210993344015, 0.0, 0.0008150532127657595, 0.0, 0.01014716145584904, 0.0, 0.0019045801973868182
0.311307430267334, 0.46135926246643066, 0.272261381149292, 0.3537425994873047, 0.2534012794494629, 0.22362065315246582, 0.28996992111206055, 0.6448218822479248, 0.29335832595825195, 0.1472773551940918, 0.11836099624633789, 0.18053150177001953, 0.22938919067382812, 0.33098745346069336, 0.1965341567993164, 0.15120625495910645, 0.2516765594482422, 0.2810492515563965, 0.18223261833190918, 0.15668892860412598