{'Max_spout': 1.0, 'Spliters': 1.0, 'Counters': 9.0}, {'Max_spout': 1.0, 'Spliters': 2.0, 'Counters': 1.0}, {'Max_spout': 1.0, 'Spliters': 1.0, 'Counters': 15.0}, {'Max_spout': 1.0, 'Spliters': 2.0, 'Counters': 1.0}, {'Max_spout': 1.0, 'Spliters': 1.0, 'Counters': 9.0}, {'Max_spout': 1.0, 'Spliters': 1.0, 'Counters': 3.0}, {'Max_spout': 1.0, 'Spliters': 2.0, 'Counters': 1.0}, {'Max_spout': 1.0, 'Spliters': 1.0, 'Counters': 15.0}, {'Max_spout': 1.0, 'Spliters': 1.0, 'Counters': 9.0}, {'Max_spout': 1.0, 'Spliters': 1.0, 'Counters': 15.0}, {'Max_spout': 1.0, 'Spliters': 2.0, 'Counters': 6.0}, {'Max_spout': 1.0, 'Spliters': 2.0, 'Counters': 3.0}, {'Max_spout': 1.0, 'Spliters': 1.0, 'Counters': 15.0}, {'Max_spout': 1.0, 'Spliters': 1.0, 'Counters': 12.0}, {'Max_spout': 1.0, 'Spliters': 2.0, 'Counters': 1.0}, {'Max_spout': 1.0, 'Spliters': 1.0, 'Counters': 12.0}, {'Max_spout': 1.0, 'Spliters': 1.0, 'Counters': 12.0}, {'Max_spout': 1.0, 'Spliters': 1.0, 'Counters': 18.0}, {'Max_spout': 1.0, 'Spliters': 1.0, 'Counters': 15.0}, {'Max_spout': 1.0, 'Spliters': 1.0, 'Counters': 9.0}
0.0012736252462314246, 0.0019045801973868182, 0.0, 0.0019045801973868182, 0.0012736252462314246, 0.0019296845057882317, 0.0019045801973868182, 0.0, 0.0012736252462314246, 0.0, 0.002341395163571347, 0.0038543481498961585, 0.0, 0.0008150532127657595, 0.0019045801973868182, 0.0008150532127657595, 0.0008150532127657595, 0.001956462434749673, 0.0, 0.0012736252462314246
0.403928279876709, 0.28996777534484863, 0.3518192768096924, 0.32504796981811523, 0.38165807723999023, 0.3206522464752197, 0.3162055015563965, 0.37215232849121094, 0.33357954025268555, 0.40999770164489746, 0.29848599433898926, 0.3515963554382324, 0.4501345157623291, 0.4822506904602051, 0.3275125026702881, 0.32588696479797363, 0.23812341690063477, 0.3567969799041748, 0.23305058479309082, 0.24797296524047852