{'Max_spout': 1.0, 'Spliters': 1.0, 'Counters': 1.0}, {'Max_spout': 1.0, 'Spliters': 1.0, 'Counters': 3.0}, {'Max_spout': 1.0, 'Spliters': 1.0, 'Counters': 15.0}, {'Max_spout': 1.0, 'Spliters': 2.0, 'Counters': 1.0}, {'Max_spout': 1.0, 'Spliters': 3.0, 'Counters': 18.0}, {'Max_spout': 1.0, 'Spliters': 1.0, 'Counters': 3.0}, {'Max_spout': 1.0, 'Spliters': 2.0, 'Counters': 1.0}, {'Max_spout': 1.0, 'Spliters': 1.0, 'Counters': 15.0}, {'Max_spout': 1.0, 'Spliters': 2.0, 'Counters': 1.0}, {'Max_spout': 1.0, 'Spliters': 1.0, 'Counters': 18.0}, {'Max_spout': 1.0, 'Spliters': 2.0, 'Counters': 6.0}, {'Max_spout': 1.0, 'Spliters': 2.0, 'Counters': 3.0}, {'Max_spout': 1.0, 'Spliters': 1.0, 'Counters': 12.0}, {'Max_spout': 1.0, 'Spliters': 1.0, 'Counters': 18.0}, {'Max_spout': 1.0, 'Spliters': 1.0, 'Counters': 6.0}, {'Max_spout': 1.0, 'Spliters': 1.0, 'Counters': 6.0}, {'Max_spout': 1.0, 'Spliters': 1.0, 'Counters': 12.0}, {'Max_spout': 1.0, 'Spliters': 1.0, 'Counters': 1.0}, {'Max_spout': 1.0, 'Spliters': 1.0, 'Counters': 15.0}, {'Max_spout': 1.0, 'Spliters': 1.0, 'Counters': 9.0}
0.0023531105074919845, 0.0019296845057882317, 0.0, 0.0019045801973868182, 0.010219127139933115, 0.0019296845057882317, 0.0019045801973868182, 0.0, 0.0019045801973868182, 0.001956462434749673, 0.002341395163571347, 0.0038543481498961585, 0.0008150532127657595, 0.001956462434749673, 0.0032401294043417073, 0.0032401294043417073, 0.0008150532127657595, 0.0023531105074919845, 0.0, 0.0012736252462314246
0.4077630043029785, 0.4815037250518799, 0.28733062744140625, 0.30535078048706055, 0.21509552001953125, 0.45955395698547363, 0.6049692630767822, 0.2557225227355957, 0.22517633438110352, 0.29137635231018066, 0.2360365390777588, 0.20406651496887207, 0.2519876956939697, 0.23252463340759277, 0.14064574241638184, 0.19527888298034668, 0.20976972579956055, 0.20961451530456543, 0.22731614112854004, 0.17136693000793457