{'Max_spout': 1.0, 'Spliters': 1.0, 'Counters': 15.0}, {'Max_spout': 1.0, 'Spliters': 1.0, 'Counters': 15.0}, {'Max_spout': 1.0, 'Spliters': 1.0, 'Counters': 12.0}, {'Max_spout': 1.0, 'Spliters': 1.0, 'Counters': 12.0}, {'Max_spout': 1.0, 'Spliters': 1.0, 'Counters': 18.0}, {'Max_spout': 1.0, 'Spliters': 2.0, 'Counters': 18.0}, {'Max_spout': 1.0, 'Spliters': 1.0, 'Counters': 15.0}, {'Max_spout': 1.0, 'Spliters': 1.0, 'Counters': 15.0}, {'Max_spout': 10.0, 'Spliters': 2.0, 'Counters': 1.0}, {'Max_spout': 1.0, 'Spliters': 1.0, 'Counters': 15.0}, {'Max_spout': 1.0, 'Spliters': 1.0, 'Counters': 12.0}, {'Max_spout': 100000.0, 'Spliters': 2.0, 'Counters': 1.0}, {'Max_spout': 1.0, 'Spliters': 2.0, 'Counters': 1.0}, {'Max_spout': 1.0, 'Spliters': 1.0, 'Counters': 15.0}, {'Max_spout': 1.0, 'Spliters': 2.0, 'Counters': 1.0}, {'Max_spout': 1.0, 'Spliters': 1.0, 'Counters': 15.0}, {'Max_spout': 1.0, 'Spliters': 1.0, 'Counters': 12.0}, {'Max_spout': 1.0, 'Spliters': 1.0, 'Counters': 12.0}, {'Max_spout': 100000.0, 'Spliters': 2.0, 'Counters': 1.0}, {'Max_spout': 1.0, 'Spliters': 2.0, 'Counters': 1.0}
0.0, 0.0, 0.0008150532127657595, 0.0008150532127657595, 0.001956462434749673, 0.00412714830119143, 0.0, 0.0, 0.048416169182955215, 0.0, 0.0008150532127657595, 0.037256467288249384, 0.0019045801973868182, 0.0, 0.0019045801973868182, 0.0, 0.0008150532127657595, 0.0008150532127657595, 0.037256467288249384, 0.0019045801973868182
0.25122594833374023, 0.24674463272094727, 0.34950685501098633, 0.24864816665649414, 0.228987455368042, 0.30565953254699707, 0.2836432456970215, 0.44016265869140625, 0.1996147632598877, 0.21071743965148926, 0.27258849143981934, 0.2265620231628418, 0.2878751754760742, 0.2226886749267578, 0.27564263343811035, 0.38904643058776855, 0.338517427444458, 0.3337545394897461, 0.1565701961517334, 0.2946629524230957