{'Max_spout': 1.0, 'Spliters': 1.0, 'Counters': 12.0}, {'Max_spout': 1.0, 'Spliters': 2.0, 'Counters': 1.0}, {'Max_spout': 1.0, 'Spliters': 1.0, 'Counters': 15.0}, {'Max_spout': 1.0, 'Spliters': 1.0, 'Counters': 15.0}, {'Max_spout': 1.0, 'Spliters': 1.0, 'Counters': 15.0}, {'Max_spout': 1.0, 'Spliters': 1.0, 'Counters': 15.0}, {'Max_spout': 1.0, 'Spliters': 1.0, 'Counters': 15.0}, {'Max_spout': 1.0, 'Spliters': 2.0, 'Counters': 15.0}, {'Max_spout': 1.0, 'Spliters': 1.0, 'Counters': 3.0}, {'Max_spout': 1.0, 'Spliters': 1.0, 'Counters': 9.0}, {'Max_spout': 1.0, 'Spliters': 1.0, 'Counters': 12.0}, {'Max_spout': 1.0, 'Spliters': 1.0, 'Counters': 12.0}, {'Max_spout': 1.0, 'Spliters': 1.0, 'Counters': 15.0}, {'Max_spout': 10000.0, 'Spliters': 3.0, 'Counters': 1.0}, {'Max_spout': 1.0, 'Spliters': 1.0, 'Counters': 15.0}, {'Max_spout': 1.0, 'Spliters': 1.0, 'Counters': 12.0}, {'Max_spout': 1.0, 'Spliters': 1.0, 'Counters': 15.0}, {'Max_spout': 1.0, 'Spliters': 3.0, 'Counters': 12.0}, {'Max_spout': 1.0, 'Spliters': 1.0, 'Counters': 15.0}, {'Max_spout': 1.0, 'Spliters': 2.0, 'Counters': 1.0}
0.0008150532127657595, 0.0019045801973868182, 0.0, 0.0, 0.0, 0.0, 0.0, 0.003507908693956674, 0.0019296845057882317, 0.0012736252462314246, 0.0008150532127657595, 0.0008150532127657595, 0.0, 0.06990210993344015, 0.0, 0.0008150532127657595, 0.0, 0.01014716145584904, 0.0, 0.0019045801973868182
0.24315261840820312, 0.2761404514312744, 0.3981337547302246, 0.6315011978149414, 0.3728487491607666, 0.4217567443847656, 0.45609617233276367, 0.25872254371643066, 0.3826298713684082, 0.339505672454834, 0.2823951244354248, 0.2837245464324951, 0.26642370223999023, 0.5231986045837402, 0.30550384521484375, 0.244415283203125, 0.38302087783813477, 0.3814675807952881, 0.18281340599060059, 0.11943793296813965