{'Max_spout': 1.0, 'Spliters': 1.0, 'Counters': 1.0}, {'Max_spout': 1.0, 'Spliters': 3.0, 'Counters': 3.0}, {'Max_spout': 1.0, 'Spliters': 1.0, 'Counters': 12.0}, {'Max_spout': 1.0, 'Spliters': 1.0, 'Counters': 3.0}, {'Max_spout': 1.0, 'Spliters': 3.0, 'Counters': 18.0}, {'Max_spout': 1.0, 'Spliters': 1.0, 'Counters': 6.0}, {'Max_spout': 1.0, 'Spliters': 1.0, 'Counters': 6.0}, {'Max_spout': 1.0, 'Spliters': 3.0, 'Counters': 15.0}, {'Max_spout': 1.0, 'Spliters': 2.0, 'Counters': 1.0}, {'Max_spout': 1.0, 'Spliters': 2.0, 'Counters': 3.0}, {'Max_spout': 1.0, 'Spliters': 2.0, 'Counters': 6.0}, {'Max_spout': 1.0, 'Spliters': 2.0, 'Counters': 3.0}, {'Max_spout': 1.0, 'Spliters': 2.0, 'Counters': 1.0}, {'Max_spout': 1.0, 'Spliters': 2.0, 'Counters': 15.0}, {'Max_spout': 1.0, 'Spliters': 1.0, 'Counters': 6.0}, {'Max_spout': 1.0, 'Spliters': 2.0, 'Counters': 12.0}, {'Max_spout': 1.0, 'Spliters': 1.0, 'Counters': 12.0}, {'Max_spout': 1.0, 'Spliters': 2.0, 'Counters': 9.0}, {'Max_spout': 1.0, 'Spliters': 1.0, 'Counters': 15.0}, {'Max_spout': 1.0, 'Spliters': 1.0, 'Counters': 9.0}
0.0023531105074919845, 0.012711148153912832, 0.0008150532127657595, 0.0019296845057882317, 0.010219127139933115, 0.0032401294043417073, 0.0032401294043417073, 0.011732080126257927, 0.0019045801973868182, 0.0038543481498961585, 0.002341395163571347, 0.0038543481498961585, 0.0019045801973868182, 0.003507908693956674, 0.0032401294043417073, 0.004038446411506524, 0.0008150532127657595, 0.003837611944295216, 0.0, 0.0012736252462314246
0.4191775321960449, 0.33974289894104004, 0.26976490020751953, 0.2373340129852295, 0.24567699432373047, 0.2466449737548828, 0.22364330291748047, 0.13774752616882324, 0.18808221817016602, 0.20731663703918457, 0.15229535102844238, 0.14646267890930176, 0.17773127555847168, 0.19072723388671875, 0.11363959312438965, 0.1675412654876709, 0.15892553329467773, 0.19746088981628418, 0.13469743728637695, 0.15447521209716797