{'Max_spout': 1.0, 'Spliters': 1.0, 'Counters': 6.0}, {'Max_spout': 1.0, 'Spliters': 6.0, 'Counters': 1.0}, {'Max_spout': 1.0, 'Spliters': 1.0, 'Counters': 15.0}, {'Max_spout': 1.0, 'Spliters': 1.0, 'Counters': 3.0}, {'Max_spout': 1.0, 'Spliters': 1.0, 'Counters': 18.0}, {'Max_spout': 1.0, 'Spliters': 2.0, 'Counters': 15.0}, {'Max_spout': 1.0, 'Spliters': 1.0, 'Counters': 15.0}, {'Max_spout': 1.0, 'Spliters': 2.0, 'Counters': 15.0}, {'Max_spout': 1.0, 'Spliters': 6.0, 'Counters': 3.0}, {'Max_spout': 1.0, 'Spliters': 1.0, 'Counters': 9.0}, {'Max_spout': 1.0, 'Spliters': 1.0, 'Counters': 12.0}, {'Max_spout': 1.0, 'Spliters': 1.0, 'Counters': 12.0}, {'Max_spout': 1.0, 'Spliters': 1.0, 'Counters': 15.0}, {'Max_spout': 10.0, 'Spliters': 3.0, 'Counters': 18.0}, {'Max_spout': 1.0, 'Spliters': 1.0, 'Counters': 1.0}, {'Max_spout': 1.0, 'Spliters': 1.0, 'Counters': 12.0}, {'Max_spout': 1.0, 'Spliters': 1.0, 'Counters': 1.0}, {'Max_spout': 1000.0, 'Spliters': 6.0, 'Counters': 1.0}, {'Max_spout': 1.0, 'Spliters': 2.0, 'Counters': 18.0}, {'Max_spout': 1.0, 'Spliters': 2.0, 'Counters': 6.0}
0.0032401294043417073, 0.014498574912093054, 0.0, 0.0019296845057882317, 0.001956462434749673, 0.003507908693956674, 0.0, 0.003507908693956674, 0.01451196387657383, 0.0012736252462314246, 0.0008150532127657595, 0.0008150532127657595, 0.0, 0.2037582823297468, 0.0023531105074919845, 0.0008150532127657595, 0.0023531105074919845, 0.08616802815699232, 0.00412714830119143, 0.002341395163571347
0.1836872100830078, 0.12142491340637207, 0.7254014015197754, 0.0955362319946289, 0.09820747375488281, 0.17183446884155273, 0.06655740737915039, 0.0922384262084961, 0.11925625801086426, 0.07391881942749023, 0.06199312210083008, 0.13917899131774902, 0.09116721153259277, 0.09493279457092285, 0.13988924026489258, 0.09179043769836426, 0.08848285675048828, 0.1382122039794922, 0.09290480613708496, 0.08019495010375977