{'Max_spout': 1.0, 'Spliters': 1.0, 'Counters': 18.0}, {'Max_spout': 1.0, 'Spliters': 6.0, 'Counters': 15.0}, {'Max_spout': 1.0, 'Spliters': 6.0, 'Counters': 12.0}, {'Max_spout': 1.0, 'Spliters': 1.0, 'Counters': 6.0}, {'Max_spout': 1.0, 'Spliters': 3.0, 'Counters': 9.0}, {'Max_spout': 10.0, 'Spliters': 3.0, 'Counters': 18.0}, {'Max_spout': 1.0, 'Spliters': 1.0, 'Counters': 6.0}, {'Max_spout': 10000.0, 'Spliters': 3.0, 'Counters': 3.0}, {'Max_spout': 100.0, 'Spliters': 3.0, 'Counters': 1.0}, {'Max_spout': 1.0, 'Spliters': 1.0, 'Counters': 12.0}, {'Max_spout': 1.0, 'Spliters': 1.0, 'Counters': 12.0}, {'Max_spout': 100.0, 'Spliters': 1.0, 'Counters': 9.0}, {'Max_spout': 100000.0, 'Spliters': 2.0, 'Counters': 1.0}, {'Max_spout': 1.0, 'Spliters': 1.0, 'Counters': 1.0}, {'Max_spout': 1000.0, 'Spliters': 2.0, 'Counters': 1.0}, {'Max_spout': 1.0, 'Spliters': 3.0, 'Counters': 1.0}, {'Max_spout': 1.0, 'Spliters': 1.0, 'Counters': 1.0}, {'Max_spout': 100.0, 'Spliters': 2.0, 'Counters': 1.0}, {'Max_spout': 1.0, 'Spliters': 3.0, 'Counters': 1.0}, {'Max_spout': 1.0, 'Spliters': 2.0, 'Counters': 1.0}
0.0, 0.011018642456691707, 0.014659191578239472, 0.0020255808389428864, 0.013299643704695163, 0.1968321402937011, 0.0020255808389428864, 0.2207090987862681, 0.07276086830006401, 0.0008018260942662669, 0.0008018260942662669, 0.23744075216460714, 0.05259397207834615, 0.004705878549212117, 0.07602151997775575, 0.01642611883838674, 0.004705878549212117, 0.07730185519279387, 0.01642611883838674, 0.005342812986996237
0.1308460235595703, 0.12057280540466309, 0.3366870880126953, 0.07070350646972656, 0.08500552177429199, 0.29493093490600586, 0.14963245391845703, 0.10265803337097168, 0.16117453575134277, 0.28232312202453613, 0.21813631057739258, 0.15524840354919434, 0.1477665901184082, 0.37304043769836426, 0.1171562671661377, 0.27321791648864746, 0.12772059440612793, 0.248488187789917, 0.09091544151306152, 0.16858243942260742