{'Max_spout': 1.0, 'Spliters': 3.0, 'Counters': 6.0}, {'Max_spout': 1.0, 'Spliters': 6.0, 'Counters': 1.0}, {'Max_spout': 1.0, 'Spliters': 1.0, 'Counters': 9.0}, {'Max_spout': 1.0, 'Spliters': 1.0, 'Counters': 3.0}, {'Max_spout': 1.0, 'Spliters': 2.0, 'Counters': 18.0}, {'Max_spout': 1000.0, 'Spliters': 1.0, 'Counters': 1.0}, {'Max_spout': 1.0, 'Spliters': 1.0, 'Counters': 15.0}, {'Max_spout': 1.0, 'Spliters': 2.0, 'Counters': 15.0}, {'Max_spout': 1000.0, 'Spliters': 6.0, 'Counters': 3.0}, {'Max_spout': 1.0, 'Spliters': 1.0, 'Counters': 18.0}, {'Max_spout': 1.0, 'Spliters': 1.0, 'Counters': 12.0}, {'Max_spout': 1.0, 'Spliters': 1.0, 'Counters': 12.0}, {'Max_spout': 1.0, 'Spliters': 1.0, 'Counters': 18.0}, {'Max_spout': 10.0, 'Spliters': 3.0, 'Counters': 18.0}, {'Max_spout': 10.0, 'Spliters': 1.0, 'Counters': 1.0}, {'Max_spout': 100.0, 'Spliters': 2.0, 'Counters': 1.0}, {'Max_spout': 10.0, 'Spliters': 6.0, 'Counters': 3.0}, {'Max_spout': 1000.0, 'Spliters': 6.0, 'Counters': 1.0}, {'Max_spout': 1.0, 'Spliters': 2.0, 'Counters': 18.0}, {'Max_spout': 1.0, 'Spliters': 2.0, 'Counters': 6.0}
0.014104702968696481, 0.01519589775424035, 0.003115159039619231, 0.003166889755378377, 0.004397110839524876, 0.09818813168053697, 0.0037165286103190143, 0.005286232516634626, 0.29840216751699034, 0.0, 0.0008018260942662669, 0.0008018260942662669, 0.0, 0.1968321402937011, 0.06889723046680507, 0.07730185519279387, 0.198416393463824, 0.12316436788298513, 0.004397110839524876, 0.007426590881168038
1.8971495628356934, 1.4164185523986816, 2.1215295791625977, 2.6960971355438232, 0.7326054573059082, 1.105048418045044, 1.793625831604004, 1.2728173732757568, 1.6457715034484863, 1.1963706016540527, 1.0173637866973877, 0.9333162307739258, 1.3936772346496582, 1.5302667617797852, 0.8590176105499268, 1.031381607055664, 1.8021631240844727, 1.9539070129394531, 0.36018967628479004, 1.3316147327423096