{'Max_spout': 1.0, 'Spliters': 1.0, 'Counters': 18.0}, {'Max_spout': 1.0, 'Spliters': 1.0, 'Counters': 12.0}, {'Max_spout': 1.0, 'Spliters': 1.0, 'Counters': 18.0}, {'Max_spout': 1.0, 'Spliters': 1.0, 'Counters': 12.0}, {'Max_spout': 1.0, 'Spliters': 1.0, 'Counters': 12.0}, {'Max_spout': 1.0, 'Spliters': 6.0, 'Counters': 15.0}, {'Max_spout': 1.0, 'Spliters': 1.0, 'Counters': 6.0}, {'Max_spout': 1.0, 'Spliters': 1.0, 'Counters': 18.0}, {'Max_spout': 100.0, 'Spliters': 3.0, 'Counters': 1.0}, {'Max_spout': 1.0, 'Spliters': 1.0, 'Counters': 18.0}, {'Max_spout': 1.0, 'Spliters': 1.0, 'Counters': 12.0}, {'Max_spout': 100000.0, 'Spliters': 2.0, 'Counters': 1.0}, {'Max_spout': 1.0, 'Spliters': 2.0, 'Counters': 1.0}, {'Max_spout': 1.0, 'Spliters': 1.0, 'Counters': 12.0}, {'Max_spout': 1.0, 'Spliters': 1.0, 'Counters': 18.0}, {'Max_spout': 1.0, 'Spliters': 1.0, 'Counters': 18.0}, {'Max_spout': 1.0, 'Spliters': 1.0, 'Counters': 6.0}, {'Max_spout': 1.0, 'Spliters': 1.0, 'Counters': 12.0}, {'Max_spout': 1.0, 'Spliters': 2.0, 'Counters': 12.0}, {'Max_spout': 1.0, 'Spliters': 1.0, 'Counters': 18.0}
0.0, 0.0008018260942662669, 0.0, 0.0008018260942662669, 0.0008018260942662669, 0.011018642456691707, 0.0020255808389428864, 0.0, 0.07276086830006401, 0.0, 0.0008018260942662669, 0.05259397207834615, 0.005342812986996237, 0.0008018260942662669, 0.0, 0.0, 0.0020255808389428864, 0.0008018260942662669, 0.005236118385743005, 0.0
0.34107017517089844, 0.3598203659057617, 0.38742613792419434, 0.25748610496520996, 0.15072131156921387, 0.27115464210510254, 0.1349794864654541, 0.24089264869689941, 0.10812735557556152, 0.20844221115112305, 0.32468509674072266, 0.3445925712585449, 0.15218234062194824, 0.24445009231567383, 0.1988847255706787, 0.26072239875793457, 0.1683032512664795, 0.250455379486084, 0.15612196922302246, 0.25634336471557617