{'Max_spout': 100000.0, 'Spliters': 1.0, 'Counters': 3.0}, {'Max_spout': 1.0, 'Spliters': 3.0, 'Counters': 3.0}, {'Max_spout': 1.0, 'Spliters': 1.0, 'Counters': 9.0}, {'Max_spout': 1.0, 'Spliters': 1.0, 'Counters': 3.0}, {'Max_spout': 1.0, 'Spliters': 3.0, 'Counters': 18.0}, {'Max_spout': 1000.0, 'Spliters': 2.0, 'Counters': 1.0}, {'Max_spout': 100.0, 'Spliters': 6.0, 'Counters': 1.0}, {'Max_spout': 1.0, 'Spliters': 3.0, 'Counters': 15.0}, {'Max_spout': 10000.0, 'Spliters': 3.0, 'Counters': 9.0}, {'Max_spout': 1000.0, 'Spliters': 1.0, 'Counters': 1.0}, {'Max_spout': 1.0, 'Spliters': 6.0, 'Counters': 18.0}, {'Max_spout': 1.0, 'Spliters': 6.0, 'Counters': 12.0}, {'Max_spout': 10.0, 'Spliters': 1.0, 'Counters': 1.0}, {'Max_spout': 1.0, 'Spliters': 6.0, 'Counters': 18.0}, {'Max_spout': 100000.0, 'Spliters': 1.0, 'Counters': 1.0}, {'Max_spout': 1.0, 'Spliters': 6.0, 'Counters': 18.0}, {'Max_spout': 1.0, 'Spliters': 6.0, 'Counters': 9.0}, {'Max_spout': 1.0, 'Spliters': 3.0, 'Counters': 18.0}, {'Max_spout': 1.0, 'Spliters': 1.0, 'Counters': 18.0}, {'Max_spout': 1.0, 'Spliters': 2.0, 'Counters': 1.0}
0.23803888856557187, 0.017691904789617685, 0.003115159039619231, 0.003166889755378377, 0.015921744359735368, 0.07602151997775575, 0.08487393871203452, 0.012987642825273094, 0.2383783713877411, 0.09818813168053697, 0.011702457855632509, 0.014659191578239472, 0.06889723046680507, 0.011702457855632509, 0.05673727909367787, 0.011702457855632509, 0.01499705781554117, 0.015921744359735368, 0.0, 0.005342812986996237
0.14998626708984375, 0.11174583435058594, 0.13947296142578125, 0.14587187767028809, 0.11774253845214844, 0.1074059009552002, 0.09748601913452148, 0.17371559143066406, 0.13730716705322266, 0.11478543281555176, 0.08941960334777832, 0.11968302726745605, 0.08844900131225586, 0.11690115928649902, 0.06991982460021973, 0.08477282524108887, 0.1203620433807373, 0.10030436515808105, 0.10632729530334473, 0.07893657684326172