{'Max_spout': 1.0, 'Spliters': 1.0, 'Counters': 12.0}, {'Max_spout': 1.0, 'Spliters': 1.0, 'Counters': 6.0}, {'Max_spout': 1.0, 'Spliters': 3.0, 'Counters': 6.0}, {'Max_spout': 1.0, 'Spliters': 1.0, 'Counters': 18.0}, {'Max_spout': 1.0, 'Spliters': 1.0, 'Counters': 18.0}, {'Max_spout': 1.0, 'Spliters': 1.0, 'Counters': 18.0}, {'Max_spout': 1.0, 'Spliters': 1.0, 'Counters': 18.0}, {'Max_spout': 1.0, 'Spliters': 1.0, 'Counters': 18.0}, {'Max_spout': 1.0, 'Spliters': 1.0, 'Counters': 18.0}, {'Max_spout': 1.0, 'Spliters': 1.0, 'Counters': 18.0}, {'Max_spout': 1.0, 'Spliters': 1.0, 'Counters': 6.0}, {'Max_spout': 1.0, 'Spliters': 1.0, 'Counters': 18.0}, {'Max_spout': 1.0, 'Spliters': 1.0, 'Counters': 6.0}, {'Max_spout': 1.0, 'Spliters': 1.0, 'Counters': 18.0}, {'Max_spout': 1.0, 'Spliters': 1.0, 'Counters': 15.0}, {'Max_spout': 1.0, 'Spliters': 1.0, 'Counters': 12.0}, {'Max_spout': 1.0, 'Spliters': 1.0, 'Counters': 18.0}, {'Max_spout': 1.0, 'Spliters': 1.0, 'Counters': 9.0}, {'Max_spout': 1.0, 'Spliters': 2.0, 'Counters': 18.0}, {'Max_spout': 1.0, 'Spliters': 1.0, 'Counters': 12.0}
0.0008018260942662669, 0.0020255808389428864, 0.014104702968696481, 0.0, 0.0, 0.0, 0.0, 0.0, 0.0, 0.0, 0.0020255808389428864, 0.0, 0.0020255808389428864, 0.0, 0.0037165286103190143, 0.0008018260942662669, 0.0, 0.003115159039619231, 0.004397110839524876, 0.0008018260942662669
0.3564150333404541, 0.28100085258483887, 0.3002490997314453, 0.32595086097717285, 0.2922971248626709, 0.2490217685699463, 0.2646665573120117, 0.36818528175354004, 0.3534867763519287, 0.2895674705505371, 0.4085395336151123, 0.32368040084838867, 0.24526071548461914, 0.26931238174438477, 0.2911696434020996, 0.19185566902160645, 0.2209949493408203, 0.3417696952819824, 0.39588356018066406, 0.2168283462524414