{'Max_spout': 1.0, 'Spliters': 1.0, 'Counters': 18.0}, {'Max_spout': 1.0, 'Spliters': 3.0, 'Counters': 3.0}, {'Max_spout': 1.0, 'Spliters': 1.0, 'Counters': 9.0}, {'Max_spout': 1.0, 'Spliters': 1.0, 'Counters': 3.0}, {'Max_spout': 1.0, 'Spliters': 2.0, 'Counters': 1.0}, {'Max_spout': 1.0, 'Spliters': 1.0, 'Counters': 6.0}, {'Max_spout': 1.0, 'Spliters': 1.0, 'Counters': 6.0}, {'Max_spout': 1.0, 'Spliters': 3.0, 'Counters': 15.0}, {'Max_spout': 1.0, 'Spliters': 2.0, 'Counters': 18.0}, {'Max_spout': 1.0, 'Spliters': 2.0, 'Counters': 3.0}, {'Max_spout': 1.0, 'Spliters': 2.0, 'Counters': 1.0}, {'Max_spout': 1.0, 'Spliters': 1.0, 'Counters': 18.0}, {'Max_spout': 1.0, 'Spliters': 2.0, 'Counters': 6.0}, {'Max_spout': 1.0, 'Spliters': 2.0, 'Counters': 12.0}, {'Max_spout': 1.0, 'Spliters': 1.0, 'Counters': 6.0}, {'Max_spout': 1.0, 'Spliters': 2.0, 'Counters': 12.0}, {'Max_spout': 1.0, 'Spliters': 1.0, 'Counters': 9.0}, {'Max_spout': 1.0, 'Spliters': 2.0, 'Counters': 9.0}, {'Max_spout': 1.0, 'Spliters': 1.0, 'Counters': 18.0}, {'Max_spout': 1.0, 'Spliters': 1.0, 'Counters': 9.0}
0.0, 0.017691904789617685, 0.003115159039619231, 0.003166889755378377, 0.005342812986996237, 0.0020255808389428864, 0.0020255808389428864, 0.012987642825273094, 0.004397110839524876, 0.0061333229871901596, 0.005342812986996237, 0.0, 0.007426590881168038, 0.005236118385743005, 0.0020255808389428864, 0.005236118385743005, 0.003115159039619231, 0.006553635052732987, 0.0, 0.003115159039619231
0.19647502899169922, 0.10271716117858887, 0.1947028636932373, 0.19806861877441406, 0.10729622840881348, 0.12115216255187988, 0.2061154842376709, 0.10046529769897461, 0.17080116271972656, 0.18149447441101074, 0.10725760459899902, 0.12888264656066895, 0.12889385223388672, 0.14651012420654297, 0.11256098747253418, 0.1406116485595703, 0.12938523292541504, 0.15032529830932617, 0.12894630432128906, 0.10274696350097656