{'Max_spout': 1.0, 'Spliters': 1.0, 'Counters': 12.0}, {'Max_spout': 1.0, 'Spliters': 1.0, 'Counters': 12.0}, {'Max_spout': 1.0, 'Spliters': 1.0, 'Counters': 12.0}, {'Max_spout': 1.0, 'Spliters': 1.0, 'Counters': 6.0}, {'Max_spout': 1.0, 'Spliters': 1.0, 'Counters': 18.0}, {'Max_spout': 1.0, 'Spliters': 1.0, 'Counters': 18.0}, {'Max_spout': 1.0, 'Spliters': 1.0, 'Counters': 18.0}, {'Max_spout': 1.0, 'Spliters': 1.0, 'Counters': 18.0}, {'Max_spout': 1.0, 'Spliters': 1.0, 'Counters': 12.0}, {'Max_spout': 1.0, 'Spliters': 1.0, 'Counters': 18.0}, {'Max_spout': 1.0, 'Spliters': 1.0, 'Counters': 12.0}, {'Max_spout': 1.0, 'Spliters': 1.0, 'Counters': 18.0}, {'Max_spout': 1.0, 'Spliters': 1.0, 'Counters': 18.0}, {'Max_spout': 1.0, 'Spliters': 2.0, 'Counters': 1.0}, {'Max_spout': 1.0, 'Spliters': 1.0, 'Counters': 1.0}, {'Max_spout': 1.0, 'Spliters': 1.0, 'Counters': 12.0}, {'Max_spout': 1.0, 'Spliters': 1.0, 'Counters': 12.0}, {'Max_spout': 1.0, 'Spliters': 1.0, 'Counters': 3.0}, {'Max_spout': 1.0, 'Spliters': 1.0, 'Counters': 18.0}, {'Max_spout': 1.0, 'Spliters': 1.0, 'Counters': 18.0}
0.0008018260942662669, 0.0008018260942662669, 0.0008018260942662669, 0.0020255808389428864, 0.0, 0.0, 0.0, 0.0, 0.0008018260942662669, 0.0, 0.0008018260942662669, 0.0, 0.0, 0.005342812986996237, 0.004705878549212117, 0.0008018260942662669, 0.0008018260942662669, 0.003166889755378377, 0.0, 0.0
0.3675377368927002, 0.27509093284606934, 0.26839232444763184, 0.406902551651001, 0.35056066513061523, 0.30353498458862305, 0.43254899978637695, 0.26612091064453125, 0.3315401077270508, 0.2517731189727783, 0.35130858421325684, 0.3411140441894531, 0.3140525817871094, 0.398451566696167, 0.21942949295043945, 0.2839679718017578, 0.36737537384033203, 0.29853129386901855, 0.24076247215270996, 0.2460944652557373