{'Max_spout': 1.0, 'Spliters': 1.0, 'Counters': 3.0}, {'Max_spout': 1.0, 'Spliters': 6.0, 'Counters': 1.0}, {'Max_spout': 1.0, 'Spliters': 1.0, 'Counters': 9.0}, {'Max_spout': 1.0, 'Spliters': 1.0, 'Counters': 6.0}, {'Max_spout': 1.0, 'Spliters': 1.0, 'Counters': 3.0}, {'Max_spout': 1.0, 'Spliters': 2.0, 'Counters': 6.0}, {'Max_spout': 1.0, 'Spliters': 1.0, 'Counters': 6.0}, {'Max_spout': 1.0, 'Spliters': 2.0, 'Counters': 15.0}, {'Max_spout': 1.0, 'Spliters': 6.0, 'Counters': 3.0}, {'Max_spout': 1.0, 'Spliters': 1.0, 'Counters': 18.0}, {'Max_spout': 1.0, 'Spliters': 1.0, 'Counters': 12.0}, {'Max_spout': 1.0, 'Spliters': 1.0, 'Counters': 18.0}, {'Max_spout': 1.0, 'Spliters': 1.0, 'Counters': 18.0}, {'Max_spout': 10.0, 'Spliters': 3.0, 'Counters': 18.0}, {'Max_spout': 100000.0, 'Spliters': 2.0, 'Counters': 1.0}, {'Max_spout': 1.0, 'Spliters': 6.0, 'Counters': 12.0}, {'Max_spout': 10.0, 'Spliters': 6.0, 'Counters': 3.0}, {'Max_spout': 1000.0, 'Spliters': 6.0, 'Counters': 1.0}, {'Max_spout': 1.0, 'Spliters': 2.0, 'Counters': 18.0}, {'Max_spout': 1.0, 'Spliters': 1.0, 'Counters': 9.0}
0.003166889755378377, 0.01519589775424035, 0.003115159039619231, 0.0020255808389428864, 0.003166889755378377, 0.007426590881168038, 0.0020255808389428864, 0.005286232516634626, 0.019185629207162158, 0.0, 0.0008018260942662669, 0.0, 0.0, 0.1968321402937011, 0.05259397207834615, 0.014659191578239472, 0.198416393463824, 0.12316436788298513, 0.004397110839524876, 0.003115159039619231
0.2403867244720459, 0.13477516174316406, 0.1356816291809082, 0.1917738914489746, 0.14957642555236816, 0.2027430534362793, 0.13294386863708496, 0.15311098098754883, 0.1085195541381836, 0.13969898223876953, 0.15794587135314941, 0.1852257251739502, 0.22327375411987305, 0.22780537605285645, 0.12255573272705078, 0.11612415313720703, 0.1228477954864502, 0.19412517547607422, 0.09395241737365723, 0.15582656860351562