{'Max_spout': 1.0, 'Spliters': 1.0, 'Counters': 18.0}, {'Max_spout': 1.0, 'Spliters': 1.0, 'Counters': 12.0}, {'Max_spout': 1.0, 'Spliters': 1.0, 'Counters': 18.0}, {'Max_spout': 1.0, 'Spliters': 1.0, 'Counters': 18.0}, {'Max_spout': 1.0, 'Spliters': 2.0, 'Counters': 18.0}, {'Max_spout': 1.0, 'Spliters': 1.0, 'Counters': 18.0}, {'Max_spout': 1.0, 'Spliters': 1.0, 'Counters': 6.0}, {'Max_spout': 1.0, 'Spliters': 1.0, 'Counters': 12.0}, {'Max_spout': 1.0, 'Spliters': 1.0, 'Counters': 18.0}, {'Max_spout': 1.0, 'Spliters': 1.0, 'Counters': 18.0}, {'Max_spout': 1.0, 'Spliters': 1.0, 'Counters': 12.0}, {'Max_spout': 1.0, 'Spliters': 1.0, 'Counters': 18.0}, {'Max_spout': 1.0, 'Spliters': 1.0, 'Counters': 12.0}, {'Max_spout': 1.0, 'Spliters': 1.0, 'Counters': 18.0}, {'Max_spout': 1.0, 'Spliters': 1.0, 'Counters': 12.0}, {'Max_spout': 1.0, 'Spliters': 1.0, 'Counters': 12.0}, {'Max_spout': 1.0, 'Spliters': 1.0, 'Counters': 18.0}, {'Max_spout': 1.0, 'Spliters': 1.0, 'Counters': 18.0}, {'Max_spout': 1.0, 'Spliters': 1.0, 'Counters': 18.0}, {'Max_spout': 1.0, 'Spliters': 1.0, 'Counters': 18.0}
0.0, 0.0008018260942662669, 0.0, 0.0, 0.004397110839524876, 0.0, 0.0020255808389428864, 0.0008018260942662669, 0.0, 0.0, 0.0008018260942662669, 0.0, 0.0008018260942662669, 0.0, 0.0008018260942662669, 0.0008018260942662669, 0.0, 0.0, 0.0, 0.0
0.4511854648590088, 0.5089313983917236, 0.6184797286987305, 0.4966886043548584, 0.3892056941986084, 0.4692206382751465, 0.35430407524108887, 0.418184757232666, 0.49045372009277344, 0.3818984031677246, 0.4400293827056885, 0.5486044883728027, 0.4241471290588379, 0.41364526748657227, 0.34764623641967773, 0.6131167411804199, 0.5743386745452881, 0.6243305206298828, 0.4555346965789795, 0.6762378215789795