{'Max_spout': 1.0, 'Spliters': 1.0, 'Counters': 18.0}, {'Max_spout': 1.0, 'Spliters': 1.0, 'Counters': 12.0}, {'Max_spout': 1.0, 'Spliters': 1.0, 'Counters': 6.0}, {'Max_spout': 1.0, 'Spliters': 1.0, 'Counters': 12.0}, {'Max_spout': 1.0, 'Spliters': 1.0, 'Counters': 9.0}, {'Max_spout': 1.0, 'Spliters': 3.0, 'Counters': 9.0}, {'Max_spout': 1.0, 'Spliters': 1.0, 'Counters': 6.0}, {'Max_spout': 1.0, 'Spliters': 1.0, 'Counters': 15.0}, {'Max_spout': 100.0, 'Spliters': 3.0, 'Counters': 1.0}, {'Max_spout': 1.0, 'Spliters': 1.0, 'Counters': 18.0}, {'Max_spout': 1.0, 'Spliters': 1.0, 'Counters': 12.0}, {'Max_spout': 10.0, 'Spliters': 1.0, 'Counters': 3.0}, {'Max_spout': 100000.0, 'Spliters': 2.0, 'Counters': 1.0}, {'Max_spout': 1.0, 'Spliters': 1.0, 'Counters': 12.0}, {'Max_spout': 1.0, 'Spliters': 2.0, 'Counters': 18.0}, {'Max_spout': 1.0, 'Spliters': 1.0, 'Counters': 18.0}, {'Max_spout': 1.0, 'Spliters': 1.0, 'Counters': 6.0}, {'Max_spout': 1.0, 'Spliters': 1.0, 'Counters': 9.0}, {'Max_spout': 1.0, 'Spliters': 2.0, 'Counters': 12.0}, {'Max_spout': 1.0, 'Spliters': 1.0, 'Counters': 18.0}
0.0, 0.0008018260942662669, 0.0020255808389428864, 0.0008018260942662669, 0.003115159039619231, 0.013299643704695163, 0.0020255808389428864, 0.0037165286103190143, 0.07276086830006401, 0.0, 0.0008018260942662669, 0.14117312330662735, 0.05259397207834615, 0.0008018260942662669, 0.004397110839524876, 0.0, 0.0020255808389428864, 0.003115159039619231, 0.005236118385743005, 0.0
0.2760155200958252, 0.3145608901977539, 0.2914848327636719, 0.22193074226379395, 0.2648165225982666, 0.34900760650634766, 0.11331391334533691, 0.24157261848449707, 0.24019384384155273, 0.3727757930755615, 0.24166464805603027, 0.20108532905578613, 0.13989639282226562, 0.24380850791931152, 0.16047930717468262, 0.15155816078186035, 0.14127635955810547, 0.16505837440490723, 0.15285110473632812, 0.24534916877746582