{'Max_spout': 1.0, 'Spliters': 3.0, 'Counters': 6.0}, {'Max_spout': 1.0, 'Spliters': 2.0, 'Counters': 1.0}, {'Max_spout': 100.0, 'Spliters': 3.0, 'Counters': 3.0}, {'Max_spout': 1.0, 'Spliters': 6.0, 'Counters': 9.0}, {'Max_spout': 1.0, 'Spliters': 3.0, 'Counters': 15.0}, {'Max_spout': 1.0, 'Spliters': 1.0, 'Counters': 18.0}, {'Max_spout': 1.0, 'Spliters': 2.0, 'Counters': 12.0}, {'Max_spout': 1.0, 'Spliters': 1.0, 'Counters': 15.0}, {'Max_spout': 1.0, 'Spliters': 1.0, 'Counters': 12.0}, {'Max_spout': 1.0, 'Spliters': 1.0, 'Counters': 18.0}, {'Max_spout': 100000.0, 'Spliters': 2.0, 'Counters': 1.0}, {'Max_spout': 1.0, 'Spliters': 1.0, 'Counters': 15.0}, {'Max_spout': 10000.0, 'Spliters': 2.0, 'Counters': 1.0}, {'Max_spout': 1.0, 'Spliters': 1.0, 'Counters': 12.0}, {'Max_spout': 1.0, 'Spliters': 6.0, 'Counters': 6.0}, {'Max_spout': 1.0, 'Spliters': 1.0, 'Counters': 6.0}, {'Max_spout': 1.0, 'Spliters': 2.0, 'Counters': 12.0}, {'Max_spout': 10.0, 'Spliters': 2.0, 'Counters': 3.0}, {'Max_spout': 1.0, 'Spliters': 2.0, 'Counters': 18.0}, {'Max_spout': 1.0, 'Spliters': 2.0, 'Counters': 12.0}
0.014104702968696481, 0.005342812986996237, 0.20978098508215481, 0.01499705781554117, 0.012987642825273094, 0.0, 0.005236118385743005, 0.0037165286103190143, 0.0008018260942662669, 0.0, 0.05259397207834615, 0.0037165286103190143, 0.056051847109869546, 0.0008018260942662669, 0.014272827794913567, 0.0020255808389428864, 0.005236118385743005, 0.16496925255582062, 0.004397110839524876, 0.005236118385743005
0.2233564853668213, 0.13678956031799316, 0.18546414375305176, 0.16120648384094238, 0.12258005142211914, 0.12130355834960938, 0.1440870761871338, 0.1748664379119873, 0.19794583320617676, 0.33372974395751953, 0.22259020805358887, 0.2047741413116455, 0.10425186157226562, 0.1916358470916748, 0.11163997650146484, 0.14661574363708496, 0.13173460960388184, 0.10965824127197266, 0.13266348838806152, 0.08342838287353516