{'Max_spout': 1.0, 'Spliters': 1.0, 'Counters': 18.0}, {'Max_spout': 1.0, 'Spliters': 2.0, 'Counters': 6.0}, {'Max_spout': 1.0, 'Spliters': 1.0, 'Counters': 9.0}, {'Max_spout': 1.0, 'Spliters': 1.0, 'Counters': 6.0}, {'Max_spout': 1.0, 'Spliters': 2.0, 'Counters': 1.0}, {'Max_spout': 1.0, 'Spliters': 1.0, 'Counters': 6.0}, {'Max_spout': 1.0, 'Spliters': 1.0, 'Counters': 6.0}, {'Max_spout': 1.0, 'Spliters': 1.0, 'Counters': 6.0}, {'Max_spout': 1.0, 'Spliters': 1.0, 'Counters': 3.0}, {'Max_spout': 1.0, 'Spliters': 2.0, 'Counters': 3.0}, {'Max_spout': 1.0, 'Spliters': 2.0, 'Counters': 1.0}, {'Max_spout': 1.0, 'Spliters': 1.0, 'Counters': 18.0}, {'Max_spout': 1.0, 'Spliters': 1.0, 'Counters': 12.0}, {'Max_spout': 1.0, 'Spliters': 2.0, 'Counters': 12.0}, {'Max_spout': 1.0, 'Spliters': 1.0, 'Counters': 6.0}, {'Max_spout': 1.0, 'Spliters': 2.0, 'Counters': 18.0}, {'Max_spout': 1.0, 'Spliters': 1.0, 'Counters': 9.0}, {'Max_spout': 1.0, 'Spliters': 1.0, 'Counters': 3.0}, {'Max_spout': 1.0, 'Spliters': 1.0, 'Counters': 18.0}, {'Max_spout': 1.0, 'Spliters': 1.0, 'Counters': 12.0}
0.0, 0.007426590881168038, 0.003115159039619231, 0.0020255808389428864, 0.005342812986996237, 0.0020255808389428864, 0.0020255808389428864, 0.0020255808389428864, 0.003166889755378377, 0.0061333229871901596, 0.005342812986996237, 0.0, 0.0008018260942662669, 0.005236118385743005, 0.0020255808389428864, 0.004397110839524876, 0.003115159039619231, 0.003166889755378377, 0.0, 0.0008018260942662669
0.21167755126953125, 0.20372986793518066, 0.1917715072631836, 0.1925363540649414, 0.15346527099609375, 0.25241994857788086, 0.16534042358398438, 0.17442679405212402, 0.25324130058288574, 0.22341537475585938, 0.24512290954589844, 0.37324023246765137, 0.20378804206848145, 0.1538529396057129, 0.16344332695007324, 0.1775496006011963, 0.1562786102294922, 0.1709272861480713, 0.12611913681030273, 0.15539288520812988