{
  "incumbent_ids": [
    9
  ],
  "rejected_config_ids": [
    1,
    3,
    4,
    5,
    6,
    2,
    8,
    7,
    10,
    11,
    12,
    13,
    14,
    15,
    16,
    17,
    18
  ],
  "incumbents_changed": 4,
  "trajectory": [
    {
      "config_ids": [
        1
      ],
      "costs": [
        0.5734802820837315
      ],
      "trial": 1,
      "walltime": 0.01305079460144043
    },
    {
      "config_ids": [
        2
      ],
      "costs": [
        0.5594234325647385
      ],
      "trial": 2,
      "walltime": 1.5148885250091553
    },
    {
      "config_ids": [
        7
      ],
      "costs": [
        0.4993958412180537
      ],
      "trial": 7,
      "walltime": 1.5673978328704834
    },
    {
      "config_ids": [
        9
      ],
      "costs": [
        0.4926561255290707
      ],
      "trial": 9,
      "walltime": 1.5895655155181885
    }
  ],
  "state": {
    "queue": [
      [
        18,
        1
      ]
    ]
  }
}