{'Clndrs': 4.0, 'Volume': 97.0, 'Model': 82.0, 'origin': 2.0}, {'Clndrs': 4.0, 'Volume': 97.0, 'Model': 82.0, 'origin': 2.0}, {'Clndrs': 4.0, 'Volume': 97.0, 'Model': 82.0, 'origin': 2.0}, {'Clndrs': 4.0, 'Volume': 97.0, 'Model': 82.0, 'origin': 2.0}, {'Clndrs': 4.0, 'Volume': 90.0, 'Model': 78.0, 'origin': 2.0}, {'Clndrs': 4.0, 'Volume': 90.0, 'Model': 78.0, 'origin': 2.0}, {'Clndrs': 4.0, 'Volume': 90.0, 'Model': 78.0, 'origin': 2.0}, {'Clndrs': 4.0, 'Volume': 97.0, 'Model': 82.0, 'origin': 2.0}, {'Clndrs': 4.0, 'Volume': 97.0, 'Model': 82.0, 'origin': 2.0}, {'Clndrs': 4.0, 'Volume': 86.0, 'Model': 80.0, 'origin': 3.0}, {'Clndrs': 4.0, 'Volume': 97.0, 'Model': 82.0, 'origin': 2.0}, {'Clndrs': 4.0, 'Volume': 97.0, 'Model': 82.0, 'origin': 2.0}, {'Clndrs': 4.0, 'Volume': 90.0, 'Model': 78.0, 'origin': 2.0}, {'Clndrs': 4.0, 'Volume': 97.0, 'Model': 82.0, 'origin': 2.0}, {'Clndrs': 4.0, 'Volume': 90.0, 'Model': 78.0, 'origin': 2.0}, {'Clndrs': 4.0, 'Volume': 97.0, 'Model': 82.0, 'origin': 2.0}, {'Clndrs': 4.0, 'Volume': 86.0, 'Model': 80.0, 'origin': 3.0}, {'Clndrs': 4.0, 'Volume': 97.0, 'Model': 82.0, 'origin': 2.0}, {'Clndrs': 4.0, 'Volume': 97.0, 'Model': 82.0, 'origin': 2.0}, {'Clndrs': 4.0, 'Volume': 90.0, 'Model': 78.0, 'origin': 2.0}
0.8325401088277997, 0.8325401088277997, 0.8325401088277997, 0.8325401088277997, 0.8066018426764716, 0.8066018426764716, 0.8066018426764716, 0.8325401088277997, 0.8325401088277997, 0.7493058397215862, 0.8325401088277997, 0.8325401088277997, 0.8066018426764716, 0.8325401088277997, 0.8066018426764716, 0.8325401088277997, 0.7493058397215862, 0.8325401088277997, 0.8325401088277997, 0.8066018426764716
5.0284833908081055, 4.9982404708862305, 4.982713222503662, 4.992467880249023, 5.018553972244263, 5.033727407455444, 4.991919755935669, 5.077900648117065, 5.283435583114624, 5.0523552894592285, 5.04717755317688, 5.024012804031372, 5.018988132476807, 5.030468225479126, 5.0279364585876465, 4.990270137786865, 5.023967504501343, 5.0137670040130615, 5.022716760635376, 5.126711130142212