{'Clndrs': 4.0, 'Volume': 97.0, 'Model': 82.0, 'origin': 2.0}, {'Clndrs': 4.0, 'Volume': 86.0, 'Model': 81.0, 'origin': 1.0}, {'Clndrs': 4.0, 'Volume': 97.0, 'Model': 82.0, 'origin': 2.0}, {'Clndrs': 4.0, 'Volume': 85.0, 'Model': 80.0, 'origin': 2.0}, {'Clndrs': 4.0, 'Volume': 97.0, 'Model': 82.0, 'origin': 2.0}, {'Clndrs': 4.0, 'Volume': 91.0, 'Model': 71.0, 'origin': 1.0}, {'Clndrs': 4.0, 'Volume': 89.0, 'Model': 81.0, 'origin': 3.0}, {'Clndrs': 4.0, 'Volume': 98.0, 'Model': 82.0, 'origin': 1.0}, {'Clndrs': 4.0, 'Volume': 97.0, 'Model': 82.0, 'origin': 2.0}, {'Clndrs': 4.0, 'Volume': 72.0, 'Model': 71.0, 'origin': 3.0}, {'Clndrs': 4.0, 'Volume': 98.0, 'Model': 71.0, 'origin': 1.0}, {'Clndrs': 4.0, 'Volume': 86.0, 'Model': 81.0, 'origin': 1.0}, {'Clndrs': 4.0, 'Volume': 97.0, 'Model': 82.0, 'origin': 2.0}, {'Clndrs': 4.0, 'Volume': 97.0, 'Model': 82.0, 'origin': 2.0}, {'Clndrs': 4.0, 'Volume': 98.0, 'Model': 82.0, 'origin': 1.0}, {'Clndrs': 4.0, 'Volume': 91.0, 'Model': 82.0, 'origin': 3.0}, {'Clndrs': 4.0, 'Volume': 72.0, 'Model': 71.0, 'origin': 3.0}, {'Clndrs': 4.0, 'Volume': 90.0, 'Model': 78.0, 'origin': 2.0}, {'Clndrs': 4.0, 'Volume': 119.0, 'Model': 82.0, 'origin': 1.0}, {'Clndrs': 4.0, 'Volume': 72.0, 'Model': 71.0, 'origin': 3.0}
0.16745989117220028, 0.3255856910455688, 0.16745989117220028, 0.2976352869025818, 0.16745989117220028, 0.32909678259718966, 0.30394627244639594, 0.30706763493134415, 0.16745989117220028, 0.27467083302654305, 0.3578925042330301, 0.3255856910455688, 0.16745989117220028, 0.16745989117220028, 0.30706763493134415, 0.3348019145129377, 0.27467083302654305, 0.19339815732352839, 0.3880838546009786, 0.27467083302654305
0.10634136199951172, 0.10739278793334961, 0.10071706771850586, 0.10242152214050293, 0.10726118087768555, 0.10417628288269043, 0.10047554969787598, 0.09737253189086914, 0.10648751258850098, 0.12125229835510254, 0.10292816162109375, 0.0963754653930664, 0.08986783027648926, 0.09192919731140137, 0.10147380828857422, 0.10150289535522461, 0.0987551212310791, 0.09760069847106934, 0.1042172908782959, 0.1000521183013916