{'Clndrs': 4.0, 'Volume': 97.0, 'Model': 82.0, 'origin': 2.0}, {'Clndrs': 4.0, 'Volume': 98.0, 'Model': 82.0, 'origin': 1.0}, {'Clndrs': 4.0, 'Volume': 71.0, 'Model': 74.0, 'origin': 3.0}, {'Clndrs': 4.0, 'Volume': 78.0, 'Model': 78.0, 'origin': 3.0}, {'Clndrs': 5.0, 'Volume': 121.0, 'Model': 80.0, 'origin': 2.0}, {'Clndrs': 4.0, 'Volume': 90.0, 'Model': 80.0, 'origin': 2.0}, {'Clndrs': 4.0, 'Volume': 86.0, 'Model': 81.0, 'origin': 1.0}, {'Clndrs': 4.0, 'Volume': 91.0, 'Model': 82.0, 'origin': 3.0}, {'Clndrs': 4.0, 'Volume': 90.0, 'Model': 80.0, 'origin': 2.0}, {'Clndrs': 4.0, 'Volume': 72.0, 'Model': 71.0, 'origin': 3.0}, {'Clndrs': 4.0, 'Volume': 97.0, 'Model': 82.0, 'origin': 2.0}, {'Clndrs': 4.0, 'Volume': 79.0, 'Model': 81.0, 'origin': 3.0}, {'Clndrs': 4.0, 'Volume': 97.0, 'Model': 82.0, 'origin': 2.0}, {'Clndrs': 4.0, 'Volume': 97.0, 'Model': 82.0, 'origin': 2.0}, {'Clndrs': 4.0, 'Volume': 105.0, 'Model': 82.0, 'origin': 2.0}, {'Clndrs': 4.0, 'Volume': 91.0, 'Model': 82.0, 'origin': 3.0}, {'Clndrs': 4.0, 'Volume': 91.0, 'Model': 82.0, 'origin': 3.0}, {'Clndrs': 4.0, 'Volume': 97.0, 'Model': 82.0, 'origin': 2.0}, {'Clndrs': 4.0, 'Volume': 97.0, 'Model': 82.0, 'origin': 2.0}, {'Clndrs': 4.0, 'Volume': 97.0, 'Model': 73.0, 'origin': 2.0}
0.16745989117220028, 0.30706763493134415, 0.3189355873546329, 0.34854013859025934, 0.31159152325128536, 0.19532716835654673, 0.3255856910455688, 0.3348019145129377, 0.19532716835654673, 0.27467083302654305, 0.16745989117220028, 0.30835304541281605, 0.16745989117220028, 0.16745989117220028, 0.36198096077750375, 0.3348019145129377, 0.3348019145129377, 0.16745989117220028, 0.16745989117220028, 0.3216062143047753
0.20708632469177246, 0.19054532051086426, 0.19285798072814941, 0.1904921531677246, 0.20443511009216309, 0.1890730857849121, 0.18570995330810547, 0.20403003692626953, 0.19286561012268066, 0.1825861930847168, 0.19513177871704102, 0.18389153480529785, 0.18847322463989258, 0.22237110137939453, 0.1870861053466797, 0.1821432113647461, 0.184248685836792, 0.18779420852661133, 0.2091352939605713, 0.18910646438598633