{'Clndrs': 4.0, 'Volume': 85.0, 'Model': 80.0, 'origin': 2.0}, {'Clndrs': 4.0, 'Volume': 85.0, 'Model': 80.0, 'origin': 3.0}, {'Clndrs': 4.0, 'Volume': 90.0, 'Model': 80.0, 'origin': 2.0}, {'Clndrs': 4.0, 'Volume': 71.0, 'Model': 71.0, 'origin': 3.0}, {'Clndrs': 5.0, 'Volume': 121.0, 'Model': 80.0, 'origin': 2.0}, {'Clndrs': 4.0, 'Volume': 68.0, 'Model': 73.0, 'origin': 2.0}, {'Clndrs': 4.0, 'Volume': 91.0, 'Model': 82.0, 'origin': 3.0}, {'Clndrs': 4.0, 'Volume': 98.0, 'Model': 80.0, 'origin': 2.0}, {'Clndrs': 4.0, 'Volume': 91.0, 'Model': 82.0, 'origin': 3.0}, {'Clndrs': 4.0, 'Volume': 86.0, 'Model': 80.0, 'origin': 3.0}, {'Clndrs': 4.0, 'Volume': 90.0, 'Model': 80.0, 'origin': 2.0}, {'Clndrs': 4.0, 'Volume': 85.0, 'Model': 76.0, 'origin': 1.0}, {'Clndrs': 4.0, 'Volume': 91.0, 'Model': 79.0, 'origin': 2.0}, {'Clndrs': 4.0, 'Volume': 141.0, 'Model': 79.0, 'origin': 2.0}, {'Clndrs': 4.0, 'Volume': 86.0, 'Model': 80.0, 'origin': 3.0}, {'Clndrs': 4.0, 'Volume': 72.0, 'Model': 71.0, 'origin': 3.0}, {'Clndrs': 4.0, 'Volume': 85.0, 'Model': 80.0, 'origin': 2.0}, {'Clndrs': 4.0, 'Volume': 85.0, 'Model': 81.0, 'origin': 3.0}, {'Clndrs': 4.0, 'Volume': 91.0, 'Model': 79.0, 'origin': 2.0}, {'Clndrs': 4.0, 'Volume': 105.0, 'Model': 82.0, 'origin': 1.0}
0.7023647130974182, 0.7460527793586416, 0.8046728316434533, 0.6482201137794239, 0.6884084767487146, 0.656143676626505, 0.6651980854870623, 0.6141692263543761, 0.6651980854870623, 0.7493058397215862, 0.8046728316434533, 0.6900177461469525, 0.6146790468711665, 0.6127368414609322, 0.7493058397215862, 0.725329166973457, 0.7023647130974182, 0.7575468157785671, 0.6146790468711665, 0.6148579843999686
0.051038265228271484, 0.05010843276977539, 0.053760528564453125, 0.0525209903717041, 0.05159115791320801, 0.053759098052978516, 0.053029775619506836, 0.056455373764038086, 0.051598310470581055, 0.054471492767333984, 0.051549673080444336, 0.059072017669677734, 0.05331540107727051, 0.052741050720214844, 0.0496063232421875, 0.05093836784362793, 0.05257463455200195, 0.05352950096130371, 0.05452227592468262, 0.05742979049682617