{'Clndrs': 4.0, 'Volume': 85.0, 'Model': 80.0, 'origin': 2.0}, {'Clndrs': 4.0, 'Volume': 97.0, 'Model': 82.0, 'origin': 2.0}, {'Clndrs': 4.0, 'Volume': 97.0, 'Model': 82.0, 'origin': 2.0}, {'Clndrs': 4.0, 'Volume': 97.0, 'Model': 82.0, 'origin': 2.0}, {'Clndrs': 4.0, 'Volume': 79.0, 'Model': 77.0, 'origin': 2.0}, {'Clndrs': 4.0, 'Volume': 97.0, 'Model': 70.0, 'origin': 2.0}, {'Clndrs': 4.0, 'Volume': 90.0, 'Model': 80.0, 'origin': 2.0}, {'Clndrs': 4.0, 'Volume': 86.0, 'Model': 80.0, 'origin': 3.0}, {'Clndrs': 4.0, 'Volume': 89.0, 'Model': 81.0, 'origin': 3.0}, {'Clndrs': 4.0, 'Volume': 86.0, 'Model': 80.0, 'origin': 3.0}, {'Clndrs': 4.0, 'Volume': 90.0, 'Model': 80.0, 'origin': 2.0}, {'Clndrs': 4.0, 'Volume': 85.0, 'Model': 78.0, 'origin': 3.0}, {'Clndrs': 4.0, 'Volume': 68.0, 'Model': 73.0, 'origin': 2.0}, {'Clndrs': 4.0, 'Volume': 97.0, 'Model': 82.0, 'origin': 2.0}, {'Clndrs': 4.0, 'Volume': 90.0, 'Model': 80.0, 'origin': 2.0}, {'Clndrs': 4.0, 'Volume': 86.0, 'Model': 80.0, 'origin': 3.0}, {'Clndrs': 4.0, 'Volume': 79.0, 'Model': 77.0, 'origin': 2.0}, {'Clndrs': 4.0, 'Volume': 97.0, 'Model': 82.0, 'origin': 2.0}, {'Clndrs': 4.0, 'Volume': 85.0, 'Model': 78.0, 'origin': 3.0}, {'Clndrs': 4.0, 'Volume': 90.0, 'Model': 78.0, 'origin': 2.0}
0.7023647130974182, 0.8325401088277997, 0.8325401088277997, 0.8325401088277997, 0.7403148794100889, 0.6736701852643636, 0.8046728316434533, 0.7493058397215862, 0.6960537275536041, 0.7493058397215862, 0.8046728316434533, 0.7319919057900646, 0.656143676626505, 0.8325401088277997, 0.8046728316434533, 0.7493058397215862, 0.7403148794100889, 0.8325401088277997, 0.7319919057900646, 0.8066018426764716
0.3242795467376709, 0.333568811416626, 0.32268714904785156, 0.32204580307006836, 0.32209110260009766, 0.32253527641296387, 0.32137441635131836, 0.32199835777282715, 0.3251159191131592, 0.32183003425598145, 0.32416272163391113, 0.32379889488220215, 0.32213449478149414, 0.32395386695861816, 0.3394038677215576, 0.32646965980529785, 0.3263561725616455, 0.32941579818725586, 0.32409048080444336, 0.33116745948791504