{'Clndrs': 4.0, 'Volume': 72.0, 'Model': 71.0, 'origin': 3.0}, {'Clndrs': 4.0, 'Volume': 97.0, 'Model': 82.0, 'origin': 2.0}, {'Clndrs': 4.0, 'Volume': 97.0, 'Model': 82.0, 'origin': 2.0}, {'Clndrs': 4.0, 'Volume': 97.0, 'Model': 82.0, 'origin': 2.0}, {'Clndrs': 4.0, 'Volume': 79.0, 'Model': 77.0, 'origin': 2.0}, {'Clndrs': 4.0, 'Volume': 90.0, 'Model': 78.0, 'origin': 2.0}, {'Clndrs': 4.0, 'Volume': 90.0, 'Model': 78.0, 'origin': 2.0}, {'Clndrs': 4.0, 'Volume': 86.0, 'Model': 80.0, 'origin': 3.0}, {'Clndrs': 4.0, 'Volume': 85.0, 'Model': 78.0, 'origin': 3.0}, {'Clndrs': 4.0, 'Volume': 86.0, 'Model': 80.0, 'origin': 3.0}, {'Clndrs': 4.0, 'Volume': 97.0, 'Model': 82.0, 'origin': 2.0}, {'Clndrs': 4.0, 'Volume': 97.0, 'Model': 82.0, 'origin': 2.0}, {'Clndrs': 4.0, 'Volume': 86.0, 'Model': 80.0, 'origin': 3.0}, {'Clndrs': 4.0, 'Volume': 97.0, 'Model': 82.0, 'origin': 2.0}, {'Clndrs': 4.0, 'Volume': 90.0, 'Model': 80.0, 'origin': 2.0}, {'Clndrs': 4.0, 'Volume': 86.0, 'Model': 80.0, 'origin': 3.0}, {'Clndrs': 4.0, 'Volume': 86.0, 'Model': 80.0, 'origin': 3.0}, {'Clndrs': 4.0, 'Volume': 97.0, 'Model': 82.0, 'origin': 2.0}, {'Clndrs': 4.0, 'Volume': 79.0, 'Model': 77.0, 'origin': 2.0}, {'Clndrs': 4.0, 'Volume': 90.0, 'Model': 78.0, 'origin': 2.0}
0.725329166973457, 0.8325401088277997, 0.8325401088277997, 0.8325401088277997, 0.7403148794100889, 0.8066018426764716, 0.8066018426764716, 0.7493058397215862, 0.7319919057900646, 0.7493058397215862, 0.8325401088277997, 0.8325401088277997, 0.7493058397215862, 0.8325401088277997, 0.8046728316434533, 0.7493058397215862, 0.7493058397215862, 0.8325401088277997, 0.7403148794100889, 0.8066018426764716
1.1938471794128418, 1.175849199295044, 1.2055814266204834, 1.1932132244110107, 1.179182767868042, 1.1758623123168945, 1.1907520294189453, 1.2260856628417969, 1.1895122528076172, 1.1833693981170654, 1.1961355209350586, 1.2019197940826416, 1.195385217666626, 1.1903574466705322, 1.1897337436676025, 1.1925978660583496, 1.20711088180542, 1.1919312477111816, 1.1985681056976318, 1.197524070739746