{'Spout_wait': 7.0, 'Spliters': 3.0, 'Counters': 17.0}, {'Spout_wait': 9.0, 'Spliters': 2.0, 'Counters': 13.0}, {'Spout_wait': 1.0, 'Spliters': 6.0, 'Counters': 17.0}, {'Spout_wait': 100.0, 'Spliters': 6.0, 'Counters': 18.0}, {'Spout_wait': 10.0, 'Spliters': 6.0, 'Counters': 18.0}, {'Spout_wait': 100.0, 'Spliters': 3.0, 'Counters': 14.0}, {'Spout_wait': 7.0, 'Spliters': 3.0, 'Counters': 10.0}, {'Spout_wait': 4.0, 'Spliters': 6.0, 'Counters': 17.0}, {'Spout_wait': 4.0, 'Spliters': 6.0, 'Counters': 17.0}, {'Spout_wait': 2.0, 'Spliters': 6.0, 'Counters': 17.0}, {'Spout_wait': 7.0, 'Spliters': 5.0, 'Counters': 17.0}, {'Spout_wait': 100.0, 'Spliters': 6.0, 'Counters': 18.0}, {'Spout_wait': 6.0, 'Spliters': 5.0, 'Counters': 18.0}, {'Spout_wait': 2.0, 'Spliters': 3.0, 'Counters': 18.0}, {'Spout_wait': 100.0, 'Spliters': 4.0, 'Counters': 17.0}, {'Spout_wait': 9.0, 'Spliters': 6.0, 'Counters': 18.0}, {'Spout_wait': 7.0, 'Spliters': 6.0, 'Counters': 17.0}, {'Spout_wait': 10.0, 'Spliters': 5.0, 'Counters': 18.0}, {'Spout_wait': 10.0, 'Spliters': 4.0, 'Counters': 16.0}, {'Spout_wait': 100.0, 'Spliters': 6.0, 'Counters': 17.0}
0.02967052168107598, 0.11995909212524447, 0.0947019071992724, 0.08310206306355905, 0.029511347490367323, 0.10868101900495053, 0.14013009155510348, 0.04488372625774839, 0.04488372625774839, 0.03826415626869606, 0.052111765036209845, 0.08310206306355905, 0.043214253142607406, 0.11307470783533258, 0.08533787863612297, 0.03142005946668358, 0.02810356721455487, 0.03932649393228327, 0.07739417901803258, 0.06173091761865335
0.09154582023620605, 0.06923890113830566, 0.06976675987243652, 0.07332491874694824, 0.05580615997314453, 0.06450533866882324, 0.05872631072998047, 0.05332684516906738, 0.07289409637451172, 0.047751665115356445, 0.046476125717163086, 0.05077815055847168, 0.07657217979431152, 0.05294990539550781, 0.04779934883117676, 0.05573105812072754, 0.07044649124145508, 0.06004619598388672, 0.048616647720336914, 0.06624984741210938