{'Spout_wait': 7.0, 'Spliters': 3.0, 'Counters': 17.0}, {'Spout_wait': 4.0, 'Spliters': 5.0, 'Counters': 17.0}, {'Spout_wait': 3.0, 'Spliters': 6.0, 'Counters': 18.0}, {'Spout_wait': 9.0, 'Spliters': 6.0, 'Counters': 17.0}, {'Spout_wait': 9.0, 'Spliters': 3.0, 'Counters': 17.0}, {'Spout_wait': 5.0, 'Spliters': 3.0, 'Counters': 17.0}, {'Spout_wait': 5.0, 'Spliters': 6.0, 'Counters': 18.0}, {'Spout_wait': 4.0, 'Spliters': 4.0, 'Counters': 18.0}, {'Spout_wait': 8.0, 'Spliters': 6.0, 'Counters': 17.0}, {'Spout_wait': 6.0, 'Spliters': 6.0, 'Counters': 17.0}, {'Spout_wait': 10.0, 'Spliters': 3.0, 'Counters': 17.0}, {'Spout_wait': 2.0, 'Spliters': 6.0, 'Counters': 17.0}, {'Spout_wait': 5.0, 'Spliters': 5.0, 'Counters': 18.0}, {'Spout_wait': 10.0, 'Spliters': 6.0, 'Counters': 18.0}, {'Spout_wait': 8.0, 'Spliters': 6.0, 'Counters': 17.0}, {'Spout_wait': 9.0, 'Spliters': 3.0, 'Counters': 17.0}, {'Spout_wait': 8.0, 'Spliters': 6.0, 'Counters': 18.0}, {'Spout_wait': 10.0, 'Spliters': 5.0, 'Counters': 18.0}, {'Spout_wait': 9.0, 'Spliters': 6.0, 'Counters': 18.0}, {'Spout_wait': 4.0, 'Spliters': 6.0, 'Counters': 17.0}
0.02967052168107598, 0.0492717305442536, 0.05630847554506302, 0.008586239120553896, 0.020033994250278075, 0.021277644326842537, 0.03893991222898485, 0.07342319026494004, 0.006111178207122481, 0.025597877256524737, 0.03922607230648456, 0.03826415626869606, 0.04923334370793886, 0.029511347490367323, 0.006111178207122481, 0.020033994250278075, 0.02340892060562716, 0.03932649393228327, 0.03142005946668358, 0.04488372625774839
2.1810967922210693, 1.9657719135284424, 1.6641573905944824, 1.675602674484253, 1.66987943649292, 1.6837399005889893, 1.6766061782836914, 1.6580862998962402, 1.656163215637207, 1.6502466201782227, 1.6704623699188232, 1.6468639373779297, 1.6541755199432373, 1.6604292392730713, 1.6518070697784424, 1.6580555438995361, 1.6529169082641602, 1.6575467586517334, 1.6840636730194092, 1.6845228672027588