{'Spout_wait': 5.0, 'Spliters': 6.0, 'Counters': 17.0}, {'Spout_wait': 6.0, 'Spliters': 6.0, 'Counters': 18.0}, {'Spout_wait': 10.0, 'Spliters': 5.0, 'Counters': 15.0}, {'Spout_wait': 9.0, 'Spliters': 6.0, 'Counters': 15.0}, {'Spout_wait': 8.0, 'Spliters': 6.0, 'Counters': 14.0}, {'Spout_wait': 6.0, 'Spliters': 4.0, 'Counters': 13.0}, {'Spout_wait': 100.0, 'Spliters': 6.0, 'Counters': 18.0}, {'Spout_wait': 4.0, 'Spliters': 6.0, 'Counters': 16.0}, {'Spout_wait': 100.0, 'Spliters': 6.0, 'Counters': 9.0}, {'Spout_wait': 6.0, 'Spliters': 6.0, 'Counters': 18.0}, {'Spout_wait': 8.0, 'Spliters': 5.0, 'Counters': 18.0}, {'Spout_wait': 3.0, 'Spliters': 2.0, 'Counters': 7.0}, {'Spout_wait': 100.0, 'Spliters': 6.0, 'Counters': 17.0}, {'Spout_wait': 8.0, 'Spliters': 6.0, 'Counters': 18.0}, {'Spout_wait': 4.0, 'Spliters': 6.0, 'Counters': 18.0}, {'Spout_wait': 2.0, 'Spliters': 1.0, 'Counters': 16.0}, {'Spout_wait': 100.0, 'Spliters': 6.0, 'Counters': 18.0}, {'Spout_wait': 6.0, 'Spliters': 6.0, 'Counters': 11.0}, {'Spout_wait': 4.0, 'Spliters': 6.0, 'Counters': 16.0}, {'Spout_wait': 8.0, 'Spliters': 6.0, 'Counters': 17.0}
0.05169565262832132, 0.06722737255341427, 0.0744609005587048, 0.05703678646842847, 0.10345865610041827, 0.11102593054665022, 0.08310206306355905, 0.08144647655494397, 0.1359091959960983, 0.06722737255341427, 0.07722248905842, 0.21850503273849609, 0.06173091761865335, 0.02340892060562716, 0.040885328550858246, 0.2794419688092904, 0.08310206306355905, 0.11114018584802376, 0.08144647655494397, 0.006111178207122481
0.046631574630737305, 0.1243281364440918, 0.03927302360534668, 0.035681724548339844, 0.0378422737121582, 0.04021954536437988, 0.04117894172668457, 0.04365253448486328, 0.04418349266052246, 0.045889854431152344, 0.04242897033691406, 0.040178537368774414, 0.03901934623718262, 0.054193973541259766, 0.04596114158630371, 0.0426025390625, 0.06917023658752441, 0.04149127006530762, 0.044699668884277344, 0.050498008728027344