{'Spout_wait': 7.0, 'Spliters': 3.0, 'Counters': 17.0}, {'Spout_wait': 3.0, 'Spliters': 6.0, 'Counters': 17.0}, {'Spout_wait': 10.0, 'Spliters': 6.0, 'Counters': 18.0}, {'Spout_wait': 1.0, 'Spliters': 6.0, 'Counters': 17.0}, {'Spout_wait': 9.0, 'Spliters': 3.0, 'Counters': 18.0}, {'Spout_wait': 3.0, 'Spliters': 6.0, 'Counters': 17.0}, {'Spout_wait': 5.0, 'Spliters': 4.0, 'Counters': 18.0}, {'Spout_wait': 7.0, 'Spliters': 5.0, 'Counters': 18.0}, {'Spout_wait': 10.0, 'Spliters': 5.0, 'Counters': 18.0}, {'Spout_wait': 6.0, 'Spliters': 3.0, 'Counters': 18.0}, {'Spout_wait': 4.0, 'Spliters': 3.0, 'Counters': 17.0}, {'Spout_wait': 5.0, 'Spliters': 6.0, 'Counters': 18.0}, {'Spout_wait': 4.0, 'Spliters': 6.0, 'Counters': 18.0}, {'Spout_wait': 10.0, 'Spliters': 3.0, 'Counters': 17.0}, {'Spout_wait': 6.0, 'Spliters': 6.0, 'Counters': 17.0}, {'Spout_wait': 9.0, 'Spliters': 3.0, 'Counters': 16.0}, {'Spout_wait': 3.0, 'Spliters': 6.0, 'Counters': 17.0}, {'Spout_wait': 4.0, 'Spliters': 6.0, 'Counters': 17.0}, {'Spout_wait': 8.0, 'Spliters': 5.0, 'Counters': 17.0}, {'Spout_wait': 10.0, 'Spliters': 6.0, 'Counters': 18.0}
0.02967052168107598, 0.031565920769186406, 0.029511347490367323, 0.0947019071992724, 0.05981031067793674, 0.031565920769186406, 0.05961471117699191, 0.05556866859947385, 0.03932649393228327, 0.0829952461022615, 0.0456255158854183, 0.03893991222898485, 0.040885328550858246, 0.03922607230648456, 0.025597877256524737, 0.06610529136170162, 0.031565920769186406, 0.04488372625774839, 0.03870106513175797, 0.029511347490367323
0.14196085929870605, 0.19017314910888672, 0.12482047080993652, 0.13782596588134766, 0.1275193691253662, 0.14791464805603027, 0.12648892402648926, 0.1271052360534668, 0.12800359725952148, 0.1266334056854248, 0.13219189643859863, 0.14603066444396973, 0.14466524124145508, 0.13744544982910156, 0.13672494888305664, 0.1585373878479004, 0.12582850456237793, 0.12625575065612793, 0.13074517250061035, 0.12564516067504883