{'Spout_wait': 9.0, 'Spliters': 6.0, 'Counters': 8.0}, {'Spout_wait': 10.0, 'Spliters': 3.0, 'Counters': 13.0}, {'Spout_wait': 6.0, 'Spliters': 6.0, 'Counters': 13.0}, {'Spout_wait': 5.0, 'Spliters': 3.0, 'Counters': 16.0}, {'Spout_wait': 8.0, 'Spliters': 6.0, 'Counters': 16.0}, {'Spout_wait': 5.0, 'Spliters': 5.0, 'Counters': 18.0}, {'Spout_wait': 6.0, 'Spliters': 6.0, 'Counters': 14.0}, {'Spout_wait': 100.0, 'Spliters': 6.0, 'Counters': 18.0}, {'Spout_wait': 4.0, 'Spliters': 6.0, 'Counters': 16.0}, {'Spout_wait': 5.0, 'Spliters': 4.0, 'Counters': 17.0}, {'Spout_wait': 4.0, 'Spliters': 6.0, 'Counters': 14.0}, {'Spout_wait': 9.0, 'Spliters': 6.0, 'Counters': 18.0}, {'Spout_wait': 5.0, 'Spliters': 6.0, 'Counters': 9.0}, {'Spout_wait': 5.0, 'Spliters': 6.0, 'Counters': 12.0}, {'Spout_wait': 4.0, 'Spliters': 6.0, 'Counters': 14.0}, {'Spout_wait': 3.0, 'Spliters': 6.0, 'Counters': 11.0}, {'Spout_wait': 100.0, 'Spliters': 6.0, 'Counters': 15.0}, {'Spout_wait': 4.0, 'Spliters': 3.0, 'Counters': 12.0}, {'Spout_wait': 1.0, 'Spliters': 5.0, 'Counters': 17.0}, {'Spout_wait': 9.0, 'Spliters': 3.0, 'Counters': 17.0}
0.848049924189815, 0.903935533175812, 0.9011994441140723, 0.9012359670766834, 0.941131670261557, 0.9507666562920611, 0.9125606186112091, 0.916897936936441, 0.918553523445056, 0.9540555996444346, 0.9123852562865075, 0.9685799405333164, 0.8712186792718288, 0.91802749059254, 0.9123852562865075, 0.8805395957187984, 0.912232569872022, 0.8561673383521425, 0.9166844482562757, 0.9799660057497219
0.019588947296142578, 0.023801326751708984, 0.011784791946411133, 0.011177301406860352, 0.016802310943603516, 0.013584613800048828, 0.012532472610473633, 0.11812901496887207, 0.010862588882446289, 0.012860536575317383, 0.016253232955932617, 0.016382932662963867, 0.009719371795654297, 0.010893821716308594, 0.011976480484008789, 0.011748552322387695, 0.010825395584106445, 0.010738849639892578, 0.021766185760498047, 0.013071298599243164