{'Spout_wait': 10.0, 'Spliters': 6.0, 'Counters': 18.0}, {'Spout_wait': 7.0, 'Spliters': 3.0, 'Counters': 17.0}, {'Spout_wait': 7.0, 'Spliters': 6.0, 'Counters': 17.0}, {'Spout_wait': 10.0, 'Spliters': 6.0, 'Counters': 18.0}, {'Spout_wait': 9.0, 'Spliters': 6.0, 'Counters': 17.0}, {'Spout_wait': 10.0, 'Spliters': 6.0, 'Counters': 18.0}, {'Spout_wait': 4.0, 'Spliters': 6.0, 'Counters': 17.0}, {'Spout_wait': 10.0, 'Spliters': 6.0, 'Counters': 15.0}, {'Spout_wait': 7.0, 'Spliters': 6.0, 'Counters': 17.0}, {'Spout_wait': 7.0, 'Spliters': 6.0, 'Counters': 17.0}, {'Spout_wait': 7.0, 'Spliters': 3.0, 'Counters': 17.0}, {'Spout_wait': 9.0, 'Spliters': 3.0, 'Counters': 17.0}, {'Spout_wait': 9.0, 'Spliters': 6.0, 'Counters': 15.0}, {'Spout_wait': 8.0, 'Spliters': 6.0, 'Counters': 17.0}, {'Spout_wait': 8.0, 'Spliters': 6.0, 'Counters': 17.0}, {'Spout_wait': 8.0, 'Spliters': 6.0, 'Counters': 17.0}, {'Spout_wait': 5.0, 'Spliters': 6.0, 'Counters': 18.0}, {'Spout_wait': 9.0, 'Spliters': 5.0, 'Counters': 17.0}, {'Spout_wait': 9.0, 'Spliters': 3.0, 'Counters': 17.0}, {'Spout_wait': 9.0, 'Spliters': 3.0, 'Counters': 17.0}
0.9704886525096327, 0.970329478318924, 0.9718964327854451, 0.9704886525096327, 0.9914137608794461, 0.9704886525096327, 0.9551162737422516, 0.9497481541710752, 0.9718964327854451, 0.9718964327854451, 0.970329478318924, 0.9799660057497219, 0.9429632135315715, 0.9938888217928775, 0.9938888217928775, 0.9938888217928775, 0.9610600877710151, 0.9795332034120323, 0.9799660057497219, 0.9799660057497219
0.9252212047576904, 0.9360935688018799, 0.9244740009307861, 0.9263043403625488, 0.9321808815002441, 1.0338695049285889, 0.9342312812805176, 0.9290874004364014, 0.9352920055389404, 0.9371023178100586, 0.9311468601226807, 0.9360463619232178, 0.9240739345550537, 0.9253928661346436, 0.9321832656860352, 0.9252438545227051, 0.9354560375213623, 0.9347965717315674, 0.9482686519622803, 0.9463281631469727