{'Spout_wait': 5.0, 'Spliters': 5.0, 'Counters': 1.0}, {'Spout_wait': 5.0, 'Spliters': 6.0, 'Counters': 16.0}, {'Spout_wait': 5.0, 'Spliters': 5.0, 'Counters': 4.0}, {'Spout_wait': 6.0, 'Spliters': 5.0, 'Counters': 1.0}, {'Spout_wait': 5.0, 'Spliters': 5.0, 'Counters': 1.0}, {'Spout_wait': 2.0, 'Spliters': 5.0, 'Counters': 14.0}, {'Spout_wait': 4.0, 'Spliters': 6.0, 'Counters': 1.0}, {'Spout_wait': 3.0, 'Spliters': 6.0, 'Counters': 1.0}, {'Spout_wait': 2.0, 'Spliters': 3.0, 'Counters': 12.0}, {'Spout_wait': 3.0, 'Spliters': 4.0, 'Counters': 15.0}, {'Spout_wait': 6.0, 'Spliters': 4.0, 'Counters': 12.0}, {'Spout_wait': 6.0, 'Spliters': 3.0, 'Counters': 12.0}, {'Spout_wait': 2.0, 'Spliters': 4.0, 'Counters': 10.0}, {'Spout_wait': 5.0, 'Spliters': 6.0, 'Counters': 1.0}, {'Spout_wait': 4.0, 'Spliters': 6.0, 'Counters': 1.0}, {'Spout_wait': 5.0, 'Spliters': 4.0, 'Counters': 1.0}, {'Spout_wait': 5.0, 'Spliters': 4.0, 'Counters': 1.0}, {'Spout_wait': 6.0, 'Spliters': 4.0, 'Counters': 15.0}, {'Spout_wait': 5.0, 'Spliters': 6.0, 'Counters': 2.0}, {'Spout_wait': 5.0, 'Spliters': 5.0, 'Counters': 10.0}
0.9999589762005285, 0.9471845719158865, 0.9453879725268942, 0.9381419041431948, 0.9999589762005285, 0.9527533311201122, 0.9365858422935551, 0.9390407939300781, 0.9187405691824724, 0.9492199797420463, 0.9394601121004069, 0.927004462421888, 0.945207978709659, 0.9302976914381861, 0.9365858422935551, 0.9451480291446092, 0.9451480291446092, 0.948202691241951, 0.914309928356133, 0.9570647084980256
0.9496586322784424, 0.9234631061553955, 0.9322171211242676, 0.9328641891479492, 0.9275257587432861, 1.0052623748779297, 0.9249603748321533, 0.9351162910461426, 0.9125688076019287, 0.9155573844909668, 0.9259822368621826, 0.9120721817016602, 0.9196088314056396, 0.934098482131958, 0.9346182346343994, 0.9267997741699219, 0.9149351119995117, 0.9169559478759766, 0.9263527393341064, 0.9239926338195801