{'Spout_wait': 5.0, 'Spliters': 5.0, 'Counters': 1.0}, {'Spout_wait': 4.0, 'Spliters': 6.0, 'Counters': 17.0}, {'Spout_wait': 3.0, 'Spliters': 3.0, 'Counters': 18.0}, {'Spout_wait': 6.0, 'Spliters': 5.0, 'Counters': 1.0}, {'Spout_wait': 5.0, 'Spliters': 5.0, 'Counters': 1.0}, {'Spout_wait': 3.0, 'Spliters': 5.0, 'Counters': 15.0}, {'Spout_wait': 6.0, 'Spliters': 3.0, 'Counters': 18.0}, {'Spout_wait': 3.0, 'Spliters': 6.0, 'Counters': 1.0}, {'Spout_wait': 2.0, 'Spliters': 3.0, 'Counters': 12.0}, {'Spout_wait': 6.0, 'Spliters': 4.0, 'Counters': 12.0}, {'Spout_wait': 6.0, 'Spliters': 4.0, 'Counters': 12.0}, {'Spout_wait': 3.0, 'Spliters': 5.0, 'Counters': 9.0}, {'Spout_wait': 2.0, 'Spliters': 4.0, 'Counters': 10.0}, {'Spout_wait': 6.0, 'Spliters': 5.0, 'Counters': 17.0}, {'Spout_wait': 5.0, 'Spliters': 4.0, 'Counters': 5.0}, {'Spout_wait': 5.0, 'Spliters': 4.0, 'Counters': 1.0}, {'Spout_wait': 5.0, 'Spliters': 4.0, 'Counters': 1.0}, {'Spout_wait': 5.0, 'Spliters': 6.0, 'Counters': 16.0}, {'Spout_wait': 6.0, 'Spliters': 3.0, 'Counters': 10.0}, {'Spout_wait': 5.0, 'Spliters': 5.0, 'Counters': 10.0}
0.9999589762005285, 0.9215556641696825, 0.9304774193082205, 0.9381419041431948, 0.9999589762005285, 0.9279028995683593, 0.9185016185018219, 0.9390407939300781, 0.9187405691824724, 0.9394601121004069, 0.9394601121004069, 0.9179022186242823, 0.945207978709659, 0.9192799282731463, 0.9272432059679843, 0.9451480291446092, 0.9451480291446092, 0.9471845719158865, 0.9077225711394631, 0.9570647084980256
0.3074805736541748, 0.3030059337615967, 0.30237770080566406, 0.30431604385375977, 0.2994394302368164, 0.38966917991638184, 0.31395459175109863, 0.3065962791442871, 0.30390262603759766, 0.3028082847595215, 0.3076615333557129, 0.3032829761505127, 0.3051788806915283, 0.30333733558654785, 0.302278995513916, 0.3066282272338867, 0.30852365493774414, 0.30483365058898926, 0.3056912422180176, 0.3096325397491455