{'Spout_wait': 6.0, 'Spliters': 4.0, 'Counters': 12.0}, {'Spout_wait': 4.0, 'Spliters': 6.0, 'Counters': 17.0}, {'Spout_wait': 6.0, 'Spliters': 6.0, 'Counters': 16.0}, {'Spout_wait': 5.0, 'Spliters': 3.0, 'Counters': 16.0}, {'Spout_wait': 5.0, 'Spliters': 5.0, 'Counters': 1.0}, {'Spout_wait': 3.0, 'Spliters': 4.0, 'Counters': 13.0}, {'Spout_wait': 5.0, 'Spliters': 6.0, 'Counters': 17.0}, {'Spout_wait': 3.0, 'Spliters': 5.0, 'Counters': 16.0}, {'Spout_wait': 5.0, 'Spliters': 3.0, 'Counters': 17.0}, {'Spout_wait': 4.0, 'Spliters': 3.0, 'Counters': 1.0}, {'Spout_wait': 6.0, 'Spliters': 4.0, 'Counters': 2.0}, {'Spout_wait': 5.0, 'Spliters': 4.0, 'Counters': 18.0}, {'Spout_wait': 3.0, 'Spliters': 6.0, 'Counters': 1.0}, {'Spout_wait': 6.0, 'Spliters': 6.0, 'Counters': 17.0}, {'Spout_wait': 4.0, 'Spliters': 6.0, 'Counters': 14.0}, {'Spout_wait': 1.0, 'Spliters': 3.0, 'Counters': 11.0}, {'Spout_wait': 6.0, 'Spliters': 6.0, 'Counters': 18.0}, {'Spout_wait': 5.0, 'Spliters': 6.0, 'Counters': 16.0}, {'Spout_wait': 6.0, 'Spliters': 3.0, 'Counters': 10.0}, {'Spout_wait': 4.0, 'Spliters': 5.0, 'Counters': 1.0}
0.9394601121004069, 0.9215556641696825, 0.9223935324674308, 0.8842373965390983, 0.9999589762005285, 0.9055670748046789, 0.8936510008877341, 0.9122738372024275, 0.915686808432755, 0.8901179812215495, 0.9352680162864048, 0.9139504987020587, 0.9390407939300781, 0.9018545592428109, 0.9269446614439654, 0.9095191088109975, 0.936825160518386, 0.9471845719158865, 0.9077225711394631, 0.9056263713444932
0.023692607879638672, 0.11217737197875977, 0.03107905387878418, 0.0210721492767334, 0.020425081253051758, 0.08822298049926758, 0.02419877052307129, 0.022591590881347656, 0.023580074310302734, 0.03428173065185547, 0.028209924697875977, 0.02515268325805664, 0.02108025550842285, 0.022992372512817383, 0.022937297821044922, 0.030936241149902344, 0.028672218322753906, 0.02244257926940918, 0.027377605438232422, 0.025454998016357422