{'Spout_wait': 5.0, 'Spliters': 3.0, 'Counters': 1.0}, {'Spout_wait': 4.0, 'Spliters': 3.0, 'Counters': 13.0}, {'Spout_wait': 5.0, 'Spliters': 4.0, 'Counters': 2.0}, {'Spout_wait': 5.0, 'Spliters': 3.0, 'Counters': 16.0}, {'Spout_wait': 5.0, 'Spliters': 5.0, 'Counters': 1.0}, {'Spout_wait': 3.0, 'Spliters': 4.0, 'Counters': 13.0}, {'Spout_wait': 3.0, 'Spliters': 6.0, 'Counters': 3.0}, {'Spout_wait': 3.0, 'Spliters': 5.0, 'Counters': 16.0}, {'Spout_wait': 5.0, 'Spliters': 3.0, 'Counters': 17.0}, {'Spout_wait': 4.0, 'Spliters': 3.0, 'Counters': 1.0}, {'Spout_wait': 6.0, 'Spliters': 4.0, 'Counters': 2.0}, {'Spout_wait': 3.0, 'Spliters': 2.0, 'Counters': 4.0}, {'Spout_wait': 5.0, 'Spliters': 6.0, 'Counters': 9.0}, {'Spout_wait': 6.0, 'Spliters': 6.0, 'Counters': 17.0}, {'Spout_wait': 4.0, 'Spliters': 6.0, 'Counters': 14.0}, {'Spout_wait': 1.0, 'Spliters': 3.0, 'Counters': 11.0}, {'Spout_wait': 6.0, 'Spliters': 6.0, 'Counters': 18.0}, {'Spout_wait': 6.0, 'Spliters': 5.0, 'Counters': 1.0}, {'Spout_wait': 6.0, 'Spliters': 3.0, 'Counters': 10.0}, {'Spout_wait': 4.0, 'Spliters': 5.0, 'Counters': 1.0}
0.9213752546331658, 0.8919737759014956, 0.9217352533024166, 0.8842373965390983, 0.9999589762005285, 0.9055670748046789, 0.8605961150150211, 0.9122738372024275, 0.915686808432755, 0.8901179812215495, 0.9352680162864048, 0.8035085685047902, 0.8881414956832963, 0.9018545592428109, 0.9269446614439654, 0.9095191088109975, 0.936825160518386, 0.9381419041431948, 0.9077225711394631, 0.9056263713444932
0.03939938545227051, 0.025234699249267578, 0.02476191520690918, 0.03657388687133789, 0.02358412742614746, 0.14391660690307617, 0.03281569480895996, 0.029732942581176758, 0.026656627655029297, 0.023329973220825195, 0.022047758102416992, 0.033049821853637695, 0.029645442962646484, 0.021750926971435547, 0.0276644229888916, 0.0250704288482666, 0.02416825294494629, 0.021997690200805664, 0.03626394271850586, 0.030568361282348633