{'Spout_wait': 5.0, 'Spliters': 5.0, 'Counters': 1.0}, {'Spout_wait': 4.0, 'Spliters': 5.0, 'Counters': 10.0}, {'Spout_wait': 5.0, 'Spliters': 5.0, 'Counters': 4.0}, {'Spout_wait': 5.0, 'Spliters': 6.0, 'Counters': 16.0}, {'Spout_wait': 5.0, 'Spliters': 5.0, 'Counters': 1.0}, {'Spout_wait': 2.0, 'Spliters': 5.0, 'Counters': 14.0}, {'Spout_wait': 4.0, 'Spliters': 5.0, 'Counters': 15.0}, {'Spout_wait': 3.0, 'Spliters': 6.0, 'Counters': 1.0}, {'Spout_wait': 2.0, 'Spliters': 3.0, 'Counters': 14.0}, {'Spout_wait': 3.0, 'Spliters': 4.0, 'Counters': 15.0}, {'Spout_wait': 6.0, 'Spliters': 4.0, 'Counters': 12.0}, {'Spout_wait': 4.0, 'Spliters': 5.0, 'Counters': 10.0}, {'Spout_wait': 2.0, 'Spliters': 4.0, 'Counters': 10.0}, {'Spout_wait': 5.0, 'Spliters': 6.0, 'Counters': 1.0}, {'Spout_wait': 4.0, 'Spliters': 5.0, 'Counters': 10.0}, {'Spout_wait': 5.0, 'Spliters': 4.0, 'Counters': 1.0}, {'Spout_wait': 5.0, 'Spliters': 5.0, 'Counters': 10.0}, {'Spout_wait': 6.0, 'Spliters': 4.0, 'Counters': 15.0}, {'Spout_wait': 5.0, 'Spliters': 4.0, 'Counters': 15.0}, {'Spout_wait': 5.0, 'Spliters': 5.0, 'Counters': 10.0}
0.9999589762005285, 0.9507169067639912, 0.9453879725268942, 0.9471845719158865, 0.9999589762005285, 0.9527533311201122, 0.9468248686056703, 0.9390407939300781, 0.9359268714686382, 0.9492199797420463, 0.9394601121004069, 0.9507169067639912, 0.945207978709659, 0.9302976914381861, 0.9507169067639912, 0.9451480291446092, 0.9570647084980256, 0.948202691241951, 0.9282621489380626, 0.9570647084980256
3.685593843460083, 3.6924681663513184, 3.682774066925049, 3.668205499649048, 3.777395486831665, 3.6880650520324707, 3.692728281021118, 3.6886680126190186, 3.6858246326446533, 3.6906497478485107, 3.7069127559661865, 3.687424421310425, 3.698662281036377, 3.725496768951416, 4.190968990325928, 4.179003477096558, 3.8613362312316895, 3.836310386657715, 3.8194899559020996, 3.85782790184021