{'Spout_wait': 4.0, 'Spliters': 5.0, 'Counters': 1.0}, {'Spout_wait': 6.0, 'Spliters': 6.0, 'Counters': 18.0}, {'Spout_wait': 1.0, 'Spliters': 6.0, 'Counters': 10.0}, {'Spout_wait': 6.0, 'Spliters': 3.0, 'Counters': 2.0}, {'Spout_wait': 2.0, 'Spliters': 4.0, 'Counters': 9.0}, {'Spout_wait': 6.0, 'Spliters': 5.0, 'Counters': 4.0}, {'Spout_wait': 3.0, 'Spliters': 6.0, 'Counters': 18.0}, {'Spout_wait': 2.0, 'Spliters': 3.0, 'Counters': 15.0}, {'Spout_wait': 1.0, 'Spliters': 6.0, 'Counters': 15.0}, {'Spout_wait': 2.0, 'Spliters': 5.0, 'Counters': 14.0}, {'Spout_wait': 5.0, 'Spliters': 6.0, 'Counters': 11.0}, {'Spout_wait': 2.0, 'Spliters': 3.0, 'Counters': 14.0}, {'Spout_wait': 4.0, 'Spliters': 3.0, 'Counters': 1.0}, {'Spout_wait': 2.0, 'Spliters': 3.0, 'Counters': 18.0}, {'Spout_wait': 3.0, 'Spliters': 4.0, 'Counters': 18.0}, {'Spout_wait': 3.0, 'Spliters': 4.0, 'Counters': 1.0}, {'Spout_wait': 2.0, 'Spliters': 5.0, 'Counters': 12.0}, {'Spout_wait': 2.0, 'Spliters': 5.0, 'Counters': 15.0}, {'Spout_wait': 6.0, 'Spliters': 4.0, 'Counters': 12.0}, {'Spout_wait': 1.0, 'Spliters': 4.0, 'Counters': 17.0}
0.0943736286555068, 0.06317483948161395, 0.0835945593644064, 0.05413328559005237, 0.10185846681893507, 0.08922331758199342, 0.08862460786000748, 0.1013796642479402, 0.06658790750308663, 0.04724666887988782, 0.08245668741287526, 0.06407312853136182, 0.1098820187784505, 0.09736732522176661, 0.06347431254953839, 0.07760647054765257, 0.09592992303716186, 0.08563030302365293, 0.06053988789959308, 0.10640960268946209
0.15257549285888672, 0.1643052101135254, 0.147446870803833, 0.14486432075500488, 0.15106868743896484, 0.16098737716674805, 0.1464860439300537, 0.15383219718933105, 0.16289687156677246, 0.14685678482055664, 0.14722108840942383, 0.1487572193145752, 0.14633584022521973, 0.14557838439941406, 0.1461930274963379, 0.1517958641052246, 0.15765643119812012, 0.145918607711792, 0.1465468406677246, 0.1500556468963623