{'Spout_wait': 6.0, 'Spliters': 4.0, 'Counters': 12.0}, {'Spout_wait': 4.0, 'Spliters': 6.0, 'Counters': 17.0}, {'Spout_wait': 6.0, 'Spliters': 6.0, 'Counters': 16.0}, {'Spout_wait': 6.0, 'Spliters': 5.0, 'Counters': 1.0}, {'Spout_wait': 5.0, 'Spliters': 5.0, 'Counters': 1.0}, {'Spout_wait': 3.0, 'Spliters': 5.0, 'Counters': 15.0}, {'Spout_wait': 6.0, 'Spliters': 3.0, 'Counters': 18.0}, {'Spout_wait': 3.0, 'Spliters': 5.0, 'Counters': 16.0}, {'Spout_wait': 5.0, 'Spliters': 3.0, 'Counters': 17.0}, {'Spout_wait': 6.0, 'Spliters': 5.0, 'Counters': 15.0}, {'Spout_wait': 6.0, 'Spliters': 4.0, 'Counters': 2.0}, {'Spout_wait': 5.0, 'Spliters': 4.0, 'Counters': 18.0}, {'Spout_wait': 3.0, 'Spliters': 6.0, 'Counters': 1.0}, {'Spout_wait': 6.0, 'Spliters': 6.0, 'Counters': 17.0}, {'Spout_wait': 4.0, 'Spliters': 6.0, 'Counters': 14.0}, {'Spout_wait': 3.0, 'Spliters': 5.0, 'Counters': 15.0}, {'Spout_wait': 6.0, 'Spliters': 6.0, 'Counters': 18.0}, {'Spout_wait': 5.0, 'Spliters': 6.0, 'Counters': 16.0}, {'Spout_wait': 6.0, 'Spliters': 3.0, 'Counters': 10.0}, {'Spout_wait': 3.0, 'Spliters': 3.0, 'Counters': 18.0}
0.9394601121004069, 0.9215556641696825, 0.9223935324674308, 0.9381419041431948, 0.9999589762005285, 0.9279028995683593, 0.9185016185018219, 0.9122738372024275, 0.915686808432755, 0.9321545771773685, 0.9352680162864048, 0.9139504987020587, 0.9390407939300781, 0.9018545592428109, 0.9269446614439654, 0.9279028995683593, 0.936825160518386, 0.9471845719158865, 0.9077225711394631, 0.9304774193082205
0.06862831115722656, 0.06205129623413086, 0.06442022323608398, 0.06459760665893555, 0.06509995460510254, 0.13617205619812012, 0.06876230239868164, 0.06796646118164062, 0.06449270248413086, 0.0639803409576416, 0.06702136993408203, 0.06464815139770508, 0.06350088119506836, 0.06709766387939453, 0.0644216537475586, 0.06793570518493652, 0.06675553321838379, 0.06595206260681152, 0.06748533248901367, 0.06741094589233398