{'Max_spout': 1000000.0, 'Spliters': 2.0, 'Counters': 18.0}, {'Max_spout': 1000000.0, 'Spliters': 2.0, 'Counters': 18.0}, {'Max_spout': 10000.0, 'Spliters': 2.0, 'Counters': 15.0}, {'Max_spout': 1000000.0, 'Spliters': 2.0, 'Counters': 18.0}, {'Max_spout': 1000000.0, 'Spliters': 1.0, 'Counters': 9.0}, {'Max_spout': 1000000.0, 'Spliters': 2.0, 'Counters': 18.0}, {'Max_spout': 1000000.0, 'Spliters': 1.0, 'Counters': 6.0}, {'Max_spout': 1000000.0, 'Spliters': 2.0, 'Counters': 18.0}, {'Max_spout': 1000000.0, 'Spliters': 1.0, 'Counters': 9.0}, {'Max_spout': 1000000.0, 'Spliters': 1.0, 'Counters': 9.0}, {'Max_spout': 10000.0, 'Spliters': 2.0, 'Counters': 12.0}, {'Max_spout': 1000000.0, 'Spliters': 2.0, 'Counters': 18.0}, {'Max_spout': 100000.0, 'Spliters': 1.0, 'Counters': 9.0}, {'Max_spout': 1000000.0, 'Spliters': 2.0, 'Counters': 18.0}, {'Max_spout': 1000000.0, 'Spliters': 2.0, 'Counters': 18.0}, {'Max_spout': 1000000.0, 'Spliters': 2.0, 'Counters': 18.0}, {'Max_spout': 1000000.0, 'Spliters': 2.0, 'Counters': 18.0}, {'Max_spout': 1000000.0, 'Spliters': 2.0, 'Counters': 18.0}, {'Max_spout': 1000000.0, 'Spliters': 2.0, 'Counters': 18.0}, {'Max_spout': 1000000.0, 'Spliters': 2.0, 'Counters': 18.0}
0.6835740930271065, 0.6835740930271065, 0.6260374630621219, 0.6835740930271065, 0.6798734670052698, 0.6835740930271065, 0.6315300944513524, 0.6835740930271065, 0.6798734670052698, 0.6798734670052698, 0.6517996577186347, 0.6835740930271065, 0.6483325892402427, 0.6835740930271065, 0.6835740930271065, 0.6835740930271065, 0.6835740930271065, 0.6835740930271065, 0.6835740930271065, 0.6835740930271065
0.25386476516723633, 0.2519562244415283, 0.2598109245300293, 0.26221466064453125, 0.25242185592651367, 0.25056028366088867, 0.2496039867401123, 0.2511773109436035, 0.2700223922729492, 0.25811123847961426, 0.2549557685852051, 0.253537654876709, 0.2591993808746338, 0.25720715522766113, 0.25679636001586914, 0.2510383129119873, 0.2576141357421875, 0.26224207878112793, 0.2508695125579834, 0.2510552406311035