{'Max_spout': 1000000.0, 'Spliters': 2.0, 'Counters': 18.0}, {'Max_spout': 1000000.0, 'Spliters': 2.0, 'Counters': 18.0}, {'Max_spout': 1000000.0, 'Spliters': 2.0, 'Counters': 18.0}, {'Max_spout': 1000000.0, 'Spliters': 2.0, 'Counters': 18.0}, {'Max_spout': 1000000.0, 'Spliters': 2.0, 'Counters': 18.0}, {'Max_spout': 1000000.0, 'Spliters': 2.0, 'Counters': 18.0}, {'Max_spout': 1000000.0, 'Spliters': 2.0, 'Counters': 18.0}, {'Max_spout': 1000000.0, 'Spliters': 2.0, 'Counters': 18.0}, {'Max_spout': 1000000.0, 'Spliters': 2.0, 'Counters': 18.0}, {'Max_spout': 1000000.0, 'Spliters': 2.0, 'Counters': 18.0}, {'Max_spout': 1000000.0, 'Spliters': 2.0, 'Counters': 18.0}, {'Max_spout': 1000000.0, 'Spliters': 2.0, 'Counters': 18.0}, {'Max_spout': 1000000.0, 'Spliters': 2.0, 'Counters': 18.0}, {'Max_spout': 1000000.0, 'Spliters': 2.0, 'Counters': 18.0}, {'Max_spout': 1000000.0, 'Spliters': 2.0, 'Counters': 18.0}, {'Max_spout': 1000000.0, 'Spliters': 2.0, 'Counters': 18.0}, {'Max_spout': 1000000.0, 'Spliters': 2.0, 'Counters': 18.0}, {'Max_spout': 1000000.0, 'Spliters': 2.0, 'Counters': 18.0}, {'Max_spout': 1000000.0, 'Spliters': 2.0, 'Counters': 18.0}, {'Max_spout': 1000000.0, 'Spliters': 2.0, 'Counters': 18.0}
0.6835740930271065, 0.6835740930271065, 0.6835740930271065, 0.6835740930271065, 0.6835740930271065, 0.6835740930271065, 0.6835740930271065, 0.6835740930271065, 0.6835740930271065, 0.6835740930271065, 0.6835740930271065, 0.6835740930271065, 0.6835740930271065, 0.6835740930271065, 0.6835740930271065, 0.6835740930271065, 0.6835740930271065, 0.6835740930271065, 0.6835740930271065, 0.6835740930271065
3.2448880672454834, 3.2081093788146973, 3.0912282466888428, 3.1525557041168213, 3.3412156105041504, 3.4045865535736084, 2.72751522064209, 3.388532876968384, 3.5471689701080322, 3.5355212688446045, 3.234708070755005, 3.514674425125122, 3.6820671558380127, 2.9974889755249023, 2.981614589691162, 3.2031214237213135, 3.514511823654175, 3.216946601867676, 3.2110443115234375, 3.1951651573181152