{'Max_spout': 1000000.0, 'Spliters': 1.0, 'Counters': 3.0}, {'Max_spout': 100000.0, 'Spliters': 1.0, 'Counters': 9.0}, {'Max_spout': 10000.0, 'Spliters': 2.0, 'Counters': 18.0}, {'Max_spout': 1000000.0, 'Spliters': 2.0, 'Counters': 18.0}, {'Max_spout': 1000000.0, 'Spliters': 1.0, 'Counters': 9.0}, {'Max_spout': 1000000.0, 'Spliters': 1.0, 'Counters': 3.0}, {'Max_spout': 10000.0, 'Spliters': 2.0, 'Counters': 15.0}, {'Max_spout': 1000000.0, 'Spliters': 2.0, 'Counters': 18.0}, {'Max_spout': 1000000.0, 'Spliters': 1.0, 'Counters': 9.0}, {'Max_spout': 1000000.0, 'Spliters': 1.0, 'Counters': 9.0}, {'Max_spout': 1000.0, 'Spliters': 2.0, 'Counters': 15.0}, {'Max_spout': 1000000.0, 'Spliters': 1.0, 'Counters': 9.0}, {'Max_spout': 100000.0, 'Spliters': 1.0, 'Counters': 9.0}, {'Max_spout': 1000000.0, 'Spliters': 1.0, 'Counters': 6.0}, {'Max_spout': 10000.0, 'Spliters': 2.0, 'Counters': 18.0}, {'Max_spout': 1000000.0, 'Spliters': 1.0, 'Counters': 3.0}, {'Max_spout': 1000000.0, 'Spliters': 2.0, 'Counters': 18.0}, {'Max_spout': 1000000.0, 'Spliters': 2.0, 'Counters': 18.0}, {'Max_spout': 1000000.0, 'Spliters': 6.0, 'Counters': 18.0}, {'Max_spout': 1000000.0, 'Spliters': 2.0, 'Counters': 18.0}
0.6055440276822173, 0.6483325892402427, 0.6119692632146609, 0.6835740930271065, 0.6798734670052698, 0.6055440276822173, 0.6260374630621219, 0.6835740930271065, 0.6798734670052698, 0.6798734670052698, 0.6310702395610492, 0.6798734670052698, 0.6483325892402427, 0.6315300944513524, 0.6119692632146609, 0.6055440276822173, 0.6835740930271065, 0.6835740930271065, 0.5554004055256017, 0.6835740930271065
0.07404208183288574, 0.12133312225341797, 0.07023072242736816, 0.06407380104064941, 0.07155418395996094, 0.06548905372619629, 0.06412124633789062, 0.06930017471313477, 0.06464576721191406, 0.06596660614013672, 0.06532526016235352, 0.06631231307983398, 0.06331849098205566, 0.0671381950378418, 0.06856799125671387, 0.06346654891967773, 0.06528735160827637, 0.06643223762512207, 0.06627035140991211, 0.06292533874511719