{'Max_spout': 1000000.0, 'Spliters': 2.0, 'Counters': 18.0}, {'Max_spout': 1000000.0, 'Spliters': 2.0, 'Counters': 18.0}, {'Max_spout': 1000000.0, 'Spliters': 2.0, 'Counters': 18.0}, {'Max_spout': 1000000.0, 'Spliters': 2.0, 'Counters': 18.0}, {'Max_spout': 1000000.0, 'Spliters': 2.0, 'Counters': 18.0}, {'Max_spout': 1000000.0, 'Spliters': 2.0, 'Counters': 18.0}, {'Max_spout': 1000000.0, 'Spliters': 2.0, 'Counters': 18.0}, {'Max_spout': 1000000.0, 'Spliters': 2.0, 'Counters': 18.0}, {'Max_spout': 1000000.0, 'Spliters': 2.0, 'Counters': 18.0}, {'Max_spout': 1000000.0, 'Spliters': 2.0, 'Counters': 18.0}, {'Max_spout': 1000000.0, 'Spliters': 2.0, 'Counters': 18.0}, {'Max_spout': 1000000.0, 'Spliters': 2.0, 'Counters': 18.0}, {'Max_spout': 1000000.0, 'Spliters': 2.0, 'Counters': 18.0}, {'Max_spout': 1000000.0, 'Spliters': 2.0, 'Counters': 18.0}, {'Max_spout': 1000000.0, 'Spliters': 2.0, 'Counters': 18.0}, {'Max_spout': 1000000.0, 'Spliters': 2.0, 'Counters': 18.0}, {'Max_spout': 1000000.0, 'Spliters': 2.0, 'Counters': 18.0}, {'Max_spout': 1000000.0, 'Spliters': 2.0, 'Counters': 18.0}, {'Max_spout': 1000000.0, 'Spliters': 2.0, 'Counters': 18.0}, {'Max_spout': 1000000.0, 'Spliters': 2.0, 'Counters': 18.0}
0.6835740930271065, 0.6835740930271065, 0.6835740930271065, 0.6835740930271065, 0.6835740930271065, 0.6835740930271065, 0.6835740930271065, 0.6835740930271065, 0.6835740930271065, 0.6835740930271065, 0.6835740930271065, 0.6835740930271065, 0.6835740930271065, 0.6835740930271065, 0.6835740930271065, 0.6835740930271065, 0.6835740930271065, 0.6835740930271065, 0.6835740930271065, 0.6835740930271065
0.9888455867767334, 0.9858217239379883, 0.9796099662780762, 0.9798476696014404, 0.997556209564209, 0.9873425960540771, 1.005770206451416, 1.000624656677246, 0.9940536022186279, 0.9988443851470947, 0.9991025924682617, 0.9929447174072266, 0.9794604778289795, 0.9931776523590088, 0.996068000793457, 0.9795691967010498, 0.9870331287384033, 0.9937703609466553, 0.9825959205627441, 1.0017063617706299