{'Max_spout': 1000000.0, 'Spliters': 6.0, 'Counters': 1.0}, {'Max_spout': 100000.0, 'Spliters': 1.0, 'Counters': 9.0}, {'Max_spout': 1000000.0, 'Spliters': 1.0, 'Counters': 9.0}, {'Max_spout': 1000000.0, 'Spliters': 2.0, 'Counters': 18.0}, {'Max_spout': 1000000.0, 'Spliters': 6.0, 'Counters': 1.0}, {'Max_spout': 1000000.0, 'Spliters': 1.0, 'Counters': 3.0}, {'Max_spout': 1000000.0, 'Spliters': 1.0, 'Counters': 9.0}, {'Max_spout': 1000000.0, 'Spliters': 1.0, 'Counters': 9.0}, {'Max_spout': 1000000.0, 'Spliters': 1.0, 'Counters': 6.0}, {'Max_spout': 1000000.0, 'Spliters': 6.0, 'Counters': 18.0}, {'Max_spout': 1000000.0, 'Spliters': 6.0, 'Counters': 1.0}, {'Max_spout': 100000.0, 'Spliters': 6.0, 'Counters': 1.0}, {'Max_spout': 1000000.0, 'Spliters': 6.0, 'Counters': 9.0}, {'Max_spout': 1000000.0, 'Spliters': 1.0, 'Counters': 9.0}, {'Max_spout': 1000000.0, 'Spliters': 6.0, 'Counters': 1.0}, {'Max_spout': 1000000.0, 'Spliters': 6.0, 'Counters': 1.0}, {'Max_spout': 1000000.0, 'Spliters': 1.0, 'Counters': 3.0}, {'Max_spout': 1000000.0, 'Spliters': 2.0, 'Counters': 18.0}, {'Max_spout': 1000000.0, 'Spliters': 2.0, 'Counters': 18.0}, {'Max_spout': 1000000.0, 'Spliters': 1.0, 'Counters': 6.0}
0.40357683359835317, 0.35166741075975727, 0.32012653299473015, 0.3164259069728935, 0.40357683359835317, 0.39445597231778273, 0.32012653299473015, 0.32012653299473015, 0.36846990554864756, 0.44459959447439834, 0.40357683359835317, 0.3984556230484778, 0.44400910161431717, 0.32012653299473015, 0.40357683359835317, 0.40357683359835317, 0.39445597231778273, 0.3164259069728935, 0.3164259069728935, 0.36846990554864756
0.0792698860168457, 0.07375216484069824, 0.06223320960998535, 0.06358003616333008, 0.06259894371032715, 0.0742959976196289, 0.061832427978515625, 0.07719588279724121, 0.07436323165893555, 0.06864619255065918, 0.05365109443664551, 0.0526125431060791, 0.06587648391723633, 0.0656285285949707, 0.061370134353637695, 0.059865474700927734, 0.10448241233825684, 0.07343602180480957, 0.07036137580871582, 0.07317614555358887