{'Max_spout': 100.0, 'Spliters': 3.0, 'Counters': 15.0}, {'Max_spout': 1000000.0, 'Spliters': 6.0, 'Counters': 12.0}, {'Max_spout': 1000000.0, 'Spliters': 1.0, 'Counters': 3.0}, {'Max_spout': 10000.0, 'Spliters': 2.0, 'Counters': 18.0}, {'Max_spout': 100000.0, 'Spliters': 6.0, 'Counters': 15.0}, {'Max_spout': 1000000.0, 'Spliters': 1.0, 'Counters': 3.0}, {'Max_spout': 10000.0, 'Spliters': 2.0, 'Counters': 15.0}, {'Max_spout': 1000000.0, 'Spliters': 2.0, 'Counters': 18.0}, {'Max_spout': 100000.0, 'Spliters': 6.0, 'Counters': 6.0}, {'Max_spout': 1000000.0, 'Spliters': 6.0, 'Counters': 18.0}, {'Max_spout': 1000.0, 'Spliters': 2.0, 'Counters': 18.0}, {'Max_spout': 1000000.0, 'Spliters': 1.0, 'Counters': 3.0}, {'Max_spout': 1000000.0, 'Spliters': 6.0, 'Counters': 1.0}, {'Max_spout': 100.0, 'Spliters': 2.0, 'Counters': 12.0}, {'Max_spout': 10000.0, 'Spliters': 2.0, 'Counters': 18.0}, {'Max_spout': 100000.0, 'Spliters': 6.0, 'Counters': 18.0}, {'Max_spout': 1000000.0, 'Spliters': 2.0, 'Counters': 18.0}, {'Max_spout': 1000000.0, 'Spliters': 2.0, 'Counters': 18.0}, {'Max_spout': 10000.0, 'Spliters': 6.0, 'Counters': 9.0}, {'Max_spout': 1000000.0, 'Spliters': 1.0, 'Counters': 3.0}
0.5132344130411086, 0.5501544644755529, 0.6055440276822173, 0.6119692632146609, 0.5439151106227098, 0.6055440276822173, 0.6260374630621219, 0.6835740930271065, 0.5513815333791792, 0.5554004055256017, 0.6226792570372475, 0.6055440276822173, 0.5964231664016468, 0.5490477178625983, 0.6119692632146609, 0.5750441410923062, 0.6835740930271065, 0.6835740930271065, 0.5355982893974625, 0.6055440276822173
0.04726982116699219, 0.02290177345275879, 0.021637916564941406, 0.020972251892089844, 0.02030205726623535, 0.02225637435913086, 0.02025914192199707, 0.04691362380981445, 0.023349523544311523, 0.024644851684570312, 0.019904136657714844, 0.019118070602416992, 0.01791071891784668, 0.02174973487854004, 0.0414426326751709, 0.02244853973388672, 0.02092289924621582, 0.018437862396240234, 0.018947362899780273, 0.022469043731689453