{'Max_spout': 1000000.0, 'Spliters': 1.0, 'Counters': 3.0}, {'Max_spout': 1000000.0, 'Spliters': 6.0, 'Counters': 12.0}, {'Max_spout': 10000.0, 'Spliters': 2.0, 'Counters': 18.0}, {'Max_spout': 1000000.0, 'Spliters': 2.0, 'Counters': 18.0}, {'Max_spout': 100000.0, 'Spliters': 6.0, 'Counters': 15.0}, {'Max_spout': 1000000.0, 'Spliters': 1.0, 'Counters': 3.0}, {'Max_spout': 10000.0, 'Spliters': 2.0, 'Counters': 15.0}, {'Max_spout': 1000000.0, 'Spliters': 2.0, 'Counters': 18.0}, {'Max_spout': 1000000.0, 'Spliters': 1.0, 'Counters': 9.0}, {'Max_spout': 10000.0, 'Spliters': 2.0, 'Counters': 6.0}, {'Max_spout': 1000.0, 'Spliters': 2.0, 'Counters': 15.0}, {'Max_spout': 10000.0, 'Spliters': 2.0, 'Counters': 12.0}, {'Max_spout': 1000000.0, 'Spliters': 6.0, 'Counters': 1.0}, {'Max_spout': 1000000.0, 'Spliters': 1.0, 'Counters': 6.0}, {'Max_spout': 10000.0, 'Spliters': 2.0, 'Counters': 18.0}, {'Max_spout': 1000000.0, 'Spliters': 1.0, 'Counters': 3.0}, {'Max_spout': 1000000.0, 'Spliters': 2.0, 'Counters': 18.0}, {'Max_spout': 1000000.0, 'Spliters': 2.0, 'Counters': 18.0}, {'Max_spout': 10000.0, 'Spliters': 6.0, 'Counters': 9.0}, {'Max_spout': 1000000.0, 'Spliters': 1.0, 'Counters': 9.0}
0.6055440276822173, 0.5501544644755529, 0.6119692632146609, 0.6835740930271065, 0.5439151106227098, 0.6055440276822173, 0.6260374630621219, 0.6835740930271065, 0.6798734670052698, 0.5833112495520566, 0.6310702395610492, 0.6517996577186347, 0.5964231664016468, 0.6315300944513524, 0.6119692632146609, 0.6055440276822173, 0.6835740930271065, 0.6835740930271065, 0.5355982893974625, 0.6798734670052698
0.040964365005493164, 0.04128003120422363, 0.04019737243652344, 0.04035377502441406, 0.04122447967529297, 0.04250144958496094, 0.043776512145996094, 0.03895449638366699, 0.03850674629211426, 0.046204328536987305, 0.042960166931152344, 0.04000067710876465, 0.039960622787475586, 0.04001021385192871, 0.03902721405029297, 0.040483951568603516, 0.039408206939697266, 0.04765200614929199, 0.04165935516357422, 0.04697751998901367