{'Max_spout': 1000000.0, 'Spliters': 6.0, 'Counters': 1.0}, {'Max_spout': 1000000.0, 'Spliters': 2.0, 'Counters': 18.0}, {'Max_spout': 1000000.0, 'Spliters': 1.0, 'Counters': 6.0}, {'Max_spout': 1000000.0, 'Spliters': 1.0, 'Counters': 9.0}, {'Max_spout': 1000000.0, 'Spliters': 1.0, 'Counters': 6.0}, {'Max_spout': 100000.0, 'Spliters': 1.0, 'Counters': 9.0}, {'Max_spout': 1000000.0, 'Spliters': 2.0, 'Counters': 18.0}, {'Max_spout': 1000000.0, 'Spliters': 1.0, 'Counters': 9.0}, {'Max_spout': 1000000.0, 'Spliters': 2.0, 'Counters': 18.0}, {'Max_spout': 1000000.0, 'Spliters': 1.0, 'Counters': 9.0}, {'Max_spout': 1000000.0, 'Spliters': 1.0, 'Counters': 9.0}, {'Max_spout': 1000000.0, 'Spliters': 1.0, 'Counters': 9.0}, {'Max_spout': 1000000.0, 'Spliters': 2.0, 'Counters': 18.0}, {'Max_spout': 100000.0, 'Spliters': 1.0, 'Counters': 9.0}, {'Max_spout': 100000.0, 'Spliters': 1.0, 'Counters': 9.0}, {'Max_spout': 1000000.0, 'Spliters': 1.0, 'Counters': 9.0}, {'Max_spout': 1000000.0, 'Spliters': 1.0, 'Counters': 9.0}, {'Max_spout': 1000000.0, 'Spliters': 2.0, 'Counters': 18.0}, {'Max_spout': 1000000.0, 'Spliters': 1.0, 'Counters': 9.0}, {'Max_spout': 1000000.0, 'Spliters': 1.0, 'Counters': 9.0}
0.40357683359835317, 0.3164259069728935, 0.36846990554864756, 0.32012653299473015, 0.36846990554864756, 0.35166741075975727, 0.3164259069728935, 0.32012653299473015, 0.3164259069728935, 0.32012653299473015, 0.32012653299473015, 0.32012653299473015, 0.3164259069728935, 0.35166741075975727, 0.35166741075975727, 0.32012653299473015, 0.32012653299473015, 0.3164259069728935, 0.32012653299473015, 0.32012653299473015
0.4385371208190918, 0.0977017879486084, 0.10674238204956055, 0.09191250801086426, 0.08607912063598633, 0.0898587703704834, 0.09120893478393555, 0.09371685981750488, 0.10445094108581543, 0.0885159969329834, 0.09036922454833984, 0.08907413482666016, 0.08903002738952637, 0.09225344657897949, 0.09732365608215332, 0.08794927597045898, 0.08884549140930176, 0.09203267097473145, 0.10275411605834961, 0.0921623706817627