{'Max_spout': 100.0, 'Spliters': 3.0, 'Counters': 15.0}, {'Max_spout': 1000.0, 'Spliters': 2.0, 'Counters': 6.0}, {'Max_spout': 1000.0, 'Spliters': 2.0, 'Counters': 6.0}, {'Max_spout': 100.0, 'Spliters': 1.0, 'Counters': 12.0}, {'Max_spout': 1000.0, 'Spliters': 1.0, 'Counters': 6.0}, {'Max_spout': 10000.0, 'Spliters': 1.0, 'Counters': 6.0}, {'Max_spout': 1000000.0, 'Spliters': 6.0, 'Counters': 12.0}, {'Max_spout': 1000000.0, 'Spliters': 1.0, 'Counters': 3.0}, {'Max_spout': 100000.0, 'Spliters': 6.0, 'Counters': 6.0}, {'Max_spout': 10000.0, 'Spliters': 6.0, 'Counters': 9.0}, {'Max_spout': 1000000.0, 'Spliters': 1.0, 'Counters': 18.0}, {'Max_spout': 1000000.0, 'Spliters': 1.0, 'Counters': 3.0}, {'Max_spout': 1000.0, 'Spliters': 6.0, 'Counters': 12.0}, {'Max_spout': 100.0, 'Spliters': 2.0, 'Counters': 12.0}, {'Max_spout': 10000.0, 'Spliters': 2.0, 'Counters': 18.0}, {'Max_spout': 100000.0, 'Spliters': 6.0, 'Counters': 18.0}, {'Max_spout': 1000000.0, 'Spliters': 6.0, 'Counters': 9.0}, {'Max_spout': 1000.0, 'Spliters': 6.0, 'Counters': 18.0}, {'Max_spout': 10000.0, 'Spliters': 6.0, 'Counters': 1.0}, {'Max_spout': 1000000.0, 'Spliters': 6.0, 'Counters': 18.0}
0.5132344130411086, 0.5425444470663463, 0.5425444470663463, 0.4861658353514706, 0.499219817807251, 0.5850596921330444, 0.5501544644755529, 0.6055440276822173, 0.5513815333791792, 0.5355982893974625, 0.5285108397077201, 0.6055440276822173, 0.5515931636620157, 0.5490477178625983, 0.6119692632146609, 0.5750441410923062, 0.5559908983856828, 0.5248316264340944, 0.48933202166411705, 0.5554004055256017
0.012755155563354492, 0.04957437515258789, 0.01664280891418457, 0.015784740447998047, 0.009354591369628906, 0.009131908416748047, 0.008530139923095703, 0.008716106414794922, 0.010957717895507812, 0.010625839233398438, 0.009716987609863281, 0.008992910385131836, 0.01216435432434082, 0.00970005989074707, 0.011812925338745117, 0.008844852447509766, 0.008983373641967773, 0.00862264633178711, 0.008683919906616211, 0.011090517044067383