{'Max_spout': 1000000.0, 'Spliters': 2.0, 'Counters': 15.0}, {'Max_spout': 100000.0, 'Spliters': 1.0, 'Counters': 18.0}, {'Max_spout': 10000.0, 'Spliters': 2.0, 'Counters': 16.0}, {'Max_spout': 10000.0, 'Spliters': 2.0, 'Counters': 17.0}, {'Max_spout': 10000.0, 'Spliters': 2.0, 'Counters': 14.0}, {'Max_spout': 1000000.0, 'Spliters': 2.0, 'Counters': 13.0}, {'Max_spout': 1000000.0, 'Spliters': 2.0, 'Counters': 18.0}, {'Max_spout': 100000.0, 'Spliters': 2.0, 'Counters': 15.0}, {'Max_spout': 1000000.0, 'Spliters': 2.0, 'Counters': 18.0}, {'Max_spout': 10000.0, 'Spliters': 2.0, 'Counters': 18.0}, {'Max_spout': 10000.0, 'Spliters': 2.0, 'Counters': 14.0}, {'Max_spout': 1000000.0, 'Spliters': 2.0, 'Counters': 11.0}, {'Max_spout': 1000000.0, 'Spliters': 2.0, 'Counters': 15.0}, {'Max_spout': 100000.0, 'Spliters': 2.0, 'Counters': 14.0}, {'Max_spout': 100000.0, 'Spliters': 2.0, 'Counters': 9.0}, {'Max_spout': 1000000.0, 'Spliters': 2.0, 'Counters': 18.0}, {'Max_spout': 10000.0, 'Spliters': 2.0, 'Counters': 14.0}, {'Max_spout': 100000.0, 'Spliters': 2.0, 'Counters': 18.0}, {'Max_spout': 1000000.0, 'Spliters': 2.0, 'Counters': 16.0}, {'Max_spout': 100000.0, 'Spliters': 2.0, 'Counters': 17.0}
0.8094748029611993, 0.7534331125186824, 0.8188594726769084, 0.8663812689029016, 0.8466760378554337, 0.8246663356437205, 0.8661974827985318, 0.867460654073281, 0.8661974827985318, 0.8635302043801572, 0.8466760378554337, 0.7775802240348283, 0.8094748029611993, 0.8257553489535638, 0.79200808440396, 0.8661974827985318, 0.8466760378554337, 0.8428203164454209, 0.8009711741413335, 0.8762803023211084
0.24843144416809082, 0.23746919631958008, 0.24500370025634766, 0.2539944648742676, 0.23894071578979492, 0.23560619354248047, 0.24449872970581055, 0.241546630859375, 0.23868417739868164, 0.23237919807434082, 0.23877286911010742, 0.30016064643859863, 0.23249530792236328, 0.23834800720214844, 0.2284398078918457, 0.23509860038757324, 0.2396869659423828, 0.2450098991394043, 0.23774075508117676, 0.23015284538269043