{'Max_spout': 100000.0, 'Spliters': 3.0, 'Counters': 2.0}, {'Max_spout': 100000.0, 'Spliters': 1.0, 'Counters': 15.0}, {'Max_spout': 10000.0, 'Spliters': 2.0, 'Counters': 16.0}, {'Max_spout': 10000.0, 'Spliters': 2.0, 'Counters': 17.0}, {'Max_spout': 10000.0, 'Spliters': 2.0, 'Counters': 14.0}, {'Max_spout': 1000000.0, 'Spliters': 2.0, 'Counters': 13.0}, {'Max_spout': 100000.0, 'Spliters': 3.0, 'Counters': 2.0}, {'Max_spout': 1000000.0, 'Spliters': 2.0, 'Counters': 18.0}, {'Max_spout': 1000000.0, 'Spliters': 2.0, 'Counters': 18.0}, {'Max_spout': 10000.0, 'Spliters': 2.0, 'Counters': 18.0}, {'Max_spout': 10000.0, 'Spliters': 2.0, 'Counters': 14.0}, {'Max_spout': 1000000.0, 'Spliters': 2.0, 'Counters': 11.0}, {'Max_spout': 1000.0, 'Spliters': 1.0, 'Counters': 18.0}, {'Max_spout': 100000.0, 'Spliters': 2.0, 'Counters': 14.0}, {'Max_spout': 100000.0, 'Spliters': 2.0, 'Counters': 9.0}, {'Max_spout': 1000000.0, 'Spliters': 3.0, 'Counters': 12.0}, {'Max_spout': 1000000.0, 'Spliters': 2.0, 'Counters': 12.0}, {'Max_spout': 100000.0, 'Spliters': 2.0, 'Counters': 18.0}, {'Max_spout': 1000000.0, 'Spliters': 2.0, 'Counters': 16.0}, {'Max_spout': 100000.0, 'Spliters': 2.0, 'Counters': 17.0}
0.7572446327895502, 0.7344853436071505, 0.8188594726769084, 0.8663812689029016, 0.8466760378554337, 0.8246663356437205, 0.7572446327895502, 0.8661974827985318, 0.8661974827985318, 0.8635302043801572, 0.8466760378554337, 0.7775802240348283, 0.7830080461020178, 0.8257553489535638, 0.79200808440396, 0.714876124543183, 0.8213651331498764, 0.8428203164454209, 0.8009711741413335, 0.8762803023211084
0.0677802562713623, 0.07711410522460938, 0.06573963165283203, 0.06786561012268066, 0.06092429161071777, 0.06948089599609375, 0.06243276596069336, 0.07126712799072266, 0.0648951530456543, 0.06129002571105957, 0.06793332099914551, 0.15881133079528809, 0.06775259971618652, 0.06932640075683594, 0.06363129615783691, 0.06140279769897461, 0.06694149971008301, 0.06877732276916504, 0.06699347496032715, 0.06923317909240723