{'Max_spout': 10000.0, 'Spliters': 2.0, 'Counters': 15.0}, {'Max_spout': 1000000.0, 'Spliters': 2.0, 'Counters': 18.0}, {'Max_spout': 100000.0, 'Spliters': 2.0, 'Counters': 12.0}, {'Max_spout': 10000.0, 'Spliters': 2.0, 'Counters': 15.0}, {'Max_spout': 1000000.0, 'Spliters': 2.0, 'Counters': 18.0}, {'Max_spout': 1000000.0, 'Spliters': 2.0, 'Counters': 18.0}, {'Max_spout': 1000000.0, 'Spliters': 2.0, 'Counters': 18.0}, {'Max_spout': 100000.0, 'Spliters': 2.0, 'Counters': 15.0}, {'Max_spout': 100000.0, 'Spliters': 2.0, 'Counters': 17.0}, {'Max_spout': 10000.0, 'Spliters': 2.0, 'Counters': 15.0}, {'Max_spout': 1000000.0, 'Spliters': 2.0, 'Counters': 18.0}, {'Max_spout': 100000.0, 'Spliters': 2.0, 'Counters': 15.0}, {'Max_spout': 100000.0, 'Spliters': 2.0, 'Counters': 17.0}, {'Max_spout': 100000.0, 'Spliters': 2.0, 'Counters': 17.0}, {'Max_spout': 100000.0, 'Spliters': 2.0, 'Counters': 17.0}, {'Max_spout': 100000.0, 'Spliters': 2.0, 'Counters': 17.0}, {'Max_spout': 1000000.0, 'Spliters': 2.0, 'Counters': 18.0}, {'Max_spout': 100000.0, 'Spliters': 2.0, 'Counters': 15.0}, {'Max_spout': 100000.0, 'Spliters': 2.0, 'Counters': 15.0}, {'Max_spout': 100000.0, 'Spliters': 2.0, 'Counters': 17.0}
0.8771567567538754, 0.8661974827985318, 0.8548703430381426, 0.8771567567538754, 0.8661974827985318, 0.8661974827985318, 0.8661974827985318, 0.867460654073281, 0.8762803023211084, 0.8771567567538754, 0.8661974827985318, 0.867460654073281, 0.8762803023211084, 0.8762803023211084, 0.8762803023211084, 0.8762803023211084, 0.8661974827985318, 0.867460654073281, 0.867460654073281, 0.8762803023211084
3.556886672973633, 3.5467519760131836, 3.5656416416168213, 3.51997709274292, 3.58705472946167, 3.5654664039611816, 3.547394037246704, 3.5798604488372803, 3.6549949645996094, 3.5794565677642822, 3.5433738231658936, 3.5185904502868652, 3.495361566543579, 3.4777348041534424, 3.518291473388672, 3.523942470550537, 3.5425612926483154, 3.5138580799102783, 3.4917562007904053, 3.502807378768921