{'Max_spout': 100000.0, 'Spliters': 3.0, 'Counters': 2.0}, {'Max_spout': 1000.0, 'Spliters': 4.0, 'Counters': 16.0}, {'Max_spout': 1000.0, 'Spliters': 1.0, 'Counters': 18.0}, {'Max_spout': 1000000.0, 'Spliters': 2.0, 'Counters': 7.0}, {'Max_spout': 10000.0, 'Spliters': 2.0, 'Counters': 14.0}, {'Max_spout': 1000000.0, 'Spliters': 2.0, 'Counters': 13.0}, {'Max_spout': 100000.0, 'Spliters': 3.0, 'Counters': 2.0}, {'Max_spout': 1000000.0, 'Spliters': 2.0, 'Counters': 18.0}, {'Max_spout': 100000.0, 'Spliters': 2.0, 'Counters': 18.0}, {'Max_spout': 10000.0, 'Spliters': 2.0, 'Counters': 18.0}, {'Max_spout': 10000.0, 'Spliters': 2.0, 'Counters': 14.0}, {'Max_spout': 1000000.0, 'Spliters': 2.0, 'Counters': 11.0}, {'Max_spout': 1000.0, 'Spliters': 1.0, 'Counters': 18.0}, {'Max_spout': 100000.0, 'Spliters': 2.0, 'Counters': 14.0}, {'Max_spout': 100000.0, 'Spliters': 1.0, 'Counters': 9.0}, {'Max_spout': 1000000.0, 'Spliters': 3.0, 'Counters': 12.0}, {'Max_spout': 1000000.0, 'Spliters': 2.0, 'Counters': 12.0}, {'Max_spout': 100000.0, 'Spliters': 2.0, 'Counters': 18.0}, {'Max_spout': 100000.0, 'Spliters': 1.0, 'Counters': 10.0}, {'Max_spout': 100000.0, 'Spliters': 2.0, 'Counters': 17.0}
0.7572446327895502, 0.7269583814790122, 0.7830080461020178, 0.7231617690772958, 0.8466760378554337, 0.8246663356437205, 0.7572446327895502, 0.8661974827985318, 0.8428203164454209, 0.8635302043801572, 0.8466760378554337, 0.7775802240348283, 0.7830080461020178, 0.8257553489535638, 0.7573234052352331, 0.714876124543183, 0.8213651331498764, 0.8428203164454209, 0.7465658888857799, 0.8762803023211084
0.06066179275512695, 0.038173675537109375, 0.038327932357788086, 0.03564286231994629, 0.045903921127319336, 0.044603824615478516, 0.04104876518249512, 0.03909564018249512, 0.04513144493103027, 0.038945913314819336, 0.038492679595947266, 0.13167810440063477, 0.043320417404174805, 0.040593624114990234, 0.038466453552246094, 0.042143821716308594, 0.04073596000671387, 0.04428839683532715, 0.041895389556884766, 0.04043245315551758