{'Max_spout': 10000.0, 'Spliters': 2.0, 'Counters': 15.0}, {'Max_spout': 100000.0, 'Spliters': 2.0, 'Counters': 12.0}, {'Max_spout': 100000.0, 'Spliters': 2.0, 'Counters': 18.0}, {'Max_spout': 10000.0, 'Spliters': 2.0, 'Counters': 17.0}, {'Max_spout': 1000000.0, 'Spliters': 2.0, 'Counters': 18.0}, {'Max_spout': 100000.0, 'Spliters': 2.0, 'Counters': 14.0}, {'Max_spout': 1000000.0, 'Spliters': 2.0, 'Counters': 18.0}, {'Max_spout': 100000.0, 'Spliters': 2.0, 'Counters': 15.0}, {'Max_spout': 1000000.0, 'Spliters': 2.0, 'Counters': 18.0}, {'Max_spout': 10000.0, 'Spliters': 2.0, 'Counters': 15.0}, {'Max_spout': 10000.0, 'Spliters': 2.0, 'Counters': 14.0}, {'Max_spout': 100000.0, 'Spliters': 2.0, 'Counters': 11.0}, {'Max_spout': 1000000.0, 'Spliters': 2.0, 'Counters': 13.0}, {'Max_spout': 100000.0, 'Spliters': 2.0, 'Counters': 12.0}, {'Max_spout': 10000.0, 'Spliters': 2.0, 'Counters': 12.0}, {'Max_spout': 100000.0, 'Spliters': 2.0, 'Counters': 17.0}, {'Max_spout': 10000.0, 'Spliters': 2.0, 'Counters': 14.0}, {'Max_spout': 1000000.0, 'Spliters': 2.0, 'Counters': 18.0}, {'Max_spout': 1000000.0, 'Spliters': 2.0, 'Counters': 18.0}, {'Max_spout': 100000.0, 'Spliters': 2.0, 'Counters': 17.0}
0.8771567567538754, 0.8548703430381426, 0.8428203164454209, 0.8663812689029016, 0.8661974827985318, 0.8257553489535638, 0.8661974827985318, 0.867460654073281, 0.8661974827985318, 0.8771567567538754, 0.8466760378554337, 0.8288216446675449, 0.8246663356437205, 0.8548703430381426, 0.8352399405820716, 0.8762803023211084, 0.8466760378554337, 0.8661974827985318, 0.8661974827985318, 0.8762803023211084
1.0620667934417725, 1.066816806793213, 1.0505242347717285, 1.0584349632263184, 1.0638115406036377, 1.0750105381011963, 1.0534403324127197, 1.065500259399414, 1.0573101043701172, 1.0570299625396729, 1.0541918277740479, 1.1594948768615723, 1.0591578483581543, 1.060981273651123, 1.0662477016448975, 1.0588767528533936, 1.0773801803588867, 1.0604851245880127, 1.0604438781738281, 1.059077262878418