{'Max_spout': 100.0, 'Spliters': 1.0, 'Counters': 18.0}, {'Max_spout': 1000000.0, 'Spliters': 1.0, 'Counters': 9.0}, {'Max_spout': 1000000.0, 'Spliters': 2.0, 'Counters': 18.0}, {'Max_spout': 1000000.0, 'Spliters': 3.0, 'Counters': 12.0}, {'Max_spout': 1000000.0, 'Spliters': 1.0, 'Counters': 8.0}, {'Max_spout': 100000.0, 'Spliters': 2.0, 'Counters': 11.0}, {'Max_spout': 1000.0, 'Spliters': 4.0, 'Counters': 15.0}, {'Max_spout': 1000000.0, 'Spliters': 2.0, 'Counters': 15.0}, {'Max_spout': 10000.0, 'Spliters': 3.0, 'Counters': 15.0}, {'Max_spout': 10000.0, 'Spliters': 1.0, 'Counters': 17.0}, {'Max_spout': 10000.0, 'Spliters': 6.0, 'Counters': 1.0}, {'Max_spout': 1000.0, 'Spliters': 2.0, 'Counters': 17.0}, {'Max_spout': 1000000.0, 'Spliters': 1.0, 'Counters': 18.0}, {'Max_spout': 10000.0, 'Spliters': 2.0, 'Counters': 16.0}, {'Max_spout': 1000000.0, 'Spliters': 4.0, 'Counters': 7.0}, {'Max_spout': 1000.0, 'Spliters': 1.0, 'Counters': 18.0}, {'Max_spout': 1000000.0, 'Spliters': 5.0, 'Counters': 18.0}, {'Max_spout': 1000.0, 'Spliters': 1.0, 'Counters': 16.0}, {'Max_spout': 100000.0, 'Spliters': 2.0, 'Counters': 17.0}, {'Max_spout': 10000.0, 'Spliters': 2.0, 'Counters': 18.0}
0.3224843858572797, 0.265291457122927, 0.13380251720146819, 0.28512387545681706, 0.32702052936954007, 0.17117835533245507, 0.2970461308257635, 0.19052519703880066, 0.28890809905072223, 0.2611721402874033, 0.3049403342160628, 0.20413732624457137, 0.3476089648217524, 0.1811405273230916, 0.30919377933036096, 0.2169919538979822, 0.31575288120107436, 0.19199060033478188, 0.12371969767889157, 0.13646979561984285
0.03203558921813965, 0.04578661918640137, 0.025429725646972656, 0.030768632888793945, 0.03128838539123535, 0.04202842712402344, 0.034958600997924805, 0.032674551010131836, 0.032296180725097656, 0.04621601104736328, 0.05585169792175293, 0.033770084381103516, 0.042702436447143555, 0.027438879013061523, 0.027739763259887695, 0.047734975814819336, 0.03643345832824707, 0.06021857261657715, 0.03459811210632324, 0.07664108276367188