{'Max_spout': 1000000.0, 'Spliters': 6.0, 'Counters': 12.0}, {'Max_spout': 100.0, 'Spliters': 2.0, 'Counters': 18.0}, {'Max_spout': 1000.0, 'Spliters': 2.0, 'Counters': 9.0}, {'Max_spout': 100.0, 'Spliters': 2.0, 'Counters': 12.0}, {'Max_spout': 10000.0, 'Spliters': 2.0, 'Counters': 12.0}, {'Max_spout': 1000.0, 'Spliters': 2.0, 'Counters': 6.0}, {'Max_spout': 10000.0, 'Spliters': 2.0, 'Counters': 9.0}, {'Max_spout': 100.0, 'Spliters': 2.0, 'Counters': 15.0}, {'Max_spout': 100.0, 'Spliters': 2.0, 'Counters': 12.0}, {'Max_spout': 10000.0, 'Spliters': 2.0, 'Counters': 6.0}, {'Max_spout': 1000.0, 'Spliters': 2.0, 'Counters': 15.0}, {'Max_spout': 10000.0, 'Spliters': 2.0, 'Counters': 6.0}, {'Max_spout': 100.0, 'Spliters': 2.0, 'Counters': 9.0}, {'Max_spout': 100.0, 'Spliters': 2.0, 'Counters': 12.0}, {'Max_spout': 1000.0, 'Spliters': 2.0, 'Counters': 9.0}, {'Max_spout': 100.0, 'Spliters': 2.0, 'Counters': 15.0}, {'Max_spout': 1000.0, 'Spliters': 2.0, 'Counters': 12.0}, {'Max_spout': 100.0, 'Spliters': 2.0, 'Counters': 15.0}, {'Max_spout': 1000000.0, 'Spliters': 6.0, 'Counters': 12.0}, {'Max_spout': 100000.0, 'Spliters': 2.0, 'Counters': 18.0}
0.548676276899925, 0.5992078974476416, 0.6156443020835102, 0.594391329798004, 0.5939457733360789, 0.5752843575219087, 0.6084189842381955, 0.579308434318828, 0.594391329798004, 0.5951404492645074, 0.6465993289318931, 0.5951404492645074, 0.5667687491002438, 0.594391329798004, 0.6156443020835102, 0.579308434318828, 0.6517477917198293, 0.579308434318828, 0.548676276899925, 0.5587029752638105
0.07793807983398438, 0.08121037483215332, 0.0794529914855957, 0.08292388916015625, 0.08343768119812012, 0.08220934867858887, 0.0875396728515625, 0.08339309692382812, 0.08110761642456055, 0.07933521270751953, 0.0835723876953125, 0.07968425750732422, 0.077301025390625, 0.07445073127746582, 0.08130264282226562, 0.07719302177429199, 0.07579922676086426, 0.08681964874267578, 0.07788515090942383, 0.0830070972442627