{'Max_spout': 100.0, 'Spliters': 3.0, 'Counters': 15.0}, {'Max_spout': 1000.0, 'Spliters': 2.0, 'Counters': 6.0}, {'Max_spout': 1000000.0, 'Spliters': 2.0, 'Counters': 9.0}, {'Max_spout': 100.0, 'Spliters': 1.0, 'Counters': 12.0}, {'Max_spout': 1000.0, 'Spliters': 1.0, 'Counters': 6.0}, {'Max_spout': 1000.0, 'Spliters': 6.0, 'Counters': 6.0}, {'Max_spout': 1000000.0, 'Spliters': 6.0, 'Counters': 12.0}, {'Max_spout': 100.0, 'Spliters': 2.0, 'Counters': 15.0}, {'Max_spout': 100000.0, 'Spliters': 6.0, 'Counters': 12.0}, {'Max_spout': 10000.0, 'Spliters': 6.0, 'Counters': 9.0}, {'Max_spout': 100.0, 'Spliters': 6.0, 'Counters': 18.0}, {'Max_spout': 10000.0, 'Spliters': 2.0, 'Counters': 6.0}, {'Max_spout': 100.0, 'Spliters': 2.0, 'Counters': 9.0}, {'Max_spout': 100.0, 'Spliters': 2.0, 'Counters': 12.0}, {'Max_spout': 10000.0, 'Spliters': 2.0, 'Counters': 18.0}, {'Max_spout': 100.0, 'Spliters': 2.0, 'Counters': 9.0}, {'Max_spout': 100.0, 'Spliters': 2.0, 'Counters': 18.0}, {'Max_spout': 1000.0, 'Spliters': 6.0, 'Counters': 18.0}, {'Max_spout': 10.0, 'Spliters': 2.0, 'Counters': 15.0}, {'Max_spout': 1000000.0, 'Spliters': 6.0, 'Counters': 18.0}
0.4825307622083663, 0.5752843575219087, 0.585358090959946, 0.4811397714046364, 0.49524607337398896, 0.5334328731481205, 0.548676276899925, 0.579308434318828, 0.5511397594758365, 0.5372130551917484, 0.5151049097777773, 0.5951404492645074, 0.5667687491002438, 0.594391329798004, 0.5797838880682783, 0.5667687491002438, 0.5992078974476416, 0.5354251863203627, 0.48152395341921395, 0.5431514726746521
0.024497032165527344, 0.02281665802001953, 0.025579214096069336, 0.023470401763916016, 0.02219367027282715, 0.023035049438476562, 0.02151632308959961, 0.014729738235473633, 0.013265132904052734, 0.020540714263916016, 0.017642736434936523, 0.016860246658325195, 0.014529228210449219, 0.009861469268798828, 0.01367330551147461, 0.021449804306030273, 0.016597986221313477, 0.01091909408569336, 0.009927988052368164, 0.010959863662719727