{'Max_spout': 10000.0, 'Spliters': 2.0, 'Counters': 9.0}, {'Max_spout': 10000.0, 'Spliters': 2.0, 'Counters': 9.0}, {'Max_spout': 1000.0, 'Spliters': 2.0, 'Counters': 12.0}, {'Max_spout': 10000.0, 'Spliters': 2.0, 'Counters': 9.0}, {'Max_spout': 10000.0, 'Spliters': 2.0, 'Counters': 9.0}, {'Max_spout': 10000.0, 'Spliters': 2.0, 'Counters': 9.0}, {'Max_spout': 10000.0, 'Spliters': 2.0, 'Counters': 9.0}, {'Max_spout': 1000.0, 'Spliters': 2.0, 'Counters': 9.0}, {'Max_spout': 10000.0, 'Spliters': 2.0, 'Counters': 9.0}, {'Max_spout': 1000.0, 'Spliters': 2.0, 'Counters': 12.0}, {'Max_spout': 1000.0, 'Spliters': 2.0, 'Counters': 12.0}, {'Max_spout': 10000.0, 'Spliters': 2.0, 'Counters': 9.0}, {'Max_spout': 10000.0, 'Spliters': 2.0, 'Counters': 6.0}, {'Max_spout': 10000.0, 'Spliters': 2.0, 'Counters': 15.0}, {'Max_spout': 1000.0, 'Spliters': 2.0, 'Counters': 9.0}, {'Max_spout': 10000.0, 'Spliters': 2.0, 'Counters': 9.0}, {'Max_spout': 1000.0, 'Spliters': 2.0, 'Counters': 12.0}, {'Max_spout': 1000.0, 'Spliters': 2.0, 'Counters': 12.0}, {'Max_spout': 100.0, 'Spliters': 2.0, 'Counters': 12.0}, {'Max_spout': 1000.0, 'Spliters': 2.0, 'Counters': 9.0}
0.6084189842381955, 0.6084189842381955, 0.6517477917198293, 0.6084189842381955, 0.6084189842381955, 0.6084189842381955, 0.6084189842381955, 0.6156443020835102, 0.6084189842381955, 0.6517477917198293, 0.6517477917198293, 0.6084189842381955, 0.5951404492645074, 0.6024508414781581, 0.6156443020835102, 0.6084189842381955, 0.6517477917198293, 0.6517477917198293, 0.594391329798004, 0.6156443020835102
0.9112834930419922, 0.9181382656097412, 0.9103331565856934, 0.8936700820922852, 0.8986032009124756, 0.9043006896972656, 0.8966653347015381, 0.9078652858734131, 0.9058997631072998, 0.9108288288116455, 0.9127495288848877, 0.9161241054534912, 0.9229316711425781, 0.9026710987091064, 0.908437967300415, 0.9019725322723389, 0.9120635986328125, 0.9042840003967285, 0.9201231002807617, 0.898496150970459