{'Max_spout': 1000000.0, 'Spliters': 6.0, 'Counters': 9.0}, {'Max_spout': 1000000.0, 'Spliters': 6.0, 'Counters': 18.0}, {'Max_spout': 1000000.0, 'Spliters': 6.0, 'Counters': 18.0}, {'Max_spout': 1000000.0, 'Spliters': 6.0, 'Counters': 9.0}, {'Max_spout': 1000000.0, 'Spliters': 6.0, 'Counters': 15.0}, {'Max_spout': 1000000.0, 'Spliters': 2.0, 'Counters': 15.0}, {'Max_spout': 1000000.0, 'Spliters': 6.0, 'Counters': 18.0}, {'Max_spout': 1000000.0, 'Spliters': 6.0, 'Counters': 9.0}, {'Max_spout': 1000000.0, 'Spliters': 6.0, 'Counters': 9.0}, {'Max_spout': 100000.0, 'Spliters': 6.0, 'Counters': 12.0}, {'Max_spout': 10000.0, 'Spliters': 6.0, 'Counters': 18.0}, {'Max_spout': 10000.0, 'Spliters': 6.0, 'Counters': 18.0}, {'Max_spout': 1000000.0, 'Spliters': 2.0, 'Counters': 15.0}, {'Max_spout': 100000.0, 'Spliters': 6.0, 'Counters': 18.0}, {'Max_spout': 100000.0, 'Spliters': 2.0, 'Counters': 18.0}, {'Max_spout': 10000.0, 'Spliters': 6.0, 'Counters': 18.0}, {'Max_spout': 1000000.0, 'Spliters': 6.0, 'Counters': 18.0}, {'Max_spout': 1000000.0, 'Spliters': 6.0, 'Counters': 18.0}, {'Max_spout': 1000000.0, 'Spliters': 6.0, 'Counters': 18.0}, {'Max_spout': 100000.0, 'Spliters': 2.0, 'Counters': 15.0}
0.4550215006629207, 0.45684852732534786, 0.45684852732534786, 0.4550215006629207, 0.4750693614314816, 0.4437836724363142, 0.45684852732534786, 0.4550215006629207, 0.4550215006629207, 0.4488602405241635, 0.4475080432583598, 0.4475080432583598, 0.4437836724363142, 0.46030367959212204, 0.4412970247361895, 0.4475080432583598, 0.45684852732534786, 0.45684852732534786, 0.45684852732534786, 0.43629833300548926
0.0777273178100586, 0.043701171875, 0.04767107963562012, 0.04847836494445801, 0.06401777267456055, 0.04688739776611328, 0.0448153018951416, 0.053839683532714844, 0.04527401924133301, 0.045250892639160156, 0.06818056106567383, 0.04831242561340332, 0.04569292068481445, 0.0455775260925293, 0.045752525329589844, 0.046048879623413086, 0.04392290115356445, 0.04504275321960449, 0.045142173767089844, 0.045618534088134766