{'Max_spout': 100.0, 'Spliters': 6.0, 'Counters': 18.0}, {'Max_spout': 1000.0, 'Spliters': 2.0, 'Counters': 6.0}, {'Max_spout': 1000000.0, 'Spliters': 2.0, 'Counters': 9.0}, {'Max_spout': 10000.0, 'Spliters': 2.0, 'Counters': 18.0}, {'Max_spout': 100000.0, 'Spliters': 6.0, 'Counters': 15.0}, {'Max_spout': 1000000.0, 'Spliters': 6.0, 'Counters': 18.0}, {'Max_spout': 10000.0, 'Spliters': 2.0, 'Counters': 9.0}, {'Max_spout': 100.0, 'Spliters': 2.0, 'Counters': 15.0}, {'Max_spout': 100.0, 'Spliters': 2.0, 'Counters': 12.0}, {'Max_spout': 1000000.0, 'Spliters': 2.0, 'Counters': 9.0}, {'Max_spout': 1000.0, 'Spliters': 2.0, 'Counters': 18.0}, {'Max_spout': 10000.0, 'Spliters': 2.0, 'Counters': 6.0}, {'Max_spout': 100.0, 'Spliters': 2.0, 'Counters': 9.0}, {'Max_spout': 100.0, 'Spliters': 2.0, 'Counters': 12.0}, {'Max_spout': 1000000.0, 'Spliters': 2.0, 'Counters': 9.0}, {'Max_spout': 100.0, 'Spliters': 2.0, 'Counters': 9.0}, {'Max_spout': 1000.0, 'Spliters': 2.0, 'Counters': 12.0}, {'Max_spout': 1000000.0, 'Spliters': 6.0, 'Counters': 9.0}, {'Max_spout': 10000.0, 'Spliters': 6.0, 'Counters': 9.0}, {'Max_spout': 1000000.0, 'Spliters': 6.0, 'Counters': 18.0}
0.5151049097777773, 0.5752843575219087, 0.585358090959946, 0.5797838880682783, 0.5350614536320621, 0.5431514726746521, 0.6084189842381955, 0.579308434318828, 0.594391329798004, 0.585358090959946, 0.6329692142276877, 0.5951404492645074, 0.5667687491002438, 0.594391329798004, 0.585358090959946, 0.5667687491002438, 0.6517477917198293, 0.5449784993370793, 0.5372130551917484, 0.5431514726746521
0.04752635955810547, 0.02649688720703125, 0.021614789962768555, 0.018573522567749023, 0.03027796745300293, 0.022120237350463867, 0.028851985931396484, 0.03569960594177246, 0.02729511260986328, 0.023020267486572266, 0.016934871673583984, 0.01966118812561035, 0.02090001106262207, 0.02085733413696289, 0.023758649826049805, 0.019279956817626953, 0.01969432830810547, 0.02194499969482422, 0.02773761749267578, 0.019891738891601562