{'Max_spout': 10000.0, 'Spliters': 6.0, 'Counters': 12.0}, {'Max_spout': 1000000.0, 'Spliters': 2.0, 'Counters': 9.0}, {'Max_spout': 1000.0, 'Spliters': 2.0, 'Counters': 9.0}, {'Max_spout': 10000.0, 'Spliters': 2.0, 'Counters': 18.0}, {'Max_spout': 100000.0, 'Spliters': 6.0, 'Counters': 15.0}, {'Max_spout': 1000.0, 'Spliters': 2.0, 'Counters': 6.0}, {'Max_spout': 10000.0, 'Spliters': 2.0, 'Counters': 9.0}, {'Max_spout': 100.0, 'Spliters': 2.0, 'Counters': 15.0}, {'Max_spout': 100.0, 'Spliters': 2.0, 'Counters': 12.0}, {'Max_spout': 10000.0, 'Spliters': 2.0, 'Counters': 6.0}, {'Max_spout': 1000.0, 'Spliters': 2.0, 'Counters': 15.0}, {'Max_spout': 10000.0, 'Spliters': 2.0, 'Counters': 6.0}, {'Max_spout': 100.0, 'Spliters': 2.0, 'Counters': 9.0}, {'Max_spout': 100.0, 'Spliters': 2.0, 'Counters': 12.0}, {'Max_spout': 1000.0, 'Spliters': 2.0, 'Counters': 9.0}, {'Max_spout': 100.0, 'Spliters': 2.0, 'Counters': 15.0}, {'Max_spout': 1000.0, 'Spliters': 2.0, 'Counters': 12.0}, {'Max_spout': 1000000.0, 'Spliters': 6.0, 'Counters': 9.0}, {'Max_spout': 10000.0, 'Spliters': 6.0, 'Counters': 9.0}, {'Max_spout': 100000.0, 'Spliters': 2.0, 'Counters': 18.0}
0.5390774508270293, 0.585358090959946, 0.6156443020835102, 0.5797838880682783, 0.5350614536320621, 0.5752843575219087, 0.6084189842381955, 0.579308434318828, 0.594391329798004, 0.5951404492645074, 0.6465993289318931, 0.5951404492645074, 0.5667687491002438, 0.594391329798004, 0.6156443020835102, 0.579308434318828, 0.6517477917198293, 0.5449784993370793, 0.5372130551917484, 0.5587029752638105
0.040097713470458984, 0.04290509223937988, 0.03807187080383301, 0.04166436195373535, 0.04784536361694336, 0.04183506965637207, 0.038069725036621094, 0.03701353073120117, 0.03674435615539551, 0.04043078422546387, 0.05118131637573242, 0.04454183578491211, 0.05463767051696777, 0.04279351234436035, 0.03977537155151367, 0.044440507888793945, 0.03796839714050293, 0.03857541084289551, 0.04379892349243164, 0.0416259765625