{'Max_spout': 1000.0, 'Spliters': 2.0, 'Counters': 9.0}, {'Max_spout': 10000.0, 'Spliters': 2.0, 'Counters': 15.0}, {'Max_spout': 1000.0, 'Spliters': 2.0, 'Counters': 9.0}, {'Max_spout': 10000.0, 'Spliters': 2.0, 'Counters': 12.0}, {'Max_spout': 1000.0, 'Spliters': 2.0, 'Counters': 15.0}, {'Max_spout': 10000.0, 'Spliters': 2.0, 'Counters': 6.0}, {'Max_spout': 1000000.0, 'Spliters': 2.0, 'Counters': 9.0}, {'Max_spout': 100.0, 'Spliters': 2.0, 'Counters': 18.0}, {'Max_spout': 1000.0, 'Spliters': 2.0, 'Counters': 15.0}, {'Max_spout': 10000.0, 'Spliters': 2.0, 'Counters': 15.0}, {'Max_spout': 1000000.0, 'Spliters': 2.0, 'Counters': 9.0}, {'Max_spout': 1000000.0, 'Spliters': 2.0, 'Counters': 9.0}, {'Max_spout': 1000.0, 'Spliters': 2.0, 'Counters': 12.0}, {'Max_spout': 10000.0, 'Spliters': 2.0, 'Counters': 6.0}, {'Max_spout': 1000.0, 'Spliters': 2.0, 'Counters': 9.0}, {'Max_spout': 10000.0, 'Spliters': 2.0, 'Counters': 12.0}, {'Max_spout': 10000.0, 'Spliters': 2.0, 'Counters': 9.0}, {'Max_spout': 10000.0, 'Spliters': 2.0, 'Counters': 9.0}, {'Max_spout': 10000.0, 'Spliters': 2.0, 'Counters': 9.0}, {'Max_spout': 1000.0, 'Spliters': 2.0, 'Counters': 12.0}
0.3843556979164898, 0.3975491585218419, 0.3843556979164898, 0.4060542266639211, 0.3534006710681069, 0.4048595507354926, 0.41464190904005405, 0.4007921025523584, 0.3534006710681069, 0.3975491585218419, 0.41464190904005405, 0.41464190904005405, 0.34825220828017067, 0.4048595507354926, 0.3843556979164898, 0.4060542266639211, 0.3915810157618045, 0.3915810157618045, 0.3915810157618045, 0.34825220828017067
0.5644326210021973, 0.5862696170806885, 0.579016923904419, 0.5646941661834717, 0.5631322860717773, 0.6338353157043457, 0.578665018081665, 0.5666332244873047, 0.567793607711792, 0.561673641204834, 0.5649282932281494, 0.5570976734161377, 0.5598361492156982, 0.5735874176025391, 0.5653984546661377, 0.5623514652252197, 0.5608367919921875, 0.5613539218902588, 0.5598957538604736, 0.562697172164917