{'Max_spout': 1000000.0, 'Spliters': 3.0, 'Counters': 18.0}, {'Max_spout': 1000.0, 'Spliters': 2.0, 'Counters': 6.0}, {'Max_spout': 1000000.0, 'Spliters': 2.0, 'Counters': 9.0}, {'Max_spout': 100.0, 'Spliters': 1.0, 'Counters': 12.0}, {'Max_spout': 1000.0, 'Spliters': 1.0, 'Counters': 6.0}, {'Max_spout': 1000.0, 'Spliters': 6.0, 'Counters': 6.0}, {'Max_spout': 1000000.0, 'Spliters': 6.0, 'Counters': 12.0}, {'Max_spout': 100.0, 'Spliters': 2.0, 'Counters': 15.0}, {'Max_spout': 100000.0, 'Spliters': 6.0, 'Counters': 12.0}, {'Max_spout': 10000.0, 'Spliters': 6.0, 'Counters': 9.0}, {'Max_spout': 100.0, 'Spliters': 6.0, 'Counters': 18.0}, {'Max_spout': 10000.0, 'Spliters': 2.0, 'Counters': 6.0}, {'Max_spout': 100.0, 'Spliters': 2.0, 'Counters': 9.0}, {'Max_spout': 100.0, 'Spliters': 2.0, 'Counters': 12.0}, {'Max_spout': 10000.0, 'Spliters': 2.0, 'Counters': 18.0}, {'Max_spout': 100000.0, 'Spliters': 6.0, 'Counters': 18.0}, {'Max_spout': 100.0, 'Spliters': 2.0, 'Counters': 18.0}, {'Max_spout': 1000.0, 'Spliters': 6.0, 'Counters': 18.0}, {'Max_spout': 10.0, 'Spliters': 2.0, 'Counters': 15.0}, {'Max_spout': 1000000.0, 'Spliters': 6.0, 'Counters': 18.0}
0.483465922031065, 0.5856827522498886, 0.6038056961721946, 0.48695992965698753, 0.5075942102927606, 0.5420177983721126, 0.5573747522717615, 0.5817881395317583, 0.5473529713006876, 0.5487837382682099, 0.5290664152528339, 0.5721883410279242, 0.5300012729522388, 0.5543562606005921, 0.6106129808844374, 0.569064625639111, 0.5819064764367587, 0.5283008467251221, 0.4654453697089578, 0.5566688224776644
0.0220184326171875, 0.012729406356811523, 0.013030767440795898, 0.010317564010620117, 0.009405851364135742, 0.009984493255615234, 0.01085209846496582, 0.013392448425292969, 0.009554386138916016, 0.017260074615478516, 0.02073979377746582, 0.02116250991821289, 0.015254735946655273, 0.01864457130432129, 0.01882004737854004, 0.010663986206054688, 0.009962797164916992, 0.01143646240234375, 0.010106325149536133, 0.013217449188232422