{'Max_spout': 100000.0, 'Spliters': 6.0, 'Counters': 18.0}, {'Max_spout': 1000000.0, 'Spliters': 6.0, 'Counters': 9.0}, {'Max_spout': 1000000.0, 'Spliters': 6.0, 'Counters': 3.0}, {'Max_spout': 100.0, 'Spliters': 2.0, 'Counters': 18.0}, {'Max_spout': 1000000.0, 'Spliters': 6.0, 'Counters': 15.0}, {'Max_spout': 10000.0, 'Spliters': 2.0, 'Counters': 18.0}, {'Max_spout': 1000000.0, 'Spliters': 6.0, 'Counters': 15.0}, {'Max_spout': 1000000.0, 'Spliters': 6.0, 'Counters': 18.0}, {'Max_spout': 1000000.0, 'Spliters': 6.0, 'Counters': 15.0}, {'Max_spout': 10000.0, 'Spliters': 2.0, 'Counters': 18.0}, {'Max_spout': 1000000.0, 'Spliters': 6.0, 'Counters': 18.0}, {'Max_spout': 10000.0, 'Spliters': 6.0, 'Counters': 9.0}, {'Max_spout': 1000.0, 'Spliters': 2.0, 'Counters': 6.0}, {'Max_spout': 100000.0, 'Spliters': 6.0, 'Counters': 18.0}, {'Max_spout': 1000000.0, 'Spliters': 6.0, 'Counters': 15.0}, {'Max_spout': 1000000.0, 'Spliters': 6.0, 'Counters': 15.0}, {'Max_spout': 1000000.0, 'Spliters': 6.0, 'Counters': 12.0}, {'Max_spout': 1000000.0, 'Spliters': 6.0, 'Counters': 18.0}, {'Max_spout': 1000000.0, 'Spliters': 6.0, 'Counters': 15.0}, {'Max_spout': 100000.0, 'Spliters': 6.0, 'Counters': 18.0}
0.430935374360889, 0.45474848674620594, 0.5159175666939738, 0.41809352356324125, 0.45382663094968345, 0.3893870191155626, 0.45382663094968345, 0.44333117752233564, 0.45382663094968345, 0.3893870191155626, 0.44333117752233564, 0.4512162617317901, 0.41431724775011136, 0.430935374360889, 0.45382663094968345, 0.45382663094968345, 0.4426252477282385, 0.44333117752233564, 0.45382663094968345, 0.430935374360889
0.16724300384521484, 0.1650547981262207, 0.1995081901550293, 0.05338740348815918, 0.21840143203735352, 0.05147075653076172, 0.04864954948425293, 0.046198368072509766, 0.0533599853515625, 0.04912567138671875, 0.03273630142211914, 0.03662538528442383, 0.04020380973815918, 0.03708529472351074, 0.04938149452209473, 0.07101774215698242, 0.03475308418273926, 0.04046940803527832, 0.030776500701904297, 0.02734541893005371