{'Max_spout': 10000.0, 'Spliters': 6.0, 'Counters': 12.0}, {'Max_spout': 1000000.0, 'Spliters': 2.0, 'Counters': 9.0}, {'Max_spout': 10000.0, 'Spliters': 2.0, 'Counters': 18.0}, {'Max_spout': 10000.0, 'Spliters': 2.0, 'Counters': 18.0}, {'Max_spout': 10000.0, 'Spliters': 2.0, 'Counters': 12.0}, {'Max_spout': 1000.0, 'Spliters': 2.0, 'Counters': 6.0}, {'Max_spout': 10000.0, 'Spliters': 2.0, 'Counters': 9.0}, {'Max_spout': 100.0, 'Spliters': 2.0, 'Counters': 15.0}, {'Max_spout': 1000.0, 'Spliters': 2.0, 'Counters': 6.0}, {'Max_spout': 1000000.0, 'Spliters': 2.0, 'Counters': 9.0}, {'Max_spout': 1000.0, 'Spliters': 2.0, 'Counters': 15.0}, {'Max_spout': 10000.0, 'Spliters': 2.0, 'Counters': 12.0}, {'Max_spout': 1000000.0, 'Spliters': 6.0, 'Counters': 18.0}, {'Max_spout': 100.0, 'Spliters': 2.0, 'Counters': 12.0}, {'Max_spout': 10000.0, 'Spliters': 2.0, 'Counters': 18.0}, {'Max_spout': 100.0, 'Spliters': 2.0, 'Counters': 15.0}, {'Max_spout': 1000.0, 'Spliters': 2.0, 'Counters': 15.0}, {'Max_spout': 100.0, 'Spliters': 2.0, 'Counters': 15.0}, {'Max_spout': 100000.0, 'Spliters': 6.0, 'Counters': 15.0}, {'Max_spout': 100000.0, 'Spliters': 2.0, 'Counters': 18.0}
0.5649122558290677, 0.6038056961721946, 0.6106129808844374, 0.6106129808844374, 0.6222918145119607, 0.5856827522498886, 0.608520416903813, 0.5817881395317583, 0.5856827522498886, 0.6038056961721946, 0.6659563580222723, 0.6222918145119607, 0.5566688224776644, 0.5543562606005921, 0.6106129808844374, 0.5817881395317583, 0.6659563580222723, 0.5817881395317583, 0.5618322096157607, 0.5711497675972523
0.07829737663269043, 0.07420969009399414, 0.07745075225830078, 0.07657504081726074, 0.07499861717224121, 0.07570528984069824, 0.07730603218078613, 0.07932424545288086, 0.07878708839416504, 0.07631707191467285, 0.07897543907165527, 0.07864999771118164, 0.08091425895690918, 0.07933926582336426, 0.07817268371582031, 0.07903575897216797, 0.07801389694213867, 0.07650494575500488, 0.07544088363647461, 0.07903504371643066