{'Max_spout': 10000.0, 'Spliters': 2.0, 'Counters': 12.0}, {'Max_spout': 10000.0, 'Spliters': 2.0, 'Counters': 9.0}, {'Max_spout': 1000.0, 'Spliters': 2.0, 'Counters': 12.0}, {'Max_spout': 10000.0, 'Spliters': 2.0, 'Counters': 18.0}, {'Max_spout': 10000.0, 'Spliters': 2.0, 'Counters': 12.0}, {'Max_spout': 10000.0, 'Spliters': 2.0, 'Counters': 9.0}, {'Max_spout': 10000.0, 'Spliters': 2.0, 'Counters': 9.0}, {'Max_spout': 10000.0, 'Spliters': 2.0, 'Counters': 12.0}, {'Max_spout': 10000.0, 'Spliters': 2.0, 'Counters': 18.0}, {'Max_spout': 1000.0, 'Spliters': 2.0, 'Counters': 12.0}, {'Max_spout': 1000.0, 'Spliters': 2.0, 'Counters': 15.0}, {'Max_spout': 10000.0, 'Spliters': 2.0, 'Counters': 12.0}, {'Max_spout': 10000.0, 'Spliters': 2.0, 'Counters': 12.0}, {'Max_spout': 10000.0, 'Spliters': 2.0, 'Counters': 18.0}, {'Max_spout': 10000.0, 'Spliters': 2.0, 'Counters': 12.0}, {'Max_spout': 10000.0, 'Spliters': 2.0, 'Counters': 12.0}, {'Max_spout': 1000.0, 'Spliters': 2.0, 'Counters': 15.0}, {'Max_spout': 1000.0, 'Spliters': 2.0, 'Counters': 12.0}, {'Max_spout': 10000.0, 'Spliters': 2.0, 'Counters': 12.0}, {'Max_spout': 10000.0, 'Spliters': 2.0, 'Counters': 18.0}
0.6222918145119607, 0.608520416903813, 0.646961828392252, 0.6106129808844374, 0.6222918145119607, 0.608520416903813, 0.608520416903813, 0.6222918145119607, 0.6106129808844374, 0.646961828392252, 0.6659563580222723, 0.6222918145119607, 0.6222918145119607, 0.6106129808844374, 0.6222918145119607, 0.6222918145119607, 0.6659563580222723, 0.646961828392252, 0.6222918145119607, 0.6106129808844374
0.9280610084533691, 0.9117825031280518, 0.9042263031005859, 0.9260587692260742, 0.9398946762084961, 0.9300734996795654, 0.9369277954101562, 0.925511360168457, 0.9326333999633789, 0.9317941665649414, 0.9301161766052246, 0.9223544597625732, 0.9133031368255615, 0.9292988777160645, 0.9148743152618408, 0.928938627243042, 0.9274444580078125, 0.9173853397369385, 0.918630838394165, 0.9224991798400879