{'Max_spout': 1000.0, 'Spliters': 2.0, 'Counters': 15.0}, {'Max_spout': 1000.0, 'Spliters': 2.0, 'Counters': 15.0}, {'Max_spout': 1000.0, 'Spliters': 2.0, 'Counters': 15.0}, {'Max_spout': 1000.0, 'Spliters': 2.0, 'Counters': 15.0}, {'Max_spout': 1000.0, 'Spliters': 2.0, 'Counters': 15.0}, {'Max_spout': 1000.0, 'Spliters': 2.0, 'Counters': 15.0}, {'Max_spout': 1000.0, 'Spliters': 2.0, 'Counters': 15.0}, {'Max_spout': 1000.0, 'Spliters': 2.0, 'Counters': 15.0}, {'Max_spout': 1000.0, 'Spliters': 2.0, 'Counters': 15.0}, {'Max_spout': 1000.0, 'Spliters': 2.0, 'Counters': 15.0}, {'Max_spout': 1000.0, 'Spliters': 2.0, 'Counters': 15.0}, {'Max_spout': 1000.0, 'Spliters': 2.0, 'Counters': 15.0}, {'Max_spout': 1000.0, 'Spliters': 2.0, 'Counters': 15.0}, {'Max_spout': 1000.0, 'Spliters': 2.0, 'Counters': 15.0}, {'Max_spout': 1000.0, 'Spliters': 2.0, 'Counters': 15.0}, {'Max_spout': 1000.0, 'Spliters': 2.0, 'Counters': 15.0}, {'Max_spout': 1000.0, 'Spliters': 2.0, 'Counters': 15.0}, {'Max_spout': 1000.0, 'Spliters': 2.0, 'Counters': 15.0}, {'Max_spout': 1000.0, 'Spliters': 2.0, 'Counters': 15.0}, {'Max_spout': 1000.0, 'Spliters': 2.0, 'Counters': 15.0}
0.6659563580222723, 0.6659563580222723, 0.6659563580222723, 0.6659563580222723, 0.6659563580222723, 0.6659563580222723, 0.6659563580222723, 0.6659563580222723, 0.6659563580222723, 0.6659563580222723, 0.6659563580222723, 0.6659563580222723, 0.6659563580222723, 0.6659563580222723, 0.6659563580222723, 0.6659563580222723, 0.6659563580222723, 0.6659563580222723, 0.6659563580222723, 0.6659563580222723
3.0961031913757324, 3.159605026245117, 3.048088550567627, 3.0699148178100586, 3.2801625728607178, 3.3452086448669434, 2.642897367477417, 3.1485471725463867, 3.1087589263916016, 3.0698394775390625, 3.0555100440979004, 3.1167211532592773, 3.2252631187438965, 2.8444952964782715, 2.9261722564697266, 3.1067862510681152, 3.049736499786377, 2.7958083152770996, 3.012153387069702, 3.023785352706909