{'Max_spout': 1000.0, 'Spliters': 6.0, 'Counters': 1.0}, {'Max_spout': 1.0, 'Spliters': 3.0, 'Counters': 1.0}, {'Max_spout': 1.0, 'Spliters': 6.0, 'Counters': 18.0}, {'Max_spout': 10.0, 'Spliters': 6.0, 'Counters': 1.0}, {'Max_spout': 1000.0, 'Spliters': 2.0, 'Counters': 1.0}, {'Max_spout': 10.0, 'Spliters': 2.0, 'Counters': 1.0}, {'Max_spout': 1000.0, 'Spliters': 3.0, 'Counters': 9.0}, {'Max_spout': 1.0, 'Spliters': 3.0, 'Counters': 9.0}, {'Max_spout': 10.0, 'Spliters': 2.0, 'Counters': 1.0}, {'Max_spout': 10000.0, 'Spliters': 6.0, 'Counters': 1.0}, {'Max_spout': 10.0, 'Spliters': 3.0, 'Counters': 15.0}, {'Max_spout': 10.0, 'Spliters': 6.0, 'Counters': 6.0}, {'Max_spout': 1.0, 'Spliters': 2.0, 'Counters': 6.0}, {'Max_spout': 1.0, 'Spliters': 6.0, 'Counters': 18.0}, {'Max_spout': 10000.0, 'Spliters': 2.0, 'Counters': 1.0}, {'Max_spout': 1000.0, 'Spliters': 6.0, 'Counters': 3.0}, {'Max_spout': 1.0, 'Spliters': 3.0, 'Counters': 3.0}, {'Max_spout': 10.0, 'Spliters': 3.0, 'Counters': 12.0}, {'Max_spout': 1.0, 'Spliters': 1.0, 'Counters': 1.0}, {'Max_spout': 1.0, 'Spliters': 6.0, 'Counters': 15.0}
0.9258234902067863, 0.9837166353976741, 0.9899821781422401, 0.9355227500271586, 0.9301336198923642, 0.9380683102706162, 0.7387116000622445, 0.98557075453694, 0.9380683102706162, 0.8893312546059373, 0.8145939581846955, 0.7745021183641473, 0.9923779995478474, 0.9899821781422401, 0.9317807471087192, 0.7268205747035319, 0.980676349778181, 0.8089860919044138, 0.9951922088827427, 0.9893670744847957
0.014953374862670898, 0.013005256652832031, 0.010398387908935547, 0.010878801345825195, 0.011842727661132812, 0.01996302604675293, 0.010247945785522461, 0.017079830169677734, 0.018027305603027344, 0.01208186149597168, 0.010381698608398438, 0.012820005416870117, 0.01659083366394043, 0.014031171798706055, 0.021311521530151367, 0.015171527862548828, 0.018466949462890625, 0.013233184814453125, 0.017409563064575195, 0.02215290069580078