{'Max_spout': 1.0, 'Spliters': 1.0, 'Counters': 1.0}, {'Max_spout': 1.0, 'Spliters': 2.0, 'Counters': 1.0}, {'Max_spout': 1.0, 'Spliters': 6.0, 'Counters': 18.0}, {'Max_spout': 10.0, 'Spliters': 6.0, 'Counters': 1.0}, {'Max_spout': 1.0, 'Spliters': 2.0, 'Counters': 9.0}, {'Max_spout': 1.0, 'Spliters': 2.0, 'Counters': 18.0}, {'Max_spout': 1.0, 'Spliters': 3.0, 'Counters': 12.0}, {'Max_spout': 1.0, 'Spliters': 1.0, 'Counters': 12.0}, {'Max_spout': 1.0, 'Spliters': 2.0, 'Counters': 15.0}, {'Max_spout': 1.0, 'Spliters': 1.0, 'Counters': 9.0}, {'Max_spout': 1.0, 'Spliters': 3.0, 'Counters': 9.0}, {'Max_spout': 1.0, 'Spliters': 2.0, 'Counters': 18.0}, {'Max_spout': 1.0, 'Spliters': 2.0, 'Counters': 18.0}, {'Max_spout': 1.0, 'Spliters': 1.0, 'Counters': 18.0}, {'Max_spout': 1.0, 'Spliters': 1.0, 'Counters': 1.0}, {'Max_spout': 1.0, 'Spliters': 1.0, 'Counters': 6.0}, {'Max_spout': 1.0, 'Spliters': 1.0, 'Counters': 9.0}, {'Max_spout': 1.0, 'Spliters': 3.0, 'Counters': 18.0}, {'Max_spout': 1.0, 'Spliters': 1.0, 'Counters': 1.0}, {'Max_spout': 1.0, 'Spliters': 1.0, 'Counters': 9.0}
0.9951922088827427, 0.9965780271467705, 0.9899821781422401, 0.9355227500271586, 0.9929901671496478, 0.9951408279089705, 0.9874307457874941, 1.0, 0.9946005936704513, 0.9981062441095384, 0.98557075453694, 0.9951408279089705, 0.9951408279089705, 0.9984292102303923, 0.9951922088827427, 0.9966382162874751, 0.9981062441095384, 0.9870079537747399, 0.9951922088827427, 0.9981062441095384
0.08309221267700195, 0.08046865463256836, 0.08582735061645508, 0.0786139965057373, 0.08308529853820801, 0.06914353370666504, 0.07268166542053223, 0.07806396484375, 0.07440018653869629, 0.07222414016723633, 0.07196426391601562, 0.07429075241088867, 0.07502102851867676, 0.07802414894104004, 0.07633638381958008, 0.07627391815185547, 0.07544803619384766, 0.0814354419708252, 0.07620859146118164, 0.07271671295166016