{'Max_spout': 1.0, 'Spliters': 1.0, 'Counters': 18.0}, {'Max_spout': 1.0, 'Spliters': 1.0, 'Counters': 12.0}, {'Max_spout': 1.0, 'Spliters': 1.0, 'Counters': 18.0}, {'Max_spout': 1.0, 'Spliters': 1.0, 'Counters': 9.0}, {'Max_spout': 1.0, 'Spliters': 1.0, 'Counters': 12.0}, {'Max_spout': 1.0, 'Spliters': 1.0, 'Counters': 12.0}, {'Max_spout': 1.0, 'Spliters': 1.0, 'Counters': 9.0}, {'Max_spout': 1.0, 'Spliters': 1.0, 'Counters': 12.0}, {'Max_spout': 1.0, 'Spliters': 1.0, 'Counters': 12.0}, {'Max_spout': 1.0, 'Spliters': 1.0, 'Counters': 12.0}, {'Max_spout': 1.0, 'Spliters': 1.0, 'Counters': 12.0}, {'Max_spout': 1.0, 'Spliters': 1.0, 'Counters': 12.0}, {'Max_spout': 1.0, 'Spliters': 1.0, 'Counters': 18.0}, {'Max_spout': 1.0, 'Spliters': 1.0, 'Counters': 12.0}, {'Max_spout': 1.0, 'Spliters': 1.0, 'Counters': 12.0}, {'Max_spout': 1.0, 'Spliters': 1.0, 'Counters': 15.0}, {'Max_spout': 1.0, 'Spliters': 1.0, 'Counters': 12.0}, {'Max_spout': 1.0, 'Spliters': 1.0, 'Counters': 12.0}, {'Max_spout': 1.0, 'Spliters': 1.0, 'Counters': 18.0}, {'Max_spout': 1.0, 'Spliters': 1.0, 'Counters': 12.0}
0.9984292102303923, 1.0, 0.9984292102303923, 0.9981062441095384, 1.0, 1.0, 0.9981062441095384, 1.0, 1.0, 1.0, 1.0, 1.0, 0.9984292102303923, 1.0, 1.0, 0.9978346589624567, 1.0, 1.0, 0.9984292102303923, 1.0
3.2429165840148926, 3.3006558418273926, 3.2106173038482666, 3.223966121673584, 3.4366953372955322, 3.516669988632202, 2.743364095687866, 3.2294669151306152, 3.2095465660095215, 3.1108572483062744, 3.1010892391204834, 3.146850109100342, 3.257110595703125, 2.9148263931274414, 2.950460433959961, 3.132805824279785, 3.0901150703430176, 2.8228044509887695, 3.039538860321045, 3.0870580673217773