{'Max_spout': 1000.0, 'Spliters': 6.0, 'Counters': 1.0}, {'Max_spout': 1.0, 'Spliters': 3.0, 'Counters': 1.0}, {'Max_spout': 1.0, 'Spliters': 6.0, 'Counters': 18.0}, {'Max_spout': 10.0, 'Spliters': 6.0, 'Counters': 1.0}, {'Max_spout': 1.0, 'Spliters': 2.0, 'Counters': 9.0}, {'Max_spout': 10.0, 'Spliters': 2.0, 'Counters': 1.0}, {'Max_spout': 1.0, 'Spliters': 6.0, 'Counters': 6.0}, {'Max_spout': 1.0, 'Spliters': 3.0, 'Counters': 9.0}, {'Max_spout': 10.0, 'Spliters': 2.0, 'Counters': 1.0}, {'Max_spout': 1.0, 'Spliters': 2.0, 'Counters': 18.0}, {'Max_spout': 1.0, 'Spliters': 3.0, 'Counters': 9.0}, {'Max_spout': 1.0, 'Spliters': 2.0, 'Counters': 18.0}, {'Max_spout': 1.0, 'Spliters': 2.0, 'Counters': 6.0}, {'Max_spout': 1.0, 'Spliters': 1.0, 'Counters': 18.0}, {'Max_spout': 1.0, 'Spliters': 1.0, 'Counters': 1.0}, {'Max_spout': 1000000.0, 'Spliters': 6.0, 'Counters': 3.0}, {'Max_spout': 1.0, 'Spliters': 3.0, 'Counters': 3.0}, {'Max_spout': 10.0, 'Spliters': 3.0, 'Counters': 12.0}, {'Max_spout': 1.0, 'Spliters': 1.0, 'Counters': 1.0}, {'Max_spout': 1.0, 'Spliters': 1.0, 'Counters': 9.0}
0.9258234902067863, 0.9837166353976741, 0.9899821781422401, 0.9355227500271586, 0.9929901671496478, 0.9380683102706162, 0.9863884460338292, 0.98557075453694, 0.9380683102706162, 0.9951408279089705, 0.98557075453694, 0.9951408279089705, 0.9923779995478474, 0.9984292102303923, 0.9951922088827427, 0.7377573819779033, 0.980676349778181, 0.8089860919044138, 0.9951922088827427, 0.9981062441095384
0.023212432861328125, 0.025623321533203125, 0.03847765922546387, 0.02626180648803711, 0.03327751159667969, 0.025463104248046875, 0.03263092041015625, 0.0255281925201416, 0.03281521797180176, 0.026304960250854492, 0.02919316291809082, 0.03463482856750488, 0.02700638771057129, 0.027023792266845703, 0.026348114013671875, 0.02288532257080078, 0.031084060668945312, 0.024968624114990234, 0.023340225219726562, 0.02291250228881836