{'Max_spout': 1.0, 'Spliters': 2.0, 'Counters': 18.0}, {'Max_spout': 1.0, 'Spliters': 3.0, 'Counters': 6.0}, {'Max_spout': 1.0, 'Spliters': 6.0, 'Counters': 1.0}, {'Max_spout': 1.0, 'Spliters': 1.0, 'Counters': 9.0}, {'Max_spout': 1.0, 'Spliters': 1.0, 'Counters': 9.0}, {'Max_spout': 1.0, 'Spliters': 3.0, 'Counters': 9.0}, {'Max_spout': 1.0, 'Spliters': 1.0, 'Counters': 1.0}, {'Max_spout': 1.0, 'Spliters': 1.0, 'Counters': 18.0}, {'Max_spout': 1.0, 'Spliters': 2.0, 'Counters': 18.0}, {'Max_spout': 1.0, 'Spliters': 3.0, 'Counters': 12.0}, {'Max_spout': 1.0, 'Spliters': 1.0, 'Counters': 1.0}, {'Max_spout': 1.0, 'Spliters': 1.0, 'Counters': 18.0}, {'Max_spout': 1.0, 'Spliters': 2.0, 'Counters': 1.0}, {'Max_spout': 1.0, 'Spliters': 1.0, 'Counters': 1.0}, {'Max_spout': 1.0, 'Spliters': 3.0, 'Counters': 12.0}, {'Max_spout': 1.0, 'Spliters': 1.0, 'Counters': 1.0}, {'Max_spout': 10000.0, 'Spliters': 3.0, 'Counters': 1.0}, {'Max_spout': 10.0, 'Spliters': 1.0, 'Counters': 1.0}, {'Max_spout': 1.0, 'Spliters': 1.0, 'Counters': 1.0}, {'Max_spout': 1.0, 'Spliters': 1.0, 'Counters': 18.0}
0.0048591720910294844, 0.016110137319322426, 0.015315934267586262, 0.0018937558904615903, 0.0018937558904615903, 0.014429245463060014, 0.004807791117257265, 0.0015707897696076722, 0.0048591720910294844, 0.012569254212505876, 0.004807791117257265, 0.0015707897696076722, 0.003421972853229538, 0.004807791117257265, 0.012569254212505876, 0.004807791117257265, 0.07676904692697739, 0.07341166729791859, 0.004807791117257265, 0.0015707897696076722
0.0850830078125, 0.09790945053100586, 0.09071016311645508, 0.08867359161376953, 0.08882832527160645, 0.09175610542297363, 0.10288357734680176, 0.1104428768157959, 0.1056220531463623, 0.09277772903442383, 0.08756613731384277, 0.09232068061828613, 0.08805966377258301, 0.10901093482971191, 0.0884549617767334, 0.08612322807312012, 0.09215784072875977, 0.09725046157836914, 0.08438515663146973, 0.08067107200622559