{'Max_spout': 1.0, 'Spliters': 2.0, 'Counters': 18.0}, {'Max_spout': 1.0, 'Spliters': 3.0, 'Counters': 6.0}, {'Max_spout': 1.0, 'Spliters': 6.0, 'Counters': 1.0}, {'Max_spout': 1.0, 'Spliters': 1.0, 'Counters': 9.0}, {'Max_spout': 1.0, 'Spliters': 1.0, 'Counters': 9.0}, {'Max_spout': 1.0, 'Spliters': 3.0, 'Counters': 9.0}, {'Max_spout': 1.0, 'Spliters': 1.0, 'Counters': 1.0}, {'Max_spout': 1.0, 'Spliters': 1.0, 'Counters': 18.0}, {'Max_spout': 1.0, 'Spliters': 2.0, 'Counters': 18.0}, {'Max_spout': 1.0, 'Spliters': 6.0, 'Counters': 9.0}, {'Max_spout': 1.0, 'Spliters': 1.0, 'Counters': 1.0}, {'Max_spout': 1.0, 'Spliters': 1.0, 'Counters': 9.0}, {'Max_spout': 1.0, 'Spliters': 2.0, 'Counters': 1.0}, {'Max_spout': 1.0, 'Spliters': 1.0, 'Counters': 1.0}, {'Max_spout': 1.0, 'Spliters': 3.0, 'Counters': 12.0}, {'Max_spout': 1.0, 'Spliters': 1.0, 'Counters': 1.0}, {'Max_spout': 100000.0, 'Spliters': 6.0, 'Counters': 1.0}, {'Max_spout': 10.0, 'Spliters': 1.0, 'Counters': 1.0}, {'Max_spout': 1.0, 'Spliters': 1.0, 'Counters': 1.0}, {'Max_spout': 1.0, 'Spliters': 1.0, 'Counters': 18.0}
0.00412714830119143, 0.012763030391275798, 0.014498574912093054, 0.0012736252462314246, 0.0012736252462314246, 0.0110944306928622, 0.0023531105074919845, 0.001956462434749673, 0.00412714830119143, 0.009792353897109196, 0.0023531105074919845, 0.0012736252462314246, 0.0019045801973868182, 0.0023531105074919845, 0.01014716145584904, 0.0023531105074919845, 0.06096330252197879, 0.05876918596769576, 0.0023531105074919845, 0.001956462434749673
0.09278345108032227, 0.09018611907958984, 0.08632588386535645, 0.08314204216003418, 0.09893918037414551, 0.08943343162536621, 0.08933520317077637, 0.09296250343322754, 0.10375785827636719, 0.08851361274719238, 0.08157134056091309, 0.08681583404541016, 0.09913969039916992, 0.08068633079528809, 0.08577489852905273, 0.08822870254516602, 0.08908367156982422, 0.08414888381958008, 0.08036065101623535, 0.08849191665649414