{'Max_spout': 1000.0, 'Spliters': 6.0, 'Counters': 1.0}, {'Max_spout': 1.0, 'Spliters': 3.0, 'Counters': 1.0}, {'Max_spout': 1.0, 'Spliters': 6.0, 'Counters': 18.0}, {'Max_spout': 10.0, 'Spliters': 6.0, 'Counters': 1.0}, {'Max_spout': 1.0, 'Spliters': 2.0, 'Counters': 9.0}, {'Max_spout': 10.0, 'Spliters': 2.0, 'Counters': 1.0}, {'Max_spout': 1.0, 'Spliters': 6.0, 'Counters': 6.0}, {'Max_spout': 1.0, 'Spliters': 3.0, 'Counters': 9.0}, {'Max_spout': 10.0, 'Spliters': 2.0, 'Counters': 1.0}, {'Max_spout': 1.0, 'Spliters': 2.0, 'Counters': 18.0}, {'Max_spout': 1.0, 'Spliters': 3.0, 'Counters': 9.0}, {'Max_spout': 1.0, 'Spliters': 2.0, 'Counters': 18.0}, {'Max_spout': 1.0, 'Spliters': 2.0, 'Counters': 6.0}, {'Max_spout': 1.0, 'Spliters': 1.0, 'Counters': 18.0}, {'Max_spout': 1.0, 'Spliters': 1.0, 'Counters': 1.0}, {'Max_spout': 100.0, 'Spliters': 3.0, 'Counters': 15.0}, {'Max_spout': 1.0, 'Spliters': 3.0, 'Counters': 3.0}, {'Max_spout': 10.0, 'Spliters': 3.0, 'Counters': 12.0}, {'Max_spout': 1.0, 'Spliters': 1.0, 'Counters': 1.0}, {'Max_spout': 1.0, 'Spliters': 1.0, 'Counters': 9.0}
0.9138319718430077, 0.9851616801142079, 0.9879666681729252, 0.9394852277881264, 0.9961623880557048, 0.9515838308170448, 0.9877239931917116, 0.9889055693071378, 0.9515838308170448, 0.9958728516988086, 0.9889055693071378, 0.9958728516988086, 0.9976586048364287, 0.9980435375652503, 0.997646889492508, 0.7306860003313769, 0.9872888518460872, 0.8149862679433044, 0.997646889492508, 0.9987263747537686
0.03849673271179199, 0.029671907424926758, 0.039598941802978516, 0.02911829948425293, 0.027185440063476562, 0.02566385269165039, 0.02521371841430664, 0.025142192840576172, 0.025456666946411133, 0.028064727783203125, 0.026318788528442383, 0.02682971954345703, 0.022045612335205078, 0.02370166778564453, 0.027688980102539062, 0.026662349700927734, 0.026276350021362305, 0.03419828414916992, 0.031471967697143555, 0.02649855613708496