{'Max_spout': 1.0, 'Spliters': 2.0, 'Counters': 18.0}, {'Max_spout': 1.0, 'Spliters': 1.0, 'Counters': 1.0}, {'Max_spout': 10.0, 'Spliters': 1.0, 'Counters': 1.0}, {'Max_spout': 10.0, 'Spliters': 3.0, 'Counters': 1.0}, {'Max_spout': 10000.0, 'Spliters': 1.0, 'Counters': 1.0}, {'Max_spout': 1.0, 'Spliters': 6.0, 'Counters': 9.0}, {'Max_spout': 1.0, 'Spliters': 1.0, 'Counters': 18.0}, {'Max_spout': 1.0, 'Spliters': 1.0, 'Counters': 18.0}, {'Max_spout': 1.0, 'Spliters': 1.0, 'Counters': 1.0}, {'Max_spout': 100000.0, 'Spliters': 3.0, 'Counters': 1.0}, {'Max_spout': 1.0, 'Spliters': 6.0, 'Counters': 15.0}, {'Max_spout': 10.0, 'Spliters': 1.0, 'Counters': 1.0}, {'Max_spout': 1.0, 'Spliters': 6.0, 'Counters': 18.0}, {'Max_spout': 10.0, 'Spliters': 1.0, 'Counters': 9.0}, {'Max_spout': 1000.0, 'Spliters': 2.0, 'Counters': 1.0}, {'Max_spout': 1.0, 'Spliters': 6.0, 'Counters': 15.0}, {'Max_spout': 1.0, 'Spliters': 1.0, 'Counters': 1.0}, {'Max_spout': 1.0, 'Spliters': 6.0, 'Counters': 6.0}, {'Max_spout': 1.0, 'Spliters': 6.0, 'Counters': 1.0}, {'Max_spout': 1.0, 'Spliters': 3.0, 'Counters': 1.0}
0.00412714830119143, 0.0023531105074919845, 0.05876918596769576, 0.05419350735639916, 0.08075721288620885, 0.009792353897109196, 0.001956462434749673, 0.001956462434749673, 0.0023531105074919845, 0.1005109563569967, 0.011025812249898292, 0.05876918596769576, 0.012033331827074778, 0.14734053324898289, 0.06312562028562008, 0.011025812249898292, 0.0023531105074919845, 0.012276006808288442, 0.014498574912093054, 0.014838319885792095
0.02521038055419922, 0.024599075317382812, 0.022380352020263672, 0.02004384994506836, 0.021306514739990234, 0.09389281272888184, 0.05465960502624512, 0.030186176300048828, 0.02352428436279297, 0.030564069747924805, 0.019925355911254883, 0.01924419403076172, 0.027121782302856445, 0.023764371871948242, 0.02218317985534668, 0.018963336944580078, 0.02107977867126465, 0.019578218460083008, 0.02477240562438965, 0.02030634880065918