{'Max_spout': 1.0, 'Spliters': 1.0, 'Counters': 1.0}, {'Max_spout': 1.0, 'Spliters': 2.0, 'Counters': 1.0}, {'Max_spout': 1.0, 'Spliters': 2.0, 'Counters': 15.0}, {'Max_spout': 1.0, 'Spliters': 1.0, 'Counters': 9.0}, {'Max_spout': 1.0, 'Spliters': 2.0, 'Counters': 9.0}, {'Max_spout': 1.0, 'Spliters': 1.0, 'Counters': 18.0}, {'Max_spout': 1.0, 'Spliters': 1.0, 'Counters': 9.0}, {'Max_spout': 1.0, 'Spliters': 1.0, 'Counters': 12.0}, {'Max_spout': 1.0, 'Spliters': 2.0, 'Counters': 15.0}, {'Max_spout': 1.0, 'Spliters': 1.0, 'Counters': 15.0}, {'Max_spout': 1.0, 'Spliters': 1.0, 'Counters': 15.0}, {'Max_spout': 1.0, 'Spliters': 2.0, 'Counters': 1.0}, {'Max_spout': 1.0, 'Spliters': 1.0, 'Counters': 9.0}, {'Max_spout': 1.0, 'Spliters': 1.0, 'Counters': 18.0}, {'Max_spout': 1.0, 'Spliters': 1.0, 'Counters': 3.0}, {'Max_spout': 1.0, 'Spliters': 1.0, 'Counters': 6.0}, {'Max_spout': 1.0, 'Spliters': 1.0, 'Counters': 9.0}, {'Max_spout': 1.0, 'Spliters': 1.0, 'Counters': 12.0}, {'Max_spout': 1.0, 'Spliters': 1.0, 'Counters': 3.0}, {'Max_spout': 1.0, 'Spliters': 1.0, 'Counters': 9.0}
0.997646889492508, 0.9980954198026132, 0.9964920913060433, 0.9987263747537686, 0.9961623880557048, 0.9980435375652503, 0.9987263747537686, 0.9991849467872342, 0.9964920913060433, 1.0, 1.0, 0.9980954198026132, 0.9987263747537686, 0.9980435375652503, 0.9980703154942118, 0.9967598705956583, 0.9987263747537686, 0.9991849467872342, 0.9980703154942118, 0.9987263747537686
1.1287930011749268, 1.12758469581604, 1.2253644466400146, 1.139878511428833, 1.1368670463562012, 1.1273245811462402, 1.1317100524902344, 1.1267075538635254, 1.1507813930511475, 1.1436395645141602, 1.1356191635131836, 1.130643367767334, 1.1308834552764893, 1.1360769271850586, 1.151139736175537, 1.1313793659210205, 1.141279697418213, 1.1490905284881592, 1.1418342590332031, 1.1431806087493896