{'Max_spout': 1.0, 'Spliters': 1.0, 'Counters': 1.0}, {'Max_spout': 1.0, 'Spliters': 2.0, 'Counters': 1.0}, {'Max_spout': 1.0, 'Spliters': 6.0, 'Counters': 18.0}, {'Max_spout': 10.0, 'Spliters': 6.0, 'Counters': 1.0}, {'Max_spout': 1.0, 'Spliters': 2.0, 'Counters': 9.0}, {'Max_spout': 1.0, 'Spliters': 2.0, 'Counters': 18.0}, {'Max_spout': 1.0, 'Spliters': 3.0, 'Counters': 12.0}, {'Max_spout': 1.0, 'Spliters': 1.0, 'Counters': 12.0}, {'Max_spout': 1.0, 'Spliters': 2.0, 'Counters': 15.0}, {'Max_spout': 1.0, 'Spliters': 1.0, 'Counters': 9.0}, {'Max_spout': 1.0, 'Spliters': 3.0, 'Counters': 9.0}, {'Max_spout': 1.0, 'Spliters': 2.0, 'Counters': 18.0}, {'Max_spout': 1.0, 'Spliters': 2.0, 'Counters': 6.0}, {'Max_spout': 1.0, 'Spliters': 1.0, 'Counters': 18.0}, {'Max_spout': 1.0, 'Spliters': 1.0, 'Counters': 1.0}, {'Max_spout': 1.0, 'Spliters': 1.0, 'Counters': 6.0}, {'Max_spout': 1.0, 'Spliters': 1.0, 'Counters': 9.0}, {'Max_spout': 1.0, 'Spliters': 3.0, 'Counters': 18.0}, {'Max_spout': 1.0, 'Spliters': 1.0, 'Counters': 1.0}, {'Max_spout': 1.0, 'Spliters': 1.0, 'Counters': 9.0}
0.997646889492508, 0.9980954198026132, 0.9879666681729252, 0.9394852277881264, 0.9961623880557048, 0.9958728516988086, 0.989852838544151, 0.9991849467872342, 0.9964920913060433, 0.9987263747537686, 0.9889055693071378, 0.9958728516988086, 0.9976586048364287, 0.9980435375652503, 0.997646889492508, 0.9967598705956583, 0.9987263747537686, 0.9897808728600669, 0.997646889492508, 0.9987263747537686
0.09781265258789062, 0.06467652320861816, 0.07142925262451172, 0.06347918510437012, 0.059712886810302734, 0.06282997131347656, 0.06495547294616699, 0.06827020645141602, 0.07726216316223145, 0.06885290145874023, 0.06606793403625488, 0.0676736831665039, 0.07620763778686523, 0.06494569778442383, 0.0647735595703125, 0.17431926727294922, 0.07294869422912598, 0.06361985206604004, 0.06458306312561035, 0.06555986404418945