{'Max_spout': 1.0, 'Spliters': 1.0, 'Counters': 1.0}, {'Max_spout': 1.0, 'Spliters': 2.0, 'Counters': 1.0}, {'Max_spout': 1.0, 'Spliters': 3.0, 'Counters': 18.0}, {'Max_spout': 1.0, 'Spliters': 2.0, 'Counters': 6.0}, {'Max_spout': 1.0, 'Spliters': 2.0, 'Counters': 9.0}, {'Max_spout': 1.0, 'Spliters': 2.0, 'Counters': 18.0}, {'Max_spout': 1.0, 'Spliters': 2.0, 'Counters': 3.0}, {'Max_spout': 1.0, 'Spliters': 1.0, 'Counters': 12.0}, {'Max_spout': 1.0, 'Spliters': 2.0, 'Counters': 15.0}, {'Max_spout': 1.0, 'Spliters': 1.0, 'Counters': 15.0}, {'Max_spout': 1.0, 'Spliters': 1.0, 'Counters': 15.0}, {'Max_spout': 1.0, 'Spliters': 2.0, 'Counters': 18.0}, {'Max_spout': 1.0, 'Spliters': 2.0, 'Counters': 6.0}, {'Max_spout': 1.0, 'Spliters': 1.0, 'Counters': 18.0}, {'Max_spout': 1.0, 'Spliters': 1.0, 'Counters': 3.0}, {'Max_spout': 1.0, 'Spliters': 1.0, 'Counters': 6.0}, {'Max_spout': 1.0, 'Spliters': 1.0, 'Counters': 9.0}, {'Max_spout': 1.0, 'Spliters': 1.0, 'Counters': 12.0}, {'Max_spout': 1.0, 'Spliters': 1.0, 'Counters': 3.0}, {'Max_spout': 1.0, 'Spliters': 1.0, 'Counters': 9.0}
0.997646889492508, 0.9980954198026132, 0.9897808728600669, 0.9976586048364287, 0.9961623880557048, 0.9958728516988086, 0.9961456518501038, 0.9991849467872342, 0.9964920913060433, 1.0, 1.0, 0.9958728516988086, 0.9976586048364287, 0.9980435375652503, 0.9980703154942118, 0.9967598705956583, 0.9987263747537686, 0.9991849467872342, 0.9980703154942118, 0.9987263747537686
0.26499271392822266, 0.2535727024078369, 0.25092101097106934, 0.24849939346313477, 0.25037145614624023, 0.2521977424621582, 0.25037646293640137, 0.25132060050964355, 0.2510995864868164, 0.25324320793151855, 0.2578117847442627, 0.25452399253845215, 0.2511169910430908, 0.24875307083129883, 0.24918580055236816, 0.25220179557800293, 0.25293445587158203, 0.25208020210266113, 0.2524073123931885, 0.25130152702331543