{'Max_spout': 1.0, 'Spliters': 2.0, 'Counters': 18.0}, {'Max_spout': 1000.0, 'Spliters': 6.0, 'Counters': 1.0}, {'Max_spout': 100.0, 'Spliters': 3.0, 'Counters': 1.0}, {'Max_spout': 1.0, 'Spliters': 2.0, 'Counters': 1.0}, {'Max_spout': 10.0, 'Spliters': 3.0, 'Counters': 1.0}, {'Max_spout': 10.0, 'Spliters': 2.0, 'Counters': 1.0}, {'Max_spout': 1.0, 'Spliters': 1.0, 'Counters': 9.0}, {'Max_spout': 1.0, 'Spliters': 1.0, 'Counters': 1.0}, {'Max_spout': 1.0, 'Spliters': 3.0, 'Counters': 1.0}, {'Max_spout': 1.0, 'Spliters': 6.0, 'Counters': 18.0}, {'Max_spout': 1.0, 'Spliters': 1.0, 'Counters': 1.0}, {'Max_spout': 10000.0, 'Spliters': 1.0, 'Counters': 1.0}, {'Max_spout': 1.0, 'Spliters': 6.0, 'Counters': 1.0}, {'Max_spout': 100.0, 'Spliters': 2.0, 'Counters': 1.0}, {'Max_spout': 10.0, 'Spliters': 6.0, 'Counters': 1.0}, {'Max_spout': 1.0, 'Spliters': 3.0, 'Counters': 15.0}, {'Max_spout': 10.0, 'Spliters': 1.0, 'Counters': 18.0}, {'Max_spout': 1000.0, 'Spliters': 1.0, 'Counters': 1.0}, {'Max_spout': 1.0, 'Spliters': 3.0, 'Counters': 6.0}, {'Max_spout': 1.0, 'Spliters': 1.0, 'Counters': 1.0}
0.004397110839524876, 0.12316436788298513, 0.07276086830006401, 0.005342812986996237, 0.06878891928068442, 0.04917651166850956, 0.003115159039619231, 0.004705878549212117, 0.01642611883838674, 0.011702457855632509, 0.004705878549212117, 0.09254786707792584, 0.01519589775424035, 0.07730185519279387, 0.057550421282016484, 0.012987642825273094, 0.18006815521801256, 0.09818813168053697, 0.014104702968696481, 0.004705878549212117
0.04165506362915039, 0.04302477836608887, 0.0474245548248291, 0.05507802963256836, 0.07351326942443848, 0.04782295227050781, 0.04555988311767578, 0.04083061218261719, 0.04192304611206055, 0.03919482231140137, 0.03787517547607422, 0.04221963882446289, 0.05896186828613281, 0.050714731216430664, 0.11701607704162598, 0.06297159194946289, 0.04980635643005371, 0.06332612037658691, 0.043243408203125, 0.04143238067626953