{'Max_spout': 1000.0, 'Spliters': 6.0, 'Counters': 1.0}, {'Max_spout': 1.0, 'Spliters': 3.0, 'Counters': 1.0}, {'Max_spout': 1.0, 'Spliters': 6.0, 'Counters': 18.0}, {'Max_spout': 10.0, 'Spliters': 6.0, 'Counters': 1.0}, {'Max_spout': 1000.0, 'Spliters': 2.0, 'Counters': 1.0}, {'Max_spout': 10.0, 'Spliters': 2.0, 'Counters': 1.0}, {'Max_spout': 100000.0, 'Spliters': 1.0, 'Counters': 12.0}, {'Max_spout': 1.0, 'Spliters': 3.0, 'Counters': 9.0}, {'Max_spout': 10.0, 'Spliters': 2.0, 'Counters': 1.0}, {'Max_spout': 100000.0, 'Spliters': 1.0, 'Counters': 18.0}, {'Max_spout': 10.0, 'Spliters': 3.0, 'Counters': 15.0}, {'Max_spout': 100.0, 'Spliters': 1.0, 'Counters': 15.0}, {'Max_spout': 1.0, 'Spliters': 2.0, 'Counters': 6.0}, {'Max_spout': 1.0, 'Spliters': 6.0, 'Counters': 18.0}, {'Max_spout': 10000.0, 'Spliters': 2.0, 'Counters': 1.0}, {'Max_spout': 1000.0, 'Spliters': 2.0, 'Counters': 3.0}, {'Max_spout': 1.0, 'Spliters': 3.0, 'Counters': 3.0}, {'Max_spout': 100.0, 'Spliters': 1.0, 'Counters': 3.0}, {'Max_spout': 1.0, 'Spliters': 1.0, 'Counters': 1.0}, {'Max_spout': 1.0, 'Spliters': 6.0, 'Counters': 15.0}
0.8768356321170149, 0.9835738811616133, 0.9882975421443675, 0.9424495787179835, 0.9239784800222443, 0.9508234883314904, 0.7506288515134467, 0.9867003562953048, 0.9508234883314904, 0.7222577870893067, 0.7858865674730192, 0.7427884149062058, 0.992573409118832, 0.9882975421443675, 0.9439481528901305, 0.7037640562054227, 0.9823080952103823, 0.8132715151280012, 0.9952941214507879, 0.9889813575433083
0.013459920883178711, 0.02173328399658203, 0.018018722534179688, 0.012977838516235352, 0.010488033294677734, 0.01076817512512207, 0.011088371276855469, 0.009760141372680664, 0.009879112243652344, 0.060044288635253906, 0.021352529525756836, 0.01527547836303711, 0.01459360122680664, 0.012322425842285156, 0.016911745071411133, 0.010903358459472656, 0.009385824203491211, 0.011746406555175781, 0.010008811950683594, 0.012079954147338867