{'Max_spout': 1.0, 'Spliters': 2.0, 'Counters': 18.0}, {'Max_spout': 1.0, 'Spliters': 1.0, 'Counters': 1.0}, {'Max_spout': 10.0, 'Spliters': 6.0, 'Counters': 1.0}, {'Max_spout': 10.0, 'Spliters': 3.0, 'Counters': 1.0}, {'Max_spout': 10000.0, 'Spliters': 1.0, 'Counters': 1.0}, {'Max_spout': 1.0, 'Spliters': 6.0, 'Counters': 9.0}, {'Max_spout': 1.0, 'Spliters': 1.0, 'Counters': 18.0}, {'Max_spout': 1.0, 'Spliters': 1.0, 'Counters': 18.0}, {'Max_spout': 1.0, 'Spliters': 1.0, 'Counters': 1.0}, {'Max_spout': 100000.0, 'Spliters': 3.0, 'Counters': 1.0}, {'Max_spout': 1.0, 'Spliters': 6.0, 'Counters': 15.0}, {'Max_spout': 10.0, 'Spliters': 1.0, 'Counters': 1.0}, {'Max_spout': 1.0, 'Spliters': 6.0, 'Counters': 18.0}, {'Max_spout': 10.0, 'Spliters': 1.0, 'Counters': 9.0}, {'Max_spout': 1000.0, 'Spliters': 2.0, 'Counters': 1.0}, {'Max_spout': 1.0, 'Spliters': 6.0, 'Counters': 15.0}, {'Max_spout': 1.0, 'Spliters': 1.0, 'Counters': 1.0}, {'Max_spout': 1.0, 'Spliters': 6.0, 'Counters': 6.0}, {'Max_spout': 1.0, 'Spliters': 6.0, 'Counters': 1.0}, {'Max_spout': 1.0, 'Spliters': 3.0, 'Counters': 1.0}
0.004397110839524876, 0.004705878549212117, 0.057550421282016484, 0.06878891928068442, 0.09254786707792584, 0.01499705781554117, 0.0, 0.0, 0.004705878549212117, 0.2080189075766099, 0.011018642456691707, 0.06889723046680507, 0.011702457855632509, 0.17528306401029436, 0.07602151997775575, 0.011018642456691707, 0.004705878549212117, 0.014272827794913567, 0.01519589775424035, 0.01642611883838674
0.04545760154724121, 0.2032947540283203, 0.037986040115356445, 0.036070823669433594, 0.04019427299499512, 0.03772306442260742, 0.04580259323120117, 0.03906702995300293, 0.03907895088195801, 0.048568010330200195, 0.036920785903930664, 0.03961348533630371, 0.03603982925415039, 0.03882122039794922, 0.03841137886047363, 0.05470848083496094, 0.06051230430603027, 0.03459978103637695, 0.03658771514892578, 0.04198002815246582