{'Max_spout': 1.0, 'Spliters': 1.0, 'Counters': 6.0}, {'Max_spout': 1.0, 'Spliters': 2.0, 'Counters': 15.0}, {'Max_spout': 1.0, 'Spliters': 6.0, 'Counters': 18.0}, {'Max_spout': 1.0, 'Spliters': 2.0, 'Counters': 6.0}, {'Max_spout': 1.0, 'Spliters': 2.0, 'Counters': 9.0}, {'Max_spout': 1.0, 'Spliters': 2.0, 'Counters': 18.0}, {'Max_spout': 1.0, 'Spliters': 2.0, 'Counters': 3.0}, {'Max_spout': 1.0, 'Spliters': 1.0, 'Counters': 18.0}, {'Max_spout': 1.0, 'Spliters': 2.0, 'Counters': 15.0}, {'Max_spout': 1.0, 'Spliters': 1.0, 'Counters': 9.0}, {'Max_spout': 1.0, 'Spliters': 1.0, 'Counters': 18.0}, {'Max_spout': 1.0, 'Spliters': 2.0, 'Counters': 18.0}, {'Max_spout': 1.0, 'Spliters': 2.0, 'Counters': 18.0}, {'Max_spout': 1.0, 'Spliters': 1.0, 'Counters': 18.0}, {'Max_spout': 1.0, 'Spliters': 1.0, 'Counters': 3.0}, {'Max_spout': 1.0, 'Spliters': 1.0, 'Counters': 6.0}, {'Max_spout': 1.0, 'Spliters': 1.0, 'Counters': 9.0}, {'Max_spout': 1.0, 'Spliters': 1.0, 'Counters': 18.0}, {'Max_spout': 1.0, 'Spliters': 1.0, 'Counters': 3.0}, {'Max_spout': 1.0, 'Spliters': 1.0, 'Counters': 9.0}
0.9979744191610571, 0.9947137674833654, 0.9882975421443675, 0.992573409118832, 0.993446364947267, 0.9956028891604751, 0.9938666770128098, 1.0, 0.9947137674833654, 0.9968848409603808, 1.0, 0.9956028891604751, 0.9956028891604751, 1.0, 0.9968331102446216, 0.9979744191610571, 0.9968848409603808, 1.0, 0.9968331102446216, 0.9968848409603808
0.30072641372680664, 0.31629037857055664, 0.27971816062927246, 0.28675055503845215, 0.2778043746948242, 0.28081488609313965, 0.2794508934020996, 0.28307461738586426, 0.28534960746765137, 0.2842428684234619, 0.2815983295440674, 0.2815272808074951, 0.2809925079345703, 0.28835582733154297, 0.2847723960876465, 0.28228306770324707, 0.28131103515625, 0.2806825637817383, 0.2808372974395752, 0.2807807922363281