{
  "stats": {
    "submitted": 24,
    "finished": 24,
    "running": 0
  },
  "data": [
    [
      1,
      null,
      959027881,
      null,
      0.42750712540580593,
      0.001889944076538086,
      1,
      1763450119.739574,
      1763450119.7429903,
      {}
    ],
    [
      2,
      null,
      959027881,
      null,
      0.4444524997145689,
      0.0007658004760742188,
      1,
      1763450119.748632,
      1763450119.7506957,
      {}
    ],
    [
      3,
      null,
      959027881,
      null,
      0.36080234279076095,
      0.0016009807586669922,
      1,
      1763450121.3159075,
      1763450121.3188727,
      {}
    ],
    [
      4,
      null,
      959027881,
      null,
      0.27427704270254316,
      0.001127004623413086,
      1,
      1763450121.3240762,
      1763450121.326295,
      {}
    ],
    [
      5,
      null,
      959027881,
      null,
      0.4444524997145689,
      0.00041961669921875,
      1,
      1763450121.3312857,
      1763450121.3327777,
      {}
    ],
    [
      6,
      null,
      959027881,
      null,
      0.24747316907598527,
      0.0010457038879394531,
      1,
      1763450121.3375309,
      1763450121.3396578,
      {}
    ],
    [
      7,
      null,
      959027881,
      null,
      0.43215108756123266,
      0.0010998249053955078,
      1,
      1763450121.3451996,
      1763450121.3473735,
      {}
    ],
    [
      8,
      null,
      959027881,
      null,
      0.3264483766925703,
      0.0012536048889160156,
      1,
      1763450121.3526256,
      1763450121.3549325,
      {}
    ],
    [
      9,
      null,
      959027881,
      null,
      0.5705829195899946,
      0.0009098052978515625,
      1,
      1763450121.3602858,
      1763450121.3622403,
      {}
    ],
    [
      10,
      null,
      959027881,
      null,
      0.26875432655043596,
      0.000762939453125,
      1,
      1763450121.3679771,
      1763450121.3697822,
      {}
    ],
    [
      11,
      null,
      959027881,
      null,
      0.2779325584850326,
      0.0009527206420898438,
      1,
      1763450121.381769,
      1763450121.3837826,
      {}
    ],
    [
      12,
      null,
      959027881,
      null,
      0.24747316907598527,
      0.0005619525909423828,
      1,
      1763450122.8238955,
      1763450122.825781,
      {}
    ],
    [
      13,
      null,
      959027881,
      null,
      0.2574971121234064,
      0.0009057521820068359,
      1,
      1763450122.8320708,
      1763450122.83408,
      {}
    ],
    [
      14,
      null,
      959027881,
      null,
      0.1627686260530098,
      0.0008203983306884766,
      1,
      1763450122.840586,
      1763450122.8424606,
      {}
    ],
    [
      15,
      null,
      959027881,
      null,
      0.38593282470530754,
      0.0006999969482421875,
      1,
      1763450122.8496485,
      1763450122.851449,
      {}
    ],
    [
      16,
      null,
      959027881,
      null,
      0.27901193617442877,
      0.0006945133209228516,
      1,
      1763450122.8582275,
      1763450122.8600411,
      {}
    ],
    [
      17,
      null,
      959027881,
      null,
      0.3513102464343223,
      0.0007631778717041016,
      1,
      1763450122.866961,
      1763450122.8687732,
      {}
    ],
    [
      18,
      null,
      959027881,
      null,
      0.455058308421995,
      0.0006668567657470703,
      1,
      1763450122.8758557,
      1763450122.8775685,
      {}
    ],
    [
      19,
      null,
      959027881,
      null,
      0.3377391066044838,
      0.0011408329010009766,
      1,
      1763450124.305123,
      1763450124.307424,
      {}
    ],
    [
      20,
      null,
      959027881,
      null,
      0.3377391066044838,
      0.0005359649658203125,
      1,
      1763450124.3189669,
      1763450124.320674,
      {}
    ],
    [
      21,
      null,
      959027881,
      null,
      0.16084862350692708,
      0.001112222671508789,
      1,
      1763450124.3283086,
      1763450124.3304772,
      {}
    ],
    [
      22,
      null,
      959027881,
      null,
      0.3297047418328608,
      0.001168966293334961,
      1,
      1763450124.3395815,
      1763450124.3419812,
      {}
    ],
    [
      23,
      null,
      959027881,
      null,
      0.16284243685084088,
      0.0008633136749267578,
      1,
      1763450124.3502274,
      1763450124.3522103,
      {}
    ],
    [
      24,
      null,
      959027881,
      null,
      0.43228943472187464,
      0.0009899139404296875,
      1,
      1763450124.3606906,
      1763450124.3628385,
      {}
    ]
  ],
  "configs": {
    "1": {
      "Criticality": 0.49341840322075403,
      "Criticality Modifier": 0.6884220188832367,
      "Culture": 0.9441947128088304,
      "Dynamism": 0.38593271601507195,
      "Initial Known": 0.1251869727839555,
      "Inter-Dependency": 0.8845924583122051,
      "Plan": 0.7171493706198437,
      "Size": 0.7413573832105379,
      "Team Size": 0.658289806168266
    },
    "2": {
      "Criticality": 0.9879415678288341,
      "Criticality Modifier": 0.16786877010905865,
      "Culture": 0.11690275808600019,
      "Dynamism": 0.7742583926994288,
      "Initial Known": 0.7164561749374766,
      "Inter-Dependency": 0.1316638320799602,
      "Plan": 0.3943929063965205,
      "Size": 0.43519516037290035,
      "Team Size": 0.3109825961414838
    },
    "3": {
      "Criticality": 0.9795568993905353,
      "Criticality Modifier": 0.6088153642588057,
      "Culture": 0.5180205746539125,
      "Dynamism": 0.0056373564317420185,
      "Initial Known": 0.14003579319961987,
      "Inter-Dependency": 0.22593826571132775,
      "Plan": 0.36680192923800514,
      "Size": 0.7894842813380305,
      "Team Size": 0.3429638556805561
    },
    "4": {
      "Criticality": 0.6304317904711833,
      "Criticality Modifier": 0.9273765859697579,
      "Culture": 0.7569739292501156,
      "Dynamism": 0.09937900628002053,
      "Initial Known": 0.7777130796647118,
      "Inter-Dependency": 0.9741372727237309,
      "Plan": 0.735155864188696,
      "Size": 0.47411441855540226,
      "Team Size": 0.17604030158354425
    },
    "5": {
      "Criticality": 0.9246650936030144,
      "Criticality Modifier": 0.16809633915311833,
      "Culture": 0.1609302449480212,
      "Dynamism": 0.7742583926994288,
      "Initial Known": 0.7042374546378198,
      "Inter-Dependency": 0.23788802607682225,
      "Plan": 0.46922685302788253,
      "Size": 0.46782461191652414,
      "Team Size": 0.2929674634779757
    },
    "6": {
      "Criticality": 0.7826297657782952,
      "Criticality Modifier": 0.31460601717262143,
      "Culture": 0.44836999786372883,
      "Dynamism": 0.9186782727429514,
      "Initial Known": 0.6673590539831413,
      "Inter-Dependency": 0.9320936644428276,
      "Plan": 0.8794012500106738,
      "Size": 0.36318121746055765,
      "Team Size": 0.8594008174822079
    },
    "7": {
      "Criticality": 0.14416894153240714,
      "Criticality Modifier": 0.30061957151827956,
      "Culture": 0.32505256390627796,
      "Dynamism": 0.21465929381435805,
      "Initial Known": 0.25521475918890785,
      "Inter-Dependency": 0.783747562776248,
      "Plan": 0.4823399545911609,
      "Size": 0.8640856027747114,
      "Team Size": 0.036987287564811296
    },
    "8": {
      "Criticality": 0.5314981820728137,
      "Criticality Modifier": 0.5065842184161171,
      "Culture": 0.5471180201440955,
      "Dynamism": 0.9698001335991338,
      "Initial Known": 0.872461852042307,
      "Inter-Dependency": 0.7758669629958651,
      "Plan": 0.6528912382045421,
      "Size": 0.6536909398375562,
      "Team Size": 0.4478591784001197
    },
    "9": {
      "Criticality": 0.9862537568033956,
      "Criticality Modifier": 0.6644227780859805,
      "Culture": 0.2526166512559223,
      "Dynamism": 0.33739073548766724,
      "Initial Known": 0.5055314940401028,
      "Inter-Dependency": 0.8340699600603941,
      "Plan": 0.30605256792520585,