{
  "incumbent_ids": [
    11
  ],
  "rejected_config_ids": [
    1,
    2,
    4,
    5,
    6,
    7,
    8,
    9,
    10,
    3,
    12,
    13,
    14,
    15,
    16,
    17,
    18
  ],
  "incumbents_changed": 4,
  "trajectory": [
    {
      "config_ids": [
        1
      ],
      "costs": [
        0.3734618574815862
      ],
      "trial": 1,
      "walltime": 0.014602184295654297
    },
    {
      "config_ids": [
        2
      ],
      "costs": [
        0.26570531096375183
      ],
      "trial": 2,
      "walltime": 3.0652542114257812
    },
    {
      "config_ids": [
        3
      ],
      "costs": [
        0.2344424780484905
      ],
      "trial": 3,
      "walltime": 3.076620101928711
    },
    {
      "config_ids": [
        11
      ],
      "costs": [
        0.16832896442445255
      ],
      "trial": 11,
      "walltime": 6.4356324672698975
    }
  ],
  "state": {
    "queue": [
      [
        18,
        1
      ]
    ]
  }
}