{
  "stats": {
    "submitted": 6,
    "finished": 6,
    "running": 0
  },
  "data": [
    [
      1,
      null,
      1687321482,
      null,
      0.1456479305572168,
      0.0013005733489990234,
      1,
      1763449869.6544466,
      1763449869.6572745,
      {}
    ],
    [
      2,
      null,
      1687321482,
      null,
      0.5656416502858939,
      0.0013720989227294922,
      1,
      1763449870.8519468,
      1763449870.8544593,
      {}
    ],
    [
      3,
      null,
      1687321482,
      null,
      0.30930114230245564,
      0.0005805492401123047,
      1,
      1763449870.8585174,
      1763449870.8602204,
      {}
    ],
    [
      4,
      null,
      1687321482,
      null,
      0.5860293505281248,
      0.0005562305450439453,
      1,
      1763449870.8652523,
      1763449870.866824,
      {}
    ],
    [
      5,
      null,
      1687321482,
      null,
      0.4025903023736347,
      0.0006117820739746094,
      1,
      1763449870.870993,
      1763449870.8726244,
      {}
    ],
    [
      6,
      null,
      1687321482,
      null,
      0.33919318853620894,
      0.0005705356597900391,
      1,
      1763449870.8769016,
      1763449870.8784862,
      {}
    ]
  ],
  "configs": {
    "1": {
      "Criticality": 0.826599197758356,
      "Criticality Modifier": 0.264369048997627,
      "Culture": 0.48827997005622215,
      "Dynamism": 0.13345280846791918,
      "Initial Known": 0.880010524680633,
      "Inter-Dependency": 0.4590803686355017,
      "Plan": 0.6724131786356746,
      "Size": 0.19717864406347776,
      "Team Size": 0.08499593324935678
    },
    "2": {
      "Criticality": 0.9477210146493824,
      "Criticality Modifier": 0.7992780410723536,
      "Culture": 0.5171937896200821,
      "Dynamism": 0.7694150892079114,
      "Initial Known": 0.8581842171899714,
      "Inter-Dependency": 0.12657651322953187,
      "Plan": 0.2934547482676179,
      "Size": 0.4384856557131442,
      "Team Size": 0.7180217069470579
    },
    "3": {
      "Criticality": 0.616641583684241,
      "Criticality Modifier": 0.5896584089920803,
      "Culture": 0.580513250058986,
      "Dynamism": 0.7725504527966571,
      "Initial Known": 0.49293224287826215,
      "Inter-Dependency": 0.0603997233781814,
      "Plan": 0.6986742283937021,
      "Size": 0.6777591486483906,
      "Team Size": 0.2553912649061487
    },
    "4": {
      "Criticality": 0.9835111575716574,
      "Criticality Modifier": 0.9721635471547938,
      "Culture": 0.7044320984801538,
      "Dynamism": 0.9147675122298657,
      "Initial Known": 0.9222175768339687,
      "Inter-Dependency": 0.08888176134537416,
      "Plan": 0.6226784543503787,
      "Size": 0.06716970258271425,
      "Team Size": 0.07371077360957104
    },
    "5": {
      "Criticality": 0.2091783746484709,
      "Criticality Modifier": 0.5581510757886271,
      "Culture": 0.1877455323933921,
      "Dynamism": 0.7915541629339645,
      "Initial Known": 0.8348546438439998,
      "Inter-Dependency": 0.8681214576509477,
      "Plan": 0.46114166471502543,
      "Size": 0.12321144402548022,
      "Team Size": 0.03375542352605817
    },
    "6": {
      "Criticality": 0.1419067104182934,
      "Criticality Modifier": 0.9342994054517139,
      "Culture": 0.8695143882077316,
      "Dynamism": 0.4677381610935418,
      "Initial Known": 0.3366582491993708,
      "Inter-Dependency": 0.35358770686385255,
      "Plan": 0.4958749540765093,
      "Size": 0.2848947570161242,
      "Team Size": 0.3591208983093338
    }
  },
  "config_origins": {
    "1": "Initial Design: Sobol",
    "2": "Acquisition Function Maximizer: Local Search",
    "3": "Acquisition Function Maximizer: Local Search",
    "4": "Acquisition Function Maximizer: Local Search",
    "5": "Random Search",
    "6": "Random Search"
  }
}