{
  "incumbent_ids": [
    5
  ],
  "rejected_config_ids": [
    2,
    3,
    4,
    1,
    6,
    7,
    8,
    9,
    10
  ],
  "incumbents_changed": 2,
  "trajectory": [
    {
      "config_ids": [
        1
      ],
      "costs": [
        0.6021549445202594
      ],
      "trial": 1,
      "walltime": 2.517228841781616
    },
    {
      "config_ids": [
        5
      ],
      "costs": [
        0.5979973283676893
      ],
      "trial": 5,
      "walltime": 11.746952533721924
    }
  ],
  "state": {
    "queue": []
  }
}