{
  "stats": {
    "submitted": 6,
    "finished": 6,
    "running": 0
  },
  "data": [
    [
      1,
      null,
      59886187,
      null,
      0.24273427092296207,
      0.002875804901123047,
      1,
      1763448295.070192,
      1763448295.075415,
      {}
    ],
    [
      2,
      null,
      59886187,
      null,
      0.29100739600136005,
      0.0022830963134765625,
      1,
      1763448297.9510374,
      1763448297.9552503,
      {}
    ],
    [
      3,
      null,
      59886187,
      null,
      0.18868284209962372,
      0.0012884140014648438,
      1,
      1763448297.9615746,
      1763448297.9644272,
      {}
    ],
    [
      4,
      null,
      59886187,
      null,
      0.23628070414742885,
      0.0010743141174316406,
      1,
      1763448297.9723015,
      1763448297.9748971,
      {}
    ],
    [
      5,
      null,
      59886187,
      null,
      0.24503024457005618,
      0.0010006427764892578,
      1,
      1763448297.9824436,
      1763448297.9849913,
      {}
    ],
    [
      6,
      null,
      59886187,
      null,
      0.30525027128318694,
      0.0009291172027587891,
      1,
      1763448297.992601,
      1763448297.9951565,
      {}
    ]
  ],
  "configs": {
    "1": {
      " ACAP": 3.0583880711346865,
      " AEXP": 3.9730153968557715,
      " CPLx": 1.7904621588401497,
      " DOCU": 4.260105719042942,
      " ETAT": 2.1986717603374273,
      " FLEx": 1.3356840371116996,
      " KLOC": 328.5345731754303,
      " LTEx": 1.408613977022469,
      " PCAP": 3.537466175854206,
      " PCON": 3.659934375435114,
      " PLEx": 3.1060211577685553,
      " PMAT": 2.0348071390762925,
      " PREC": 3.052978798951022,
      " PVOL": 3.667495794594288,
      " RELY": 3.5560965901240706,
      " RESL": 3.2884867372019215,
      " RUSE": 2.0377400005599484,
      " SCED": 3.0,
      " SITE": 2.084722261875868,
      " STOR": 3.6728735202923417,
      " TEAM": 2.350205541265197,
      " TIME": 3.9693606197834015,
      " TOOL": 2.0,
      "DATA": 2.4105936400592327
    },
    "2": {
      " ACAP": 4.999501961826393,
      " AEXP": 3.66722433099925,
      " CPLx": 1.4600370340800615,
      " DOCU": 4.782406041093516,
      " ETAT": 5.677734831502212,
      " FLEx": 4.792215898997449,
      " KLOC": 123.67855737124282,
      " LTEx": 3.3365977559267583,
      " PCAP": 3.5784163604731525,
      " PCON": 1.6239853671222166,
      " PLEx": 1.2530350086425357,
      " PMAT": 2.4348761847256566,
      " PREC": 1.6935997070875672,
      " PVOL": 3.119785742479844,
      " RELY": 1.5934660744784002,
      " RESL": 1.521721227264416,
      " RUSE": 3.5806984912633557,
      " SCED": 3.0,
      " SITE": 4.210253879542696,
      " STOR": 3.423686033855553,
      " TEAM": 3.3123673546711903,
      " TIME": 3.741065982908508,
      " TOOL": 2.0,
      "DATA": 4.695733675404023
    },
    "3": {
      " ACAP": 3.874856157217125,
      " AEXP": 2.735820912596411,
      " CPLx": 3.405096320042878,
      " DOCU": 4.416632838369753,
      " ETAT": 5.752997177154979,
      " FLEx": 4.52653651597422,
      " KLOC": 93.2204275446463,
      " LTEx": 1.524631857289968,
      " PCAP": 4.813050764891855,
      " PCON": 2.25478029918927,
      " PLEx": 1.4556818784471028,
      " PMAT": 2.185092308002486,
      " PREC": 1.3749399742680313,
      " PVOL": 2.701575134059299,
      " RELY": 1.4877195734873627,
      " RESL": 1.0353088244784592,
      " RUSE": 5.754924104966529,
      " SCED": 3.0,
      " SITE": 4.673180261251898,
      " STOR": 3.079236538220752,
      " TEAM": 1.2488531170919714,
      " TIME": 3.4559295878332508,
      " TOOL": 2.0,
      "DATA": 2.8332657826473313
    },
    "4": {
      " ACAP": 4.814076023437654,
      " AEXP": 3.0756971854365953,
      " CPLx": 3.7905796301222505,
      " DOCU": 2.5330231597233306,
      " ETAT": 1.3042549890065385,
      " FLEx": 2.9364345106644483,
      " KLOC": 156.78186616571406,
      " LTEx": 3.37793637022545,
      " PCAP": 3.6090438763175934,
      " PCON": 4.256744208002507,
      " PLEx": 2.0780272912436546,
      " PMAT": 2.471926728204534,
      " PREC": 3.1682202892684264,
      " PVOL": 3.1995876646671615,
      " RELY": 3.31126812900501,
      " RESL": 1.6904413972064638,
      " RUSE": 3.026302358878692,
      " SCED": 3.0,
      " SITE": 1.436368115118948,
      " STOR": 3.5965510765528284,
      " TEAM": 3.9338435899402175,
      " TIME": 3.601182990535857,
      " TOOL": 2.0,
      "DATA": 4.54002265364322
    },
    "5": {
      " ACAP": 3.7077531489364945,
      " AEXP": 3.9495039100160945,
      " CPLx": 1.1669692406188317,
      " DOCU": 3.794817112845959,
      " ETAT": 3.2816552227221276,
      " FLEx": 4.35365052961255,
      " KLOC": 138.21399592083336,
      " LTEx": 1.9046761807146975,
      " PCAP": 4.59105787373108,
      " PCON": 3.2980116105186106,
      " PLEx": 3.944402371916335,
      " PMAT": 2.895032007929082,
      " PREC": 2.7407491000663224,
      " PVOL": 2.1453474803631876,
      " RELY": 1.3391578147128291,
      " RESL": 3.58311068658642,
      " RUSE": 5.889123105640204,
      " SCED": 3.0,
      " SITE": 1.7013063067814262,
      " STOR": 3.0563325499452247,
      " TEAM": 3.463747658626916,
      " TIME": 3.743695003602506,
      " TOOL": 2.0,
      "DATA": 4.325212947250444
    },
    "6": {
      " ACAP": 4.521032772642198,
      " AEXP": 3.803826583100711,
      " CPLx": 1.6743046785717155,
      " DOCU": 4.090967125820371,
      " ETAT": 2.021324943665711,
      " FLEx": 3.006707286228394,
      " KLOC": 235.19345844468316,
      " LTEx": 1.0347918061498556,
      " PCAP": 4.493469194695209,
      " PCON": 4.383504478133765,
      " PLEx": 2.618691855708269,
      " PMAT": 2.396076828339909,
      " PREC": 1.6817803337237955,
      " PVOL": 3.243927136147504,
      " RELY": 2.914833455404848,
      " RESL": 2.805340199302083,
      " RUSE": 2.1123433076959577,
      " SCED": 3.0,
      " SITE": 4.396089820316671,
      " STOR": 3.187767836567785,
      " TEAM": 3.3668366174041933,
      " TIME": 3.175558656295499,
      " TOOL": 2.0,
      "DATA": 2.7285780104746755
    }
  },
  "config_origins": {
    "1": "Initial Design: Sobol",
    "2": "Acquisition Function Maximizer: Local Search",
    "3": "Acquisition Function Maximizer: Local Search",
    "4": "Acquisition Function Maximizer: Local Search",
    "5": "Random Search",
    "6": "Acquisition Function Maximizer: Local Search"
  }
}