{
  "DE_params": {
    "mutation_factor": 0.5,
    "crossover_prob": 0.5,
    "strategy": "rand1_bin",
    "configspace": true,
    "boundary_fix_type": "random",
    "max_age": Infinity,
    "dimensions": 24,
    "output_path": "../results/tmp/DEHB_tmp/dehb_20251208-050308_be1f",
    "async_strategy": "immediate"
  },
  "HB_params": {
    "min_fidelity": 1,
    "max_fidelity": 10,
    "min_clip": null,
    "max_clip": null,
    "eta": 3
  },
  "internals": {
    "initial_configs": [
      {
        "config_id": 0,
        "config": [
          0.5719315895372233,
          0.8864734299516909,
          0.47341160220994477,
          0.8960086885691013,
          0.1436848203939745,
          0.5360655737704918,
          0.6090835360908353,
          0.9678534393363291,
          0.06243705941591138,
          0.9344666849465314,
          0.4467128027681661,
          0.6923076923076923,
          0.4422550629447181,
          0.766551724137931,
          0.9140679140679141,
          0.3544338335607094,
          0.5837202950013658,
          0.0,
          0.817234190410007,
          0.1838161838161838,
          0.24144538735286067,
          0.09090909090909091,
          0.0,
          0.90633608815427
        ],
        "results": {
          "1.1111111111111112": {
            "score": Infinity,
            "cost": -1,
            "info": {}
          }
        }
      },
      {
        "config_id": 1,
        "config": [
          0.41096579476861167,
          0.3167701863354037,
          0.6291436464088398,
          0.6768938365462938,
          0.08899188876013905,
          0.28797814207650274,
          0.8767234387672344,
          0.03767715174559281,
          0.1309164149043303,
          0.7762544557170277,
          0.8681660899653979,
          0.3336663336663337,
          0.41625615763546797,
          0.8796551724137931,
          0.4248094248094248,
          0.6564802182810369,
          0.9478284621688063,
          0.0,
          0.9149872596710679,
          0.4675324675324675,
          0.9657815494114427,
          0.9920079920079921,
          0.0,
          0.35192837465564736
        ],
        "results": {
          "1.1111111111111112": {
            "score": Infinity,
            "cost": -1,
            "info": {}
          }
        }
      },
      {
        "config_id": 2,
        "config": [
          0.5910462776659959,
          0.2950310559006211,
          0.7026933701657458,
          0.33260928590822697,
          0.9012746234067207,
          0.7237704918032787,
          0.11354420113544202,
          0.6861389561009333,
          0.905337361530715,
          0.34027968193035374,
          0.3678200692041522,
          0.3146853146853147,
          0.5276409414340448,
          0.01310344827586207,
          0.49133749133749133,
          0.024829467939972715,
          0.2974597104616225,
          0.0,
          0.9684966411860088,
          0.7152847152847153,
          0.17465097180399672,
          0.8061938061938062,
          0.0,
          0.3006198347107438
        ],
        "results": {
          "1.1111111111111112": {
            "score": Infinity,
            "cost": -1,
            "info": {}
          }
        }
      },
      {
        "config_id": 3,
        "config": [
          0.32947686116700203,
          0.09972394755003451,
          0.5507596685082873,
          0.8802606570730382,
          0.3121668597914253,
          0.5797814207650274,
          0.33069748580697483,
          0.9232630487383339,
          0.9441087613293051,
          0.781464217164793,
          0.6487889273356401,
          0.3646353646353646,
          0.5569239189928845,
          0.1103448275862069,
          0.035343035343035345,
          0.3175989085948158,
          0.7536192297186561,
          0.0,
          0.09775306926106092,
          0.03996003996003996,
          0.10402408978921435,
          0.8341658341658341,
          0.0,
          0.43147382920110194
        ],
        "results": {
          "1.1111111111111112": {
            "score": Infinity,
            "cost": -1,
            "info": {}
          }
        }
      },
      {
        "config_id": 4,
        "config": [
          0.7152917505030181,
          0.5804002760524499,
          0.9930939226519337,
          0.4881889763779528,
          0.31958285052143687,
          0.03469945355191257,
          0.6878548256285483,
          0.6816453508468717,
          0.18026183282980865,
          0.3901837126405265,
          0.7782006920415225,
          0.3776223776223776,
          0.37575259989053095,
          0.17448275862068965,
          0.042966042966042964,
          0.14843110504774898,
          0.362469270691068,
          0.0,
          0.4160296502200602,
          0.7292707292707292,
          0.0823980290172461,
          0.6883116883116883,
          0.0,
          0.1962809917355372
        ],
        "results": {
          "1.1111111111111112": {
            "score": Infinity,
            "cost": -1,
            "info": {}
          }
        }
      },
      {
        "config_id": 5,
        "config": [
          0.5135814889336016,
          0.30710835058661146,
          0.5338397790055248,
          0.4811295139831659,
          0.7819235225955967,
          0.2778688524590164,
          0.643146796431468,
          0.2913930176287591,
          0.6022155085599195,
          0.8639978064162325,
          0.914878892733564,
          0.07892107892107893,
          0.6535303776683087,
          0.646896551724138,
          0.7033957033957033,
          0.948431105047749,
          0.16580169352635893,
          0.0,
          0.5198054204308548,
          0.9120879120879121,
          0.5411990145086231,
          0.15184815184815184,
          0.0,
          0.8302341597796143
        ],
        "results": {
          "1.1111111111111112": {
            "score": Infinity,
            "cost": -1,
            "info": {}
          }
        }
      },
      {
        "config_id": 6,
        "config": [
          0.3687122736418511,
          0.7643202208419599,
          0.3611878453038674,
          0.030953027423296225,
          0.9538818076477404,
          0.585792349726776,
          0.22465531224655313,
          0.9695817490494296,
          0.0986908358509567,
          0.6416232519879352,
          0.726643598615917,
          0.42657342657342656,
          0.7391899288451013,
          0.5675862068965517,
          0.9345114345114345,
          0.7492496589358799,
          0.3873258672493854,
          0.0,
          0.0729673384294649,
          0.4145854145854146,
          0.7418560087599233,
          0.4255744255744256,
          0.0,
          0.9397382920110193
        ],
        "results": {
          "1.1111111111111112": {
            "score": Infinity,
            "cost": -1,
            "info": {}
          }
        }
      },
      {
        "config_id": 7,
        "config": [
          0.8370221327967807,
          0.12939958592132506,
          0.2838397790055249,
          0.6046701058919359,
          0.46697566628041715,
          0.6008196721311475,
          0.2159367396593674,
          0.6467334946422398,
          0.14954682779456194,
          0.49876610913079245,
          0.38858131487889275,
          0.7722277722277723,
          0.7810618500273673,
          0.1196551724137931,
          0.9927234927234927,
          0.4384720327421555,
          0.2075935536738596,
          0.0,
          0.21635394950196896,
          0.8351648351648352,
          0.49028196003284974,
          0.9180819180819181,
          0.0,
          0.13395316804407714
        ],
        "results": {
          "1.1111111111111112": {
            "score": Infinity,
            "cost": -1,
            "info": {}
          }
        }
      },
      {
        "config_id": 8,