{
  "incumbent_ids": [
    11
  ],
  "rejected_config_ids": [
    2,
    3,
    1,
    5,
    6,
    7,
    8,
    9,
    10,
    4,
    12
  ],
  "incumbents_changed": 3,
  "trajectory": [
    {
      "config_ids": [
        1
      ],
      "costs": [
        0.46914265253109644
      ],
      "trial": 1,
      "walltime": 0.007471561431884766
    },
    {
      "config_ids": [
        4
      ],
      "costs": [
        0.37805240387025285
      ],
      "trial": 4,
      "walltime": 1.2763657569885254
    },
    {
      "config_ids": [
        11
      ],
      "costs": [
        0.3272462936217604
      ],
      "trial": 11,
      "walltime": 2.6328141689300537
    }
  ],
  "state": {
    "queue": [
      [
        12,
        1
      ]
    ]
  }
}