{
  "stats": {
    "submitted": 24,
    "finished": 24,
    "running": 0
  },
  "data": [
    [
      1,
      null,
      662124363,
      null,
      0.18104409993603054,
      0.0027036666870117188,
      1,
      1763449885.325516,
      1763449885.3320172,
      {}
    ],
    [
      2,
      null,
      662124363,
      null,
      0.40396217342060214,
      0.0012555122375488281,
      1,
      1763449885.344983,
      1763449885.3486774,
      {}
    ],
    [
      3,
      null,
      662124363,
      null,
      0.24102552338675975,
      0.002805471420288086,
      1,
      1763449885.3665798,
      1763449885.3717694,
      {}
    ],
    [
      4,
      null,
      662124363,
      null,
      0.44636185880793566,
      0.0011453628540039062,
      1,
      1763449887.6545687,
      1763449887.657616,
      {}
    ],
    [
      5,
      null,
      662124363,
      null,
      0.3179406857347016,
      0.0012922286987304688,
      1,
      1763449887.6648402,
      1763449887.6678867,
      {}
    ],
    [
      6,
      null,
      662124363,
      null,
      0.4322067022573055,
      0.0009157657623291016,
      1,
      1763449887.6745276,
      1763449887.6770043,
      {}
    ],
    [
      7,
      null,
      662124363,
      null,
      0.11001195856492008,
      0.0007917881011962891,
      1,
      1763449887.6842766,
      1763449887.6865482,
      {}
    ],
    [
      8,
      null,
      662124363,
      null,
      0.4322067022573055,
      0.00029397010803222656,
      1,
      1763449887.6948285,
      1763449887.6965773,
      {}
    ],
    [
      9,
      null,
      662124363,
      null,
      0.5704026923032586,
      0.0009360313415527344,
      1,
      1763449887.702285,
      1763449887.70502,
      {}
    ],
    [
      10,
      null,
      662124363,
      null,
      0.3821175449978689,
      0.0007295608520507812,
      1,
      1763449887.7113056,
      1763449887.7131739,
      {}
    ],
    [
      11,
      null,
      662124363,
      null,
      0.11001195856492008,
      0.0005576610565185547,
      1,
      1763449889.817414,
      1763449889.8198774,
      {}
    ],
    [
      12,
      null,
      662124363,
      null,
      0.1893051899417123,
      0.0010833740234375,
      1,
      1763449889.829843,
      1763449889.8326159,
      {}
    ],
    [
      13,
      null,
      662124363,
      null,
      0.11001195856492008,
      0.00048470497131347656,
      1,
      1763449889.8442962,
      1763449889.8465102,
      {}
    ],
    [
      14,
      null,
      662124363,
      null,
      0.1893051899417123,
      0.00041031837463378906,
      1,
      1763449889.8568847,
      1763449889.8590062,
      {}
    ],
    [
      15,
      null,
      662124363,
      null,
      0.43850146601300244,
      0.0011067390441894531,
      1,
      1763449889.8694818,
      1763449889.8754692,
      {}
    ],
    [
      16,
      null,
      662124363,
      null,
      0.6275728072601002,
      0.001089334487915039,
      1,
      1763449889.8862498,
      1763449889.8891275,
      {}
    ],
    [
      17,
      null,
      662124363,
      null,
      0.3958977384644856,
      0.0011639595031738281,
      1,
      1763449889.9002402,
      1763449889.9031374,
      {}
    ],
    [
      18,
      null,
      662124363,
      null,
      0.36919109206854617,
      0.0011494159698486328,
      1,
      1763449889.9149754,
      1763449889.9179459,
      {}
    ],
    [
      19,
      null,
      662124363,
      null,
      0.30610192451895557,
      0.0027887821197509766,
      1,
      1763449892.3367162,
      1763449892.3410583,
      {}
    ],
    [
      20,
      null,
      662124363,
      null,
      0.15064116733719313,
      0.0009868144989013672,
      1,
      1763449892.3495376,
      1763449892.3517036,
      {}
    ],
    [
      21,
      null,
      662124363,
      null,
      0.2878058247281927,
      0.0010309219360351562,
      1,
      1763449892.36007,
      1763449892.3622632,
      {}
    ],
    [
      22,
      null,
      662124363,
      null,
      0.49986760231640814,
      0.0011763572692871094,
      1,
      1763449892.371609,
      1763449892.3743067,
      {}
    ],
    [
      23,
      null,
      662124363,
      null,
      0.1893051899417123,
      0.0003490447998046875,
      1,
      1763449892.3852098,
      1763449892.3871794,
      {}
    ],
    [
      24,
      null,
      662124363,
      null,
      0.20831955190243356,
      0.0010986328125,
      1,
      1763449892.3970091,
      1763449892.399434,
      {}
    ]
  ],
  "configs": {
    "1": {
      "Criticality": 0.626814459271003,
      "Criticality Modifier": 0.32391722634831366,
      "Culture": 0.010562459254306333,
      "Dynamism": 0.9908351873343328,
      "Initial Known": 0.7464464735505608,
      "Inter-Dependency": 0.1890650608534795,
      "Plan": 0.3753159211607314,
      "Size": 0.885489315963744,
      "Team Size": 0.4566819415289607
    },
    "2": {
      "Criticality": 0.284335730874954,
      "Criticality Modifier": 0.9325449726878055,
      "Culture": 0.6669936111833858,
      "Dynamism": 0.3352152342428443,
      "Initial Known": 0.41568156679250634,
      "Inter-Dependency": 0.5378456628934792,
      "Plan": 0.663986497036991,
      "Size": 0.17774342369658386,
      "Team Size": 0.736297634415865
    },
    "3": {
      "Criticality": 0.15621321394708265,
      "Criticality Modifier": 0.740040802611737,
      "Culture": 0.26369561938071523,
      "Dynamism": 0.5339390155635347,
      "Initial Known": 0.017817999824254534,
      "Inter-Dependency": 0.917562457367034,
      "Plan": 0.8994290030000872,
      "Size": 0.033422600245924375,
      "Team Size": 0.9547708918494525
    },
    "4": {
      "Criticality": 0.7031547240445755,
      "Criticality Modifier": 0.36144021372862234,
      "Culture": 0.3277901158354439,
      "Dynamism": 0.07826332549702789,
      "Initial Known": 0.7529184223179937,
      "Inter-Dependency": 0.1511359374663574,
      "Plan": 0.4533496952209126,
      "Size": 0.8999924275530824,
      "Team Size": 0.05637478986607188
    },
    "5": {
      "Criticality": 0.49546962159353636,
      "Criticality Modifier": 0.1369310424590618,
      "Culture": 0.7408331834969949,
      "Dynamism": 0.7906716672319645,
      "Initial Known": 0.6951013173912393,
      "Inter-Dependency": 0.12853697835272435,
      "Plan": 0.27389012288882614,
      "Size": 0.42523962486079436,
      "Team Size": 0.47710172273180224
    },
    "6": {
      "Criticality": 0.8180312190858411,
      "Criticality Modifier": 0.5386135184920857,
      "Culture": 0.48633682358297264,
      "Dynamism": 0.4428455211547541,
      "Initial Known": 0.8406659721364029,
      "Inter-Dependency": 0.31247234076102726,
      "Plan": 0.20494909063029995,
      "Size": 0.02402163114778997,
      "Team Size": 0.3047217421157978
    },
    "7": {
      "Criticality": 0.09885704962436019,
      "Criticality Modifier": 0.2298551385127263,
      "Culture": 0.7632727614131407,
      "Dynamism": 0.2216735579091229,
      "Initial Known": 0.1182850454100255,
      "Inter-Dependency": 0.11554011184384683,
      "Plan": 0.7160772078192895,
      "Size": 0.7229024154242565,
      "Team Size": 0.835449047232593
    },
    "8": {
      "Criticality": 0.5117379676237392,
      "Criticality Modifier": 0.543822054697342,
      "Culture": 0.1729281423975991,
      "Dynamism": 0.6847654987990677,
      "Initial Known": 0.9371045350979813,
      "Inter-Dependency": 0.19220113951742737,
      "Plan": 0.43118033004277195,
      "Size": 0.3288779171465855,
      "Team Size": 0.4443267590703049
    },
    "9": {
      "Criticality": 0.8751307872977792,
      "Criticality Modifier": 0.6149413509622126,
      "Culture": 0.36115145271187654,
      "Dynamism": 0.6946499497981351,
      "Initial Known": 0.6801309532097972,
      "Inter-Dependency": 0.1563784602450533,
      "Plan": 0.19892967132312725,