{
  "incumbent_ids": [
    12
  ],
  "rejected_config_ids": [
    2,
    3,
    1,
    5,
    6,
    7,
    8,
    9,
    10,
    11,
    4,
    13,
    14,
    15,
    16,
    17
  ],
  "incumbents_changed": 3,
  "trajectory": [
    {
      "config_ids": [
        1
      ],
      "costs": [
        0.47839076138278025
      ],
      "trial": 1,
      "walltime": 0.14824748039245605
    },
    {
      "config_ids": [
        4
      ],
      "costs": [
        0.4620269596269353
      ],
      "trial": 4,
      "walltime": 0.9560379981994629
    },
    {
      "config_ids": [
        12
      ],
      "costs": [
        0.4512162617317901
      ],
      "trial": 12,
      "walltime": 2.5750346183776855
    }
  ],
  "state": {
    "queue": [
      [
        17,
        1
      ]
    ]
  }
}