{
  "incumbent_ids": [
    2
  ],
  "rejected_config_ids": [
    1,
    3,
    4,
    5
  ],
  "incumbents_changed": 2,
  "trajectory": [
    {
      "config_ids": [
        1
      ],
      "costs": [
        0.5941721958965827
      ],
      "trial": 1,
      "walltime": 3.233841896057129
    },
    {
      "config_ids": [
        2
      ],
      "costs": [
        0.426212175810211
      ],
      "trial": 2,
      "walltime": 6.506394386291504
    }
  ],
  "state": {
    "queue": []
  }
}