{
  "stats": {
    "submitted": 12,
    "finished": 12,
    "running": 0
  },
  "data": [
    [
      1,
      null,
      327741615,
      null,
      0.20500553776257502,
      0.0046808719635009766,
      1,
      1763957056.089547,
      1763957056.0962014,
      {}
    ],
    [
      2,
      null,
      327741615,
      null,
      0.22095538010391835,
      0.001950979232788086,
      1,
      1763957056.1052885,
      1763957056.1088398,
      {}
    ],
    [
      3,
      null,
      327741615,
      null,
      0.245802431744522,
      0.0012829303741455078,
      1,
      1763957056.1145797,
      1763957056.1174808,
      {}
    ],
    [
      4,
      null,
      327741615,
      null,
      0.2825902136107614,
      0.0011966228485107422,
      1,
      1763957056.1284502,
      1763957056.1312468,
      {}
    ],
    [
      5,
      null,
      327741615,
      null,
      0.30819582870462825,
      0.0028562545776367188,
      1,
      1763957059.0808618,
      1763957059.0854912,
      {}
    ],
    [
      6,
      null,
      327741615,
      null,
      0.14609277798344222,
      0.002579927444458008,
      1,
      1763957059.0931044,
      1763957059.0974712,
      {}
    ],
    [
      7,
      null,
      327741615,
      null,
      0.18634162939976429,
      0.002478361129760742,
      1,
      1763957059.1068418,
      1763957059.1121228,
      {}
    ],
    [
      8,
      null,
      327741615,
      null,
      0.2719653423107403,
      0.0021119117736816406,
      1,
      1763957059.1216736,
      1763957059.125472,
      {}
    ],
    [
      9,
      null,
      327741615,
      null,
      0.12838793537765159,
      0.0023648738861083984,
      1,
      1763957059.1351128,
      1763957059.13919,
      {}
    ],
    [
      10,
      null,
      327741615,
      null,
      0.32422307595051203,
      0.0023376941680908203,
      1,
      1763957059.1494498,
      1763957059.15452,
      {}
    ],
    [
      11,
      null,
      327741615,
      null,
      0.2806086976034766,
      0.0019910335540771484,
      1,
      1763957059.1648188,
      1763957059.1691172,
      {}
    ],
    [
      12,
      null,
      327741615,
      null,
      0.2359330939032327,
      0.0030579566955566406,
      1,
      1763957061.7876072,
      1763957061.7924595,
      {}
    ]
  ],
  "configs": {
    "1": {
      " ACAP": 4.466789837926626,
      " AEXP": 4.793865578367375,
      " CPLx": 3.397525398992002,
      " DOCU": 2.3060294911265373,
      " ETAT": 4.2929304824844,
      " FLEx": 1.503939799964428,
      " KLOC": 63.773873215137044,
      " LTEx": 3.5052482650913297,
      " PCAP": 4.310559177771211,
      " PCON": 3.5294497944414616,
      " PLEx": 2.734436573460698,
      " PMAT": 2.5883217994123697,
      " PREC": 3.042531152664684,
      " PVOL": 4.1766289512086665,
      " RELY": 1.0320487576331943,
      " RESL": 1.3998116753371432,
      " RUSE": 4.099228687284514,
      " SCED": 3.0,
      " SITE": 3.4292310839518905,
      " STOR": 3.5729533368721604,
      " TEAM": 3.1136031657643617,
      " TIME": 3.8891123021021485,
      " TOOL": 2.0,
      "DATA": 2.102513982525095
    },
    "2": {
      " ACAP": 3.9492500070482492,
      " AEXP": 3.4130095108989624,
      " CPLx": 2.262068536132574,
      " DOCU": 3.7998112477362156,
      " ETAT": 3.13796713654697,
      " FLEx": 3.6972628980875015,
      " KLOC": 286.10980847606993,
      " LTEx": 1.8629465116420763,
      " PCAP": 3.893595488741994,
      " PCON": 1.9597466960549355,
      " PLEx": 1.7453478816896677,
      " PMAT": 2.1557270800694823,
      " PREC": 1.3405469102803615,
      " PVOL": 2.7110921006798745,
      " RELY": 3.3807217091172936,
      " RESL": 4.571947852876037,
      " RUSE": 3.9846415581349284,
      " SCED": 3.0,
      " SITE": 5.545333529822528,
      " STOR": 3.3891176087781787,
      " TEAM": 2.8289725840706375,
      " TIME": 3.2128362515941262,
      " TOOL": 2.0,
      "DATA": 3.7968907461520285
    },
    "3": {
      " ACAP": 3.049420053139329,
      " AEXP": 3.7844064627690237,
      " CPLx": 2.677443333901465,
      " DOCU": 1.636065348982811,
      " ETAT": 2.164991247404367,
      " FLEx": 4.166112698614597,
      " KLOC": 186.53246077182328,
      " LTEx": 1.4756619531549513,
      " PCAP": 3.4146563913673162,
      " PCON": 2.5435506515204906,
      " PLEx": 2.4251349978148937,
      " PMAT": 2.3635101867839694,
      " PREC": 4.390683344653807,
      " PVOL": 4.559376953837462,
      " RELY": 2.836009248696268,
      " RESL": 2.53373590107169,
      " RUSE": 2.574812424723059,
      " SCED": 3.0,
      " SITE": 2.1843021353706717,
      " STOR": 3.128994043916464,
      " TEAM": 4.441132963860408,
      " TIME": 3.561914066784084,
      " TOOL": 2.0,
      "DATA": 4.722183522478677
    },
    "4": {
      " ACAP": 3.1526165787479146,
      " AEXP": 4.338976457928103,
      " CPLx": 2.3152276943226804,
      " DOCU": 3.893860711323765,
      " ETAT": 5.8880356019350275,
      " FLEx": 3.1539834816417347,
      " KLOC": 201.93335743820822,
      " LTEx": 1.2160813489459248,
      " PCAP": 3.5368779602037423,
      " PCON": 2.99953000330224,
      " PLEx": 3.0376899883628212,
      " PMAT": 2.8037390361043757,
      " PREC": 2.524383591461005,
      " PVOL": 2.198743104370809,
      " RELY": 1.8641486523246726,
      " RESL": 4.637464517350734,
      " RUSE": 2.8533280289660823,
      " SCED": 3.0,
      " SITE": 3.2606198090884155,
      " STOR": 3.9312060196890215,
      " TEAM": 1.1005720109738415,
      " TIME": 3.6005489174641223,
      " TOOL": 2.0,
      "DATA": 4.849438371740523
    },
    "5": {
      " ACAP": 4.677940109101181,
      " AEXP": 3.0038501906567525,
      " CPLx": 1.5525673025103093,
      " DOCU": 3.3500490920834696,
      " ETAT": 5.634862577366777,
      " FLEx": 3.868607176171789,
      " KLOC": 227.0582952591453,
      " LTEx": 1.0048706681497712,
      " PCAP": 4.965276808915424,
      " PCON": 3.658978468962189,
      " PLEx": 3.78148637594071,
      " PMAT": 2.8106498021897073,
      " PREC": 3.9629058993767945,
      " PVOL": 2.0130059182698377,
      " RELY": 1.1899015994425945,
      " RESL": 4.91624817021021,
      " RUSE": 2.13903121069956,
      " SCED": 3.0,
      " SITE": 5.694602496340847,
      " STOR": 3.3987487141608392,
      " TEAM": 2.2573859782813144,
      " TIME": 3.1160044752133977,
      " TOOL": 2.0,
      "DATA": 2.6004771759302225
    },
    "6": {
      " ACAP": 4.7859540081799965,
      " AEXP": 2.2745410491640587,
      " CPLx": 2.9447463278060986,
      " DOCU": 1.412129709512473,
      " ETAT": 2.6593591864686754,
      " FLEx": 2.5916469045459665,
      " KLOC": 86.94412030147544,
      " LTEx": 2.8411955802751523,
      " PCAP": 3.2250303951486194,
      " PCON": 3.4014993891522103,
      " PLEx": 1.8215464819390483,
      " PMAT": 2.6472532897169714,
      " PREC": 3.2668724687366897,
      " PVOL": 3.146075066557144,
      " RELY": 3.877722261532518,
      " RESL": 1.5513386259651785,
      " RUSE": 3.076379541769872,
      " SCED": 3.0,
      " SITE": 5.96727962347417,
      " STOR": 3.477450895710798,
      " TEAM": 2.96188532611034,
      " TIME": 3.020131368787452,
      " TOOL": 2.0,
      "DATA": 2.2368522600296026
    },
    "7": {
      " ACAP": 4.302789898366513,
      " AEXP": 2.2865684758873606,
      " CPLx": 3.7956749312943554,
      " DOCU": 4.891826592178345,
      " ETAT": 4.865454438270611,
      " FLEx": 2.4818717117439073,
      " KLOC": 19.01393218492316,
      " LTEx": 1.8108619755993316,
      " PCAP": 4.5382022757019005,
      " PCON": 4.96674378472769,
      " PLEx": 1.1911573484826592,
      " PMAT": 2.696986022923415,
      " PREC": 3.231739001677481,
      " PVOL": 3.1312018048578913,
      " RELY": 1.6534745031708105,
      " RESL": 2.3865714396026565,
      " RUSE": 2.9602972603846904,
      " SCED": 3.0,
      " SITE": 5.339673900029274,
      " STOR": 3.1541479924288343,
      " TEAM": 4.59926071324171,