{
  "stats": {
    "submitted": 18,
    "finished": 18,
    "running": 0
  },
  "data": [
    [
      1,
      null,
      59886187,
      null,
      0.47295781061816633,
      0.0039031505584716797,
      1,
      1763462337.5712714,
      1763462337.5769947,
      {}
    ],
    [
      2,
      null,
      59886187,
      null,
      0.4608328753389993,
      0.0038912296295166016,
      1,
      1763462339.804736,
      1763462339.8105195,
      {}
    ],
    [
      3,
      null,
      59886187,
      null,
      0.3479365032730408,
      0.0028896331787109375,
      1,
      1763462339.8189235,
      1763462339.82353,
      {}
    ],
    [
      4,
      null,
      59886187,
      null,
      0.24542842404526466,
      0.003882884979248047,
      1,
      1763462339.8331099,
      1763462339.8454607,
      {}
    ],
    [
      5,
      null,
      59886187,
      null,
      0.6175332622652087,
      0.0010485649108886719,
      1,
      1763462339.8649411,
      1763462339.8675094,
      {}
    ],
    [
      6,
      null,
      59886187,
      null,
      0.5442901120494041,
      0.0010344982147216797,
      1,
      1763462339.8769734,
      1763462339.879518,
      {}
    ],
    [
      7,
      null,
      59886187,
      null,
      0.31104924933304257,
      0.005112648010253906,
      1,
      1763462339.896048,
      1763462339.9027796,
      {}
    ],
    [
      8,
      null,
      59886187,
      null,
      0.3486524794965995,
      0.0012197494506835938,
      1,
      1763462339.9245028,
      1763462339.927246,
      {}
    ],
    [
      9,
      null,
      59886187,
      null,
      0.12851440707690176,
      0.0010437965393066406,
      1,
      1763462339.9356139,
      1763462339.938167,
      {}
    ],
    [
      10,
      null,
      59886187,
      null,
      0.3693475302288445,
      0.003565073013305664,
      1,
      1763462342.1889892,
      1763462342.1943667,
      {}
    ],
    [
      11,
      null,
      59886187,
      null,
      0.2790017305980622,
      0.0017743110656738281,
      1,
      1763462342.2057903,
      1763462342.2092242,
      {}
    ],
    [
      12,
      null,
      59886187,
      null,
      0.3517116193818619,
      0.0021750926971435547,
      1,
      1763462342.2202406,
      1763462342.2239878,
      {}
    ],
    [
      13,
      null,
      59886187,
      null,
      0.21763243860469084,
      0.0017590522766113281,
      1,
      1763462342.2354193,
      1763462342.2387788,
      {}
    ],
    [
      14,
      null,
      59886187,
      null,
      0.16319039941796953,
      0.0019192695617675781,
      1,
      1763462342.250812,
      1763462342.2543695,
      {}
    ],
    [
      15,
      null,
      59886187,
      null,
      0.3570559797012183,
      0.0018429756164550781,
      1,
      1763462342.2700477,
      1763462342.27365,
      {}
    ],
    [
      16,
      null,
      59886187,
      null,
      0.5087923402305435,
      0.0016222000122070312,
      1,
      1763462342.28772,
      1763462342.2910805,
      {}
    ],
    [
      17,
      null,
      59886187,
      null,
      0.16847336185848372,
      0.0019118785858154297,
      1,
      1763462342.3087852,
      1763462342.3124213,
      {}
    ],
    [
      18,
      null,
      59886187,
      null,
      0.12851440707690176,
      0.0016095638275146484,
      1,
      1763462344.7973886,
      1763462344.8006978,
      {}
    ]
  ],
  "configs": {
    "1": {
      " ACAP": 2.0291940355673432,
      " AEXP": 2.657671798951924,
      " CPLx": 5.263575244694948,
      " DOCU": 3.630460474640131,
      " ETAT": 2.198432178068906,
      " FLEx": 2.251908412918448,
      " KLOC": 116.67731256315112,
      " LTEx": 2.2724093180149794,
      " PCAP": 3.0,
      " PCON": 2.268733087927103,
      " PLEx": 3.0,
      " PMAT": 2.9949507815763354,
      " PREC": 1.702241132967174,
      " PVOL": 2.0,
      " RELY": 5.0,
      " RESL": 1.069614278152585,
      " RUSE": 3.0262459609657526,
      " SCED": 2.1116638630628586,
      " SITE": 3.0,
      " STOR": 4.704064393416047,
      " TEAM": 2.5722647504881024,
      " TIME": 3.0275618908926845,
      " TOOL": 2.2169444523751736,
      "DATA": 4.017947687356733
    },
    "2": {
      " ACAP": 2.9997509809131966,
      " AEXP": 2.5730595800600797,
      " CPLx": 5.153396810296786,
      " DOCU": 3.891675939531641,
      " ETAT": 5.6767992974290955,
      " FLEx": 4.8432268730168415,
      " KLOC": 89.78533479113285,
      " LTEx": 3.5577318372845053,
      " PCAP": 3.0,
      " PCON": 2.3000589765643618,
      " PLEx": 3.0,
      " PMAT": 1.3464146863873157,
      " PREC": 1.0305718588726904,
      " PVOL": 2.0,
      " RELY": 5.0,
      " RESL": 1.8271026952012117,
      " RUSE": 2.1915011894333984,
      " SCED": 1.5386455647462434,
      " SITE": 3.0,
      " STOR": 3.2073950405083886,
      " TEAM": 2.130462922546741,
      " TIME": 4.417398027065898,
      " TOOL": 2.672971504410932,
      "DATA": 3.4102773100797332
    },
    "3": {
      " ACAP": 2.3917108298890337,
      " AEXP": 2.4663559264180224,
      " CPLx": 5.515204864321518,
      " DOCU": 2.139700105329956,
      " ETAT": 1.5281636451595357,
      " FLEx": 2.1544984973488117,
      " KLOC": 87.45265223741055,
      " LTEx": 2.1256853447118784,
      " PCAP": 3.0,
      " PCON": 2.2343531165676436,
      " PLEx": 3.0,
      " PMAT": 1.5793963250416923,
      " PREC": 1.2202668277478281,
      " PVOL": 2.0,
      " RELY": 5.0,
      " RESL": 1.848955824151344,
      " RUSE": 3.9052594944313603,
      " SCED": 1.8913100415854822,
      " SITE": 3.0,
      " STOR": 4.676023638250906,
      " TEAM": 2.0348677222112292,
      " TIME": 3.2168376223943893,
      " TOOL": 2.195406111730746,
      "DATA": 3.808769909222379
    },
    "4": {
      " ACAP": 2.907038011718827,
      " AEXP": 2.3585657284788653,
      " CPLx": 5.930503377833361,
      " DOCU": 2.7667032556755844,
      " ETAT": 1.304194325876111,
      " FLEx": 3.4519709084701216,
      " KLOC": 95.62582707236749,
      " LTEx": 3.5852909134836333,
      " PCAP": 3.0,
      " PCON": 2.3618500243838727,
      " PLEx": 3.0,
      " PMAT": 3.1694354858542897,
      " PREC": 1.35946225116494,
      " PVOL": 2.0,
      " RELY": 5.0,
      " RESL": 2.1259352365074613,
      " RUSE": 3.0838811149129413,
      " SCED": 1.7997251097781077,
      " SITE": 3.0,
      " STOR": 4.540845419336673,
      " TEAM": 2.172653512679786,
      " TIME": 3.769169061424375,
      " TOOL": 2.0872736230237896,
      "DATA": 3.5557269201762596
    },
    "5": {
      " ACAP": 2.0339679747434767,
      " AEXP": 2.065791316664344,
      " CPLx": 5.028597853234569,
      " DOCU": 2.795429965248042,
      " ETAT": 2.8843623870291335,
      " FLEx": 4.470090912196808,
      " KLOC": 107.41254859324478,
      " LTEx": 2.5474698065679737,
      " PCAP": 3.0,
      " PCON": 2.6012260694165397,
      " PLEx": 3.0,
      " PMAT": 1.0047340624418133,
      " PREC": 1.197916888224427,
      " PVOL": 2.0,
      " RELY": 5.0,
      " RESL": 2.914211133996043,
      " RUSE": 3.8881495412969227,
      " SCED": 2.777510445371792,
      " SITE": 3.0,
      " STOR": 4.446449248720082,
      " TEAM": 2.052179828541445,
      " TIME": 4.742742493551001,
      " TOOL": 2.3731091390448174,
      "DATA": 2.7365484067709414
    },
    "6": {
      " ACAP": 2.6772209228573627,
      " AEXP": 2.5054187009159903,
      " CPLx": 5.819834223042441,
      " DOCU": 2.9813290247906354,
      " ETAT": 5.0496202184515155,
      " FLEx": 2.8009098353649664,
      " KLOC": 117.54497696120941,
      " LTEx": 3.689137559603774,
      " PCAP": 3.0,
      " PCON": 2.2625060228881555,
      " PLEx": 3.0,
      " PMAT": 1.569018277328591,
      " PREC": 1.6101868133154111,
      " PVOL": 2.0,
      " RELY": 5.0,
      " RESL": 1.4482005372647135,
      " RUSE": 3.734071320066555,
      " SCED": 1.9105872429108333,
      " SITE": 3.0,
      " STOR": 4.673948671535073,