{
  "stats": {
    "submitted": 18,
    "finished": 18,
    "running": 0
  },
  "data": [
    [
      1,
      null,
      774252441,
      null,
      0.17971947459106496,
      0.003414154052734375,
      1,
      1763448326.63936,
      1763448326.6463828,
      {}
    ],
    [
      2,
      null,
      774252441,
      null,
      0.39617608821218764,
      0.0016231536865234375,
      1,
      1763448326.6638682,
      1763448326.6686895,
      {}
    ],
    [
      3,
      null,
      774252441,
      null,
      0.12218361274698675,
      0.0018432140350341797,
      1,
      1763448326.6793516,
      1763448326.683964,
      {}
    ],
    [
      4,
      null,
      774252441,
      null,
      0.2097471666839481,
      0.0022749900817871094,
      1,
      1763448331.797067,
      1763448331.8014843,
      {}
    ],
    [
      5,
      null,
      774252441,
      null,
      0.2744002445691345,
      0.0013751983642578125,
      1,
      1763448331.8100917,
      1763448331.8131526,
      {}
    ],
    [
      6,
      null,
      774252441,
      null,
      0.26467202836893944,
      0.0018463134765625,
      1,
      1763448331.8212593,
      1763448331.8293686,
      {}
    ],
    [
      7,
      null,
      774252441,
      null,
      0.25395882179538676,
      0.0024805068969726562,
      1,
      1763448331.83825,
      1763448331.842478,
      {}
    ],
    [
      8,
      null,
      774252441,
      null,
      0.12273600101102777,
      0.00273895263671875,
      1,
      1763448331.8526156,
      1763448331.857079,
      {}
    ],
    [
      9,
      null,
      774252441,
      null,
      0.1044635223996615,
      0.0024170875549316406,
      1,
      1763448331.8687503,
      1763448331.8728268,
      {}
    ],
    [
      10,
      null,
      774252441,
      null,
      0.20505469056590242,
      0.002741098403930664,
      1,
      1763448336.3595045,
      1763448336.3651326,
      {}
    ],
    [
      11,
      null,
      774252441,
      null,
      0.13646028907231056,
      0.002729654312133789,
      1,
      1763448336.380122,
      1763448336.3852777,
      {}
    ],
    [
      12,
      null,
      774252441,
      null,
      0.1912299776740083,
      0.0024132728576660156,
      1,
      1763448336.4004834,
      1763448336.4049132,
      {}
    ],
    [
      13,
      null,
      774252441,
      null,
      0.3260162441826122,
      0.0021491050720214844,
      1,
      1763448336.4194734,
      1763448336.4236143,
      {}
    ],
    [
      14,
      null,
      774252441,
      null,
      0.26974463095554757,
      0.0031523704528808594,
      1,
      1763448336.4377027,
      1763448336.4430041,
      {}
    ],
    [
      15,
      null,
      774252441,
      null,
      0.32743592151592527,
      0.0025801658630371094,
      1,
      1763448336.4764235,
      1763448336.4812424,
      {}
    ],
    [
      16,
      null,
      774252441,
      null,
      0.19018836863151312,
      0.003175020217895508,
      1,
      1763448336.51713,
      1763448336.5238981,
      {}
    ],
    [
      17,
      null,
      774252441,
      null,
      0.10460538397180175,
      0.002801656723022461,
      1,
      1763448336.5480547,
      1763448336.555633,
      {}
    ],
    [
      18,
      null,
      774252441,
      null,
      0.19087356472347383,
      0.002992391586303711,
      1,
      1763448336.6122463,
      1763448336.6185787,
      {}
    ]
  ],
  "configs": {
    "1": {
      " ACAP": 4.236979736015201,
      " AEXP": 3.3979797018691897,
      " CPLx": 3.7520765894800427,
      " DOCU": 1.076589028954506,
      " ETAT": 4.824797024393455,
      " FLEx": 3.322767530798912,
      " KLOC": 91.7280112077594,
      " LTEx": 1.370604731142521,
      " PCAP": 3.0183168165385723,
      " PCON": 1.6400337480008602,
      " PLEx": 2.5228308307696135,
      " PMAT": 2.410184550099075,
      " PREC": 1.0616750255441292,
      " PVOL": 4.972828018479049,
      " RELY": 1.6139063965529203,
      " RESL": 2.711184116682969,
      " RUSE": 4.526868547869846,
      " SCED": 3.0,
      " SITE": 4.716353597119451,
      " STOR": 3.6086994586512446,
      " TEAM": 2.478316667010076,
      " TIME": 3.067247095517814,
      " TOOL": 2.0,
      "DATA": 3.114208148792386
    },
    "2": {
      " ACAP": 3.3605393777535384,
      " AEXP": 2.058425724462874,
      " CPLx": 2.3891923609685355,
      " DOCU": 3.8990107828393987,
      " ETAT": 3.1015978193340494,
      " FLEx": 2.9422229655729617,
      " KLOC": 15.930752168237571,
      " LTEx": 2.4621148219596147,
      " PCAP": 4.883613304686732,
      " PCON": 4.4031803575071145,
      " PLEx": 3.189163446192235,
      " PMAT": 2.108736071868975,
      " PREC": 4.575722776970039,
      " PVOL": 4.571462741218489,
      " RELY": 1.4952598527856815,
      " RESL": 3.5287037212801606,
      " RUSE": 2.0829139675521393,
      " SCED": 3.0,
      " SITE": 1.583686343900081,
      " STOR": 3.3163673116125403,
      " TEAM": 1.6324913143930728,
      " TIME": 3.7589795881605053,
      " TOOL": 2.0,
      "DATA": 4.4548260735924305
    },
    "3": {
      " ACAP": 3.6892489819184346,
      " AEXP": 2.956396390587301,
      " CPLx": 1.3348720347519865,
      " DOCU": 1.3357286201449061,
      " ETAT": 4.563916952508526,
      " FLEx": 3.3985740416343644,
      " KLOC": 32.267100301491304,
      " LTEx": 2.439391844978291,
      " PCAP": 3.8033529612613046,
      " PCON": 4.391915990187898,
      " PLEx": 3.1528296888402965,
      " PMAT": 2.6020640512488247,
      " PREC": 3.2099829022004833,
      " PVOL": 4.847307193239913,
      " RELY": 3.9600199910754057,
      " RESL": 2.3518781445484613,
      " RUSE": 2.960258841530841,
      " SCED": 3.0,
      " SITE": 4.982178769939731,
      " STOR": 3.0636864307746556,
      " TEAM": 2.4590979563411683,
      " TIME": 3.0700228026245027,
      " TOOL": 2.0,
      "DATA": 2.95810312115273
    },
    "4": {
      " ACAP": 4.057360002697733,
      " AEXP": 4.477505303361093,
      " CPLx": 3.2444115035267873,
      " DOCU": 4.406248299209711,
      " ETAT": 3.5253246108877256,
      " FLEx": 4.453619941074923,
      " KLOC": 378.34052717963647,
      " LTEx": 1.9749487023735508,
      " PCAP": 4.7668604723837635,
      " PCON": 3.841851969884459,
      " PLEx": 2.7404317132542277,
      " PMAT": 2.0468431426217832,
      " PREC": 4.499105213872075,
      " PVOL": 2.586172945059321,
      " RELY": 1.2336152057972614,
      " RESL": 3.8415043026729205,
      " RUSE": 2.794788615470682,
      " SCED": 3.0,
      " SITE": 2.6738985404292195,
      " STOR": 3.1056988086307555,
      " TEAM": 4.64548158034162,
      " TIME": 3.3359352111232337,
      " TOOL": 2.0,
      "DATA": 4.519512974583889
    },
    "5": {
      " ACAP": 4.277600629891468,
      " AEXP": 4.412372210397074,
      " CPLx": 2.4340273494617835,
      " DOCU": 1.5127949959235683,
      " ETAT": 5.135015534170012,
      " FLEx": 4.832087058247336,
      " KLOC": 251.17268586485395,
      " LTEx": 3.521736743803335,
      " PCAP": 3.6528486268192664,
      " PCON": 1.47816797089782,
      " PLEx": 3.007651810550037,
      " PMAT": 2.3345808122026153,
      " PREC": 2.9464001737206686,
      " PVOL": 3.35284522205129,
      " RELY": 1.076194617166849,
      " RESL": 3.046559430335041,
      " RUSE": 4.207129140068872,
      " SCED": 3.0,
      " SITE": 1.3820557937870177,
      " STOR": 3.497988003354875,
      " TEAM": 3.283182352711701,
      " TIME": 3.907621409437713,
      " TOOL": 2.0,
      "DATA": 3.1785041904659486
    },
    "6": {
      " ACAP": 4.44985909670533,
      " AEXP": 4.969106919585345,
      " CPLx": 3.694325864959022,
      " DOCU": 1.7414463938592015,
      " ETAT": 4.313034108411356,
      " FLEx": 4.517817282155985,
      " KLOC": 112.23035890370744,
      " LTEx": 1.731888131866914,
      " PCAP": 4.4132320122441975,
      " PCON": 2.385961164550549,
      " PLEx": 2.3955412215688514,
      " PMAT": 2.4750957183019793,