{
  "incumbent_ids": [
    7
  ],
  "rejected_config_ids": [
    1,
    3,
    4,
    2,
    6,
    5,
    8,
    9
  ],
  "incumbents_changed": 4,
  "trajectory": [
    {
      "config_ids": [
        1
      ],
      "costs": [
        0.5029916112336467
      ],
      "trial": 1,
      "walltime": 0.04035520553588867
    },
    {
      "config_ids": [
        2
      ],
      "costs": [
        0.3802579582128751
      ],
      "trial": 2,
      "walltime": 0.08456969261169434
    },
    {
      "config_ids": [
        5
      ],
      "costs": [
        0.09993850372909896
      ],
      "trial": 5,
      "walltime": 178.86602973937988
    },
    {
      "config_ids": [
        7
      ],
      "costs": [
        0.08162782619054942
      ],
      "trial": 7,
      "walltime": 178.949049949646
    }
  ],
  "state": {
    "queue": []
  }
}