{
  "incumbent_ids": [
    4
  ],
  "rejected_config_ids": [
    1,
    3,
    2,
    5,
    6,
    7,
    8,
    9
  ],
  "incumbents_changed": 3,
  "trajectory": [
    {
      "config_ids": [
        1
      ],
      "costs": [
        0.7936404014880718
      ],
      "trial": 1,
      "walltime": 2.978646993637085
    },
    {
      "config_ids": [
        2
      ],
      "costs": [
        0.6693531549281313
      ],
      "trial": 2,
      "walltime": 5.397479057312012
    },
    {
      "config_ids": [
        4
      ],
      "costs": [
        0.632276663229505
      ],
      "trial": 4,
      "walltime": 97.12106943130493
    }
  ],
  "state": {
    "queue": []
  }
}