{
  "stats": {
    "submitted": 4,
    "finished": 4,
    "running": 0
  },
  "data": [
    [
      1,
      null,
      662124363,
      null,
      0.27118323966991564,
      0.004815340042114258,
      1,
      1763957060.4955297,
      1763957060.5021696,
      {}
    ],
    [
      2,
      null,
      662124363,
      null,
      0.23430093528164742,
      0.002151012420654297,
      1,
      1763957060.5112302,
      1763957060.51599,
      {}
    ],
    [
      3,
      null,
      662124363,
      null,
      0.20860222981275478,
      0.0022134780883789062,
      1,
      1763957060.522953,
      1763957060.5268703,
      {}
    ],
    [
      4,
      null,
      662124363,
      null,
      0.3521507854333521,
      0.0015041828155517578,
      1,
      1763957060.541397,
      1763957060.5444381,
      {}
    ]
  ],
  "configs": {
    "1": {
      " ACAP": 4.252759616822004,
      " AEXP": 2.9701958024958146,
      " CPLx": 1.0292070768773556,
      " DOCU": 4.968973565846682,
      " ETAT": 4.728244403723628,
      " FLEx": 1.754125613719225,
      " KLOC": 154.03826961116957,
      " LTEx": 3.6603476600591094,
      " PCAP": 3.9133608993142843,
      " PCON": 1.1060408353805542,
      " PLEx": 1.5190900592133403,
      " PMAT": 2.7188755245879292,
      " PREC": 3.7744891167022288,
      " PVOL": 4.129915319641121,
      " RELY": 3.958658482676372,
      " RESL": 3.8864039490818976,
      " RUSE": 3.810161701319739,
      " SCED": 3.0,
      " SITE": 3.5903526972979307,
      " STOR": 3.504721011966467,
      " TEAM": 3.531914916480891,
      " TIME": 3.5489059826359153,
      " TOOL": 2.0,
      "DATA": 3.796575739127584
    },
    "2": {
      " ACAP": 3.9394134674221277,
      " AEXP": 4.748859240574761,
      " CPLx": 3.868764178827405,
      " DOCU": 1.7996678873896599,
      " ETAT": 2.457048255030066,
      " FLEx": 3.583815824240446,
      " KLOC": 338.2563012705194,
      " LTEx": 2.0269899716656656,
      " PCAP": 4.186602666974068,
      " PCON": 4.559286214411259,
      " PLEx": 2.5730949928984046,
      " PMAT": 2.054402470588684,
      " PREC": 1.4412708468409254,
      " PVOL": 2.2834622682351617,
      " RELY": 1.6636692716833203,
      " RESL": 2.7201624027956273,
      " RUSE": 4.94431778702233,
      " SCED": 3.0,
      " SITE": 3.2749051032587886,
      " STOR": 3.100635664537549,
      " TEAM": 2.2604766945168375,
      " TIME": 3.0655480111017823,
      " TOOL": 2.0,
      "DATA": 3.3915172270638867
    },
    "3": {
      " ACAP": 3.182940948754549,
      " AEXP": 2.4959725647354496,
      " CPLx": 1.9998977957293391,
      " DOCU": 3.57603020593524,
      " ETAT": 1.4877980586029589,
      " FLEx": 4.618924755603075,
      " KLOC": 78.82138150426653,
      " LTEx": 1.024625850027427,
      " PCAP": 4.619712309911847,
      " PCON": 3.5830848440527916,
      " PLEx": 3.3830210408195853,
      " PMAT": 2.2638686634600163,
      " PREC": 4.720076117930002,
      " PVOL": 4.68852079559397,
      " RELY": 1.8632442884249611,
      " RESL": 4.1973374659530815,
      " RUSE": 5.5539860106827685,
      " SCED": 3.0,
      " SITE": 5.344286089763045,
      " STOR": 3.320482595823705,
      " TEAM": 4.528628800421953,
      " TIME": 3.8521056370809674,
      " TOOL": 2.0,
      "DATA": 2.641027874018997
    },
    "4": {
      " ACAP": 3.3083256847593447,
      " AEXP": 4.219409039849698,
      " CPLx": 1.789945045555404,
      " DOCU": 3.134957573521191,
      " ETAT": 1.0748165125771567,
      " FLEx": 4.67498803239954,
      " KLOC": 354.16483439868756,
      " LTEx": 1.1002308614514074,
      " PCAP": 4.913898672550234,
      " PCON": 1.5488372854243058,
      " PLEx": 1.8514850588738376,
      " PMAT": 2.606083184358829,
      " PREC": 4.776956319076115,
      " PVOL": 4.558353887786746,
      " RELY": 1.006775441322022,
      " RESL": 3.084382882853951,
      " RUSE": 4.207598495425001,
      " SCED": 3.0,
      " SITE": 3.4268870683135484,
      " STOR": 3.7681341540644224,
      " TEAM": 1.6437062957491548,
      " TIME": 3.7645604503388785,
      " TOOL": 2.0,
      "DATA": 2.0624085840582462
    }
  },
  "config_origins": {
    "1": "Initial Design: Sobol",
    "2": "Initial Design: Sobol",
    "3": "Initial Design: Sobol",
    "4": "Random Search"
  }
}