{
  "stats": {
    "submitted": 6,
    "finished": 6,
    "running": 0
  },
  "data": [
    [
      1,
      null,
      327741615,
      null,
      0.49230656836323483,
      0.001478433609008789,
      1,
      1763449289.007834,
      1763449289.011114,
      {}
    ],
    [
      2,
      null,
      327741615,
      null,
      0.47118492326621786,
      0.0011315345764160156,
      1,
      1763449289.0462716,
      1763449289.0494332,
      {}
    ],
    [
      3,
      null,
      327741615,
      null,
      0.5007510028995839,
      0.0014185905456542969,
      1,
      1763449292.017335,
      1763449292.020481,
      {}
    ],
    [
      4,
      null,
      327741615,
      null,
      0.5751673692229661,
      0.0006742477416992188,
      1,
      1763449292.0275688,
      1763449292.0298288,
      {}
    ],
    [
      5,
      null,
      327741615,
      null,
      0.5836315526712087,
      0.000682830810546875,
      1,
      1763449292.0368369,
      1763449292.0391793,
      {}
    ],
    [
      6,
      null,
      327741615,
      null,
      0.3669242308167078,
      0.0006749629974365234,
      1,
      1763449292.0464568,
      1763449292.048733,
      {}
    ]
  ],
  "configs": {
    "1": {
      " ACAP": 3.9335796758532524,
      " ARCH": 5.657995295710862,
      " CPLx": 4.99587566498667,
      " DATA": 2.979522118344903,
      " DOCU": 3.6348522678017616,
      " FLEx": 1.629924749955535,
      " LTEx": 1.5538553223013878,
      " PCAP": 4.341444835066795,
      " PCON": 3.6211183555424213,
      " PMAT": 4.161812243051827,
      " PREC": 3.890727622434497,
      " PVOL": 3.764965398237109,
      " RELY": 3.042041663080454,
      " RUSE": 4.901805870234966,
      " SCED": 1.0427459254860878,
      " SITE": 1.3999116532504559,
      " STOR": 4.574815219268203,
      " TEAM": 3.4292310839518905,
      " TIME": 4.718860010616481,
      " TOOL": 3.1131314486265182
    },
    "2": {
      " ACAP": 1.3052331574958287,
      " ARCH": 4.899593961200573,
      " CPLx": 3.1920461572044676,
      " DATA": 4.170395533492824,
      " DOCU": 4.911958047986411,
      " FLEx": 3.6924793520521684,
      " LTEx": 3.0044818546397516,
      " PCAP": 1.2882045334390462,
      " PCON": 2.0737559204074847,
      " PMAT": 3.4994125041278,
      " PREC": 4.396149980604703,
      " PVOL": 4.411217108313126,
      " RELY": 2.5237645325941536,
      " RUSE": 2.2637453876236204,
      " SCED": 2.152582397231974,
      " SITE": 4.638374110878455,
      " STOR": 3.6401560607397467,
      " TEAM": 3.2606198090884155,
      " TIME": 5.793618059067065,
      " TOOL": 1.099596910201392
    },
    "3": {
      " ACAP": 3.5955693510194435,
      " ARCH": 2.8046017453631196,
      " CPLx": 4.006514981730746,
      " DATA": 4.453616179888123,
      " DOCU": 1.4519013939781569,
      " FLEx": 2.104101503241697,
      " LTEx": 3.9054954627472314,
      " PCAP": 1.874600044416249,
      " PCON": 1.2538439223245863,
      " PMAT": 5.973771310834624,
      " PREC": 4.785696502674535,
      " PVOL": 3.5504930389756284,
      " RELY": 2.3459972522301147,
      " RUSE": 5.632364178660623,
      " SCED": 2.541378241305635,
      " SITE": 1.9670027273787618,
      " STOR": 3.619808073649691,
      " TEAM": 4.510599738764094,
      " TIME": 3.924976987525583,
      " TOOL": 2.178862019186922
    },
    "4": {
      " ACAP": 2.682748074087705,
      " ARCH": 2.9292427813204363,
      " CPLx": 5.155173460614615,
      " DATA": 4.646915339809922,
      " DOCU": 3.618935776355217,
      " FLEx": 1.7241451049890049,
      " LTEx": 4.643217928247296,
      " PCAP": 2.7810268110837146,
      " PCON": 1.908205609690128,
      " PMAT": 5.20107760989505,
      " PREC": 5.833313490223698,
      " PVOL": 4.7566477143690395,
      " RELY": 2.849417733854057,
      " RUSE": 2.1779020063329,
      " SCED": 2.197979928132069,
      " SITE": 1.7297093478725456,
      " STOR": 4.343349465576473,
      " TEAM": 5.139549190154304,
      " TIME": 5.671337137429938,
      " TOOL": 4.343009494184619
    },
    "5": {
      " ACAP": 1.3320253620449716,
      " ARCH": 2.194383215322369,
      " CPLx": 3.7580698024502537,
      " DATA": 2.2190852396917053,
      " DOCU": 3.0351068118384887,
      " FLEx": 5.314487048177903,
      " LTEx": 3.1216792213447566,
      " PCAP": 2.649006379545705,
      " PCON": 2.738229266574362,
      " PMAT": 3.642838876198945,
      " PREC": 5.566554997046929,
      " PVOL": 4.799768353838182,
      " RELY": 4.025830103996286,
      " RUSE": 4.527490945134997,
      " SCED": 4.023148168112364,
      " SITE": 3.799516680974419,
      " STOR": 5.706096241008298,
      " TEAM": 4.350299834638086,
      " TIME": 3.9663087666916232,
      " TOOL": 2.2087539854297455
    },
    "6": {
      " ACAP": 4.355887565873111,
      " ARCH": 5.617024346678335,
      " CPLx": 3.4723624814448835,
      " DATA": 2.7834233156892845,
      " DOCU": 3.8819867123838954,
      " FLEx": 4.312985452694697,
      " LTEx": 3.891478678172128,
      " PCAP": 2.4714917520656017,
      " PCON": 4.045763661365976,
      " PMAT": 2.0106474006529558,
      " PREC": 1.0818236675943196,
      " PVOL": 2.372385175519252,
      " RELY": 4.379253856834108,
      " RUSE": 2.5045433348678032,
      " SCED": 2.7565115269657143,
      " SITE": 1.3776451239142233,
      " STOR": 4.342463890653901,
      " TEAM": 2.528846707329152,
      " TIME": 3.0257803526499227,
      " TOOL": 3.2603435720026663
    }
  },
  "config_origins": {
    "1": "Initial Design: Sobol",
    "2": "Random Search",
    "3": "Acquisition Function Maximizer: Local Search",
    "4": "Acquisition Function Maximizer: Local Search",
    "5": "Acquisition Function Maximizer: Local Search",
    "6": "Acquisition Function Maximizer: Local Search"
  }
}