{
  "stats": {
    "submitted": 37,
    "finished": 37,
    "running": 0
  },
  "data": [
    [
      1,
      null,
      959027881,
      null,
      0.7955560789204394,
      0.0066814422607421875,
      1,
      1763363242.2639616,
      1763363242.2724342,
      {}
    ],
    [
      2,
      null,
      959027881,
      null,
      0.790681425594496,
      0.0007708072662353516,
      1,
      1763363242.2913768,
      1763363242.2935913,
      {}
    ],
    [
      3,
      null,
      959027881,
      null,
      0.7835346854513533,
      0.006742238998413086,
      1,
      1763363242.3055444,
      1763363242.3137264,
      {}
    ],
    [
      4,
      null,
      959027881,
      null,
      0.7913635170475214,
      0.012810468673706055,
      1,
      1763363242.3173308,
      1763363242.3315034,
      {}
    ],
    [
      5,
      null,
      959027881,
      null,
      0.7964315871608896,
      0.0009455680847167969,
      1,
      1763363242.3423665,
      1763363242.3448324,
      {}
    ],
    [
      6,
      null,
      959027881,
      null,
      0.7908983512833465,
      0.00937509536743164,
      1,
      1763363242.3609602,
      1763363242.3718886,
      {}
    ],
    [
      7,
      null,
      959027881,
      null,
      0.7942617902008535,
      0.0009198188781738281,
      1,
      1763363242.384202,
      1763363242.386622,
      {}
    ],
    [
      8,
      null,
      959027881,
      null,
      0.7971688397332675,
      0.0009114742279052734,
      1,
      1763363242.3949237,
      1763363242.405403,
      {}
    ],
    [
      9,
      null,
      959027881,
      null,
      0.6878808948945225,
      0.009087562561035156,
      1,
      1763363242.417596,
      1763363242.4280593,
      {}
    ],
    [
      10,
      null,
      959027881,
      null,
      0.7850468994527817,
      0.005349874496459961,
      1,
      1763363242.4409792,
      1763363242.447807,
      {}
    ],
    [
      11,
      null,
      959027881,
      null,
      0.5941595603251048,
      0.0008885860443115234,
      1,
      1763363243.927639,
      1763363243.9299164,
      {}
    ],
    [
      12,
      null,
      959027881,
      null,
      0.6742342339013974,
      0.0004870891571044922,
      1,
      1763363243.9348025,
      1763363243.9383228,
      {}
    ],
    [
      13,
      null,
      959027881,
      null,
      0.6668816502802857,
      0.0004792213439941406,
      1,
      1763363243.9426963,
      1763363243.9458728,
      {}
    ],
    [
      14,
      null,
      959027881,
      null,
      0.7917270505316683,
      0.0005791187286376953,
      1,
      1763363243.9507022,
      1763363243.952676,
      {}
    ],
    [
      15,
      null,
      959027881,
      null,
      0.6336550786712639,
      0.0004973411560058594,
      1,
      1763363243.958515,
      1763363243.9603863,
      {}
    ],
    [
      16,
      null,
      959027881,
      null,
      0.4980749881460942,
      0.0004839897155761719,
      1,
      1763363243.9665513,
      1763363243.968439,
      {}
    ],
    [
      17,
      null,
      959027881,
      null,
      0.7870441654466693,
      0.0005280971527099609,
      1,
      1763363243.9737659,
      1763363243.9755952,
      {}
    ],
    [
      18,
      null,
      959027881,
      null,
      0.7905028940330304,
      0.00048160552978515625,
      1,
      1763363243.9811745,
      1763363243.9830387,
      {}
    ],
    [
      19,
      null,
      959027881,
      null,
      0.7890569101230807,
      0.0005557537078857422,
      1,
      1763363243.9968708,
      1763363243.9988008,
      {}
    ],
    [
      20,
      null,
      959027881,
      null,
      0.7878846609838578,
      0.0007884502410888672,
      1,
      1763363245.6180656,
      1763363245.6202698,
      {}
    ],
    [
      21,
      null,
      959027881,
      null,
      0.7853682988748325,
      0.0005304813385009766,
      1,
      1763363245.6267233,
      1763363245.6286945,
      {}
    ],
    [
      22,
      null,
      959027881,
      null,
      0.7957013152421918,
      0.0004839897155761719,
      1,
      1763363245.6349535,
      1763363245.636972,
      {}
    ],
    [
      23,
      null,
      959027881,
      null,
      0.5884383444386001,
      0.00048422813415527344,
      1,
      1763363245.6425881,
      1763363245.6445003,
      {}
    ],
    [
      24,
      null,
      959027881,
      null,
      0.7886780047438697,
      0.0004928112030029297,
      1,
      1763363245.652872,
      1763363245.6546247,
      {}
    ],
    [
      25,
      null,
      959027881,
      null,
      0.7935962819036845,
      0.0004956722259521484,
      1,
      1763363245.66264,
      1763363245.6644213,
      {}
    ],
    [
      26,
      null,
      959027881,
      null,
      0.7886780047438697,
      0.00046944618225097656,
      1,
      1763363245.672367,
      1763363245.6740842,
      {}
    ],
    [
      27,
      null,
      959027881,
      null,
      0.24013649330692854,
      0.0010573863983154297,
      1,
      1763363247.129248,
      1763363247.1318789,
      {}
    ],
    [
      28,
      null,
      959027881,
      null,
      0.7910027204384669,
      0.0005309581756591797,
      1,
      1763363247.1391504,
      1763363247.1409643,
      {}
    ],
    [
      29,
      null,
      959027881,
      null,
      0.7949780432145934,
      0.0005407333374023438,
      1,
      1763363247.1495914,
      1763363247.151389,
      {}
    ],
    [
      30,
      null,
      959027881,
      null,
      0.7898650748583506,
      0.0005447864532470703,
      1,
      1763363247.1576445,
      1763363247.1594439,
      {}
    ],
    [
      31,
      null,
      959027881,
      null,
      0.7982065042091351,
      0.0008254051208496094,
      1,
      1763363247.1685724,
      1763363247.1706457,
      {}
    ],
    [
      32,
      null,
      959027881,
      null,
      0.7924206561024142,
      0.0005023479461669922,
      1,
      1763363247.1785913,
      1763363247.180359,
      {}
    ],
    [
      33,
      null,
      959027881,
      null,
      0.5970953420846338,
      0.0005364418029785156,
      1,
      1763363247.1895692,
      1763363247.1913517,
      {}
    ],
    [
      34,
      null,
      959027881,
      null,
      0.7924206561024142,
      0.0006346702575683594,
      1,
      1763363247.2002068,
      1763363247.202088,
      {}
    ],
    [
      35,
      null,
      959027881,
      null,
      0.778031593558203,
      0.0010306835174560547,
      1,
      1763363248.7766237,
      1763363248.7791708,
      {}
    ],
    [
      36,
      null,
      959027881,
      null,
      0.7819151229684874,
      0.0005548000335693359,
      1,
      1763363248.7891097,
      1763363248.7909656,
      {}
    ],
    [
      37,
      null,
      959027881,
      null,
      0.7898650748583506,
      0.0005633831024169922,
      1,
      1763363248.8051093,
      1763363248.8069727,
      {}
    ]
  ],
  "configs": {
    "1": {
      "Max_depth": 10,
      "Min_impurity_decrease": 1.5,
      "Min_sample_leaves": 19,
      "N_estimators": 40,
      "criterion": "squared_error"
    },
    "2": {
      "Max_depth": 13,
      "Min_impurity_decrease": 5.5,
      "Min_sample_leaves": 10,
      "N_estimators": 200,
      "criterion": "absolute_error"
    },
    "3": {
      "Max_depth": 17,
      "Min_impurity_decrease": 7.75,
      "Min_sample_leaves": 12,
      "N_estimators": 10,
      "criterion": "poisson"
    },
    "4": {
      "Max_depth": 1,
      "Min_impurity_decrease": 6.25,
      "Min_sample_leaves": 1,
      "N_estimators": 80,
      "criterion": "poisson"
    },
    "5": {
      "Max_depth": 4,
      "Min_impurity_decrease": 10.0,
      "Min_sample_leaves": 7,
      "N_estimators": 110,
      "criterion": "poisson"
    },
    "6": {
      "Max_depth": 20,
      "Min_impurity_decrease": 8.0,
      "Min_sample_leaves": 18,