{
  "DE_params": {
    "mutation_factor": 0.5,
    "crossover_prob": 0.5,
    "strategy": "rand1_bin",
    "configspace": true,
    "boundary_fix_type": "random",
    "max_age": Infinity,
    "dimensions": 32,
    "output_path": "../results/tmp/DEHB_tmp/dehb_20251208-050210_db41",
    "async_strategy": "immediate"
  },
  "HB_params": {
    "min_fidelity": 1,
    "max_fidelity": 10,
    "min_clip": null,
    "max_clip": null,
    "eta": 3
  },
  "internals": {
    "initial_configs": [
      {
        "config_id": 0,
        "config": [
          0.5348837209302325,
          0.9345372460496614,
          0.9310344827586207,
          0.8,
          0.0,
          0.2612244897959184,
          0.5,
          0.8732394366197183,
          0.0,
          0.0,
          0.25,
          0.14899925871015568,
          0.026629292221443588,
          0.6,
          0.0,
          0.5,
          0.5,
          0.0,
          0.0,
          0.2,
          0.14285714285714285,
          0.5,
          0.25,
          0.5,
          0.6666666666666666,
          0.0,
          0.8333333333333334,
          0.0,
          0.8888888888888888,
          0.0,
          0.0,
          0.0
        ],
        "results": {
          "1.1111111111111112": {
            "score": Infinity,
            "cost": -1,
            "info": {}
          }
        }
      },
      {
        "config_id": 1,
        "config": [
          0.3488372093023256,
          0.9650112866817155,
          0.6551724137931034,
          0.8,
          0.0,
          0.9163265306122449,
          0.75,
          0.014084507042253521,
          0.0,
          0.2,
          0.75,
          0.513713862120089,
          0.22424667133847231,
          0.3,
          0.6,
          0.0,
          0.0,
          0.0,
          0.0,
          0.675,
          0.0,
          0.25,
          0.1875,
          0.5,
          0.6666666666666666,
          0.6666666666666666,
          0.0,
          0.5,
          0.2222222222222222,
          0.0,
          0.0,
          0.5
        ],
        "results": {
          "1.1111111111111112": {
            "score": Infinity,
            "cost": -1,
            "info": {}
          }
        }
      },
      {
        "config_id": 2,
        "config": [
          0.32558139534883723,
          0.3261851015801354,
          0.6551724137931034,
          0.2,
          0.0,
          0.9380952380952381,
          0.0,
          0.9154929577464789,
          0.5,
          0.4,
          0.75,
          0.2335063009636768,
          0.35459004905395936,
          0.6,
          0.9333333333333333,
          0.0,
          0.5,
          0.0,
          0.0,
          0.825,
          0.8571428571428571,
          0.25,
          0.6875,
          0.5,
          0.6666666666666666,
          0.3333333333333333,
          0.0,
          0.0,
          0.4444444444444444,
          0.3333333333333333,
          0.0,
          0.5
        ],
        "results": {
          "1.1111111111111112": {
            "score": Infinity,
            "cost": -1,
            "info": {}
          }
        }
      },
      {
        "config_id": 3,
        "config": [
          0.20930232558139536,
          0.4729119638826185,
          0.9310344827586207,
          0.4,
          0.0,
          0.7170068027210884,
          0.0,
          0.9014084507042254,
          0.75,
          0.6,
          0.75,
          0.12972572275759822,
          0.41345480028030834,
          0.1,
          0.06666666666666667,
          0.0,
          0.0,
          0.0,
          0.5,
          0.975,
          0.14285714285714285,
          0.0,
          0.625,
          0.5,
          0.6666666666666666,
          0.6666666666666666,
          0.0,
          0.5,
          0.0,
          0.0,
          0.0,
          0.5
        ],
        "results": {
          "1.1111111111111112": {
            "score": Infinity,
            "cost": -1,
            "info": {}
          }
        }
      },
      {
        "config_id": 4,
        "config": [
          0.5116279069767442,
          0.7426636568848759,
          0.3448275862068966,
          0.8,
          0.0,
          0.408843537414966,
          0.0,
          0.7323943661971831,
          0.25,
          0.6,
          0.75,
          0.37286879169755377,
          0.8591450595655221,
          0.8,
          0.4666666666666667,
          0.5,
          0.0,
          0.0,
          0.5,
          0.075,
          0.7142857142857143,
          0.5,
          0.6875,
          0.0,
          0.6666666666666666,
          0.0,
          0.16666666666666666,
          0.0,
          0.5555555555555556,
          0.3333333333333333,
          0.0,
          0.0
        ],
        "results": {
          "1.1111111111111112": {
            "score": Infinity,
            "cost": -1,
            "info": {}
          }
        }
      },
      {
        "config_id": 5,
        "config": [
          0.8372093023255814,
          0.05869074492099323,
          0.5172413793103449,
          0.8,
          0.0,
          0.9639455782312926,
          0.75,
          0.29577464788732394,
          0.25,
          0.2,
          0.0,
          0.6767976278724982,
          0.6475122634898388,
          0.3,
          0.06666666666666667,
          0.0,
          0.25,
          0.0,
          0.75,
          0.0,
          0.2857142857142857,
          0.0,
          0.9375,
          0.0,
          0.0,
          0.6666666666666666,
          0.3333333333333333,
          0.0,
          0.5555555555555556,
          0.0,
          0.0,
          0.5
        ],
        "results": {
          "1.1111111111111112": {
            "score": Infinity,
            "cost": -1,
            "info": {}
          }
        }
      },
      {
        "config_id": 6,
        "config": [
          0.627906976744186,
          0.07787810383747178,
          0.3793103448275862,
          0.0,
          0.0,
          0.4414965986394558,
          0.75,
          0.6901408450704225,
          0.5,
          0.6,
          0.25,
          0.6197183098591549,
          0.4954449894884373,
          0.9,
          0.2,
          0.5,
          0.25,
          0.0,
          0.5,
          0.375,
          0.14285714285714285,
          0.25,
          0.875,
          0.5,
          0.3333333333333333,
          0.0,
          0.6666666666666666,
          0.0,
          0.6666666666666666,
          0.3333333333333333,
          0.0,
          0.5
        ],
        "results": {
          "1.1111111111111112": {
            "score": Infinity,
            "cost": -1,
            "info": {}
          }
        }
      },
      {
        "config_id": 7,
        "config": [
          0.3023255813953488,
          0.11173814898419865,
          0.1724137931034483,
          0.0,
          0.0,
          0.5557823129251701,
          0.0,
          0.16901408450704225,
          0.25,
          0.6,
          0.5,
          0.4284655300222387,
          0.8241065171688857,
          0.5,
          0.3333333333333333,
          0.5,
          0.5,
          0.0,
          0.25,
          0.925,
          0.5714285714285714,
          0.75,
          0.375,
          0.0,
          0.0,
          0.0,
          0.6666666666666666,
          0.0,
          0.1111111111111111,
          0.6666666666666666,
          0.0,
          0.0
        ],
        "results": {
          "1.1111111111111112": {
            "score": Infinity,
            "cost": -1,
            "info": {}
          }
        }
      },
      {
        "config_id": 8,