{
  "incumbent_ids": [
    2
  ],
  "rejected_config_ids": [
    1,
    3,
    4,
    5,
    6,
    7,
    8,
    9
  ],
  "incumbents_changed": 2,
  "trajectory": [
    {
      "config_ids": [
        1
      ],
      "costs": [
        0.2532574770473539
      ],
      "trial": 1,
      "walltime": 1.9859395027160645
    },
    {
      "config_ids": [
        2
      ],
      "costs": [
        0.13336609341981587
      ],
      "trial": 2,
      "walltime": 73.1603696346283
    }
  ],
  "state": {
    "queue": []
  }
}