{
  "stats": {
    "submitted": 1,
    "finished": 1,
    "running": 0
  },
  "data": [
    [
      1,
      null,
      953453411,
      null,
      0.2806421394302153,
      0.0046041011810302734,
      1,
      1763365099.4535658,
      1763365099.704039,
      {}
    ]
  ],
  "configs": {
    "1": {
      " ACAP": 3.713,
      " AEXP": 2.35,
      " CPLx": 3.5,
      " DOCU": 2.96,
      " ETAT": 1.495,
      " FLEx": 3.575,
      " KLOC": 380.527,
      " LTEx": 1.312,
      " PCAP": 4.859,
      " PCON": 4.491,
      " PLEx": 2.132,
      " PMAT": 2.774,
      " PREC": 3.132,
      " PVOL": 3.48,
      " RELY": 3.209,
      " RESL": 3.039,
      " RUSE": 3.764,
      " SCED": 3.0,
      " SITE": 2.462,
      " STOR": 3.681,
      " TEAM": 4.709,
      " TIME": 3.185,
      " TOOL": 2.0,
      "DATA": 3.984
    }
  },
  "config_origins": {
    "1": "Initial Design: Sobol"
  }
}