{
  "stats": {
    "submitted": 25,
    "finished": 25,
    "running": 0
  },
  "data": [
    [
      1,
      null,
      59886187,
      null,
      0.6281258167009942,
      0.0024161338806152344,
      1,
      1763363402.481789,
      1763363402.485947,
      {}
    ],
    [
      2,
      null,
      59886187,
      null,
      0.2854297816657183,
      0.0014557838439941406,
      1,
      1763363402.4918272,
      1763363402.494778,
      {}
    ],
    [
      3,
      null,
      59886187,
      null,
      0.33698825102592933,
      0.0013637542724609375,
      1,
      1763363402.4999523,
      1763363402.5028708,
      {}
    ],
    [
      4,
      null,
      59886187,
      null,
      0.017968890078502553,
      0.0013709068298339844,
      1,
      1763363402.507336,
      1763363402.5102477,
      {}
    ],
    [
      5,
      null,
      59886187,
      null,
      0.3783965740366426,
      0.0013668537139892578,
      1,
      1763363402.5161266,
      1763363402.5190382,
      {}
    ],
    [
      6,
      null,
      59886187,
      null,
      0.5023364872451641,
      0.0014946460723876953,
      1,
      1763363402.52411,
      1763363402.5271244,
      {}
    ],
    [
      7,
      null,
      59886187,
      null,
      0.43700139540930094,
      0.0015056133270263672,
      1,
      1763363402.5324306,
      1763363402.5354137,
      {}
    ],
    [
      8,
      null,
      59886187,
      null,
      0.30645345698013715,
      0.0009241104125976562,
      1,
      1763363402.5406356,
      1763363402.5435073,
      {}
    ],
    [
      9,
      null,
      59886187,
      null,
      0.4055213783952978,
      0.0016529560089111328,
      1,
      1763363402.5490217,
      1763363402.55227,
      {}
    ],
    [
      10,
      null,
      59886187,
      null,
      0.48531079391040965,
      0.0010190010070800781,
      1,
      1763363402.5580332,
      1763363402.5609448,
      {}
    ],
    [
      11,
      null,
      59886187,
      null,
      0.012140991920528088,
      0.009661674499511719,
      1,
      1763363404.0335214,
      1763363404.0449686,
      {}
    ],
    [
      12,
      null,
      59886187,
      null,
      0.33633667078344864,
      0.000732421875,
      1,
      1763363404.0569477,
      1763363404.0600774,
      {}
    ],
    [
      13,
      null,
      59886187,
      null,
      0.04966486603196063,
      0.00116729736328125,
      1,
      1763363404.077442,
      1763363404.0808594,
      {}
    ],
    [
      14,
      null,
      59886187,
      null,
      0.034104658743592364,
      0.0009844303131103516,
      1,
      1763363404.1148438,
      1763363404.1176353,
      {}
    ],
    [
      15,
      null,
      59886187,
      null,
      0.08544451751186011,
      0.0009701251983642578,
      1,
      1763363404.143244,
      1763363404.1459203,
      {}
    ],
    [
      16,
      null,
      59886187,
      null,
      0.2972348936158602,
      0.0010921955108642578,
      1,
      1763363404.153715,
      1763363404.1607916,
      {}
    ],
    [
      17,
      null,
      59886187,
      null,
      0.1003045294555781,
      0.0013196468353271484,
      1,
      1763363404.1948745,
      1763363404.199098,
      {}
    ],
    [
      18,
      null,
      59886187,
      null,
      0.08544451751186011,
      0.0004596710205078125,
      1,
      1763363404.2123427,
      1763363404.2156422,
      {}
    ],
    [
      19,
      null,
      59886187,
      null,
      0.006955442788807553,
      0.001110076904296875,
      1,
      1763363405.1693776,
      1763363405.172167,
      {}
    ],
    [
      20,
      null,
      59886187,
      null,
      0.02657242722973363,
      0.0009717941284179688,
      1,
      1763363405.1818924,
      1763363405.1844342,
      {}
    ],
    [
      21,
      null,
      59886187,
      null,
      0.02873642486778638,
      0.0011191368103027344,
      1,
      1763363405.192949,
      1763363405.1956022,
      {}
    ],
    [
      22,
      null,
      59886187,
      null,
      0.012140991920528088,
      0.0004761219024658203,
      1,
      1763363405.2042334,
      1763363405.2062418,
      {}
    ],
    [
      23,
      null,
      59886187,
      null,
      0.5705691744636056,
      0.0006413459777832031,
      1,
      1763363405.2161682,
      1763363405.2183166,
      {}
    ],
    [
      24,
      null,
      59886187,
      null,
      0.5987368178255522,
      0.001180887222290039,
      1,
      1763363405.234837,
      1763363405.2377284,
      {}
    ],
    [
      25,
      null,
      59886187,
      null,
      0.006955442788807553,
      0.009381771087646484,
      1,
      1763363405.2533681,
      1763363405.2644033,
      {}
    ]
  ],
  "configs": {
    "1": {
      "data_alignFieldPointers": 0,
      "explorationId": 3,
      "no_explorationId": 0,
      "opt_unroll": 4,
      "opt_unroll_interleave": 0,
      "opt_useAddressPrecalc": 0,
      "opt_vectorize": 1,
      "poly_tileSize_x": 32,
      "poly_tileSize_y": 64,
      "poly_tileSize_z": 10,
      "simd_avoidUnaligned": 1
    },
    "2": {
      "data_alignFieldPointers": 1,
      "explorationId": 1,
      "no_explorationId": 1,
      "opt_unroll": 1,
      "opt_unroll_interleave": 1,
      "opt_useAddressPrecalc": 1,
      "opt_vectorize": 0,
      "poly_tileSize_x": 20,
      "poly_tileSize_y": 8,
      "poly_tileSize_z": 128,
      "simd_avoidUnaligned": 0
    },
    "3": {
      "data_alignFieldPointers": 1,
      "explorationId": 4,
      "no_explorationId": 0,
      "opt_unroll": 3,
      "opt_unroll_interleave": 1,
      "opt_useAddressPrecalc": 1,
      "opt_vectorize": 1,
      "poly_tileSize_x": 8,
      "poly_tileSize_y": 20,
      "poly_tileSize_z": 32,
      "simd_avoidUnaligned": 0
    },
    "4": {
      "data_alignFieldPointers": 0,
      "explorationId": 1,
      "no_explorationId": 1,
      "opt_unroll": 2,
      "opt_unroll_interleave": 0,
      "opt_useAddressPrecalc": 0,
      "opt_vectorize": 0,
      "poly_tileSize_x": 64,
      "poly_tileSize_y": 32,
      "poly_tileSize_z": 20,
      "simd_avoidUnaligned": 1
    },
    "5": {
      "data_alignFieldPointers": 0,
      "explorationId": 4,
      "no_explorationId": 1,
      "opt_unroll": 2,
      "opt_unroll_interleave": 0,
      "opt_useAddressPrecalc": 0,
      "opt_vectorize": 1,
      "poly_tileSize_x": 10,
      "poly_tileSize_y": 16,
      "poly_tileSize_z": 64,
      "simd_avoidUnaligned": 0
    },
    "6": {
      "data_alignFieldPointers": 1,
      "explorationId": 0,
      "no_explorationId": 0,
      "opt_unroll": 3,
      "opt_unroll_interleave": 1,
      "opt_useAddressPrecalc": 1,
      "opt_vectorize": 0,
      "poly_tileSize_x": 128,
      "poly_tileSize_y": 0,
      "poly_tileSize_z": 8,
      "simd_avoidUnaligned": 1
    },
    "7": {
      "data_alignFieldPointers": 1,
      "explorationId": 3,
      "no_explorationId": 1,
      "opt_unroll": 1,
      "opt_unroll_interleave": 1,
      "opt_useAddressPrecalc": 1,
      "opt_vectorize": 1,
      "poly_tileSize_x": 0,
      "poly_tileSize_y": 128,
      "poly_tileSize_z": 16,
      "simd_avoidUnaligned": 1
    },
    "8": {
      "data_alignFieldPointers": 0,
      "explorationId": 2,
      "no_explorationId": 0,
      "opt_unroll": 4,
      "opt_unroll_interleave": 0,
      "opt_useAddressPrecalc": 0,
      "opt_vectorize": 0,
      "poly_tileSize_x": 16,
      "poly_tileSize_y": 10,
      "poly_tileSize_z": 0,
      "simd_avoidUnaligned": 0
    },
    "9": {
      "data_alignFieldPointers": 0,
      "explorationId": 4,
      "no_explorationId": 1,
      "opt_unroll": 3,
      "opt_unroll_interleave": 1,
      "opt_useAddressPrecalc": 0,
      "opt_vectorize": 1,
      "poly_tileSize_x": 10,
      "poly_tileSize_y": 16,
      "poly_tileSize_z": 20,
      "simd_avoidUnaligned": 0
    },
    "10": {
      "data_alignFieldPointers": 1,
      "explorationId": 0,
      "no_explorationId": 0,