{
  "incumbent_ids": [
    4
  ],
  "rejected_config_ids": [
    1,
    3,
    2,
    5
  ],
  "incumbents_changed": 3,
  "trajectory": [
    {
      "config_ids": [
        1
      ],
      "costs": [
        0.5381107408304062
      ],
      "trial": 1,
      "walltime": 3.437391519546509
    },
    {
      "config_ids": [
        2
      ],
      "costs": [
        0.4001359993091286
      ],
      "trial": 2,
      "walltime": 6.622499465942383
    },
    {
      "config_ids": [
        4
      ],
      "costs": [
        0.28494675049771323
      ],
      "trial": 4,
      "walltime": 13.396012783050537
    }
  ],
  "state": {
    "queue": []
  }
}