{
  "stats": {
    "submitted": 6,
    "finished": 6,
    "running": 0
  },
  "data": [
    [
      1,
      null,
      327741615,
      null,
      0.6370034583688815,
      0.0021889209747314453,
      1,
      1763450337.963914,
      1763450337.9723651,
      {}
    ],
    [
      2,
      null,
      327741615,
      null,
      0.6370034583688815,
      0.0009732246398925781,
      1,
      1763450337.993213,
      1763450337.9995725,
      {}
    ],
    [
      3,
      null,
      327741615,
      null,
      0.5444184817181926,
      0.0017986297607421875,
      1,
      1763450347.9607058,
      1763450347.9676614,
      {}
    ],
    [
      4,
      null,
      327741615,
      null,
      0.6027016784301784,
      0.0011620521545410156,
      1,
      1763450347.9869828,
      1763450347.9943762,
      {}
    ],
    [
      5,
      null,
      327741615,
      null,
      0.5905616590062326,
      0.0010313987731933594,
      1,
      1763450348.0098865,
      1763450348.015785,
      {}
    ],
    [
      6,
      null,
      327741615,
      null,
      0.6370034583688815,
      0.0006039142608642578,
      1,
      1763450348.03397,
      1763450348.0394104,
      {}
    ]
  ],
  "configs": {
    "1": {
      "1STFLRSF": 3530.1350568421185,
      "2NDFLRSF": 1923.7520571285859,
      "3SSNPORCH": 405.9809675626457,
      "BEDROOMABVGR": 2.6120589822530746,
      "BSMTFINSF1": 3717.7765498682857,
      "BSMTFINSF2": 185.7018162868917,
      "BSMTFULLBATH": 0.41539149172604084,
      "BSMTHALFBATH": 1.6707224175333977,
      "BSMTUNFSF": 1530.733119636774,
      "ENCLOSEDPORCH": 349.0640716329217,
      "FIREPLACES": 1.7344365734606981,
      "FULLBATH": 1.7649653982371092,
      "GARAGEAREA": 723.9037695620209,
      "GARAGECARS": 2.9018058702349663,
      "GARAGEYRBLT": 1901.1755129508674,
      "GRLIVAREA": 864.6827638633549,
      "HALFBATH": 1.0498768128454685,
      "ID": 709.8496302971616,
      "KITCHENABVGR": 1.7188600106164813,
      "LOTAREA": 114323.47694410011,
      "LOTFRONTAGE": 280.6207922138274,
      "LOWQUALFINSF": 19.55251684039831,
      "MASVNRAREA": 1375.799684226513,
      "MISCVAL": 8377.759110648185,
      "MOSOLD": 3.3009808119386435,
      "MSSUBCLASS": 84.58910359069705,
      "OPENPORCHSF": 73.97166133485734,
      "POOLAREA": 584.5693320818245,
      "SCREENPORCH": 421.5700323879719,
      "TOTALBSMTSF": 2592.872089613229,
      "TOTRMSABVGRD": 2.7301196679472923,
      "WOODDECKSF": 285.5732397194952,
      "YEARREMODADD": 1992.9891414754093,
      "YRSOLD": 2009.737613927573,
      "alley": "Grvl",
      "bldgtype": "2fmCon",
      "bsmtcond": "Fa",
      "bsmtexposure": "Mn",
      "bsmtfintype1": "GLQ",
      "bsmtfintype2": "Unknown",
      "bsmtqual": "Fa",
      "centralair": "Y",
      "condition1": "Feedr",
      "condition2": "RRAe",
      "electrical": "Unknown",
      "extercond": "Ex",
      "exterior1st": "CBlock",
      "exterior2nd": "AsbShng",
      "exterqual": "Ex",
      "fence": "GdWo",
      "fireplacequ": "Unknown",
      "foundation": "Slab",
      "functional": "Mod",
      "garagecond": "Fa",
      "garagefinish": "Unf",
      "garagequal": "Ex",
      "garagetype": "Detchd",
      "heating": "GasA",
      "heatingqc": "Gd",
      "housestyle": "2Story",
      "kitchenqual": "Gd",
      "landcontour": "HLS",
      "landslope": "Sev",
      "lotconfig": "Corner",
      "lotshape": "IR1",
      "masvnrtype": "BrkCmn",
      "miscfeature": "Shed",
      "mszoning": "C (all)",
      "neighborhood": "IDOTRR",
      "paveddrive": "P",
      "poolqc": "Fa",
      "roofmatl": "Tar&Grv",
      "roofstyle": "Mansard",
      "salecondition": "Alloca",
      "saletype": "WD",
      "street": "Grvl",
      "utilities": "AllPub"
    },
    "2": {
      "1STFLRSF": 666.5515250917053,
      "2NDFLRSF": 1610.5323059758366,
      "3SSNPORCH": 222.7118895719739,
      "BEDROOMABVGR": 5.78772142264753,
      "BSMTFINSF1": 5519.772805708825,
      "BSMTFINSF2": 793.7429129849793,
      "BSMTFULLBATH": 1.5033613909798138,
      "BSMTHALFBATH": 0.1441022667195231,
      "BSMTUNFSF": 627.0734575179711,
      "ENCLOSEDPORCH": 275.9351404557091,
      "FIREPLACES": 2.0376899883628212,
      "FULLBATH": 2.411217108313126,
      "GARAGEAREA": 540.1745268046275,
      "GARAGECARS": 0.26374538762362043,
      "GARAGEYRBLT": 1931.6960159238793,
      "GRLIVAREA": 5162.122445135709,
      "HALFBATH": 0.426770707159831,
      "ID": 660.6488602919997,
      "KITCHENABVGR": 2.7936180590670654,
      "LOTAREA": 6627.065238259206,
      "LOTFRONTAGE": 196.36028389952378,
      "LOWQUALFINSF": 543.4740742366052,
      "MASVNRAREA": 368.48460643354366,
      "MISCVAL": 8501.593748158471,
      "MOSOLD": 11.000412123754044,
      "MSSUBCLASS": 42.63880577907253,
      "OPENPORCHSF": 286.30668162854994,
      "POOLAREA": 553.8024760173017,
      "SCREENPORCH": 321.12635562427863,
      "TOTALBSMTSF": 2857.969973041832,
      "TOTRMSABVGRD": 4.458189083573541,
      "WOODDECKSF": 420.58636695104735,
      "YEARREMODADD": 1972.3430813631035,
      "YRSOLD": 2007.9096046194063,
      "alley": "Pave",
      "bldgtype": "TwnhsE",
      "bsmtcond": "TA",
      "bsmtexposure": "Gd",
      "bsmtfintype1": "Rec",
      "bsmtfintype2": "BLQ",
      "bsmtqual": "Gd",
      "centralair": "N",
      "condition1": "RRAe",
      "condition2": "Norm",
      "electrical": "FuseP",
      "extercond": "Po",
      "exterior1st": "HdBoard",
      "exterior2nd": "Wd Sdng",
      "exterqual": "Ex",
      "fence": "MnWw",
      "fireplacequ": "Gd",
      "foundation": "PConc",
      "functional": "Mod",
      "garagecond": "Po",
      "garagefinish": "RFn",
      "garagequal": "Ex",
      "garagetype": "2Types",
      "heating": "OthW",
      "heatingqc": "Gd",
      "housestyle": "2Story",
      "kitchenqual": "TA",
      "landcontour": "Low",
      "landslope": "Gtl",
      "lotconfig": "CulDSac",
      "lotshape": "IR3",
      "masvnrtype": "BrkCmn",
      "miscfeature": "Unknown",
      "mszoning": "RM",
      "neighborhood": "Somerst",
      "paveddrive": "P",
      "poolqc": "Unknown",
      "roofmatl": "CompShg",
      "roofstyle": "Gable",
      "salecondition": "Alloca",
      "saletype": "New",
      "street": "Grvl",
      "utilities": "AllPub"
    },
    "3": {
      "1STFLRSF": 3495.304508816855,
      "2NDFLRSF": 2026.711952623199,
      "3SSNPORCH": 15.023577736953223,
      "BEDROOMABVGR": 7.292490881950847,
      "BSMTFINSF1": 3630.2019816469356,
      "BSMTFINSF2": 861.9627459116748,
      "BSMTFULLBATH": 1.0472230231494901,
      "BSMTHALFBATH": 0.7356512900031782,
      "BSMTUNFSF": 2014.542257680506,
      "ENCLOSEDPORCH": 349.5035848846823,
      "FIREPLACES": 0.038043818607347735,
      "FULLBATH": 1.0662058042994755,
      "GARAGEAREA": 315.4948113600468,
      "GARAGECARS": 3.277519160592268,
      "GARAGEYRBLT": 1928.6357700369135,
      "GRLIVAREA": 656.9848750347362,
      "HALFBATH": 1.4850180623804095,
      "ID": 925.6898627226045,
      "KITCHENABVGR": 0.3435689430789376,
      "LOTAREA": 10827.420300669088,
      "LOTFRONTAGE": 121.152082949427,
      "LOWQUALFINSF": 98.01439463210123,
      "MASVNRAREA": 232.92204232560874,
      "MISCVAL": 3336.9204749130135,
      "MOSOLD": 2.099891209680967,
      "MSSUBCLASS": 111.13941572992191,
      "OPENPORCHSF": 449.8372059335774,
      "POOLAREA": 720.4313567124274,
      "SCREENPORCH": 21.65978864513523,
      "TOTALBSMTSF": 2539.893449730745,
      "TOTRMSABVGRD": 3.963890549448468,
      "WOODDECKSF": 762.020920791341,
      "YEARREMODADD": 1956.4399665459737,
      "YRSOLD": 2007.5592318267545,
      "alley": "Grvl",
      "bldgtype": "TwnhsE",
      "bsmtcond": "TA",
      "bsmtexposure": "Mn",
      "bsmtfintype1": "GLQ",
      "bsmtfintype2": "Unf",
      "bsmtqual": "Unknown",
      "centralair": "N",
      "condition1": "Feedr",
      "condition2": "Artery",
      "electrical": "FuseF",
      "extercond": "Gd",
      "exterior1st": "BrkComm",