{
  "stats": {
    "submitted": 6,
    "finished": 6,
    "running": 0
  },
  "data": [
    [
      1,
      null,
      959027881,
      null,
      Infinity,
      0.002189159393310547,
      2,
      1763362050.8781874,
      1763362050.8823934,
      {}
    ],
    [
      2,
      null,
      959027881,
      null,
      Infinity,
      0.004155397415161133,
      2,
      1763362052.427751,
      1763362052.4333682,
      {}
    ],
    [
      3,
      null,
      959027881,
      null,
      Infinity,
      0.0005104541778564453,
      2,
      1763362052.4366267,
      1763362052.4384096,
      {}
    ],
    [
      4,
      null,
      959027881,
      null,
      Infinity,
      0.0006563663482666016,
      2,
      1763362052.4419217,
      1763362052.4438741,
      {}
    ],
    [
      5,
      null,
      959027881,
      null,
      Infinity,
      0.0005047321319580078,
      2,
      1763362052.4473963,
      1763362052.4493008,
      {}
    ],
    [
      6,
      null,
      959027881,
      null,
      Infinity,
      0.0005693435668945312,
      2,
      1763362052.4530647,
      1763362052.4549046,
      {}
    ]
  ],
  "configs": {
    "1": {
      "Max_depth": 10,
      "Min_impurity_decrease": 1.5,
      "Min_sample_leaves": 19,
      "N_estimators": 40,
      "criterion": "poisson"
    },
    "2": {
      "Max_depth": 5,
      "Min_impurity_decrease": 1.5,
      "Min_sample_leaves": 6,
      "N_estimators": 110,
      "criterion": "poisson"
    },
    "3": {
      "Max_depth": 6,
      "Min_impurity_decrease": 0.5,
      "Min_sample_leaves": 6,
      "N_estimators": 120,
      "criterion": "poisson"
    },
    "4": {
      "Max_depth": 8,
      "Min_impurity_decrease": 7.25,
      "Min_sample_leaves": 5,
      "N_estimators": 160,
      "criterion": "squared_error"
    },
    "5": {
      "Max_depth": 4,
      "Min_impurity_decrease": 9.5,
      "Min_sample_leaves": 18,
      "N_estimators": 150,
      "criterion": "poisson"
    },
    "6": {
      "Max_depth": 9,
      "Min_impurity_decrease": 9.0,
      "Min_sample_leaves": 10,
      "N_estimators": 160,
      "criterion": "absolute_error"
    }
  },
  "config_origins": {
    "1": "Initial Design: Sobol",
    "2": "Acquisition Function Maximizer: Local Search",
    "3": "Acquisition Function Maximizer: Local Search",
    "4": "Acquisition Function Maximizer: Local Search",
    "5": "Random Search",
    "6": "Acquisition Function Maximizer: Local Search"
  }
}