{
  "stats": {
    "submitted": 12,
    "finished": 12,
    "running": 0
  },
  "data": [
    [
      1,
      null,
      662124363,
      null,
      0.7780424205073149,
      0.0031893253326416016,
      1,
      1763460953.0585861,
      1763460953.064232,
      {}
    ],
    [
      2,
      null,
      662124363,
      null,
      0.7780424205073149,
      0.00038433074951171875,
      1,
      1763460953.0773401,
      1763460953.080163,
      {}
    ],
    [
      3,
      null,
      662124363,
      null,
      0.7780424205073149,
      0.0005657672882080078,
      1,
      1763460956.6554196,
      1763460956.6581264,
      {}
    ],
    [
      4,
      null,
      662124363,
      null,
      0.7780424205073149,
      0.0003600120544433594,
      1,
      1763460956.6660478,
      1763460956.6683528,
      {}
    ],
    [
      5,
      null,
      662124363,
      null,
      0.7780424205073149,
      0.0003516674041748047,
      1,
      1763460956.6763897,
      1763460956.678637,
      {}
    ],
    [
      6,
      null,
      662124363,
      null,
      0.7780424205073149,
      0.0003705024719238281,
      1,
      1763460956.6879334,
      1763460956.6901991,
      {}
    ],
    [
      7,
      null,
      662124363,
      null,
      0.7780424205073149,
      0.0003364086151123047,
      1,
      1763460956.7002194,
      1763460956.7027009,
      {}
    ],
    [
      8,
      null,
      662124363,
      null,
      0.7780424205073149,
      0.0004601478576660156,
      1,
      1763460956.7130108,
      1763460956.7154145,
      {}
    ],
    [
      9,
      null,
      662124363,
      null,
      0.7780424205073149,
      0.0003819465637207031,
      1,
      1763460956.726322,
      1763460956.7287743,
      {}
    ],
    [
      10,
      null,
      662124363,
      null,
      0.7780424205073149,
      0.0006659030914306641,
      1,
      1763460961.0029578,
      1763460961.0065815,
      {}
    ],
    [
      11,
      null,
      662124363,
      null,
      0.7780424205073149,
      0.0003428459167480469,
      1,
      1763460961.0189273,
      1763460961.021157,
      {}
    ],
    [
      12,
      null,
      662124363,
      null,
      0.7780424205073149,
      0.0005748271942138672,
      1,
      1763460961.0392318,
      1763460961.0434513,
      {}
    ]
  ],
  "configs": {
    "1": {
      "Age": 56.835548121482134,
      "BankruptcyHistory": 0.3235064363107085,
      "BaseInterestRate": 0.1327776144105792,
      "CheckingAccountBalance": 52164.405734527856,
      "CreditCardUtilizationRate": 0.6844715296318642,
      "CreditScore": 412.5680878655985,
      "DebtToIncomeRatio": 0.3397800102946543,
      "InterestRate": 0.4091304312940756,
      "JobTenure": 7.306887194514275,
      "LengthOfCreditHistory": 1.7422858476638794,
      "LoanApproved": 0.1730300197377801,
      "MonthlyDebtPayments": 2112.453880042769,
      "MonthlyIncome": 17721.709557808936,
      "MonthlyLoanPayment": 7760.556965878281,
      "NetWorth": 2568203.9922935367,
      "NumberOfCreditInquiries": 5.052470028400421,
      "NumberOfDependents": 2.263267943635583,
      "NumberOfOpenCreditLines": 6.73491701297462,
      "PaymentHistory": 26.674677442759275,
      "PreviousLoanDefaults": 0.6328869508579373,
      "SavingsAccountBalance": 109862.97902290523,
      "TotalAssets": 1570150.3834154336,
      "TotalDebtToIncomeRatio": 0.7904157528990252,
      "TotalLiabilities": 37739.00561371632,
      "UtilityBillsPaymentHistory": 0.9402453292413081,
      "applicationDate": 20014241.346761055,
      "educationLevel": "Bachelor",
      "employmentStatus": "Self-Employed",
      "homeOwnershipStatus": "Own",
      "loanPurpose": "Home",
      "maritalStatus": "Divorced"
    },
    "2": {
      "Age": 27.558096227539686,
      "BankruptcyHistory": 0.7400496965154048,
      "BaseInterestRate": 0.2024936704948187,
      "CheckingAccountBalance": 28070.937643347886,
      "CreditCardUtilizationRate": 0.014331068110253843,
      "CreditScore": 682.0176459888576,
      "DebtToIncomeRatio": 0.8128431733802198,
      "InterestRate": 0.12445489668450697,
      "JobTenure": 15.311189380401869,
      "LengthOfCreditHistory": 4.841860997970141,
      "LoanApproved": 0.28382835295794584,
      "MonthlyDebtPayments": 1788.8526559254801,
      "MonthlyIncome": 23675.34698125975,
      "MonthlyLoanPayment": 9302.821426692179,
      "NetWorth": 6878.995535744074,
      "NumberOfCreditInquiries": 3.64858219054205,
      "NumberOfDependents": 2.7601881663228327,
      "NumberOfOpenCreditLines": 6.309906377615226,
      "PaymentHistory": 36.42096370038362,
      "PreviousLoanDefaults": 0.1607167531255701,
      "SavingsAccountBalance": 152997.32303498118,
      "TotalAssets": 56568.2496236738,
      "TotalDebtToIncomeRatio": 0.6422845126688783,
      "TotalLiabilities": 165122.72654697637,
      "UtilityBillsPaymentHistory": 0.4885984546175742,
      "applicationDate": 20355597.86024897,
      "educationLevel": "Master",
      "employmentStatus": "Unemployed",
      "homeOwnershipStatus": "Own",
      "loanPurpose": "Auto",
      "maritalStatus": "Widowed"
    },
    "3": {
      "Age": 36.48841476531946,
      "BankruptcyHistory": 0.35598064788669215,
      "BaseInterestRate": 0.20155207637645983,
      "CheckingAccountBalance": 20972.3875248557,
      "CreditCardUtilizationRate": 0.271431267653823,
      "CreditScore": 595.2477069387604,
      "DebtToIncomeRatio": 0.4037036869246631,
      "InterestRate": 0.13869193254056397,
      "JobTenure": 11.584945749000774,
      "LengthOfCreditHistory": 7.468812891856453,
      "LoanApproved": 0.5496580355102328,
      "MonthlyDebtPayments": 1488.0339488583377,
      "MonthlyIncome": 2553.8165690215087,
      "MonthlyLoanPayment": 9726.550762360566,
      "NetWorth": 886163.2057177855,
      "NumberOfCreditInquiries": 0.11151222143919093,
      "NumberOfDependents": 1.2343971536730358,
      "NumberOfOpenCreditLines": 12.835623989482757,
      "PaymentHistory": 37.94933421590969,
      "PreviousLoanDefaults": 0.06515463844435561,
      "SavingsAccountBalance": 167178.15237144462,
      "TotalAssets": 299456.0270930579,
      "TotalDebtToIncomeRatio": 3.903327178438825,
      "TotalLiabilities": 299008.3634278983,
      "UtilityBillsPaymentHistory": 0.33271855655960836,
      "applicationDate": 19770239.703731757,
      "educationLevel": "High School",
      "employmentStatus": "Unemployed",
      "homeOwnershipStatus": "Own",
      "loanPurpose": "Debt Consolidation",
      "maritalStatus": "Married"
    },
    "4": {
      "Age": 31.576349654809633,
      "BankruptcyHistory": 0.1482703633931347,
      "BaseInterestRate": 0.17499344968806294,
      "CheckingAccountBalance": 747.7357880271096,
      "CreditCardUtilizationRate": 0.2099412589149016,
      "CreditScore": 394.79775173420217,
      "DebtToIncomeRatio": 0.2793279352179882,
      "InterestRate": 0.40376070009375165,
      "JobTenure": 15.451786226844556,
      "LengthOfCreditHistory": 27.632723068876242,
      "LoanApproved": 0.13746435659955303,
      "MonthlyDebtPayments": 2019.0217021277297,
      "MonthlyIncome": 18424.05895780658,
      "MonthlyLoanPayment": 1550.9000561525186,
      "NetWorth": 841872.2783185748,
      "NumberOfCreditInquiries": 3.876879887677823,
      "NumberOfDependents": 2.8963200952471295,
      "NumberOfOpenCreditLines": 7.158341944230873,
      "PaymentHistory": 22.6579638341934,
      "PreviousLoanDefaults": 0.40556868816844666,
      "SavingsAccountBalance": 65623.12387014774,
      "TotalAssets": 1684702.6724467664,
      "TotalDebtToIncomeRatio": 2.295275609310633,
      "TotalLiabilities": 539893.2690662614,
      "UtilityBillsPaymentHistory": 0.8666331622306117,
      "applicationDate": 20610057.80379748,
      "educationLevel": "Associate",
      "employmentStatus": "Self-Employed",
      "homeOwnershipStatus": "Own",
      "loanPurpose": "Home",
      "maritalStatus": "Divorced"
    },