{
  "DE_params": {
    "mutation_factor": 0.5,
    "crossover_prob": 0.5,
    "strategy": "rand1_bin",
    "configspace": true,
    "boundary_fix_type": "random",
    "max_age": Infinity,
    "dimensions": 35,
    "output_path": "../results/tmp/DEHB_tmp/dehb_20251208-045111_2660",
    "async_strategy": "immediate"
  },
  "HB_params": {
    "min_fidelity": 1,
    "max_fidelity": 10,
    "min_clip": null,
    "max_clip": null,
    "eta": 3
  },
  "internals": {
    "initial_configs": [
      {
        "config_id": 0,
        "config": [
          0.9142857142857143,
          0.0,
          0.5326251896813353,
          0.699468085106383,
          0.5142857142857142,
          0.42857142857142855,
          0.49846782431052095,
          0.6037463976945245,
          0.1806615776081425,
          0.24069478908188585,
          0.800982800982801,
          0.8571428571428571,
          0.6571428571428571,
          0.6615883763577374,
          0.26347854569276125,
          0.31930886882079657,
          0.6363636363636364,
          0.5298276623950509,
          0.4,
          0.4354154889768231,
          0.7222222222222222,
          0.2,
          0.2647058823529412,
          0.442393275094775,
          0.0,
          0.0,
          0.0,
          0.18818040435458788,
          0.75,
          0.17142857142857143,
          0.8,
          0.5,
          0.7142857142857143,
          0.0,
          0.0
        ],
        "results": {
          "1.1111111111111112": {
            "score": Infinity,
            "cost": -1,
            "info": {}
          }
        }
      },
      {
        "config_id": 1,
        "config": [
          0.7428571428571429,
          0.0,
          0.6798179059180577,
          0.949468085106383,
          0.9428571428571428,
          0.7142857142857143,
          0.29111338100102147,
          0.026416906820365033,
          0.9083969465648855,
          0.5843672456575683,
          0.9980343980343981,
          0.9142857142857143,
          0.2,
          0.252644942869234,
          0.1475270226007206,
          0.46092812026935326,
          0.45454545454545453,
          0.2832523199292974,
          0.7714285714285715,
          0.8456048615036744,
          0.3888888888888889,
          0.3142857142857143,
          0.47058823529411764,
          0.6784242624031647,
          0.0,
          0.0,
          0.0,
          0.37169517884914466,
          0.75,
          0.05714285714285714,
          0.8285714285714286,
          0.0,
          0.11428571428571428,
          0.0,
          0.25
        ],
        "results": {
          "1.1111111111111112": {
            "score": Infinity,
            "cost": -1,
            "info": {}
          }
        }
      },
      {
        "config_id": 2,
        "config": [
          0.6,
          0.0,
          0.637329286798179,
          0.9893617021276596,
          0.05714285714285714,
          0.02857142857142857,
          0.09448416751787539,
          0.7098943323727186,
          0.027989821882951654,
          0.9491315136476427,
          0.40343980343980346,
          0.05714285714285714,
          0.45714285714285713,
          0.339681196219495,
          0.15578119882083197,
          0.863183170642585,
          0.8181818181818182,
          0.9147149801148917,
          0.9142857142857143,
          0.8418598078010175,
          0.8888888888888888,
          0.17142857142857143,
          0.3235294117647059,
          0.8559419812098237,
          0.0,
          0.0,
          0.0,
          0.6780715396578538,
          0.0,
          0.9714285714285714,
          0.37142857142857144,
          0.0,
          0.2857142857142857,
          0.25,
          0.75
        ],
        "results": {
          "1.1111111111111112": {
            "score": Infinity,
            "cost": -1,
            "info": {}
          }
        }
      },
      {
        "config_id": 3,
        "config": [
          0.2,
          0.0,
          0.8057663125948407,
          0.031914893617021274,
          0.6857142857142857,
          0.05714285714285714,
          0.22829417773237998,
          0.8885686839577329,
          0.8549618320610687,
          0.6116625310173698,
          0.4864864864864865,
          0.5142857142857142,
          0.9142857142857143,
          0.6463535054309494,
          0.14896822797248607,
          0.5250822153781908,
          0.9090909090909091,
          0.7653557224922669,
          0.9142857142857143,
          0.5785048049745619,
          0.5555555555555556,
          0.4857142857142857,
          0.29411764705882354,
          0.043349266523817376,
          0.0,
          0.0,
          0.0,
          0.7418351477449455,
          0.5,
          0.8285714285714286,
          0.42857142857142855,
          0.0,
          0.22857142857142856,
          0.5,
          0.25
        ],
        "results": {
          "1.1111111111111112": {
            "score": Infinity,
            "cost": -1,
            "info": {}
          }
        }
      },
      {
        "config_id": 4,
        "config": [
          0.4857142857142857,
          0.0,
          0.23975720789074356,
          0.3377659574468085,
          0.45714285714285713,
          0.7714285714285715,
          0.6016343207354443,
          0.8996157540826129,
          0.9821882951653944,
          0.13027295285359802,
          0.6560196560196561,
          0.37142857142857144,
          0.0,
          0.41035406968542815,
          0.6856207009498854,
          0.969515059769275,
          0.8181818181818182,
          0.6305788775961113,
          0.8,
          0.2770633126059921,
          0.5555555555555556,
          0.02857142857142857,
          0.08823529411764706,
          0.9299489039063787,
          0.0,
          0.0,
          0.0,
          0.4556765163297045,
          0.75,
          0.6285714285714286,
          0.14285714285714285,
          0.5,
          0.7142857142857143,
          0.0,
          0.0
        ],
        "results": {
          "1.1111111111111112": {
            "score": Infinity,
            "cost": -1,
            "info": {}
          }
        }
      },
      {
        "config_id": 5,
        "config": [
          0.8,
          0.0,
          0.56752655538695,
          0.6888297872340425,
          0.02857142857142857,
          0.37142857142857144,
          0.21450459652706844,
          0.5912584053794429,
          0.5623409669211196,
          0.8573200992555832,
          0.4614250614250614,
          0.2,
          0.45714285714285713,
          0.05092396670898575,
          0.16790042581067802,
          0.267578430860782,
          0.0,
          0.5205479452054794,
          0.8285714285714286,
          0.0007066139061616733,
          0.7777777777777778,
          0.8857142857142857,
          0.5294117647058824,
          0.5833195978242953,
          0.0,
          0.0,
          0.0,
          0.30171073094867806,
          0.125,
          0.22857142857142856,
          0.6857142857142857,
          0.5,
          0.5142857142857142,
          0.25,
          0.25
        ],
        "results": {
          "1.1111111111111112": {
            "score": Infinity,
            "cost": -1,
            "info": {}
          }
        }
      },
      {
        "config_id": 6,