{
  "stats": {
    "submitted": 12,
    "finished": 12,
    "running": 0
  },
  "data": [
    [
      1,
      null,
      1498160584,
      null,
      0.8917203080598135,
      0.0029201507568359375,
      1,
      1763453483.8158479,
      1763453483.8205469,
      {}
    ],
    [
      2,
      null,
      1498160584,
      null,
      0.7813026551945553,
      0.0020058155059814453,
      1,
      1763453486.0928507,
      1763453486.0966685,
      {}
    ],
    [
      3,
      null,
      1498160584,
      null,
      0.8058480257189782,
      0.0025832653045654297,
      1,
      1763453486.1043038,
      1763453486.1084757,
      {}
    ],
    [
      4,
      null,
      1498160584,
      null,
      0.8080069282219136,
      0.0009489059448242188,
      1,
      1763453486.1152167,
      1763453486.1177387,
      {}
    ],
    [
      5,
      null,
      1498160584,
      null,
      0.8808219809673559,
      0.001741647720336914,
      1,
      1763453486.124305,
      1763453486.127616,
      {}
    ],
    [
      6,
      null,
      1498160584,
      null,
      0.7943561128665496,
      0.0008487701416015625,
      1,
      1763453486.134405,
      1763453486.1368458,
      {}
    ],
    [
      7,
      null,
      1498160584,
      null,
      0.7808922830024471,
      0.0009002685546875,
      1,
      1763453486.1437604,
      1763453486.1461995,
      {}
    ],
    [
      8,
      null,
      1498160584,
      null,
      0.7996763293151713,
      0.0010437965393066406,
      1,
      1763453486.1545587,
      1763453486.157317,
      {}
    ],
    [
      9,
      null,
      1498160584,
      null,
      0.5962711053106553,
      0.0010838508605957031,
      1,
      1763453486.1651073,
      1763453486.1677103,
      {}
    ],
    [
      10,
      null,
      1498160584,
      null,
      0.6241553257656605,
      0.0033915042877197266,
      1,
      1763453486.1842697,
      1763453486.189406,
      {}
    ],
    [
      11,
      null,
      1498160584,
      null,
      0.8262118075115955,
      0.002056121826171875,
      1,
      1763453488.4947624,
      1763453488.498611,
      {}
    ],
    [
      12,
      null,
      1498160584,
      null,
      0.5962711053106553,
      0.0005342960357666016,
      1,
      1763453488.5083718,
      1763453488.5105145,
      {}
    ]
  ],
  "configs": {
    "1": {
      "Avg_Utilization_Ratio": 0.44293175133224577,
      "CLIENTNUM": 783715589.0609914,
      "Contacts_Count_12_mon": 2.597309097647667,
      "Customer_Age": 34.21815560106188,
      "Dependent_count": 0.4814398381859064,
      "Months_Inactive_12_mon": 1.3528787903487682,
      "Months_on_book": 31.868643349967897,
      "Naive_Bayes_Classifier_Attrition_Flag_Card_Category_Contacts_Count_12_mon_Dependent_count_Education_Level_Months_Inactive_12_mon_1": 0.38445506846105404,
      "Naive_Bayes_Classifier_Attrition_Flag_Card_Category_Contacts_Count_12_mon_Dependent_count_Education_Level_Months_Inactive_12_mon_2": 0.07783663776911678,
      "Total_Amt_Chng_Q4_Q1": 1.7891272876402362,
      "Total_Relationship_Count": 2.825772672891617,
      "Total_Trans_Amt": 3674.773411585018,
      "Total_Trans_Ct": 10.158769903704524,
      "attrition_Flag": "Existing Customer",
      "card_Category": "Silver",
      "education_Level": "Uneducated",
      "gender": "F",
      "income_Category": "Less than $40K",
      "marital_Status": "Single"
    },
    "2": {
      "Avg_Utilization_Ratio": 0.9981469256550511,
      "CLIENTNUM": 717732291.8221632,
      "Contacts_Count_12_mon": 4.503638639150113,
      "Customer_Age": 52.21919160415261,
      "Dependent_count": 0.6196255938382028,
      "Months_Inactive_12_mon": 2.9773011977217347,
      "Months_on_book": 43.14405665960982,
      "Naive_Bayes_Classifier_Attrition_Flag_Card_Category_Contacts_Count_12_mon_Dependent_count_Education_Level_Months_Inactive_12_mon_1": 0.2340305018089275,
      "Naive_Bayes_Classifier_Attrition_Flag_Card_Category_Contacts_Count_12_mon_Dependent_count_Education_Level_Months_Inactive_12_mon_2": 0.5323787378429009,
      "Total_Amt_Chng_Q4_Q1": 3.196968293790739,
      "Total_Relationship_Count": 4.557721666960323,
      "Total_Trans_Amt": 18240.49595864368,
      "Total_Trans_Ct": 53.672202764409555,
      "attrition_Flag": "Existing Customer",
      "card_Category": "Blue",
      "education_Level": "Doctorate",
      "gender": "F",
      "income_Category": "$80K - $120K",
      "marital_Status": "Unknown"
    },
    "3": {
      "Avg_Utilization_Ratio": 0.9625072508105914,
      "CLIENTNUM": 776068505.0205305,
      "Contacts_Count_12_mon": 4.89119489333774,
      "Customer_Age": 62.95558893587939,
      "Dependent_count": 2.5142226349233177,
      "Months_Inactive_12_mon": 4.519072397060704,
      "Months_on_book": 48.61700960685758,
      "Naive_Bayes_Classifier_Attrition_Flag_Card_Category_Contacts_Count_12_mon_Dependent_count_Education_Level_Months_Inactive_12_mon_1": 0.1481044507963558,
      "Naive_Bayes_Classifier_Attrition_Flag_Card_Category_Contacts_Count_12_mon_Dependent_count_Education_Level_Months_Inactive_12_mon_2": 0.04678911909697805,
      "Total_Amt_Chng_Q4_Q1": 2.892126463298176,
      "Total_Relationship_Count": 5.680258159979448,
      "Total_Trans_Amt": 4535.6245522503,
      "Total_Trans_Ct": 76.58876603156072,
      "attrition_Flag": "Attrited Customer",
      "card_Category": "Gold",
      "education_Level": "Unknown",
      "gender": "F",
      "income_Category": "$60K - $80K",
      "marital_Status": "Unknown"
    },
    "4": {
      "Avg_Utilization_Ratio": 0.9918782112099378,
      "CLIENTNUM": 747536449.485265,
      "Contacts_Count_12_mon": 5.6359160178406835,
      "Customer_Age": 66.26694998744475,
      "Dependent_count": 2.939114833301742,
      "Months_Inactive_12_mon": 3.74384040574673,
      "Months_on_book": 13.838720511806704,
      "Naive_Bayes_Classifier_Attrition_Flag_Card_Category_Contacts_Count_12_mon_Dependent_count_Education_Level_Months_Inactive_12_mon_1": 0.20782660365419603,
      "Naive_Bayes_Classifier_Attrition_Flag_Card_Category_Contacts_Count_12_mon_Dependent_count_Education_Level_Months_Inactive_12_mon_2": 0.739757521489922,
      "Total_Amt_Chng_Q4_Q1": 1.2776729571056087,
      "Total_Relationship_Count": 2.0955942693417606,
      "Total_Trans_Amt": 2411.2521791635672,
      "Total_Trans_Ct": 137.47307218954182,
      "attrition_Flag": "Existing Customer",
      "card_Category": "Gold",
      "education_Level": "High School",
      "gender": "F",
      "income_Category": "$40K - $60K",
      "marital_Status": "Unknown"
    },
    "5": {
      "Avg_Utilization_Ratio": 0.3082829179072347,
      "CLIENTNUM": 746917556.7326508,
      "Contacts_Count_12_mon": 1.2431319856530525,
      "Customer_Age": 62.36677865348833,
      "Dependent_count": 0.7496104525327779,
      "Months_Inactive_12_mon": 0.4963926116230542,
      "Months_on_book": 27.695207018907368,
      "Naive_Bayes_Classifier_Attrition_Flag_Card_Category_Contacts_Count_12_mon_Dependent_count_Education_Level_Months_Inactive_12_mon_1": 0.7252486951141492,
      "Naive_Bayes_Classifier_Attrition_Flag_Card_Category_Contacts_Count_12_mon_Dependent_count_Education_Level_Months_Inactive_12_mon_2": 0.4916461800035726,
      "Total_Amt_Chng_Q4_Q1": 0.8700517757529092,
      "Total_Relationship_Count": 2.318535586613079,
      "Total_Trans_Amt": 16998.25029499081,
      "Total_Trans_Ct": 24.873148870164492,
      "attrition_Flag": "Existing Customer",
      "card_Category": "Gold",
      "education_Level": "Uneducated",
      "gender": "F",
      "income_Category": "Unknown",
      "marital_Status": "Divorced"
    },
    "6": {
      "Avg_Utilization_Ratio": 0.4484628643792761,
      "CLIENTNUM": 794181924.2342408,
      "Contacts_Count_12_mon": 4.016017239742183,
      "Customer_Age": 29.952700126840114,
      "Dependent_count": 3.119150416072594,
      "Months_Inactive_12_mon": 5.852465404319706,