{
  "incumbent_ids": [
    7
  ],
  "rejected_config_ids": [
    1,
    3,
    2,
    5,
    6,
    4,
    8,
    9
  ],
  "incumbents_changed": 4,
  "trajectory": [
    {
      "config_ids": [
        1
      ],
      "costs": [
        0.6500098120176088
      ],
      "trial": 1,
      "walltime": 2.6076836585998535
    },
    {
      "config_ids": [
        2
      ],
      "costs": [
        0.6226549230658761
      ],
      "trial": 2,
      "walltime": 70.32734203338623
    },
    {
      "config_ids": [
        4
      ],
      "costs": [
        0.5129454452279592
      ],
      "trial": 4,
      "walltime": 74.54449415206909
    },
    {
      "config_ids": [
        7
      ],
      "costs": [
        0.48624900779045555
      ],
      "trial": 7,
      "walltime": 80.82601714134216
    }
  ],
  "state": {
    "queue": []
  }
}