{
  "stats": {
    "submitted": 12,
    "finished": 12,
    "running": 0
  },
  "data": [
    [
      1,
      null,
      59886187,
      null,
      0.6922549337795579,
      0.0039844512939453125,
      1,
      1763459526.635996,
      1763459526.642289,
      {}
    ],
    [
      2,
      null,
      59886187,
      null,
      0.681963239416975,
      0.0050830841064453125,
      1,
      1763459531.5218706,
      1763459531.5465279,
      {}
    ],
    [
      3,
      null,
      59886187,
      null,
      0.7110079879634532,
      0.0036046504974365234,
      1,
      1763459531.5718,
      1763459531.5777264,
      {}
    ],
    [
      4,
      null,
      59886187,
      null,
      0.6303010861200218,
      0.003753662109375,
      1,
      1763459531.5860624,
      1763459531.6084602,
      {}
    ],
    [
      5,
      null,
      59886187,
      null,
      0.6530474548317268,
      0.015790462493896484,
      1,
      1763459531.6354818,
      1763459531.6536112,
      {}
    ],
    [
      6,
      null,
      59886187,
      null,
      0.6266477008159617,
      0.018045663833618164,
      1,
      1763459531.662952,
      1763459531.683118,
      {}
    ],
    [
      7,
      null,
      59886187,
      null,
      0.7260942782949,
      0.019753456115722656,
      1,
      1763459531.6943278,
      1763459531.7165773,
      {}
    ],
    [
      8,
      null,
      59886187,
      null,
      0.637266559220226,
      0.01689004898071289,
      1,
      1763459531.7277954,
      1763459531.7479632,
      {}
    ],
    [
      9,
      null,
      59886187,
      null,
      0.6497771513544552,
      0.009242057800292969,
      1,
      1763459531.7767093,
      1763459531.7885833,
      {}
    ],
    [
      10,
      null,
      59886187,
      null,
      0.7397356099811387,
      0.13605237007141113,
      1,
      1763459535.6239285,
      1763459535.7622378,
      {}
    ],
    [
      11,
      null,
      59886187,
      null,
      0.7890516992862605,
      0.08597087860107422,
      1,
      1763459535.7755408,
      1763459535.86383,
      {}
    ],
    [
      12,
      null,
      59886187,
      null,
      0.5228290857481944,
      0.08862423896789551,
      1,
      1763459535.876863,
      1763459535.9676948,
      {}
    ]
  ],
  "configs": {
    "1": {
      "Age": 19.81003020517528,
      "BankruptcyHistory": 0.6576717989519238,
      "BaseInterestRate": 0.20256521487349272,
      "CheckingAccountBalance": 42862.7185106948,
      "CreditCardUtilizationRate": 0.22052902137728153,
      "CreditScore": 373.88232300430536,
      "DebtToIncomeRatio": 0.7523646700884895,
      "InterestRate": 0.15873081495642308,
      "JobTenure": 4.299729406833649,
      "LengthOfCreditHistory": 19.619540628045797,
      "LoanApproved": 0.702241132967174,
      "MonthlyDebtPayments": 149.86168200988322,
      "MonthlyIncome": 13436.670786468312,
      "MonthlyLoanPayment": 6097.569018916949,
      "NetWorth": 2218164.9985311925,
      "NumberOfCreditInquiries": 4.005853253416717,
      "NumberOfDependents": 0.045936484821140766,
      "NumberOfOpenCreditLines": 2.8202778808772564,
      "PaymentHistory": 32.89632025081664,
      "PreviousLoanDefaults": 0.3373857317492366,
      "SavingsAccountBalance": 193960.63372659683,
      "TotalAssets": 360344.92002353445,
      "TotalDebtToIncomeRatio": 3.7174563288846705,
      "TotalLiabilities": 1002741.4515478425,
      "UtilityBillsPaymentHistory": 0.47758614316487724,
      "applicationDate": 20583192.85777018,
      "educationLevel": "Associate",
      "employmentStatus": "Unemployed",
      "homeOwnershipStatus": "Rent",
      "loanPurpose": "Debt Consolidation",
      "maritalStatus": "Divorced"
    },
    "2": {
      "Age": 79.9845608166182,
      "BankruptcyHistory": 0.5938223473467943,
      "BaseInterestRate": 0.17227407826127478,
      "CheckingAccountBalance": 49725.89363525434,
      "CreditCardUtilizationRate": 0.8583031461736487,
      "CreditScore": 692.8271234633805,
      "DebtToIncomeRatio": 0.2679935217678212,
      "InterestRate": 0.37304403040771944,
      "JobTenure": 4.627330883785222,
      "LengthOfCreditHistory": 5.367897569855517,
      "LoanApproved": 0.06443175456878159,
      "MonthlyDebtPayments": 1297.6597739779088,
      "MonthlyIncome": 5363.339095606332,
      "MonthlyLoanPayment": 4126.616262230926,
      "NetWorth": 525793.0389657095,
      "NumberOfCreditInquiries": 0.9132404578271852,
      "NumberOfDependents": 1.9751168933025203,
      "NumberOfOpenCreditLines": 9.671526680701724,
      "PaymentHistory": 21.628445745773114,
      "PreviousLoanDefaults": 0.531423182685112,
      "SavingsAccountBalance": 148298.0536374281,
      "TotalAssets": 2354151.6905488726,
      "TotalDebtToIncomeRatio": 1.0436433393245272,
      "TotalLiabilities": 1330216.8584889516,
      "UtilityBillsPaymentHistory": 0.8820122212677799,
      "applicationDate": 20341435.4790427,
      "educationLevel": "Bachelor",
      "employmentStatus": "Unemployed",
      "homeOwnershipStatus": "Rent",
      "loanPurpose": "Auto",
      "maritalStatus": "Single"
    },
    "3": {
      "Age": 31.44023104416549,
      "BankruptcyHistory": 0.3003486056460949,
      "BaseInterestRate": 0.37430934418295614,
      "CheckingAccountBalance": 24721.728562754182,
      "CreditCardUtilizationRate": 0.42604747990388625,
      "CreditScore": 535.4698229537139,
      "DebtToIncomeRatio": 0.23919030178452638,
      "InterestRate": 0.17423216752869014,
      "JobTenure": 0.1863891865946148,
      "LengthOfCreditHistory": 25.78254551083115,
      "LoanApproved": 0.3048146698946822,
      "MonthlyDebtPayments": 2298.112399434765,
      "MonthlyIncome": 17705.393468121314,
      "MonthlyLoanPayment": 9302.811209813057,
      "NetWorth": 1837298.8151886382,
      "NumberOfCreditInquiries": 6.781696089004714,
      "NumberOfDependents": 0.1504298124406095,
      "NumberOfOpenCreditLines": 6.614403261470876,
      "PaymentHistory": 9.75410508308898,
      "PreviousLoanDefaults": 0.47172268695406516,
      "SavingsAccountBalance": 786.9191000840091,
      "TotalAssets": 214447.11688468442,
      "TotalDebtToIncomeRatio": 4.434572068084841,
      "TotalLiabilities": 1277902.3464270346,
      "UtilityBillsPaymentHistory": 0.4458217764148963,
      "applicationDate": 20643607.572299223,
      "educationLevel": "Associate",
      "employmentStatus": "Self-Employed",
      "homeOwnershipStatus": "Rent",
      "loanPurpose": "Education",
      "maritalStatus": "Widowed"
    },
    "4": {
      "Age": 74.23635672656727,
      "BankruptcyHistory": 0.35856572847886514,
      "BaseInterestRate": 0.38592243266097026,
      "CheckingAccountBalance": 20168.361339620304,
      "CreditCardUtilizationRate": 0.023271329893983582,
      "CreditScore": 521.5884807289776,
      "DebtToIncomeRatio": 0.3462645338786794,
      "InterestRate": 0.3776391994384924,
      "JobTenure": 4.872351010540747,
      "LengthOfCreditHistory": 23.797209456017548,
      "LoanApproved": 0.3594622511649399,
      "MonthlyDebtPayments": 1403.9577832188072,
      "MonthlyIncome": 14121.08823959118,
      "MonthlyLoanPayment": 4413.786121386755,
      "NetWorth": 2005800.1384806228,
      "NumberOfCreditInquiries": 1.2085745887585013,
      "NumberOfDependents": 1.2819484357072919,
      "NumberOfOpenCreditLines": 1.1345570993092648,
      "PaymentHistory": 30.072389832454654,
      "PreviousLoanDefaults": 0.733394246046566,
      "SavingsAccountBalance": 120319.21703501997,
      "TotalAssets": 2421942.672037036,
      "TotalDebtToIncomeRatio": 4.54543552443159,
      "TotalLiabilities": 90123.84301637817,
      "UtilityBillsPaymentHistory": 0.9290373277254986,
      "applicationDate": 19990166.410079807,
      "educationLevel": "Associate",
      "employmentStatus": "Self-Employed",
      "homeOwnershipStatus": "Other",
      "loanPurpose": "Home",
      "maritalStatus": "Widowed"
    },
    "5": {
      "Age": 18.765800682868957,