{
  "stats": {
    "submitted": 24,
    "finished": 24,
    "running": 0
  },
  "data": [
    [
      1,
      null,
      645852458,
      null,
      0.27325585314928924,
      0.0009527206420898438,
      1,
      1763450126.8499398,
      1763450126.8521695,
      {}
    ],
    [
      2,
      null,
      645852458,
      null,
      0.3058463563479702,
      0.000705718994140625,
      1,
      1763450126.8554387,
      1763450126.8571954,
      {}
    ],
    [
      3,
      null,
      645852458,
      null,
      0.44448982403240755,
      0.0013239383697509766,
      1,
      1763450128.0857875,
      1763450128.0884564,
      {}
    ],
    [
      4,
      null,
      645852458,
      null,
      0.5168911925747874,
      0.0007205009460449219,
      1,
      1763450128.0928,
      1763450128.0946093,
      {}
    ],
    [
      5,
      null,
      645852458,
      null,
      0.297693983208303,
      0.0009338855743408203,
      1,
      1763450128.098773,
      1763450128.1008267,
      {}
    ],
    [
      6,
      null,
      645852458,
      null,
      0.35127811542104415,
      0.0009133815765380859,
      1,
      1763450128.1054397,
      1763450128.1074405,
      {}
    ],
    [
      7,
      null,
      645852458,
      null,
      0.37059470779848036,
      0.0009410381317138672,
      1,
      1763450128.112469,
      1763450128.114625,
      {}
    ],
    [
      8,
      null,
      645852458,
      null,
      0.3643248714354308,
      0.0010480880737304688,
      1,
      1763450128.119789,
      1763450128.1219895,
      {}
    ],
    [
      9,
      null,
      645852458,
      null,
      0.347693237074854,
      0.0012824535369873047,
      1,
      1763450128.1271765,
      1763450128.1297317,
      {}
    ],
    [
      10,
      null,
      645852458,
      null,
      0.27325585314928924,
      0.0005350112915039062,
      1,
      1763450128.1356943,
      1763450128.1374092,
      {}
    ],
    [
      11,
      null,
      645852458,
      null,
      0.3483813761923783,
      0.0011553764343261719,
      1,
      1763450129.5099938,
      1763450129.5123253,
      {}
    ],
    [
      12,
      null,
      645852458,
      null,
      0.42839669679228276,
      0.0007944107055664062,
      1,
      1763450129.5183024,
      1763450129.5202298,
      {}
    ],
    [
      13,
      null,
      645852458,
      null,
      0.27325585314928924,
      0.00040078163146972656,
      1,
      1763450129.5261834,
      1763450129.5276551,
      {}
    ],
    [
      14,
      null,
      645852458,
      null,
      0.27325585314928924,
      0.00032806396484375,
      1,
      1763450129.5336132,
      1763450129.534958,
      {}
    ],
    [
      15,
      null,
      645852458,
      null,
      0.2084718714323407,
      0.0006761550903320312,
      1,
      1763450129.5410492,
      1763450129.5427895,
      {}
    ],
    [
      16,
      null,
      645852458,
      null,
      0.38261046990294345,
      0.0008368492126464844,
      1,
      1763450129.5498753,
      1763450129.5518117,
      {}
    ],
    [
      17,
      null,
      645852458,
      null,
      0.19362196915099994,
      0.0006330013275146484,
      1,
      1763450129.559391,
      1763450129.5610738,
      {}
    ],
    [
      18,
      null,
      645852458,
      null,
      0.27891274475101113,
      0.0006475448608398438,
      1,
      1763450129.568462,
      1763450129.5701427,
      {}
    ],
    [
      19,
      null,
      645852458,
      null,
      0.4221892580674189,
      0.0015187263488769531,
      1,
      1763450131.068574,
      1763450131.0712686,
      {}
    ],
    [
      20,
      null,
      645852458,
      null,
      0.31513279522831183,
      0.0006124973297119141,
      1,
      1763450131.0787456,
      1763450131.0804145,
      {}
    ],
    [
      21,
      null,
      645852458,
      null,
      0.409682906186412,
      0.0006222724914550781,
      1,
      1763450131.0878592,
      1763450131.0895045,
      {}
    ],
    [
      22,
      null,
      645852458,
      null,
      0.21562235336736124,
      0.0006520748138427734,
      1,
      1763450131.097058,
      1763450131.0987284,
      {}
    ],
    [
      23,
      null,
      645852458,
      null,
      0.2500344131681229,
      0.0006914138793945312,
      1,
      1763450131.1064022,
      1763450131.108139,
      {}
    ],
    [
      24,
      null,
      645852458,
      null,
      0.5155528218969172,
      0.0007796287536621094,
      1,
      1763450131.1159773,
      1763450131.1178029,
      {}
    ]
  ],
  "configs": {
    "1": {
      "Criticality": 0.5495768066451948,
      "Criticality Modifier": 0.042621316350885265,
      "Culture": 0.01881992929615167,
      "Dynamism": 0.39835948553979383,
      "Initial Known": 0.36094710461445806,
      "Inter-Dependency": 0.8468762417437454,
      "Plan": 0.8777296482887422,
      "Size": 0.8018391763283684,
      "Team Size": 0.5339225959951557
    },
    "2": {
      "Criticality": 0.2907679752337978,
      "Criticality Modifier": 0.7223453010664671,
      "Culture": 0.9951131049767893,
      "Dynamism": 0.8894172339859407,
      "Initial Known": 0.6002233568209303,
      "Inter-Dependency": 0.3388163813659871,
      "Plan": 0.26422972968270625,
      "Size": 0.01296173785014313,
      "Team Size": 0.17610740967171679
    },
    "3": {
      "Criticality": 0.9909374871690705,
      "Criticality Modifier": 0.01713297916015875,
      "Culture": 0.925140616848966,
      "Dynamism": 0.14458741489145308,
      "Initial Known": 0.28661677383878487,
      "Inter-Dependency": 0.2860886437205136,
      "Plan": 0.8138362647334672,
      "Size": 0.02588512664324642,
      "Team Size": 0.6693520138673221
    },
    "4": {
      "Criticality": 0.9962917450310801,
      "Criticality Modifier": 0.04791398413371466,
      "Culture": 0.8989508009911215,
      "Dynamism": 0.8646609664775952,
      "Initial Known": 0.18334103125895657,
      "Inter-Dependency": 0.7655096570929166,
      "Plan": 0.8408002140225953,
      "Size": 0.4211478908782472,
      "Team Size": 0.3562384383998023
    },
    "5": {
      "Criticality": 0.9988183361656578,
      "Criticality Modifier": 0.00458049963509686,
      "Culture": 0.3958418344916382,
      "Dynamism": 0.0314587291186179,
      "Initial Known": 0.3005843284688671,
      "Inter-Dependency": 0.7521191918699411,
      "Plan": 0.9508661158325566,
      "Size": 0.5200972112886975,
      "Team Size": 0.5910651091108083
    },
    "6": {
      "Criticality": 0.9459332847170484,
      "Criticality Modifier": 0.9745060080171518,
      "Culture": 0.3311049224680003,
      "Dynamism": 0.3402860658003062,
      "Initial Known": 0.37433538666243493,
      "Inter-Dependency": 0.5328786433833459,
      "Plan": 0.13412374945141137,
      "Size": 0.9190236324517643,
      "Team Size": 0.6410417566885304
    },
    "7": {
      "Criticality": 0.9825214966575339,
      "Criticality Modifier": 0.03516229119765161,
      "Culture": 0.7345628957330669,
      "Dynamism": 0.6962836051865631,
      "Initial Known": 0.9063360958012664,
      "Inter-Dependency": 0.03942857970193635,
      "Plan": 0.9134336259101613,
      "Size": 0.8931297539945161,
      "Team Size": 0.7160571365277355
    },
    "8": {
      "Criticality": 0.9946703191999358,
      "Criticality Modifier": 0.06621159237067169,
      "Culture": 0.021228580693728905,
      "Dynamism": 0.5311499526222321,
      "Initial Known": 0.32358846285591136,
      "Inter-Dependency": 0.2719303937224195,
      "Plan": 0.8035304409730951,
      "Size": 0.7954970748386218,
      "Team Size": 0.5336629841811009
    },
    "9": {
      "Criticality": 0.9751693821778127,
      "Criticality Modifier": 0.054777433393313035,
      "Culture": 0.4070877919958512,
      "Dynamism": 0.3801548830107007,
      "Initial Known": 0.3271939691439358,
      "Inter-Dependency": 0.7622431874352298,
      "Plan": 0.9934338884576817,