{
  "incumbent_ids": [
    5
  ],
  "rejected_config_ids": [
    2,
    3,
    4,
    1,
    6,
    7,
    8,
    9
  ],
  "incumbents_changed": 2,
  "trajectory": [
    {
      "config_ids": [
        1
      ],
      "costs": [
        0.05527451282095197
      ],
      "trial": 1,
      "walltime": 0.06562662124633789
    },
    {
      "config_ids": [
        5
      ],
      "costs": [
        0.009498673597198248
      ],
      "trial": 5,
      "walltime": 179.8520703315735
    }
  ],
  "state": {
    "queue": []
  }
}