{
  "incumbent_ids": [
    4
  ],
  "rejected_config_ids": [
    2,
    3,
    1,
    5,
    6,
    7,
    8,
    9
  ],
  "incumbents_changed": 2,
  "trajectory": [
    {
      "config_ids": [
        1
      ],
      "costs": [
        0.8591820802462365
      ],
      "trial": 1,
      "walltime": 2.224442481994629
    },
    {
      "config_ids": [
        4
      ],
      "costs": [
        0.8588476659699612
      ],
      "trial": 4,
      "walltime": 71.11450171470642
    }
  ],
  "state": {
    "queue": []
  }
}