{
  "stats": {
    "submitted": 20,
    "finished": 20,
    "running": 0
  },
  "data": [
    [
      1,
      null,
      1687321482,
      null,
      0.5352652386804555,
      0.28849101066589355,
      1,
      1763062918.297562,
      1763062918.5923967,
      {}
    ],
    [
      2,
      null,
      1687321482,
      null,
      0.4545626677752048,
      0.26555943489074707,
      1,
      1763062918.5986927,
      1763062918.8705125,
      {}
    ],
    [
      3,
      null,
      1687321482,
      null,
      0.516015687115336,
      0.3114912509918213,
      1,
      1763062918.8739822,
      1763062919.1920614,
      {}
    ],
    [
      4,
      null,
      1687321482,
      null,
      0.39598577465334617,
      0.34352636337280273,
      1,
      1763062919.194895,
      1763062919.545861,
      {}
    ],
    [
      5,
      null,
      1687321482,
      null,
      0.45077185612257265,
      0.30301380157470703,
      1,
      1763062919.5497162,
      1763062919.8588128,
      {}
    ],
    [
      6,
      null,
      1687321482,
      null,
      0.4379889490919002,
      0.29376912117004395,
      1,
      1763062919.8619573,
      1763062920.1631544,
      {}
    ],
    [
      7,
      null,
      1687321482,
      null,
      0.4379889490919002,
      0.2806432247161865,
      1,
      1763062920.166367,
      1763062920.4544961,
      {}
    ],
    [
      8,
      null,
      1687321482,
      null,
      0.2902763425248186,
      0.2769334316253662,
      1,
      1763062920.4577475,
      1763062920.740666,
      {}
    ],
    [
      9,
      null,
      1687321482,
      null,
      0.32653823502755586,
      0.27002549171447754,
      1,
      1763062920.7445164,
      1763062921.0206006,
      {}
    ],
    [
      10,
      null,
      1687321482,
      null,
      0.5723407765457931,
      0.27388954162597656,
      1,
      1763062921.0239675,
      1763062921.3039458,
      {}
    ],
    [
      11,
      null,
      1687321482,
      null,
      0.3776288525733408,
      0.27194976806640625,
      1,
      1763062921.3075154,
      1763062921.5856621,
      {}
    ],
    [
      12,
      null,
      1687321482,
      null,
      0.3999999999999999,
      0.273561954498291,
      1,
      1763062921.5895576,
      1763062921.8691874,
      {}
    ],
    [
      13,
      null,
      1687321482,
      null,
      0.356843492453637,
      0.28685832023620605,
      1,
      1763062921.8740413,
      1763062922.1675632,
      {}
    ],
    [
      14,
      null,
      1687321482,
      null,
      0.43541451378722784,
      0.2757284641265869,
      1,
      1763062922.1711612,
      1763062922.4527009,
      {}
    ],
    [
      15,
      null,
      1687321482,
      null,
      0.4438934783462618,
      0.2806408405303955,
      1,
      1763062922.4563844,
      1763062922.744113,
      {}
    ],
    [
      16,
      null,
      1687321482,
      null,
      0.44014521541292206,
      0.2828984260559082,
      1,
      1763062922.7478468,
      1763062923.0371773,
      {}
    ],
    [
      17,
      null,
      1687321482,
      null,
      0.45077185612257265,
      0.26950502395629883,
      1,
      1763062923.041257,
      1763062923.316751,
      {}
    ],
    [
      18,
      null,
      1687321482,
      null,
      0.43541451378722784,
      0.265535831451416,
      1,
      1763062923.3205733,
      1763062923.59193,
      {}
    ],
    [
      19,
      null,
      1687321482,
      null,
      0.3635785322491223,
      0.2600224018096924,
      1,
      1763062923.596207,
      1763062923.8622456,
      {}
    ],
    [
      20,
      null,
      1687321482,
      null,
      0.4330981003156691,
      0.25307703018188477,
      1,
      1763062923.8665457,
      1763062924.1255853,
      {}
    ]
  ],
  "configs": {
    "1": {
      "row_id": "1322"
    },
    "2": {
      "row_id": "394"
    },
    "3": {
      "row_id": "557"
    },
    "4": {
      "row_id": "1134"
    },
    "5": {
      "row_id": "822"
    },
    "6": {
      "row_id": "694"
    },
    "7": {
      "row_id": "57"
    },
    "8": {
      "row_id": "1434"
    },
    "9": {
      "row_id": "1532"
    },
    "10": {
      "row_id": "161"
    },
    "11": {
      "row_id": "799"
    },
    "12": {
      "row_id": "921"
    },
    "13": {
      "row_id": "1033"
    },
    "14": {
      "row_id": "461"
    },
    "15": {
      "row_id": "299"
    },
    "16": {
      "row_id": "1220"
    },
    "17": {
      "row_id": "1262"
    },
    "18": {
      "row_id": "240"
    },
    "19": {
      "row_id": "403"
    },
    "20": {
      "row_id": "1074"
    }
  },
  "config_origins": {
    "1": "Initial Design: Sobol",
    "2": "Initial Design: Sobol",
    "3": "Initial Design: Sobol",
    "4": "Initial Design: Sobol",
    "5": "Initial Design: Sobol",
    "6": "Initial Design: Sobol",
    "7": "Initial Design: Sobol",
    "8": "Initial Design: Sobol",
    "9": "Initial Design: Sobol",
    "10": "Initial Design: Sobol",
    "11": "Initial Design: Sobol",
    "12": "Initial Design: Sobol",
    "13": "Initial Design: Sobol",
    "14": "Initial Design: Sobol",
    "15": "Initial Design: Sobol",
    "16": "Initial Design: Sobol",
    "17": "Initial Design: Sobol",
    "18": "Initial Design: Sobol",
    "19": "Initial Design: Sobol",
    "20": "Initial Design: Sobol"
  }
}