{
  "incumbent_ids": [
    2
  ],
  "rejected_config_ids": [
    1
  ],
  "incumbents_changed": 2,
  "trajectory": [
    {
      "config_ids": [
        1
      ],
      "costs": [
        0.35031684728417545
      ],
      "trial": 1,
      "walltime": 0.3001396656036377
    },
    {
      "config_ids": [
        2
      ],
      "costs": [
        0.2929143502255349
      ],
      "trial": 2,
      "walltime": 0.6468021869659424
    }
  ],
  "state": {
    "queue": []
  }
}