{
  "incumbent_ids": [
    3
  ],
  "rejected_config_ids": [
    1,
    2,
    4,
    5,
    6
  ],
  "incumbents_changed": 3,
  "trajectory": [
    {
      "config_ids": [
        1
      ],
      "costs": [
        0.33060157934834433
      ],
      "trial": 1,
      "walltime": 0.015287160873413086
    },
    {
      "config_ids": [
        2
      ],
      "costs": [
        0.26182069735190006
      ],
      "trial": 2,
      "walltime": 4.225905895233154
    },
    {
      "config_ids": [
        3
      ],
      "costs": [
        0.19243650439048576
      ],
      "trial": 3,
      "walltime": 4.252122163772583
    }
  ],
  "state": {
    "queue": [
      [
        6,
        1
      ]
    ]
  }
}