{
  "incumbent_ids": [
    4
  ],
  "rejected_config_ids": [
    1,
    3,
    2,
    5
  ],
  "incumbents_changed": 3,
  "trajectory": [
    {
      "config_ids": [
        1
      ],
      "costs": [
        0.4178222061478378
      ],
      "trial": 1,
      "walltime": 1.7705836296081543
    },
    {
      "config_ids": [
        2
      ],
      "costs": [
        0.1672236464079775
      ],
      "trial": 2,
      "walltime": 3.765899419784546
    },
    {
      "config_ids": [
        4
      ],
      "costs": [
        0.12919940744898328
      ],
      "trial": 4,
      "walltime": 99.77149724960327
    }
  ],
  "state": {
    "queue": [
      [
        5,
        1
      ]
    ]
  }
}