{
  "stats": {
    "submitted": 6,
    "finished": 6,
    "running": 0
  },
  "data": [
    [
      1,
      null,
      2005877882,
      null,
      0.16154896123828189,
      0.004843235015869141,
      1,
      1763365694.1480813,
      1763365694.1564314,
      {}
    ],
    [
      2,
      null,
      2005877882,
      null,
      0.2092565134445592,
      0.0040743350982666016,
      1,
      1763365698.8899596,
      1763365698.8963945,
      {}
    ],
    [
      3,
      null,
      2005877882,
      null,
      0.3033789425322435,
      0.004499197006225586,
      1,
      1763365698.9064887,
      1763365698.9137468,
      {}
    ],
    [
      4,
      null,
      2005877882,
      null,
      0.13717607761239026,
      0.004727840423583984,
      1,
      1763365698.924954,
      1763365698.9325342,
      {}
    ],
    [
      5,
      null,
      2005877882,
      null,
      0.33997333935137797,
      0.004065275192260742,
      1,
      1763365698.9478073,
      1763365698.9548178,
      {}
    ],
    [
      6,
      null,
      2005877882,
      null,
      0.14839811883130838,
      0.0040209293365478516,
      1,
      1763365698.9673588,
      1763365698.9738257,
      {}
    ]
  ],
  "configs": {
    "1": {
      " ACAP": 3.227838294580579,
      " AEXP": 4.374965180096217,
      " CPLx": 1.1393639873713255,
      " DOCU": 2.3404158912599087,
      " ETAT": 2.084198567904532,
      " FLEx": 3.1176093965768814,
      " KLOC": 129.72626345399394,
      " LTEx": 2.3194605412026865,
      " PCAP": 4.382991909980774,
      " PCON": 4.532510973513126,
      " PLEx": 3.284417798742652,
      " PMAT": 2.1884039286524057,
      " PREC": 4.4563723629564045,
      " PVOL": 2.6778578973999245,
      " RELY": 2.68344077204261,
      " RESL": 4.703458785782567,
      " RUSE": 2.2913729824144395,
      " SCED": 3.0,
      " SITE": 2.1744305584579706,
      " STOR": 3.3215409331023693,
      " TEAM": 3.4797707400107756,
      " TIME": 3.712997586466372,
      " TOOL": 2.0,
      "DATA": 2.642185858531855
    },
    "2": {
      " ACAP": 4.997406636378511,
      " AEXP": 3.2083396289280905,
      " CPLx": 3.6755276330378845,
      " DOCU": 1.6370149948191477,
      " ETAT": 3.785815710904095,
      " FLEx": 4.562211830834057,
      " KLOC": 64.69378723600126,
      " LTEx": 2.3807425065595686,
      " PCAP": 4.19796508450924,
      " PCON": 1.0879077034029496,
      " PLEx": 1.559782985344394,
      " PMAT": 2.2177377079242175,
      " PREC": 4.809211931372419,
      " PVOL": 3.018595367439719,
      " RELY": 2.4815934472306163,
      " RESL": 3.651431575398685,
      " RUSE": 3.8820686741983255,
      " SCED": 3.0,
      " SITE": 5.124473366328259,
      " STOR": 3.638840975949797,
      " TEAM": 1.7395970407517778,
      " TIME": 3.694116967322617,
      " TOOL": 2.0,
      "DATA": 4.251142860347677
    },
    "3": {
      " ACAP": 4.928188401528207,
      " AEXP": 4.011038643998333,
      " CPLx": 3.5373211997333383,
      " DOCU": 3.2560412135485945,
      " ETAT": 4.569014307688955,
      " FLEx": 4.068683171154993,
      " KLOC": 382.9259387571697,
      " LTEx": 2.9809047685519667,
      " PCAP": 4.66157593023679,
      " PCON": 1.7701776987109241,
      " PLEx": 1.4573825198106642,
      " PMAT": 2.659895608957371,
      " PREC": 4.546822942902793,
      " PVOL": 4.119933042655214,
      " RELY": 3.483225842808247,
      " RESL": 3.688803630176006,
      " RUSE": 2.8553976760641127,
      " SCED": 3.0,
      " SITE": 2.8112585059014146,
      " STOR": 3.0996817587438517,
      " TEAM": 2.642100925417231,
      " TIME": 3.829246443193353,
      " TOOL": 2.0,
      "DATA": 4.485605003810761
    },
    "4": {
      " ACAP": 3.153135929199048,
      " AEXP": 3.2601550884691504,
      " CPLx": 2.615615032488285,
      " DOCU": 4.49347343635526,
      " ETAT": 4.201739888510647,
      " FLEx": 2.4533269952468157,
      " KLOC": 121.26910431735668,
      " LTEx": 2.229728266988606,
      " PCAP": 4.358666940429806,
      " PCON": 2.9517613647600394,
      " PLEx": 3.112936931401179,
      " PMAT": 2.5461279491806765,
      " PREC": 4.153862077259784,
      " PVOL": 2.0931542922749413,
      " RELY": 2.139857070617313,
      " RESL": 2.3959274721439803,
      " RUSE": 3.285646720299723,
      " SCED": 3.0,
      " SITE": 3.123060891678619,
      " STOR": 3.748966421196328,
      " TEAM": 1.418930656216414,
      " TIME": 3.910085763885275,
      " TOOL": 2.0,
      "DATA": 3.818207429422959
    },
    "5": {
      " ACAP": 4.950271459750555,
      " AEXP": 3.6863848319810364,
      " CPLx": 2.478270285648545,
      " DOCU": 1.7226694069722548,
      " ETAT": 3.7501925064661608,
      " FLEx": 3.317729195075853,
      " KLOC": 386.9162278652943,
      " LTEx": 1.6129829975321148,
      " PCAP": 3.764188887907541,
      " PCON": 3.7213344347759714,
      " PLEx": 3.2694644535180752,
      " PMAT": 2.897428200960516,
      " PREC": 3.0632172828711806,
      " PVOL": 2.0953533954766597,
      " RELY": 2.2131728265895916,
      " RESL": 3.3792157185225973,
      " RUSE": 5.486254671590865,
      " SCED": 3.0,
      " SITE": 3.81034777692473,
      " STOR": 3.1578465766701482,
      " TEAM": 4.654360720487146,
      " TIME": 3.9371448372242157,
      " TOOL": 2.0,
      "DATA": 3.7939801467742917
    },
    "6": {
      " ACAP": 3.525969558631669,
      " AEXP": 4.679927786172581,
      " CPLx": 2.2541065788132055,
      " DOCU": 4.670185315357704,
      " ETAT": 3.4638497254478926,
      " FLEx": 2.8572744744301297,
      " KLOC": 221.73550804474306,
      " LTEx": 2.0336337402704494,
      " PCAP": 3.868414409893889,
      " PCON": 2.9024285992415213,
      " PLEx": 3.3618157012611465,
      " PMAT": 2.705407814725519,
      " PREC": 1.6664215772009487,
      " PVOL": 3.4568912218811816,
      " RELY": 3.920317014323726,
      " RESL": 1.2798925763054816,
      " RUSE": 2.62377321235447,
      " SCED": 3.0,
      " SITE": 3.8694010215555537,
      " STOR": 3.915761294259373,
      " TEAM": 4.632047410505335,
      " TIME": 3.6491222899466322,
      " TOOL": 2.0,
      "DATA": 2.745254932991231
    }
  },
  "config_origins": {
    "1": "Initial Design: Sobol",
    "2": "Acquisition Function Maximizer: Local Search",
    "3": "Acquisition Function Maximizer: Local Search",
    "4": "Acquisition Function Maximizer: Local Search",
    "5": "Acquisition Function Maximizer: Local Search",
    "6": "Acquisition Function Maximizer: Local Search"
  }
}