{
  "incumbent_ids": [
    5
  ],
  "rejected_config_ids": [
    1,
    3,
    4,
    2
  ],
  "incumbents_changed": 3,
  "trajectory": [
    {
      "config_ids": [
        1
      ],
      "costs": [
        0.22676556378763768
      ],
      "trial": 1,
      "walltime": 1.8201091289520264
    },
    {
      "config_ids": [
        2
      ],
      "costs": [
        0.15557333920644933
      ],
      "trial": 2,
      "walltime": 77.47935461997986
    },
    {
      "config_ids": [
        5
      ],
      "costs": [
        0.12210919790556607
      ],
      "trial": 5,
      "walltime": 82.06013941764832
    }
  ],
  "state": {
    "queue": [
      [
        5,
        1
      ]
    ]
  }
}