{
  "incumbent_ids": [
    6
  ],
  "rejected_config_ids": [
    2,
    1,
    4,
    5,
    3,
    7,
    8,
    9,
    10,
    11
  ],
  "incumbents_changed": 3,
  "trajectory": [
    {
      "config_ids": [
        1
      ],
      "costs": [
        0.45382663094968345
      ],
      "trial": 1,
      "walltime": 0.08458328247070312
    },
    {
      "config_ids": [
        3
      ],
      "costs": [
        0.45021922311446794
      ],
      "trial": 3,
      "walltime": 1.303056240081787
    },
    {
      "config_ids": [
        6
      ],
      "costs": [
        0.4426252477282385
      ],
      "trial": 6,
      "walltime": 1.485013484954834
    }
  ],
  "state": {
    "queue": [
      [
        11,
        1
      ]
    ]
  }
}