{
  "DE_params": {
    "mutation_factor": 0.5,
    "crossover_prob": 0.5,
    "strategy": "rand1_bin",
    "configspace": true,
    "boundary_fix_type": "random",
    "max_age": Infinity,
    "dimensions": 17,
    "output_path": "../results/tmp/DEHB_tmp/dehb_20251208-050254_213a",
    "async_strategy": "immediate"
  },
  "HB_params": {
    "min_fidelity": 1,
    "max_fidelity": 10,
    "min_clip": null,
    "max_clip": null,
    "eta": 3
  },
  "internals": {
    "initial_configs": [
      {
        "config_id": 0,
        "config": [
          0.6756756756756757,
          0.6030927835051546,
          0.12,
          0.5679214402618658,
          0.05405405405405406,
          0.7708737864077669,
          0.47619047619047616,
          0.5576923076923077,
          0.8256880733944955,
          0.45454545454545453,
          0.2,
          0.5588752196836555,
          0.4263565891472868,
          0.0,
          0.5,
          0.0,
          0.5
        ],
        "results": {
          "1.1111111111111112": {
            "score": Infinity,
            "cost": -1,
            "info": {}
          }
        }
      },
      {
        "config_id": 1,
        "config": [
          0.7027027027027027,
          0.7680412371134021,
          0.48,
          0.337152209492635,
          0.7567567567567568,
          0.916504854368932,
          0.5238095238095238,
          0.5769230769230769,
          0.6330275229357798,
          0.0,
          0.37,
          0.30404217926186294,
          0.5581395348837209,
          0.5,
          0.0,
          0.0,
          0.0
        ],
        "results": {
          "1.1111111111111112": {
            "score": Infinity,
            "cost": -1,
            "info": {}
          }
        }
      },
      {
        "config_id": 2,
        "config": [
          0.3783783783783784,
          0.4793814432989691,
          0.4,
          0.8494271685761048,
          0.2702702702702703,
          0.32038834951456313,
          0.7142857142857143,
          0.23076923076923078,
          0.9036697247706422,
          0.09090909090909091,
          0.05,
          0.12302284710017575,
          0.8294573643410853,
          0.5,
          0.5,
          0.0,
          0.5
        ],
        "results": {
          "1.1111111111111112": {
            "score": Infinity,
            "cost": -1,
            "info": {}
          }
        }
      },
      {
        "config_id": 3,
        "config": [
          0.5945945945945946,
          0.0,
          0.08,
          0.900163666121113,
          0.2972972972972973,
          0.5650485436893203,
          0.6190476190476191,
          0.09615384615384616,
          0.6743119266055045,
          0.45454545454545453,
          0.77,
          0.8347978910369068,
          0.7674418604651163,
          0.0,
          0.5,
          0.0,
          0.5
        ],
        "results": {
          "1.1111111111111112": {
            "score": Infinity,
            "cost": -1,
            "info": {}
          }
        }
      },
      {
        "config_id": 4,
        "config": [
          0.13513513513513514,
          0.06701030927835051,
          0.08,
          0.563011456628478,
          0.16216216216216217,
          0.06601941747572816,
          0.9523809523809523,
          0.5384615384615384,
          0.22935779816513763,
          0.5454545454545454,
          0.38,
          0.4094903339191564,
          0.5426356589147286,
          0.0,
          0.0,
          0.5,
          0.5
        ],
        "results": {
          "1.1111111111111112": {
            "score": Infinity,
            "cost": -1,
            "info": {}
          }
        }
      },
      {
        "config_id": 5,
        "config": [
          0.35135135135135137,
          0.865979381443299,
          0.28,
          0.8085106382978723,
          0.40540540540540543,
          0.4116504854368932,
          0.8095238095238095,
          0.0,
          0.25229357798165136,
          0.9090909090909091,
          0.2,
          0.9086115992970123,
          0.2558139534883721,
          0.5,
          0.0,
          0.5,
          0.5
        ],
        "results": {
          "1.1111111111111112": {
            "score": Infinity,
            "cost": -1,
            "info": {}
          }
        }
      },
      {
        "config_id": 6,
        "config": [
          0.8108108108108109,
          0.26288659793814434,
          0.48,
          0.839607201309329,
          0.35135135135135137,
          0.9281553398058252,
          0.19047619047619047,
          0.6923076923076923,
          0.28440366972477066,
          0.7272727272727273,
          0.11,
          0.4288224956063269,
          0.6744186046511628,
          0.0,
          0.5,
          0.5,
          0.0
        ],
        "results": {
          "1.1111111111111112": {
            "score": Infinity,
            "cost": -1,
            "info": {}
          }
        }
      },
      {
        "config_id": 7,
        "config": [
          0.918918918918919,
          0.6288659793814433,
          0.08,
          0.6808510638297872,
          0.35135135135135137,
          0.4097087378640777,
          0.5238095238095238,
          0.8846153846153846,
          0.3853211009174312,
          0.8181818181818182,
          0.06,
          0.070298769771529,
          0.5736434108527132,
          0.5,
          0.5,
          0.5,
          0.0
        ],
        "results": {
          "1.1111111111111112": {
            "score": Infinity,
            "cost": -1,
            "info": {}
          }
        }
      },
      {
        "config_id": 8,
        "config": [
          0.8918918918918919,
          0.13402061855670103,
          0.36,
          0.3060556464811784,
          0.0,
          0.7922330097087379,
          0.19047619047619047,
          0.8269230769230769,
          0.18807339449541285,
          0.7272727272727273,
          0.53,
          0.5571177504393673,
          0.7596899224806202,
          0.5,
          0.0,
          0.0,
          0.0
        ],
        "results": {
          "1.1111111111111112": {
            "score": Infinity,
            "cost": -1,
            "info": {}
          }
        }
      },
      {
        "config_id": 9,
        "config": [
          0.2702702702702703,
          0.0,
          0.72,
          0.3436988543371522,
          0.08108108108108109,
          0.0970873786407767,
          0.14285714285714285,
          0.36538461538461536,
          0.39908256880733944,
          0.8181818181818182,
          0.26,
          0.9191564147627417,
          0.9844961240310077,
          0.5,
          0.0,
          0.0,
          0.5
        ],
        "results": {
          "3.333333333333333": {
            "score": Infinity,
            "cost": -1,
            "info": {}
          }
        }
      },
      {
        "config_id": 10,
        "config": [
          0.7297297297297297,
          0.5,
          0.92,
          0.09819967266775777,
          0.0,
          0.6427184466019418,
          0.2857142857142857,
          0.6346153846153846,
          0.2018348623853211,
          0.09090909090909091,
          0.77,
          0.5131810193321616,
          0.7751937984496124,
          0.0,
          0.5,
          0.5,
          0.5
        ],
        "results": {
          "3.333333333333333": {
            "score": Infinity,
            "cost": -1,
            "info": {}
          }
        }
      },
      {
        "config_id": 11,