{
  "incumbent_ids": [
    1
  ],
  "rejected_config_ids": [],
  "incumbents_changed": 1,
  "trajectory": [
    {
      "config_ids": [
        1
      ],
      "costs": [
        [
          0.6817520612076751,
          0.3893647895894772,
          0.42229547134582823,
          0.624941724941725
        ]
      ],
      "trial": 1,
      "walltime": 0.2739288806915283
    }
  ],
  "state": {
    "queue": []
  }
}