{
  "DE_params": {
    "mutation_factor": 0.5,
    "crossover_prob": 0.5,
    "strategy": "rand1_bin",
    "configspace": true,
    "boundary_fix_type": "random",
    "max_age": Infinity,
    "dimensions": 32,
    "output_path": "../results/tmp/DEHB_tmp/dehb_20251208-050203_1b59",
    "async_strategy": "immediate"
  },
  "HB_params": {
    "min_fidelity": 1,
    "max_fidelity": 10,
    "min_clip": null,
    "max_clip": null,
    "eta": 3
  },
  "internals": {
    "initial_configs": [
      {
        "config_id": 0,
        "config": [
          0.5813953488372093,
          0.42325056433408575,
          0.7241379310344828,
          0.6,
          0.0,
          0.9156462585034013,
          0.5,
          0.39436619718309857,
          0.0,
          0.4,
          0.5,
          0.7531504818383988,
          0.7526278906797477,
          0.5,
          0.26666666666666666,
          0.5,
          0.5,
          0.0,
          0.5,
          0.125,
          0.8571428571428571,
          0.0,
          0.625,
          0.0,
          0.6666666666666666,
          0.6666666666666666,
          0.0,
          0.0,
          0.5555555555555556,
          0.3333333333333333,
          0.0,
          0.0
        ],
        "results": {
          "1.1111111111111112": {
            "score": Infinity,
            "cost": -1,
            "info": {}
          }
        }
      },
      {
        "config_id": 1,
        "config": [
          0.8604651162790697,
          0.31376975169300225,
          0.7586206896551724,
          0.8,
          0.0,
          0.9326530612244898,
          0.5,
          0.5492957746478874,
          0.25,
          0.4,
          0.25,
          0.8762045959970348,
          0.424667133847232,
          0.6,
          0.8666666666666667,
          0.5,
          0.25,
          0.0,
          0.75,
          0.025,
          0.42857142857142855,
          0.25,
          0.125,
          0.5,
          0.6666666666666666,
          0.3333333333333333,
          0.3333333333333333,
          0.5,
          0.1111111111111111,
          0.3333333333333333,
          0.0,
          0.0
        ],
        "results": {
          "1.1111111111111112": {
            "score": Infinity,
            "cost": -1,
            "info": {}
          }
        }
      },
      {
        "config_id": 2,
        "config": [
          0.6046511627906976,
          0.04740406320541761,
          0.20689655172413793,
          0.4,
          0.0,
          0.8367346938775511,
          0.5,
          0.9859154929577465,
          0.25,
          0.2,
          0.0,
          0.32320237212750186,
          0.5304835318850736,
          0.4,
          0.3333333333333333,
          0.0,
          0.0,
          0.0,
          0.0,
          0.25,
          0.5714285714285714,
          0.25,
          0.625,
          0.5,
          0.0,
          0.0,
          0.5,
          0.0,
          0.0,
          0.3333333333333333,
          0.0,
          0.0
        ],
        "results": {
          "1.1111111111111112": {
            "score": Infinity,
            "cost": -1,
            "info": {}
          }
        }
      },
      {
        "config_id": 3,
        "config": [
          0.32558139534883723,
          0.0056433408577878106,
          0.7931034482758621,
          0.6,
          0.0,
          0.23401360544217686,
          0.75,
          0.18309859154929578,
          0.75,
          0.6,
          0.25,
          0.5255744996293551,
          0.7848633496846531,
          0.5,
          0.4,
          0.5,
          0.0,
          0.0,
          0.5,
          0.875,
          0.8571428571428571,
          0.0,
          0.9375,
          0.5,
          0.3333333333333333,
          0.0,
          0.3333333333333333,
          0.0,
          0.8888888888888888,
          0.6666666666666666,
          0.0,
          0.0
        ],
        "results": {
          "1.1111111111111112": {
            "score": Infinity,
            "cost": -1,
            "info": {}
          }
        }
      },
      {
        "config_id": 4,
        "config": [
          0.9302325581395349,
          0.9988713318284425,
          0.0,
          0.4,
          0.0,
          0.5517006802721088,
          0.75,
          0.323943661971831,
          0.0,
          0.2,
          0.5,
          0.6782802075611564,
          0.15767344078486334,
          0.5,
          0.9333333333333333,
          0.0,
          0.25,
          0.0,
          0.75,
          0.15,
          0.42857142857142855,
          0.5,
          0.5625,
          0.5,
          0.3333333333333333,
          0.0,
          0.3333333333333333,
          0.5,
          0.5555555555555556,
          0.0,
          0.0,
          0.0
        ],
        "results": {
          "1.1111111111111112": {
            "score": Infinity,
            "cost": -1,
            "info": {}
          }
        }
      },
      {
        "config_id": 5,
        "config": [
          0.9302325581395349,
          0.5835214446952596,
          0.3793103448275862,
          0.6,
          0.0,
          0.21224489795918366,
          0.0,
          0.07042253521126761,
          0.25,
          0.4,
          0.5,
          0.29132690882134915,
          0.161177295024527,
          0.1,
          0.0,
          0.5,
          0.0,
          0.0,
          0.25,
          0.25,
          0.42857142857142855,
          0.0,
          0.6875,
          0.0,
          0.3333333333333333,
          0.6666666666666666,
          0.6666666666666666,
          0.5,
          0.7777777777777778,
          0.3333333333333333,
          0.0,
          0.0
        ],
        "results": {
          "1.1111111111111112": {
            "score": Infinity,
            "cost": -1,
            "info": {}
          }
        }
      },
      {
        "config_id": 6,
        "config": [
          0.6976744186046512,
          0.4604966139954853,
          0.13793103448275862,
          0.0,
          0.0,
          0.5863945578231292,
          0.75,
          0.30985915492957744,
          0.25,
          0.4,
          0.75,
          0.24610822831727205,
          0.5921513665031535,
          0.1,
          0.5333333333333333,
          0.0,
          0.25,
          0.0,
          0.5,
          0.725,
          0.5714285714285714,
          0.5,
          0.25,
          0.0,
          0.3333333333333333,
          0.3333333333333333,
          0.16666666666666666,
          0.5,
          0.3333333333333333,
          0.6666666666666666,
          0.0,
          0.5
        ],
        "results": {
          "1.1111111111111112": {
            "score": Infinity,
            "cost": -1,
            "info": {}
          }
        }
      },
      {
        "config_id": 7,
        "config": [
          0.4418604651162791,
          0.17155756207674944,
          0.5862068965517241,
          0.8,
          0.0,
          0.4850340136054422,
          0.5,
          0.2535211267605634,
          0.75,
          0.2,
          0.25,
          0.5922905856189771,
          0.3482831114225648,
          0.8,
          0.4,
          0.5,
          0.5,
          0.0,
          0.25,
          0.375,
          0.5714285714285714,
          0.0,
          0.5625,
          0.5,
          0.3333333333333333,
          0.3333333333333333,
          0.5,
          0.0,
          0.7777777777777778,
          0.3333333333333333,
          0.0,
          0.0
        ],
        "results": {
          "1.1111111111111112": {
            "score": Infinity,
            "cost": -1,
            "info": {}
          }
        }
      },
      {
        "config_id": 8,