None, None, None, None, None, None, None, None, None, None, None, None, None, None, None, None, None, None, None, None
None, None, None, None, None, None, None, None, None, None, None, None, None, None, None, None, None, None, None, None
4.8001744747161865, 7.319517374038696, 7.446701288223267, 7.968213796615601, 8.525856494903564, 8.717266321182251, 8.826253652572632, 8.813178539276123, 9.04651165008545, 9.143669366836548, 9.368042707443237, 9.435265064239502, 9.548610210418701, 9.41824746131897, 9.542440176010132, 9.511105060577393, 6.17188572883606, 4.150576829910278, 3.8942065238952637, 5.508351564407349