None, None, None, None, None, None, None, None, None, None, None, None, None, None, None, None, None, None, None, None
None, None, None, None, None, None, None, None, None, None, None, None, None, None, None, None, None, None, None, None
7.657639265060425, 7.831358909606934, 7.81831955909729, 7.9865562915802, 8.086411237716675, 8.384535312652588, 8.490421056747437, 8.373337507247925, 8.352280616760254, 8.479755640029907, 8.658813953399658, 8.499964237213135, 8.512386560440063, 8.734817504882812, 8.74454116821289, 8.762338876724243, 3.54681658744812, 4.182069540023804, 4.275306224822998, 4.124039173126221