{'Clndrs': 3.0, 'Volume': 70.0, 'Model': 73.0, 'origin': 3.0}, {'Clndrs': 4.0, 'Volume': 108.0, 'Model': 81.0, 'origin': 3.0}, {'Clndrs': 4.0, 'Volume': 86.0, 'Model': 81.0, 'origin': 1.0}, {'Clndrs': 4.0, 'Volume': 97.0, 'Model': 71.0, 'origin': 3.0}, {'Clndrs': 4.0, 'Volume': 79.0, 'Model': 81.0, 'origin': 3.0}, {'Clndrs': 4.0, 'Volume': 107.0, 'Model': 70.0, 'origin': 2.0}, {'Clndrs': 4.0, 'Volume': 71.0, 'Model': 71.0, 'origin': 3.0}, {'Clndrs': 4.0, 'Volume': 108.0, 'Model': 82.0, 'origin': 3.0}, {'Clndrs': 4.0, 'Volume': 89.0, 'Model': 79.0, 'origin': 2.0}, {'Clndrs': 4.0, 'Volume': 105.0, 'Model': 82.0, 'origin': 2.0}, {'Clndrs': 4.0, 'Volume': 79.0, 'Model': 74.0, 'origin': 2.0}, {'Clndrs': 4.0, 'Volume': 91.0, 'Model': 82.0, 'origin': 3.0}, {'Clndrs': 4.0, 'Volume': 79.0, 'Model': 81.0, 'origin': 3.0}, {'Clndrs': 3.0, 'Volume': 70.0, 'Model': 80.0, 'origin': 3.0}, {'Clndrs': 4.0, 'Volume': 68.0, 'Model': 73.0, 'origin': 2.0}, {'Clndrs': 3.0, 'Volume': 70.0, 'Model': 72.0, 'origin': 3.0}, {'Clndrs': 4.0, 'Volume': 79.0, 'Model': 71.0, 'origin': 2.0}, {'Clndrs': 4.0, 'Volume': 120.0, 'Model': 82.0, 'origin': 1.0}, {'Clndrs': 4.0, 'Volume': 105.0, 'Model': 82.0, 'origin': 2.0}, {'Clndrs': 4.0, 'Volume': 97.0, 'Model': 70.0, 'origin': 3.0}
0.5933640719975027, 0.46970587248927953, 0.41914545658949853, 0.27467083302654305, 0.3829859092340627, 0.419906382732522, 0.27467083302654305, 0.3943597055048702, 0.3853209531288335, 0.47429395646168504, 0.5442543213820074, 0.3348019145129377, 0.24245318422143292, 0.25394722064135844, 0.3216062143047753, 0.5876243909678508, 0.3831896297390449, 0.3880838546009786, 0.16745989117220028, 0.46453291705154875
6.6288676261901855, 6.830461740493774, 6.825361967086792, 6.93587064743042, 6.964696407318115, 7.098850727081299, 7.119429588317871, 7.17238450050354, 7.134098052978516, 7.13725471496582, 7.226173639297485, 7.224346160888672, 7.244096517562866, 7.2636559009552, 7.523313760757446, 7.955537557601929, 5.179713487625122, 5.53423810005188, 5.556896209716797, 5.862704753875732