{'Clndrs': 8.0, 'Volume': 318.0, 'Model': 73.0, 'origin': 1.0}, {'Clndrs': 4.0, 'Volume': 91.0, 'Model': 82.0, 'origin': 3.0}, {'Clndrs': 4.0, 'Volume': 144.0, 'Model': 82.0, 'origin': 3.0}, {'Clndrs': 4.0, 'Volume': 112.0, 'Model': 82.0, 'origin': 1.0}, {'Clndrs': 3.0, 'Volume': 70.0, 'Model': 72.0, 'origin': 3.0}, {'Clndrs': 4.0, 'Volume': 121.0, 'Model': 70.0, 'origin': 2.0}, {'Clndrs': 4.0, 'Volume': 134.0, 'Model': 80.0, 'origin': 3.0}, {'Clndrs': 4.0, 'Volume': 86.0, 'Model': 79.0, 'origin': 3.0}, {'Clndrs': 4.0, 'Volume': 107.0, 'Model': 81.0, 'origin': 3.0}, {'Clndrs': 4.0, 'Volume': 156.0, 'Model': 82.0, 'origin': 1.0}, {'Clndrs': 4.0, 'Volume': 119.0, 'Model': 81.0, 'origin': 3.0}, {'Clndrs': 4.0, 'Volume': 91.0, 'Model': 82.0, 'origin': 3.0}, {'Clndrs': 3.0, 'Volume': 70.0, 'Model': 80.0, 'origin': 3.0}, {'Clndrs': 6.0, 'Volume': 225.0, 'Model': 71.0, 'origin': 1.0}, {'Clndrs': 3.0, 'Volume': 70.0, 'Model': 72.0, 'origin': 3.0}, {'Clndrs': 4.0, 'Volume': 90.0, 'Model': 74.0, 'origin': 1.0}, {'Clndrs': 8.0, 'Volume': 350.0, 'Model': 81.0, 'origin': 1.0}, {'Clndrs': 4.0, 'Volume': 89.0, 'Model': 81.0, 'origin': 3.0}, {'Clndrs': 6.0, 'Volume': 146.0, 'Model': 81.0, 'origin': 3.0}, {'Clndrs': 3.0, 'Volume': 80.0, 'Model': 77.0, 'origin': 3.0}
0.7056120164821836, 0.3348019145129377, 0.4095658694574381, 0.39284905848868923, 0.5876243909678508, 0.419906382732522, 0.411577752306868, 0.35328328444748114, 0.3829859092340627, 0.44459601776199764, 0.4224929093403025, 0.3348019145129377, 0.25069416027841385, 0.6163436097498064, 0.4091404918618775, 0.49738583989062934, 0.6263588169348826, 0.4224929093403025, 0.5509095938532432, 0.4127648071621979
2.003181219100952, 2.0808966159820557, 2.083954334259033, 2.1027274131774902, 2.1183087825775146, 2.1346840858459473, 2.1360316276550293, 2.1835505962371826, 2.1591169834136963, 2.1476075649261475, 2.189157247543335, 2.1797871589660645, 2.184948444366455, 2.2395882606506348, 2.272007942199707, 2.39732027053833, 1.4236507415771484, 1.3918941020965576, 1.4820122718811035, 1.4564790725708008