None, None, None, None, None, None, None, None, None, None, None, None, None, None, None, None, None, None, None, None
None, None, None, None, None, None, None, None, None, None, None, None, None, None, None, None, None, None, None, None
5.9833760261535645, 7.579611778259277, 7.555164813995361, 7.976542711257935, 8.13277268409729, 8.130629301071167, 8.201364994049072, 8.414253950119019, 8.465253114700317, 8.449632406234741, 8.590627670288086, 8.574899911880493, 8.562419891357422, 8.606127738952637, 8.557621240615845, 8.691380023956299, 5.286656856536865, 4.372161149978638, 4.485809087753296, 4.426637649536133