None, None, None, None, None, None, None, None, None, None, None, None, None, None, None, None, None, None, None, None
None, None, None, None, None, None, None, None, None, None, None, None, None, None, None, None, None, None, None, None
8.031956434249878, 10.437620878219604, 11.250555753707886, 11.660601139068604, 12.062242031097412, 12.357181310653687, 12.485665798187256, 12.601758241653442, 12.5891854763031, 12.709963321685791, 12.725273132324219, 12.714659214019775, 12.685711145401001, 12.893616914749146, 12.925336122512817, 12.872064113616943, 7.359069108963013, 6.593149185180664, 6.7118120193481445, 6.66908597946167