None, None, None, None, None, None, None, None, None, None, None, None, None, None, None, None, None, None, None, None
None, None, None, None, None, None, None, None, None, None, None, None, None, None, None, None, None, None, None, None
17.410452127456665, 20.274386644363403, 21.38806128501892, 21.53956437110901, 21.696651458740234, 22.20305609703064, 22.77299690246582, 23.06777334213257, 23.406778573989868, 23.708539962768555, 23.828213214874268, 23.761261701583862, 23.680887937545776, 23.789501190185547, 23.77183198928833, 23.78666114807129, 16.187222480773926, 14.746633768081665, 16.221293449401855, 15.2200608253479