None, None, None, None, None, None, None, None, None, None, None, None, None, None, None, None, None, None, None, None
None, None, None, None, None, None, None, None, None, None, None, None, None, None, None, None, None, None, None, None
42.38429641723633, 47.582297563552856, 47.78277540206909, 49.00624370574951, 49.31460881233215, 49.354262590408325, 49.648343324661255, 49.76324105262756, 50.36538124084473, 50.991939544677734, 50.8600800037384, 50.9572651386261, 51.380165100097656, 51.66208100318909, 51.92522382736206, 52.04305076599121, 38.736937046051025, 34.63929724693298, 34.43686652183533, 37.288225412368774