{'Max_spout': 1000000.0, 'Spliters': 6.0, 'Counters': 3.0}, {'Max_spout': 1000000.0, 'Spliters': 6.0, 'Counters': 18.0}, {'Max_spout': 1000.0, 'Spliters': 6.0, 'Counters': 1.0}, {'Max_spout': 1000000.0, 'Spliters': 1.0, 'Counters': 1.0}, {'Max_spout': 1000000.0, 'Spliters': 1.0, 'Counters': 12.0}, {'Max_spout': 1000.0, 'Spliters': 1.0, 'Counters': 9.0}, {'Max_spout': 1000000.0, 'Spliters': 1.0, 'Counters': 12.0}, {'Max_spout': 10.0, 'Spliters': 6.0, 'Counters': 18.0}, {'Max_spout': 100.0, 'Spliters': 1.0, 'Counters': 15.0}, {'Max_spout': 1000000.0, 'Spliters': 6.0, 'Counters': 18.0}, {'Max_spout': 1000000.0, 'Spliters': 3.0, 'Counters': 1.0}, {'Max_spout': 1000000.0, 'Spliters': 3.0, 'Counters': 18.0}, {'Max_spout': 1000.0, 'Spliters': 1.0, 'Counters': 18.0}, {'Max_spout': 1000000.0, 'Spliters': 6.0, 'Counters': 18.0}, {'Max_spout': 100.0, 'Spliters': 6.0, 'Counters': 18.0}, {'Max_spout': 10.0, 'Spliters': 6.0, 'Counters': 18.0}, {'Max_spout': 1.0, 'Spliters': 1.0, 'Counters': 1.0}, {'Max_spout': 1000000.0, 'Spliters': 3.0, 'Counters': 18.0}, {'Max_spout': 1000000.0, 'Spliters': 1.0, 'Counters': 3.0}, {'Max_spout': 10.0, 'Spliters': 6.0, 'Counters': 18.0}
0.4640992432358131, 0.46478414719232286, 0.6470922993955031, 0.39445597231778273, 0.5595940781866473, 0.5392109665921642, 0.5595940781866473, 0.4908349470997968, 0.5693085898719589, 0.44984553552444706, 0.5338520175599969, 0.3164259069728935, 0.5224188332157975, 0.44984553552444706, 0.44889835309221016, 0.6988318938809736, 0.6551307229495344, 0.3164259069728935, 0.6163138866735, 0.6988318938809736
1.4185960292816162, 1.4704244136810303, 1.5145082473754883, 1.5316922664642334, 1.5338778495788574, 1.5434901714324951, 1.594343662261963, 1.5748231410980225, 1.5715956687927246, 1.6080334186553955, 1.5996317863464355, 1.6097431182861328, 1.6198921203613281, 1.6580274105072021, 1.6981279850006104, 1.7579753398895264, 1.295921802520752, 1.365846872329712, 1.4872448444366455, 1.550793170928955