{'Max_spout': 100000.0, 'Spliters': 1.0, 'Counters': 18.0}, {'Max_spout': 100000.0, 'Spliters': 1.0, 'Counters': 9.0}, {'Max_spout': 1.0, 'Spliters': 6.0, 'Counters': 1.0}, {'Max_spout': 1000000.0, 'Spliters': 3.0, 'Counters': 1.0}, {'Max_spout': 1000.0, 'Spliters': 6.0, 'Counters': 1.0}, {'Max_spout': 10.0, 'Spliters': 6.0, 'Counters': 18.0}, {'Max_spout': 1000000.0, 'Spliters': 1.0, 'Counters': 18.0}, {'Max_spout': 100000.0, 'Spliters': 6.0, 'Counters': 18.0}, {'Max_spout': 100.0, 'Spliters': 1.0, 'Counters': 15.0}, {'Max_spout': 1.0, 'Spliters': 2.0, 'Counters': 18.0}, {'Max_spout': 1000000.0, 'Spliters': 2.0, 'Counters': 9.0}, {'Max_spout': 1000000.0, 'Spliters': 6.0, 'Counters': 6.0}, {'Max_spout': 100.0, 'Spliters': 1.0, 'Counters': 9.0}, {'Max_spout': 1000000.0, 'Spliters': 6.0, 'Counters': 15.0}, {'Max_spout': 100000.0, 'Spliters': 1.0, 'Counters': 9.0}, {'Max_spout': 100000.0, 'Spliters': 1.0, 'Counters': 15.0}, {'Max_spout': 1000000.0, 'Spliters': 2.0, 'Counters': 1.0}, {'Max_spout': 1000000.0, 'Spliters': 6.0, 'Counters': 18.0}, {'Max_spout': 100000.0, 'Spliters': 1.0, 'Counters': 12.0}, {'Max_spout': 10.0, 'Spliters': 6.0, 'Counters': 18.0}
0.519680962742378, 0.5392109665921642, 0.6664124928383811, 0.576555193649759, 0.6664124928383811, 0.4908349470997968, 0.3164259069728935, 0.44889835309221016, 0.4838366726732013, 0.5314034555672825, 0.7430306817983431, 0.44400910161431717, 0.5831629391601839, 0.44400910161431717, 0.5392109665921642, 0.5252308394879348, 0.5338520175599969, 0.4640992432358131, 0.5138341646485294, 0.6988318938809736
3.5915589332580566, 3.5830347537994385, 3.597482442855835, 3.7480950355529785, 3.7870032787323, 3.8580689430236816, 3.90459942817688, 3.910896062850952, 3.9218697547912598, 3.944944381713867, 4.024761199951172, 4.091240882873535, 4.1213698387146, 4.281360864639282, 4.349976301193237, 4.422760009765625, 2.338517427444458, 2.4595279693603516, 2.4799282550811768, 2.424551248550415