{'Max_spout': 100000.0, 'Spliters': 1.0, 'Counters': 10.0}, {'Max_spout': 100.0, 'Spliters': 2.0, 'Counters': 18.0}, {'Max_spout': 10.0, 'Spliters': 2.0, 'Counters': 8.0}, {'Max_spout': 1000000.0, 'Spliters': 5.0, 'Counters': 18.0}, {'Max_spout': 1000.0, 'Spliters': 1.0, 'Counters': 17.0}, {'Max_spout': 1.0, 'Spliters': 2.0, 'Counters': 18.0}, {'Max_spout': 1000000.0, 'Spliters': 4.0, 'Counters': 17.0}, {'Max_spout': 100000.0, 'Spliters': 1.0, 'Counters': 17.0}, {'Max_spout': 1000000.0, 'Spliters': 2.0, 'Counters': 8.0}, {'Max_spout': 1000000.0, 'Spliters': 5.0, 'Counters': 18.0}, {'Max_spout': 100000.0, 'Spliters': 2.0, 'Counters': 16.0}, {'Max_spout': 100000.0, 'Spliters': 2.0, 'Counters': 18.0}, {'Max_spout': 1000000.0, 'Spliters': 1.0, 'Counters': 15.0}, {'Max_spout': 1000.0, 'Spliters': 2.0, 'Counters': 7.0}, {'Max_spout': 10000.0, 'Spliters': 5.0, 'Counters': 17.0}, {'Max_spout': 1000000.0, 'Spliters': 1.0, 'Counters': 13.0}, {'Max_spout': 1000000.0, 'Spliters': 6.0, 'Counters': 16.0}, {'Max_spout': 100.0, 'Spliters': 3.0, 'Counters': 18.0}, {'Max_spout': 1.0, 'Spliters': 1.0, 'Counters': 15.0}, {'Max_spout': 1000000.0, 'Spliters': 3.0, 'Counters': 18.0}
0.24109562036587606, 0.5086927979555401, 0.3738774189737619, 0.33126703129656165, 0.5295326894372386, 0.5086927979555401, 0.3052945844317674, 0.270247788790447, 0.2103927465921025, 0.33126703129656165, 0.12371969767889157, 0.2352639057826642, 0.42752137528724543, 0.4982414432037423, 0.3303602038953459, 0.4928988265528267, 0.39080261403540195, 0.6972608355096711, 0.5308283119118645, 0.2761052592209492
2.4866440296173096, 2.460763454437256, 2.5076749324798584, 2.4949114322662354, 2.5261754989624023, 2.571106433868408, 2.646596908569336, 2.683123826980591, 2.7305514812469482, 2.7329413890838623, 2.818157434463501, 2.811055898666382, 2.745988368988037, 2.854727029800415, 2.9427490234375, 3.095463991165161, 2.3493587970733643, 2.578054666519165, 2.6329233646392822, 2.7157039642333984