{'Max_spout': 10000.0, 'Spliters': 1.0, 'Counters': 13.0}, {'Max_spout': 10000.0, 'Spliters': 3.0, 'Counters': 14.0}, {'Max_spout': 100000.0, 'Spliters': 4.0, 'Counters': 13.0}, {'Max_spout': 10000.0, 'Spliters': 2.0, 'Counters': 8.0}, {'Max_spout': 100000.0, 'Spliters': 4.0, 'Counters': 6.0}, {'Max_spout': 1000.0, 'Spliters': 6.0, 'Counters': 14.0}, {'Max_spout': 1000.0, 'Spliters': 4.0, 'Counters': 4.0}, {'Max_spout': 10000.0, 'Spliters': 6.0, 'Counters': 6.0}, {'Max_spout': 100000.0, 'Spliters': 1.0, 'Counters': 7.0}, {'Max_spout': 1000000.0, 'Spliters': 5.0, 'Counters': 2.0}, {'Max_spout': 1.0, 'Spliters': 5.0, 'Counters': 13.0}, {'Max_spout': 10000.0, 'Spliters': 1.0, 'Counters': 6.0}, {'Max_spout': 100.0, 'Spliters': 1.0, 'Counters': 9.0}, {'Max_spout': 1000.0, 'Spliters': 5.0, 'Counters': 15.0}, {'Max_spout': 1000.0, 'Spliters': 1.0, 'Counters': 3.0}, {'Max_spout': 10.0, 'Spliters': 1.0, 'Counters': 7.0}, {'Max_spout': 10.0, 'Spliters': 1.0, 'Counters': 13.0}, {'Max_spout': 1000000.0, 'Spliters': 2.0, 'Counters': 15.0}, {'Max_spout': 1000000.0, 'Spliters': 5.0, 'Counters': 12.0}, {'Max_spout': 1000000.0, 'Spliters': 5.0, 'Counters': 11.0}
0.5292343036349233, 0.27100783026302744, 0.32220643770706814, 0.7032450409581952, 0.3118383885430771, 0.37764095017396393, 0.6923955767580361, 0.38289180906688336, 0.5150374220444338, 0.4759987926064807, 0.5200000488037969, 0.3115096688445508, 0.24205134551675467, 0.33746649719914723, 0.354733614910149, 0.7044762749366783, 0.7058614131619317, 0.20654669282586668, 0.32320426797097146, 0.3173121855089651
0.8978681564331055, 0.947028398513794, 0.9625463485717773, 0.9799885749816895, 0.9685103893280029, 0.9940061569213867, 1.0321204662322998, 1.0463097095489502, 0.9887521266937256, 1.0489802360534668, 1.0804834365844727, 1.0918645858764648, 1.0969610214233398, 1.1252424716949463, 1.1688241958618164, 1.2761929035186768, 0.7140614986419678, 0.7486550807952881, 0.842625617980957, 0.9070315361022949