{'Max_spout': 1000000.0, 'Spliters': 5.0, 'Counters': 1.0}, {'Max_spout': 1.0, 'Spliters': 1.0, 'Counters': 11.0}, {'Max_spout': 1000000.0, 'Spliters': 2.0, 'Counters': 2.0}, {'Max_spout': 1.0, 'Spliters': 3.0, 'Counters': 12.0}, {'Max_spout': 1.0, 'Spliters': 2.0, 'Counters': 11.0}, {'Max_spout': 1.0, 'Spliters': 3.0, 'Counters': 9.0}, {'Max_spout': 1000.0, 'Spliters': 1.0, 'Counters': 17.0}, {'Max_spout': 100.0, 'Spliters': 6.0, 'Counters': 10.0}, {'Max_spout': 1000.0, 'Spliters': 2.0, 'Counters': 17.0}, {'Max_spout': 100000.0, 'Spliters': 1.0, 'Counters': 15.0}, {'Max_spout': 1000000.0, 'Spliters': 2.0, 'Counters': 14.0}, {'Max_spout': 10.0, 'Spliters': 1.0, 'Counters': 13.0}, {'Max_spout': 1000000.0, 'Spliters': 3.0, 'Counters': 10.0}, {'Max_spout': 1000.0, 'Spliters': 2.0, 'Counters': 16.0}, {'Max_spout': 100.0, 'Spliters': 3.0, 'Counters': 2.0}, {'Max_spout': 100.0, 'Spliters': 1.0, 'Counters': 13.0}, {'Max_spout': 100000.0, 'Spliters': 1.0, 'Counters': 12.0}, {'Max_spout': 10.0, 'Spliters': 1.0, 'Counters': 15.0}, {'Max_spout': 10000.0, 'Spliters': 2.0, 'Counters': 12.0}, {'Max_spout': 1.0, 'Spliters': 1.0, 'Counters': 1.0}
0.4759987926064807, 0.5325479562887956, 0.8425467534507614, 0.5112918951888492, 0.7045296702863428, 0.5090304450365457, 0.32717218433075035, 0.4983749315622382, 0.7044495772633083, 0.270247788790447, 0.1753336643562795, 0.7058614131619317, 0.2891545294288054, 0.29149152450388605, 0.490090799886155, 0.5292343036349233, 0.25611087762927176, 0.2319189706324668, 0.25295484917710165, 0.5252453567919939
1.5315449237823486, 1.6680049896240234, 1.6973762512207031, 1.7236075401306152, 1.6664516925811768, 1.7114512920379639, 1.725661039352417, 1.8286807537078857, 1.780818223953247, 1.8563909530639648, 1.8642017841339111, 1.8932075500488281, 1.9343717098236084, 1.9713563919067383, 1.9933702945709229, 1.997849941253662, 1.4211750030517578, 1.4281628131866455, 1.6462624073028564, 1.6136467456817627