{'Max_spout': 100.0, 'Spliters': 1.0, 'Counters': 1.0}, {'Max_spout': 1000.0, 'Spliters': 6.0, 'Counters': 3.0}, {'Max_spout': 10.0, 'Spliters': 1.0, 'Counters': 18.0}, {'Max_spout': 100000.0, 'Spliters': 2.0, 'Counters': 6.0}, {'Max_spout': 100.0, 'Spliters': 2.0, 'Counters': 9.0}, {'Max_spout': 10.0, 'Spliters': 6.0, 'Counters': 18.0}, {'Max_spout': 1000000.0, 'Spliters': 2.0, 'Counters': 6.0}, {'Max_spout': 1000.0, 'Spliters': 3.0, 'Counters': 9.0}, {'Max_spout': 1000.0, 'Spliters': 1.0, 'Counters': 1.0}, {'Max_spout': 1.0, 'Spliters': 2.0, 'Counters': 9.0}, {'Max_spout': 100.0, 'Spliters': 1.0, 'Counters': 9.0}, {'Max_spout': 1.0, 'Spliters': 6.0, 'Counters': 18.0}, {'Max_spout': 10000.0, 'Spliters': 3.0, 'Counters': 12.0}, {'Max_spout': 1.0, 'Spliters': 2.0, 'Counters': 12.0}, {'Max_spout': 10000.0, 'Spliters': 3.0, 'Counters': 3.0}, {'Max_spout': 10000.0, 'Spliters': 6.0, 'Counters': 9.0}, {'Max_spout': 1000000.0, 'Spliters': 2.0, 'Counters': 1.0}, {'Max_spout': 1.0, 'Spliters': 1.0, 'Counters': 1.0}, {'Max_spout': 10.0, 'Spliters': 1.0, 'Counters': 9.0}, {'Max_spout': 100.0, 'Spliters': 2.0, 'Counters': 3.0}
0.6551968973476052, 0.5176768446988977, 0.510825701154224, 0.4048595507354926, 0.5230642383107819, 0.7000231114187127, 0.41464190904005405, 0.5110748259818675, 0.7037071594887963, 0.5230642383107819, 0.59209472559574, 0.48489509022222266, 0.5288151584488593, 0.5255555641504882, 0.5562716794437395, 0.5499705573448502, 0.5501573853628801, 0.6399286519658065, 0.7057676935604548, 0.5520985649868085
1.1157667636871338, 1.1226651668548584, 1.1855177879333496, 1.1850528717041016, 1.2135107517242432, 1.2016701698303223, 1.2212269306182861, 1.280097484588623, 1.2859740257263184, 1.3301427364349365, 1.3438506126403809, 1.3779757022857666, 1.40443754196167, 1.7063217163085938, 1.7660133838653564, 1.768824577331543, 0.9054529666900635, 0.9747042655944824, 0.8999176025390625, 0.9478628635406494