{'Width': 3, 'Complexity': 0, 'Fifo': 1, 'Multiplier': 1}, {'Width': 3, 'Complexity': 0, 'Fifo': 4, 'Multiplier': 5}, {'Width': 4, 'Complexity': 0, 'Fifo': 1, 'Multiplier': 1}, {'Width': 3, 'Complexity': 0, 'Fifo': 1, 'Multiplier': 5}, {'Width': 3, 'Complexity': 0, 'Fifo': 2, 'Multiplier': 1}, {'Width': 3, 'Complexity': 1, 'Fifo': 2, 'Multiplier': 1}, {'Width': 4, 'Complexity': 1, 'Fifo': 1, 'Multiplier': 2}, {'Width': 4, 'Complexity': 1, 'Fifo': 1, 'Multiplier': 2}, {'Width': 3, 'Complexity': 0, 'Fifo': 1, 'Multiplier': 1}, {'Width': 3, 'Complexity': 1, 'Fifo': 2, 'Multiplier': 1}, {'Width': 3, 'Complexity': 0, 'Fifo': 2, 'Multiplier': 2}, {'Width': 3, 'Complexity': 0, 'Fifo': 2, 'Multiplier': 1}, {'Width': 3, 'Complexity': 0, 'Fifo': 2, 'Multiplier': 1}, {'Width': 6, 'Complexity': 0, 'Fifo': 1, 'Multiplier': 1}, {'Width': 3, 'Complexity': 0, 'Fifo': 2, 'Multiplier': 1}, {'Width': 4, 'Complexity': 0, 'Fifo': 1, 'Multiplier': 2}, {'Width': 3, 'Complexity': 0, 'Fifo': 4, 'Multiplier': 20}, {'Width': 3, 'Complexity': 0, 'Fifo': 4, 'Multiplier': 1}, {'Width': 3, 'Complexity': 1, 'Fifo': 1, 'Multiplier': 10}, {'Width': 3, 'Complexity': 1, 'Fifo': 4, 'Multiplier': 1}
0.41975353518343883, 0.22587868316250503, 0.5408491849332049, 0.41975353518343883, 0.7521428537104828, 0.45467580971289023, 0.3796361104778351, 0.3796361104778351, 0.6107123475465449, 0.45467580971289023, 0.22587868316250503, 0.419850993356651, 0.6107140280978589, 0.6083099444097436, 0.419850993356651, 0.3777953346322278, 0.22587868316250503, 0.419850993356651, 0.4475718587069908, 0.45467580971289023
18.852602005004883, 19.2949321269989, 20.35438871383667, 20.490477085113525, 20.61454176902771, 20.663468599319458, 20.767322540283203, 20.785876989364624, 20.937446355819702, 21.00985884666443, 21.25179672241211, 21.28523063659668, 21.313899517059326, 21.621306896209717, 22.006452083587646, 22.32834529876709, 12.153327465057373, 12.380192041397095, 13.884572982788086, 12.723607778549194