{'Width': 3, 'Complexity': 1, 'Fifo': 3, 'Multiplier': 1}, {'Width': 3, 'Complexity': 0, 'Fifo': 1, 'Multiplier': 1}, {'Width': 4, 'Complexity': 0, 'Fifo': 4, 'Multiplier': 1}, {'Width': 3, 'Complexity': 0, 'Fifo': 4, 'Multiplier': 2}, {'Width': 3, 'Complexity': 1, 'Fifo': 4, 'Multiplier': 5}, {'Width': 3, 'Complexity': 0, 'Fifo': 2, 'Multiplier': 1}, {'Width': 4, 'Complexity': 0, 'Fifo': 1, 'Multiplier': 2}, {'Width': 3, 'Complexity': 0, 'Fifo': 1, 'Multiplier': 2}, {'Width': 3, 'Complexity': 0, 'Fifo': 2, 'Multiplier': 1}, {'Width': 3, 'Complexity': 0, 'Fifo': 3, 'Multiplier': 1}, {'Width': 3, 'Complexity': 0, 'Fifo': 2, 'Multiplier': 2}, {'Width': 3, 'Complexity': 0, 'Fifo': 3, 'Multiplier': 5}, {'Width': 3, 'Complexity': 1, 'Fifo': 4, 'Multiplier': 2}, {'Width': 5, 'Complexity': 0, 'Fifo': 4, 'Multiplier': 2}, {'Width': 3, 'Complexity': 0, 'Fifo': 1, 'Multiplier': 2}, {'Width': 4, 'Complexity': 0, 'Fifo': 2, 'Multiplier': 2}, {'Width': 3, 'Complexity': 1, 'Fifo': 4, 'Multiplier': 1}, {'Width': 3, 'Complexity': 0, 'Fifo': 3, 'Multiplier': 2}, {'Width': 7, 'Complexity': 1, 'Fifo': 3, 'Multiplier': 2}, {'Width': 3, 'Complexity': 0, 'Fifo': 4, 'Multiplier': 2}
0.7264299909492085, 0.41975353518343883, 0.7618840940545901, 0.22587868316250503, 0.45467580971289023, 0.419850993356651, 0.3777953346322278, 0.22581417455021324, 0.7521428537104828, 0.419850993356651, 0.22587868316250503, 0.419850993356651, 0.3139305450653319, 0.4613695020025905, 0.22581417455021324, 0.377903417660034, 0.45467580971289023, 0.22587868316250503, 0.5043635496785811, 0.22587868316250503
31.470028162002563, 32.62064599990845, 33.38331413269043, 33.47905397415161, 33.977357625961304, 33.97197461128235, 34.02192211151123, 34.38959360122681, 34.45924711227417, 34.44914174079895, 35.09420132637024, 35.614829778671265, 35.82443714141846, 36.514124631881714, 37.15738129615784, 37.36487698554993, 26.802099466323853, 27.160192489624023, 30.02646040916443, 30.05976128578186