{'Width': 3, 'Complexity': 0, 'Fifo': 2, 'Multiplier': 2}, {'Width': 3, 'Complexity': 0, 'Fifo': 2, 'Multiplier': 1}, {'Width': 4, 'Complexity': 1, 'Fifo': 1, 'Multiplier': 2}, {'Width': 3, 'Complexity': 1, 'Fifo': 1, 'Multiplier': 1}, {'Width': 3, 'Complexity': 0, 'Fifo': 4, 'Multiplier': 2}, {'Width': 3, 'Complexity': 0, 'Fifo': 3, 'Multiplier': 1}, {'Width': 7, 'Complexity': 1, 'Fifo': 1, 'Multiplier': 2}, {'Width': 7, 'Complexity': 0, 'Fifo': 1, 'Multiplier': 5}, {'Width': 3, 'Complexity': 1, 'Fifo': 4, 'Multiplier': 10}, {'Width': 7, 'Complexity': 1, 'Fifo': 1, 'Multiplier': 1}, {'Width': 3, 'Complexity': 0, 'Fifo': 3, 'Multiplier': 1}, {'Width': 5, 'Complexity': 1, 'Fifo': 1, 'Multiplier': 1}, {'Width': 7, 'Complexity': 1, 'Fifo': 3, 'Multiplier': 5}, {'Width': 7, 'Complexity': 1, 'Fifo': 1, 'Multiplier': 1}, {'Width': 3, 'Complexity': 0, 'Fifo': 4, 'Multiplier': 10}, {'Width': 3, 'Complexity': 0, 'Fifo': 4, 'Multiplier': 2}, {'Width': 3, 'Complexity': 1, 'Fifo': 1, 'Multiplier': 5}, {'Width': 4, 'Complexity': 0, 'Fifo': 1, 'Multiplier': 5}, {'Width': 4, 'Complexity': 0, 'Fifo': 2, 'Multiplier': 1}, {'Width': 3, 'Complexity': 1, 'Fifo': 2, 'Multiplier': 1}
0.22587868316250503, 0.419850993356651, 0.3796361104778351, 0.4475718587069908, 0.22587868316250503, 0.419850993356651, 0.5043395682906585, 0.713510117749666, 0.3139305450653319, 0.6099847541146686, 0.419850993356651, 0.7315223560012921, 0.6099934834895173, 0.6099847541146686, 0.419850993356651, 0.6107140280978589, 0.4475718587069908, 0.3777953346322278, 0.5408570998371044, 0.45467580971289023
7.643592357635498, 7.702564001083374, 7.880540609359741, 8.076489686965942, 8.059565305709839, 8.130009174346924, 8.345717668533325, 8.382171869277954, 8.424546718597412, 8.469204664230347, 8.472416400909424, 8.61816143989563, 8.746853590011597, 9.103707075119019, 9.185959100723267, 9.402770280838013, 5.593106746673584, 5.445663928985596, 5.445294618606567, 5.834200143814087