{'Width': 6, 'Complexity': 1, 'Fifo': 2, 'Multiplier': 2}, {'Width': 7, 'Complexity': 1, 'Fifo': 1, 'Multiplier': 5}, {'Width': 4, 'Complexity': 0, 'Fifo': 4, 'Multiplier': 2}, {'Width': 3, 'Complexity': 0, 'Fifo': 3, 'Multiplier': 1}, {'Width': 7, 'Complexity': 1, 'Fifo': 3, 'Multiplier': 5}, {'Width': 3, 'Complexity': 1, 'Fifo': 2, 'Multiplier': 1}, {'Width': 3, 'Complexity': 0, 'Fifo': 2, 'Multiplier': 5}, {'Width': 4, 'Complexity': 0, 'Fifo': 1, 'Multiplier': 2}, {'Width': 4, 'Complexity': 1, 'Fifo': 1, 'Multiplier': 2}, {'Width': 5, 'Complexity': 1, 'Fifo': 4, 'Multiplier': 1}, {'Width': 7, 'Complexity': 0, 'Fifo': 1, 'Multiplier': 2}, {'Width': 6, 'Complexity': 1, 'Fifo': 1, 'Multiplier': 1}, {'Width': 3, 'Complexity': 0, 'Fifo': 1, 'Multiplier': 1}, {'Width': 3, 'Complexity': 0, 'Fifo': 1, 'Multiplier': 2}, {'Width': 7, 'Complexity': 1, 'Fifo': 3, 'Multiplier': 1}, {'Width': 7, 'Complexity': 0, 'Fifo': 1, 'Multiplier': 2}, {'Width': 6, 'Complexity': 1, 'Fifo': 4, 'Multiplier': 2}, {'Width': 4, 'Complexity': 1, 'Fifo': 3, 'Multiplier': 1}, {'Width': 4, 'Complexity': 1, 'Fifo': 3, 'Multiplier': 1}, {'Width': 3, 'Complexity': 0, 'Fifo': 1, 'Multiplier': 1}
0.4847424486775527, 0.6099847541146686, 0.377903417660034, 0.6107140280978589, 0.6099934834895173, 0.45467580971289023, 0.419850993356651, 0.3777953346322278, 0.3796361104778351, 0.6827769515677803, 0.5335948416821916, 0.6010428856631523, 0.41975353518343883, 0.22581417455021324, 0.684310726931179, 0.5335948416821916, 0.4847424486775527, 0.5520334348262175, 0.6768754909073402, 0.6976094257526668
2.706815719604492, 2.6979849338531494, 2.784193754196167, 2.8366096019744873, 2.8386685848236084, 2.9894704818725586, 2.971592664718628, 2.9263010025024414, 3.023007392883301, 3.076737642288208, 3.061502456665039, 3.13869047164917, 3.190462112426758, 3.2252190113067627, 3.198526382446289, 3.2040047645568848, 2.5027146339416504, 2.550173282623291, 2.5173587799072266, 2.807108163833618