{'Width': 3, 'Complexity': 1, 'Fifo': 4, 'Multiplier': 10}, {'Width': 4, 'Complexity': 0, 'Fifo': 1, 'Multiplier': 50}, {'Width': 5, 'Complexity': 1, 'Fifo': 3, 'Multiplier': 1}, {'Width': 5, 'Complexity': 1, 'Fifo': 1, 'Multiplier': 2}, {'Width': 5, 'Complexity': 0, 'Fifo': 4, 'Multiplier': 10}, {'Width': 6, 'Complexity': 1, 'Fifo': 3, 'Multiplier': 1}, {'Width': 5, 'Complexity': 0, 'Fifo': 1, 'Multiplier': 10}, {'Width': 5, 'Complexity': 0, 'Fifo': 3, 'Multiplier': 10}, {'Width': 4, 'Complexity': 1, 'Fifo': 4, 'Multiplier': 20}, {'Width': 7, 'Complexity': 1, 'Fifo': 1, 'Multiplier': 50}, {'Width': 3, 'Complexity': 0, 'Fifo': 4, 'Multiplier': 10}, {'Width': 7, 'Complexity': 1, 'Fifo': 1, 'Multiplier': 5}, {'Width': 6, 'Complexity': 0, 'Fifo': 4, 'Multiplier': 100}, {'Width': 6, 'Complexity': 0, 'Fifo': 4, 'Multiplier': 10}, {'Width': 5, 'Complexity': 1, 'Fifo': 4, 'Multiplier': 1}, {'Width': 3, 'Complexity': 0, 'Fifo': 4, 'Multiplier': 5}, {'Width': 3, 'Complexity': 0, 'Fifo': 4, 'Multiplier': 50}, {'Width': 6, 'Complexity': 0, 'Fifo': 3, 'Multiplier': 100}, {'Width': 6, 'Complexity': 0, 'Fifo': 4, 'Multiplier': 2}, {'Width': 3, 'Complexity': 0, 'Fifo': 1, 'Multiplier': 2}
0.45467580971289023, 0.8588116837333647, 0.6827769515677803, 0.44576155393974004, 0.4613695020025905, 0.6011336985066399, 0.6720825701666092, 0.6720839720119343, 0.7353137653220261, 0.7249230968333147, 0.6107140280978589, 0.6099847541146686, 0.9628521306260721, 0.6780011143421788, 0.5835525588932539, 0.22587868316250503, 0.8566930612540686, 0.9628521306260721, 0.6780011143421788, 0.6107123475465449
0.9545881748199463, 0.9513607025146484, 0.9831433296203613, 0.9939372539520264, 0.9699952602386475, 1.004948616027832, 0.9791874885559082, 1.0094623565673828, 1.0583643913269043, 1.0881094932556152, 1.0946455001831055, 1.0615224838256836, 1.114100694656372, 1.162031888961792, 1.2646374702453613, 1.2647578716278076, 0.7667310237884521, 0.7672197818756104, 0.8013837337493896, 0.8254845142364502