None, None, None, None, None, None, None, None, None, None, None, None, None, None, None, None, None, None, None, None
None, None, None, None, None, None, None, None, None, None, None, None, None, None, None, None, None, None, None, None
95.16770076751709, 98.14380645751953, 98.88688921928406, 99.77992129325867, 100.17608618736267, 100.88675999641418, 101.30759692192078, 101.41271924972534, 102.03719067573547, 102.23829960823059, 102.19292116165161, 102.34264612197876, 102.82766246795654, 103.75317430496216, 104.62937712669373, 105.68349933624268, 85.05581331253052, 83.96859359741211, 86.08954405784607, 88.30429100990295