None, None, None, None, None, None, None, None, None, None, None, None, None, None, None, None, None, None, None, None
None, None, None, None, None, None, None, None, None, None, None, None, None, None, None, None, None, None, None, None
42.059993743896484, 46.20594835281372, 47.23617196083069, 48.48874378204346, 48.85648584365845, 49.18532204627991, 49.61933994293213, 50.26161527633667, 50.311564207077026, 50.66118311882019, 51.036059617996216, 52.054056882858276, 52.153404235839844, 52.21586632728577, 52.26797270774841, 52.53467154502869, 41.901228189468384, 38.32331132888794, 40.99017643928528, 40.94293284416199