None, None, None, None, None, None, None, None, None, None, None, None, None, None, None, None, None, None, None, None
None, None, None, None, None, None, None, None, None, None, None, None, None, None, None, None, None, None, None, None
3.461257219314575, 4.501847982406616, 4.655027151107788, 4.621752738952637, 4.923856258392334, 5.273537635803223, 5.383434772491455, 5.378244876861572, 5.506330490112305, 5.501540184020996, 5.4236955642700195, 5.489067792892456, 5.593874931335449, 5.506049633026123, 5.489863395690918, 5.627018690109253, 2.554511785507202, 2.6771228313446045, 2.849466323852539, 3.2592694759368896