{
  "incumbent_ids": [
    4
  ],
  "rejected_config_ids": [
    1,
    3,
    2,
    5,
    6,
    7,
    8,
    9
  ],
  "incumbents_changed": 3,
  "trajectory": [
    {
      "config_ids": [
        1
      ],
      "costs": [
        0.5770001312425315
      ],
      "trial": 1,
      "walltime": 2.6570746898651123
    },
    {
      "config_ids": [
        2
      ],
      "costs": [
        0.48756584425527216
      ],
      "trial": 2,
      "walltime": 83.0062804222107
    },
    {
      "config_ids": [
        4
      ],
      "costs": [
        0.4686879428584574
      ],
      "trial": 4,
      "walltime": 87.58997011184692
    }
  ],
  "state": {
    "queue": []
  }
}