{"config": {"BORERATIO": 1.592420736, "BORERATIO_SQUARED": 11.0889, "BRAND": 5.0, "CARBODY": 0.0, "CARHEIGHT": 0.97438707, "CARHEIGHT_SQUARED": 3445.69, "CARLENGTH": 2.766741435, "CARLENGTH_SQUARED": 31862.25, "CARWIDTH": 2.987055569, "CARWIDTH_SQUARED": 5140.89, "CAR_ID": 25.0, "CITYMPG": -0.340094367, "CITYMPG_SQUARED": 676.0, "COMPRESSIONRATIO": 2.967302581, "COMPRESSIONRATIO_SQUARED": 56.25, "CURBWEIGHT": -0.415021647, "CURBWEIGHT_SQUARED": 10432900.0, "CYLINDERNUMBER": 5.0, "ENGINELOCATION": 1.0, "ENGINESIZE": 4.263081668, "ENGINESIZE_SQUARED": 23104.0, "ENGINETYPE": 3.0, "FUELSYSTEM": 1.0, "HIGHWAYMPG": -0.982763709, "HIGHWAYMPG_SQUARED": 484.0, "HORSEPOWER": -1.422572567, "HORSEPOWER_SQUARED": 13456.0, "LOG_ENGINESIZE": 5.272999559, "MODEL": 104.0, "PEAKRPM": -1.944265301, "PEAKRPM_SQUARED": "34810000", "POWER_TO_WEIGHT_RATIO": 0.040522287, "STROKE": 0.462183319, "STROKE_SQUARED": 12.8164, "SYMBOLING": 3.0, "WHEELBASE": 1.322344173, "WHEELBASE_SQUARED": 10404.0, "carname": "plymouth fury iii"}, "score": 0.1912220587083877, "info": {}}