{
  "stats": {
    "submitted": 6,
    "finished": 6,
    "running": 0
  },
  "data": [
    [
      1,
      null,
      662124363,
      null,
      0.5323877241661046,
      0.0026798248291015625,
      1,
      1763450338.0453188,
      1763450338.0571225,
      {}
    ],
    [
      2,
      null,
      662124363,
      null,
      0.7265964866845334,
      0.002191781997680664,
      1,
      1763450338.0903044,
      1763450338.101156,
      {}
    ],
    [
      3,
      null,
      662124363,
      null,
      0.599393527999656,
      0.0028259754180908203,
      1,
      1763450347.4710171,
      1763450347.4790645,
      {}
    ],
    [
      4,
      null,
      662124363,
      null,
      0.5853176556892077,
      0.0017781257629394531,
      1,
      1763450347.4935832,
      1763450347.5007544,
      {}
    ],
    [
      5,
      null,
      662124363,
      null,
      0.6952058275442942,
      0.0016734600067138672,
      1,
      1763450347.5167258,
      1763450347.5236423,
      {}
    ],
    [
      6,
      null,
      662124363,
      null,
      0.599393527999656,
      0.0009679794311523438,
      1,
      1763450347.5462344,
      1763450347.5550318,
      {}
    ]
  ],
  "configs": {
    "1": {
      "1STFLRSF": 3063.7632050551474,
      "2NDFLRSF": 668.0407909816131,
      "3SSNPORCH": 4.945731684565544,
      "BEDROOMABVGR": 7.937947131693363,
      "BSMTFINSF1": 4209.552324783057,
      "BSMTFINSF2": 277.8952886555344,
      "BSMTFULLBATH": 1.1262000678107142,
      "BSMTHALFBATH": 1.774156492203474,
      "BSMTUNFSF": 1066.805530399084,
      "ENCLOSEDPORCH": 14.63363528251648,
      "FIREPLACES": 0.5190900592133403,
      "FULLBATH": 2.1566265737637877,
      "GARAGEAREA": 983.4477538093925,
      "GARAGECARS": 2.8395002596080303,
      "GARAGEYRBLT": 2008.5203178040683,
      "GRLIVAREA": 4165.2158443927765,
      "HALFBATH": 0.9053071774542332,
      "ID": 756.8649170715362,
      "KITCHENABVGR": 1.5141630358994007,
      "LOTAREA": 136702.9987013014,
      "LOTFRONTAGE": 181.28054692968726,
      "LOWQUALFINSF": 342.6613280363381,
      "MASVNRAREA": 267.5085127353668,
      "MISCVAL": 408.76302076503634,
      "MOSOLD": 11.120459856465459,
      "MSSUBCLASS": 75.59700437821448,
      "OPENPORCHSF": 46.746527650393546,
      "POOLAREA": 337.8109072186053,
      "SCREENPORCH": 176.87212496995926,
      "TOTALBSMTSF": 8.541341442614794,
      "TOTRMSABVGRD": 4.3923261016607285,
      "WOODDECKSF": 323.8836662163958,
      "YEARREMODADD": 2002.7945846132934,
      "YRSOLD": 2009.030954502523,
      "alley": "Pave",
      "bldgtype": "Twnhs",
      "bsmtcond": "Unknown",
      "bsmtexposure": "Unknown",
      "bsmtfintype1": "Unknown",
      "bsmtfintype2": "LwQ",
      "bsmtqual": "TA",
      "centralair": "N",
      "condition1": "Norm",
      "condition2": "RRAn",
      "electrical": "FuseA",
      "extercond": "Fa",
      "exterior1st": "Stone",
      "exterior2nd": "AsphShn",
      "exterqual": "Ex",
      "fence": "MnPrv",
      "fireplacequ": "Po",
      "foundation": "Slab",
      "functional": "Maj1",
      "garagecond": "Gd",
      "garagefinish": "Unknown",
      "garagequal": "Unknown",
      "garagetype": "CarPort",
      "heating": "OthW",
      "heatingqc": "TA",
      "housestyle": "1Story",
      "kitchenqual": "Gd",
      "landcontour": "Low",
      "landslope": "Gtl",
      "lotconfig": "FR3",
      "lotshape": "IR2",
      "masvnrtype": "BrkFace",
      "miscfeature": "TenC",
      "mszoning": "RM",
      "neighborhood": "IDOTRR",
      "paveddrive": "P",
      "poolqc": "Unknown",
      "roofmatl": "Roll",
      "roofstyle": "Hip",
      "salecondition": "Partial",
      "saletype": "ConLD",
      "street": "Grvl",
      "utilities": "AllPub"
    },
    "2": {
      "1STFLRSF": 1005.8416670906122,
      "2NDFLRSF": 1528.202623304311,
      "3SSNPORCH": 133.7640277140484,
      "BEDROOMABVGR": 4.269915147042382,
      "BSMTFINSF1": 82.26108826770864,
      "BSMTFINSF2": 1354.2330899392305,
      "BSMTFULLBATH": 2.7021445623510365,
      "BSMTHALFBATH": 0.06684285525268918,
      "BSMTUNFSF": 2235.433649538673,
      "ENCLOSEDPORCH": 75.73954538855419,
      "FIREPLACES": 0.8514850588738375,
      "FULLBATH": 1.8182495530764866,
      "GARAGEAREA": 1338.9112429232139,
      "GARAGECARS": 3.41094216443714,
      "GARAGEYRBLT": 1900.2485156870364,
      "GRLIVAREA": 3100.6677524853144,
      "HALFBATH": 1.1040752665291331,
      "ID": 709.1656465338934,
      "KITCHENABVGR": 2.304402462193267,
      "LOTAREA": 35684.545747450094,
      "LOTFRONTAGE": 244.2516514989526,
      "LOWQUALFINSF": 11.903204428581848,
      "MASVNRAREA": 216.33628539058697,
      "MISCVAL": 1802.2317697261924,
      "MOSOLD": 4.408873429390322,
      "MSSUBCLASS": 134.14694968604044,
      "OPENPORCHSF": 257.7626887027577,
      "POOLAREA": 602.3322039579679,
      "SCREENPORCH": 139.00165609466572,
      "TOTALBSMTSF": 4479.399723213418,
      "TOTRMSABVGRD": 10.431468263062955,
      "WOODDECKSF": 280.72704115775355,
      "YEARREMODADD": 1970.0788517463634,
      "YRSOLD": 2009.9122323160661,
      "alley": "Pave",
      "bldgtype": "TwnhsE",
      "bsmtcond": "TA",
      "bsmtexposure": "Unknown",
      "bsmtfintype1": "GLQ",
      "bsmtfintype2": "LwQ",
      "bsmtqual": "Gd",
      "centralair": "Y",
      "condition1": "Feedr",
      "condition2": "RRNn",
      "electrical": "FuseP",
      "extercond": "Gd",
      "exterior1st": "HdBoard",
      "exterior2nd": "CmentBd",
      "exterqual": "Fa",
      "fence": "GdPrv",
      "fireplacequ": "Ex",
      "foundation": "Stone",
      "functional": "Mod",
      "garagecond": "Ex",
      "garagefinish": "RFn",
      "garagequal": "Fa",
      "garagetype": "2Types",
      "heating": "Grav",
      "heatingqc": "Gd",
      "housestyle": "1.5Fin",
      "kitchenqual": "Gd",
      "landcontour": "Lvl",
      "landslope": "Gtl",
      "lotconfig": "CulDSac",
      "lotshape": "IR3",
      "masvnrtype": "BrkFace",
      "miscfeature": "Shed",
      "mszoning": "RH",
      "neighborhood": "StoneBr",
      "paveddrive": "P",
      "poolqc": "Gd",
      "roofmatl": "Metal",
      "roofstyle": "Gambrel",
      "salecondition": "Partial",
      "saletype": "CWD",
      "street": "Pave",
      "utilities": "AllPub"
    },
    "3": {
      "1STFLRSF": 3177.073735340224,
      "2NDFLRSF": 231.73777779084637,
      "3SSNPORCH": 402.11665452564034,
      "BEDROOMABVGR": 4.688262615035905,
      "BSMTFINSF1": 540.111129419778,
      "BSMTFINSF2": 964.4249875558164,
      "BSMTFULLBATH": 1.8739436255784927,
      "BSMTHALFBATH": 0.8758624860276971,
      "BSMTUNFSF": 1037.5475433593285,
      "ENCLOSEDPORCH": 422.5609786938397,
      "FIREPLACES": 1.7188566345415972,
      "FULLBATH": 2.879460351796218,
      "GARAGEAREA": 952.2291154384264,
      "GARAGECARS": 3.9961584714278073,
      "GARAGEYRBLT": 1918.7602749929981,
      "GRLIVAREA": 1904.2606607738458,
      "HALFBATH": 0.8303451784877824,
      "ID": 1212.9483038439796,
      "KITCHENABVGR": 2.189432398338924,
      "LOTAREA": 31192.04314916114,
      "LOTFRONTAGE": 167.1575943981543,
      "LOWQUALFINSF": 264.8061808158562,
      "MASVNRAREA": 1544.8971743029342,
      "MISCVAL": 2554.250765023472,
      "MOSOLD": 9.323588257885547,
      "MSSUBCLASS": 116.55844956775384,
      "OPENPORCHSF": 58.06551491177406,
      "POOLAREA": 237.48715581159746,
      "SCREENPORCH": 380.0921646041488,
      "TOTALBSMTSF": 257.75657892386425,
      "TOTRMSABVGRD": 4.130919434907351,
      "WOODDECKSF": 790.4350053804512,
      "YEARREMODADD": 1964.6186119783495,
      "YRSOLD": 2009.6873690827813,
      "alley": "Grvl",
      "bldgtype": "Twnhs",
      "bsmtcond": "Unknown",
      "bsmtexposure": "Mn",
      "bsmtfintype1": "ALQ",
      "bsmtfintype2": "Unknown",
      "bsmtqual": "Fa",
      "centralair": "Y",
      "condition1": "Feedr",
      "condition2": "Artery",
      "electrical": "SBrkr",
      "extercond": "Po",