{
  "incumbent_ids": [
    2
  ],
  "rejected_config_ids": [
    1,
    3,
    4,
    5
  ],
  "incumbents_changed": 2,
  "trajectory": [
    {
      "config_ids": [
        1
      ],
      "costs": [
        0.3959906772173376
      ],
      "trial": 1,
      "walltime": 3.1483864784240723
    },
    {
      "config_ids": [
        2
      ],
      "costs": [
        0.11558121832409607
      ],
      "trial": 2,
      "walltime": 158.8592929840088
    }
  ],
  "state": {
    "queue": [
      [
        5,
        1
      ]
    ]
  }
}