{
  "incumbent_ids": [
    3
  ],
  "rejected_config_ids": [
    2,
    1,
    4,
    5,
    6,
    7,
    8,
    9
  ],
  "incumbents_changed": 2,
  "trajectory": [
    {
      "config_ids": [
        1
      ],
      "costs": [
        0.27275516302171066
      ],
      "trial": 1,
      "walltime": 1.930323600769043
    },
    {
      "config_ids": [
        3
      ],
      "costs": [
        0.22987422161631887
      ],
      "trial": 3,
      "walltime": 83.10156989097595
    }
  ],
  "state": {
    "queue": []
  }
}