{
  "stats": {
    "submitted": 24,
    "finished": 24,
    "running": 0
  },
  "data": [
    [
      1,
      null,
      1192722770,
      null,
      0.42877168950559574,
      0.017615556716918945,
      1,
      1763450119.9081547,
      1763450119.9270651,
      {}
    ],
    [
      2,
      null,
      1192722770,
      null,
      0.4153374575989386,
      0.0007944107055664062,
      1,
      1763450119.9319766,
      1763450119.933818,
      {}
    ],
    [
      3,
      null,
      1192722770,
      null,
      0.31889745212409104,
      0.0012631416320800781,
      1,
      1763450121.6605031,
      1763450121.66299,
      {}
    ],
    [
      4,
      null,
      1192722770,
      null,
      0.3894681508306661,
      0.00066375732421875,
      1,
      1763450121.6679778,
      1763450121.6697571,
      {}
    ],
    [
      5,
      null,
      1192722770,
      null,
      0.34223904178071995,
      0.000560760498046875,
      1,
      1763450121.674276,
      1763450121.6759636,
      {}
    ],
    [
      6,
      null,
      1192722770,
      null,
      0.27204763135345766,
      0.0009582042694091797,
      1,
      1763450121.6806045,
      1763450121.6826386,
      {}
    ],
    [
      7,
      null,
      1192722770,
      null,
      0.33759774094337625,
      0.0009362697601318359,
      1,
      1763450121.6882777,
      1763450121.6903365,
      {}
    ],
    [
      8,
      null,
      1192722770,
      null,
      0.3778883689435605,
      0.000820159912109375,
      1,
      1763450121.6958094,
      1763450121.697692,
      {}
    ],
    [
      9,
      null,
      1192722770,
      null,
      0.49072332622388704,
      0.00400090217590332,
      1,
      1763450121.7031808,
      1763450121.708301,
      {}
    ],
    [
      10,
      null,
      1192722770,
      null,
      0.343902740281665,
      0.0007777214050292969,
      1,
      1763450121.7139134,
      1763450121.7170718,
      {}
    ],
    [
      11,
      null,
      1192722770,
      null,
      0.07991726474262828,
      0.0010294914245605469,
      1,
      1763450123.341062,
      1763450123.3431985,
      {}
    ],
    [
      12,
      null,
      1192722770,
      null,
      0.4185404626770829,
      0.0007746219635009766,
      1,
      1763450123.349741,
      1763450123.3515322,
      {}
    ],
    [
      13,
      null,
      1192722770,
      null,
      0.42140108716828073,
      0.0009069442749023438,
      1,
      1763450123.3581753,
      1763450123.360177,
      {}
    ],
    [
      14,
      null,
      1192722770,
      null,
      0.27905545275973975,
      0.0006473064422607422,
      1,
      1763450123.3667395,
      1763450123.3686323,
      {}
    ],
    [
      15,
      null,
      1192722770,
      null,
      0.31882256552977284,
      0.0006494522094726562,
      1,
      1763450123.3753166,
      1763450123.3770685,
      {}
    ],
    [
      16,
      null,
      1192722770,
      null,
      0.29237116382102535,
      0.0006322860717773438,
      1,
      1763450123.3851953,
      1763450123.3868434,
      {}
    ],
    [
      17,
      null,
      1192722770,
      null,
      0.17020162291305874,
      0.002488374710083008,
      1,
      1763450123.3939266,
      1763450123.397612,
      {}
    ],
    [
      18,
      null,
      1192722770,
      null,
      0.35308710441258995,
      0.0006880760192871094,
      1,
      1763450123.4055445,
      1763450123.4074209,
      {}
    ],
    [
      19,
      null,
      1192722770,
      null,
      0.08398385364249172,
      0.0019779205322265625,
      1,
      1763450124.6536672,
      1763450124.6569428,
      {}
    ],
    [
      20,
      null,
      1192722770,
      null,
      0.3187316258323738,
      0.0015943050384521484,
      1,
      1763450124.6656046,
      1763450124.6683183,
      {}
    ],
    [
      21,
      null,
      1192722770,
      null,
      0.30020911426829766,
      0.002553701400756836,
      1,
      1763450124.6773212,
      1763450124.6810656,
      {}
    ],
    [
      22,
      null,
      1192722770,
      null,
      0.08939278405842188,
      0.0011067390441894531,
      1,
      1763450124.6898408,
      1763450124.6923254,
      {}
    ],
    [
      23,
      null,
      1192722770,
      null,
      0.4561038159138773,
      0.0008904933929443359,
      1,
      1763450124.7004302,
      1763450124.7024143,
      {}
    ],
    [
      24,
      null,
      1192722770,
      null,
      0.43710294879011125,
      0.0014138221740722656,
      1,
      1763450124.7131913,
      1763450124.7157402,
      {}
    ]
  ],
  "configs": {
    "1": {
      "Criticality": 0.5629668043317942,
      "Criticality Modifier": 0.9683117261895694,
      "Culture": 0.14707837268940904,
      "Dynamism": 0.40550166412824484,
      "Initial Known": 0.5017315679594854,
      "Inter-Dependency": 0.4038524260395175,
      "Plan": 0.9095282993504247,
      "Size": 0.8095531996870752,
      "Team Size": 0.22189904227727644
    },
    "2": {
      "Criticality": 0.3635361797132689,
      "Criticality Modifier": 0.4076240376473179,
      "Culture": 0.8175417230784606,
      "Dynamism": 0.9831789754325557,
      "Initial Known": 0.04512342822516229,
      "Inter-Dependency": 0.5313015141840529,
      "Plan": 0.20905792150592864,
      "Size": 0.49517927828951835,
      "Team Size": 0.8860389129636731
    },
    "3": {
      "Criticality": 0.3950743716408007,
      "Criticality Modifier": 0.725240501310423,
      "Culture": 0.5349430970510924,
      "Dynamism": 0.7813041928475143,
      "Initial Known": 0.8659161552952988,
      "Inter-Dependency": 0.9698415658884659,
      "Plan": 0.39770099583084134,
      "Size": 0.4865088193390348,
      "Team Size": 0.6769814977604269
    },
    "4": {
      "Criticality": 0.5145507044857682,
      "Criticality Modifier": 0.22841376422823023,
      "Culture": 0.6612789637374752,
      "Dynamism": 0.9597736370015986,
      "Initial Known": 0.6957711366284538,
      "Inter-Dependency": 0.8100337413152151,
      "Plan": 0.38667834880781277,
      "Size": 0.5563434038029801,
      "Team Size": 0.6639127866556046
    },
    "5": {
      "Criticality": 0.15389737110578972,
      "Criticality Modifier": 0.16099326802647387,
      "Culture": 0.1750048220520911,
      "Dynamism": 0.8374326385783317,
      "Initial Known": 0.18716650426645423,
      "Inter-Dependency": 0.7483825881500055,
      "Plan": 0.43828217914937606,
      "Size": 0.7763979258310518,
      "Team Size": 0.7127023342585697
    },
    "6": {
      "Criticality": 0.5179437494666765,
      "Criticality Modifier": 0.43397253343260533,
      "Culture": 0.012802216066391325,
      "Dynamism": 0.6550800524069266,
      "Initial Known": 0.2829447479188619,
      "Inter-Dependency": 0.34625336897569886,
      "Plan": 0.5856584631885079,
      "Size": 0.41361183283737374,
      "Team Size": 0.7529676634163068
    },
    "7": {
      "Criticality": 0.5196157050381852,
      "Criticality Modifier": 0.9103236416697926,
      "Culture": 0.37362944642916096,
      "Dynamism": 0.7392119541832658,
      "Initial Known": 0.9991377283343527,
      "Inter-Dependency": 0.6923081664996773,
      "Plan": 0.2912901852374912,
      "Size": 0.4301328924102589,
      "Team Size": 0.9595074784632411
    },
    "8": {
      "Criticality": 0.5104243648941096,
      "Criticality Modifier": 0.520849092484995,
      "Culture": 0.9783639395504855,
      "Dynamism": 0.7515001024869841,
      "Initial Known": 0.24859333994491528,
      "Inter-Dependency": 0.4041732748435587,
      "Plan": 0.4514401366226722,
      "Size": 0.37818194516712755,
      "Team Size": 0.846173936107874
    },
    "9": {
      "Criticality": 0.5185072878151351,
      "Criticality Modifier": 0.8305583665861136,
      "Culture": 0.7381462675755147,
      "Dynamism": 0.6770840571533482,
      "Initial Known": 0.04357087342661689,
      "Inter-Dependency": 0.3844096070146024,