{
  "DE_params": {
    "mutation_factor": 0.5,
    "crossover_prob": 0.5,
    "strategy": "rand1_bin",
    "configspace": true,
    "boundary_fix_type": "random",
    "max_age": Infinity,
    "dimensions": 26,
    "output_path": "../results/tmp/DEHB_tmp/dehb_20251208-045808_746b",
    "async_strategy": "immediate"
  },
  "HB_params": {
    "min_fidelity": 1,
    "max_fidelity": 10,
    "min_clip": null,
    "max_clip": null,
    "eta": 3
  },
  "internals": {
    "initial_configs": [
      {
        "config_id": 0,
        "config": [
          0.7804878048780488,
          0.9487179487179487,
          0.35714285714285715,
          0.803921568627451,
          0.5806451612903226,
          0.6,
          0.08695652173913043,
          0.13636363636363635,
          0.0,
          0.8831168831168831,
          0.6086956521739131,
          0.10526315789473684,
          0.0,
          0.0,
          0.6923076923076923,
          0.7,
          0.6285714285714286,
          0.30434782608695654,
          0.0,
          0.0,
          0.0,
          0.2857142857142857,
          0.0,
          0.6818181818181818,
          0.5454545454545454,
          0.948051948051948
        ],
        "results": {
          "1.1111111111111112": {
            "score": Infinity,
            "cost": -1,
            "info": {}
          }
        }
      },
      {
        "config_id": 1,
        "config": [
          0.6341463414634146,
          0.1794871794871795,
          0.5238095238095238,
          0.13725490196078433,
          0.9032258064516129,
          0.4,
          0.6956521739130435,
          0.5454545454545454,
          0.0,
          0.14285714285714285,
          0.7681159420289855,
          0.9473684210526315,
          0.0,
          0.0,
          0.07692307692307693,
          0.5,
          0.12857142857142856,
          0.5869565217391305,
          0.0,
          0.0,
          0.0,
          0.0,
          0.0,
          0.9242424242424242,
          0.09090909090909091,
          0.45454545454545453
        ],
        "results": {
          "1.1111111111111112": {
            "score": Infinity,
            "cost": -1,
            "info": {}
          }
        }
      },
      {
        "config_id": 2,
        "config": [
          0.5121951219512195,
          0.4358974358974359,
          0.8571428571428571,
          0.7254901960784313,
          0.03225806451612903,
          0.375,
          0.391304347826087,
          0.38636363636363635,
          0.0,
          0.025974025974025976,
          0.7971014492753623,
          0.6842105263157895,
          0.782608695652174,
          0.0,
          0.9743589743589743,
          0.9,
          0.4142857142857143,
          0.6956521739130435,
          0.0,
          0.0,
          0.0,
          0.2857142857142857,
          0.0,
          0.6363636363636364,
          0.09090909090909091,
          0.974025974025974
        ],
        "results": {
          "1.1111111111111112": {
            "score": Infinity,
            "cost": -1,
            "info": {}
          }
        }
      },
      {
        "config_id": 3,
        "config": [
          0.9024390243902439,
          0.7948717948717948,
          0.4523809523809524,
          0.23529411764705882,
          0.06451612903225806,
          0.625,
          0.391304347826087,
          0.1590909090909091,
          0.0,
          0.09090909090909091,
          0.43478260869565216,
          0.3684210526315789,
          0.4782608695652174,
          0.0,
          0.9487179487179487,
          0.9,
          0.11428571428571428,
          0.6956521739130435,
          0.0,
          0.0,
          0.0,
          0.42857142857142855,
          0.0,
          0.16666666666666666,
          0.09090909090909091,
          0.12987012987012986
        ],
        "results": {
          "1.1111111111111112": {
            "score": Infinity,
            "cost": -1,
            "info": {}
          }
        }
      },
      {
        "config_id": 4,
        "config": [
          0.926829268292683,
          0.0,
          0.7142857142857143,
          0.8823529411764706,
          0.5161290322580645,
          0.025,
          0.08695652173913043,
          0.8409090909090909,
          0.0,
          0.8571428571428571,
          0.463768115942029,
          0.8421052631578947,
          0.34782608695652173,
          0.0,
          0.3076923076923077,
          0.2,
          0.5428571428571428,
          0.6086956521739131,
          0.0,
          0.0,
          0.0,
          0.14285714285714285,
          0.0,
          0.6363636363636364,
          0.7272727272727273,
          0.6103896103896104
        ],
        "results": {
          "1.1111111111111112": {
            "score": Infinity,
            "cost": -1,
            "info": {}
          }
        }
      },
      {
        "config_id": 5,
        "config": [
          0.07317073170731707,
          0.1794871794871795,
          0.14285714285714285,
          0.0392156862745098,
          0.9354838709677419,
          0.325,
          0.7391304347826086,
          0.9772727272727273,
          0.0,
          0.6883116883116883,
          0.5217391304347826,
          0.2631578947368421,
          0.9565217391304348,
          0.0,
          0.5128205128205128,
          0.0,
          0.02857142857142857,
          0.8260869565217391,
          0.0,
          0.0,
          0.0,
          0.8571428571428571,
          0.0,
          0.42424242424242425,
          0.0,
          0.922077922077922
        ],
        "results": {
          "1.1111111111111112": {
            "score": Infinity,
            "cost": -1,
            "info": {}
          }
        }
      },
      {
        "config_id": 6,
        "config": [
          0.6829268292682927,
          0.2564102564102564,
          0.7619047619047619,
          0.6666666666666666,
          0.7096774193548387,
          0.375,
          0.6956521739130435,
          0.22727272727272727,
          0.0,
          0.2597402597402597,
          0.8260869565217391,
          0.7368421052631579,
          0.13043478260869565,
          0.0,
          0.10256410256410256,
          0.2,
          0.6285714285714286,
          0.21739130434782608,
          0.0,
          0.0,
          0.0,
          0.8571428571428571,
          0.0,
          0.6212121212121212,
          0.45454545454545453,
          0.3246753246753247
        ],
        "results": {
          "1.1111111111111112": {
            "score": Infinity,
            "cost": -1,
            "info": {}
          }
        }
      },
      {
        "config_id": 7,
        "config": [
          0.6097560975609756,
          0.7435897435897436,
          0.2857142857142857,
          0.5686274509803921,
          0.6774193548387096,
          0.125,
          0.30434782608695654,
          0.9545454545454546,
          0.0,
          0.6753246753246753,
          0.30434782608695654,
          0.631578947368421,
          0.6086956521739131,
          0.0,
          0.5769230769230769,
          0.1,
          0.5142857142857142,
          0.32608695652173914,
          0.0,
          0.0,
          0.0,
          0.42857142857142855,
          0.0,
          0.7727272727272727,
          0.7272727272727273,
          0.23376623376623376
        ],
        "results": {
          "1.1111111111111112": {
            "score": Infinity,
            "cost": -1,
            "info": {}
          }
        }
      },
      {
        "config_id": 8,