{
  "incumbent_ids": [
    9
  ],
  "rejected_config_ids": [
    2,
    3,
    4,
    5,
    6,
    7,
    1,
    8,
    10
  ],
  "incumbents_changed": 3,
  "trajectory": [
    {
      "config_ids": [
        1
      ],
      "costs": [
        0.41599679101158016
      ],
      "trial": 1,
      "walltime": 15.08253812789917
    },
    {
      "config_ids": [
        8
      ],
      "costs": [
        0.41570130504583913
      ],
      "trial": 8,
      "walltime": 119.5316333770752
    },
    {
      "config_ids": [
        9
      ],
      "costs": [
        0.24246545302043143
      ],
      "trial": 9,
      "walltime": 134.37471675872803
    }
  ],
  "state": {
    "queue": []
  }
}