{"config": {"Criticality": 0.1592847792388991, "Criticality Modifier": 0.1480007567359054, "Culture": 0.6548235132170801, "Dynamism": 0.6631683316892896, "Initial Known": 0.711749974250555, "Inter-Dependency": 0.1800426732007123, "Plan": 0.7072299315070744, "Size": 0.2717077927713082, "Team Size": 0.4382299309271112}, "score": 0.10834446929859687, "info": {}}