{
  "stats": {
    "submitted": 20,
    "finished": 20,
    "running": 0
  },
  "data": [
    [
      1,
      null,
      953453411,
      null,
      0.003299348422595272,
      0.6267199516296387,
      1,
      1763063858.7743695,
      1763063859.414028,
      {}
    ],
    [
      2,
      null,
      953453411,
      null,
      0.00383805868515541,
      0.6881823539733887,
      1,
      1763063859.4198577,
      1763063860.1216273,
      {}
    ],
    [
      3,
      null,
      953453411,
      null,
      0.2625341552671814,
      0.7810032367706299,
      1,
      1763063860.1262884,
      1763063860.9220126,
      {}
    ],
    [
      4,
      null,
      953453411,
      null,
      0.002294111041688862,
      1.219226598739624,
      1,
      1763063860.9252982,
      1763063862.160718,
      {}
    ],
    [
      5,
      null,
      953453411,
      null,
      0.00048031879209120554,
      0.9814634323120117,
      1,
      1763063862.1644776,
      1763063863.1604633,
      {}
    ],
    [
      6,
      null,
      953453411,
      null,
      0.005793654678371785,
      0.6998248100280762,
      1,
      1763063863.1661072,
      1763063863.8943188,
      {}
    ],
    [
      7,
      null,
      953453411,
      null,
      0.0008265214749892946,
      0.6588571071624756,
      1,
      1763063863.8975637,
      1763063864.5703108,
      {}
    ],
    [
      8,
      null,
      953453411,
      null,
      0.013068402670805113,
      0.6121079921722412,
      1,
      1763063864.5735693,
      1763063865.198452,
      {}
    ],
    [
      9,
      null,
      953453411,
      null,
      0.8845991057006545,
      0.6170928478240967,
      1,
      1763063865.201728,
      1763063865.8318942,
      {}
    ],
    [
      10,
      null,
      953453411,
      null,
      0.0010574096415029155,
      0.6214218139648438,
      1,
      1763063865.8354049,
      1763063866.469698,
      {}
    ],
    [
      11,
      null,
      953453411,
      null,
      0.0063205599592296435,
      0.6193995475769043,
      1,
      1763063866.473133,
      1763063867.1062267,
      {}
    ],
    [
      12,
      null,
      953453411,
      null,
      0.0010412857640558215,
      0.6344480514526367,
      1,
      1763063867.1104815,
      1763063867.7581918,
      {}
    ],
    [
      13,
      null,
      953453411,
      null,
      1.2732104655466259e-05,
      0.6246218681335449,
      1,
      1763063867.7616158,
      1763063868.399963,
      {}
    ],
    [
      14,
      null,
      953453411,
      null,
      0.03147611218763591,
      0.67138671875,
      1,
      1763063868.4041255,
      1763063869.0881493,
      {}
    ],
    [
      15,
      null,
      953453411,
      null,
      0.0022035581942408955,
      0.727543830871582,
      1,
      1763063869.0923724,
      1763063869.8352938,
      {}
    ],
    [
      16,
      null,
      953453411,
      null,
      0.002646676897650857,
      0.7061672210693359,
      1,
      1763063869.8390913,
      1763063870.5602953,
      {}
    ],
    [
      17,
      null,
      953453411,
      null,
      0.859463132466291,
      0.6932311058044434,
      1,
      1763063870.5642648,
      1763063871.2723494,
      {}
    ],
    [
      18,
      null,
      953453411,
      null,
      0.011192562285674779,
      0.7134058475494385,
      1,
      1763063871.2763164,
      1763063872.0032487,
      {}
    ],
    [
      19,
      null,
      953453411,
      null,
      0.03268252373233216,
      0.683098316192627,
      1,
      1763063872.0073326,
      1763063872.705877,
      {}
    ],
    [
      20,
      null,
      953453411,
      null,
      9.216523519262054e-06,
      0.604055643081665,
      1,
      1763063872.7097588,
      1763063873.3262768,
      {}
    ]
  ],
  "configs": {
    "1": {
      "row_id": "1345"
    },
    "2": {
      "row_id": "2769"
    },
    "3": {
      "row_id": "3463"
    },
    "4": {
      "row_id": "116"
    },
    "5": {
      "row_id": "653"
    },
    "6": {
      "row_id": "3040"
    },
    "7": {
      "row_id": "2231"
    },
    "8": {
      "row_id": "1768"
    },
    "9": {
      "row_id": "1475"
    },
    "10": {
      "row_id": "1971"
    },
    "11": {
      "row_id": "3315"
    },
    "12": {
      "row_id": "902"
    },
    "13": {
      "row_id": "247"
    },
    "14": {
      "row_id": "3619"
    },
    "15": {
      "row_id": "2626"
    },
    "16": {
      "row_id": "1170"
    },
    "17": {
      "row_id": "989"
    },
    "18": {
      "row_id": "2412"
    },
    "19": {
      "row_id": "3819"
    },
    "20": {
      "row_id": "473"
    }
  },
  "config_origins": {
    "1": "Initial Design: Sobol",
    "2": "Initial Design: Sobol",
    "3": "Initial Design: Sobol",
    "4": "Initial Design: Sobol",
    "5": "Initial Design: Sobol",
    "6": "Initial Design: Sobol",
    "7": "Initial Design: Sobol",
    "8": "Initial Design: Sobol",
    "9": "Initial Design: Sobol",
    "10": "Initial Design: Sobol",
    "11": "Initial Design: Sobol",
    "12": "Initial Design: Sobol",
    "13": "Initial Design: Sobol",
    "14": "Initial Design: Sobol",
    "15": "Initial Design: Sobol",
    "16": "Initial Design: Sobol",
    "17": "Initial Design: Sobol",
    "18": "Initial Design: Sobol",
    "19": "Initial Design: Sobol",
    "20": "Initial Design: Sobol"
  }
}