{
  "incumbent_ids": [
    16
  ],
  "rejected_config_ids": [
    2,
    3,
    1,
    5,
    6,
    7,
    8,
    9,
    10,
    11,
    12,
    4,
    14,
    15,
    13,
    17,
    18,
    19,
    20,
    21,
    22,
    23,
    24
  ],
  "incumbents_changed": 4,
  "trajectory": [
    {
      "config_ids": [
        1
      ],
      "costs": [
        0.135536152202836
      ],
      "trial": 1,
      "walltime": 0.012232542037963867
    },
    {
      "config_ids": [
        4
      ],
      "costs": [
        0.11460509712247391
      ],
      "trial": 4,
      "walltime": 3.0928988456726074
    },
    {
      "config_ids": [
        13
      ],
      "costs": [
        0.07786496823656486
      ],
      "trial": 13,
      "walltime": 6.711260795593262
    },
    {
      "config_ids": [
        16
      ],
      "costs": [
        0.06190441354504006
      ],
      "trial": 16,
      "walltime": 6.7716147899627686
    }
  ],
  "state": {
    "queue": [
      [
        24,
        1
      ]
    ]
  }
}