{
  "incumbent_ids": [
    7
  ],
  "rejected_config_ids": [
    1,
    2,
    4,
    5,
    6,
    3,
    8,
    9
  ],
  "incumbents_changed": 4,
  "trajectory": [
    {
      "config_ids": [
        1
      ],
      "costs": [
        0.8706470083190399
      ],
      "trial": 1,
      "walltime": 3.1764273643493652
    },
    {
      "config_ids": [
        2
      ],
      "costs": [
        0.8083155355588826
      ],
      "trial": 2,
      "walltime": 7.98923134803772
    },
    {
      "config_ids": [
        3
      ],
      "costs": [
        0.0067381692660827275
      ],
      "trial": 3,
      "walltime": 11.15699553489685
    },
    {
      "config_ids": [
        7
      ],
      "costs": [
        0.002729532883862462
      ],
      "trial": 7,
      "walltime": 196.40465092658997
    }
  ],
  "state": {
    "queue": []
  }
}