{
  "stats": {
    "submitted": 20,
    "finished": 20,
    "running": 0
  },
  "data": [
    [
      1,
      null,
      1603867075,
      null,
      0.7925225147325886,
      2.6201324462890625,
      1,
      1763062014.4446692,
      1763062017.1182392,
      {}
    ],
    [
      2,
      null,
      1603867075,
      null,
      0.8040029387399861,
      2.1157493591308594,
      1,
      1763062017.1239867,
      1763062019.2710633,
      {}
    ],
    [
      3,
      null,
      1603867075,
      null,
      0.6435238777906792,
      2.095649003982544,
      1,
      1763062019.2749634,
      1763062021.4085,
      {}
    ],
    [
      4,
      null,
      1603867075,
      null,
      0.7018158241808362,
      2.538954734802246,
      1,
      1763062021.4121368,
      1763062023.986157,
      {}
    ],
    [
      5,
      null,
      1603867075,
      null,
      0.6586541982041298,
      2.500922203063965,
      1,
      1763062023.994008,
      1763062026.5317602,
      {}
    ],
    [
      6,
      null,
      1603867075,
      null,
      0.6693531549281313,
      2.3035664558410645,
      1,
      1763062026.5363293,
      1763062028.8878467,
      {}
    ],
    [
      7,
      null,
      1603867075,
      null,
      0.7878846609838578,
      2.410465717315674,
      1,
      1763062028.8922079,
      1763062031.3410945,
      {}
    ],
    [
      8,
      null,
      1603867075,
      null,
      0.7895134374097099,
      2.333388566970825,
      1,
      1763062031.344796,
      1763062033.7175448,
      {}
    ],
    [
      9,
      null,
      1603867075,
      null,
      0.5395919229686982,
      2.872760534286499,
      1,
      1763062033.7219477,
      1763062036.6263654,
      {}
    ],
    [
      10,
      null,
      1603867075,
      null,
      0.648074665898936,
      2.160174608230591,
      1,
      1763062036.6301978,
      1763062038.8244462,
      {}
    ],
    [
      11,
      null,
      1603867075,
      null,
      0.7383570796343814,
      2.2089264392852783,
      1,
      1763062038.827659,
      1763062041.0701296,
      {}
    ],
    [
      12,
      null,
      1603867075,
      null,
      0.722585104351528,
      2.081508159637451,
      1,
      1763062041.0734887,
      1763062043.1901314,
      {}
    ],
    [
      13,
      null,
      1603867075,
      null,
      0.7903250487510152,
      2.0438408851623535,
      1,
      1763062043.1934607,
      1763062045.2708375,
      {}
    ],
    [
      14,
      null,
      1603867075,
      null,
      0.7061421017075581,
      2.124189853668213,
      1,
      1763062045.2741673,
      1763062047.430623,
      {}
    ],
    [
      15,
      null,
      1603867075,
      null,
      0.7912211333010927,
      2.0907113552093506,
      1,
      1763062047.4354289,
      1763062049.560052,
      {}
    ],
    [
      16,
      null,
      1603867075,
      null,
      0.7919098424251463,
      2.1815245151519775,
      1,
      1763062049.563881,
      1763062051.7798536,
      {}
    ],
    [
      17,
      null,
      1603867075,
      null,
      0.7942617902008535,
      2.1654930114746094,
      1,
      1763062051.784294,
      1763062053.9827547,
      {}
    ],
    [
      18,
      null,
      1603867075,
      null,
      0.7926056468017274,
      2.336252450942993,
      1,
      1763062053.9868379,
      1763062056.3571887,
      {}
    ],
    [
      19,
      null,
      1603867075,
      null,
      0.6726465342811156,
      2.2153546810150146,
      1,
      1763062056.3628836,
      1763062058.6150084,
      {}
    ],
    [
      20,
      null,
      1603867075,
      null,
      0.7831516127831589,
      2.572654962539673,
      1,
      1763062058.6194355,
      1763062061.2286272,
      {}
    ]
  ],
  "configs": {
    "1": {
      "row_id": "6835"
    },
    "2": {
      "row_id": "742"
    },
    "3": {
      "row_id": "3544"
    },
    "4": {
      "row_id": "9033"
    },
    "5": {
      "row_id": "7773"
    },
    "6": {
      "row_id": "4804"
    },
    "7": {
      "row_id": "1981"
    },
    "8": {
      "row_id": "5596"
    },
    "9": {
      "row_id": "5810"
    },
    "10": {
      "row_id": "1611"
    },
    "11": {
      "row_id": "3788"
    },
    "12": {
      "row_id": "8633"
    },
    "13": {
      "row_id": "9872"
    },
    "14": {
      "row_id": "2548"
    },
    "15": {
      "row_id": "351"
    },
    "16": {
      "row_id": "7070"
    },
    "17": {
      "row_id": "7458"
    },
    "18": {
      "row_id": "120"
    },
    "19": {
      "row_id": "2917"
    },
    "20": {
      "row_id": "9660"
    }
  },
  "config_origins": {
    "1": "Initial Design: Sobol",
    "2": "Initial Design: Sobol",
    "3": "Initial Design: Sobol",
    "4": "Initial Design: Sobol",
    "5": "Initial Design: Sobol",
    "6": "Initial Design: Sobol",
    "7": "Initial Design: Sobol",
    "8": "Initial Design: Sobol",
    "9": "Initial Design: Sobol",
    "10": "Initial Design: Sobol",
    "11": "Initial Design: Sobol",
    "12": "Initial Design: Sobol",
    "13": "Initial Design: Sobol",
    "14": "Initial Design: Sobol",
    "15": "Initial Design: Sobol",
    "16": "Initial Design: Sobol",
    "17": "Initial Design: Sobol",
    "18": "Initial Design: Sobol",
    "19": "Initial Design: Sobol",
    "20": "Initial Design: Sobol"
  }
}