{
  "incumbent_ids": [
    2
  ],
  "rejected_config_ids": [
    1,
    3,
    4,
    5,
    6
  ],
  "incumbents_changed": 2,
  "trajectory": [
    {
      "config_ids": [
        1
      ],
      "costs": [
        0.20454903474763864
      ],
      "trial": 1,
      "walltime": 0.019958019256591797
    },
    {
      "config_ids": [
        2
      ],
      "costs": [
        0.1513182521530737
      ],
      "trial": 2,
      "walltime": 2.7425377368927
    }
  ],
  "state": {
    "queue": [
      [
        6,
        1
      ]
    ]
  }
}