{
  "stats": {
    "submitted": 12,
    "finished": 12,
    "running": 0
  },
  "data": [
    [
      1,
      null,
      959027881,
      null,
      0.5663160613450335,
      0.006312847137451172,
      1,
      1763461594.5887876,
      1763461594.597196,
      {}
    ],
    [
      2,
      null,
      959027881,
      null,
      0.67590032001786,
      0.19286441802978516,
      1,
      1763461597.7141697,
      1763461597.9091136,
      {}
    ],
    [
      3,
      null,
      959027881,
      null,
      0.6800976674071223,
      0.007676601409912109,
      1,
      1763461597.9165215,
      1763461597.9263332,
      {}
    ],
    [
      4,
      null,
      959027881,
      null,
      0.5456433253022921,
      0.00785064697265625,
      1,
      1763461597.9396024,
      1763461597.9497783,
      {}
    ],
    [
      5,
      null,
      959027881,
      null,
      0.7558278518912078,
      0.0038619041442871094,
      1,
      1763461598.2477477,
      1763461598.2538943,
      {}
    ],
    [
      6,
      null,
      959027881,
      null,
      0.6840539558097607,
      0.0022602081298828125,
      1,
      1763461598.2630131,
      1763461598.2673078,
      {}
    ],
    [
      7,
      null,
      959027881,
      null,
      0.5456433253022921,
      0.0025467872619628906,
      1,
      1763461598.2777998,
      1763461598.287262,
      {}
    ],
    [
      8,
      null,
      959027881,
      null,
      0.5332761807722322,
      0.3617422580718994,
      1,
      1763461598.297466,
      1763461598.6613295,
      {}
    ],
    [
      9,
      null,
      959027881,
      null,
      0.5656675409156581,
      0.0034155845642089844,
      1,
      1763461598.6756227,
      1763461598.684331,
      {}
    ],
    [
      10,
      null,
      959027881,
      null,
      0.667301570966084,
      0.01750469207763672,
      1,
      1763461598.7345805,
      1763461598.755501,
      {}
    ],
    [
      11,
      null,
      959027881,
      null,
      0.6957697469097152,
      0.012370824813842773,
      1,
      1763461603.1783714,
      1763461603.1932003,
      {}
    ],
    [
      12,
      null,
      959027881,
      null,
      0.7103609842199037,
      0.002875089645385742,
      1,
      1763461603.2102077,
      1763461603.2151341,
      {}
    ]
  ],
  "configs": {
    "1": {
      "Age": 48.59036947786808,
      "BankruptcyHistory": 0.6884288378059864,
      "BaseInterestRate": 0.3896917010306119,
      "CheckingAccountBalance": 20304.132697306573,
      "CreditCardUtilizationRate": 0.11561822057977747,
      "CreditScore": 669.4283652650192,
      "DebtToIncomeRatio": 0.6475463797984055,
      "InterestRate": 0.36053796355701606,
      "JobTenure": 10.532464310526848,
      "LengthOfCreditHistory": 13.024554017931223,
      "LoanApproved": 0.6828799117356539,
      "MonthlyDebtPayments": 1591.6011158954352,
      "MonthlyIncome": 21902.443706057966,
      "MonthlyLoanPayment": 5615.9297039323865,
      "NetWorth": 998163.7234090567,
      "NumberOfCreditInquiries": 0.999519138596952,
      "NumberOfDependents": 3.81036845035851,
      "NumberOfOpenCreditLines": 12.488934333436191,
      "PaymentHistory": 15.89495750516653,
      "PreviousLoanDefaults": 0.4674867847934365,
      "SavingsAccountBalance": 99923.87778323889,
      "TotalAssets": 1856715.6546546351,
      "TotalDebtToIncomeRatio": 2.4906842191138128,
      "TotalLiabilities": 250428.5995947551,
      "UtilityBillsPaymentHistory": 0.4875117969835569,
      "applicationDate": 20003543.195922315,
      "educationLevel": "Doctorate",
      "employmentStatus": "Unemployed",
      "homeOwnershipStatus": "Own",
      "loanPurpose": "Debt Consolidation",
      "maritalStatus": "Single"
    },
    "2": {
      "Age": 79.96845630771135,
      "BankruptcyHistory": 0.3452284222164669,
      "BaseInterestRate": 0.15717765711933496,
      "CheckingAccountBalance": 49705.10568067579,
      "CreditCardUtilizationRate": 0.2959259460209761,
      "CreditScore": 349.74968283035497,
      "DebtToIncomeRatio": 0.7437271928982593,
      "InterestRate": 0.441819643455517,
      "JobTenure": 8.178620961313259,
      "LengthOfCreditHistory": 20.945993997876442,
      "LoanApproved": 0.5738995462241485,
      "MonthlyDebtPayments": 1895.1474853008986,
      "MonthlyIncome": 12978.894956781647,
      "MonthlyLoanPayment": 2969.1891377484094,
      "NetWorth": 909270.6881436243,
      "NumberOfCreditInquiries": 2.1425563937952523,
      "NumberOfDependents": 4.772805421774756,
      "NumberOfOpenCreditLines": 9.646892258954027,
      "PaymentHistory": 10.86751201186912,
      "PreviousLoanDefaults": 0.35469632303512866,
      "SavingsAccountBalance": 158839.61694563465,
      "TotalAssets": 1377385.333780336,
      "TotalDebtToIncomeRatio": 2.4216028859790804,
      "TotalLiabilities": 92984.09745253461,
      "UtilityBillsPaymentHistory": 0.45049633231109093,
      "applicationDate": 20530441.148052525,
      "educationLevel": "Bachelor",
      "employmentStatus": "Employed",
      "homeOwnershipStatus": "Own",
      "loanPurpose": "Home",
      "maritalStatus": "Married"
    },
    "3": {
      "Age": 79.93472875352775,
      "BankruptcyHistory": 0.9402051312841784,
      "BaseInterestRate": 0.3357503675156114,
      "CheckingAccountBalance": 22108.663134631628,
      "CreditCardUtilizationRate": 0.15827696267917027,
      "CreditScore": 708.9620274430237,
      "DebtToIncomeRatio": 0.34926082816622206,
      "InterestRate": 0.416388044650429,
      "JobTenure": 0.5691940849912829,
      "LengthOfCreditHistory": 7.018210801988617,
      "LoanApproved": 0.8994866664109349,
      "MonthlyDebtPayments": 2087.879137326746,
      "MonthlyIncome": 19217.972266008685,
      "MonthlyLoanPayment": 9152.304213334135,
      "NetWorth": 1830182.8629195837,
      "NumberOfCreditInquiries": 1.4508903264014834,
      "NumberOfDependents": 0.5271216402357313,
      "NumberOfOpenCreditLines": 0.01030150684284381,
      "PaymentHistory": 26.417444582168695,
      "PreviousLoanDefaults": 0.8814235616623952,
      "SavingsAccountBalance": 157890.01221000226,
      "TotalAssets": 566531.9830155328,
      "TotalDebtToIncomeRatio": 4.623649174266062,
      "TotalLiabilities": 1117002.7343691417,
      "UtilityBillsPaymentHistory": 0.4831469555128285,
      "applicationDate": 19783556.246513773,
      "educationLevel": "Doctorate",
      "employmentStatus": "Employed",
      "homeOwnershipStatus": "Own",
      "loanPurpose": "Debt Consolidation",
      "maritalStatus": "Single"
    },
    "4": {
      "Age": 19.50274071714769,
      "BankruptcyHistory": 0.3915793421534196,
      "BaseInterestRate": 0.2992553619819527,
      "CheckingAccountBalance": 4665.972397244369,
      "CreditCardUtilizationRate": 0.32666435557442197,
      "CreditScore": 421.13382150124215,
      "DebtToIncomeRatio": 0.11458350418080276,
      "InterestRate": 0.3842719708574234,
      "JobTenure": 9.144051102960463,
      "LengthOfCreditHistory": 19.451749774360678,
      "LoanApproved": 0.19279748895046167,
      "MonthlyDebtPayments": 1895.1456837111837,
      "MonthlyIncome": 10070.838280443128,
      "MonthlyLoanPayment": 8838.683902552986,
      "NetWorth": 1508340.3297995622,
      "NumberOfCreditInquiries": 6.699690328599356,
      "NumberOfDependents": 2.806744399718851,
      "NumberOfOpenCreditLines": 0.8625475388366822,
      "PaymentHistory": 19.06160811863527,
      "PreviousLoanDefaults": 0.6733737907603555,
      "SavingsAccountBalance": 143594.0004315373,
      "TotalAssets": 1906038.700758518,
      "TotalDebtToIncomeRatio": 3.788288510118498,
      "TotalLiabilities": 994452.1362946555,
      "UtilityBillsPaymentHistory": 0.9690490912210452,
      "applicationDate": 19895110.983821183,
      "educationLevel": "Associate",
      "employmentStatus": "Employed",
      "homeOwnershipStatus": "Other",
      "loanPurpose": "Home",
      "maritalStatus": "Single"
    },