{
  "stats": {
    "submitted": 20,
    "finished": 20,
    "running": 0
  },
  "data": [
    [
      1,
      null,
      1687321482,
      null,
      0.45626145284075537,
      1.6191692352294922,
      1,
      1763060917.3681958,
      1763060919.019584,
      {}
    ],
    [
      2,
      null,
      1687321482,
      null,
      0.3055395950530362,
      1.911424160003662,
      1,
      1763060919.0274858,
      1763060920.9729426,
      {}
    ],
    [
      3,
      null,
      1687321482,
      null,
      0.29856531563732125,
      1.9585354328155518,
      1,
      1763060920.9814367,
      1763060922.9800463,
      {}
    ],
    [
      4,
      null,
      1687321482,
      null,
      0.16461020545640503,
      1.8760416507720947,
      1,
      1763060922.9837885,
      1763060924.8967524,
      {}
    ],
    [
      5,
      null,
      1687321482,
      null,
      0.2698931860315694,
      2.0032083988189697,
      1,
      1763060924.9027936,
      1763060926.9417126,
      {}
    ],
    [
      6,
      null,
      1687321482,
      null,
      0.27043595054409497,
      1.8555917739868164,
      1,
      1763060926.9455543,
      1763060928.8987393,
      {}
    ],
    [
      7,
      null,
      1687321482,
      null,
      0.30749645010151805,
      1.8817033767700195,
      1,
      1763060928.9022841,
      1763060930.8156323,
      {}
    ],
    [
      8,
      null,
      1687321482,
      null,
      0.19596538086690796,
      1.8710942268371582,
      1,
      1763060930.8189952,
      1763060932.723285,
      {}
    ],
    [
      9,
      null,
      1687321482,
      null,
      0.4094095823684005,
      1.6993825435638428,
      1,
      1763060932.7266202,
      1763060934.4586947,
      {}
    ],
    [
      10,
      null,
      1687321482,
      null,
      0.1534458391138218,
      1.6463680267333984,
      1,
      1763060934.4618692,
      1763060936.1419764,
      {}
    ],
    [
      11,
      null,
      1687321482,
      null,
      0.3427205649966252,
      1.8119690418243408,
      1,
      1763060936.1471906,
      1763060937.9947143,
      {}
    ],
    [
      12,
      null,
      1687321482,
      null,
      0.2170297370909533,
      1.9426181316375732,
      1,
      1763060937.9981835,
      1763060939.9789062,
      {}
    ],
    [
      13,
      null,
      1687321482,
      null,
      0.23307475958637847,
      1.8570055961608887,
      1,
      1763060939.9841099,
      1763060941.8815572,
      {}
    ],
    [
      14,
      null,
      1687321482,
      null,
      0.17646890298256301,
      1.7637841701507568,
      1,
      1763060941.8853924,
      1763060943.6832745,
      {}
    ],
    [
      15,
      null,
      1687321482,
      null,
      0.1829574739947284,
      1.7211332321166992,
      1,
      1763060943.6873684,
      1763060945.4423897,
      {}
    ],
    [
      16,
      null,
      1687321482,
      null,
      0.13131476940896625,
      1.708420991897583,
      1,
      1763060945.44642,
      1763060947.1922355,
      {}
    ],
    [
      17,
      null,
      1687321482,
      null,
      0.13729413030762694,
      1.8707351684570312,
      1,
      1763060947.196724,
      1763060949.1017728,
      {}
    ],
    [
      18,
      null,
      1687321482,
      null,
      0.2029326053680116,
      1.8777854442596436,
      1,
      1763060949.1060665,
      1763060951.0171483,
      {}
    ],
    [
      19,
      null,
      1687321482,
      null,
      0.11149037384469296,
      1.63651442527771,
      1,
      1763060951.0212846,
      1763060952.6921597,
      {}
    ],
    [
      20,
      null,
      1687321482,
      null,
      0.2966976942378263,
      1.6542048454284668,
      1,
      1763060952.69684,
      1763060954.3851197,
      {}
    ]
  ],
  "configs": {
    "1": {
      "row_id": "8268"
    },
    "2": {
      "row_id": "2467"
    },
    "3": {
      "row_id": "3484"
    },
    "4": {
      "row_id": "7097"
    },
    "5": {
      "row_id": "5142"
    },
    "6": {
      "row_id": "4340"
    },
    "7": {
      "row_id": "361"
    },
    "8": {
      "row_id": "8973"
    },
    "9": {
      "row_id": "9586"
    },
    "10": {
      "row_id": "1011"
    },
    "11": {
      "row_id": "4999"
    },
    "12": {
      "row_id": "5760"
    },
    "13": {
      "row_id": "6462"
    },
    "14": {
      "row_id": "2887"
    },
    "15": {
      "row_id": "1873"
    },
    "16": {
      "row_id": "7634"
    },
    "17": {
      "row_id": "7893"
    },
    "18": {
      "row_id": "1506"
    },
    "19": {
      "row_id": "2521"
    },
    "20": {
      "row_id": "6720"
    }
  },
  "config_origins": {
    "1": "Initial Design: Sobol",
    "2": "Initial Design: Sobol",
    "3": "Initial Design: Sobol",
    "4": "Initial Design: Sobol",
    "5": "Initial Design: Sobol",
    "6": "Initial Design: Sobol",
    "7": "Initial Design: Sobol",
    "8": "Initial Design: Sobol",
    "9": "Initial Design: Sobol",
    "10": "Initial Design: Sobol",
    "11": "Initial Design: Sobol",
    "12": "Initial Design: Sobol",
    "13": "Initial Design: Sobol",
    "14": "Initial Design: Sobol",
    "15": "Initial Design: Sobol",
    "16": "Initial Design: Sobol",
    "17": "Initial Design: Sobol",
    "18": "Initial Design: Sobol",
    "19": "Initial Design: Sobol",
    "20": "Initial Design: Sobol"
  }
}