{
  "incumbent_ids": [
    4
  ],
  "rejected_config_ids": [
    1,
    3,
    2,
    5
  ],
  "incumbents_changed": 3,
  "trajectory": [
    {
      "config_ids": [
        1
      ],
      "costs": [
        0.3394913830141302
      ],
      "trial": 1,
      "walltime": 3.5228359699249268
    },
    {
      "config_ids": [
        2
      ],
      "costs": [
        0.2534229549593845
      ],
      "trial": 2,
      "walltime": 6.893229961395264
    },
    {
      "config_ids": [
        4
      ],
      "costs": [
        0.1910308903935256
      ],
      "trial": 4,
      "walltime": 187.835298538208
    }
  ],
  "state": {
    "queue": [
      [
        5,
        1
      ]
    ]
  }
}