{
  "incumbent_ids": [
    12
  ],
  "rejected_config_ids": [
    1,
    3,
    4,
    5,
    6,
    7,
    8,
    9,
    10,
    11,
    2,
    13,
    14,
    15,
    16,
    17,
    18
  ],
  "incumbents_changed": 3,
  "trajectory": [
    {
      "config_ids": [
        1
      ],
      "costs": [
        0.3978281099117239
      ],
      "trial": 1,
      "walltime": 0.008471488952636719
    },
    {
      "config_ids": [
        2
      ],
      "costs": [
        0.16669817711516066
      ],
      "trial": 2,
      "walltime": 0.0181119441986084
    },
    {
      "config_ids": [
        12
      ],
      "costs": [
        0.12459316589566405
      ],
      "trial": 12,
      "walltime": 2.4326577186584473
    }
  ],
  "state": {
    "queue": [
      [
        18,
        1
      ]
    ]
  }
}