{
  "DE_params": {
    "mutation_factor": 0.5,
    "crossover_prob": 0.5,
    "strategy": "rand1_bin",
    "configspace": true,
    "boundary_fix_type": "random",
    "max_age": Infinity,
    "dimensions": 26,
    "output_path": "../results/tmp/DEHB_tmp/dehb_20251208-045804_2d1b",
    "async_strategy": "immediate"
  },
  "HB_params": {
    "min_fidelity": 1,
    "max_fidelity": 10,
    "min_clip": null,
    "max_clip": null,
    "eta": 3
  },
  "internals": {
    "initial_configs": [
      {
        "config_id": 0,
        "config": [
          0.0975609756097561,
          0.15384615384615385,
          0.8095238095238095,
          0.47058823529411764,
          0.3870967741935484,
          0.225,
          0.6956521739130435,
          0.22727272727272727,
          0.0,
          0.012987012987012988,
          0.8405797101449275,
          0.631578947368421,
          0.0,
          0.0,
          0.3333333333333333,
          0.6,
          0.8,
          0.34782608695652173,
          0.0,
          0.0,
          0.0,
          0.14285714285714285,
          0.0,
          0.7575757575757576,
          0.45454545454545453,
          0.7402597402597403
        ],
        "results": {
          "1.1111111111111112": {
            "score": Infinity,
            "cost": -1,
            "info": {}
          }
        }
      },
      {
        "config_id": 1,
        "config": [
          0.6585365853658537,
          0.717948717948718,
          0.19047619047619047,
          0.43137254901960786,
          0.8387096774193549,
          0.25,
          0.9130434782608695,
          0.0,
          0.0,
          0.2597402597402597,
          0.08695652173913043,
          0.2631578947368421,
          0.30434782608695654,
          0.0,
          0.14102564102564102,
          0.4,
          0.8714285714285714,
          0.6521739130434783,
          0.0,
          0.0,
          0.0,
          0.14285714285714285,
          0.0,
          0.8484848484848485,
          0.18181818181818182,
          0.8181818181818182
        ],
        "results": {
          "1.1111111111111112": {
            "score": Infinity,
            "cost": -1,
            "info": {}
          }
        }
      },
      {
        "config_id": 2,
        "config": [
          0.04878048780487805,
          0.7692307692307693,
          0.5476190476190477,
          0.39215686274509803,
          0.8064516129032258,
          0.925,
          0.6956521739130435,
          0.5909090909090909,
          0.0,
          0.3116883116883117,
          0.2898550724637681,
          0.47368421052631576,
          0.5652173913043478,
          0.0,
          0.8076923076923077,
          0.8,
          0.4142857142857143,
          0.1956521739130435,
          0.0,
          0.0,
          0.0,
          0.14285714285714285,
          0.0,
          0.0,
          0.2727272727272727,
          0.6623376623376623
        ],
        "results": {
          "1.1111111111111112": {
            "score": Infinity,
            "cost": -1,
            "info": {}
          }
        }
      },
      {
        "config_id": 3,
        "config": [
          0.43902439024390244,
          0.41025641025641024,
          0.047619047619047616,
          0.9607843137254902,
          0.2903225806451613,
          0.5,
          0.4782608695652174,
          0.6136363636363636,
          0.0,
          0.2077922077922078,
          0.8695652173913043,
          0.631578947368421,
          0.782608695652174,
          0.0,
          0.6282051282051282,
          0.2,
          0.0,
          0.391304347826087,
          0.0,
          0.0,
          0.0,
          0.42857142857142855,
          0.0,
          0.3939393939393939,
          0.5454545454545454,
          0.37662337662337664
        ],
        "results": {
          "1.1111111111111112": {
            "score": Infinity,
            "cost": -1,
            "info": {}
          }
        }
      },
      {
        "config_id": 4,
        "config": [
          0.14634146341463414,
          0.02564102564102564,
          0.023809523809523808,
          0.27450980392156865,
          0.7096774193548387,
          0.4,
          0.9130434782608695,
          0.6363636363636364,
          0.0,
          0.6623376623376623,
          0.7536231884057971,
          0.05263157894736842,
          0.782608695652174,
          0.0,
          0.32051282051282054,
          0.6,
          0.7428571428571429,
          0.4782608695652174,
          0.0,
          0.0,
          0.0,
          0.42857142857142855,
          0.0,
          0.5757575757575758,
          0.45454545454545453,
          0.42857142857142855
        ],
        "results": {
          "1.1111111111111112": {
            "score": Infinity,
            "cost": -1,
            "info": {}
          }
        }
      },
      {
        "config_id": 5,
        "config": [
          0.12195121951219512,
          0.6153846153846154,
          0.47619047619047616,
          0.39215686274509803,
          0.0,
          0.05,
          0.2608695652173913,
          0.36363636363636365,
          0.0,
          0.4155844155844156,
          0.7681159420289855,
          0.10526315789473684,
          0.2608695652173913,
          0.0,
          0.5769230769230769,
          0.3,
          0.1,
          0.9565217391304348,
          0.0,
          0.0,
          0.0,
          0.2857142857142857,
          0.0,
          0.9696969696969697,
          0.18181818181818182,
          0.9090909090909091
        ],
        "results": {
          "1.1111111111111112": {
            "score": Infinity,
            "cost": -1,
            "info": {}
          }
        }
      },
      {
        "config_id": 6,
        "config": [
          0.7317073170731707,
          0.6410256410256411,
          0.11904761904761904,
          0.49019607843137253,
          0.7419354838709677,
          0.3,
          0.043478260869565216,
          0.5454545454545454,
          0.0,
          0.3246753246753247,
          0.3188405797101449,
          0.5263157894736842,
          0.34782608695652173,
          0.0,
          0.7564102564102564,
          0.0,
          0.21428571428571427,
          0.5652173913043478,
          0.0,
          0.0,
          0.0,
          0.14285714285714285,
          0.0,
          0.6515151515151515,
          0.2727272727272727,
          0.8051948051948052
        ],
        "results": {
          "1.1111111111111112": {
            "score": Infinity,
            "cost": -1,
            "info": {}
          }
        }
      },
      {
        "config_id": 7,
        "config": [
          0.0975609756097561,
          0.48717948717948717,
          0.7857142857142857,
          0.8235294117647058,
          0.2903225806451613,
          0.7,
          0.9565217391304348,
          0.22727272727272727,
          0.0,
          0.6103896103896104,
          0.10144927536231885,
          0.8421052631578947,
          0.08695652173913043,
          0.0,
          0.16666666666666666,
          0.9,
          0.6571428571428571,
          0.2826086956521739,
          0.0,
          0.0,
          0.0,
          0.5714285714285714,
          0.0,
          0.9242424242424242,
          0.18181818181818182,
          0.5714285714285714
        ],
        "results": {
          "1.1111111111111112": {
            "score": Infinity,
            "cost": -1,
            "info": {}
          }
        }
      },
      {
        "config_id": 8,