{
  "incumbent_ids": [
    2
  ],
  "rejected_config_ids": [
    1
  ],
  "incumbents_changed": 2,
  "trajectory": [
    {
      "config_ids": [
        1
      ],
      "costs": [
        0.2532574770473539
      ],
      "trial": 1,
      "walltime": 1.641171932220459
    },
    {
      "config_ids": [
        2
      ],
      "costs": [
        0.2131823363401003
      ],
      "trial": 2,
      "walltime": 3.4216697216033936
    }
  ],
  "state": {
    "queue": []
  }
}