{
  "stats": {
    "submitted": 18,
    "finished": 18,
    "running": 0
  },
  "data": [
    [
      1,
      null,
      378518883,
      null,
      0.41068775990379347,
      0.0006906986236572266,
      1,
      1763449881.1473129,
      1763449881.149105,
      {}
    ],
    [
      2,
      null,
      378518883,
      null,
      0.11724955970488982,
      0.0014231204986572266,
      1,
      1763449882.4020019,
      1763449882.404743,
      {}
    ],
    [
      3,
      null,
      378518883,
      null,
      0.33679130539846125,
      0.0006010532379150391,
      1,
      1763449882.4095342,
      1763449882.411224,
      {}
    ],
    [
      4,
      null,
      378518883,
      null,
      0.30075792580871585,
      0.0007841587066650391,
      1,
      1763449882.41537,
      1763449882.41723,
      {}
    ],
    [
      5,
      null,
      378518883,
      null,
      0.4173334994637974,
      0.0007183551788330078,
      1,
      1763449882.4215598,
      1763449882.4233694,
      {}
    ],
    [
      6,
      null,
      378518883,
      null,
      0.5803804893014335,
      0.0006756782531738281,
      1,
      1763449882.4281983,
      1763449882.4300263,
      {}
    ],
    [
      7,
      null,
      378518883,
      null,
      0.10310014840891457,
      0.0007557868957519531,
      1,
      1763449882.4348826,
      1763449882.436778,
      {}
    ],
    [
      8,
      null,
      378518883,
      null,
      0.09099415533055122,
      0.0005443096160888672,
      1,
      1763449882.442375,
      1763449882.444022,
      {}
    ],
    [
      9,
      null,
      378518883,
      null,
      0.1780387108964826,
      0.0005903244018554688,
      1,
      1763449882.449877,
      1763449882.4515934,
      {}
    ],
    [
      10,
      null,
      378518883,
      null,
      0.3653513535542108,
      0.0010402202606201172,
      1,
      1763449883.5928705,
      1763449883.5950928,
      {}
    ],
    [
      11,
      null,
      378518883,
      null,
      0.3179406857347016,
      0.0005772113800048828,
      1,
      1763449883.6011248,
      1763449883.60277,
      {}
    ],
    [
      12,
      null,
      378518883,
      null,
      0.48742208597614556,
      0.0005481243133544922,
      1,
      1763449883.6085083,
      1763449883.610141,
      {}
    ],
    [
      13,
      null,
      378518883,
      null,
      0.30075792580871585,
      0.00029158592224121094,
      1,
      1763449883.6160245,
      1763449883.6173804,
      {}
    ],
    [
      14,
      null,
      378518883,
      null,
      0.16171888771859566,
      0.00061798095703125,
      1,
      1763449883.6235263,
      1763449883.62521,
      {}
    ],
    [
      15,
      null,
      378518883,
      null,
      0.30075792580871585,
      0.0002963542938232422,
      1,
      1763449883.6316411,
      1763449883.6330135,
      {}
    ],
    [
      16,
      null,
      378518883,
      null,
      0.09099415533055122,
      0.00025010108947753906,
      1,
      1763449883.6396391,
      1763449883.640953,
      {}
    ],
    [
      17,
      null,
      378518883,
      null,
      0.1337660760671513,
      0.0006334781646728516,
      1,
      1763449883.6480212,
      1763449883.649716,
      {}
    ],
    [
      18,
      null,
      378518883,
      null,
      0.5876682770143007,
      0.0006308555603027344,
      1,
      1763449883.6667972,
      1763449883.6685045,
      {}
    ]
  ],
  "configs": {
    "1": {
      "Criticality": 0.08760953183420342,
      "Criticality Modifier": 0.7577558626375615,
      "Culture": 0.22367152635079227,
      "Dynamism": 0.5466188608343148,
      "Initial Known": 0.9139622579639706,
      "Inter-Dependency": 0.9937453539620561,
      "Plan": 0.35506162228344196,
      "Size": 0.658072711519418,
      "Team Size": 0.9122359317737516
    },
    "2": {
      "Criticality": 0.01566903181626985,
      "Criticality Modifier": 0.08954323309833963,
      "Culture": 0.337459881337791,
      "Dynamism": 0.25254060084486796,
      "Initial Known": 0.43817401287390356,
      "Inter-Dependency": 0.5683024894994251,
      "Plan": 0.4338922347207628,
      "Size": 0.5869748768499152,
      "Team Size": 0.8537205354817718
    },
    "3": {
      "Criticality": 0.9466886351593591,
      "Criticality Modifier": 0.04272574631604245,
      "Culture": 0.8668592618089566,
      "Dynamism": 0.46803547597037876,
      "Initial Known": 0.18254881245443424,
      "Inter-Dependency": 0.523183837514623,
      "Plan": 0.9066007600295957,
      "Size": 0.8151753731707014,
      "Team Size": 0.6709618846677446
    },
    "4": {
      "Criticality": 0.9919432775722843,
      "Criticality Modifier": 0.2635052628025005,
      "Culture": 0.3695080676208956,
      "Dynamism": 0.7810333949848826,
      "Initial Known": 0.2067387157024286,
      "Inter-Dependency": 0.4493114546540181,
      "Plan": 0.4021423881665201,
      "Size": 0.062252509448358,
      "Team Size": 0.10209643837458347
    },
    "5": {
      "Criticality": 0.912887877760174,
      "Criticality Modifier": 0.0038919527512112496,
      "Culture": 0.5143916078337165,
      "Dynamism": 0.894296268263328,
      "Initial Known": 0.4868774887468742,
      "Inter-Dependency": 0.28858150176014313,
      "Plan": 0.8737976011895602,
      "Size": 0.9634482346642091,
      "Team Size": 0.6812718992892115
    },
    "6": {
      "Criticality": 0.28168445845694345,
      "Criticality Modifier": 0.8352899138468249,
      "Culture": 0.27216301959530026,
      "Dynamism": 0.3035474948344576,
      "Initial Known": 0.44568551833346154,
      "Inter-Dependency": 0.6670436015274234,
      "Plan": 0.129974808821613,
      "Size": 0.06868100056294649,
      "Team Size": 0.3731576200354443
    },
    "7": {
      "Criticality": 0.9986115862269682,
      "Criticality Modifier": 0.17375086302474513,
      "Culture": 0.7101689598285398,
      "Dynamism": 0.4103988029939044,
      "Initial Known": 0.3273460549612785,
      "Inter-Dependency": 0.5095480625077072,
      "Plan": 0.3818116258431271,
      "Size": 0.9596797854460097,
      "Team Size": 0.8299882386080857
    },
    "8": {
      "Criticality": 0.9252892150288163,
      "Criticality Modifier": 0.0816747383479749,
      "Culture": 0.1105151810974666,
      "Dynamism": 0.265053254832884,
      "Initial Known": 0.25273599487696885,
      "Inter-Dependency": 0.6696552498673253,
      "Plan": 0.05907498163895075,
      "Size": 0.1534309299983963,
      "Team Size": 0.5589461879090414
    },
    "9": {
      "Criticality": 0.29703315725819773,
      "Criticality Modifier": 0.4147049501408539,
      "Culture": 0.3048478239861627,
      "Dynamism": 0.9631029257826726,
      "Initial Known": 0.7052232814105878,
      "Inter-Dependency": 0.13903946283076848,
      "Plan": 0.028163149617453694,
      "Size": 0.4264671958852828,
      "Team Size": 0.8863522644384122
    },
    "10": {
      "Criticality": 0.967786976507346,
      "Criticality Modifier": 0.07196882876703403,
      "Culture": 0.1479937844437161,
      "Dynamism": 0.06556694863811907,
      "Initial Known": 0.45595961223952336,
      "Inter-Dependency": 0.05940710959933334,
      "Plan": 0.19769970705871465,
      "Size": 0.3391259148899153,
      "Team Size": 0.21661883295272924
    },
    "11": {
      "Criticality": 0.42170642924584134,
      "Criticality Modifier": 0.18333417513842556,
      "Culture": 0.6270153854168642,
      "Dynamism": 0.36971996200752105,
      "Initial Known": 0.9987952409761413,
      "Inter-Dependency": 0.3261477920476623,
      "Plan": 0.1863969699907377,
      "Size": 0.4029194827970271,
      "Team Size": 0.46767768589023806
    },
    "12": {
      "Criticality": 0.8440246249457704,
      "Criticality Modifier": 0.046560687536294394,
      "Culture": 0.12401088344637701,
      "Dynamism": 0.06692005515071871,
      "Initial Known": 0.26858640213183943,
      "Inter-Dependency": 0.9109603286880272,
      "Plan": 0.6835491929307762,