{
  "incumbent_ids": [
    22
  ],
  "rejected_config_ids": [
    2,
    1,
    4,
    5,
    6,
    7,
    8,
    9,
    10,
    11,
    12,
    13,
    3,
    15,
    16,
    17,
    18,
    19,
    20,
    21,
    14,
    23,
    24,
    25,
    26,
    27,
    28,
    29,
    30,
    31,
    32,
    33,
    34,
    35,
    36,
    37,
    38,
    39,
    40,
    41,
    42,
    43,
    44,
    45,
    46
  ],
  "incumbents_changed": 4,
  "trajectory": [
    {
      "config_ids": [
        1
      ],
      "costs": [
        0.7934523870419189
      ],
      "trial": 1,
      "walltime": 0.011335134506225586
    },
    {
      "config_ids": [
        3
      ],
      "costs": [
        0.7861580659821048
      ],
      "trial": 3,
      "walltime": 0.024856090545654297
    },
    {
      "config_ids": [
        14
      ],
      "costs": [
        0.7359722850352649
      ],
      "trial": 14,
      "walltime": 1.836550235748291
    },
    {
      "config_ids": [
        22
      ],
      "costs": [
        0.7101162355010651
      ],
      "trial": 22,
      "walltime": 3.740811586380005
    }
  ],
  "state": {
    "queue": []
  }
}