{
  "stats": {
    "submitted": 46,
    "finished": 46,
    "running": 0
  },
  "data": [
    [
      1,
      null,
      44556670,
      null,
      0.7934523870419189,
      0.0035686492919921875,
      1,
      1763363242.0829508,
      1763363242.0883517,
      {}
    ],
    [
      2,
      null,
      44556670,
      null,
      0.7941628133415958,
      0.0009114742279052734,
      1,
      1763363242.0964427,
      1763363242.0989351,
      {}
    ],
    [
      3,
      null,
      44556670,
      null,
      0.7861580659821048,
      0.0007255077362060547,
      1,
      1763363242.1026459,
      1763363242.105037,
      {}
    ],
    [
      4,
      null,
      44556670,
      null,
      0.7867392440541472,
      0.0008156299591064453,
      1,
      1763363242.110208,
      1763363242.1124988,
      {}
    ],
    [
      5,
      null,
      44556670,
      null,
      0.7897237221433662,
      0.0009047985076904297,
      1,
      1763363242.1162107,
      1763363242.1185725,
      {}
    ],
    [
      6,
      null,
      44556670,
      null,
      0.7867392440541472,
      0.0007488727569580078,
      1,
      1763363242.122455,
      1763363242.12607,
      {}
    ],
    [
      7,
      null,
      44556670,
      null,
      0.7869051042704787,
      0.0008389949798583984,
      1,
      1763363242.1300054,
      1763363242.133284,
      {}
    ],
    [
      8,
      null,
      44556670,
      null,
      0.7874358364241777,
      0.0007550716400146484,
      1,
      1763363242.1375465,
      1763363242.1397169,
      {}
    ],
    [
      9,
      null,
      44556670,
      null,
      0.7934087957659337,
      0.0008080005645751953,
      1,
      1763363242.1451042,
      1763363242.1473691,
      {}
    ],
    [
      10,
      null,
      44556670,
      null,
      0.7913250433745455,
      0.0008480548858642578,
      1,
      1763363242.1527765,
      1763363242.155125,
      {}
    ],
    [
      11,
      null,
      44556670,
      null,
      0.7882257080769272,
      0.0010197162628173828,
      1,
      1763363242.169661,
      1763363242.1723623,
      {}
    ],
    [
      12,
      null,
      44556670,
      null,
      0.7913635170475214,
      0.0011932849884033203,
      1,
      1763363243.8965805,
      1763363243.899227,
      {}
    ],
    [
      13,
      null,
      44556670,
      null,
      0.7907186018577631,
      0.0005927085876464844,
      1,
      1763363243.9057515,
      1763363243.907711,
      {}
    ],
    [
      14,
      null,
      44556670,
      null,
      0.7359722850352649,
      0.0005068778991699219,
      1,
      1763363243.9148774,
      1763363243.9167693,
      {}
    ],
    [
      15,
      null,
      44556670,
      null,
      0.7901478902118505,
      0.0005404949188232422,
      1,
      1763363243.9226944,
      1763363243.9247572,
      {}
    ],
    [
      16,
      null,
      44556670,
      null,
      0.7883349515895344,
      0.00048661231994628906,
      1,
      1763363243.9297628,
      1763363243.9318213,
      {}
    ],
    [
      17,
      null,
      44556670,
      null,
      0.7819151229684874,
      0.0005123615264892578,
      1,
      1763363243.9370468,
      1763363243.940637,
      {}
    ],
    [
      18,
      null,
      44556670,
      null,
      0.7905028940330304,
      0.0005190372467041016,
      1,
      1763363243.9470975,
      1763363243.9505038,
      {}
    ],
    [
      19,
      null,
      44556670,
      null,
      0.7883349515895344,
      0.0006394386291503906,
      1,
      1763363243.9637697,
      1763363243.9657223,
      {}
    ],
    [
      20,
      null,
      44556670,
      null,
      0.7847282955649605,
      0.0009953975677490234,
      1,
      1763363245.7997134,
      1763363245.802187,
      {}
    ],
    [
      21,
      null,
      44556670,
      null,
      0.7932219892693293,
      0.0008108615875244141,
      1,
      1763363245.8101237,
      1763363245.8123746,
      {}
    ],
    [
      22,
      null,
      44556670,
      null,
      0.7101162355010651,
      0.0007717609405517578,
      1,
      1763363245.818548,
      1763363245.8208292,
      {}
    ],
    [
      23,
      null,
      44556670,
      null,
      0.7958465865442385,
      0.0010597705841064453,
      1,
      1763363245.827721,
      1763363245.8301847,
      {}
    ],
    [
      24,
      null,
      44556670,
      null,
      0.7870995706336509,
      0.0008788108825683594,
      1,
      1763363245.8371482,
      1763363245.8394752,
      {}
    ],
    [
      25,
      null,
      44556670,
      null,
      0.7916875146567781,
      0.001089334487915039,
      1,
      1763363245.846991,
      1763363245.8495693,
      {}
    ],
    [
      26,
      null,
      44556670,
      null,
      0.7916875146567781,
      0.00037789344787597656,
      1,
      1763363245.8565662,
      1763363245.8583453,
      {}
    ],
    [
      27,
      null,
      44556670,
      null,
      0.7977663798363982,
      0.0011296272277832031,
      1,
      1763363247.5895615,
      1763363247.5921504,
      {}
    ],
    [
      28,
      null,
      44556670,
      null,
      0.7911827763989279,
      0.0008420944213867188,
      1,
      1763363247.599486,
      1763363247.601631,
      {}
    ],
    [
      29,
      null,
      44556670,
      null,
      0.7948332903654384,
      0.0008175373077392578,
      1,
      1763363247.6086078,
      1763363247.6107237,
      {}
    ],
    [
      30,
      null,
      44556670,
      null,
      0.7930358628941577,
      0.0006954669952392578,
      1,
      1763363247.6181056,
      1763363247.6213288,
      {}
    ],
    [
      31,
      null,
      44556670,
      null,
      0.7872389082443497,
      0.0010766983032226562,
      1,
      1763363247.6285744,
      1763363247.6309476,
      {}
    ],
    [
      32,
      null,
      44556670,
      null,
      0.7930358628941577,
      0.0003056526184082031,
      1,
      1763363247.638417,
      1763363247.6404743,
      {}
    ],
    [
      33,
      null,
      44556670,
      null,
      0.7874068511186173,
      0.0012302398681640625,
      1,
      1763363247.6485412,
      1763363247.6510963,
      {}
    ],
    [
      34,
      null,
      44556670,
      null,
      0.7962359134968741,
      0.0007801055908203125,
      1,
      1763363247.659139,
      1763363247.6612682,
      {}
    ],
    [
      35,
      null,
      44556670,
      null,
      0.7872673567672154,
      0.0015590190887451172,
      1,
      1763363249.7884145,
      1763363249.7915103,
      {}
    ],
    [
      36,
      null,
      44556670,
      null,
      0.7872673567672154,
      0.0003352165222167969,
      1,
      1763363249.8002462,
      1763363249.8019247,
      {}
    ],
    [
      37,
      null,
      44556670,
      null,
      0.7890238199781132,
      0.0005571842193603516,
      1,
      1763363249.8117516,
      1763363249.8136714,
      {}
    ],
    [
      38,
      null,
      44556670,
      null,
      0.7936404014880718,
      0.0005636215209960938,
      1,
      1763363249.8225214,
      1763363249.8244808,
      {}
    ],
    [
      39,
      null,
      44556670,
      null,
      0.7932650519499369,
      0.0006563663482666016,
      1,
      1763363249.8336535,
      1763363249.83569,
      {}
    ],
    [
      40,
      null,
      44556670,
      null,
      0.7903976867903728,
      0.0005533695220947266,
      1,
      1763363249.8447864,
      1763363249.8466947,
      {}
    ],
    [
      41,
      null,
      44556670,
      null,
      0.7903976867903728,
      0.0002532005310058594,
      1,
      1763363249.8574405,
      1763363249.859022,
      {}
    ],
    [
      42,
      null,
      44556670,
      null,
      0.7872108773798497,
      0.0006229877471923828,
      1,
      1763363249.870574,
      1763363249.8726337,
      {}
    ],
    [
      43,
      null,
      44556670,
