{
  "stats": {
    "submitted": 20,
    "finished": 20,
    "running": 0
  },
  "data": [
    [
      1,
      null,
      59886187,
      null,
      0.6486454158448848,
      2.7758829593658447,
      1,
      1763062728.1369054,
      1763062730.9469056,
      {}
    ],
    [
      2,
      null,
      59886187,
      null,
      0.6328628254467701,
      3.5330066680908203,
      1,
      1763062730.9530401,
      1763062734.5502453,
      {}
    ],
    [
      3,
      null,
      59886187,
      null,
      0.6366039548836169,
      2.8672029972076416,
      1,
      1763062734.5536766,
      1763062737.45245,
      {}
    ],
    [
      4,
      null,
      59886187,
      null,
      0.6453804362125711,
      2.793081045150757,
      1,
      1763062737.4555001,
      1763062740.283023,
      {}
    ],
    [
      5,
      null,
      59886187,
      null,
      0.5831155101795236,
      2.0636467933654785,
      1,
      1763062740.287262,
      1763062742.3867984,
      {}
    ],
    [
      6,
      null,
      59886187,
      null,
      0.5994012531255423,
      2.2105932235717773,
      1,
      1763062742.3910522,
      1763062744.6345866,
      {}
    ],
    [
      7,
      null,
      59886187,
      null,
      0.6352469612254164,
      2.844031810760498,
      1,
      1763062744.6379697,
      1763062747.5152996,
      {}
    ],
    [
      8,
      null,
      59886187,
      null,
      0.6283526668153351,
      2.4809718132019043,
      1,
      1763062747.518697,
      1763062750.033292,
      {}
    ],
    [
      9,
      null,
      59886187,
      null,
      0.5842761668533667,
      3.0227057933807373,
      1,
      1763062750.0366328,
      1763062753.0935931,
      {}
    ],
    [
      10,
      null,
      59886187,
      null,
      0.600714842390917,
      2.4961376190185547,
      1,
      1763062753.0971384,
      1763062755.6261618,
      {}
    ],
    [
      11,
      null,
      59886187,
      null,
      0.6412481404099775,
      2.5331673622131348,
      1,
      1763062755.6298459,
      1763062758.4354055,
      {}
    ],
    [
      12,
      null,
      59886187,
      null,
      0.6472137996942929,
      2.111731767654419,
      1,
      1763062758.441685,
      1763062760.5892267,
      {}
    ],
    [
      13,
      null,
      59886187,
      null,
      0.5558257226568996,
      1.963913917541504,
      1,
      1763062760.5927892,
      1763062762.5890803,
      {}
    ],
    [
      14,
      null,
      59886187,
      null,
      0.6525260913206833,
      2.4501492977142334,
      1,
      1763062762.5937073,
      1763062765.0762992,
      {}
    ],
    [
      15,
      null,
      59886187,
      null,
      0.5892400097858266,
      2.2900760173797607,
      1,
      1763062765.0801725,
      1763062767.4048421,
      {}
    ],
    [
      16,
      null,
      59886187,
      null,
      0.6438505872846999,
      2.149766206741333,
      1,
      1763062767.4089017,
      1763062769.5918655,
      {}
    ],
    [
      17,
      null,
      59886187,
      null,
      0.5130406965377843,
      2.1906096935272217,
      1,
      1763062769.5959373,
      1763062771.8185306,
      {}
    ],
    [
      18,
      null,
      59886187,
      null,
      0.6268397634146451,
      2.2828094959259033,
      1,
      1763062771.8232038,
      1763062774.1401844,
      {}
    ],
    [
      19,
      null,
      59886187,
      null,
      0.6320450213447305,
      2.2566378116607666,
      1,
      1763062774.1482046,
      1763062776.437853,
      {}
    ],
    [
      20,
      null,
      59886187,
      null,
      0.6244370464613451,
      2.2165334224700928,
      1,
      1763062776.441996,
      1763062778.693779,
      {}
    ]
  ],
  "configs": {
    "1": {
      "row_id": "291"
    },
    "2": {
      "row_id": "5217"
    },
    "3": {
      "row_id": "9679"
    },
    "4": {
      "row_id": "4579"
    },
    "5": {
      "row_id": "2741"
    },
    "6": {
      "row_id": "7689"
    },
    "7": {
      "row_id": "7132"
    },
    "8": {
      "row_id": "2048"
    },
    "9": {
      "row_id": "1816"
    },
    "10": {
      "row_id": "6736"
    },
    "11": {
      "row_id": "8679"
    },
    "12": {
      "row_id": "3623"
    },
    "13": {
      "row_id": "4368"
    },
    "14": {
      "row_id": "9263"
    },
    "15": {
      "row_id": "6226"
    },
    "16": {
      "row_id": "1155"
    },
    "17": {
      "row_id": "907"
    },
    "18": {
      "row_id": "5850"
    },
    "19": {
      "row_id": "9044"
    },
    "20": {
      "row_id": "3964"
    }
  },
  "config_origins": {
    "1": "Initial Design: Sobol",
    "2": "Initial Design: Sobol",
    "3": "Initial Design: Sobol",
    "4": "Initial Design: Sobol",
    "5": "Initial Design: Sobol",
    "6": "Initial Design: Sobol",
    "7": "Initial Design: Sobol",
    "8": "Initial Design: Sobol",
    "9": "Initial Design: Sobol",
    "10": "Initial Design: Sobol",
    "11": "Initial Design: Sobol",
    "12": "Initial Design: Sobol",
    "13": "Initial Design: Sobol",
    "14": "Initial Design: Sobol",
    "15": "Initial Design: Sobol",
    "16": "Initial Design: Sobol",
    "17": "Initial Design: Sobol",
    "18": "Initial Design: Sobol",
    "19": "Initial Design: Sobol",
    "20": "Initial Design: Sobol"
  }
}