{
  "incumbent_ids": [
    17
  ],
  "rejected_config_ids": [
    2,
    3,
    4,
    5,
    6,
    7,
    1,
    9,
    10,
    11,
    12,
    13,
    8,
    15,
    16,
    14,
    18,
    19,
    20,
    21,
    22,
    23,
    24,
    25,
    26,
    27,
    28,
    29,
    30,
    31,
    32,
    33,
    34,
    35,
    36,
    37,
    38,
    39,
    40,
    41,
    42,
    43,
    44,
    45,
    46,
    47,
    48,
    49,
    50
  ],
  "incumbents_changed": 4,
  "trajectory": [
    {
      "config_ids": [
        1
      ],
      "costs": [
        0.3527570634142956
      ],
      "trial": 1,
      "walltime": 0.008697986602783203
    },
    {
      "config_ids": [
        8
      ],
      "costs": [
        0.3409841358282457
      ],
      "trial": 8,
      "walltime": 1.5763905048370361
    },
    {
      "config_ids": [
        14
      ],
      "costs": [
        0.31570350123607593
      ],
      "trial": 14,
      "walltime": 1.640152931213379
    },
    {
      "config_ids": [
        17
      ],
      "costs": [
        0.2229402043894
      ],
      "trial": 17,
      "walltime": 3.102562665939331
    }
  ],
  "state": {
    "queue": [
      [
        50,
        1
      ]
    ]
  }
}