{
  "incumbent_ids": [
    13
  ],
  "rejected_config_ids": [
    2,
    3,
    4,
    5,
    6,
    7,
    8,
    9,
    10,
    11,
    12,
    1,
    14,
    15,
    16,
    17,
    18,
    19,
    20,
    21,
    22,
    23,
    24,
    25,
    26,
    27,
    28,
    29,
    30,
    31,
    32,
    33,
    34,
    35,
    36,
    37,
    38,
    39,
    40,
    41,
    42,
    43,
    44,
    45,
    46,
    47,
    48,
    49,
    50
  ],
  "incumbents_changed": 2,
  "trajectory": [
    {
      "config_ids": [
        1
      ],
      "costs": [
        0.13994259461269876
      ],
      "trial": 1,
      "walltime": 0.012012720108032227
    },
    {
      "config_ids": [
        13
      ],
      "costs": [
        0.08941565438668797
      ],
      "trial": 13,
      "walltime": 2.7244796752929688
    }
  ],
  "state": {
    "queue": [
      [
        50,
        1
      ]
    ]
  }
}