{"config": {"Criticality": 0.7512005561877515, "Criticality Modifier": 0.3014195714668853, "Culture": 0.1353828375750855, "Dynamism": 0.0750747304222301, "Initial Known": 0.9094074327408216, "Inter-Dependency": 0.977736107774182, "Plan": 0.1724545874084876, "Size": 0.3242387288990479, "Team Size": 0.3588253180669813}, "score": 0.10128536543696265, "info": {}}