{
  "incumbent_ids": [
    9
  ],
  "rejected_config_ids": [
    2,
    3,
    1,
    5,
    6,
    7,
    8,
    4,
    10
  ],
  "incumbents_changed": 3,
  "trajectory": [
    {
      "config_ids": [
        1
      ],
      "costs": [
        0.44628578602351787
      ],
      "trial": 1,
      "walltime": 3.37554931640625
    },
    {
      "config_ids": [
        4
      ],
      "costs": [
        0.35117532631779524
      ],
      "trial": 4,
      "walltime": 12.835669994354248
    },
    {
      "config_ids": [
        9
      ],
      "costs": [
        0.3222778681398535
      ],
      "trial": 9,
      "walltime": 30.02368998527527
    }
  ],
  "state": {
    "queue": []
  }
}