{
  "incumbent_ids": [
    71
  ],
  "rejected_config_ids": [
    2,
    3,
    4,
    5,
    6,
    7,
    8,
    9,
    10,
    11,
    12,
    13,
    1,
    15,
    16,
    17,
    18,
    19,
    20,
    21,
    22,
    23,
    24,
    25,
    26,
    27,
    28,
    29,
    30,
    31,
    32,
    33,
    34,
    35,
    36,
    37,
    38,
    39,
    40,
    41,
    42,
    43,
    44,
    45,
    46,
    47,
    48,
    49,
    50,
    51,
    52,
    53,
    54,
    55,
    56,
    57,
    58,
    59,
    60,
    61,
    62,
    63,
    64,
    65,
    66,
    67,
    68,
    69,
    70,
    14,
    72,
    73,
    74,
    75,
    76,
    77,
    78,
    79,
    80,
    81,
    82,
    83,
    84,
    85,
    86,
    87,
    88,
    89,
    90,
    91,
    92,
    93,
    94,
    95,
    96,
    97,
    98,
    99,
    100
  ],
  "incumbents_changed": 3,
  "trajectory": [
    {
      "config_ids": [
        1
      ],
      "costs": [
        0.13322959508263832
      ],
      "trial": 1,
      "walltime": 0.00788426399230957
    },
    {
      "config_ids": [
        14
      ],
      "costs": [
        0.1327618574204641
      ],
      "trial": 14,
      "walltime": 1.9196217060089111
    },
    {
      "config_ids": [
        71
      ],
      "costs": [
        0.10503546713248746
      ],
      "trial": 71,
      "walltime": 13.643876552581787
    }
  ],
  "state": {
    "queue": [
      [
        100,
        1
      ]
    ]
  }
}