{
  "incumbent_ids": [
    6
  ],
  "rejected_config_ids": [
    2,
    1,
    4,
    5,
    3,
    7,
    8,
    9,
    10,
    11,
    12,
    13,
    14,
    15,
    16,
    17,
    18
  ],
  "incumbents_changed": 3,
  "trajectory": [
    {
      "config_ids": [
        1
      ],
      "costs": [
        0.4212986194436865
      ],
      "trial": 1,
      "walltime": 0.023715972900390625
    },
    {
      "config_ids": [
        3
      ],
      "costs": [
        0.16741324272864944
      ],
      "trial": 3,
      "walltime": 4.656185865402222
    },
    {
      "config_ids": [
        6
      ],
      "costs": [
        0.16667957883591278
      ],
      "trial": 6,
      "walltime": 4.69978666305542
    }
  ],
  "state": {
    "queue": [
      [
        18,
        1
      ]
    ]
  }
}