{
  "incumbent_ids": [
    17
  ],
  "rejected_config_ids": [
    2,
    3,
    1,
    5,
    6,
    7,
    8,
    9,
    10,
    4,
    12,
    13,
    14,
    15,
    16,
    11,
    18
  ],
  "incumbents_changed": 4,
  "trajectory": [
    {
      "config_ids": [
        1
      ],
      "costs": [
        0.46914265253109644
      ],
      "trial": 1,
      "walltime": 0.008417844772338867
    },
    {
      "config_ids": [
        4
      ],
      "costs": [
        0.37805240387025285
      ],
      "trial": 4,
      "walltime": 1.336427927017212
    },
    {
      "config_ids": [
        11
      ],
      "costs": [
        0.3272462936217604
      ],
      "trial": 11,
      "walltime": 2.9041833877563477
    },
    {
      "config_ids": [
        17
      ],
      "costs": [
        0.2713512989674487
      ],
      "trial": 17,
      "walltime": 2.9649155139923096
    }
  ],
  "state": {
    "queue": [
      [
        18,
        1
      ]
    ]
  }
}