{
  "stats": {
    "submitted": 6,
    "finished": 6,
    "running": 0
  },
  "data": [
    [
      1,
      null,
      774252441,
      null,
      Infinity,
      0.002547025680541992,
      2,
      1763362854.228385,
      1763362854.2328534,
      {}
    ],
    [
      2,
      null,
      774252441,
      null,
      Infinity,
      0.0007276535034179688,
      2,
      1763362854.242282,
      1763362854.2445414,
      {}
    ],
    [
      3,
      null,
      774252441,
      null,
      Infinity,
      0.0006799697875976562,
      2,
      1763362854.2481558,
      1763362854.2502248,
      {}
    ],
    [
      4,
      null,
      774252441,
      null,
      Infinity,
      0.0010607242584228516,
      2,
      1763362856.4776256,
      1763362856.4802232,
      {}
    ],
    [
      5,
      null,
      774252441,
      null,
      Infinity,
      0.0005877017974853516,
      2,
      1763362856.4838085,
      1763362856.485794,
      {}
    ],
    [
      6,
      null,
      774252441,
      null,
      Infinity,
      0.002165079116821289,
      2,
      1763362856.4891226,
      1763362856.492569,
      {}
    ]
  ],
  "configs": {
    "1": {
      "Max_depth": 13,
      "Min_impurity_decrease": 2.0,
      "Min_sample_leaves": 19,
      "N_estimators": 130,
      "criterion": "poisson"
    },
    "2": {
      "Max_depth": 4,
      "Min_impurity_decrease": 0.75,
      "Min_sample_leaves": 10,
      "N_estimators": 200,
      "criterion": "squared_error"
    },
    "3": {
      "Max_depth": 10,
      "Min_impurity_decrease": 0.75,
      "Min_sample_leaves": 10,
      "N_estimators": 110,
      "criterion": "poisson"
    },
    "4": {
      "Max_depth": 15,
      "Min_impurity_decrease": 9.5,
      "Min_sample_leaves": 2,
      "N_estimators": 110,
      "criterion": "poisson"
    },
    "5": {
      "Max_depth": 4,
      "Min_impurity_decrease": 9.0,
      "Min_sample_leaves": 12,
      "N_estimators": 50,
      "criterion": "squared_error"
    },
    "6": {
      "Max_depth": 9,
      "Min_impurity_decrease": 9.0,
      "Min_sample_leaves": 13,
      "N_estimators": 100,
      "criterion": "absolute_error"
    }
  },
  "config_origins": {
    "1": "Initial Design: Sobol",
    "2": "Random Search",
    "3": "Random Search",
    "4": "Acquisition Function Maximizer: Local Search",
    "5": "Acquisition Function Maximizer: Local Search",
    "6": "Acquisition Function Maximizer: Local Search"
  }
}