{
  "incumbent_ids": [
    2
  ],
  "rejected_config_ids": [
    1,
    3,
    4,
    5,
    6,
    7,
    8,
    9,
    10,
    11,
    12
  ],
  "incumbents_changed": 2,
  "trajectory": [
    {
      "config_ids": [
        1
      ],
      "costs": [
        0.4566973895171952
      ],
      "trial": 1,
      "walltime": 0.012011051177978516
    },
    {
      "config_ids": [
        2
      ],
      "costs": [
        0.3483387137213507
      ],
      "trial": 2,
      "walltime": 0.025890827178955078
    }
  ],
  "state": {
    "queue": [
      [
        12,
        1
      ]
    ]
  }
}