{
  "stats": {
    "submitted": 18,
    "finished": 18,
    "running": 0
  },
  "data": [
    [
      1,
      null,
      1165313289,
      null,
      0.36477577677132866,
      0.003011465072631836,
      1,
      1763449308.7325914,
      1763449308.7378805,
      {}
    ],
    [
      2,
      null,
      1165313289,
      null,
      0.5755372666512929,
      0.0013735294342041016,
      1,
      1763449311.3001904,
      1763449311.3033676,
      {}
    ],
    [
      3,
      null,
      1165313289,
      null,
      0.3878823623504495,
      0.0008020401000976562,
      1,
      1763449311.3095243,
      1763449311.3118527,
      {}
    ],
    [
      4,
      null,
      1165313289,
      null,
      0.4031708118947326,
      0.0006771087646484375,
      1,
      1763449311.3183196,
      1763449311.3206093,
      {}
    ],
    [
      5,
      null,
      1165313289,
      null,
      0.4673908225221113,
      0.0006771087646484375,
      1,
      1763449311.3272443,
      1763449311.330082,
      {}
    ],
    [
      6,
      null,
      1165313289,
      null,
      0.5306486905971262,
      0.0008313655853271484,
      1,
      1763449311.3370547,
      1763449311.3393772,
      {}
    ],
    [
      7,
      null,
      1165313289,
      null,
      0.39739464648001466,
      0.0006036758422851562,
      1,
      1763449311.3463275,
      1763449311.3483467,
      {}
    ],
    [
      8,
      null,
      1165313289,
      null,
      0.5223296012694791,
      0.0006673336029052734,
      1,
      1763449311.3558617,
      1763449311.3580925,
      {}
    ],
    [
      9,
      null,
      1165313289,
      null,
      0.47260616097206265,
      0.0006804466247558594,
      1,
      1763449311.3657637,
      1763449311.3678896,
      {}
    ],
    [
      10,
      null,
      1165313289,
      null,
      0.41651221055176424,
      0.0010211467742919922,
      1,
      1763449311.3851402,
      1763449311.3877454,
      {}
    ],
    [
      11,
      null,
      1165313289,
      null,
      0.3531512432797914,
      0.0007047653198242188,
      1,
      1763449311.3967168,
      1763449311.3990679,
      {}
    ],
    [
      12,
      null,
      1165313289,
      null,
      0.4167740180175906,
      0.0015478134155273438,
      1,
      1763449314.098112,
      1763449314.101509,
      {}
    ],
    [
      13,
      null,
      1165313289,
      null,
      0.4545312135246078,
      0.0010232925415039062,
      1,
      1763449314.1125972,
      1763449314.1154263,
      {}
    ],
    [
      14,
      null,
      1165313289,
      null,
      0.3397834533590205,
      0.0022106170654296875,
      1,
      1763449314.1260986,
      1763449314.129823,
      {}
    ],
    [
      15,
      null,
      1165313289,
      null,
      0.36477577677132866,
      0.0003705024719238281,
      1,
      1763449314.1423843,
      1763449314.1443148,
      {}
    ],
    [
      16,
      null,
      1165313289,
      null,
      0.35749144451846804,
      0.0009260177612304688,
      1,
      1763449314.160366,
      1763449314.162887,
      {}
    ],
    [
      17,
      null,
      1165313289,
      null,
      0.26400803025573616,
      0.0009174346923828125,
      1,
      1763449314.1760793,
      1763449314.1786113,
      {}
    ],
    [
      18,
      null,
      1165313289,
      null,
      0.4673940059492613,
      0.0013840198516845703,
      1,
      1763449317.3578258,
      1763449317.3609662,
      {}
    ]
  ],
  "configs": {
    "1": {
      " ACAP": 1.43901889026165,
      " ARCH": 3.699930709786713,
      " CPLx": 3.7982836682349443,
      " DATA": 4.6312114875763655,
      " DOCU": 3.2276134230196476,
      " FLEx": 4.870269143953919,
      " LTEx": 1.284266497939825,
      " PCAP": 2.8996786773204803,
      " PCON": 1.0615637227892876,
      " PMAT": 5.031417332589626,
      " PREC": 4.8133366080001,
      " PVOL": 2.84275780338794,
      " RELY": 1.477885875850916,
      " RUSE": 5.643059961497784,
      " SCED": 4.068918410688639,
      " SITE": 2.3993856608867645,
      " STOR": 5.316806076094508,
      " TEAM": 4.293349351733923,
      " TIME": 3.224290207028389,
      " TOOL": 1.3102590031921864
    },
    "2": {
      " ACAP": 4.99940974048709,
      " ARCH": 4.346457356951868,
      " CPLx": 5.11742627900476,
      " DATA": 2.8913299877174983,
      " DOCU": 3.7934663740739736,
      " FLEx": 5.184701464452598,
      " LTEx": 1.017042041448875,
      " PCAP": 2.447653808637422,
      " PCON": 4.713582723113208,
      " PMAT": 2.7195571325825236,
      " PREC": 3.235945219734487,
      " PVOL": 4.557146415168528,
      " RELY": 2.8358401813121414,
      " RUSE": 2.8386683382345512,
      " SCED": 3.5316147334749806,
      " SITE": 1.3168914081703438,
      " STOR": 3.274384602358351,
      " TEAM": 1.4526564238846165,
      " TIME": 4.5894229549123455,
      " TOOL": 1.748071404394541
    },
    "3": {
      " ACAP": 1.219071543353338,
      " ARCH": 1.1182169806104243,
      " CPLx": 1.9574380976220298,
      " DATA": 4.895418416354442,
      " DOCU": 3.8401245438382157,
      " FLEx": 5.944512749815008,
      " LTEx": 2.0059265351001088,
      " PCAP": 4.0949820090643065,
      " PCON": 4.9913918318202,
      " PMAT": 3.276727796856886,
      " PREC": 3.394643459999412,
      " PVOL": 3.120593383906795,
      " RELY": 2.3584265241266533,
      " RUSE": 3.126504004083399,
      " SCED": 3.792746553214671,
      " SITE": 3.4943323871156333,
      " STOR": 4.647176344116868,
      " TEAM": 4.718596384881463,
      " TIME": 4.304784861233049,
      " TOOL": 4.883162624257846
    },
    "4": {
      " ACAP": 4.862804211340261,
      " ARCH": 4.718996745014387,
      " CPLx": 3.9544718235778697,
      " DATA": 4.490955014733867,
      " DOCU": 3.0358433750919462,
      " FLEx": 3.1678704369274953,
      " LTEx": 3.634731140546542,
      " PCAP": 3.4489797025319597,
      " PCON": 1.0989440642174904,
      " PMAT": 5.481093435224659,
      " PREC": 4.458734687034539,
      " PVOL": 4.42741315255296,
      " RELY": 4.716037918473278,
      " RUSE": 5.882230591745019,
      " SCED": 2.162355053090188,
      " SITE": 3.1867244566146797,
      " STOR": 5.559065682743327,
      " TEAM": 5.898363509197638,
      " TIME": 5.433168339816743,
      " TOOL": 4.454698716779248
    },
    "5": {
      " ACAP": 2.6163243275282624,
      " ARCH": 1.7857506178574436,
      " CPLx": 3.034808461174177,
      " DATA": 2.361576910514251,
      " DOCU": 4.410877112780715,
      " FLEx": 2.951244412025483,
      " LTEx": 3.754892620474346,
      " PCAP": 1.5281924764902586,
      " PCON": 3.8895199877798716,
      " PMAT": 3.9526066524173125,
      " PREC": 2.4803476414383816,
      " PVOL": 3.2907497723128065,
      " RELY": 2.645166562292216,
      " RUSE": 4.442247080818799,
      " SCED": 3.0717563457449826,
      " SITE": 3.071992584975702,
      " STOR": 3.4515898128052047,
      " TEAM": 2.296261216689052,
      " TIME": 4.111053204574303,
      " TOOL": 1.5668284381776685
    },
    "6": {
      " ACAP": 4.999545852128742,
      " ARCH": 5.372261055707787,
      " CPLx": 5.0580913792104765,
      " DATA": 2.7544201714582615,
      " DOCU": 3.718056185699333,
      " FLEx": 3.3649141836387613,
      " LTEx": 1.6871845085022001,
      " PCAP": 4.249428418694606,
      " PCON": 4.738250279803491,
      " PMAT": 4.3277603647006515,
      " PREC": 1.8075837423165204,
      " PVOL": 4.852020843720514,
      " RELY": 3.525450327903563,
      " RUSE": 2.9304117554952405,
      " SCED": 2.2374233417378133,
      " SITE": 3.3868134741697054,
      " STOR": 5.462455141286691,
      " TEAM": 4.619792483430922,
      " TIME": 3.3735903648015437,
      " TOOL": 3.9673731058397985
    },
    "7": {
      " ACAP": 4.998599514816048,
      " ARCH": 2.4003271198941993,
      " CPLx": 5.724870641792347,
      " DATA": 2.050696743233011,
      " DOCU": 1.5576631382008892,
      " FLEx": 2.029215907374045,
      " LTEx": 4.970637246169185,