{
  "incumbent_ids": [
    3
  ],
  "rejected_config_ids": [
    2,
    1,
    4,
    5
  ],
  "incumbents_changed": 2,
  "trajectory": [
    {
      "config_ids": [
        1
      ],
      "costs": [
        0.7811533628463111
      ],
      "trial": 1,
      "walltime": 15.26107406616211
    },
    {
      "config_ids": [
        3
      ],
      "costs": [
        0.48081606703426283
      ],
      "trial": 3,
      "walltime": 721.9552671909332
    }
  ],
  "state": {
    "queue": [
      [
        5,
        1
      ]
    ]
  }
}