{
  "incumbent_ids": [
    14
  ],
  "rejected_config_ids": [
    1,
    3,
    2,
    5,
    6,
    7,
    8,
    9,
    10,
    11,
    12,
    13,
    4,
    15,
    16,
    17,
    18,
    19,
    20,
    21,
    22,
    23,
    24,
    25,
    26,
    27,
    28
  ],
  "incumbents_changed": 4,
  "trajectory": [
    {
      "config_ids": [
        1
      ],
      "costs": [
        0.3085346183665114
      ],
      "trial": 1,
      "walltime": 0.012903928756713867
    },
    {
      "config_ids": [
        2
      ],
      "costs": [
        0.20306178359391436
      ],
      "trial": 2,
      "walltime": 0.023223876953125
    },
    {
      "config_ids": [
        4
      ],
      "costs": [
        0.12761865002140194
      ],
      "trial": 4,
      "walltime": 0.04349493980407715
    },
    {
      "config_ids": [
        14
      ],
      "costs": [
        0.1260094801712459
      ],
      "trial": 14,
      "walltime": 0.18451452255249023
    }
  ],
  "state": {
    "queue": []
  }
}