{
  "incumbent_ids": [
    26
  ],
  "rejected_config_ids": [
    2,
    3,
    4,
    5,
    6,
    7,
    8,
    9,
    10,
    1,
    12,
    13,
    14,
    15,
    16,
    17,
    18,
    19,
    20,
    21,
    22,
    23,
    11,
    25,
    24,
    27,
    28
  ],
  "incumbents_changed": 4,
  "trajectory": [
    {
      "config_ids": [
        1
      ],
      "costs": [
        0.15347004868889436
      ],
      "trial": 1,
      "walltime": 0.014070272445678711
    },
    {
      "config_ids": [
        11
      ],
      "costs": [
        0.1338055868311212
      ],
      "trial": 11,
      "walltime": 0.13873791694641113
    },
    {
      "config_ids": [
        24
      ],
      "costs": [
        0.1129627458796082
      ],
      "trial": 24,
      "walltime": 3.8890933990478516
    },
    {
      "config_ids": [
        26
      ],
      "costs": [
        0.10661261446209191
      ],
      "trial": 26,
      "walltime": 3.937972068786621
    }
  ],
  "state": {
    "queue": []
  }
}