{"config": {"Criticality": 0.2097979373940097, "Criticality Modifier": 0.8740576104855224, "Culture": 0.6199819554464202, "Dynamism": 0.0184245739464529, "Initial Known": 0.4892113550295111, "Inter-Dependency": 0.9421915261492544, "Plan": 0.6870065180672402, "Size": 0.9266403315737608, "Team Size": 0.689195833615497}, "score": 0.2685846730434476, "info": {}}