{
  "DE_params": {
    "mutation_factor": 0.5,
    "crossover_prob": 0.5,
    "strategy": "rand1_bin",
    "configspace": true,
    "boundary_fix_type": "random",
    "max_age": Infinity,
    "dimensions": 64,
    "output_path": "../results/tmp/DEHB_tmp/dehb_20251208-045833_410e",
    "async_strategy": "immediate"
  },
  "HB_params": {
    "min_fidelity": 1,
    "max_fidelity": 10,
    "min_clip": null,
    "max_clip": null,
    "eta": 3
  },
  "internals": {
    "initial_configs": [
      {
        "config_id": 0,
        "config": [
          0.26851851851851855,
          0.8450704225352113,
          0.42857142857142855,
          0.6875,
          0.125,
          0.6666666666666666,
          0.37037037037037035,
          0.14285714285714285,
          0.5,
          0.0,
          0.0,
          0.0,
          0.0,
          0.0,
          0.0,
          0.0,
          0.5,
          0.5,
          0.0,
          0.0,
          0.5,
          0.0,
          0.0,
          0.0,
          0.0,
          0.5,
          0.5,
          0.0,
          0.0,
          0.5,
          0.5,
          0.0,
          0.5,
          0.0,
          0.0,
          0.5,
          0.0,
          0.5,
          0.5,
          0.0,
          0.0,
          0.0,
          0.0,
          0.0,
          0.0,
          0.0,
          0.0,
          0.0,
          0.5,
          0.0,
          0.5,
          0.0,
          0.0,
          0.5,
          0.5,
          0.5,
          0.5,
          0.0,
          0.5,
          0.0,
          0.5,
          0.0,
          0.5,
          0.0
        ],
        "results": {
          "1.1111111111111112": {
            "score": Infinity,
            "cost": -1,
            "info": {}
          }
        }
      },
      {
        "config_id": 1,
        "config": [
          0.2962962962962963,
          0.09859154929577464,
          0.7142857142857143,
          0.0625,
          0.9166666666666666,
          0.8333333333333334,
          0.1111111111111111,
          0.9285714285714286,
          0.5,
          0.5,
          0.0,
          0.5,
          0.0,
          0.5,
          0.5,
          0.0,
          0.0,
          0.5,
          0.0,
          0.5,
          0.5,
          0.0,
          0.5,
          0.5,
          0.5,
          0.0,
          0.5,
          0.0,
          0.5,
          0.5,
          0.0,
          0.0,
          0.0,
          0.0,
          0.5,
          0.5,
          0.5,
          0.0,
          0.0,
          0.0,
          0.5,
          0.0,
          0.5,
          0.5,
          0.5,
          0.0,
          0.0,
          0.0,
          0.5,
          0.0,
          0.0,
          0.5,
          0.5,
          0.5,
          0.5,
          0.0,
          0.5,
          0.5,
          0.0,
          0.0,
          0.5,
          0.5,
          0.5,
          0.0
        ],
        "results": {
          "1.1111111111111112": {
            "score": Infinity,
            "cost": -1,
            "info": {}
          }
        }
      },
      {
        "config_id": 2,
        "config": [
          0.6203703703703703,
          0.19718309859154928,
          0.0,
          0.4375,
          0.0,
          0.7777777777777778,
          0.8518518518518519,
          0.6428571428571429,
          0.5,
          0.0,
          0.0,
          0.5,
          0.0,
          0.0,
          0.0,
          0.5,
          0.0,
          0.5,
          0.0,
          0.0,
          0.5,
          0.5,
          0.5,
          0.5,
          0.5,
          0.0,
          0.0,
          0.0,
          0.0,
          0.0,
          0.5,
          0.0,
          0.0,
          0.0,
          0.5,
          0.0,
          0.5,
          0.0,
          0.5,
          0.5,
          0.0,
          0.5,
          0.5,
          0.5,
          0.5,
          0.5,
          0.0,
          0.0,
          0.5,
          0.0,
          0.0,
          0.5,
          0.0,
          0.0,
          0.0,
          0.0,
          0.5,
          0.0,
          0.5,
          0.0,
          0.5,
          0.5,
          0.0,
          0.0
        ],
        "results": {
          "1.1111111111111112": {
            "score": Infinity,
            "cost": -1,
            "info": {}
          }
        }
      },
      {
        "config_id": 3,
        "config": [
          0.12962962962962962,
          0.5915492957746479,
          0.2857142857142857,
          0.0,
          0.75,
          0.2777777777777778,
          0.0,
          0.14285714285714285,
          0.0,
          0.5,
          0.0,
          0.5,
          0.0,
          0.5,
          0.0,
          0.0,
          0.5,
          0.5,
          0.0,
          0.0,
          0.5,
          0.0,
          0.5,
          0.5,
          0.5,
          0.5,
          0.0,
          0.0,
          0.5,
          0.0,
          0.5,
          0.0,
          0.0,
          0.0,
          0.5,
          0.0,
          0.5,
          0.5,
          0.0,
          0.0,
          0.5,
          0.5,
          0.0,
          0.5,
          0.5,
          0.5,
          0.0,
          0.0,
          0.0,
          0.5,
          0.0,
          0.5,
          0.5,
          0.5,
          0.5,
          0.0,
          0.0,
          0.0,
          0.0,
          0.5,
          0.5,
          0.5,
          0.0,
          0.0
        ],
        "results": {
          "1.1111111111111112": {
            "score": Infinity,
            "cost": -1,
            "info": {}
          }
        }
      },
      {
        "config_id": 4,
        "config": [
          0.17592592592592593,
          0.6338028169014085,
          0.0,
          0.1875,
          0.5833333333333334,
          0.9444444444444444,
          0.5555555555555556,
          0.42857142857142855,
          0.0,
          0.5,
          0.0,
          0.0,
          0.5,
          0.0,
          0.0,
          0.5,
          0.5,
          0.0,
          0.0,
          0.5,
          0.0,
          0.5,
          0.0,
          0.0,
          0.0,
          0.0,
          0.0,
          0.5,
          0.0,
          0.0,
          0.0,
          0.0,
          0.0,
          0.0,
          0.0,
          0.0,
          0.5,
          0.0,
          0.5,
          0.5,
          0.0,
          0.5,
          0.0,
          0.0,
          0.0,
          0.5,
          0.0,
          0.0,
          0.5,
          0.5,
          0.5,
          0.5,
          0.5,
          0.5,
          0.0,
          0.5,
          0.0,
          0.0,
          0.0,
          0.0,
          0.0,
          0.5,
          0.5,
          0.5
        ],
        "results": {
          "1.1111111111111112": {
            "score": Infinity,
            "cost": -1,
            "info": {}
          }
        }
      },
      {
        "config_id": 5,
        "config": [
          0.25,
          0.0,
          0.7142857142857143,
          0.25,
          0.9166666666666666,
          0.2777777777777778,
          0.5185185185185185,
          0.5,
          0.5,
          0.5,
          0.0,
          0.5,
          0.0,
          0.5,
          0.0,
          0.0,
          0.0,
          0.5,
          0.0,
          0.0,
          0.5,
          0.5,
          0.5,
          0.0,
          0.0,
          0.0,
          0.5,
          0.5,
          0.0,
          0.5,
          0.5,
          0.0,
          0.0,
          0.5,
          0.0,
          0.5,
          0.5,
          0.5,
          0.0,
          0.5,
          0.0,
          0.5,
          0.5,
          0.5,
          0.0,
          0.5,
          0.0,
          0.0,
          0.5,
          0.0,
          0.5,
          0.5,
          0.0,
          0.0,
          0.5,
          0.0,
          0.0,
          0.5,
          0.5,
          0.5,
          0.0,
          0.5,
          0.0,
          0.5
        ],