{
  "stats": {
    "submitted": 6,
    "finished": 6,
    "running": 0
  },
  "data": [
    [
      1,
      null,
      1687321482,
      null,
      0.4286808284071131,
      0.0015480518341064453,
      1,
      1763449289.0096586,
      1763449289.013457,
      {}
    ],
    [
      2,
      null,
      1687321482,
      null,
      0.32445578717166956,
      0.001783609390258789,
      1,
      1763449291.7803414,
      1763449291.7846138,
      {}
    ],
    [
      3,
      null,
      1687321482,
      null,
      0.6634168110407477,
      0.0006866455078125,
      1,
      1763449291.7923098,
      1763449291.7945223,
      {}
    ],
    [
      4,
      null,
      1687321482,
      null,
      0.47265143149213684,
      0.0006773471832275391,
      1,
      1763449291.8014495,
      1763449291.8038218,
      {}
    ],
    [
      5,
      null,
      1687321482,
      null,
      0.28406516997038656,
      0.0006093978881835938,
      1,
      1763449291.8104665,
      1763449291.8125074,
      {}
    ],
    [
      6,
      null,
      1687321482,
      null,
      0.5705734903880222,
      0.0006928443908691406,
      1,
      1763449291.8202786,
      1763449291.8225536,
      {}
    ]
  ],
  "configs": {
    "1": {
      " ACAP": 4.30740188062191,
      " ARCH": 2.3194910064339638,
      " CPLx": 3.4414760479703546,
      " DATA": 2.3955316031351686,
      " DOCU": 4.519575729966164,
      " FLEx": 3.2959177987650037,
      " LTEx": 3.692714001983404,
      " PCAP": 1.7899322733283043,
      " PCON": 1.33347088098526,
      " PMAT": 1.2470267238095403,
      " PREC": 2.4653245732188225,
      " PVOL": 2.179570272564888,
      " RELY": 3.0564498230814934,
      " RUSE": 3.9804636612534523,
      " SCED": 1.7504751645028591,
      " SITE": 2.8847297243773937,
      " STOR": 3.3594978963956237,
      " TEAM": 5.209171263501048,
      " TIME": 3.7114197816699743,
      " TOOL": 2.952916130423546
    },
    "2": {
      " ACAP": 4.996920715718057,
      " ARCH": 5.138016989139323,
      " CPLx": 4.173548026045746,
      " DATA": 4.3044704720817215,
      " DOCU": 4.431953917564103,
      " FLEx": 1.6294773626536776,
      " LTEx": 2.3051230256473976,
      " PCAP": 2.7569616011532765,
      " PCON": 3.9020458637674382,
      " PMAT": 5.5552503698451305,
      " PREC": 5.637376522971819,
      " PVOL": 4.857196522361157,
      " RELY": 1.365159362558936,
      " RUSE": 5.358941347273805,
      " SCED": 2.8428487224375965,
      " SITE": 4.695205972772741,
      " STOR": 5.4352961569551965,
      " TEAM": 2.612367649047844,
      " TIME": 5.363158854037469,
      " TOOL": 1.7241010191617385
    },
    "3": {
      " ACAP": 2.202799884728422,
      " ARCH": 4.497884812564699,
      " CPLx": 5.416923194069257,
      " DATA": 3.3932824422836707,
      " DOCU": 4.639936124993039,
      " FLEx": 2.841449008347465,
      " LTEx": 1.2487469506511777,
      " PCAP": 4.176584276528862,
      " PCON": 3.611759619948359,
      " PMAT": 5.555744426545945,
      " PREC": 2.795537012915653,
      " PVOL": 4.855277857928413,
      " RELY": 1.9333688509790248,
      " RUSE": 2.270341910102553,
      " SCED": 3.741293284239211,
      " SITE": 1.342030074242318,
      " STOR": 4.453653407356377,
      " TEAM": 4.49177722729368,
      " TIME": 4.618458918908509,
      " TOOL": 1.6216569719119662
    },
    "4": {
      " ACAP": 4.999550145282884,
      " ARCH": 5.972346565409037,
      " CPLx": 4.727567819128852,
      " DATA": 4.6224201405617364,
      " DOCU": 4.689016136109341,
      " FLEx": 1.272849966382161,
      " LTEx": 3.4933189537498586,
      " PCAP": 1.268926031396533,
      " PCON": 1.3557579792468597,
      " PMAT": 1.5317368597672552,
      " PREC": 5.154640224791518,
      " PVOL": 2.036922083825762,
      " RELY": 1.255952718780898,
      " RUSE": 4.416795329128665,
      " SCED": 3.846238648831374,
      " SITE": 3.897085669712912,
      " STOR": 5.052578537936564,
      " TEAM": 5.6673285248227945,
      " TIME": 5.036093902357813,
      " TOOL": 4.324967817646058
    },
    "5": {
      " ACAP": 1.0402519320811732,
      " ARCH": 5.181532621861914,
      " CPLx": 5.399143047099232,
      " DATA": 3.1143531811251526,
      " DOCU": 2.34018667578263,
      " FLEx": 2.6544055874111625,
      " LTEx": 3.7329075732682973,
      " PCAP": 2.8586999346041644,
      " PCON": 3.1566766262921218,
      " PMAT": 1.0227225510584077,
      " PREC": 2.5933678442582844,
      " PVOL": 2.8549399264362325,
      " RELY": 2.045146784243691,
      " RUSE": 5.368011373535646,
      " SCED": 2.7218556931633504,
      " SITE": 4.280450926464246,
      " STOR": 5.008199451508777,
      " TEAM": 3.934703599665492,
      " TIME": 5.32519195148942,
      " TOOL": 3.8445662029589713
    },
    "6": {
      " ACAP": 3.0792267897340717,
      " ARCH": 4.702918339818661,
      " CPLx": 4.631003214929763,
      " DATA": 4.130696309615638,
      " DOCU": 1.7043667632964081,
      " FLEx": 2.7565276186072225,
      " LTEx": 4.087727222960982,
      " PCAP": 2.7824815496461963,
      " PCON": 3.328631854966081,
      " PMAT": 1.0067318003824934,
      " PREC": 2.7292420869559226,
      " PVOL": 3.7194112629931326,
      " RELY": 4.759620564027497,
      " RUSE": 3.5765258581456583,
      " SCED": 1.7037803649006644,
      " SITE": 4.9094779327888975,
      " STOR": 4.527226056621192,
      " TEAM": 3.4288652193857674,
      " TIME": 3.246795090380545,
      " TOOL": 4.3705359373627815
    }
  },
  "config_origins": {
    "1": "Initial Design: Sobol",
    "2": "Acquisition Function Maximizer: Local Search",
    "3": "Acquisition Function Maximizer: Local Search",
    "4": "Acquisition Function Maximizer: Local Search",
    "5": "Random Search",
    "6": "Random Search"
  }
}