{
  "incumbent_ids": [
    2
  ],
  "rejected_config_ids": [
    1,
    3,
    4,
    5,
    6,
    7,
    8,
    9,
    10,
    11,
    12,
    13,
    14,
    15,
    16,
    17,
    18
  ],
  "incumbents_changed": 2,
  "trajectory": [
    {
      "config_ids": [
        1
      ],
      "costs": [
        0.44826244223789824
      ],
      "trial": 1,
      "walltime": 0.0156402587890625
    },
    {
      "config_ids": [
        2
      ],
      "costs": [
        0.2175876812689106
      ],
      "trial": 2,
      "walltime": 2.51759934425354
    }
  ],
  "state": {
    "queue": [
      [
        18,
        1
      ]
    ]
  }
}