{
  "incumbent_ids": [
    13
  ],
  "rejected_config_ids": [
    2,
    1,
    4,
    5,
    6,
    7,
    8,
    9,
    10,
    11,
    3,
    12,
    14,
    15,
    16,
    17
  ],
  "incumbents_changed": 4,
  "trajectory": [
    {
      "config_ids": [
        1
      ],
      "costs": [
        0.5045805811672474
      ],
      "trial": 1,
      "walltime": 0.04633903503417969
    },
    {
      "config_ids": [
        3
      ],
      "costs": [
        0.45021922311446794
      ],
      "trial": 3,
      "walltime": 0.658207893371582
    },
    {
      "config_ids": [
        12
      ],
      "costs": [
        0.44333117752233564
      ],
      "trial": 12,
      "walltime": 1.7920053005218506
    },
    {
      "config_ids": [
        13
      ],
      "costs": [
        0.353038171607748
      ],
      "trial": 13,
      "walltime": 1.8360369205474854
    }
  ],
  "state": {
    "queue": [
      [
        17,
        1
      ]
    ]
  }
}