{
  "incumbent_ids": [
    9
  ],
  "rejected_config_ids": [
    2,
    3,
    1,
    5,
    6,
    7,
    8,
    4,
    10,
    11,
    12,
    13,
    14,
    15,
    16,
    17,
    18,
    19,
    20
  ],
  "incumbents_changed": 3,
  "trajectory": [
    {
      "config_ids": [
        1
      ],
      "costs": [
        0.44628578602351787
      ],
      "trial": 1,
      "walltime": 3.2927258014678955
    },
    {
      "config_ids": [
        4
      ],
      "costs": [
        0.35117532631779524
      ],
      "trial": 4,
      "walltime": 14.317753791809082
    },
    {
      "config_ids": [
        9
      ],
      "costs": [
        0.3222778681398535
      ],
      "trial": 9,
      "walltime": 33.63564443588257
    }
  ],
  "state": {
    "queue": []
  }
}