{
  "incumbent_ids": [
    9
  ],
  "rejected_config_ids": [
    2,
    1,
    4,
    5,
    6,
    7,
    8,
    3,
    10,
    11,
    12
  ],
  "incumbents_changed": 3,
  "trajectory": [
    {
      "config_ids": [
        1
      ],
      "costs": [
        0.7748715806192519
      ],
      "trial": 1,
      "walltime": 0.014653682708740234
    },
    {
      "config_ids": [
        3
      ],
      "costs": [
        0.7553473057689546
      ],
      "trial": 3,
      "walltime": 2.0621023178100586
    },
    {
      "config_ids": [
        9
      ],
      "costs": [
        0.5430679895891195
      ],
      "trial": 9,
      "walltime": 2.121265172958374
    }
  ],
  "state": {
    "queue": [
      [
        12,
        1
      ]
    ]
  }
}