{
  "incumbent_ids": [
    3
  ],
  "rejected_config_ids": [
    1,
    2,
    4,
    5
  ],
  "incumbents_changed": 3,
  "trajectory": [
    {
      "config_ids": [
        1
      ],
      "costs": [
        0.4252349194222791
      ],
      "trial": 1,
      "walltime": 1.859145164489746
    },
    {
      "config_ids": [
        2
      ],
      "costs": [
        0.2953839456397145
      ],
      "trial": 2,
      "walltime": 73.72665476799011
    },
    {
      "config_ids": [
        3
      ],
      "costs": [
        0.04939087437248113
      ],
      "trial": 3,
      "walltime": 75.47082304954529
    }
  ],
  "state": {
    "queue": [
      [
        5,
        1
      ]
    ]
  }
}