{
  "incumbent_ids": [
    10
  ],
  "rejected_config_ids": [
    1,
    3,
    4,
    5,
    6,
    2,
    8,
    9,
    7,
    11,
    12
  ],
  "incumbents_changed": 4,
  "trajectory": [
    {
      "config_ids": [
        1
      ],
      "costs": [
        0.5559233923072867
      ],
      "trial": 1,
      "walltime": 0.0050923824310302734
    },
    {
      "config_ids": [
        2
      ],
      "costs": [
        0.4926561255290707
      ],
      "trial": 2,
      "walltime": 1.048375129699707
    },
    {
      "config_ids": [
        7
      ],
      "costs": [
        0.4571799298670852
      ],
      "trial": 7,
      "walltime": 1.1154608726501465
    },
    {
      "config_ids": [
        10
      ],
      "costs": [
        0.3911297799568667
      ],
      "trial": 10,
      "walltime": 2.5804474353790283
    }
  ],
  "state": {
    "queue": [
      [
        12,
        1
      ]
    ]
  }
}