{
  "incumbent_ids": [
    5
  ],
  "rejected_config_ids": [
    2,
    3,
    4,
    1
  ],
  "incumbents_changed": 2,
  "trajectory": [
    {
      "config_ids": [
        1
      ],
      "costs": [
        0.14384985715058074
      ],
      "trial": 1,
      "walltime": 1.7472047805786133
    },
    {
      "config_ids": [
        5
      ],
      "costs": [
        0.07683961144485274
      ],
      "trial": 5,
      "walltime": 8.73415994644165
    }
  ],
  "state": {
    "queue": []
  }
}