{"config": {"Criticality": 0.5396226433990267, "Criticality Modifier": 0.0339524327666688, "Culture": 0.2477684575459213, "Dynamism": 0.3546259763862679, "Initial Known": 0.7443983602843484, "Inter-Dependency": 0.4908310424324755, "Plan": 0.961608108854806, "Size": 0.1390035400637801, "Team Size": 0.0449477716523133}, "score": 0.07316971543871209, "info": {}}