{
  "stats": {
    "submitted": 6,
    "finished": 6,
    "running": 0
  },
  "data": [
    [
      1,
      null,
      44556670,
      null,
      0.2032237051823601,
      0.0028829574584960938,
      1,
      1763448294.7250848,
      1763448294.730238,
      {}
    ],
    [
      2,
      null,
      44556670,
      null,
      0.17130448361340256,
      0.0018181800842285156,
      1,
      1763448294.743333,
      1763448294.7468889,
      {}
    ],
    [
      3,
      null,
      44556670,
      null,
      0.26885172055666273,
      0.002080678939819336,
      1,
      1763448297.6258469,
      1763448297.6300123,
      {}
    ],
    [
      4,
      null,
      44556670,
      null,
      0.23403892082897715,
      0.0010440349578857422,
      1,
      1763448297.6383383,
      1763448297.6413012,
      {}
    ],
    [
      5,
      null,
      44556670,
      null,
      0.2927338202415699,
      0.0009145736694335938,
      1,
      1763448297.6511438,
      1763448297.653822,
      {}
    ],
    [
      6,
      null,
      44556670,
      null,
      0.17549753643578414,
      0.0009469985961914062,
      1,
      1763448297.66336,
      1763448297.666096,
      {}
    ]
  ],
  "configs": {
    "1": {
      " ACAP": 3.042371194809675,
      " AEXP": 3.0772640304639935,
      " CPLx": 2.7748084305841476,
      " DOCU": 1.557885235523805,
      " ETAT": 3.3935555868260563,
      " FLEx": 4.068503403329291,
      " KLOC": 98.1999949169159,
      " LTEx": 1.9800283126533031,
      " PCAP": 4.644330454990268,
      " PCON": 1.6309722550213337,
      " PLEx": 1.8281308185327798,
      " PMAT": 2.076540805399418,
      " PREC": 3.297110894807614,
      " PVOL": 4.522885950282216,
      " RELY": 3.275828940793872,
      " RESL": 3.055569282119162,
      " RUSE": 5.0440387335307895,
      " SCED": 3.0,
      " SITE": 5.564531925134361,
      " STOR": 3.606088695116341,
      " TEAM": 3.9838599601984024,
      " TIME": 3.4321481455117464,
      " TOOL": 2.0,
      "DATA": 4.147337039001286
    },
    "2": {
      " ACAP": 3.0207483077713997,
      " AEXP": 3.505623776446216,
      " CPLx": 2.486824106109304,
      " DOCU": 1.535184286308147,
      " ETAT": 1.711413316187238,
      " FLEx": 1.8750161438286868,
      " KLOC": 170.45769966193296,
      " LTEx": 1.7443035052406772,
      " PCAP": 3.1681193023307,
      " PCON": 2.3819945602016004,
      " PLEx": 1.5001622632504321,
      " PMAT": 2.8785590855326593,
      " PREC": 4.803905162475239,
      " PVOL": 2.1162451274969594,
      " RELY": 3.097322174196283,
      " RESL": 3.2904665024620674,
      " RUSE": 5.592130465782374,
      " SCED": 3.0,
      " SITE": 4.334494864598183,
      " STOR": 3.5478377830464813,
      " TEAM": 3.8100072688481528,
      " TIME": 3.3864771696146656,
      " TOOL": 2.0,
      "DATA": 4.083316033293375
    },
    "3": {
      " ACAP": 4.886496912342044,
      " AEXP": 2.376475238920056,
      " CPLx": 1.3746294827149634,
      " DOCU": 4.472426350701811,
      " ETAT": 2.058177570337084,
      " FLEx": 4.841473051328421,
      " KLOC": 378.1037422714039,
      " LTEx": 1.3170894370144186,
      " PCAP": 4.636850798130906,
      " PCON": 1.264241884539913,
      " PLEx": 3.380388524540598,
      " PMAT": 2.1460997405682,
      " PREC": 2.142413930552423,
      " PVOL": 4.1414440095247995,
      " RELY": 3.988187280714582,
      " RESL": 4.329203197382849,
      " RUSE": 2.5582813456668863,
      " SCED": 3.0,
      " SITE": 2.9108834982990848,
      " STOR": 3.21597795722513,
      " TEAM": 2.2732286097221266,
      " TIME": 3.5797115642957764,
      " TOOL": 2.0,
      "DATA": 4.976424514439975
    },
    "4": {
      " ACAP": 3.546562718250809,
      " AEXP": 2.3587203141371798,
      " CPLx": 2.4361384660055267,
      " DOCU": 2.017510091292994,
      " ETAT": 5.965111688090479,
      " FLEx": 1.579490193199935,
      " KLOC": 249.79819513807226,
      " LTEx": 1.6304487658600983,
      " PCAP": 4.8148840792411995,
      " PCON": 4.288147881371044,
      " PLEx": 2.6398159805108854,
      " PMAT": 2.4958824504819805,
      " PREC": 3.8667987669724297,
      " PVOL": 4.9062630201465165,
      " RELY": 2.9080722488343778,
      " RESL": 3.946521471749052,
      " RUSE": 2.776513542309987,
      " SCED": 3.0,
      " SITE": 5.127091958359031,
      " STOR": 3.1943632559557096,
      " TEAM": 3.875597139014687,
      " TIME": 3.2150748273704868,
      " TOOL": 2.0,
      "DATA": 4.536266273558176
    },
    "5": {
      " ACAP": 3.5148685056713296,
      " AEXP": 2.970364127745323,
      " CPLx": 3.0041508813432793,
      " DOCU": 3.099229987333068,
      " ETAT": 5.760187603425063,
      " FLEx": 3.8689676544188987,
      " KLOC": 294.9346123493394,
      " LTEx": 3.4781780148749144,
      " PCAP": 4.813496003270368,
      " PCON": 1.5282000495346093,
      " PLEx": 3.224003677924942,
      " PMAT": 2.739224450842454,
      " PREC": 4.813263022673344,
      " PVOL": 3.2140363447351015,
      " RELY": 1.233669775658313,
      " RESL": 4.132685216451122,
      " RUSE": 5.576633205267189,
      " SCED": 3.0,
      " SITE": 1.4754225188377976,
      " STOR": 3.906323611066087,
      " TEAM": 3.3864704418300198,
      " TIME": 3.3185783973924297,
      " TOOL": 2.0,
      "DATA": 2.386980082054672
    },
    "6": {
      " ACAP": 4.03427943827856,
      " AEXP": 4.389174521808373,
      " CPLx": 3.2077023488100447,
      " DOCU": 2.0996460532249053,
      " ETAT": 5.805543785256948,
      " FLEx": 1.6353899937757872,
      " KLOC": 276.86198314550643,
      " LTEx": 2.631266599148862,
      " PCAP": 4.26396289901505,
      " PCON": 3.2431735833098525,
      " PLEx": 2.5144837279514043,
      " PMAT": 2.4349062225324105,
      " PREC": 1.4581539962960282,
      " PVOL": 4.368585230902516,
      " RELY": 2.900807487298235,
      " RESL": 4.039733706075836,
      " RUSE": 4.0398975686501855,
      " SCED": 3.0,
      " SITE": 4.519179207751165,
      " STOR": 3.203410754443086,
      " TEAM": 3.0715500456841864,
      " TIME": 3.4996142584292795,
      " TOOL": 2.0,
      "DATA": 3.9426035500638448
    }
  },
  "config_origins": {
    "1": "Initial Design: Sobol",
    "2": "Random Search",
    "3": "Acquisition Function Maximizer: Local Search",
    "4": "Acquisition Function Maximizer: Local Search",
    "5": "Random Search",
    "6": "Random Search"
  }
}