{
  "DE_params": {
    "mutation_factor": 0.5,
    "crossover_prob": 0.5,
    "strategy": "rand1_bin",
    "configspace": true,
    "boundary_fix_type": "random",
    "max_age": Infinity,
    "dimensions": 24,
    "output_path": "../results/tmp/DEHB_tmp/dehb_20251208-050252_8679",
    "async_strategy": "immediate"
  },
  "HB_params": {
    "min_fidelity": 1,
    "max_fidelity": 10,
    "min_clip": null,
    "max_clip": null,
    "eta": 3
  },
  "internals": {
    "initial_configs": [
      {
        "config_id": 0,
        "config": [
          0.571356783919598,
          0.6998093162625988,
          0.5756331279945243,
          0.7827980402830702,
          0.4125745754933456,
          0.37708504238446816,
          0.012851649463671322,
          0.9323855755894591,
          0.9934508816120907,
          0.6571974870254029,
          0.49085891686788546,
          0.9180819180819181,
          0.9362571506401526,
          0.7061068702290076,
          0.9240060392551586,
          0.3857453754080522,
          0.024661246612466124,
          0.0,
          0.2522585128561501,
          0.7372627372627373,
          0.12752043596730245,
          0.6373626373626373,
          0.0,
          0.9865238424326193
        ],
        "results": {
          "1.1111111111111112": {
            "score": Infinity,
            "cost": -1,
            "info": {}
          }
        }
      },
      {
        "config_id": 1,
        "config": [
          0.4105527638190955,
          0.2500681013347862,
          0.46919917864476385,
          0.8982035928143712,
          0.14226709499770537,
          0.5365053322395406,
          0.6079740943128922,
          0.970873786407767,
          0.062468513853904284,
          0.930893198579623,
          0.44532597447395655,
          0.2007992007992008,
          0.3819122854807954,
          0.4764052741151978,
          0.1610468042274786,
          0.027747551686615888,
          0.3154471544715447,
          0.0,
          0.3073893907806347,
          0.015984015984015984,
          0.8479564032697547,
          0.37962037962037964,
          0.0,
          0.9961990324809952
        ],
        "results": {
          "1.1111111111111112": {
            "score": Infinity,
            "cost": -1,
            "info": {}
          }
        }
      },
      {
        "config_id": 2,
        "config": [
          0.5904522613065326,
          0.23290656496867337,
          0.6235455167693361,
          0.6785519869352205,
          0.08811381367599816,
          0.28821438337435057,
          0.8751264926128314,
          0.037794729542302355,
          0.1309823677581864,
          0.773285987435127,
          0.8654708520179372,
          0.6923076923076923,
          0.4402070280577499,
          0.7713393476752255,
          0.25465525918470056,
          0.03373231773667029,
          0.14742547425474256,
          0.0,
          0.817234190410007,
          0.42157842157842157,
          0.7569482288828338,
          0.3006993006993007,
          0.0,
          0.9094678645473393
        ],
        "results": {
          "1.1111111111111112": {
            "score": Infinity,
            "cost": -1,
            "info": {}
          }
        }
      },
      {
        "config_id": 3,
        "config": [
          0.32914572864321606,
          0.07872514301280305,
          0.6964407939767283,
          0.33342406096897115,
          0.8923818265259293,
          0.7243642329778507,
          0.11333738109694394,
          0.6882801664355063,
          0.9057934508816121,
          0.33897842119639443,
          0.36667816488444294,
          0.3336663336663337,
          0.41432852083900845,
          0.8851492019430951,
          0.2969300452944137,
          0.35337323177366703,
          0.5791327913279133,
          0.0,
          0.9149872596710679,
          0.7712287712287712,
          0.24032697547683923,
          0.09090909090909091,
          0.0,
          0.35314443676572216
        ],
        "results": {
          "1.1111111111111112": {
            "score": Infinity,
            "cost": -1,
            "info": {}
          }
        }
      },
      {
        "config_id": 4,
        "config": [
          0.714572864321608,
          0.9509670389539635,
          0.5458590006844627,
          0.8824169842133914,
          0.3090867370353373,
          0.5802570412906755,
          0.33009512244484923,
          0.9261442441054092,
          0.9445843828715366,
          0.7784758262769735,
          0.6467747499137634,
          0.3146853146853147,
          0.5251974938708799,
          0.0131852879944483,
          0.6170105686965274,
          0.6545157780195865,
          0.940379403794038,
          0.0,
          0.9684966411860088,
          0.1838161838161838,
          0.9613079019073569,
          0.9920079920079921,
          0.0,
          0.30165860400829303
        ],
        "results": {
          "1.1111111111111112": {
            "score": Infinity,
            "cost": -1,
            "info": {}
          }
        }
      },
      {
        "config_id": 5,
        "config": [
          0.6296482412060301,
          0.17270498501770634,
          0.7580424366872005,
          0.8903102885138813,
          0.026158788435061954,
          0.565764287667487,
          0.5174053835256021,
          0.7385575589459085,
          0.9425692695214106,
          0.6405353728489483,
          0.6274577440496723,
          0.06893106893106893,
          0.8583492236447834,
          0.9371963913948647,
          0.8686462003019627,
          0.5522306855277476,
          0.8094850948509485,
          0.0,
          0.5385684503127172,
          0.03996003996003996,
          0.9621253405994551,
          0.21878121878121878,
          0.0,
          0.8051140290255702
        ],
        "results": {
          "1.1111111111111112": {
            "score": Infinity,
            "cost": -1,
            "info": {}
          }
        }
      },
      {
        "config_id": 6,
        "config": [
          0.2864321608040201,
          0.5371833287932444,
          0.12833675564681724,
          0.8323353293413174,
          0.5110142267094998,
          0.06972928630024611,
          0.637016798218984,
          0.9389736477115118,
          0.03224181360201511,
          0.08740781207320404,
          0.5453604691272853,
          0.0989010989010989,
          0.11631707981476437,
          0.9902845246356696,
          0.828384499245093,
          0.7336779107725789,
          0.5417344173441735,
          0.0,
          0.9305072967338429,
          0.1848151848151848,
          0.3119891008174387,
          0.954045954045954,
          0.0,
          0.16758811333794058
        ],
        "results": {
          "1.1111111111111112": {
            "score": Infinity,
            "cost": -1,
            "info": {}
          }
        }
      },
      {
        "config_id": 7,
        "config": [
          0.5130653266331658,
          0.9531462816671207,
          0.4548254620123203,
          0.28470332063146436,
          0.7799449288664525,
          0.550998085862729,
          0.010625379477838493,
          0.0,
          0.07002518891687658,
          0.5875443867795684,
          0.0707140393239048,
          0.8061938061938062,
          0.3031871424679924,
          0.09715475364330327,
          0.1746351283341721,
          0.779379760609358,
          0.9420054200542005,
          0.0,
          0.0847810979847116,
          0.35364635364635366,
          0.08583106267029973,
          0.5154845154845155,
          0.0,
          0.28887353144436767
        ],
        "results": {
          "1.1111111111111112": {
            "score": Infinity,
            "cost": -1,
            "info": {}
          }
        }
      },
      {
        "config_id": 8,