{
  "incumbent_ids": [
    5
  ],
  "rejected_config_ids": [
    2,
    3,
    4,
    1,
    6,
    7,
    8,
    9,
    10
  ],
  "incumbents_changed": 2,
  "trajectory": [
    {
      "config_ids": [
        1
      ],
      "costs": [
        0.6814589131366923
      ],
      "trial": 1,
      "walltime": 2.083247661590576
    },
    {
      "config_ids": [
        5
      ],
      "costs": [
        0.6338210724320249
      ],
      "trial": 5,
      "walltime": 10.573760271072388
    }
  ],
  "state": {
    "queue": []
  }
}