{
  "incumbent_ids": [
    3
  ],
  "rejected_config_ids": [
    2,
    1,
    4,
    5,
    6,
    7,
    8,
    9,
    10,
    11,
    12,
    13,
    14,
    15,
    16,
    17,
    18,
    19,
    20,
    21,
    22,
    23,
    24
  ],
  "incumbents_changed": 2,
  "trajectory": [
    {
      "config_ids": [
        1
      ],
      "costs": [
        0.4993958412180537
      ],
      "trial": 1,
      "walltime": 0.01490020751953125
    },
    {
      "config_ids": [
        3
      ],
      "costs": [
        0.42658178130810276
      ],
      "trial": 3,
      "walltime": 1.2510433197021484
    }
  ],
  "state": {
    "queue": [
      [
        24,
        1
      ]
    ]
  }
}