{
  "DE_params": {
    "mutation_factor": 0.5,
    "crossover_prob": 0.5,
    "strategy": "rand1_bin",
    "configspace": true,
    "boundary_fix_type": "random",
    "max_age": Infinity,
    "dimensions": 17,
    "output_path": "../results/tmp/DEHB_tmp/dehb_20251208-050120_97ec",
    "async_strategy": "immediate"
  },
  "HB_params": {
    "min_fidelity": 1,
    "max_fidelity": 10,
    "min_clip": null,
    "max_clip": null,
    "eta": 3
  },
  "internals": {
    "initial_configs": [
      {
        "config_id": 0,
        "config": [
          0.21621621621621623,
          0.38144329896907214,
          0.2,
          0.7479541734860884,
          0.43243243243243246,
          0.141747572815534,
          0.5,
          0.0,
          0.0,
          0.5,
          0.0,
          0.15384615384615385,
          0.6330275229357798,
          0.9090909090909091,
          0.71,
          0.8769771528998243,
          0.9069767441860465
        ],
        "results": {
          "1.1111111111111112": {
            "score": Infinity,
            "cost": -1,
            "info": {}
          }
        }
      },
      {
        "config_id": 1,
        "config": [
          0.6756756756756757,
          0.211340206185567,
          0.88,
          0.014729950900163666,
          0.8108108108108109,
          0.5805825242718446,
          0.5,
          0.0,
          0.0,
          0.5,
          0.42857142857142855,
          0.6538461538461539,
          0.6926605504587156,
          0.45454545454545453,
          0.79,
          0.19859402460456943,
          0.0
        ],
        "results": {
          "1.1111111111111112": {
            "score": Infinity,
            "cost": -1,
            "info": {}
          }
        }
      },
      {
        "config_id": 2,
        "config": [
          0.8648648648648649,
          0.5618556701030928,
          0.12,
          0.7054009819967266,
          0.7297297297297297,
          0.5398058252427185,
          0.5,
          0.0,
          0.0,
          0.5,
          0.23809523809523808,
          0.21153846153846154,
          0.6880733944954128,
          0.6363636363636364,
          0.23,
          0.37785588752196836,
          0.5658914728682171
        ],
        "results": {
          "1.1111111111111112": {
            "score": Infinity,
            "cost": -1,
            "info": {}
          }
        }
      },
      {
        "config_id": 3,
        "config": [
          0.5405405405405406,
          0.9329896907216495,
          0.04,
          0.20130932896890344,
          0.5945945945945946,
          0.6427184466019418,
          0.0,
          0.0,
          0.0,
          0.5,
          0.6666666666666666,
          0.75,
          0.3211009174311927,
          0.09090909090909091,
          0.1,
          0.014059753954305799,
          0.29457364341085274
        ],
        "results": {
          "1.1111111111111112": {
            "score": Infinity,
            "cost": -1,
            "info": {}
          }
        }
      },
      {
        "config_id": 4,
        "config": [
          0.1891891891891892,
          0.7164948453608248,
          0.24,
          0.4337152209492635,
          0.2702702702702703,
          0.29320388349514565,
          0.5,
          0.0,
          0.5,
          0.5,
          0.9523809523809523,
          0.4230769230769231,
          0.14678899082568808,
          0.36363636363636365,
          0.9,
          0.09490333919156414,
          0.2713178294573643
        ],
        "results": {
          "1.1111111111111112": {
            "score": Infinity,
            "cost": -1,
            "info": {}
          }
        }
      },
      {
        "config_id": 5,
        "config": [
          0.6216216216216216,
          0.4020618556701031,
          0.92,
          0.11292962356792144,
          0.7837837837837838,
          0.3262135922330097,
          0.5,
          0.0,
          0.5,
          0.5,
          0.5238095238095238,
          0.0,
          0.2798165137614679,
          0.09090909090909091,
          0.31,
          0.18101933216168717,
          0.031007751937984496
        ],
        "results": {
          "1.1111111111111112": {
            "score": Infinity,
            "cost": -1,
            "info": {}
          }
        }
      },
      {
        "config_id": 6,
        "config": [
          0.8378378378378378,
          0.9432989690721649,
          0.92,
          0.6726677577741408,
          0.7027027027027027,
          0.06796116504854369,
          0.0,
          0.0,
          0.0,
          0.0,
          0.7142857142857143,
          0.4807692307692308,
          0.9541284403669725,
          0.2727272727272727,
          0.23,
          0.4253075571177504,
          0.5813953488372093
        ],
        "results": {
          "1.1111111111111112": {
            "score": Infinity,
            "cost": -1,
            "info": {}
          }
        }
      },
      {
        "config_id": 7,
        "config": [
          0.21621621621621623,
          0.6804123711340206,
          0.0,
          0.0016366612111292963,
          0.2702702702702703,
          0.7786407766990291,
          0.0,
          0.5,
          0.0,
          0.0,
          0.5714285714285714,
          0.8461538461538461,
          0.03669724770642202,
          0.45454545454545453,
          0.15,
          0.5940246045694201,
          0.7674418604651163
        ],
        "results": {
          "1.1111111111111112": {
            "score": Infinity,
            "cost": -1,
            "info": {}
          }
        }
      },
      {
        "config_id": 8,
        "config": [
          0.5135135135135135,
          0.10824742268041238,
          0.2,
          0.9034369885433715,
          0.10810810810810811,
          0.05048543689320388,
          0.5,
          0.0,
          0.5,
          0.0,
          0.2857142857142857,
          0.8076923076923077,
          0.555045871559633,
          0.2727272727272727,
          0.0,
          0.6080843585237259,
          0.31007751937984496
        ],
        "results": {
          "1.1111111111111112": {
            "score": Infinity,
            "cost": -1,
            "info": {}
          }
        }
      },
      {
        "config_id": 9,
        "config": [
          0.8378378378378378,
          0.6701030927835051,
          0.64,
          0.563011456628478,
          0.8918918918918919,
          0.5631067961165048,
          0.5,
          0.0,
          0.0,
          0.5,
          0.047619047619047616,
          0.5,
          0.7477064220183486,
          0.7272727272727273,
          0.25,
          0.3866432337434095,
          0.26356589147286824
        ],
        "results": {
          "3.333333333333333": {
            "score": Infinity,
            "cost": -1,
            "info": {}
          }
        }
      },
      {
        "config_id": 10,
        "config": [
          0.8648648648648649,
          0.7628865979381443,
          0.48,
          0.574468085106383,
          0.6756756756756757,
          0.18058252427184465,
          0.0,
          0.5,
          0.5,
          0.5,
          0.14285714285714285,
          0.46153846153846156,
          0.7522935779816514,
          0.45454545454545453,
          0.85,
          0.843585237258348,
          0.9534883720930233
        ],
        "results": {
          "3.333333333333333": {
            "score": Infinity,
            "cost": -1,
            "info": {}
          }
        }
      },
      {
        "config_id": 11,