{
  "incumbent_ids": [
    8
  ],
  "rejected_config_ids": [
    1,
    3,
    4,
    5,
    6,
    7,
    2,
    9,
    10,
    11,
    12,
    13,
    14,
    15,
    16,
    17,
    18
  ],
  "incumbents_changed": 3,
  "trajectory": [
    {
      "config_ids": [
        1
      ],
      "costs": [
        0.7948332903654384
      ],
      "trial": 1,
      "walltime": 0.011060237884521484
    },
    {
      "config_ids": [
        2
      ],
      "costs": [
        0.7886780047438697
      ],
      "trial": 2,
      "walltime": 1.495232343673706
    },
    {
      "config_ids": [
        8
      ],
      "costs": [
        0.7874068511186173
      ],
      "trial": 8,
      "walltime": 1.5331346988677979
    }
  ],
  "state": {
    "queue": [
      [
        18,
        1
      ]
    ]
  }
}