{
  "stats": {
    "submitted": 24,
    "finished": 24,
    "running": 0
  },
  "data": [
    [
      1,
      null,
      959027881,
      null,
      0.46914265253109644,
      0.0017590522766113281,
      1,
      1763448078.0759726,
      1763448078.079006,
      {}
    ],
    [
      2,
      null,
      959027881,
      null,
      0.23950375487791775,
      0.0009233951568603516,
      1,
      1763448078.084204,
      1763448078.0862653,
      {}
    ],
    [
      3,
      null,
      959027881,
      null,
      0.5103682611079783,
      0.0017786026000976562,
      1,
      1763448079.3931358,
      1763448079.3963127,
      {}
    ],
    [
      4,
      null,
      959027881,
      null,
      0.4214932540981954,
      0.004271745681762695,
      1,
      1763448079.4050665,
      1763448079.4106061,
      {}
    ],
    [
      5,
      null,
      959027881,
      null,
      0.6509835091497623,
      0.001096487045288086,
      1,
      1763448079.4169176,
      1763448079.4192953,
      {}
    ],
    [
      6,
      null,
      959027881,
      null,
      0.5189847293543418,
      0.0012078285217285156,
      1,
      1763448079.426279,
      1763448079.4287527,
      {}
    ],
    [
      7,
      null,
      959027881,
      null,
      0.4631578237676166,
      0.001481771469116211,
      1,
      1763448079.4364548,
      1763448079.4398518,
      {}
    ],
    [
      8,
      null,
      959027881,
      null,
      0.23950375487791775,
      0.0005259513854980469,
      1,
      1763448079.445937,
      1763448079.447678,
      {}
    ],
    [
      9,
      null,
      959027881,
      null,
      0.5285657539860757,
      0.0012886524200439453,
      1,
      1763448079.4531314,
      1763448079.455794,
      {}
    ],
    [
      10,
      null,
      959027881,
      null,
      0.4337878738582912,
      0.0011966228485107422,
      1,
      1763448079.4615781,
      1763448079.463898,
      {}
    ],
    [
      11,
      null,
      959027881,
      null,
      0.4936633699991466,
      0.0028672218322753906,
      1,
      1763448079.477041,
      1763448079.4811194,
      {}
    ],
    [
      12,
      null,
      959027881,
      null,
      0.49157478455004844,
      0.0014352798461914062,
      1,
      1763448080.7752504,
      1763448080.7778769,
      {}
    ],
    [
      13,
      null,
      959027881,
      null,
      0.483700345840653,
      0.001306772232055664,
      1,
      1763448080.7934353,
      1763448080.7960203,
      {}
    ],
    [
      14,
      null,
      959027881,
      null,
      0.36515462431661583,
      0.0007166862487792969,
      1,
      1763448080.8025718,
      1763448080.8048236,
      {}
    ],
    [
      15,
      null,
      959027881,
      null,
      0.46078686903402577,
      0.0013041496276855469,
      1,
      1763448080.81128,
      1763448080.813643,
      {}
    ],
    [
      16,
      null,
      959027881,
      null,
      0.5466127624269913,
      0.0013737678527832031,
      1,
      1763448080.8208036,
      1763448080.8232565,
      {}
    ],
    [
      17,
      null,
      959027881,
      null,
      0.32454051102941095,
      0.0008454322814941406,
      1,
      1763448080.8303885,
      1763448080.83247,
      {}
    ],
    [
      18,
      null,
      959027881,
      null,
      0.6263764667214248,
      0.0006773471832275391,
      1,
      1763448080.8406954,
      1763448080.8424156,
      {}
    ],
    [
      19,
      null,
      959027881,
      null,
      0.23950375487791775,
      0.0005140304565429688,
      1,
      1763448082.2519224,
      1763448082.2536094,
      {}
    ],
    [
      20,
      null,
      959027881,
      null,
      0.33640558285885347,
      0.0010097026824951172,
      1,
      1763448082.2607248,
      1763448082.2636168,
      {}
    ],
    [
      21,
      null,
      959027881,
      null,
      0.23950375487791775,
      0.0006246566772460938,
      1,
      1763448082.279187,
      1763448082.2809799,
      {}
    ],
    [
      22,
      null,
      959027881,
      null,
      0.32454051102941095,
      0.00043463706970214844,
      1,
      1763448082.2889524,
      1763448082.2904212,
      {}
    ],
    [
      23,
      null,
      959027881,
      null,
      0.31271182434156,
      0.0007569789886474609,
      1,
      1763448082.2980995,
      1763448082.2998755,
      {}
    ],
    [
      24,
      null,
      959027881,
      null,
      0.4458168878479215,
      0.0006632804870605469,
      1,
      1763448082.3078847,
      1763448082.3095436,
      {}
    ]
  ],
  "configs": {
    "1": {
      "Criticality": 0.49334721009814725,
      "Criticality Modifier": 0.6883763741242809,
      "Culture": 0.9441260062540546,
      "Dynamism": 0.3860225858695834,
      "Initial Known": 0.12510214844158968,
      "Inter-Dependency": 0.8846314349278774,
      "Plan": 0.7171676653827956,
      "Size": 0.7413318039300135,
      "Team Size": 0.6582625879379499
    },
    "2": {
      "Criticality": 0.987810971938102,
      "Criticality Modifier": 0.16791656552458534,
      "Culture": 0.11691468018634257,
      "Dynamism": 0.7743107186236761,
      "Initial Known": 0.7164264477745889,
      "Inter-Dependency": 0.13170051555564816,
      "Plan": 0.39441844662685405,
      "Size": 0.43517674542616624,
      "Team Size": 0.3109464475969096
    },
    "3": {
      "Criticality": 0.9791976868758422,
      "Criticality Modifier": 0.7912725568759521,
      "Culture": 0.21562957179587755,
      "Dynamism": 0.7860775426860717,
      "Initial Known": 0.6281181173162105,
      "Inter-Dependency": 0.18621536484428286,
      "Plan": 0.2381899570567401,
      "Size": 0.11318675134493943,
      "Team Size": 0.42319331541567196
    },
    "4": {
      "Criticality": 0.5921349169992662,
      "Criticality Modifier": 0.9810143370735049,
      "Culture": 0.8421315638755082,
      "Dynamism": 0.01720192846511832,
      "Initial Known": 0.7876705847475566,
      "Inter-Dependency": 0.9741765220595351,
      "Plan": 0.7040933940226343,
      "Size": 0.34915466810206297,
      "Team Size": 0.2462779138198217
    },
    "5": {
      "Criticality": 0.9859495050265122,
      "Criticality Modifier": 0.29618814469540683,
      "Culture": 0.6344614807923522,
      "Dynamism": 0.06379336871477474,
      "Initial Known": 0.28615520816400447,
      "Inter-Dependency": 0.35135093219413654,
      "Plan": 0.2537757911592939,
      "Size": 0.15890818282362532,
      "Team Size": 0.7795744579460429
    },
    "6": {
      "Criticality": 0.7825238322092569,
      "Criticality Modifier": 0.3146274730080936,
      "Culture": 0.44834961485387836,
      "Dynamism": 0.9187166359286247,
      "Initial Known": 0.6673247517250597,
      "Inter-Dependency": 0.9321327857294704,
      "Plan": 0.8794159024276775,
      "Size": 0.36316448767249465,
      "Team Size": 0.8593787704216225
    },
    "7": {
      "Criticality": 0.9061149201130171,
      "Criticality Modifier": 0.46288503315787033,
      "Culture": 0.27842054708840797,
      "Dynamism": 0.1002596029884241,
      "Initial Known": 0.16062403195729053,
      "Inter-Dependency": 0.5458586524666279,
      "Plan": 0.3917600216062913,
      "Size": 0.02091453272266633,
      "Team Size": 0.06062977734093681
    },
    "8": {
      "Criticality": 0.9460787260545295,
      "Criticality Modifier": 0.20764740691437145,
      "Culture": 0.1633950314491763,
      "Dynamism": 0.8149307086446442,
      "Initial Known": 0.7164264477745889,
      "Inter-Dependency": 0.13170051555564816,
      "Plan": 0.41405370441488326,
      "Size": 0.43517674542616624,
      "Team Size": 0.2579871416116616
    },
    "9": {
      "Criticality": 0.9988218781117427,
      "Criticality Modifier": 0.3078142545916374,
      "Culture": 0.32789441088389154,
      "Dynamism": 0.26169920886989845,
      "Initial Known": 0.8266085586019303,
      "Inter-Dependency": 0.25197502811041705,
      "Plan": 0.7098717099660026,