{
  "incumbent_ids": [
    2
  ],
  "rejected_config_ids": [
    1,
    3,
    4,
    5,
    6
  ],
  "incumbents_changed": 2,
  "trajectory": [
    {
      "config_ids": [
        1
      ],
      "costs": [
        0.4993958412180537
      ],
      "trial": 1,
      "walltime": 0.013495445251464844
    },
    {
      "config_ids": [
        2
      ],
      "costs": [
        0.464362392092313
      ],
      "trial": 2,
      "walltime": 1.0941026210784912
    }
  ],
  "state": {
    "queue": [
      [
        6,
        1
      ]
    ]
  }
}