{
  "incumbent_ids": [
    8
  ],
  "rejected_config_ids": [
    2,
    1,
    4,
    3,
    6,
    7,
    5,
    9,
    10,
    11,
    12
  ],
  "incumbents_changed": 4,
  "trajectory": [
    {
      "config_ids": [
        1
      ],
      "costs": [
        0.27118323966991564
      ],
      "trial": 1,
      "walltime": 0.01179647445678711
    },
    {
      "config_ids": [
        3
      ],
      "costs": [
        0.15883648110250603
      ],
      "trial": 3,
      "walltime": 2.6812710762023926
    },
    {
      "config_ids": [
        5
      ],
      "costs": [
        0.1263510784936832
      ],
      "trial": 5,
      "walltime": 2.700918674468994
    },
    {
      "config_ids": [
        8
      ],
      "costs": [
        0.09676462104834516
      ],
      "trial": 8,
      "walltime": 2.7328128814697266
    }
  ],
  "state": {
    "queue": [
      [
        12,
        1
      ]
    ]
  }
}