{
  "stats": {
    "submitted": 12,
    "finished": 12,
    "running": 0
  },
  "data": [
    [
      1,
      null,
      662124363,
      null,
      0.27118323966991564,
      0.0028624534606933594,
      1,
      1763446473.6455448,
      1763446473.650523,
      {}
    ],
    [
      2,
      null,
      662124363,
      null,
      0.3521507854333521,
      0.002125263214111328,
      1,
      1763446473.6631403,
      1763446473.6670249,
      {}
    ],
    [
      3,
      null,
      662124363,
      null,
      0.15883648110250603,
      0.00333404541015625,
      1,
      1763446476.316889,
      1763446476.3219318,
      {}
    ],
    [
      4,
      null,
      662124363,
      null,
      0.2758161938439142,
      0.0010290145874023438,
      1,
      1763446476.3299918,
      1763446476.3325806,
      {}
    ],
    [
      5,
      null,
      662124363,
      null,
      0.1263510784936832,
      0.0009217262268066406,
      1,
      1763446476.339594,
      1763446476.3420224,
      {}
    ],
    [
      6,
      null,
      662124363,
      null,
      0.16640148568007218,
      0.0010328292846679688,
      1,
      1763446476.350178,
      1763446476.3529146,
      {}
    ],
    [
      7,
      null,
      662124363,
      null,
      0.27118323966991564,
      0.0005033016204833984,
      1,
      1763446476.3605623,
      1763446476.3625374,
      {}
    ],
    [
      8,
      null,
      662124363,
      null,
      0.09676462104834516,
      0.0007891654968261719,
      1,
      1763446476.3713446,
      1763446476.3736475,
      {}
    ],
    [
      9,
      null,
      662124363,
      null,
      0.32313636639107446,
      0.0008337497711181641,
      1,
      1763446476.3835194,
      1763446476.3859801,
      {}
    ],
    [
      10,
      null,
      662124363,
      null,
      0.2699380802286474,
      0.0021238327026367188,
      1,
      1763446479.6358323,
      1763446479.6397908,
      {}
    ],
    [
      11,
      null,
      662124363,
      null,
      0.23499420950802774,
      0.0010983943939208984,
      1,
      1763446479.650479,
      1763446479.653222,
      {}
    ],
    [
      12,
      null,
      662124363,
      null,
      0.16720420712206852,
      0.0013453960418701172,
      1,
      1763446479.664161,
      1763446479.6671607,
      {}
    ]
  ],
  "configs": {
    "1": {
      " ACAP": 4.252759616822004,
      " AEXP": 2.9701958024958146,
      " CPLx": 1.0292070768773556,
      " DOCU": 4.968973565846682,
      " ETAT": 4.728244403723628,
      " FLEx": 1.754125613719225,
      " KLOC": 154.03826961116957,
      " LTEx": 3.6603476600591094,
      " PCAP": 3.9133608993142843,
      " PCON": 1.1060408353805542,
      " PLEx": 1.5190900592133403,
      " PMAT": 2.7188755245879292,
      " PREC": 3.7744891167022288,
      " PVOL": 4.129915319641121,
      " RELY": 3.958658482676372,
      " RESL": 3.8864039490818976,
      " RUSE": 3.810161701319739,
      " SCED": 3.0,
      " SITE": 3.5903526972979307,
      " STOR": 3.504721011966467,
      " TEAM": 3.531914916480891,
      " TIME": 3.5489059826359153,
      " TOOL": 2.0,
      "DATA": 3.796575739127584
    },
    "2": {
      " ACAP": 3.3083256847593447,
      " AEXP": 4.219409039849698,
      " CPLx": 1.789945045555404,
      " DOCU": 3.134957573521191,
      " ETAT": 1.0748165125771567,
      " FLEx": 4.67498803239954,
      " KLOC": 354.16483439868756,
      " LTEx": 1.1002308614514074,
      " PCAP": 4.913898672550234,
      " PCON": 1.5488372854243058,
      " PLEx": 1.8514850588738376,
      " PMAT": 2.606083184358829,
      " PREC": 4.776956319076115,
      " PVOL": 4.558353887786746,
      " RELY": 1.006775441322022,
      " RESL": 3.084382882853951,
      " RUSE": 4.207598495425001,
      " SCED": 3.0,
      " SITE": 3.4268870683135484,
      " STOR": 3.7681341540644224,
      " TEAM": 1.6437062957491548,
      " TIME": 3.7645604503388785,
      " TOOL": 2.0,
      "DATA": 2.0624085840582462
    },
    "3": {
      " ACAP": 3.787686667980643,
      " AEXP": 3.77006944623745,
      " CPLx": 2.561084778309035,
      " DOCU": 2.3848862887344335,
      " ETAT": 4.290705880989432,
      " FLEx": 4.8298637009452,
      " KLOC": 308.6610743690248,
      " LTEx": 3.538855031514441,
      " PCAP": 3.9925465924155867,
      " PCON": 4.201172709184935,
      " PLEx": 2.5807196021636924,
      " PMAT": 2.094186958098736,
      " PREC": 4.0629747776014185,
      " PVOL": 2.338890384267772,
      " RELY": 3.048483561739741,
      " RESL": 3.560219640311387,
      " RUSE": 3.505659443893464,
      " SCED": 3.0,
      " SITE": 5.012679206067127,
      " STOR": 3.24700620831642,
      " TEAM": 4.531066268367795,
      " TIME": 3.124682642494612,
      " TOOL": 2.0,
      "DATA": 3.420169588103178
    },
    "4": {
      " ACAP": 4.946285693388161,
      " AEXP": 3.182511934841435,
      " CPLx": 1.9514778122655734,
      " DOCU": 3.8444323238933653,
      " ETAT": 5.823432987310326,
      " FLEx": 4.317272977414126,
      " KLOC": 192.0837593872453,
      " LTEx": 1.0735904015257813,
      " PCAP": 3.284288199324614,
      " PCON": 1.6332360866319284,
      " PLEx": 3.5826876064778292,
      " PMAT": 2.6437109528011806,
      " PREC": 3.767041734722472,
      " PVOL": 2.758863613537327,
      " RELY": 1.7820917011820105,
      " RESL": 3.580505625053346,
      " RUSE": 3.2001167216290467,
      " SCED": 3.0,
      " SITE": 1.0773482097888727,
      " STOR": 3.0633955730643265,
      " TEAM": 3.7083812921315102,
      " TIME": 3.0697875710207714,
      " TOOL": 2.0,
      "DATA": 2.9528816487177387
    },
    "5": {
      " ACAP": 3.7344012731364513,
      " AEXP": 3.819025194998053,
      " CPLx": 3.3226513267353948,
      " DOCU": 4.145628276104267,
      " ETAT": 1.7936662411272768,
      " FLEx": 1.0380447979068204,
      " KLOC": 71.44073863600659,
      " LTEx": 2.183522744973617,
      " PCAP": 3.908511243967647,
      " PCON": 2.763160164066192,
      " PLEx": 2.9027614390840064,
      " PMAT": 2.9039350588730355,
      " PREC": 4.939588937027331,
      " PVOL": 2.5879469417281507,
      " RELY": 3.29503562257425,
      " RESL": 2.5169269258116715,
      " RUSE": 4.369967900564843,
      " SCED": 3.0,
      " SITE": 5.246867686191862,
      " STOR": 3.452589953214192,
      " TEAM": 2.229994554374275,
      " TIME": 3.844957051358172,
      " TOOL": 2.0,
      "DATA": 2.1167297988904434
    },
    "6": {
      " ACAP": 4.773954547297939,
      " AEXP": 2.3896052637785954,
      " CPLx": 2.0205055931157183,
      " DOCU": 1.8854147160095285,
      " ETAT": 4.881045090314723,
      " FLEx": 3.8992442382695987,
      " KLOC": 88.14500136877211,
      " LTEx": 1.0329860338770809,
      " PCAP": 4.026648252455274,
      " PCON": 1.5170157236467712,
      " PLEx": 3.6700617626072054,
      " PMAT": 2.7382797859621104,
      " PREC": 3.0445925260138154,
      " PVOL": 4.552906513057133,
      " RELY": 3.8586182022158932,
      " RESL": 2.362854426073823,
      " RUSE": 2.672860507208197,
      " SCED": 3.0,
      " SITE": 1.8716557053343315,
      " STOR": 3.008402829460527,
      " TEAM": 3.8902634555455355,
      " TIME": 3.490821857946756,
      " TOOL": 2.0,
      "DATA": 4.66772182054233
    },
    "7": {
      " ACAP": 4.360830141599989,
      " AEXP": 2.9701958024958146,
      " CPLx": 1.0292070768773556,
      " DOCU": 4.800394166331459,
      " ETAT": 4.728244403723628,
      " FLEx": 1.5691947569953106,
      " KLOC": 154.03826961116957,
      " LTEx": 3.6603476600591094,
      " PCAP": 3.9133608993142843,
      " PCON": 1.1060408353805542,
      " PLEx": 1.5190900592133403,
      " PMAT": 2.7256959228481614,
      " PREC": 3.7744891167022288,
      " PVOL": 4.124891380487733,
      " RELY": 3.958658482676372,
      " RESL": 3.8864039490818976,
      " RUSE": 3.810161701319739,
      " SCED": 3.0,
      " SITE": 4.1928749662609635,
      " STOR": 3.5875343106907756,
      " TEAM": 3.531914916480891,