{
  "incumbent_ids": [
    10
  ],
  "rejected_config_ids": [
    2,
    3,
    4,
    1,
    6,
    7,
    8,
    9,
    5,
    11,
    12
  ],
  "incumbents_changed": 3,
  "trajectory": [
    {
      "config_ids": [
        1
      ],
      "costs": [
        0.31465226970244853
      ],
      "trial": 1,
      "walltime": 0.008263349533081055
    },
    {
      "config_ids": [
        5
      ],
      "costs": [
        0.2813959798691831
      ],
      "trial": 5,
      "walltime": 2.8303937911987305
    },
    {
      "config_ids": [
        10
      ],
      "costs": [
        0.20887097352426043
      ],
      "trial": 10,
      "walltime": 2.934018135070801
    }
  ],
  "state": {
    "queue": [
      [
        12,
        1
      ]
    ]
  }
}