{
  "stats": {
    "submitted": 6,
    "finished": 6,
    "running": 0
  },
  "data": [
    [
      1,
      null,
      1165313289,
      null,
      Infinity,
      0.002522706985473633,
      2,
      1763362960.1025362,
      1763362960.1069257,
      {}
    ],
    [
      2,
      null,
      1165313289,
      null,
      Infinity,
      0.0010972023010253906,
      2,
      1763362962.665687,
      1763362962.6683817,
      {}
    ],
    [
      3,
      null,
      1165313289,
      null,
      Infinity,
      0.0006978511810302734,
      2,
      1763362962.6722648,
      1763362962.674349,
      {}
    ],
    [
      4,
      null,
      1165313289,
      null,
      Infinity,
      0.0006337165832519531,
      2,
      1763362962.6774676,
      1763362962.6793694,
      {}
    ],
    [
      5,
      null,
      1165313289,
      null,
      Infinity,
      0.0006284713745117188,
      2,
      1763362962.6823874,
      1763362962.6843219,
      {}
    ],
    [
      6,
      null,
      1165313289,
      null,
      Infinity,
      0.0005714893341064453,
      2,
      1763362962.688681,
      1763362962.6905985,
      {}
    ]
  ],
  "configs": {
    "1": {
      "Max_depth": 3,
      "Min_impurity_decrease": 4.75,
      "Min_sample_leaves": 12,
      "N_estimators": 100,
      "criterion": "absolute_error"
    },
    "2": {
      "Max_depth": 20,
      "Min_impurity_decrease": 1.75,
      "Min_sample_leaves": 7,
      "N_estimators": 170,
      "criterion": "absolute_error"
    },
    "3": {
      "Max_depth": 12,
      "Min_impurity_decrease": 5.0,
      "Min_sample_leaves": 14,
      "N_estimators": 20,
      "criterion": "squared_error"
    },
    "4": {
      "Max_depth": 5,
      "Min_impurity_decrease": 4.25,
      "Min_sample_leaves": 11,
      "N_estimators": 110,
      "criterion": "poisson"
    },
    "5": {
      "Max_depth": 13,
      "Min_impurity_decrease": 4.75,
      "Min_sample_leaves": 11,
      "N_estimators": 170,
      "criterion": "absolute_error"
    },
    "6": {
      "Max_depth": 15,
      "Min_impurity_decrease": 7.0,
      "Min_sample_leaves": 17,
      "N_estimators": 90,
      "criterion": "poisson"
    }
  },
  "config_origins": {
    "1": "Initial Design: Sobol",
    "2": "Acquisition Function Maximizer: Local Search",
    "3": "Random Search",
    "4": "Acquisition Function Maximizer: Local Search",
    "5": "Acquisition Function Maximizer: Local Search",
    "6": "Acquisition Function Maximizer: Local Search"
  }
}