{
  "incumbent_ids": [
    2
  ],
  "rejected_config_ids": [
    1,
    3,
    4,
    5
  ],
  "incumbents_changed": 2,
  "trajectory": [
    {
      "config_ids": [
        1
      ],
      "costs": [
        0.7979130536094544
      ],
      "trial": 1,
      "walltime": 2.6726109981536865
    },
    {
      "config_ids": [
        2
      ],
      "costs": [
        0.645790901861584
      ],
      "trial": 2,
      "walltime": 75.38932275772095
    }
  ],
  "state": {
    "queue": [
      [
        5,
        1
      ]
    ]
  }
}