{
  "incumbent_ids": [
    5
  ],
  "rejected_config_ids": [
    1,
    2,
    4,
    3,
    6,
    7,
    8,
    9,
    10,
    11,
    12,
    13,
    14,
    15,
    16,
    17,
    18,
    19,
    20,
    21,
    22,
    23,
    24
  ],
  "incumbents_changed": 4,
  "trajectory": [
    {
      "config_ids": [
        1
      ],
      "costs": [
        0.45100403643122333
      ],
      "trial": 1,
      "walltime": 0.008253812789916992
    },
    {
      "config_ids": [
        2
      ],
      "costs": [
        0.4461369696364297
      ],
      "trial": 2,
      "walltime": 0.016196250915527344
    },
    {
      "config_ids": [
        3
      ],
      "costs": [
        0.4093913348184328
      ],
      "trial": 3,
      "walltime": 1.2924880981445312
    },
    {
      "config_ids": [
        5
      ],
      "costs": [
        0.3341744738833141
      ],
      "trial": 5,
      "walltime": 1.3067941665649414
    }
  ],
  "state": {
    "queue": [
      [
        24,
        1
      ]
    ]
  }
}