{
  "DE_params": {
    "mutation_factor": 0.5,
    "crossover_prob": 0.5,
    "strategy": "rand1_bin",
    "configspace": true,
    "boundary_fix_type": "random",
    "max_age": Infinity,
    "dimensions": 31,
    "output_path": "../results/tmp/DEHB_tmp/dehb_20251208-045747_f6b6",
    "async_strategy": "immediate"
  },
  "HB_params": {
    "min_fidelity": 1,
    "max_fidelity": 10,
    "min_clip": null,
    "max_clip": null,
    "eta": 3
  },
  "internals": {
    "initial_configs": [
      {
        "config_id": 0,
        "config": [
          0.5,
          0.5,
          0.5,
          0.0,
          0.5,
          0.0,
          0.39285714285714285,
          0.0,
          0.0,
          0.5,
          0.5,
          0.5,
          0.5827814569536424,
          0.3333333333333333,
          0.5,
          0.0,
          0.5,
          0.5,
          0.5,
          0.8021978021978022,
          0.13291139240506328,
          0.2688679245283019,
          0.5517241379310345,
          0.022587268993839837,
          0.07954545454545454,
          0.9375696767001115,
          0.007741935483870968,
          0.16,
          0.3333333333333333,
          0.0,
          0.0
        ],
        "results": {
          "1.1111111111111112": {
            "score": Infinity,
            "cost": -1,
            "info": {}
          }
        }
      },
      {
        "config_id": 1,
        "config": [
          0.0,
          0.5,
          0.0,
          0.5,
          0.5,
          0.6,
          0.14285714285714285,
          0.5,
          0.0,
          0.0,
          0.5,
          0.5,
          0.6581762608252675,
          0.6666666666666666,
          0.0,
          0.5,
          0.5,
          0.5,
          0.5,
          0.1813186813186813,
          0.7025316455696202,
          0.5,
          0.4664246823956443,
          0.8408624229979466,
          0.4375,
          0.887402452619844,
          0.43483870967741933,
          0.43,
          0.6666666666666666,
          0.0,
          0.0
        ],
        "results": {
          "1.1111111111111112": {
            "score": Infinity,
            "cost": -1,
            "info": {}
          }
        }
      },
      {
        "config_id": 2,
        "config": [
          0.0,
          0.0,
          0.5,
          0.5,
          0.0,
          0.4,
          0.7857142857142857,
          0.0,
          0.0,
          0.0,
          0.5,
          0.0,
          0.8283239938869078,
          0.0,
          0.5,
          0.5,
          0.0,
          0.0,
          0.5,
          0.532967032967033,
          0.1518987341772152,
          0.2169811320754717,
          0.8656987295825771,
          0.31006160164271046,
          0.5511363636363636,
          0.326644370122631,
          0.9974193548387097,
          0.51,
          0.6666666666666666,
          0.0,
          0.0
        ],
        "results": {
          "1.1111111111111112": {
            "score": Infinity,
            "cost": -1,
            "info": {}
          }
        }
      },
      {
        "config_id": 3,
        "config": [
          0.0,
          0.0,
          0.0,
          0.5,
          0.5,
          0.6,
          0.4642857142857143,
          0.0,
          0.0,
          0.0,
          0.5,
          0.5,
          0.7952114111054508,
          0.6666666666666666,
          0.5,
          0.0,
          0.5,
          0.0,
          0.5,
          0.33516483516483514,
          0.20253164556962025,
          0.4056603773584906,
          0.8765880217785844,
          0.45585215605749485,
          0.6988636363636364,
          0.6744704570791528,
          0.06322580645161291,
          0.41,
          0.0,
          0.0,
          0.0
        ],
        "results": {
          "1.1111111111111112": {
            "score": Infinity,
            "cost": -1,
            "info": {}
          }
        }
      },
      {
        "config_id": 4,
        "config": [
          0.0,
          0.5,
          0.0,
          0.5,
          0.5,
          0.6,
          0.39285714285714285,
          0.0,
          0.5,
          0.5,
          0.0,
          0.0,
          0.021395822720326033,
          0.0,
          0.5,
          0.5,
          0.5,
          0.0,
          0.5,
          0.4010989010989011,
          0.012658227848101266,
          0.7547169811320755,
          0.969147005444646,
          0.28952772073921973,
          0.18181818181818182,
          0.26198439241917504,
          0.05548387096774193,
          0.76,
          0.0,
          0.0,
          0.0
        ],
        "results": {
          "1.1111111111111112": {
            "score": Infinity,
            "cost": -1,
            "info": {}
          }
        }
      },
      {
        "config_id": 5,
        "config": [
          0.5,
          0.0,
          0.0,
          0.5,
          0.0,
          0.0,
          0.44642857142857145,
          0.0,
          0.0,
          0.0,
          0.5,
          0.0,
          0.0010188487009679063,
          0.6666666666666666,
          0.0,
          0.0,
          0.0,
          0.0,
          0.0,
          0.47802197802197804,
          0.08227848101265822,
          0.330188679245283,
          0.44101633393829404,
          0.5041067761806981,
          0.6875,
          0.49944258639910816,
          0.584516129032258,
          0.79,
          0.0,
          0.0,
          0.0
        ],
        "results": {
          "1.1111111111111112": {
            "score": Infinity,
            "cost": -1,
            "info": {}
          }
        }
      },
      {
        "config_id": 6,
        "config": [
          0.0,
          0.0,
          0.0,
          0.5,
          0.5,
          0.2,
          0.7321428571428571,
          0.0,
          0.5,
          0.0,
          0.5,
          0.5,
          0.2598064187468161,
          0.3333333333333333,
          0.0,
          0.5,
          0.0,
          0.5,
          0.5,
          0.5604395604395604,
          0.310126582278481,
          0.9009433962264151,
          0.5553539019963702,
          0.7279260780287474,
          0.6761363636363636,
          0.8494983277591973,
          0.07870967741935483,
          0.01,
          0.3333333333333333,
          0.0,
          0.0
        ],
        "results": {
          "1.1111111111111112": {
            "score": Infinity,
            "cost": -1,
            "info": {}
          }
        }
      },
      {
        "config_id": 7,
        "config": [
          0.5,
          0.0,
          0.5,
          0.0,
          0.0,
          0.6,
          0.10714285714285714,
          0.0,
          0.0,
          0.0,
          0.5,
          0.5,
          0.9969434538970963,
          0.0,
          0.0,
          0.0,
          0.0,
          0.0,
          0.5,
          0.07142857142857142,
          0.13924050632911392,
          0.5188679245283019,
          0.22323049001814882,
          0.03285420944558522,
          0.9602272727272727,
          0.5551839464882943,
          0.2645161290322581,
          0.6,
          0.6666666666666666,
          0.0,
          0.0
        ],
        "results": {
          "1.1111111111111112": {
            "score": Infinity,
            "cost": -1,
            "info": {}
          }
        }
      },
      {
        "config_id": 8,