{
  "incumbent_ids": [
    4
  ],
  "rejected_config_ids": [
    1,
    3,
    2,
    5
  ],
  "incumbents_changed": 3,
  "trajectory": [
    {
      "config_ids": [
        1
      ],
      "costs": [
        0.35031684728417545
      ],
      "trial": 1,
      "walltime": 0.341235876083374
    },
    {
      "config_ids": [
        2
      ],
      "costs": [
        0.2929143502255349
      ],
      "trial": 2,
      "walltime": 0.6703639030456543
    },
    {
      "config_ids": [
        4
      ],
      "costs": [
        0.2902763425248186
      ],
      "trial": 4,
      "walltime": 1.2092325687408447
    }
  ],
  "state": {
    "queue": []
  }
}