{
  "DE_params": {
    "mutation_factor": 0.5,
    "crossover_prob": 0.5,
    "strategy": "rand1_bin",
    "configspace": true,
    "boundary_fix_type": "random",
    "max_age": Infinity,
    "dimensions": 38,
    "output_path": "../results/tmp/DEHB_tmp/dehb_20251208-045032_3a13",
    "async_strategy": "immediate"
  },
  "HB_params": {
    "min_fidelity": 1,
    "max_fidelity": 10,
    "min_clip": null,
    "max_clip": null,
    "eta": 3
  },
  "internals": {
    "initial_configs": [
      {
        "config_id": 0,
        "config": [
          0.3157894736842105,
          0.9210526315789473,
          0.07142857142857142,
          0.6,
          0.7755102040816326,
          0.5714285714285714,
          0.68,
          0.9733333333333334,
          0.06818181818181818,
          0.29545454545454547,
          0.8975609756097561,
          0.4482758620689655,
          0.2413793103448276,
          0.875,
          0.21875,
          0.5380116959064327,
          0.22807017543859648,
          0.2857142857142857,
          0.0,
          0.5454545454545454,
          0.8409090909090909,
          0.8571428571428571,
          0.875,
          0.8,
          0.8666666666666667,
          0.7288135593220338,
          0.2033898305084746,
          0.5909090909090909,
          0.5915492957746479,
          0.0,
          0.17391304347826086,
          0.17297297297297298,
          0.16216216216216217,
          0.9459459459459459,
          0.8333333333333334,
          0.5283018867924528,
          0.5471698113207547,
          0.2653061224489796
        ],
        "results": {
          "1.1111111111111112": {
            "score": Infinity,
            "cost": -1,
            "info": {}
          }
        }
      },
      {
        "config_id": 1,
        "config": [
          0.0,
          0.4473684210526316,
          0.5,
          0.0,
          0.10204081632653061,
          0.6122448979591837,
          0.6666666666666666,
          0.28,
          0.7954545454545454,
          0.5,
          0.3463414634146341,
          0.20689655172413793,
          0.41379310344827586,
          0.1875,
          0.15625,
          0.16374269005847952,
          0.4619883040935672,
          0.2857142857142857,
          0.5,
          0.11363636363636363,
          0.8181818181818182,
          0.0,
          0.75,
          0.06666666666666667,
          0.5333333333333333,
          0.423728813559322,
          0.06779661016949153,
          0.022727272727272728,
          0.8098591549295775,
          0.391304347826087,
          0.17391304347826086,
          0.21081081081081082,
          0.16216216216216217,
          0.0,
          0.3333333333333333,
          0.8113207547169812,
          0.18867924528301888,
          0.673469387755102
        ],
        "results": {
          "1.1111111111111112": {
            "score": Infinity,
            "cost": -1,
            "info": {}
          }
        }
      },
      {
        "config_id": 2,
        "config": [
          0.05263157894736842,
          0.5,
          0.7857142857142857,
          0.6,
          0.9387755102040817,
          0.16326530612244897,
          0.9066666666666666,
          0.37333333333333335,
          0.5681818181818182,
          0.38636363636363635,
          0.4146341463414634,
          0.0,
          0.4827586206896552,
          0.34375,
          0.0625,
          0.3684210526315789,
          0.8771929824561403,
          0.14285714285714285,
          0.5,
          0.3181818181818182,
          0.5681818181818182,
          0.5714285714285714,
          0.375,
          0.8333333333333334,
          0.5,
          0.4576271186440678,
          0.576271186440678,
          0.8636363636363636,
          0.7816901408450704,
          0.6521739130434783,
          0.5217391304347826,
          0.6972972972972973,
          0.16216216216216217,
          0.2972972972972973,
          0.16666666666666666,
          0.0,
          0.2830188679245283,
          0.2585034013605442
        ],
        "results": {
          "1.1111111111111112": {
            "score": Infinity,
            "cost": -1,
            "info": {}
          }
        }
      },
      {
        "config_id": 3,
        "config": [
          0.23684210526315788,
          0.7105263157894737,
          0.0,
          0.0,
          0.5102040816326531,
          0.7346938775510204,
          0.7066666666666667,
          0.7466666666666667,
          0.4318181818181818,
          0.9772727272727273,
          0.5317073170731708,
          0.6206896551724138,
          0.41379310344827586,
          0.0625,
          0.1875,
          0.8713450292397661,
          0.2631578947368421,
          0.8571428571428571,
          0.0,
          0.6363636363636364,
          0.8863636363636364,
          0.14285714285714285,
          0.0,
          0.9333333333333333,
          0.43333333333333335,
          0.11864406779661017,
          0.6779661016949152,
          0.18181818181818182,
          0.7183098591549296,
          0.43478260869565216,
          0.9130434782608695,
          0.4,
          0.2702702702702703,
          0.7837837837837838,
          0.16666666666666666,
          0.6981132075471698,
          0.2641509433962264,
          0.9455782312925171
        ],
        "results": {
          "1.1111111111111112": {
            "score": Infinity,
            "cost": -1,
            "info": {}
          }
        }
      },
      {
        "config_id": 4,
        "config": [
          0.2894736842105263,
          0.5789473684210527,
          0.8571428571428571,
          0.8,
          0.2857142857142857,
          0.673469387755102,
          0.76,
          0.4,
          0.9318181818181818,
          0.5227272727272727,
          0.9658536585365853,
          0.7586206896551724,
          0.5172413793103449,
          0.96875,
          0.625,
          0.47953216374269003,
          0.30994152046783624,
          0.0,
          0.5,
          0.1590909090909091,
          0.4772727272727273,
          0.42857142857142855,
          0.125,
          0.6,
          0.26666666666666666,
          0.7796610169491526,
          0.8305084745762712,
          0.18181818181818182,
          0.13380281690140844,
          0.043478260869565216,
          0.782608695652174,
          0.41081081081081083,
          0.7297297297297297,
          0.8108108108108109,
          0.6666666666666666,
          0.09433962264150944,
          0.24528301886792453,
          0.02040816326530612
        ],
        "results": {
          "1.1111111111111112": {
            "score": Infinity,
            "cost": -1,
            "info": {}
          }
        }
      },
      {
        "config_id": 5,
        "config": [
          0.7631578947368421,
          0.5526315789473685,
          0.21428571428571427,
          0.6,
          0.2653061224489796,
          0.32653061224489793,
          0.18666666666666668,
          0.96,
          0.3181818181818182,
          0.06818181818181818,
          0.7414634146341463,
          0.6206896551724138,
          0.5172413793103449,
          0.9375,
          0.40625,
          0.24561403508771928,
          0.3742690058479532,
          0.7142857142857143,
          0.5,
          0.22727272727272727,
          0.4318181818181818,
          0.42857142857142855,
          0.875,
          0.5666666666666667,
          0.9333333333333333,
          0.9491525423728814,
          0.15254237288135594,
          0.06818181818181818,
          0.22535211267605634,
          0.043478260869565216,
          0.34782608695652173,
          0.021621621621621623,
          0.21621621621621623,
          0.24324324324324326,
          0.0,
          0.7358490566037735,
          0.660377358490566,
          0.32653061224489793
        ],
        "results": {
          "1.1111111111111112": {
            "score": Infinity,
            "cost": -1,