{
  "incumbent_ids": [
    3
  ],
  "rejected_config_ids": [
    2,
    1,
    4,
    5
  ],
  "incumbents_changed": 2,
  "trajectory": [
    {
      "config_ids": [
        1
      ],
      "costs": [
        0.0025628327349263014
      ],
      "trial": 1,
      "walltime": 0.6306724548339844
    },
    {
      "config_ids": [
        3
      ],
      "costs": [
        2.8792638298025253e-06
      ],
      "trial": 3,
      "walltime": 1.878605842590332
    }
  ],
  "state": {
    "queue": []
  }
}