{
  "incumbent_ids": [
    4
  ],
  "rejected_config_ids": [
    1,
    3,
    2,
    5,
    6,
    7,
    8,
    9,
    10,
    11,
    12,
    13,
    14,
    15,
    16,
    17,
    18
  ],
  "incumbents_changed": 3,
  "trajectory": [
    {
      "config_ids": [
        1
      ],
      "costs": [
        0.8680425045129405
      ],
      "trial": 1,
      "walltime": 0.01213979721069336
    },
    {
      "config_ids": [
        2
      ],
      "costs": [
        0.8111370118745892
      ],
      "trial": 2,
      "walltime": 2.3821840286254883
    },
    {
      "config_ids": [
        4
      ],
      "costs": [
        0.41588880736313705
      ],
      "trial": 4,
      "walltime": 2.412989854812622
    }
  ],
  "state": {
    "queue": [
      [
        18,
        1
      ]
    ]
  }
}