{
  "stats": {
    "submitted": 6,
    "finished": 6,
    "running": 0
  },
  "data": [
    [
      1,
      null,
      218175338,
      null,
      0.3059660290250654,
      0.0032701492309570312,
      1,
      1763450077.7160506,
      1763450077.7208383,
      {}
    ],
    [
      2,
      null,
      218175338,
      null,
      0.18450938948853812,
      0.005570888519287109,
      1,
      1763450079.009494,
      1763450079.016336,
      {}
    ],
    [
      3,
      null,
      218175338,
      null,
      0.5770558589714494,
      0.000919342041015625,
      1,
      1763450079.0292346,
      1763450079.0312984,
      {}
    ],
    [
      4,
      null,
      218175338,
      null,
      0.5073553700397284,
      0.0008492469787597656,
      1,
      1763450079.039894,
      1763450079.0417984,
      {}
    ],
    [
      5,
      null,
      218175338,
      null,
      0.3772096653023971,
      0.0007224082946777344,
      1,
      1763450079.0458446,
      1763450079.047577,
      {}
    ],
    [
      6,
      null,
      218175338,
      null,
      0.38639328619027047,
      0.0007498264312744141,
      1,
      1763450079.051748,
      1763450079.0535207,
      {}
    ]
  ],
  "configs": {
    "1": {
      "Criticality": 0.7436529859265631,
      "Criticality Modifier": 0.34400033272494923,
      "Culture": 0.3183693102234617,
      "Dynamism": 0.4496819439771203,
      "Initial Known": 0.2948576571722774,
      "Inter-Dependency": 0.5886546931604447,
      "Plan": 0.5249818679845444,
      "Size": 0.6077723253302253,
      "Team Size": 0.2482100669567301
    },
    "2": {
      "Criticality": 0.7436529859265631,
      "Criticality Modifier": 0.3401363061763657,
      "Culture": 0.335812322875339,
      "Dynamism": 0.3874513985122269,
      "Initial Known": 0.18468029019987325,
      "Inter-Dependency": 0.5886546931604447,
      "Plan": 0.5249818679845444,
      "Size": 0.5751022063801838,
      "Team Size": 0.2584762198867232
    },
    "3": {
      "Criticality": 0.9991324703705879,
      "Criticality Modifier": 0.951481661019008,
      "Culture": 0.856646318594634,
      "Dynamism": 0.14154596409709141,
      "Initial Known": 0.8541007871883594,
      "Inter-Dependency": 0.7917796209460656,
      "Plan": 0.4069207743670027,
      "Size": 0.9120521407789678,
      "Team Size": 0.9960112664596501
    },
    "4": {
      "Criticality": 0.9990174964111967,
      "Criticality Modifier": 0.44611924793941465,
      "Culture": 0.11829440198055187,
      "Dynamism": 0.9777593986007879,
      "Initial Known": 0.5959614784600662,
      "Inter-Dependency": 0.5469092447613059,
      "Plan": 0.641871503239099,
      "Size": 0.7387153003193611,
      "Team Size": 0.934774010270503
    },
    "5": {
      "Criticality": 0.9705617908934521,
      "Criticality Modifier": 0.05892314665589465,
      "Culture": 0.38684326041496153,
      "Dynamism": 0.4970841698176401,
      "Initial Known": 0.9793239825840944,
      "Inter-Dependency": 0.5184268680414864,
      "Plan": 0.23374683498545876,
      "Size": 0.8374512830356673,
      "Team Size": 0.9742542398958152
    },
    "6": {
      "Criticality": 0.9998081389718533,
      "Criticality Modifier": 0.29334800917308457,
      "Culture": 0.7518632805045327,
      "Dynamism": 0.07222135929948513,
      "Initial Known": 0.31122482020053077,
      "Inter-Dependency": 0.8982041351523962,
      "Plan": 0.10492996673462138,
      "Size": 0.5815696694536441,
      "Team Size": 0.5695151416992063
    }
  },
  "config_origins": {
    "1": "Initial Design: Sobol",
    "2": "Acquisition Function Maximizer: Local Search",
    "3": "Acquisition Function Maximizer: Local Search",
    "4": "Acquisition Function Maximizer: Local Search",
    "5": "Acquisition Function Maximizer: Local Search",
    "6": "Acquisition Function Maximizer: Local Search"
  }
}