{"config": {"Criticality": 0.0577994805355301, "Criticality Modifier": 0.4345134671946554, "Culture": 0.2182729421541763, "Dynamism": 0.9459049849785004, "Initial Known": 0.6673345503605367, "Inter-Dependency": 0.108664544562202, "Plan": 0.5044701320651386, "Size": 0.0203290856675271, "Team Size": 0.6099396920535174}, "score": 0.14116920034781277, "info": {}}