{
  "incumbent_ids": [
    6
  ],
  "rejected_config_ids": [
    1,
    3,
    4,
    2,
    5,
    7,
    8,
    9,
    10,
    11,
    12,
    13,
    14,
    15,
    16,
    17,
    18,
    19,
    20,
    21,
    22,
    23,
    24
  ],
  "incumbents_changed": 4,
  "trajectory": [
    {
      "config_ids": [
        1
      ],
      "costs": [
        0.3422638641977134
      ],
      "trial": 1,
      "walltime": 0.011537313461303711
    },
    {
      "config_ids": [
        2
      ],
      "costs": [
        0.31454147481493755
      ],
      "trial": 2,
      "walltime": 0.04671478271484375
    },
    {
      "config_ids": [
        5
      ],
      "costs": [
        0.23422981111250196
      ],
      "trial": 5,
      "walltime": 2.209725856781006
    },
    {
      "config_ids": [
        6
      ],
      "costs": [
        0.22015784795448234
      ],
      "trial": 6,
      "walltime": 2.2193446159362793
    }
  ],
  "state": {
    "queue": [
      [
        24,
        1
      ]
    ]
  }
}