{
  "stats": {
    "submitted": 24,
    "finished": 24,
    "running": 0
  },
  "data": [
    [
      1,
      null,
      959027881,
      null,
      0.31161863331737427,
      0.0021028518676757812,
      1,
      1763449064.0768476,
      1763449064.0803986,
      {}
    ],
    [
      2,
      null,
      959027881,
      null,
      0.21624439472128287,
      0.00124359130859375,
      1,
      1763449064.0879478,
      1763449064.0905523,
      {}
    ],
    [
      3,
      null,
      959027881,
      null,
      0.4635928612219693,
      0.0014891624450683594,
      1,
      1763449065.3972528,
      1763449065.400011,
      {}
    ],
    [
      4,
      null,
      959027881,
      null,
      0.32084999148275317,
      0.0024645328521728516,
      1,
      1763449065.4053044,
      1763449065.4090407,
      {}
    ],
    [
      5,
      null,
      959027881,
      null,
      0.18840511932920445,
      0.0011072158813476562,
      1,
      1763449065.4140732,
      1763449065.4164956,
      {}
    ],
    [
      6,
      null,
      959027881,
      null,
      0.3876648787645305,
      0.0013184547424316406,
      1,
      1763449065.4232326,
      1763449065.4257662,
      {}
    ],
    [
      7,
      null,
      959027881,
      null,
      0.2139211860033754,
      0.0012238025665283203,
      1,
      1763449065.4309576,
      1763449065.433378,
      {}
    ],
    [
      8,
      null,
      959027881,
      null,
      0.21624439472128287,
      0.0006558895111083984,
      1,
      1763449065.4391077,
      1763449065.4410777,
      {}
    ],
    [
      9,
      null,
      959027881,
      null,
      0.12325542237343579,
      0.0014729499816894531,
      1,
      1763449065.4469547,
      1763449065.449669,
      {}
    ],
    [
      10,
      null,
      959027881,
      null,
      0.30477722975512955,
      0.0014476776123046875,
      1,
      1763449065.4566987,
      1763449065.4594626,
      {}
    ],
    [
      11,
      null,
      959027881,
      null,
      0.3232800430979874,
      0.001405954360961914,
      1,
      1763449065.472599,
      1763449065.4753017,
      {}
    ],
    [
      12,
      null,
      959027881,
      null,
      0.40098941718635905,
      0.0013005733489990234,
      1,
      1763449066.9952097,
      1763449066.9977438,
      {}
    ],
    [
      13,
      null,
      959027881,
      null,
      0.12237551570819982,
      0.0009140968322753906,
      1,
      1763449067.0043747,
      1763449067.006413,
      {}
    ],
    [
      14,
      null,
      959027881,
      null,
      0.13797894483677742,
      0.0009746551513671875,
      1,
      1763449067.0138552,
      1763449067.0159943,
      {}
    ],
    [
      15,
      null,
      959027881,
      null,
      0.17516116105229174,
      0.0011780261993408203,
      1,
      1763449067.0226564,
      1763449067.0249522,
      {}
    ],
    [
      16,
      null,
      959027881,
      null,
      0.440483337019018,
      0.0013234615325927734,
      1,
      1763449067.0322201,
      1763449067.0345538,
      {}
    ],
    [
      17,
      null,
      959027881,
      null,
      0.2358319339976952,
      0.0008721351623535156,
      1,
      1763449067.041759,
      1763449067.043721,
      {}
    ],
    [
      18,
      null,
      959027881,
      null,
      0.1353079167032174,
      0.002574443817138672,
      1,
      1763449067.0512269,
      1763449067.054963,
      {}
    ],
    [
      19,
      null,
      959027881,
      null,
      0.08266477316588072,
      0.0020804405212402344,
      1,
      1763449068.3265631,
      1763449068.329886,
      {}
    ],
    [
      20,
      null,
      959027881,
      null,
      0.3779297777911754,
      0.0010728836059570312,
      1,
      1763449068.3387876,
      1763449068.3410513,
      {}
    ],
    [
      21,
      null,
      959027881,
      null,
      0.2971313729662479,
      0.0014390945434570312,
      1,
      1763449068.34972,
      1763449068.3522704,
      {}
    ],
    [
      22,
      null,
      959027881,
      null,
      0.47665876616632397,
      0.0007264614105224609,
      1,
      1763449068.3601046,
      1763449068.3619118,
      {}
    ],
    [
      23,
      null,
      959027881,
      null,
      0.25339492376193085,
      0.0007050037384033203,
      1,
      1763449068.372388,
      1763449068.3741326,
      {}
    ],
    [
      24,
      null,
      959027881,
      null,
      0.3641579228706616,
      0.0011518001556396484,
      1,
      1763449068.3837788,
      1763449068.3860428,
      {}
    ]
  ],
  "configs": {
    "1": {
      "Criticality": 0.4933933035126995,
      "Criticality Modifier": 0.6883825969515923,
      "Culture": 0.9441845978607076,
      "Dynamism": 0.38590961985485184,
      "Initial Known": 0.12511245951684402,
      "Inter-Dependency": 0.8846265673357203,
      "Plan": 0.7171599588822377,
      "Size": 0.741379779441314,
      "Team Size": 0.6582281090520863
    },
    "2": {
      "Criticality": 0.9879258306720081,
      "Criticality Modifier": 0.1678626604795448,
      "Culture": 0.11683146248803689,
      "Dynamism": 0.7742341178590422,
      "Initial Known": 0.7164056737122503,
      "Inter-Dependency": 0.13163060792266512,
      "Plan": 0.39440328810449155,
      "Size": 0.43525176737313853,
      "Team Size": 0.3109402588136595
    },
    "3": {
      "Criticality": 0.9793113477559445,
      "Criticality Modifier": 0.7912906671313411,
      "Culture": 0.2155632768472092,
      "Dynamism": 0.7860020439471341,
      "Initial Known": 0.6281019855061961,
      "Inter-Dependency": 0.1861501663392319,
      "Plan": 0.2381711913432734,
      "Size": 0.11329021862188418,
      "Team Size": 0.42317798373625376
    },
    "4": {
      "Criticality": 0.5921947488689644,
      "Criticality Modifier": 0.9810543678871215,
      "Culture": 0.8421726705172827,
      "Dynamism": 0.017054420432961227,
      "Initial Known": 0.7876460654750128,
      "Inter-Dependency": 0.9741793895941645,
      "Plan": 0.704085385647588,
      "Size": 0.34923728943541177,
      "Team Size": 0.24627699251263716
    },
    "5": {
      "Criticality": 0.9860641048852964,
      "Criticality Modifier": 0.2961490586565822,
      "Culture": 0.6344669864344611,
      "Dynamism": 0.06365022421895618,
      "Initial Known": 0.2861570528925742,
      "Inter-Dependency": 0.35129999850909216,
      "Plan": 0.2537573853102942,
      "Size": 0.15900761096510274,
      "Team Size": 0.7795300977881847
    },
    "6": {
      "Criticality": 0.7826101415593413,
      "Criticality Modifier": 0.3145905172347779,
      "Culture": 0.44832321523366603,
      "Dynamism": 0.9186535595466732,
      "Initial Known": 0.6673065588740453,
      "Inter-Dependency": 0.9321320214218457,
      "Plan": 0.8794119421093873,
      "Size": 0.36324587134645075,
      "Team Size": 0.8593279099260989
    },
    "7": {
      "Criticality": 0.9062184173366827,
      "Criticality Modifier": 0.462865205338538,
      "Culture": 0.2783650164321076,
      "Dynamism": 0.10011987374951817,
      "Initial Known": 0.16063247569403388,
      "Inter-Dependency": 0.5458245208410315,
      "Plan": 0.39174480170301734,
      "Size": 0.021026151537715542,
      "Team Size": 0.06064397771748927
    },
    "8": {
      "Criticality": 0.9461877810644076,
      "Criticality Modifier": 0.2075980919086001,
      "Culture": 0.16331978190374655,
      "Dynamism": 0.814857912158255,
      "Initial Known": 0.7164056737122503,
      "Inter-Dependency": 0.13163060792266512,
      "Plan": 0.4140389992549479,
      "Size": 0.43525176737313853,
      "Team Size": 0.2579852665473167
    },
    "9": {
      "Criticality": 0.9989382681378038,
      "Criticality Modifier": 0.3077765116983165,
      "Culture": 0.32784736156001176,
      "Dynamism": 0.2615745993092632,
      "Initial Known": 0.8265819924115172,
      "Inter-Dependency": 0.25191551008822777,
      "Plan": 0.7098638350076585,