{
  "stats": {
    "submitted": 20,
    "finished": 20,
    "running": 0
  },
  "data": [
    [
      1,
      null,
      953453411,
      null,
      0.6021549445202594,
      2.250338554382324,
      1,
      1763063548.3099844,
      1763063550.5928519,
      {}
    ],
    [
      2,
      null,
      953453411,
      null,
      0.6445967169401394,
      2.3249428272247314,
      1,
      1763063550.600566,
      1763063552.9663026,
      {}
    ],
    [
      3,
      null,
      953453411,
      null,
      0.6412323306071301,
      2.225928544998169,
      1,
      1763063552.9698067,
      1763063555.2302258,
      {}
    ],
    [
      4,
      null,
      953453411,
      null,
      0.6363537776951588,
      2.130995512008667,
      1,
      1763063555.2335548,
      1763063557.3991542,
      {}
    ],
    [
      5,
      null,
      953453411,
      null,
      0.5979973283676893,
      2.3336329460144043,
      1,
      1763063557.4026253,
      1763063559.7695389,
      {}
    ],
    [
      6,
      null,
      953453411,
      null,
      0.6368686020735234,
      2.578099489212036,
      1,
      1763063559.7739196,
      1763063562.3863468,
      {}
    ],
    [
      7,
      null,
      953453411,
      null,
      0.6311035382414921,
      2.1154212951660156,
      1,
      1763063562.3897514,
      1763063564.5372727,
      {}
    ],
    [
      8,
      null,
      953453411,
      null,
      0.6380876972424581,
      2.2613799571990967,
      1,
      1763063564.5406258,
      1763063566.8345792,
      {}
    ],
    [
      9,
      null,
      953453411,
      null,
      0.6327592563301381,
      2.5008275508880615,
      1,
      1763063566.8377945,
      1763063569.3878233,
      {}
    ],
    [
      10,
      null,
      953453411,
      null,
      0.6457541980599639,
      2.305873394012451,
      1,
      1763063569.393885,
      1763063571.7311938,
      {}
    ],
    [
      11,
      null,
      953453411,
      null,
      0.6073314451447948,
      2.3196775913238525,
      1,
      1763063571.734683,
      1763063574.0861223,
      {}
    ],
    [
      12,
      null,
      953453411,
      null,
      0.6306802819984284,
      2.611894130706787,
      1,
      1763063574.1030824,
      1763063576.7506661,
      {}
    ],
    [
      13,
      null,
      953453411,
      null,
      0.6490841849451657,
      2.2834012508392334,
      1,
      1763063576.7553036,
      1763063579.0712864,
      {}
    ],
    [
      14,
      null,
      953453411,
      null,
      0.6402026398379358,
      2.502978563308716,
      1,
      1763063579.0755434,
      1763063581.6134124,
      {}
    ],
    [
      15,
      null,
      953453411,
      null,
      0.6422071205744276,
      2.19478702545166,
      1,
      1763063581.6183586,
      1763063583.8445845,
      {}
    ],
    [
      16,
      null,
      953453411,
      null,
      0.6404385863359505,
      2.3422865867614746,
      1,
      1763063583.8483546,
      1763063586.224027,
      {}
    ],
    [
      17,
      null,
      953453411,
      null,
      0.6388732438600322,
      2.1964423656463623,
      1,
      1763063586.2287438,
      1763063588.4601722,
      {}
    ],
    [
      18,
      null,
      953453411,
      null,
      0.6414053733435365,
      2.177229642868042,
      1,
      1763063588.4644005,
      1763063590.6758213,
      {}
    ],
    [
      19,
      null,
      953453411,
      null,
      0.6325978785739371,
      2.051758289337158,
      1,
      1763063590.6812506,
      1763063592.7666965,
      {}
    ],
    [
      20,
      null,
      953453411,
      null,
      0.6424938960318578,
      2.3621575832366943,
      1,
      1763063592.7706742,
      1763063595.1652093,
      {}
    ]
  ],
  "configs": {
    "1": {
      "row_id": "3503"
    },
    "2": {
      "row_id": "7211"
    },
    "3": {
      "row_id": "9019"
    },
    "4": {
      "row_id": "303"
    },
    "5": {
      "row_id": "1702"
    },
    "6": {
      "row_id": "7919"
    },
    "7": {
      "row_id": "5811"
    },
    "8": {
      "row_id": "4604"
    },
    "9": {
      "row_id": "3842"
    },
    "10": {
      "row_id": "5134"
    },
    "11": {
      "row_id": "8632"
    },
    "12": {
      "row_id": "2350"
    },
    "13": {
      "row_id": "643"
    },
    "14": {
      "row_id": "9426"
    },
    "15": {
      "row_id": "6840"
    },
    "16": {
      "row_id": "3048"
    },
    "17": {
      "row_id": "2578"
    },
    "18": {
      "row_id": "6282"
    },
    "19": {
      "row_id": "9946"
    },
    "20": {
      "row_id": "1232"
    }
  },
  "config_origins": {
    "1": "Initial Design: Sobol",
    "2": "Initial Design: Sobol",
    "3": "Initial Design: Sobol",
    "4": "Initial Design: Sobol",
    "5": "Initial Design: Sobol",
    "6": "Initial Design: Sobol",
    "7": "Initial Design: Sobol",
    "8": "Initial Design: Sobol",
    "9": "Initial Design: Sobol",
    "10": "Initial Design: Sobol",
    "11": "Initial Design: Sobol",
    "12": "Initial Design: Sobol",
    "13": "Initial Design: Sobol",
    "14": "Initial Design: Sobol",
    "15": "Initial Design: Sobol",
    "16": "Initial Design: Sobol",
    "17": "Initial Design: Sobol",
    "18": "Initial Design: Sobol",
    "19": "Initial Design: Sobol",
    "20": "Initial Design: Sobol"
  }
}