{
  "stats": {
    "submitted": 6,
    "finished": 6,
    "running": 0
  },
  "data": [
    [
      1,
      null,
      327741615,
      null,
      0.5255491080716445,
      0.0012011528015136719,
      1,
      1763449024.9189413,
      1763449024.9214418,
      {}
    ],
    [
      2,
      null,
      327741615,
      null,
      0.3278194649337778,
      0.0009050369262695312,
      1,
      1763449024.9296813,
      1763449024.9316573,
      {}
    ],
    [
      3,
      null,
      327741615,
      null,
      0.44313375275081124,
      0.0009150505065917969,
      1,
      1763449026.0887117,
      1763449026.0907426,
      {}
    ],
    [
      4,
      null,
      327741615,
      null,
      0.4399520171012623,
      0.0008056163787841797,
      1,
      1763449026.0948498,
      1763449026.0967138,
      {}
    ],
    [
      5,
      null,
      327741615,
      null,
      0.3237432077073896,
      0.0007202625274658203,
      1,
      1763449026.100965,
      1763449026.1026998,
      {}
    ],
    [
      6,
      null,
      327741615,
      null,
      0.34720768088497,
      0.0006020069122314453,
      1,
      1763449026.108081,
      1763449026.1097252,
      {}
    ]
  ],
  "configs": {
    "1": {
      "Criticality": 0.7333871831941912,
      "Criticality Modifier": 0.9315299532978988,
      "Culture": 0.7991526234204788,
      "Dynamism": 0.3264863281314555,
      "Initial Known": 0.6586824366353756,
      "Inter-Dependency": 0.12598585095268328,
      "Plan": 0.1384731244407812,
      "Size": 0.8353631235718689,
      "Team Size": 0.655229080793378
    },
    "2": {
      "Criticality": 0.07632241029166044,
      "Criticality Modifier": 0.7798639487004463,
      "Culture": 0.4384023684150472,
      "Dynamism": 0.7234125909950542,
      "Initial Known": 0.977934007331503,
      "Inter-Dependency": 0.5384945693096245,
      "Plan": 0.5011236655742453,
      "Size": 0.07216593629467682,
      "Team Size": 0.26844035249173626
    },
    "3": {
      "Criticality": 0.6006943122288597,
      "Criticality Modifier": 0.21359283530171272,
      "Culture": 0.7692419624295687,
      "Dynamism": 0.9578341203568025,
      "Initial Known": 0.44099023224989065,
      "Inter-Dependency": 0.918104774705545,
      "Plan": 0.061357563247135864,
      "Size": 0.1988603673470171,
      "Team Size": 0.7328521125969627
    },
    "4": {
      "Criticality": 0.036338863510356825,
      "Criticality Modifier": 0.829253879990301,
      "Culture": 0.08072175949059048,
      "Dynamism": 0.6003666314448138,
      "Initial Known": 0.09675044680550081,
      "Inter-Dependency": 0.7115629830214136,
      "Plan": 0.0757871064440625,
      "Size": 0.8260978637747113,
      "Team Size": 0.5228051911306177
    },
    "5": {
      "Criticality": 0.13316858814671484,
      "Criticality Modifier": 0.8398766514034063,
      "Culture": 0.43204419596955984,
      "Dynamism": 0.9785082612427088,
      "Initial Known": 0.16429211742702413,
      "Inter-Dependency": 0.6245335030337168,
      "Plan": 0.48163465362450486,
      "Size": 0.17090048561263707,
      "Team Size": 0.24013553204158433
    },
    "6": {
      "Criticality": 0.39140552961560504,
      "Criticality Modifier": 0.14487964407744103,
      "Culture": 0.7078962991755354,
      "Dynamism": 0.8593882649750356,
      "Initial Known": 0.5253642115936857,
      "Inter-Dependency": 0.3084773862518975,
      "Plan": 0.19503522633404688,
      "Size": 0.6137990141894477,
      "Team Size": 0.3162617204173906
    }
  },
  "config_origins": {
    "1": "Initial Design: Sobol",
    "2": "Random Search",
    "3": "Acquisition Function Maximizer: Local Search",
    "4": "Acquisition Function Maximizer: Local Search",
    "5": "Acquisition Function Maximizer: Local Search",
    "6": "Acquisition Function Maximizer: Local Search"
  }
}