{
  "incumbent_ids": [
    6
  ],
  "rejected_config_ids": [
    2,
    1,
    4,
    3,
    5
  ],
  "incumbents_changed": 4,
  "trajectory": [
    {
      "config_ids": [
        1
      ],
      "costs": [
        0.23283844302500745
      ],
      "trial": 1,
      "walltime": 0.016869783401489258
    },
    {
      "config_ids": [
        3
      ],
      "costs": [
        0.2153552461457927
      ],
      "trial": 3,
      "walltime": 3.4015278816223145
    },
    {
      "config_ids": [
        5
      ],
      "costs": [
        0.21498399775172028
      ],
      "trial": 5,
      "walltime": 3.448518753051758
    },
    {
      "config_ids": [
        6
      ],
      "costs": [
        0.18979484380366363
      ],
      "trial": 6,
      "walltime": 3.47770357131958
    }
  ],
  "state": {
    "queue": [
      [
        6,
        1
      ]
    ]
  }
}