{
  "stats": {
    "submitted": 18,
    "finished": 18,
    "running": 0
  },
  "data": [
    [
      1,
      null,
      1603867075,
      null,
      0.21615241372039717,
      0.002222776412963867,
      1,
      1763449878.170341,
      1763449878.17427,
      {}
    ],
    [
      2,
      null,
      1603867075,
      null,
      0.21591978071343276,
      0.0009839534759521484,
      1,
      1763449879.4254968,
      1763449879.4277034,
      {}
    ],
    [
      3,
      null,
      1603867075,
      null,
      0.14826438784741502,
      0.0009851455688476562,
      1,
      1763449879.4330668,
      1763449879.43522,
      {}
    ],
    [
      4,
      null,
      1603867075,
      null,
      0.23665206801610195,
      0.0007560253143310547,
      1,
      1763449879.4402597,
      1763449879.4421504,
      {}
    ],
    [
      5,
      null,
      1603867075,
      null,
      0.511477650978512,
      0.0007135868072509766,
      1,
      1763449879.4471903,
      1763449879.4489841,
      {}
    ],
    [
      6,
      null,
      1603867075,
      null,
      0.4088968493781384,
      0.0005733966827392578,
      1,
      1763449879.4539015,
      1763449879.4558184,
      {}
    ],
    [
      7,
      null,
      1603867075,
      null,
      0.4909570180209022,
      0.0005791187286376953,
      1,
      1763449879.4609838,
      1763449879.462613,
      {}
    ],
    [
      8,
      null,
      1603867075,
      null,
      0.4975673746761792,
      0.0006084442138671875,
      1,
      1763449879.468139,
      1763449879.4699461,
      {}
    ],
    [
      9,
      null,
      1603867075,
      null,
      0.12982651551546331,
      0.0005981922149658203,
      1,
      1763449879.4757328,
      1763449879.477398,
      {}
    ],
    [
      10,
      null,
      1603867075,
      null,
      0.12982651551546331,
      0.00043392181396484375,
      1,
      1763449880.8880985,
      1763449880.889796,
      {}
    ],
    [
      11,
      null,
      1603867075,
      null,
      0.12982651551546331,
      0.00030422210693359375,
      1,
      1763449880.8958588,
      1763449880.8972728,
      {}
    ],
    [
      12,
      null,
      1603867075,
      null,
      0.19774979259803593,
      0.0007805824279785156,
      1,
      1763449880.9032311,
      1763449880.905129,
      {}
    ],
    [
      13,
      null,
      1603867075,
      null,
      0.19294814999983534,
      0.0006747245788574219,
      1,
      1763449880.912479,
      1763449880.9142559,
      {}
    ],
    [
      14,
      null,
      1603867075,
      null,
      0.23058441197503532,
      0.0007638931274414062,
      1,
      1763449880.9207015,
      1763449880.9226885,
      {}
    ],
    [
      15,
      null,
      1603867075,
      null,
      0.12005033041474278,
      0.0007410049438476562,
      1,
      1763449880.9294024,
      1763449880.9312892,
      {}
    ],
    [
      16,
      null,
      1603867075,
      null,
      0.23058441197503532,
      0.0003578662872314453,
      1,
      1763449880.9386852,
      1763449880.94079,
      {}
    ],
    [
      17,
      null,
      1603867075,
      null,
      0.08968059818484009,
      0.0009474754333496094,
      1,
      1763449880.9492292,
      1763449880.951324,
      {}
    ],
    [
      18,
      null,
      1603867075,
      null,
      0.12005033041474278,
      0.00046563148498535156,
      1,
      1763449882.4220238,
      1763449882.4237494,
      {}
    ]
  ],
  "configs": {
    "1": {
      "Criticality": 0.6838096961588687,
      "Criticality Modifier": 0.855667292130513,
      "Culture": 0.2750366305662829,
      "Dynamism": 0.052483625234133094,
      "Initial Known": 0.5628127105317501,
      "Inter-Dependency": 0.9233960879293477,
      "Plan": 0.16937011602328395,
      "Size": 0.4786133466803055,
      "Team Size": 0.564925966346117
    },
    "2": {
      "Criticality": 0.9983950682906593,
      "Criticality Modifier": 0.10863024960809926,
      "Culture": 0.1963748337576836,
      "Dynamism": 0.1901405402487251,
      "Initial Known": 0.018337183271639478,
      "Inter-Dependency": 0.034285202924428645,
      "Plan": 0.02933765883269757,
      "Size": 0.1805997547651454,
      "Team Size": 0.500849977643055
    },
    "3": {
      "Criticality": 0.9990799348336064,
      "Criticality Modifier": 0.19277716137851747,
      "Culture": 0.3324496527298331,
      "Dynamism": 0.6113922314657043,
      "Initial Known": 0.4996825333377081,
      "Inter-Dependency": 0.5490645184931285,
      "Plan": 0.758147440173703,
      "Size": 0.22396587419267971,
      "Team Size": 0.6665766520826677
    },
    "4": {
      "Criticality": 0.980142803212001,
      "Criticality Modifier": 0.2985174146181925,
      "Culture": 0.668011720928646,
      "Dynamism": 0.4844181196962609,
      "Initial Known": 0.03423569745773236,
      "Inter-Dependency": 0.329627515468604,
      "Plan": 0.8579815553775142,
      "Size": 0.9069451465707843,
      "Team Size": 0.545693790256107
    },
    "5": {
      "Criticality": 0.9985646509866686,
      "Criticality Modifier": 0.6612493106440172,
      "Culture": 0.09369020337433275,
      "Dynamism": 0.6341628599665754,
      "Initial Known": 0.16257759179082548,
      "Inter-Dependency": 0.3528585802105193,
      "Plan": 0.5421374722558531,
      "Size": 0.9564345361452691,
      "Team Size": 0.5580061966347964
    },
    "6": {
      "Criticality": 0.9563929886326769,
      "Criticality Modifier": 0.4512471217756646,
      "Culture": 0.6573798848031817,
      "Dynamism": 0.3637402453945507,
      "Initial Known": 0.0265686065779589,
      "Inter-Dependency": 0.780395625254094,
      "Plan": 0.913985019598789,
      "Size": 0.3856101853614059,
      "Team Size": 0.8616299851218793
    },
    "7": {
      "Criticality": 0.2699723696475446,
      "Criticality Modifier": 0.2412262699410722,
      "Culture": 0.4577925293268247,
      "Dynamism": 0.0440811187444273,
      "Initial Known": 0.5504424338268575,
      "Inter-Dependency": 0.6090481373662502,
      "Plan": 0.39312819838146384,
      "Size": 0.689523685819691,
      "Team Size": 0.5043156286986058
    },
    "8": {
      "Criticality": 0.19140616870684313,
      "Criticality Modifier": 0.22467335146303805,
      "Culture": 0.8016491230884027,
      "Dynamism": 0.6098906347523974,
      "Initial Known": 0.40560721384623977,
      "Inter-Dependency": 0.9107584488431966,
      "Plan": 0.03428602325134058,
      "Size": 0.026721106388615974,
      "Team Size": 0.9520792367037617
    },
    "9": {
      "Criticality": 0.6504400754995636,
      "Criticality Modifier": 0.23271081737518967,
      "Culture": 0.6712797240458941,
      "Dynamism": 0.18052697130661025,
      "Initial Known": 0.21101639819531287,
      "Inter-Dependency": 0.6736672078054705,
      "Plan": 0.41347888144573597,
      "Size": 0.1958678455555659,
      "Team Size": 0.5631738994827652
    },
    "10": {
      "Criticality": 0.6504400754995636,
      "Criticality Modifier": 0.11619149019921048,
      "Culture": 0.8282374189847299,
      "Dynamism": 0.18052697130661025,
      "Initial Known": 0.04373154643632498,
      "Inter-Dependency": 0.7017329106827268,
      "Plan": 0.40765119470647526,
      "Size": 0.17450913404205112,
      "Team Size": 0.7277947439410145
    },
    "11": {
      "Criticality": 0.36694235844127,
      "Criticality Modifier": 0.11661259626093937,
      "Culture": 0.7528495774552189,
      "Dynamism": 0.08093566546451414,
      "Initial Known": 0.12975744756365443,
      "Inter-Dependency": 0.7829711029324682,
      "Plan": 0.16448975986628053,
      "Size": 0.2082810255610674,
      "Team Size": 0.6527885296309185
    },
    "12": {
      "Criticality": 0.8143154965967373,
      "Criticality Modifier": 0.1536515605370391,
      "Culture": 0.680632402620669,
      "Dynamism": 0.11976932286319698,
      "Initial Known": 0.3362472512123244,
      "Inter-Dependency": 0.6265488060569336,