{
  "stats": {
    "submitted": 18,
    "finished": 18,
    "running": 0
  },
  "data": [
    [
      1,
      null,
      44556670,
      null,
      0.1856759171679091,
      0.0039637088775634766,
      1,
      1763447563.4307137,
      1763447563.4368124,
      {}
    ],
    [
      2,
      null,
      44556670,
      null,
      0.1737008622189774,
      0.002665996551513672,
      1,
      1763447563.4520645,
      1763447563.4566066,
      {}
    ],
    [
      3,
      null,
      44556670,
      null,
      0.3440950404211345,
      0.00942373275756836,
      1,
      1763447567.53181,
      1763447567.5430808,
      {}
    ],
    [
      4,
      null,
      44556670,
      null,
      0.29162164279269787,
      0.029476404190063477,
      1,
      1763447567.5600963,
      1763447567.591275,
      {}
    ],
    [
      5,
      null,
      44556670,
      null,
      0.3282591576651439,
      0.0018055438995361328,
      1,
      1763447567.6134408,
      1763447567.6174896,
      {}
    ],
    [
      6,
      null,
      44556670,
      null,
      0.20624342417594965,
      0.014557838439941406,
      1,
      1763447567.635646,
      1763447567.6533802,
      {}
    ],
    [
      7,
      null,
      44556670,
      null,
      0.08184083849917856,
      0.0026421546936035156,
      1,
      1763447567.6968384,
      1763447567.702773,
      {}
    ],
    [
      8,
      null,
      44556670,
      null,
      0.28291358379097864,
      0.002667665481567383,
      1,
      1763447567.736583,
      1763447567.742412,
      {}
    ],
    [
      9,
      null,
      44556670,
      null,
      0.17346209947514724,
      0.003767251968383789,
      1,
      1763447567.7590055,
      1763447567.7664688,
      {}
    ],
    [
      10,
      null,
      44556670,
      null,
      0.37206749992476484,
      0.004098653793334961,
      1,
      1763447567.8012025,
      1763447567.808199,
      {}
    ],
    [
      11,
      null,
      44556670,
      null,
      0.08184083849917856,
      0.0025060176849365234,
      1,
      1763447572.1154428,
      1763447572.1209452,
      {}
    ],
    [
      12,
      null,
      44556670,
      null,
      0.24324938617806913,
      0.0031137466430664062,
      1,
      1763447572.1408598,
      1763447572.1473343,
      {}
    ],
    [
      13,
      null,
      44556670,
      null,
      0.11182054105994388,
      0.0022161006927490234,
      1,
      1763447572.1640282,
      1763447572.1697555,
      {}
    ],
    [
      14,
      null,
      44556670,
      null,
      0.1463955301188924,
      0.0020639896392822266,
      1,
      1763447572.1837425,
      1763447572.1879086,
      {}
    ],
    [
      15,
      null,
      44556670,
      null,
      0.2883393083574465,
      0.0030972957611083984,
      1,
      1763447572.2060323,
      1763447572.2130885,
      {}
    ],
    [
      16,
      null,
      44556670,
      null,
      0.20795501689148677,
      0.003295421600341797,
      1,
      1763447572.2353716,
      1763447572.2427604,
      {}
    ],
    [
      17,
      null,
      44556670,
      null,
      0.12087327769035539,
      0.0032355785369873047,
      1,
      1763447572.2742093,
      1763447572.2813442,
      {}
    ],
    [
      18,
      null,
      44556670,
      null,
      0.4238819649282868,
      0.0023567676544189453,
      1,
      1763447577.6555712,
      1763447577.659846,
      {}
    ]
  ],
  "configs": {
    "1": {
      " ACAP": 3.042371194809675,
      " AEXP": 2.4359929526085033,
      " CPLx": 4.775400230661035,
      " DOCU": 1.5580247417092323,
      " ETAT": 3.392555586826056,
      " FLEx": 4.068270470947027,
      " KLOC": 101.03241503211856,
      " LTEx": 1.9800283126533031,
      " PCAP": 4.644330454990268,
      " PCON": 1.6318145119575784,
      " PLEx": 1.8281308185327798,
      " PMAT": 2.076540805399418,
      " PREC": 3.296685066074133,
      " PVOL": 4.522885950282216,
      " RELY": 4.517219293862581,
      " RESL": 3.055569282119162,
      " RUSE": 5.0440387335307895,
      " SCED": 3.0,
      " SITE": 5.564531925134361,
      " STOR": 3.606088695116341,
      " TEAM": 3.9836058616638184,
      " TIME": 3.4321481455117464,
      " TOOL": 2.0,
      "DATA": 4.147905480975285
    },
    "2": {
      " ACAP": 3.0207483077713997,
      " AEXP": 3.006996494002806,
      " CPLx": 4.487319879402438,
      " DOCU": 1.5353181158371063,
      " ETAT": 1.7104133161872381,
      " FLEx": 1.874234702504313,
      " KLOC": 178.97243817640154,
      " LTEx": 1.7443035052406772,
      " PCAP": 3.1681193023307,
      " PCON": 2.38264906156155,
      " PLEx": 1.5001622632504321,
      " PMAT": 2.8785590855326593,
      " PREC": 4.803856126506866,
      " PVOL": 2.1162451274969594,
      " RELY": 4.398214782797522,
      " RESL": 3.2904665024620674,
      " RUSE": 5.592130465782374,
      " SCED": 3.0,
      " SITE": 4.334494864598183,
      " STOR": 3.5478377830464813,
      " TEAM": 3.809709696272221,
      " TIME": 3.3864771696146656,
      " TOOL": 2.0,
      "DATA": 4.083927155937846
    },
    "3": {
      " ACAP": 4.886496912342044,
      " AEXP": 1.5018414934804343,
      " CPLx": 3.3747544008485795,
      " DOCU": 4.473294674370404,
      " ETAT": 2.057177570337084,
      " FLEx": 4.841433409680841,
      " KLOC": 402.94768654487376,
      " LTEx": 1.3170894370144186,
      " PCAP": 4.636850798130906,
      " PCON": 1.265175824068778,
      " PLEx": 3.380388524540598,
      " PMAT": 2.1460997405682,
      " PREC": 2.141699355391271,
      " PVOL": 4.1414440095247995,
      " RELY": 4.992124853809721,
      " RESL": 4.329203197382849,
      " RUSE": 2.5582813456668863,
      " SCED": 3.0,
      " SITE": 2.9108834982990848,
      " STOR": 3.21597795722513,
      " TEAM": 2.272546746408729,
      " TIME": 3.5797115642957764,
      " TOOL": 2.0,
      "DATA": 4.976440231430349
    },
    "4": {
      " ACAP": 3.546562718250809,
      " AEXP": 1.4781741787448608,
      " CPLx": 4.436617338451677,
      " DOCU": 2.0177645324261007,
      " ETAT": 5.964111688090478,
      " FLEx": 1.5786348519129132,
      " KLOC": 264.55224001913325,
      " LTEx": 1.6304487658600983,
      " PCAP": 4.8148840792411995,
      " PCON": 4.288325844400701,
      " PLEx": 2.6398159805108854,
      " PMAT": 2.4958824504819805,
      " PREC": 3.866515395821385,
      " PVOL": 4.9062630201465165,
      " RELY": 4.2720481658895855,
      " RESL": 3.946521471749052,
      " RUSE": 2.776513542309987,
      " SCED": 3.0,
      " SITE": 5.127091958359031,
      " STOR": 3.1943632559557096,
      " TEAM": 3.8753159680066886,
      " TIME": 3.2150748273704868,
      " TOOL": 2.0,
      "DATA": 4.536575429375803
    },
    "5": {
      " ACAP": 3.5148685056713296,
      " AEXP": 2.293495382284516,
      " CPLx": 5.0048191543947445,
      " DOCU": 3.0997549260645845,
      " ETAT": 5.759187603425062,
      " FLEx": 3.868684825625305,
      " KLOC": 313.2381679005993,
      " LTEx": 3.4781780148749144,
      " PCAP": 4.813496003270368,
      " PCON": 1.5290679995222256,
      " PLEx": 3.224003677924942,
      " PMAT": 2.739224450842454,
      " PREC": 4.8132163267550325,
      " PVOL": 3.2140363447351015,
      " RELY": 3.1557798504388757,
      " RESL": 4.132685216451122,
      " RUSE": 5.576633205267189,
      " SCED": 3.0,
      " SITE": 1.4754225188377976,
      " STOR": 3.906323611066087,
      " TEAM": 3.3860669585696623,
      " TIME": 3.3185783973924297,
      " TOOL": 2.0,
      "DATA": 2.3887220953333017
    },
    "6": {
      " ACAP": 4.03427943827856,
      " AEXP": 4.184769637570561,
      " CPLx": 5.208438494975036,
      " DOCU": 2.0999210334832763,
      " ETAT": 5.804543785256947,
      " FLEx": 1.6345486309335207,
      " KLOC": 293.7443140147696,
      " LTEx": 2.631266599148862,
      " PCAP": 4.26396289901505,
      " PCON": 3.243612789914025,
      " PLEx": 2.5144837279514043,
      " PMAT": 2.4349062225324105,
      " PREC": 1.4572683133743718,