{
  "stats": {
    "submitted": 20,
    "finished": 20,
    "running": 0
  },
  "data": [
    [
      1,
      null,
      59886187,
      null,
      1.0,
      2.97037672996521,
      1,
      1763067465.0111532,
      1763067468.020436,
      {}
    ],
    [
      2,
      null,
      59886187,
      null,
      1.0,
      2.7058937549591064,
      1,
      1763067468.0274367,
      1763067470.785847,
      {}
    ],
    [
      3,
      null,
      59886187,
      null,
      0.0,
      2.3604323863983154,
      1,
      1763067470.7910702,
      1763067473.218077,
      {}
    ],
    [
      4,
      null,
      59886187,
      null,
      0.0,
      2.2918474674224854,
      1,
      1763067473.2217762,
      1763067475.5465856,
      {}
    ],
    [
      5,
      null,
      59886187,
      null,
      0.0,
      2.4049177169799805,
      1,
      1763067475.5493948,
      1763067477.9926064,
      {}
    ],
    [
      6,
      null,
      59886187,
      null,
      0.0,
      2.3593668937683105,
      1,
      1763067477.995527,
      1763067480.3881457,
      {}
    ],
    [
      7,
      null,
      59886187,
      null,
      0.0,
      3.130127429962158,
      1,
      1763067480.391415,
      1763067483.5552382,
      {}
    ],
    [
      8,
      null,
      59886187,
      null,
      0.0,
      2.795889377593994,
      1,
      1763067483.5588872,
      1763067486.3881125,
      {}
    ],
    [
      9,
      null,
      59886187,
      null,
      0.0,
      2.6567423343658447,
      1,
      1763067486.3918107,
      1763067489.1378303,
      {}
    ],
    [
      10,
      null,
      59886187,
      null,
      1.0,
      2.309006690979004,
      1,
      1763067489.1413558,
      1763067491.4836466,
      {}
    ],
    [
      11,
      null,
      59886187,
      null,
      1.0,
      2.2486608028411865,
      1,
      1763067491.487308,
      1763067493.7697515,
      {}
    ],
    [
      12,
      null,
      59886187,
      null,
      1.0,
      2.1871166229248047,
      1,
      1763067493.773398,
      1763067495.9960043,
      {}
    ],
    [
      13,
      null,
      59886187,
      null,
      0.0,
      2.1058056354522705,
      1,
      1763067496.0000186,
      1763067498.1389308,
      {}
    ],
    [
      14,
      null,
      59886187,
      null,
      0.0,
      2.096001625061035,
      1,
      1763067498.14258,
      1763067500.2711895,
      {}
    ],
    [
      15,
      null,
      59886187,
      null,
      0.0,
      2.151914358139038,
      1,
      1763067500.274936,
      1763067502.4583535,
      {}
    ],
    [
      16,
      null,
      59886187,
      null,
      1.0,
      2.3039138317108154,
      1,
      1763067502.4618542,
      1763067504.7982812,
      {}
    ],
    [
      17,
      null,
      59886187,
      null,
      0.0,
      2.0346271991729736,
      1,
      1763067504.8020315,
      1763067506.8700466,
      {}
    ],
    [
      18,
      null,
      59886187,
      null,
      1.0,
      2.1446213722229004,
      1,
      1763067506.8738055,
      1763067509.0508199,
      {}
    ],
    [
      19,
      null,
      59886187,
      null,
      0.0,
      2.1598892211914062,
      1,
      1763067509.0562232,
      1763067511.2490456,
      {}
    ],
    [
      20,
      null,
      59886187,
      null,
      0.0,
      2.1687405109405518,
      1,
      1763067511.254464,
      1763067513.455844,
      {}
    ]
  ],
  "configs": {
    "1": {
      "row_id": "291"
    },
    "2": {
      "row_id": "5217"
    },
    "3": {
      "row_id": "9679"
    },
    "4": {
      "row_id": "4579"
    },
    "5": {
      "row_id": "2741"
    },
    "6": {
      "row_id": "7689"
    },
    "7": {
      "row_id": "7132"
    },
    "8": {
      "row_id": "2048"
    },
    "9": {
      "row_id": "1816"
    },
    "10": {
      "row_id": "6736"
    },
    "11": {
      "row_id": "8679"
    },
    "12": {
      "row_id": "3623"
    },
    "13": {
      "row_id": "4368"
    },
    "14": {
      "row_id": "9263"
    },
    "15": {
      "row_id": "6226"
    },
    "16": {
      "row_id": "1155"
    },
    "17": {
      "row_id": "907"
    },
    "18": {
      "row_id": "5850"
    },
    "19": {
      "row_id": "9044"
    },
    "20": {
      "row_id": "3964"
    }
  },
  "config_origins": {
    "1": "Initial Design: Sobol",
    "2": "Initial Design: Sobol",
    "3": "Initial Design: Sobol",
    "4": "Initial Design: Sobol",
    "5": "Initial Design: Sobol",
    "6": "Initial Design: Sobol",
    "7": "Initial Design: Sobol",
    "8": "Initial Design: Sobol",
    "9": "Initial Design: Sobol",
    "10": "Initial Design: Sobol",
    "11": "Initial Design: Sobol",
    "12": "Initial Design: Sobol",
    "13": "Initial Design: Sobol",
    "14": "Initial Design: Sobol",
    "15": "Initial Design: Sobol",
    "16": "Initial Design: Sobol",
    "17": "Initial Design: Sobol",
    "18": "Initial Design: Sobol",
    "19": "Initial Design: Sobol",
    "20": "Initial Design: Sobol"
  }
}