{
  "stats": {
    "submitted": 22,
    "finished": 22,
    "running": 0
  },
  "data": [
    [
      1,
      null,
      44556670,
      null,
      0.661173911201327,
      0.23150873184204102,
      1,
      1763050755.6709254,
      1763050755.9037046,
      {}
    ],
    [
      2,
      null,
      44556670,
      null,
      0.7008460447697168,
      0.05005359649658203,
      1,
      1763050755.9095168,
      1763050755.9606137,
      {}
    ],
    [
      3,
      null,
      44556670,
      null,
      0.6625389178069603,
      0.04394984245300293,
      1,
      1763050755.9667914,
      1763050756.0117185,
      {}
    ],
    [
      4,
      null,
      44556670,
      null,
      0.6651069407920527,
      0.046242713928222656,
      1,
      1763050756.655605,
      1763050756.7028954,
      {}
    ],
    [
      5,
      null,
      44556670,
      null,
      0.6520365734092854,
      0.04783892631530762,
      1,
      1763050756.7062752,
      1763050756.7550545,
      {}
    ],
    [
      6,
      null,
      44556670,
      null,
      0.7071067811929822,
      0.0437314510345459,
      1,
      1763050756.7600832,
      1763050756.804748,
      {}
    ],
    [
      7,
      null,
      44556670,
      null,
      0.45474848674620594,
      0.044111013412475586,
      1,
      1763050756.808431,
      1763050756.8534799,
      {}
    ],
    [
      8,
      null,
      44556670,
      null,
      0.5425871805587668,
      0.0453791618347168,
      1,
      1763050756.8576887,
      1763050756.9040272,
      {}
    ],
    [
      9,
      null,
      44556670,
      null,
      0.7050489821110741,
      0.043066978454589844,
      1,
      1763050756.90768,
      1763050756.9517267,
      {}
    ],
    [
      10,
      null,
      44556670,
      null,
      0.45112191811043734,
      0.2141098976135254,
      1,
      1763050757.4114287,
      1763050757.6265912,
      {}
    ],
    [
      11,
      null,
      44556670,
      null,
      0.5208625605629624,
      0.04670214653015137,
      1,
      1763050757.631018,
      1763050757.6789,
      {}
    ],
    [
      12,
      null,
      44556670,
      null,
      0.4659466153082279,
      0.04228472709655762,
      1,
      1763050757.6828322,
      1763050757.7261715,
      {}
    ],
    [
      13,
      null,
      44556670,
      null,
      0.6029212928651345,
      0.044039249420166016,
      1,
      1763050757.73132,
      1763050757.776392,
      {}
    ],
    [
      14,
      null,
      44556670,
      null,
      0.5372410126680686,
      0.04685807228088379,
      1,
      1763050757.7812688,
      1763050757.8291633,
      {}
    ],
    [
      15,
      null,
      44556670,
      null,
      0.49343058023315467,
      0.04432106018066406,
      1,
      1763050757.8337324,
      1763050757.879069,
      {}
    ],
    [
      16,
      null,
      44556670,
      null,
      0.4853618212673064,
      0.04267239570617676,
      1,
      1763050757.8854768,
      1763050757.9292827,
      {}
    ],
    [
      17,
      null,
      44556670,
      null,
      0.4716801687125022,
      0.046330928802490234,
      1,
      1763050758.424741,
      1763050758.472056,
      {}
    ],
    [
      18,
      null,
      44556670,
      null,
      0.5998325444975888,
      0.04390263557434082,
      1,
      1763050758.8450537,
      1763050758.8901691,
      {}
    ],
    [
      19,
      null,
      44556670,
      null,
      0.5033477557141054,
      0.04624652862548828,
      1,
      1763050758.8956516,
      1763050758.9429605,
      {}
    ],
    [
      20,
      null,
      44556670,
      null,
      0.6984263335265237,
      0.04466533660888672,
      1,
      1763050758.9482815,
      1763050758.994012,
      {}
    ],
    [
      21,
      null,
      44556670,
      null,
      0.6524711115728901,
      0.15497374534606934,
      1,
      1763050759.0004246,
      1763050759.1564727,
      {}
    ],
    [
      22,
      null,
      44556670,
      null,
      0.5675367815558306,
      0.03762173652648926,
      1,
      1763050759.1617827,
      1763050759.2003863,
      {}
    ]
  ],
  "configs": {
    "1": {
      "Counters": 1,
      "Max_spout": 100.0,
      "Spliters": 3
    },
    "2": {
      "Counters": 12,
      "Max_spout": 1000000.0,
      "Spliters": 1
    },
    "3": {
      "Counters": 1,
      "Max_spout": 1000.0,
      "Spliters": 2
    },
    "4": {
      "Counters": 1,
      "Max_spout": 10000.0,
      "Spliters": 3
    },
    "5": {
      "Counters": 1,
      "Max_spout": 100.0,
      "Spliters": 6
    },
    "6": {
      "Counters": 15,
      "Max_spout": 1.0,
      "Spliters": 1
    },
    "7": {
      "Counters": 9,
      "Max_spout": 1000000.0,
      "Spliters": 6
    },
    "8": {
      "Counters": 18,
      "Max_spout": 100000.0,
      "Spliters": 3
    },
    "9": {
      "Counters": 6,
      "Max_spout": 1000000.0,
      "Spliters": 1
    },
    "10": {
      "Counters": 9,
      "Max_spout": 100000.0,
      "Spliters": 6
    },
    "11": {
      "Counters": 9,
      "Max_spout": 100.0,
      "Spliters": 1
    },
    "12": {
      "Counters": 9,
      "Max_spout": 1000.0,
      "Spliters": 6
    },
    "13": {
      "Counters": 9,
      "Max_spout": 10.0,
      "Spliters": 1
    },
    "14": {
      "Counters": 9,
      "Max_spout": 10.0,
      "Spliters": 6
    },
    "15": {
      "Counters": 9,
      "Max_spout": 100.0,
      "Spliters": 6
    },
    "16": {
      "Counters": 12,
      "Max_spout": 1000.0,
      "Spliters": 1
    },
    "17": {
      "Counters": 18,
      "Max_spout": 1000.0,
      "Spliters": 1
    },
    "18": {
      "Counters": 15,
      "Max_spout": 10.0,
      "Spliters": 1
    },
    "19": {
      "Counters": 18,
      "Max_spout": 100.0,
      "Spliters": 1
    },
    "20": {
      "Counters": 6,
      "Max_spout": 1.0,
      "Spliters": 6
    },
    "21": {
      "Counters": 1,
      "Max_spout": 100.0,
      "Spliters": 1
    },
    "22": {
      "Counters": 15,
      "Max_spout": 10.0,
      "Spliters": 3
    }
  },
  "config_origins": {
    "1": "Initial Design: Sobol",
    "2": "Initial Design: Sobol",
    "3": "Random Search",
    "4": "Acquisition Function Maximizer: Local Search",
    "5": "Random Search",
    "6": "Random Search",
    "7": "Random Search",
    "8": "Random Search",
    "9": "Random Search",
    "10": "Acquisition Function Maximizer: Local Search",
    "11": "Acquisition Function Maximizer: Local Search",
    "12": "Acquisition Function Maximizer: Local Search",
    "13": "Acquisition Function Maximizer: Local Search",
    "14": "Acquisition Function Maximizer: Local Search",
    "15": "Acquisition Function Maximizer: Local Search",
    "16": "Random Search",
    "17": "Random Search",
    "18": "Random Search",
    "19": "Random Search",
    "20": "Random Search",
    "21": "Random Search",
    "22": "Random Search"
  }
}