{
  "incumbent_ids": [
    2
  ],
  "rejected_config_ids": [
    1
  ],
  "incumbents_changed": 2,
  "trajectory": [
    {
      "config_ids": [
        1
      ],
      "costs": [
        0.8546471125179043
      ],
      "trial": 1,
      "walltime": 13.428937196731567
    },
    {
      "config_ids": [
        2
      ],
      "costs": [
        0.4880541644476468
      ],
      "trial": 2,
      "walltime": 28.246143102645874
    }
  ],
  "state": {
    "queue": []
  }
}