{
  "incumbent_ids": [
    5
  ],
  "rejected_config_ids": [
    1,
    3,
    4,
    2
  ],
  "incumbents_changed": 3,
  "trajectory": [
    {
      "config_ids": [
        1
      ],
      "costs": [
        0.6489581010254273
      ],
      "trial": 1,
      "walltime": 3.4710066318511963
    },
    {
      "config_ids": [
        2
      ],
      "costs": [
        0.38904512380671696
      ],
      "trial": 2,
      "walltime": 6.70304274559021
    },
    {
      "config_ids": [
        5
      ],
      "costs": [
        0.3722957132080239
      ],
      "trial": 5,
      "walltime": 16.68411087989807
    }
  ],
  "state": {
    "queue": []
  }
}