{'Clndrs': 4.0, 'Volume': 141.0, 'Model': 81.0, 'origin': 2.0}, {'Clndrs': 6.0, 'Volume': 145.0, 'Model': 81.0, 'origin': 2.0}, {'Clndrs': 4.0, 'Volume': 141.0, 'Model': 79.0, 'origin': 2.0}, {'Clndrs': 5.0, 'Volume': 183.0, 'Model': 79.0, 'origin': 2.0}, {'Clndrs': 4.0, 'Volume': 134.0, 'Model': 78.0, 'origin': 3.0}, {'Clndrs': 4.0, 'Volume': 90.0, 'Model': 74.0, 'origin': 1.0}, {'Clndrs': 4.0, 'Volume': 85.0, 'Model': 76.0, 'origin': 1.0}, {'Clndrs': 5.0, 'Volume': 121.0, 'Model': 80.0, 'origin': 2.0}, {'Clndrs': 4.0, 'Volume': 98.0, 'Model': 71.0, 'origin': 1.0}, {'Clndrs': 6.0, 'Volume': 262.0, 'Model': 82.0, 'origin': 1.0}, {'Clndrs': 4.0, 'Volume': 116.0, 'Model': 71.0, 'origin': 2.0}, {'Clndrs': 4.0, 'Volume': 97.0, 'Model': 76.0, 'origin': 3.0}, {'Clndrs': 4.0, 'Volume': 90.0, 'Model': 74.0, 'origin': 1.0}, {'Clndrs': 4.0, 'Volume': 140.0, 'Model': 72.0, 'origin': 1.0}, {'Clndrs': 4.0, 'Volume': 97.5, 'Model': 72.0, 'origin': 1.0}, {'Clndrs': 4.0, 'Volume': 98.0, 'Model': 82.0, 'origin': 1.0}, {'Clndrs': 4.0, 'Volume': 97.0, 'Model': 82.0, 'origin': 2.0}, {'Clndrs': 5.0, 'Volume': 121.0, 'Model': 80.0, 'origin': 2.0}, {'Clndrs': 4.0, 'Volume': 97.0, 'Model': 82.0, 'origin': 2.0}, {'Clndrs': 4.0, 'Volume': 108.0, 'Model': 73.0, 'origin': 3.0}
0.419834366701459, 0.4235521708778065, 0.3872631585390678, 0.4559540336686524, 0.4899636834013037, 0.4643845026319926, 0.30998225385304745, 0.31159152325128536, 0.3578925042330301, 0.38125731428387977, 0.47755422789477997, 0.4177778452301931, 0.4643845026319926, 0.48745331459620056, 0.40278892307775394, 0.30706763493134415, 0.16745989117220028, 0.31159152325128536, 0.16745989117220028, 0.5334638252177847
0.35613441467285156, 0.1055607795715332, 0.06891942024230957, 0.07292509078979492, 0.11954140663146973, 0.1199500560760498, 0.1255631446838379, 0.05937385559082031, 0.0816659927368164, 0.0646524429321289, 0.08161354064941406, 0.10997486114501953, 0.09937024116516113, 0.10742306709289551, 0.10581302642822266, 0.09023547172546387, 0.10589051246643066, 0.09435009956359863, 0.0758974552154541, 0.08355069160461426