{'Clndrs': 4.0, 'Volume': 98.0, 'Model': 82.0, 'origin': 1.0}, {'Clndrs': 4.0, 'Volume': 98.0, 'Model': 82.0, 'origin': 1.0}, {'Clndrs': 4.0, 'Volume': 90.0, 'Model': 78.0, 'origin': 2.0}, {'Clndrs': 4.0, 'Volume': 97.0, 'Model': 82.0, 'origin': 2.0}, {'Clndrs': 4.0, 'Volume': 97.0, 'Model': 81.0, 'origin': 3.0}, {'Clndrs': 4.0, 'Volume': 85.0, 'Model': 76.0, 'origin': 1.0}, {'Clndrs': 4.0, 'Volume': 85.0, 'Model': 76.0, 'origin': 1.0}, {'Clndrs': 4.0, 'Volume': 85.0, 'Model': 80.0, 'origin': 3.0}, {'Clndrs': 4.0, 'Volume': 97.0, 'Model': 70.0, 'origin': 2.0}, {'Clndrs': 5.0, 'Volume': 121.0, 'Model': 80.0, 'origin': 2.0}, {'Clndrs': 4.0, 'Volume': 97.0, 'Model': 71.0, 'origin': 2.0}, {'Clndrs': 4.0, 'Volume': 97.0, 'Model': 73.0, 'origin': 2.0}, {'Clndrs': 4.0, 'Volume': 68.0, 'Model': 73.0, 'origin': 2.0}, {'Clndrs': 4.0, 'Volume': 97.0, 'Model': 70.0, 'origin': 2.0}, {'Clndrs': 4.0, 'Volume': 98.0, 'Model': 82.0, 'origin': 1.0}, {'Clndrs': 4.0, 'Volume': 98.0, 'Model': 82.0, 'origin': 1.0}, {'Clndrs': 4.0, 'Volume': 97.0, 'Model': 82.0, 'origin': 2.0}, {'Clndrs': 5.0, 'Volume': 121.0, 'Model': 80.0, 'origin': 2.0}, {'Clndrs': 4.0, 'Volume': 97.0, 'Model': 82.0, 'origin': 2.0}, {'Clndrs': 4.0, 'Volume': 72.0, 'Model': 71.0, 'origin': 3.0}
0.30706763493134415, 0.30706763493134415, 0.19339815732352839, 0.16745989117220028, 0.3829859092340627, 0.30998225385304745, 0.30998225385304745, 0.25394722064135844, 0.3263298147356364, 0.31159152325128536, 0.35266393508851945, 0.3216062143047753, 0.34385632337349503, 0.3263298147356364, 0.30706763493134415, 0.30706763493134415, 0.16745989117220028, 0.31159152325128536, 0.16745989117220028, 0.27467083302654305
0.3092632293701172, 0.12413406372070312, 0.11241555213928223, 0.14056086540222168, 0.13198137283325195, 0.12828826904296875, 0.15160655975341797, 0.1469717025756836, 0.13598847389221191, 0.12751293182373047, 0.11130928993225098, 0.11431360244750977, 0.1135706901550293, 0.10450410842895508, 0.14076685905456543, 0.09108853340148926, 0.07787394523620605, 0.09191346168518066, 0.09372496604919434, 0.10208678245544434