{'Spout_wait': 6.0, 'Spliters': 4.0, 'Counters': 17.0}, {'Spout_wait': 10.0, 'Spliters': 4.0, 'Counters': 17.0}, {'Spout_wait': 7.0, 'Spliters': 6.0, 'Counters': 17.0}, {'Spout_wait': 7.0, 'Spliters': 3.0, 'Counters': 17.0}, {'Spout_wait': 8.0, 'Spliters': 6.0, 'Counters': 17.0}, {'Spout_wait': 9.0, 'Spliters': 6.0, 'Counters': 17.0}, {'Spout_wait': 7.0, 'Spliters': 6.0, 'Counters': 17.0}, {'Spout_wait': 9.0, 'Spliters': 3.0, 'Counters': 17.0}, {'Spout_wait': 9.0, 'Spliters': 6.0, 'Counters': 17.0}, {'Spout_wait': 9.0, 'Spliters': 5.0, 'Counters': 17.0}, {'Spout_wait': 6.0, 'Spliters': 5.0, 'Counters': 15.0}, {'Spout_wait': 10.0, 'Spliters': 3.0, 'Counters': 17.0}, {'Spout_wait': 10.0, 'Spliters': 4.0, 'Counters': 17.0}, {'Spout_wait': 10.0, 'Spliters': 3.0, 'Counters': 17.0}, {'Spout_wait': 9.0, 'Spliters': 3.0, 'Counters': 17.0}, {'Spout_wait': 7.0, 'Spliters': 2.0, 'Counters': 16.0}, {'Spout_wait': 5.0, 'Spliters': 6.0, 'Counters': 18.0}, {'Spout_wait': 6.0, 'Spliters': 6.0, 'Counters': 16.0}, {'Spout_wait': 8.0, 'Spliters': 6.0, 'Counters': 15.0}, {'Spout_wait': 9.0, 'Spliters': 3.0, 'Counters': 18.0}
0.05504432310620622, 0.03413510224963634, 0.02810356721455487, 0.02967052168107598, 0.006111178207122481, 0.008586239120553896, 0.02810356721455487, 0.020033994250278075, 0.008586239120553896, 0.020466796587967684, 0.061886210378318096, 0.03922607230648456, 0.03413510224963634, 0.03922607230648456, 0.020033994250278075, 0.07469957232036739, 0.03893991222898485, 0.05755833752539674, 0.045320344504342636, 0.05981031067793674
0.3399617671966553, 0.1407151222229004, 0.16021227836608887, 0.13355493545532227, 0.20448708534240723, 0.16733336448669434, 0.13852906227111816, 0.13880562782287598, 0.13220834732055664, 0.12751364707946777, 0.12613391876220703, 0.1898360252380371, 0.12252998352050781, 0.15043067932128906, 0.11450958251953125, 0.1664879322052002, 0.09516310691833496, 0.12382030487060547, 0.11791300773620605, 0.10150814056396484