{'Max_spout': 100000.0, 'Spliters': 2.0, 'Counters': 6.0}, {'Max_spout': 100000.0, 'Spliters': 1.0, 'Counters': 9.0}, {'Max_spout': 1000.0, 'Spliters': 6.0, 'Counters': 15.0}, {'Max_spout': 1000.0, 'Spliters': 2.0, 'Counters': 12.0}, {'Max_spout': 1000000.0, 'Spliters': 1.0, 'Counters': 9.0}, {'Max_spout': 1000000.0, 'Spliters': 6.0, 'Counters': 12.0}, {'Max_spout': 10000.0, 'Spliters': 2.0, 'Counters': 9.0}, {'Max_spout': 1000000.0, 'Spliters': 1.0, 'Counters': 6.0}, {'Max_spout': 10000.0, 'Spliters': 2.0, 'Counters': 9.0}, {'Max_spout': 100000.0, 'Spliters': 2.0, 'Counters': 12.0}, {'Max_spout': 10000.0, 'Spliters': 2.0, 'Counters': 9.0}, {'Max_spout': 100000.0, 'Spliters': 6.0, 'Counters': 12.0}, {'Max_spout': 1000.0, 'Spliters': 2.0, 'Counters': 6.0}, {'Max_spout': 1000.0, 'Spliters': 2.0, 'Counters': 15.0}, {'Max_spout': 10000.0, 'Spliters': 2.0, 'Counters': 9.0}, {'Max_spout': 1000.0, 'Spliters': 2.0, 'Counters': 18.0}, {'Max_spout': 100000.0, 'Spliters': 6.0, 'Counters': 18.0}, {'Max_spout': 10000.0, 'Spliters': 6.0, 'Counters': 15.0}, {'Max_spout': 1000000.0, 'Spliters': 6.0, 'Counters': 15.0}, {'Max_spout': 10000.0, 'Spliters': 2.0, 'Counters': 6.0}
0.485152625417959, 0.35166741075975727, 0.45712801740865205, 0.38207560321211176, 0.32012653299473015, 0.44984553552444706, 0.40832520008941975, 0.36846990554864756, 0.40832520008941975, 0.4409963825425648, 0.40832520008941975, 0.4516582690455384, 0.4574555529336537, 0.36892976043895076, 0.40832520008941975, 0.37732074296275253, 0.42495585890769383, 0.4606383323142671, 0.46478414719232286, 0.4166887504479434
0.2890653610229492, 0.12882304191589355, 0.14659857749938965, 0.10029244422912598, 0.13506340980529785, 0.19557952880859375, 0.15746450424194336, 0.0721733570098877, 0.09672808647155762, 0.10313296318054199, 0.0737762451171875, 0.07923507690429688, 0.07717752456665039, 0.08264899253845215, 0.08158612251281738, 0.06990337371826172, 0.07610058784484863, 0.0395965576171875, 0.05213522911071777, 0.06252455711364746