{'Max_spout': 1000.0, 'Spliters': 2.0, 'Counters': 3.0}, {'Max_spout': 1000000.0, 'Spliters': 6.0, 'Counters': 12.0}, {'Max_spout': 1000.0, 'Spliters': 2.0, 'Counters': 12.0}, {'Max_spout': 1000.0, 'Spliters': 2.0, 'Counters': 12.0}, {'Max_spout': 1000.0, 'Spliters': 1.0, 'Counters': 6.0}, {'Max_spout': 1000000.0, 'Spliters': 6.0, 'Counters': 12.0}, {'Max_spout': 10000.0, 'Spliters': 2.0, 'Counters': 9.0}, {'Max_spout': 1000000.0, 'Spliters': 6.0, 'Counters': 15.0}, {'Max_spout': 10000.0, 'Spliters': 2.0, 'Counters': 9.0}, {'Max_spout': 100000.0, 'Spliters': 6.0, 'Counters': 18.0}, {'Max_spout': 10000.0, 'Spliters': 6.0, 'Counters': 18.0}, {'Max_spout': 100000.0, 'Spliters': 6.0, 'Counters': 12.0}, {'Max_spout': 1000.0, 'Spliters': 2.0, 'Counters': 6.0}, {'Max_spout': 10000.0, 'Spliters': 2.0, 'Counters': 9.0}, {'Max_spout': 10000.0, 'Spliters': 2.0, 'Counters': 9.0}, {'Max_spout': 1000.0, 'Spliters': 2.0, 'Counters': 18.0}, {'Max_spout': 10000.0, 'Spliters': 2.0, 'Counters': 12.0}, {'Max_spout': 10000.0, 'Spliters': 6.0, 'Counters': 15.0}, {'Max_spout': 1000000.0, 'Spliters': 6.0, 'Counters': 15.0}, {'Max_spout': 10000.0, 'Spliters': 2.0, 'Counters': 6.0}
0.49280699652739335, 0.4426252477282385, 0.353038171607748, 0.353038171607748, 0.49240578970723936, 0.4426252477282385, 0.391479583096187, 0.45382663094968345, 0.391479583096187, 0.430935374360889, 0.45021922311446794, 0.4526470286993124, 0.41431724775011136, 0.391479583096187, 0.391479583096187, 0.3513569799560069, 0.3777081854880393, 0.45815727634111725, 0.45382663094968345, 0.42781165897207585
0.20507097244262695, 0.1077423095703125, 0.08947181701660156, 0.09870386123657227, 0.08611726760864258, 0.11965394020080566, 0.07521438598632812, 0.12210202217102051, 0.14327025413513184, 0.13351678848266602, 0.12832260131835938, 0.11839771270751953, 0.11249303817749023, 0.11590695381164551, 0.09093880653381348, 0.0807039737701416, 0.11257505416870117, 0.08838200569152832, 0.16778850555419922, 0.20124030113220215