{'Max_spout': 1000.0, 'Spliters': 2.0, 'Counters': 3.0}, {'Max_spout': 1000000.0, 'Spliters': 6.0, 'Counters': 12.0}, {'Max_spout': 1000.0, 'Spliters': 2.0, 'Counters': 12.0}, {'Max_spout': 1000.0, 'Spliters': 2.0, 'Counters': 12.0}, {'Max_spout': 1000000.0, 'Spliters': 6.0, 'Counters': 1.0}, {'Max_spout': 1000000.0, 'Spliters': 6.0, 'Counters': 12.0}, {'Max_spout': 10000.0, 'Spliters': 2.0, 'Counters': 9.0}, {'Max_spout': 1000000.0, 'Spliters': 6.0, 'Counters': 12.0}, {'Max_spout': 10000.0, 'Spliters': 2.0, 'Counters': 9.0}, {'Max_spout': 100000.0, 'Spliters': 6.0, 'Counters': 18.0}, {'Max_spout': 10000.0, 'Spliters': 6.0, 'Counters': 18.0}, {'Max_spout': 1000000.0, 'Spliters': 6.0, 'Counters': 12.0}, {'Max_spout': 1000.0, 'Spliters': 2.0, 'Counters': 6.0}, {'Max_spout': 10000.0, 'Spliters': 2.0, 'Counters': 9.0}, {'Max_spout': 10000.0, 'Spliters': 2.0, 'Counters': 9.0}, {'Max_spout': 1000.0, 'Spliters': 2.0, 'Counters': 18.0}, {'Max_spout': 10000.0, 'Spliters': 2.0, 'Counters': 12.0}, {'Max_spout': 1000.0, 'Spliters': 2.0, 'Counters': 9.0}, {'Max_spout': 1000000.0, 'Spliters': 6.0, 'Counters': 15.0}, {'Max_spout': 10000.0, 'Spliters': 2.0, 'Counters': 6.0}
0.49280699652739335, 0.4426252477282385, 0.353038171607748, 0.353038171607748, 0.47918935692224895, 0.4426252477282385, 0.391479583096187, 0.4426252477282385, 0.391479583096187, 0.430935374360889, 0.45021922311446794, 0.4426252477282385, 0.41431724775011136, 0.391479583096187, 0.391479583096187, 0.3513569799560069, 0.3777081854880393, 0.40781820730939655, 0.45382663094968345, 0.42781165897207585
0.22702336311340332, 0.13500404357910156, 0.10517311096191406, 0.060994863510131836, 0.12581157684326172, 0.12668943405151367, 0.08464264869689941, 0.1391441822052002, 0.09439611434936523, 0.14447402954101562, 0.0929112434387207, 0.2577066421508789, 0.11244869232177734, 0.09839653968811035, 0.12028312683105469, 0.08891630172729492, 0.10747027397155762, 0.14854073524475098, 0.12833094596862793, 0.13045144081115723