{'Width': 6.0, 'Complexity': 0.0, 'Fifo': 4.0, 'Multiplier': 1.0}, {'Width': 5.0, 'Complexity': 1.0, 'Fifo': 1.0, 'Multiplier': 10.0}, {'Width': 3.0, 'Complexity': 0.0, 'Fifo': 3.0, 'Multiplier': 1.0}, {'Width': 4.0, 'Complexity': 1.0, 'Fifo': 3.0, 'Multiplier': 1.0}, {'Width': 5.0, 'Complexity': 0.0, 'Fifo': 2.0, 'Multiplier': 1.0}, {'Width': 6.0, 'Complexity': 0.0, 'Fifo': 4.0, 'Multiplier': 10.0}, {'Width': 4.0, 'Complexity': 1.0, 'Fifo': 2.0, 'Multiplier': 1.0}, {'Width': 3.0, 'Complexity': 1.0, 'Fifo': 3.0, 'Multiplier': 5.0}, {'Width': 3.0, 'Complexity': 1.0, 'Fifo': 1.0, 'Multiplier': 1.0}, {'Width': 4.0, 'Complexity': 0.0, 'Fifo': 4.0, 'Multiplier': 10.0}, {'Width': 3.0, 'Complexity': 0.0, 'Fifo': 2.0, 'Multiplier': 1.0}, {'Width': 3.0, 'Complexity': 1.0, 'Fifo': 3.0, 'Multiplier': 1.0}, {'Width': 5.0, 'Complexity': 1.0, 'Fifo': 1.0, 'Multiplier': 2.0}, {'Width': 3.0, 'Complexity': 1.0, 'Fifo': 3.0, 'Multiplier': 5.0}, {'Width': 6.0, 'Complexity': 1.0, 'Fifo': 4.0, 'Multiplier': 1.0}, {'Width': 7.0, 'Complexity': 0.0, 'Fifo': 2.0, 'Multiplier': 2.0}, {'Width': 4.0, 'Complexity': 0.0, 'Fifo': 4.0, 'Multiplier': 2.0}, {'Width': 5.0, 'Complexity': 1.0, 'Fifo': 3.0, 'Multiplier': 5.0}, {'Width': 5.0, 'Complexity': 1.0, 'Fifo': 3.0, 'Multiplier': 2.0}, {'Width': 4.0, 'Complexity': 1.0, 'Fifo': 1.0, 'Multiplier': 2.0}
0.5090215664735307, 0.7315223560012921, 0.22587868316250503, 0.3877806214317866, 0.4613695020025905, 0.7144005805628459, 0.3877806214317866, 0.6391991176499863, 0.31315494505176633, 0.7150440227223385, 0.22587868316250503, 0.3139305450653319, 0.5829034483024184, 0.6391991176499863, 0.4847424486775527, 0.6202339879203385, 0.5408570998371044, 0.6827769515677803, 0.5835525588932539, 0.5491263607226946
0.4087352752685547, 0.08323884010314941, 0.08431720733642578, 0.06212735176086426, 0.12181234359741211, 0.15974903106689453, 0.21513652801513672, 0.16636085510253906, 0.11024641990661621, 0.10748171806335449, 0.10539674758911133, 0.09330272674560547, 0.09858417510986328, 0.09354329109191895, 0.06743907928466797, 0.08296680450439453, 0.12621092796325684, 0.14150142669677734, 0.09434962272644043, 0.06719708442687988