{'Width': 3.0, 'Complexity': 0.0, 'Fifo': 1.0, 'Multiplier': 1.0}, {'Width': 3.0, 'Complexity': 0.0, 'Fifo': 1.0, 'Multiplier': 1.0}, {'Width': 3.0, 'Complexity': 0.0, 'Fifo': 1.0, 'Multiplier': 1.0}, {'Width': 3.0, 'Complexity': 0.0, 'Fifo': 1.0, 'Multiplier': 1.0}, {'Width': 3.0, 'Complexity': 0.0, 'Fifo': 1.0, 'Multiplier': 1.0}, {'Width': 3.0, 'Complexity': 0.0, 'Fifo': 2.0, 'Multiplier': 1.0}, {'Width': 3.0, 'Complexity': 0.0, 'Fifo': 1.0, 'Multiplier': 1.0}, {'Width': 3.0, 'Complexity': 0.0, 'Fifo': 2.0, 'Multiplier': 1.0}, {'Width': 3.0, 'Complexity': 0.0, 'Fifo': 1.0, 'Multiplier': 1.0}, {'Width': 3.0, 'Complexity': 0.0, 'Fifo': 4.0, 'Multiplier': 2.0}, {'Width': 3.0, 'Complexity': 0.0, 'Fifo': 1.0, 'Multiplier': 1.0}, {'Width': 3.0, 'Complexity': 0.0, 'Fifo': 1.0, 'Multiplier': 1.0}, {'Width': 3.0, 'Complexity': 0.0, 'Fifo': 3.0, 'Multiplier': 1.0}, {'Width': 3.0, 'Complexity': 0.0, 'Fifo': 1.0, 'Multiplier': 1.0}, {'Width': 3.0, 'Complexity': 0.0, 'Fifo': 3.0, 'Multiplier': 1.0}, {'Width': 4.0, 'Complexity': 0.0, 'Fifo': 3.0, 'Multiplier': 1.0}, {'Width': 3.0, 'Complexity': 0.0, 'Fifo': 3.0, 'Multiplier': 1.0}, {'Width': 4.0, 'Complexity': 1.0, 'Fifo': 1.0, 'Multiplier': 1.0}, {'Width': 3.0, 'Complexity': 0.0, 'Fifo': 1.0, 'Multiplier': 1.0}, {'Width': 3.0, 'Complexity': 0.0, 'Fifo': 4.0, 'Multiplier': 1.0}
0.22581417455021324, 0.22581417455021324, 0.22581417455021324, 0.22581417455021324, 0.22581417455021324, 0.22587868316250503, 0.22581417455021324, 0.22587868316250503, 0.22581417455021324, 0.419850993356651, 0.22581417455021324, 0.22581417455021324, 0.22587868316250503, 0.22581417455021324, 0.22587868316250503, 0.3779034501993668, 0.22587868316250503, 0.3796361104778351, 0.22581417455021324, 0.22587868316250503
0.25686168670654297, 0.20377850532531738, 0.18962574005126953, 0.18646574020385742, 0.2680213451385498, 0.1933276653289795, 0.17560791969299316, 0.23157882690429688, 0.1846776008605957, 0.2252662181854248, 0.22308135032653809, 0.18819189071655273, 0.37357330322265625, 0.32050585746765137, 0.23984527587890625, 0.2426896095275879, 0.18188834190368652, 0.2244424819946289, 0.20720791816711426, 0.18751287460327148