{'Max_spout': 1.0, 'Spliters': 1.0, 'Counters': 9.0}, {'Max_spout': 1.0, 'Spliters': 2.0, 'Counters': 1.0}, {'Max_spout': 1.0, 'Spliters': 1.0, 'Counters': 18.0}, {'Max_spout': 1.0, 'Spliters': 1.0, 'Counters': 15.0}, {'Max_spout': 1.0, 'Spliters': 1.0, 'Counters': 12.0}, {'Max_spout': 1.0, 'Spliters': 1.0, 'Counters': 15.0}, {'Max_spout': 1.0, 'Spliters': 1.0, 'Counters': 12.0}, {'Max_spout': 1.0, 'Spliters': 1.0, 'Counters': 18.0}, {'Max_spout': 1.0, 'Spliters': 2.0, 'Counters': 1.0}, {'Max_spout': 1.0, 'Spliters': 1.0, 'Counters': 18.0}, {'Max_spout': 1.0, 'Spliters': 1.0, 'Counters': 12.0}, {'Max_spout': 1.0, 'Spliters': 1.0, 'Counters': 12.0}, {'Max_spout': 1.0, 'Spliters': 1.0, 'Counters': 12.0}, {'Max_spout': 1.0, 'Spliters': 3.0, 'Counters': 18.0}, {'Max_spout': 1.0, 'Spliters': 1.0, 'Counters': 18.0}, {'Max_spout': 1.0, 'Spliters': 1.0, 'Counters': 12.0}, {'Max_spout': 1.0, 'Spliters': 2.0, 'Counters': 1.0}, {'Max_spout': 1.0, 'Spliters': 1.0, 'Counters': 15.0}, {'Max_spout': 1.0, 'Spliters': 1.0, 'Counters': 12.0}, {'Max_spout': 1.0, 'Spliters': 1.0, 'Counters': 18.0}
0.0018937558904615903, 0.003421972853229538, 0.0015707897696076722, 0.002165341037543289, 0.0, 0.002165341037543289, 0.0, 0.0015707897696076722, 0.003421972853229538, 0.0015707897696076722, 0.0, 0.0, 0.0, 0.012992046225260068, 0.0015707897696076722, 0.0, 0.003421972853229538, 0.002165341037543289, 0.0, 0.0015707897696076722
0.440258264541626, 0.1959705352783203, 0.15432238578796387, 0.18483424186706543, 0.1326000690460205, 0.13801980018615723, 0.15366315841674805, 0.13605833053588867, 0.27581048011779785, 0.12030863761901855, 0.15054035186767578, 0.17301130294799805, 0.1853621006011963, 0.12053632736206055, 0.14925622940063477, 0.10616326332092285, 0.1661365032196045, 0.14911556243896484, 0.20228075981140137, 0.11883354187011719