{
  "incumbent_ids": [
    18
  ],
  "rejected_config_ids": [
    1,
    3,
    4,
    5,
    2,
    7,
    8,
    9,
    10,
    11,
    12,
    13,
    14,
    15,
    16,
    17,
    6
  ],
  "incumbents_changed": 4,
  "trajectory": [
    {
      "config_ids": [
        1
      ],
      "costs": [
        0.49230656836323483
      ],
      "trial": 1,
      "walltime": 0.01020503044128418
    },
    {
      "config_ids": [
        2
      ],
      "costs": [
        0.47118492326621786
      ],
      "trial": 2,
      "walltime": 0.024747610092163086
    },
    {
      "config_ids": [
        6
      ],
      "costs": [
        0.3669242308167078
      ],
      "trial": 6,
      "walltime": 2.516728639602661
    },
    {
      "config_ids": [
        18
      ],
      "costs": [
        0.23971152907878457
      ],
      "trial": 18,
      "walltime": 8.669558048248291
    }
  ],
  "state": {
    "queue": [
      [
        18,
        1
      ]
    ]
  }
}