{
  "stats": {
    "submitted": 1,
    "finished": 1,
    "running": 0
  },
  "data": [
    [
      1,
      null,
      1165313289,
      null,
      0.6931512543195926,
      0.005138397216796875,
      1,
      1763453826.7777946,
      1763453826.8781922,
      {}
    ]
  ],
  "configs": {
    "1": {
      "Age": 24.804792799055576,
      "BankruptcyHistory": 0.5399861419573426,
      "BaseInterestRate": 0.2839663064680993,
      "CheckingAccountBalance": 46112.30041638762,
      "CreditCardUtilizationRate": 0.5113238398604633,
      "CreditScore": 628.6258628237993,
      "DebtToIncomeRatio": 0.06571784545572541,
      "InterestRate": 0.2716847263608804,
      "JobTenure": 0.24625489115715027,
      "LengthOfCreditHistory": 23.575937062501907,
      "LoanApproved": 0.7626673216000199,
      "MonthlyDebtPayments": 855.9573793066666,
      "MonthlyIncome": 4087.447387864813,
      "MonthlyLoanPayment": 9929.284110131714,
      "NetWorth": 1997491.0099103153,
      "NumberOfCreditInquiries": 2.448924906551838,
      "NumberOfDependents": 3.8613434601575136,
      "NumberOfOpenCreditLines": 8.5627083145082,
      "PaymentHistory": 10.766245886683464,
      "PreviousLoanDefaults": 0.07756475079804659,
      "SavingsAccountBalance": 119079.84441658854,
      "TotalAssets": 2104949.9708301714,
      "TotalDebtToIncomeRatio": 0.6400460446607894,
      "TotalLiabilities": 283878.3310325425,
      "UtilityBillsPaymentHistory": 0.9928394288611483,
      "applicationDate": "1/2/71",
      "educationLevel": "Associate",
      "employmentStatus": "Self-Employed",
      "homeOwnershipStatus": "Mortgage",
      "loanPurpose": "Education",
      "maritalStatus": "Divorced"
    }
  },
  "config_origins": {
    "1": "Initial Design: Sobol"
  }
}