{
  "stats": {
    "submitted": 6,
    "finished": 6,
    "running": 0
  },
  "data": [
    [
      1,
      null,
      1872583848,
      null,
      0.6042439204683425,
      0.002944469451904297,
      1,
      1763450337.849231,
      1763450337.8579853,
      {}
    ],
    [
      2,
      null,
      1872583848,
      null,
      0.6042439204683425,
      0.0009958744049072266,
      1,
      1763450347.2565165,
      1763450347.2625096,
      {}
    ],
    [
      3,
      null,
      1872583848,
      null,
      0.6125691252440473,
      0.00273895263671875,
      1,
      1763450347.277784,
      1763450347.2853432,
      {}
    ],
    [
      4,
      null,
      1872583848,
      null,
      0.6559308495571013,
      0.0020923614501953125,
      1,
      1763450347.3008058,
      1763450347.307741,
      {}
    ],
    [
      5,
      null,
      1872583848,
      null,
      0.591255968337336,
      0.0018310546875,
      1,
      1763450347.323974,
      1763450347.3306746,
      {}
    ],
    [
      6,
      null,
      1872583848,
      null,
      0.4901936874635101,
      0.0016732215881347656,
      1,
      1763450347.3513708,
      1763450347.3577726,
      {}
    ]
  ],
  "configs": {
    "1": {
      "1STFLRSF": 3352.9225077871233,
      "2NDFLRSF": 7.13574621360749,
      "3SSNPORCH": 445.5733933672309,
      "BEDROOMABVGR": 2.0395673885941505,
      "BSMTFINSF1": 2185.437494687736,
      "BSMTFINSF2": 14.873041624203324,
      "BSMTFULLBATH": 1.7047981526702642,
      "BSMTHALFBATH": 1.7391158640384674,
      "BSMTUNFSF": 1742.1240456104279,
      "ENCLOSEDPORCH": 482.6050981208682,
      "FIREPLACES": 1.100561711937189,
      "FULLBATH": 1.953721501864493,
      "GARAGEAREA": 754.2227922789752,
      "GARAGECARS": 2.6708576790988445,
      "GARAGEYRBLT": 1978.078624745831,
      "GRLIVAREA": 1239.0674487315118,
      "HALFBATH": 1.9047080595046282,
      "ID": 419.8934477567673,
      "KITCHENABVGR": 2.370627846568823,
      "LOTAREA": 81257.94063771144,
      "LOTFRONTAGE": 158.43282309919596,
      "LOWQUALFINSF": 250.73606226593256,
      "MASVNRAREA": 1143.5337826609612,
      "MISCVAL": 832.9803990200162,
      "MOSOLD": 7.83209268655628,
      "MSSUBCLASS": 101.60618677735329,
      "OPENPORCHSF": 62.00938147865236,
      "POOLAREA": 470.2468270137906,
      "SCREENPORCH": 263.57676073908806,
      "TOTALBSMTSF": 292.45327555574477,
      "TOTRMSABVGRD": 7.381268370896578,
      "WOODDECKSF": 790.0496533373371,
      "YEARREMODADD": 1950.3012713044882,
      "YRSOLD": 2009.1710662469268,
      "alley": "Unknown",
      "bldgtype": "1Fam",
      "bsmtcond": "Fa",
      "bsmtexposure": "Gd",
      "bsmtfintype1": "GLQ",
      "bsmtfintype2": "ALQ",
      "bsmtqual": "TA",
      "centralair": "Y",
      "condition1": "RRAn",
      "condition2": "RRAe",
      "electrical": "Mix",
      "extercond": "Po",
      "exterior1st": "BrkComm",
      "exterior2nd": "VinylSd",
      "exterqual": "Gd",
      "fence": "MnWw",
      "fireplacequ": "Po",
      "foundation": "Slab",
      "functional": "Min2",
      "garagecond": "Ex",
      "garagefinish": "Fin",
      "garagequal": "Gd",
      "garagetype": "2Types",
      "heating": "Floor",
      "heatingqc": "Fa",
      "housestyle": "SFoyer",
      "kitchenqual": "Gd",
      "landcontour": "Bnk",
      "landslope": "Gtl",
      "lotconfig": "Corner",
      "lotshape": "IR1",
      "masvnrtype": "Unknown",
      "miscfeature": "Unknown",
      "mszoning": "RL",
      "neighborhood": "Gilbert",
      "paveddrive": "P",
      "poolqc": "Unknown",
      "roofmatl": "Metal",
      "roofstyle": "Gambrel",
      "salecondition": "AdjLand",
      "saletype": "ConLD",
      "street": "Pave",
      "utilities": "AllPub"
    },
    "2": {
      "1STFLRSF": 2136.5264860401485,
      "2NDFLRSF": 736.6437079727607,
      "3SSNPORCH": 488.61805958538116,
      "BEDROOMABVGR": 6.58784080304441,
      "BSMTFINSF1": 1020.7856594382798,
      "BSMTFINSF2": 539.8652341540419,
      "BSMTFULLBATH": 1.1208831532370864,
      "BSMTHALFBATH": 0.5221563319315892,
      "BSMTUNFSF": 143.52651904769627,
      "ENCLOSEDPORCH": 398.34817307293076,
      "FIREPLACES": 0.3710671808462631,
      "FULLBATH": 0.03931670812411958,
      "GARAGEAREA": 979.737540467905,
      "GARAGECARS": 1.7578085387148064,
      "GARAGEYRBLT": 1998.0136523608217,
      "GRLIVAREA": 4422.241704194357,
      "HALFBATH": 0.5637481405185583,
      "ID": 1127.8006876804359,
      "KITCHENABVGR": 2.543178140168621,
      "LOTAREA": 128002.34480920446,
      "LOTFRONTAGE": 31.88044853782437,
      "LOWQUALFINSF": 407.10781763538273,
      "MASVNRAREA": 428.65296667383814,
      "MISCVAL": 10431.44342685658,
      "MOSOLD": 7.948597788044494,
      "MSSUBCLASS": 68.676869337244,
      "OPENPORCHSF": 32.481814229544185,
      "POOLAREA": 79.73244545673987,
      "SCREENPORCH": 113.37708327974754,
      "TOTALBSMTSF": 876.0326515306689,
      "TOTRMSABVGRD": 4.6505434324116415,
      "WOODDECKSF": 618.4454017907457,
      "YEARREMODADD": 1983.3032938001097,
      "YRSOLD": 2009.1822746915288,
      "alley": "Grvl",
      "bldgtype": "1Fam",
      "bsmtcond": "Po",
      "bsmtexposure": "Gd",
      "bsmtfintype1": "Unf",
      "bsmtfintype2": "Unf",
      "bsmtqual": "Ex",
      "centralair": "Y",
      "condition1": "Feedr",
      "condition2": "Norm",
      "electrical": "FuseF",
      "extercond": "Ex",
      "exterior1st": "CemntBd",
      "exterior2nd": "AsbShng",
      "exterqual": "TA",
      "fence": "Unknown",
      "fireplacequ": "Gd",
      "foundation": "BrkTil",
      "functional": "Typ",
      "garagecond": "Fa",
      "garagefinish": "Fin",
      "garagequal": "Gd",
      "garagetype": "Unknown",
      "heating": "Grav",
      "heatingqc": "Po",
      "housestyle": "1.5Unf",
      "kitchenqual": "Gd",
      "landcontour": "HLS",
      "landslope": "Mod",
      "lotconfig": "CulDSac",
      "lotshape": "IR2",
      "masvnrtype": "Stone",
      "miscfeature": "Shed",
      "mszoning": "RM",
      "neighborhood": "BrkSide",
      "paveddrive": "Y",
      "poolqc": "Fa",
      "roofmatl": "CompShg",
      "roofstyle": "Hip",
      "salecondition": "Abnorml",
      "saletype": "CWD",
      "street": "Grvl",
      "utilities": "AllPub"
    },
    "3": {
      "1STFLRSF": 4377.060635160454,
      "2NDFLRSF": 205.91240496172773,
      "3SSNPORCH": 503.3514252308407,
      "BEDROOMABVGR": 3.8519033112342767,
      "BSMTFINSF1": 1371.006893574777,
      "BSMTFINSF2": 754.3381742056862,
      "BSMTFULLBATH": 2.1745180693007375,
      "BSMTHALFBATH": 1.0822116307405965,
      "BSMTUNFSF": 1017.6796007733253,
      "ENCLOSEDPORCH": 166.62833414617535,
      "FIREPLACES": 2.615664802619608,
      "FULLBATH": 2.303245011589096,
      "GARAGEAREA": 235.06589298982342,
      "GARAGECARS": 3.154537957891937,
      "GARAGEYRBLT": 1953.2177018345149,
      "GRLIVAREA": 2580.982531256682,
      "HALFBATH": 0.06498167417720047,
      "ID": 1199.6240690520988,
      "KITCHENABVGR": 1.07136440838786,
      "LOTAREA": 115184.1316488557,
      "LOTFRONTAGE": 256.0136363875845,
      "LOWQUALFINSF": 157.2660871578997,
      "MASVNRAREA": 143.42272279740823,
      "MISCVAL": 6826.307553425667,
      "MOSOLD": 1.4857306469104643,
      "MSSUBCLASS": 61.01766734142893,
      "OPENPORCHSF": 67.82363673043076,
      "POOLAREA": 12.064266985465725,
      "SCREENPORCH": 234.8630527447109,
      "TOTALBSMTSF": 5523.501388641425,
      "TOTRMSABVGRD": 10.026303236006706,
      "WOODDECKSF": 611.6038172812446,
      "YEARREMODADD": 1993.957739587746,
      "YRSOLD": 2009.2239928882677,
      "alley": "Pave",
      "bldgtype": "TwnhsE",
      "bsmtcond": "TA",
      "bsmtexposure": "No",
      "bsmtfintype1": "Unknown",
      "bsmtfintype2": "Unf",
      "bsmtqual": "Ex",
      "centralair": "N",
      "condition1": "RRAn",
      "condition2": "RRAn",
      "electrical": "SBrkr",
      "extercond": "Gd",
      "exterior1st": "AsphShn",