{"config": {"Criticality": 0.1607873003627847, "Criticality Modifier": 0.0742559665539004, "Culture": 0.2009090075086493, "Dynamism": 0.5149795687057899, "Initial Known": 0.9276171858005582, "Inter-Dependency": 0.5998119867357763, "Plan": 0.5276738990517386, "Size": 0.2224625670465796, "Team Size": 0.4465583270867906}, "score": 0.22901045150639987, "info": {}}