{
  "DE_params": {
    "mutation_factor": 0.5,
    "crossover_prob": 0.5,
    "strategy": "rand1_bin",
    "configspace": true,
    "boundary_fix_type": "random",
    "max_age": Infinity,
    "dimensions": 31,
    "output_path": "../results/tmp/DEHB_tmp/dehb_20251208-045814_8258",
    "async_strategy": "immediate"
  },
  "HB_params": {
    "min_fidelity": 1,
    "max_fidelity": 10,
    "min_clip": null,
    "max_clip": null,
    "eta": 3
  },
  "internals": {
    "initial_configs": [
      {
        "config_id": 0,
        "config": [
          0.3492063492063492,
          0.5,
          0.09214444263981376,
          0.5624150650359153,
          0.38585,
          0.024844720496894408,
          0.9166,
          0.485922888433265,
          0.47058823529411764,
          0.06896551724137931,
          0.5,
          0.1886066204772902,
          0.8032477557321746,
          0.5366,
          0.7058790340780862,
          0.0,
          0.8333333333333334,
          0.8571428571428571,
          0.8421052631578947,
          0.5,
          0.7845417980215241,
          0.21988944403104072,
          0.99025,
          0.12159878809066015,
          0.3903,
          0.92385,
          0.0,
          0.6666666666666666,
          0.0,
          0.8,
          0.25
        ],
        "results": {
          "1.1111111111111112": {
            "score": Infinity,
            "cost": -1,
            "info": {}
          }
        }
      },
      {
        "config_id": 1,
        "config": [
          0.9523809523809523,
          0.0,
          0.08721780087705051,
          0.9673849737914968,
          0.30145,
          0.8757763975155279,
          0.035,
          0.5463319497924689,
          0.7058823529411765,
          0.6551724137931034,
          0.0,
          0.6920708237105466,
          0.09474526845445709,
          0.51685,
          0.42022116903633494,
          0.0,
          0.5,
          0.7142857142857143,
          0.23684210526315788,
          0.0,
          0.13794977714969017,
          0.6093866269799085,
          0.40055,
          0.15871351162384198,
          0.1078,
          0.8899,
          0.2,
          0.0,
          0.25,
          0.0,
          0.25
        ],
        "results": {
          "1.1111111111111112": {
            "score": Infinity,
            "cost": -1,
            "info": {}
          }
        }
      },
      {
        "config_id": 2,
        "config": [
          0.7619047619047619,
          0.0,
          0.7659574468085106,
          0.7736361871481265,
          0.1839,
          0.8633540372670807,
          0.12365,
          0.6590988648297245,
          0.5882352941176471,
          0.0,
          0.5,
          0.3872209391839877,
          0.2721139001658185,
          0.51565,
          0.9709433536447755,
          0.125,
          0.6666666666666666,
          0.9285714285714286,
          0.7368421052631579,
          0.0,
          0.9041200130448962,
          0.35792494950568726,
          0.2383,
          0.763852473343821,
          0.9615,
          0.77265,
          0.2,
          0.6666666666666666,
          0.5,
          0.0,
          0.75
        ],
        "results": {
          "1.1111111111111112": {
            "score": Infinity,
            "cost": -1,
            "info": {}
          }
        }
      },
      {
        "config_id": 3,
        "config": [
          0.38095238095238093,
          0.5,
          0.7548048291917059,
          0.44243836148320714,
          0.84105,
          0.043478260869565216,
          0.2737,
          0.6938540781117167,
          0.11764705882352941,
          0.7241379310344828,
          0.5,
          0.9337952270977675,
          0.5333066498942193,
          0.99945,
          0.7714962762356127,
          0.625,
          0.5,
          0.07142857142857142,
          0.9736842105263158,
          0.5,
          0.4869007500815306,
          0.852397151057723,
          0.3956,
          0.45382508885392997,
          0.88755,
          0.61035,
          0.4,
          0.0,
          0.25,
          0.4,
          0.75
        ],
        "results": {
          "1.1111111111111112": {
            "score": Infinity,
            "cost": -1,
            "info": {}
          }
        }
      },
      {
        "config_id": 4,
        "config": [
          0.42857142857142855,
          0.5,
          0.07996318553408045,
          0.27606290040768783,
          0.2333,
          0.16770186335403728,
          0.64725,
          0.1338700805120768,
          0.47058823529411764,
          0.2413793103448276,
          0.0,
          0.003079291762894534,
          0.3921893761793127,
          0.29995,
          0.7456556082148499,
          0.375,
          0.5,
          0.7857142857142857,
          0.7631578947368421,
          0.5,
          0.9517338841178389,
          0.7420006378228978,
          0.388,
          0.2545009613703898,
          0.68605,
          0.9571,
          0.6,
          0.0,
          0.75,
          0.2,
          0.5
        ],
        "results": {
          "1.1111111111111112": {
            "score": Infinity,
            "cost": -1,
            "info": {}
          }
        }
      },
      {
        "config_id": 5,
        "config": [
          0.1746031746031746,
          0.0,
          0.4606680742785989,
          0.5063094544748592,
          0.824,
          0.14285714285714285,
          0.64955,
          0.3353002950442566,
          0.47058823529411764,
          0.034482758620689655,
          0.5,
          0.15242494226327943,
          0.06821430613528504,
          0.53465,
          0.3215414127736403,
          0.5,
          0.8333333333333334,
          0.0,
          0.7894736842105263,
          0.5,
          0.48896619197738883,
          0.832837248857234,
          0.6258,
          0.4988638349938822,
          0.3963,
          0.822,
          0.0,
          0.6666666666666666,
          0.0,
          0.0,
          0.5
        ],
        "results": {
          "1.1111111111111112": {
            "score": Infinity,
            "cost": -1,
            "info": {}
          }
        }
      },
      {
        "config_id": 6,
        "config": [
          0.8095238095238095,
          0.5,
          0.5502138487358562,
          0.883323626480295,
          0.9437,
          0.9254658385093167,
          0.47925,
          0.5438815822373356,
          0.058823529411764705,
          0.4482758620689655,
          0.0,
          0.7421093148575828,
          0.5303905311910344,
          0.15665,
          0.271665538253216,
          0.125,
          0.8333333333333334,
          0.0,
          0.2894736842105263,
          0.5,
          0.6069137949777149,
          0.235462953120017,
          0.14445,
          0.3217968886558294,
          0.35355,
          0.09085,
          0.8,
          0.3333333333333333,
          0.25,
          0.4,
          0.75
        ],
        "results": {
          "1.1111111111111112": {
            "score": Infinity,
            "cost": -1,
            "info": {}
          }
        }
      },
      {
        "config_id": 7,
        "config": [
          0.6507936507936508,
          0.5,
          0.6215689459152185,
          0.5362065618326538,
          0.8755,
          0.5434782608695652,
          0.17075,
          0.7335600340051007,
          0.8823529411764706,
          0.896551724137931,
          0.5,
          0.09314857582755966,
          0.40322488421293384,
          0.30185,
          0.9303204694199955,
          0.375,
          0.16666666666666666,
          0.7857142857142857,
          0.5789473684210527,
          0.0,
          0.6993151429503207,
          0.3886999043265653,
          0.09545,
          0.4105925537493445,
          0.2709,
          0.27855,
          0.0,
          0.3333333333333333,
          0.5,
          0.4,
          0.0
        ],