{"config": {"Criticality": 0.948869332814322, "Criticality Modifier": 0.14020643845327, "Culture": 0.654714140106002, "Dynamism": 0.095267778086878, "Initial Known": 0.6936855229105152, "Inter-Dependency": 0.5197416381198618, "Plan": 0.2167547853857646, "Size": 0.2377314457223287, "Team Size": 0.5720286878484141}, "score": 0.03825026990625824, "info": {}}