{
  "stats": {
    "submitted": 24,
    "finished": 24,
    "running": 0
  },
  "data": [
    [
      1,
      null,
      645852458,
      null,
      0.337452982582626,
      0.0009548664093017578,
      1,
      1763363218.9395106,
      1763363218.9421823,
      {}
    ],
    [
      2,
      null,
      645852458,
      null,
      0.792563873927891,
      0.0006015300750732422,
      1,
      1763363218.9452434,
      1763363218.9472911,
      {}
    ],
    [
      3,
      null,
      645852458,
      null,
      0.7891977622416732,
      0.0009562969207763672,
      1,
      1763363220.285707,
      1763363220.2880774,
      {}
    ],
    [
      4,
      null,
      645852458,
      null,
      0.7893386512179794,
      0.0006077289581298828,
      1,
      1763363220.291341,
      1763363220.2932734,
      {}
    ],
    [
      5,
      null,
      645852458,
      null,
      0.7866270947842637,
      0.0005395412445068359,
      1,
      1763363220.2963831,
      1763363220.2981892,
      {}
    ],
    [
      6,
      null,
      645852458,
      null,
      0.7869051042704787,
      0.0005121231079101562,
      1,
      1763363220.301743,
      1763363220.3035727,
      {}
    ],
    [
      7,
      null,
      645852458,
      null,
      0.7893723936621555,
      0.0005257129669189453,
      1,
      1763363220.306864,
      1763363220.3086693,
      {}
    ],
    [
      8,
      null,
      645852458,
      null,
      0.7925225147325886,
      0.0005064010620117188,
      1,
      1763363220.3121636,
      1763363220.3139172,
      {}
    ],
    [
      9,
      null,
      645852458,
      null,
      0.7919098424251463,
      0.0005350112915039062,
      1,
      1763363220.3175104,
      1763363220.3193104,
      {}
    ],
    [
      10,
      null,
      645852458,
      null,
      0.7436804063536885,
      0.0004942417144775391,
      1,
      1763363220.3230886,
      1763363220.3248658,
      {}
    ],
    [
      11,
      null,
      645852458,
      null,
      0.7209942583868172,
      0.0009927749633789062,
      1,
      1763363221.6289806,
      1763363221.631427,
      {}
    ],
    [
      12,
      null,
      645852458,
      null,
      0.7867660807096957,
      0.0005514621734619141,
      1,
      1763363221.6364052,
      1763363221.6383111,
      {}
    ],
    [
      13,
      null,
      645852458,
      null,
      0.7944975456217682,
      0.0005869865417480469,
      1,
      1763363221.6426203,
      1763363221.644613,
      {}
    ],
    [
      14,
      null,
      645852458,
      null,
      0.7359722850352649,
      0.00048041343688964844,
      1,
      1763363221.6490514,
      1763363221.6508574,
      {}
    ],
    [
      15,
      null,
      645852458,
      null,
      0.7929348398252407,
      0.0006060600280761719,
      1,
      1763363221.6566384,
      1763363221.658577,
      {}
    ],
    [
      16,
      null,
      645852458,
      null,
      0.793928528412557,
      0.0005943775177001953,
      1,
      1763363221.6637619,
      1763363221.6657023,
      {}
    ],
    [
      17,
      null,
      645852458,
      null,
      0.7914024053190628,
      0.0004994869232177734,
      1,
      1763363221.6709328,
      1763363221.672828,
      {}
    ],
    [
      18,
      null,
      645852458,
      null,
      0.7920125372636408,
      0.0004916191101074219,
      1,
      1763363221.6782289,
      1763363221.6801128,
      {}
    ],
    [
      19,
      null,
      645852458,
      null,
      0.7986090946189169,
      0.000989675521850586,
      1,
      1763363223.0565042,
      1763363223.0589337,
      {}
    ],
    [
      20,
      null,
      645852458,
      null,
      0.6550630889547299,
      0.0005283355712890625,
      1,
      1763363223.0647104,
      1763363223.066547,
      {}
    ],
    [
      21,
      null,
      645852458,
      null,
      0.7934087957659337,
      0.0005140304565429688,
      1,
      1763363223.0717533,
      1763363223.0735362,
      {}
    ],
    [
      22,
      null,
      645852458,
      null,
      0.7888831228856359,
      0.000507354736328125,
      1,
      1763363223.078745,
      1763363223.0805454,
      {}
    ],
    [
      23,
      null,
      645852458,
      null,
      0.28444582463424417,
      0.0005118846893310547,
      1,
      1763363223.0864358,
      1763363223.0882392,
      {}
    ],
    [
      24,
      null,
      645852458,
      null,
      0.7878549011955316,
      0.0005636215209960938,
      1,
      1763363223.0950096,
      1763363223.096878,
      {}
    ]
  ],
  "configs": {
    "1": {
      "Max_depth": 11,
      "Min_impurity_decrease": 0.25,
      "Min_sample_leaves": 1,
      "N_estimators": 40,
      "criterion": "poisson"
    },
    "2": {
      "Max_depth": 4,
      "Min_impurity_decrease": 7.0,
      "Min_sample_leaves": 19,
      "N_estimators": 100,
      "criterion": "absolute_error"
    },
    "3": {
      "Max_depth": 7,
      "Min_impurity_decrease": 7.0,
      "Min_sample_leaves": 10,
      "N_estimators": 90,
      "criterion": "squared_error"
    },
    "4": {
      "Max_depth": 14,
      "Min_impurity_decrease": 6.5,
      "Min_sample_leaves": 10,
      "N_estimators": 110,
      "criterion": "poisson"
    },
    "5": {
      "Max_depth": 7,
      "Min_impurity_decrease": 2.75,
      "Min_sample_leaves": 10,
      "N_estimators": 100,
      "criterion": "squared_error"
    },
    "6": {
      "Max_depth": 3,
      "Min_impurity_decrease": 6.75,
      "Min_sample_leaves": 3,
      "N_estimators": 40,
      "criterion": "squared_error"
    },
    "7": {
      "Max_depth": 5,
      "Min_impurity_decrease": 6.75,
      "Min_sample_leaves": 1,
      "N_estimators": 150,
      "criterion": "poisson"
    },
    "8": {
      "Max_depth": 20,
      "Min_impurity_decrease": 7.25,
      "Min_sample_leaves": 1,
      "N_estimators": 170,
      "criterion": "squared_error"
    },
    "9": {
      "Max_depth": 20,
      "Min_impurity_decrease": 8.5,
      "Min_sample_leaves": 10,
      "N_estimators": 100,
      "criterion": "poisson"
    },
    "10": {
      "Max_depth": 20,
      "Min_impurity_decrease": 0.75,
      "Min_sample_leaves": 1,
      "N_estimators": 110,
      "criterion": "squared_error"
    },
    "11": {
      "Max_depth": 19,
      "Min_impurity_decrease": 0.25,
      "Min_sample_leaves": 8,
      "N_estimators": 200,
      "criterion": "poisson"
    },
    "12": {
      "Max_depth": 18,
      "Min_impurity_decrease": 9.0,
      "Min_sample_leaves": 1,
      "N_estimators": 110,
      "criterion": "squared_error"
    },
    "13": {
      "Max_depth": 11,
      "Min_impurity_decrease": 2.5,
      "Min_sample_leaves": 5,
      "N_estimators": 40,
      "criterion": "absolute_error"
    },
    "14": {
      "Max_depth": 15,
      "Min_impurity_decrease": 0.25,
      "Min_sample_leaves": 8,
      "N_estimators": 20,
      "criterion": "absolute_error"
    },
    "15": {
      "Max_depth": 15,
      "Min_impurity_decrease": 0.25,
      "Min_sample_leaves": 12,
      "N_estimators": 50,
      "criterion": "squared_error"
    },
    "16": {
      "Max_depth": 7,
      "Min_impurity_decrease": 7.0,
      "Min_sample_leaves": 8,
      "N_estimators": 180,
      "criterion": "poisson"
    },
    "17": {
      "Max_depth": 20,
      "Min_impurity_decrease": 3.5,
      "Min_sample_leaves": 2,
      "N_estimators": 120,
      "criterion": "absolute_error"
    },
    "18": {
      "Max_depth": 15,
      "Min_impurity_decrease": 0.25,
      "Min_sample_leaves": 12,
      "N_estimators": 100,
      "criterion": "absolute_error"
    },
    "19": {
      "Max_depth": 11,
      "Min_impurity_decrease": 0.25,
      "Min_sample_leaves": 16,
      "N_estimators": 20,
      "criterion": "absolute_error"
    },
    "20": {
      "Max_depth": 3,
      "Min_impurity_decrease": 1.0,
      "Min_sample_leaves": 7,
      "N_estimators": 30,
      "criterion": "poisson"
    },