{
  "stats": {
    "submitted": 18,
    "finished": 18,
    "running": 0
  },
  "data": [
    [
      1,
      null,
      378518883,
      null,
      0.44826244223789824,
      0.0009524822235107422,
      1,
      1763449315.3212981,
      1763449315.323714,
      {}
    ],
    [
      2,
      null,
      378518883,
      null,
      0.41606364104057914,
      0.0017192363739013672,
      1,
      1763449318.5355136,
      1763449318.539405,
      {}
    ],
    [
      3,
      null,
      378518883,
      null,
      0.2099105767296967,
      0.0012044906616210938,
      1,
      1763449318.5482066,
      1763449318.550988,
      {}
    ],
    [
      4,
      null,
      378518883,
      null,
      0.538700533081174,
      0.0010449886322021484,
      1,
      1763449318.5644374,
      1763449318.5681946,
      {}
    ],
    [
      5,
      null,
      378518883,
      null,
      0.2099105767296967,
      0.0005178451538085938,
      1,
      1763449318.5807672,
      1763449318.5840003,
      {}
    ],
    [
      6,
      null,
      378518883,
      null,
      0.41834482921582083,
      0.0011153221130371094,
      1,
      1763449318.5986497,
      1763449318.601653,
      {}
    ],
    [
      7,
      null,
      378518883,
      null,
      0.4551806782703238,
      0.0015685558319091797,
      1,
      1763449318.6146529,
      1763449318.6192033,
      {}
    ],
    [
      8,
      null,
      378518883,
      null,
      0.524437266153427,
      0.001394033432006836,
      1,
      1763449318.6322808,
      1763449318.6356177,
      {}
    ],
    [
      9,
      null,
      378518883,
      null,
      0.5539291885339763,
      0.0013375282287597656,
      1,
      1763449318.6517491,
      1763449318.656263,
      {}
    ],
    [
      10,
      null,
      378518883,
      null,
      0.36795580942795314,
      0.0014896392822265625,
      1,
      1763449322.253373,
      1763449322.256796,
      {}
    ],
    [
      11,
      null,
      378518883,
      null,
      0.272771216276946,
      0.001199483871459961,
      1,
      1763449322.2707307,
      1763449322.2740843,
      {}
    ],
    [
      12,
      null,
      378518883,
      null,
      0.4971368915935045,
      0.0013151168823242188,
      1,
      1763449322.2866676,
      1763449322.2899513,
      {}
    ],
    [
      13,
      null,
      378518883,
      null,
      0.2099105767296967,
      0.000644683837890625,
      1,
      1763449322.3023138,
      1763449322.3056169,
      {}
    ],
    [
      14,
      null,
      378518883,
      null,
      0.40053064198234156,
      0.0014433860778808594,
      1,
      1763449322.323241,
      1763449322.327634,
      {}
    ],
    [
      15,
      null,
      378518883,
      null,
      0.6135068497756598,
      0.001607656478881836,
      1,
      1763449322.341767,
      1763449322.346477,
      {}
    ],
    [
      16,
      null,
      378518883,
      null,
      0.20936797518979666,
      0.001356363296508789,
      1,
      1763449322.3645577,
      1763449322.3687482,
      {}
    ],
    [
      17,
      null,
      378518883,
      null,
      0.4487958998730901,
      0.001741647720336914,
      1,
      1763449322.391103,
      1763449322.3961577,
      {}
    ],
    [
      18,
      null,
      378518883,
      null,
      0.3628002743666643,
      0.0013251304626464844,
      1,
      1763449322.4300082,
      1763449322.4331584,
      {}
    ]
  ],
  "configs": {
    "1": {
      " ACAP": 1.34129448980093,
      " ARCH": 4.788913115859032,
      " CPLx": 2.1161018861457705,
      " DATA": 3.6393915778025985,
      " DOCU": 4.6558751203119755,
      " FLEx": 5.975547934882343,
      " LTEx": 2.4203971289098263,
      " PCAP": 3.636948972940445,
      " PCON": 4.656912870705128,
      " PMAT": 4.632741970941424,
      " PREC": 3.6825232105329633,
      " PVOL": 3.67329968418926,
      " RELY": 2.070967875421047,
      " RUSE": 3.9730026833713055,
      " SCED": 4.115703694522381,
      " SITE": 2.5036724358797073,
      " STOR": 4.0865616565570235,
      " TEAM": 4.594596073962748,
      " TIME": 3.664215389639139,
      " TOOL": 4.490738444030285
    },
    "2": {
      " ACAP": 4.396350267450609,
      " ARCH": 1.3784656715862185,
      " CPLx": 4.639684891948724,
      " DATA": 2.8320091116261636,
      " DOCU": 3.969472824664695,
      " FLEx": 5.441300333283835,
      " LTEx": 3.3972996175582115,
      " PCAP": 2.1355649359327478,
      " PCON": 3.5932059803090386,
      " PMAT": 2.8525374387654954,
      " PREC": 3.8160075455235516,
      " PVOL": 2.8206847811394655,
      " RELY": 1.238792198490633,
      " RUSE": 3.4064651005508173,
      " SCED": 1.9902132064892886,
      " SITE": 3.7469274327235085,
      " STOR": 5.09803284532861,
      " TEAM": 2.2910522284143435,
      " TIME": 5.710386855617278,
      " TOOL": 2.4443229708362355
    },
    "3": {
      " ACAP": 4.821315668288186,
      " ARCH": 1.0671965130009469,
      " CPLx": 5.3377088531846075,
      " DATA": 3.4028118139369683,
      " DOCU": 1.829271195756247,
      " FLEx": 3.617191104016591,
      " LTEx": 4.63161222166337,
      " PCAP": 4.266532341685315,
      " PCON": 3.076480875987208,
      " PMAT": 3.138641058184949,
      " PREC": 4.443281746456169,
      " PVOL": 2.2597713695091564,
      " RELY": 2.803202270549572,
      " RUSE": 5.100996696085053,
      " SCED": 4.646085031720528,
      " SITE": 4.247950951121023,
      " STOR": 4.1436484358135965,
      " TEAM": 5.101101609690344,
      " TIME": 5.777530769196019,
      " TOOL": 3.6881421965096393
    },
    "4": {
      " ACAP": 4.97104891085646,
      " ARCH": 2.315167719574461,
      " CPLx": 3.0797007932048945,
      " DATA": 4.34510990785463,
      " DOCU": 1.495962310701092,
      " FLEx": 3.205403627110617,
      " LTEx": 2.6091520022710952,
      " PCAP": 1.2020511313474482,
      " PCON": 1.402172269796215,
      " PMAT": 4.50285899916153,
      " PREC": 4.961757121476155,
      " PVOL": 4.809571214909099,
      " RELY": 4.302864139153057,
      " RUSE": 2.144831280266468,
      " SCED": 4.465056301866032,
      " SITE": 1.371152944899171,
      " STOR": 3.876920853290181,
      " TEAM": 5.646977804295211,
      " TIME": 3.3343294986073966,
      " TOOL": 2.173118580691066
    },
    "5": {
      " ACAP": 4.698372774111876,
      " ARCH": 1.015791996473885,
      " CPLx": 3.5722643536970615,
      " DATA": 4.686094250299957,
      " DOCU": 2.9413413383550937,
      " FLEx": 2.059773166085301,
      " LTEx": 4.5000987261506324,
      " PCAP": 4.8607305981078,
      " PCON": 3.6919987101080527,
      " PMAT": 2.2735453305691182,
      " PREC": 2.7808390546405577,
      " PVOL": 3.8243937386274602,
      " RELY": 4.205181016822628,
      " RUSE": 5.2313011541915255,
      " SCED": 4.14556666115804,
      " SITE": 4.573219165146108,
      " STOR": 4.4420304064731,
      " TEAM": 2.183375411074594,
      " TIME": 3.805406994661117,
      " TOOL": 4.109050265379011
    },
    "6": {
      " ACAP": 3.62125532620607,
      " ARCH": 5.2438413671275335,
      " CPLx": 3.3531791526590955,
      " DATA": 2.9679879735277543,
      " DOCU": 3.157387879734667,
      " FLEx": 3.2837064131190408,
      " LTEx": 2.36214396681053,
      " PCAP": 1.8899017477625395,
      " PCON": 4.875577930806887,
      " PMAT": 4.706100176606393,
      " PREC": 2.4962787693181294,
      " PVOL": 2.764475236939097,
      " RELY": 4.103564559298243,
      " RUSE": 5.720095245507287,
      " SCED": 2.4740632839104704,
      " SITE": 4.252588054701766,
      " STOR": 5.650933670423942,
      " TEAM": 1.9877933005481088,
      " TIME": 5.983505397005022,
      " TOOL": 4.282838017751722
    },
    "7": {
      " ACAP": 4.997813723000618,
      " ARCH": 1.8659431089809644,
      " CPLx": 4.552876461802102,
      " DATA": 3.049446480239238,
      " DOCU": 2.300901659340495,
      " FLEx": 3.548851424702206,
      " LTEx": 2.357418247080518,
      " PCAP": 4.845628670942465,