{
  "stats": {
    "submitted": 24,
    "finished": 24,
    "running": 0
  },
  "data": [
    [
      1,
      null,
      1498160584,
      null,
      0.4893697889292481,
      0.001968860626220703,
      1,
      1763449713.7857256,
      1763449713.789928,
      {}
    ],
    [
      2,
      null,
      1498160584,
      null,
      0.4926561255290707,
      0.0009963512420654297,
      1,
      1763449713.8143253,
      1763449713.8174164,
      {}
    ],
    [
      3,
      null,
      1498160584,
      null,
      0.5498131060021049,
      0.001346588134765625,
      1,
      1763449715.182689,
      1763449715.1863608,
      {}
    ],
    [
      4,
      null,
      1498160584,
      null,
      0.5379598300315993,
      0.0006597042083740234,
      1,
      1763449715.19493,
      1763449715.1975465,
      {}
    ],
    [
      5,
      null,
      1498160584,
      null,
      0.4893697889292481,
      0.0003349781036376953,
      1,
      1763449715.204771,
      1763449715.2071013,
      {}
    ],
    [
      6,
      null,
      1498160584,
      null,
      0.4926561255290707,
      0.0002880096435546875,
      1,
      1763449715.2136695,
      1763449715.2160091,
      {}
    ],
    [
      7,
      null,
      1498160584,
      null,
      0.4893697889292481,
      0.0002961158752441406,
      1,
      1763449715.223069,
      1763449715.2254236,
      {}
    ],
    [
      8,
      null,
      1498160584,
      null,
      0.5712415609259178,
      0.0007529258728027344,
      1,
      1763449715.2323709,
      1763449715.234848,
      {}
    ],
    [
      9,
      null,
      1498160584,
      null,
      0.464362392092313,
      0.0006620883941650391,
      1,
      1763449715.2428176,
      1763449715.245431,
      {}
    ],
    [
      10,
      null,
      1498160584,
      null,
      0.5594234325647385,
      0.0006508827209472656,
      1,
      1763449715.2547512,
      1763449715.2576182,
      {}
    ],
    [
      11,
      null,
      1498160584,
      null,
      0.3911297799568667,
      0.0006561279296875,
      1,
      1763449715.2776334,
      1763449715.280267,
      {}
    ],
    [
      12,
      null,
      1498160584,
      null,
      0.464362392092313,
      0.00054931640625,
      1,
      1763449716.312574,
      1763449716.3155394,
      {}
    ],
    [
      13,
      null,
      1498160584,
      null,
      0.464362392092313,
      0.00034046173095703125,
      1,
      1763449716.3272226,
      1763449716.3297126,
      {}
    ],
    [
      14,
      null,
      1498160584,
      null,
      0.4926561255290707,
      0.000362396240234375,
      1,
      1763449716.340753,
      1763449716.3430939,
      {}
    ],
    [
      15,
      null,
      1498160584,
      null,
      0.5753857225067203,
      0.0010614395141601562,
      1,
      1763449716.354509,
      1763449716.359444,
      {}
    ],
    [
      16,
      null,
      1498160584,
      null,
      0.5574444810331914,
      0.0009362697601318359,
      1,
      1763449716.371492,
      1763449716.374555,
      {}
    ],
    [
      17,
      null,
      1498160584,
      null,
      0.5505958809369766,
      0.0008280277252197266,
      1,
      1763449716.3873222,
      1763449716.3899324,
      {}
    ],
    [
      18,
      null,
      1498160584,
      null,
      0.48877032714402957,
      0.0009143352508544922,
      1,
      1763449716.400481,
      1763449716.4033346,
      {}
    ],
    [
      19,
      null,
      1498160584,
      null,
      0.5753857225067203,
      0.0004918575286865234,
      1,
      1763449716.4284194,
      1763449716.431343,
      {}
    ],
    [
      20,
      null,
      1498160584,
      null,
      0.5740606462289619,
      0.001056671142578125,
      1,
      1763449716.446462,
      1763449716.450785,
      {}
    ],
    [
      21,
      null,
      1498160584,
      null,
      0.5740606462289619,
      0.0003764629364013672,
      1,
      1763449716.464355,
      1763449716.4664953,
      {}
    ],
    [
      22,
      null,
      1498160584,
      null,
      0.5498131060021049,
      0.00045037269592285156,
      1,
      1763449717.539642,
      1763449717.542151,
      {}
    ],
    [
      23,
      null,
      1498160584,
      null,
      0.566747574709973,
      0.0010690689086914062,
      1,
      1763449717.5553324,
      1763449717.5582714,
      {}
    ],
    [
      24,
      null,
      1498160584,
      null,
      0.464362392092313,
      0.0003535747528076172,
      1,
      1763449717.5715773,
      1763449717.573836,
      {}
    ]
  ],
  "configs": {
    "1": {
      "acap": "n",
      "apex": "n",
      "cplx": "n",
      "data": "h",
      "docu": "n",
      "flex": "h",
      "ltex": "h",
      "pcap": "h",
      "pcon": "n",
      "plex": "l",
      "pmat": "l",
      "prec": "        h",
      "pvol": "l",
      "rely": "l",
      "resl": "h",
      "ruse": "n",
      "sced": "l",
      "site": "n",
      "stor": "h",
      "team": "vh",
      "time": "xh",
      "tool": "n"
    },
    "2": {
      "acap": "vh",
      "apex": "l",
      "cplx": "xh",
      "data": "vh",
      "docu": "n",
      "flex": "h",
      "ltex": "n",
      "pcap": "vh",
      "pcon": "n",
      "plex": "vl",
      "pmat": "n",
      "prec": "h",
      "pvol": "l",
      "rely": "vh",
      "resl": "h",
      "ruse": "n",
      "sced": "n",
      "site": "n",
      "stor": "vh",
      "team": "vh",
      "time": "n",
      "tool": "h"
    },
    "3": {
      "acap": "n",
      "apex": "n",
      "cplx": "n",
      "data": "n",
      "docu": "n",
      "flex": "h",
      "ltex": "vl",
      "pcap": "n",
      "pcon": "n",
      "plex": "l",
      "pmat": "l",
      "prec": "        h",
      "pvol": "h",
      "rely": "h",
      "resl": "h",
      "ruse": "n",
      "sced": "l",
      "site": "n",
      "stor": "h",
      "team": "vh",
      "time": "xh",
      "tool": "n"
    },
    "4": {
      "acap": "h",
      "apex": "n",
      "cplx": "h",
      "data": "h",
      "docu": "n",
      "flex": "h",
      "ltex": "vl",
      "pcap": "vh",
      "pcon": "n",
      "plex": "l",
      "pmat": "l",
      "prec": "        h",
      "pvol": "h",
      "rely": "n",
      "resl": "h",
      "ruse": "n",
      "sced": "l",
      "site": "n",
      "stor": "n",
      "team": "vh",
      "time": "h",
      "tool": "h"
    },
    "5": {
      "acap": "h",
      "apex": "n",
      "cplx": "l",
      "data": "vh",
      "docu": "n",
      "flex": "h",
      "ltex": "n",
      "pcap": "vh",
      "pcon": "n",
      "plex": "h",
      "pmat": "n",
      "prec": "h",
      "pvol": "n",
      "rely": "l",
      "resl": "h",
      "ruse": "n",
      "sced": "l",
      "site": "n",
      "stor": "xh",
      "team": "vh",
      "time": "vh",
      "tool": "n"
    },
    "6": {
      "acap": "vh",
      "apex": "vh",
      "cplx": "h",
      "data": "vh",
      "docu": "n",
      "flex": "h",
      "ltex": "h",
      "pcap": "h",
      "pcon": "n",
      "plex": "l",
      "pmat": "l",
      "prec": "        h",
      "pvol": "h",
      "rely": "h",
      "resl": "h",
      "ruse": "n",
      "sced": "l",
      "site": "n",
      "stor": "h",
      "team": "vh",
      "time": "h",
      "tool": "h"
    },
    "7": {
      "acap": "n",
      "apex": "l",
      "cplx": "l",
      "data": "vh",
      "docu": "n",
      "flex": "h",
      "ltex": "h",
      "pcap": "vh",
      "pcon": "n",
      "plex": "l",
      "pmat": "n",
      "prec": "        h",
      "pvol": "l",
      "rely": "l",
      "resl": "h",
      "ruse": "n",
      "sced": "n",
      "site": "n",
      "stor": "xh",
      "team": "vh",
      "time": "xh",
      "tool": "h"
    },
    "8": {
      "acap": "vh",
      "apex": "vh",
      "cplx": "vh",
      "data": "n",
      "docu": "n",
      "flex": "h",
      "ltex": "vl",
      "pcap": "n",
      "pcon": "n",
      "plex": "l",
      "pmat": "n",
      "prec": "h",
      "pvol": "h",