{
  "incumbent_ids": [
    3
  ],
  "rejected_config_ids": [
    1,
    2,
    4,
    5,
    6,
    7,
    8,
    9
  ],
  "incumbents_changed": 3,
  "trajectory": [
    {
      "config_ids": [
        1
      ],
      "costs": [
        0.3009240097531095
      ],
      "trial": 1,
      "walltime": 2.2487196922302246
    },
    {
      "config_ids": [
        2
      ],
      "costs": [
        0.1426514711282496
      ],
      "trial": 2,
      "walltime": 92.05788922309875
    },
    {
      "config_ids": [
        3
      ],
      "costs": [
        0.10727002168264121
      ],
      "trial": 3,
      "walltime": 93.90003824234009
    }
  ],
  "state": {
    "queue": []
  }
}