{
  "incumbent_ids": [
    2
  ],
  "rejected_config_ids": [
    1
  ],
  "incumbents_changed": 2,
  "trajectory": [
    {
      "config_ids": [
        1
      ],
      "costs": [
        0.5628540963054375
      ],
      "trial": 1,
      "walltime": 0.2870633602142334
    },
    {
      "config_ids": [
        2
      ],
      "costs": [
        0.3212402002741708
      ],
      "trial": 2,
      "walltime": 0.6204066276550293
    }
  ],
  "state": {
    "queue": []
  }
}