{
  "incumbent_ids": [
    5
  ],
  "rejected_config_ids": [
    2,
    3,
    4,
    1,
    6,
    7,
    8,
    9,
    10,
    11,
    12
  ],
  "incumbents_changed": 2,
  "trajectory": [
    {
      "config_ids": [
        1
      ],
      "costs": [
        0.20500553776257502
      ],
      "trial": 1,
      "walltime": 0.02357316017150879
    },
    {
      "config_ids": [
        5
      ],
      "costs": [
        0.1533572004977375
      ],
      "trial": 5,
      "walltime": 4.1420793533325195
    }
  ],
  "state": {
    "queue": [
      [
        12,
        1
      ]
    ]
  }
}