{
  "DE_params": {
    "mutation_factor": 0.5,
    "crossover_prob": 0.5,
    "strategy": "rand1_bin",
    "configspace": true,
    "boundary_fix_type": "random",
    "max_age": Infinity,
    "dimensions": 24,
    "output_path": "../results/tmp/DEHB_tmp/dehb_20251208-050310_73b8",
    "async_strategy": "immediate"
  },
  "HB_params": {
    "min_fidelity": 1,
    "max_fidelity": 10,
    "min_clip": null,
    "max_clip": null,
    "eta": 3
  },
  "internals": {
    "initial_configs": [
      {
        "config_id": 0,
        "config": [
          0.861878453038674,
          0.7270847691247415,
          0.36417186417186415,
          0.9201954397394136,
          0.20342910101946246,
          0.2092140921409214,
          0.5671672077922078,
          0.3057192374350087,
          0.18414450577019567,
          0.9507750883872722,
          0.273445551356922,
          0.8171828171828172,
          0.7747402952433023,
          0.8616874135546335,
          0.703103448275862,
          0.5914418097574271,
          0.959049959049959,
          0.0,
          0.8227293683725219,
          0.0899100899100899,
          0.5532432432432433,
          0.27972027972027974,
          0.0,
          0.40180430256766136
        ],
        "results": {
          "1.1111111111111112": {
            "score": Infinity,
            "cost": -1,
            "info": {}
          }
        }
      },
      {
        "config_id": 1,
        "config": [
          0.7940733299849322,
          0.5706409372846313,
          0.6995841995841996,
          0.16150922909880563,
          0.06278962001853568,
          0.2704607046070461,
          0.585734577922078,
          0.3268630849220104,
          0.8790767686904165,
          0.7019309219472396,
          0.11027138440398489,
          0.061938061938061936,
          0.9620010934937124,
          0.1628630705394191,
          0.1879310344827586,
          0.17852275824475333,
          0.9494949494949495,
          0.0,
          0.22452743199631167,
          0.48951048951048953,
          0.6305405405405405,
          0.47052947052947053,
          0.0,
          0.6228313671061763
        ],
        "results": {
          "1.1111111111111112": {
            "score": Infinity,
            "cost": -1,
            "info": {}
          }
        }
      },
      {
        "config_id": 2,
        "config": [
          0.06680060271220492,
          0.10475534114403859,
          0.2626472626472626,
          0.16340933767643864,
          0.2873030583873957,
          0.7883468834688346,
          0.9510957792207793,
          0.08665511265164645,
          0.19618665328650275,
          0.37911340766929563,
          0.9405702507729302,
          0.26573426573426573,
          0.8887370147621652,
          0.6054633471645919,
          0.11172413793103449,
          0.6317797765058599,
          0.0728910728910729,
          0.0,
          0.014061779621945597,
          0.8171828171828172,
          0.17216216216216215,
          0.1028971028971029,
          0.0,
          0.7834836918806385
        ],
        "results": {
          "1.1111111111111112": {
            "score": Infinity,
            "cost": -1,
            "info": {}
          }
        }
      },
      {
        "config_id": 3,
        "config": [
          0.41285786037167255,
          0.3762922122674018,
          0.193000693000693,
          0.9014657980456026,
          0.35333642261353104,
          0.14769647696476965,
          0.403713474025974,
          0.5622183708838822,
          0.9779227295534371,
          0.36959477835191734,
          0.9240810717966335,
          0.11688311688311688,
          0.23264078731547294,
          0.598893499308437,
          0.776551724137931,
          0.041700735895339326,
          0.13022113022113022,
          0.0,
          0.8902720147533425,
          0.5044955044955045,
          0.5078378378378379,
          0.7012987012987013,
          0.0,
          0.7307425399028452
        ],
        "results": {
          "1.1111111111111112": {
            "score": Infinity,
            "cost": -1,
            "info": {}
          }
        }
      },
      {
        "config_id": 4,
        "config": [
          0.47614264188849825,
          0.05065472088215024,
          0.6656271656271656,
          0.5244299674267101,
          0.6941612604263206,
          0.9848238482384823,
          0.5070008116883117,
          0.14800693240901214,
          0.42548921224284997,
          0.7990209409844983,
          0.9814496736516661,
          0.7472527472527473,
          0.26052487698195737,
          0.45885200553250344,
          0.8041379310344827,
          0.76151539929136,
          0.28801528801528803,
          0.0,
          0.5518672199170125,
          0.6973026973026973,
          0.9054054054054054,
          0.3046953046953047,
          0.0,
          0.01734906315058987
        ],
        "results": {
          "1.1111111111111112": {
            "score": Infinity,
            "cost": -1,
            "info": {}
          }
        }
      },
      {
        "config_id": 5,
        "config": [
          0.45052737317930686,
          0.5868366643694004,
          0.5873180873180873,
          0.1495656894679696,
          0.5055607043558851,
          0.9441734417344173,
          0.6342329545454546,
          0.8003466204506066,
          0.13196186653286504,
          0.5556159912972531,
          0.011336310546204053,
          0.5714285714285714,
          0.6375068343357025,
          0.983402489626556,
          0.9293103448275862,
          0.8958844371763424,
          0.04504504504504504,
          0.0,
          0.16436145689257722,
          0.25074925074925075,
          0.3354054054054054,
          0.33666333666333664,
          0.0,
          0.2921582234559334
        ],
        "results": {
          "1.1111111111111112": {
            "score": Infinity,
            "cost": -1,
            "info": {}
          }
        }
      },
      {
        "config_id": 6,
        "config": [
          0.9658463083877449,
          0.02308752584424535,
          0.4528759528759529,
          0.04560260586319218,
          0.20783132530120482,
          0.25501355013550137,
          0.9232954545454546,
          0.4845753899480069,
          0.7325639739086803,
          0.7166168071797662,
          0.9989694263139814,
          0.017982017982017984,
          0.7744669218151996,
          0.901106500691563,
          0.28379310344827585,
          0.9498500953938402,
          0.8119028119028119,
          0.0,
          0.24158598432457354,
          0.6813186813186813,
          0.6194594594594595,
          0.1008991008991009,
          0.0,
          0.8834142956280361
        ],
        "results": {
          "1.1111111111111112": {
            "score": Infinity,
            "cost": -1,
            "info": {}
          }
        }
      },
      {
        "config_id": 7,
        "config": [
          0.9497739829231542,
          0.6274982770503101,
          0.09494109494109494,
          0.9310532030401737,
          0.8880908248378128,
          0.4504065040650406,
          0.6943993506493507,
          0.321317157712305,
          0.9282488710486704,
          0.41365243404949686,
          0.6210924081071797,
          0.3756243756243756,
          0.5533078184800437,
          0.6950207468879668,
          0.24586206896551724,
          0.5576451349141456,
          0.7444717444717445,
          0.0,
          0.5338865836791148,
          0.16883116883116883,
          0.9575675675675676,
          0.9230769230769231,
          0.0,
          0.8917418459403192
        ],
        "results": {
          "1.1111111111111112": {
            "score": Infinity,
            "cost": -1,
            "info": {}
          }
        }
      },
      {
        "config_id": 8,