{
  "incumbent_ids": [
    7
  ],
  "rejected_config_ids": [
    1,
    3,
    4,
    5,
    6,
    2,
    8,
    9,
    10,
    11,
    12,
    13,
    14,
    15,
    16,
    17,
    18
  ],
  "incumbents_changed": 3,
  "trajectory": [
    {
      "config_ids": [
        1
      ],
      "costs": [
        0.44366227548182036
      ],
      "trial": 1,
      "walltime": 0.010808467864990234
    },
    {
      "config_ids": [
        2
      ],
      "costs": [
        0.4007625716394325
      ],
      "trial": 2,
      "walltime": 1.2457616329193115
    },
    {
      "config_ids": [
        7
      ],
      "costs": [
        0.3750416439035893
      ],
      "trial": 7,
      "walltime": 1.2751429080963135
    }
  ],
  "state": {
    "queue": [
      [
        18,
        1
      ]
    ]
  }
}