{
  "stats": {
    "submitted": 20,
    "finished": 20,
    "running": 0
  },
  "data": [
    [
      1,
      null,
      953453411,
      null,
      0.3876663373808662,
      1.8100452423095703,
      1,
      1763060917.3530989,
      1763060919.198502,
      {}
    ],
    [
      2,
      null,
      953453411,
      null,
      0.34704184666417914,
      2.2082908153533936,
      1,
      1763060919.211883,
      1763060921.481836,
      {}
    ],
    [
      3,
      null,
      953453411,
      null,
      0.12780686665317786,
      1.8988206386566162,
      1,
      1763060921.4854634,
      1763060923.4181654,
      {}
    ],
    [
      4,
      null,
      953453411,
      null,
      0.19645893533717795,
      1.8467862606048584,
      1,
      1763060923.4215002,
      1763060925.3052647,
      {}
    ],
    [
      5,
      null,
      953453411,
      null,
      0.16033703443375602,
      1.8628041744232178,
      1,
      1763060925.308166,
      1763060927.2052126,
      {}
    ],
    [
      6,
      null,
      953453411,
      null,
      0.2527775944276083,
      1.8033967018127441,
      1,
      1763060927.2084236,
      1763060929.0459423,
      {}
    ],
    [
      7,
      null,
      953453411,
      null,
      0.2382743688516541,
      1.9589176177978516,
      1,
      1763060929.049299,
      1763060931.0410824,
      {}
    ],
    [
      8,
      null,
      953453411,
      null,
      0.20515773395143955,
      1.95705246925354,
      1,
      1763060931.0448203,
      1763060933.0359154,
      {}
    ],
    [
      9,
      null,
      953453411,
      null,
      0.2597152272554135,
      1.6921882629394531,
      1,
      1763060933.0395412,
      1763060934.76679,
      {}
    ],
    [
      10,
      null,
      953453411,
      null,
      0.45809983359442696,
      1.5649192333221436,
      1,
      1763060934.7700894,
      1763060936.3666704,
      {}
    ],
    [
      11,
      null,
      953453411,
      null,
      0.27940202583677776,
      1.562180757522583,
      1,
      1763060936.3701053,
      1763060937.963775,
      {}
    ],
    [
      12,
      null,
      953453411,
      null,
      0.2539606666767268,
      2.0006778240203857,
      1,
      1763060937.967156,
      1763060940.0027268,
      {}
    ],
    [
      13,
      null,
      953453411,
      null,
      0.2064964761554805,
      1.7946255207061768,
      1,
      1763060940.0061088,
      1763060941.8603444,
      {}
    ],
    [
      14,
      null,
      953453411,
      null,
      0.18684214896854145,
      1.7274277210235596,
      1,
      1763060941.864317,
      1763060943.6252072,
      {}
    ],
    [
      15,
      null,
      953453411,
      null,
      0.2649955016074115,
      1.7073032855987549,
      1,
      1763060943.6288192,
      1763060945.3707092,
      {}
    ],
    [
      16,
      null,
      953453411,
      null,
      0.35951656796960374,
      1.6044573783874512,
      1,
      1763060945.374377,
      1763060947.015056,
      {}
    ],
    [
      17,
      null,
      953453411,
      null,
      0.24855829219398495,
      1.6836693286895752,
      1,
      1763060947.0187442,
      1763060948.7353332,
      {}
    ],
    [
      18,
      null,
      953453411,
      null,
      0.19932388207833374,
      1.5911047458648682,
      1,
      1763060948.7391043,
      1763060950.361744,
      {}
    ],
    [
      19,
      null,
      953453411,
      null,
      0.26341844200187814,
      1.5543479919433594,
      1,
      1763060950.3674142,
      1763060951.9533226,
      {}
    ],
    [
      20,
      null,
      953453411,
      null,
      0.4178170350276249,
      1.5434315204620361,
      1,
      1763060951.9576492,
      1763060953.5340583,
      {}
    ]
  ],
  "configs": {
    "1": {
      "row_id": "3503"
    },
    "2": {
      "row_id": "7211"
    },
    "3": {
      "row_id": "9019"
    },
    "4": {
      "row_id": "303"
    },
    "5": {
      "row_id": "1702"
    },
    "6": {
      "row_id": "7919"
    },
    "7": {
      "row_id": "5811"
    },
    "8": {
      "row_id": "4604"
    },
    "9": {
      "row_id": "3842"
    },
    "10": {
      "row_id": "5134"
    },
    "11": {
      "row_id": "8632"
    },
    "12": {
      "row_id": "2350"
    },
    "13": {
      "row_id": "643"
    },
    "14": {
      "row_id": "9426"
    },
    "15": {
      "row_id": "6840"
    },
    "16": {
      "row_id": "3048"
    },
    "17": {
      "row_id": "2578"
    },
    "18": {
      "row_id": "6282"
    },
    "19": {
      "row_id": "9946"
    },
    "20": {
      "row_id": "1232"
    }
  },
  "config_origins": {
    "1": "Initial Design: Sobol",
    "2": "Initial Design: Sobol",
    "3": "Initial Design: Sobol",
    "4": "Initial Design: Sobol",
    "5": "Initial Design: Sobol",
    "6": "Initial Design: Sobol",
    "7": "Initial Design: Sobol",
    "8": "Initial Design: Sobol",
    "9": "Initial Design: Sobol",
    "10": "Initial Design: Sobol",
    "11": "Initial Design: Sobol",
    "12": "Initial Design: Sobol",
    "13": "Initial Design: Sobol",
    "14": "Initial Design: Sobol",
    "15": "Initial Design: Sobol",
    "16": "Initial Design: Sobol",
    "17": "Initial Design: Sobol",
    "18": "Initial Design: Sobol",
    "19": "Initial Design: Sobol",
    "20": "Initial Design: Sobol"
  }
}