{
  "stats": {
    "submitted": 12,
    "finished": 12,
    "running": 0
  },
  "data": [
    [
      1,
      null,
      1872583848,
      null,
      0.8161380861090303,
      0.0029494762420654297,
      1,
      1763460951.2531874,
      1763460951.2585769,
      {}
    ],
    [
      2,
      null,
      1872583848,
      null,
      0.8161380861090303,
      0.0005631446838378906,
      1,
      1763460954.6777725,
      1763460954.6806214,
      {}
    ],
    [
      3,
      null,
      1872583848,
      null,
      0.8161380861090303,
      0.0005831718444824219,
      1,
      1763460954.7213922,
      1763460954.7243207,
      {}
    ],
    [
      4,
      null,
      1872583848,
      null,
      0.8161380861090303,
      0.0003943443298339844,
      1,
      1763460954.7338042,
      1763460954.7363007,
      {}
    ],
    [
      5,
      null,
      1872583848,
      null,
      0.8161380861090303,
      0.0017075538635253906,
      1,
      1763460954.744892,
      1763460954.748595,
      {}
    ],
    [
      6,
      null,
      1872583848,
      null,
      0.8161380861090303,
      0.0003981590270996094,
      1,
      1763460954.7578096,
      1763460954.7602572,
      {}
    ],
    [
      7,
      null,
      1872583848,
      null,
      0.8161380861090303,
      0.00048422813415527344,
      1,
      1763460954.7716374,
      1763460954.7740066,
      {}
    ],
    [
      8,
      null,
      1872583848,
      null,
      0.8161380861090303,
      0.0004067420959472656,
      1,
      1763460954.7850013,
      1763460954.7872894,
      {}
    ],
    [
      9,
      null,
      1872583848,
      null,
      0.8161380861090303,
      0.0005795955657958984,
      1,
      1763460954.7976391,
      1763460954.800374,
      {}
    ],
    [
      10,
      null,
      1872583848,
      null,
      0.8161380861090303,
      0.0006477832794189453,
      1,
      1763460958.8181589,
      1763460958.821215,
      {}
    ],
    [
      11,
      null,
      1872583848,
      null,
      0.8161380861090303,
      0.0006499290466308594,
      1,
      1763460958.833745,
      1763460958.836663,
      {}
    ],
    [
      12,
      null,
      1872583848,
      null,
      0.8161380861090303,
      0.0006964206695556641,
      1,
      1763460958.8498247,
      1763460958.8527286,
      {}
    ]
  ],
  "configs": {
    "1": {
      "Age": 60.94933352060616,
      "BankruptcyHistory": 0.0034555671736598015,
      "BaseInterestRate": 0.3712439171095788,
      "CheckingAccountBalance": 13420.898391980678,
      "CreditCardUtilizationRate": 0.3558198380788225,
      "CreditScore": 346.72330553550273,
      "DebtToIncomeRatio": 0.5134621679640125,
      "InterestRate": 0.4032877967950367,
      "JobTenure": 11.932356476783752,
      "LengthOfCreditHistory": 25.47996874526143,
      "LoanApproved": 0.36685390397906303,
      "MonthlyDebtPayments": 1918.4089962830767,
      "MonthlyIncome": 13882.433932740241,
      "MonthlyLoanPayment": 7305.4075337115155,
      "NetWorth": 1848062.017659992,
      "NumberOfCreditInquiries": 1.1935704862698913,
      "NumberOfDependents": 4.7617701487615705,
      "NumberOfOpenCreditLines": 3.732429623603821,
      "PaymentHistory": 37.23774344101548,
      "PreviousLoanDefaults": 0.3737312890589237,
      "SavingsAccountBalance": 94212.60118153691,
      "TotalAssets": 1149491.2068651821,
      "TotalDebtToIncomeRatio": 3.3262973519685124,
      "TotalLiabilities": 76518.76882473752,
      "UtilityBillsPaymentHistory": 0.7189592337641759,
      "applicationDate": 20165879.470003754,
      "educationLevel": "Bachelor",
      "employmentStatus": "Self-Employed",
      "homeOwnershipStatus": "Other",
      "loanPurpose": "Home",
      "maritalStatus": "Married"
    },
    "2": {
      "Age": 40.70948799429715,
      "BankruptcyHistory": 0.37194504896276837,
      "BaseInterestRate": 0.24812162424853754,
      "CheckingAccountBalance": 38817.04095943313,
      "CreditCardUtilizationRate": 0.7430704998372681,
      "CreditScore": 533.2235470611283,
      "DebtToIncomeRatio": 0.006693077014194986,
      "InterestRate": 0.18105360853834018,
      "JobTenure": 14.90917013776407,
      "LengthOfCreditHistory": 28.151755041965174,
      "LoanApproved": 0.06560433282552547,
      "MonthlyDebtPayments": 2793.871265626264,
      "MonthlyIncome": 12950.035553143669,
      "MonthlyLoanPayment": 8690.919961540914,
      "NetWorth": 1850268.08392222,
      "NumberOfCreditInquiries": 3.555128448523887,
      "NumberOfDependents": 3.3533347577568424,
      "NumberOfOpenCreditLines": 11.514941969014108,
      "PaymentHistory": 25.78241211212413,
      "PreviousLoanDefaults": 0.5552703546382782,
      "SavingsAccountBalance": 40443.982562213525,
      "TotalAssets": 2120632.4736127607,
      "TotalDebtToIncomeRatio": 1.3139034483368,
      "TotalLiabilities": 531218.2228811611,
      "UtilityBillsPaymentHistory": 0.49105996618828385,
      "applicationDate": 20295233.091747787,
      "educationLevel": "High School",
      "employmentStatus": "Employed",
      "homeOwnershipStatus": "Rent",
      "loanPurpose": "Debt Consolidation",
      "maritalStatus": "Single"
    },
    "3": {
      "Age": 74.3468582144086,
      "BankruptcyHistory": 0.2382665890082043,
      "BaseInterestRate": 0.18402660934515833,
      "CheckingAccountBalance": 50429.97242449988,
      "CreditCardUtilizationRate": 0.16297572596065774,
      "CreditScore": 347.7736511343498,
      "DebtToIncomeRatio": 0.8105616941698228,
      "InterestRate": 0.28693097553562713,
      "JobTenure": 6.3142872462778215,
      "LengthOfCreditHistory": 14.854638530168845,
      "LoanApproved": 0.20679417618119356,
      "MonthlyDebtPayments": 2045.0895956274928,
      "MonthlyIncome": 7928.769881540081,
      "MonthlyLoanPayment": 1042.7932508307667,
      "NetWorth": 368554.52635274787,
      "NumberOfCreditInquiries": 3.8137915626048975,
      "NumberOfDependents": 4.252941712896165,
      "NumberOfOpenCreditLines": 7.406700886219032,
      "PaymentHistory": 37.784345038464195,
      "PreviousLoanDefaults": 0.15967480487264485,
      "SavingsAccountBalance": 22481.494342536214,
      "TotalAssets": 520650.88439932425,
      "TotalDebtToIncomeRatio": 3.488930246632387,
      "TotalLiabilities": 71265.36141041506,
      "UtilityBillsPaymentHistory": 0.5368692233886778,
      "applicationDate": 20570171.45639514,
      "educationLevel": "Associate",
      "employmentStatus": "Unemployed",
      "homeOwnershipStatus": "Own",
      "loanPurpose": "Other",
      "maritalStatus": "Single"
    },
    "4": {
      "Age": 79.98555044263645,
      "BankruptcyHistory": 0.005132530735550006,
      "BaseInterestRate": 0.27011054820961816,
      "CheckingAccountBalance": 8351.041202766812,
      "CreditCardUtilizationRate": 0.8748847423971742,
      "CreditScore": 675.7067206847714,
      "DebtToIncomeRatio": 0.20570498163876827,
      "InterestRate": 0.18025906492499869,
      "JobTenure": 10.891624427139153,
      "LengthOfCreditHistory": 13.92450734083403,
      "LoanApproved": 0.5937989055524933,
      "MonthlyDebtPayments": 1258.7500515587792,
      "MonthlyIncome": 4324.0903973100285,
      "MonthlyLoanPayment": 2421.5635199214084,
      "NetWorth": 2039691.8460204685,
      "NumberOfCreditInquiries": 1.0125907120534055,
      "NumberOfDependents": 3.335726190918412,
      "NumberOfOpenCreditLines": 6.966372537971202,
      "PaymentHistory": 23.86126642683903,
      "PreviousLoanDefaults": 0.9368292204015733,
      "SavingsAccountBalance": 160763.53363604101,
      "TotalAssets": 638842.7566285537,
      "TotalDebtToIncomeRatio": 0.47231903314305995,
      "TotalLiabilities": 783636.3038348324,
      "UtilityBillsPaymentHistory": 0.8848306031745423,
      "applicationDate": 20238519.121933486,
      "educationLevel": "Bachelor",
      "employmentStatus": "Employed",
      "homeOwnershipStatus": "Other",
      "loanPurpose": "Home",
      "maritalStatus": "Widowed"
    },