{"config": {"Criticality": 0.6973989123944057, "Criticality Modifier": 0.9745951488772824, "Culture": 0.8829057703733589, "Dynamism": 0.3748691103764624, "Initial Known": 0.1865301879597658, "Inter-Dependency": 0.8093011865992844, "Plan": 0.2394077068200131, "Size": 0.3343955840220887, "Team Size": 0.8954254017352279}, "score": 0.2290132823022789, "info": {}}