{
  "stats": {
    "submitted": 18,
    "finished": 18,
    "running": 0
  },
  "data": [
    [
      1,
      null,
      418903645,
      null,
      0.4701963001397276,
      0.0011050701141357422,
      1,
      1763448068.3458226,
      1763448068.3481238,
      {}
    ],
    [
      2,
      null,
      418903645,
      null,
      0.5704863394100742,
      0.0006587505340576172,
      1,
      1763448068.3532157,
      1763448068.3549478,
      {}
    ],
    [
      3,
      null,
      418903645,
      null,
      0.3669564808591078,
      0.0012350082397460938,
      1,
      1763448070.2387176,
      1763448070.2417796,
      {}
    ],
    [
      4,
      null,
      418903645,
      null,
      0.5433956676604133,
      0.00102996826171875,
      1,
      1763448070.2476559,
      1763448070.2500343,
      {}
    ],
    [
      5,
      null,
      418903645,
      null,
      0.3511576795182082,
      0.0008785724639892578,
      1,
      1763448070.2547257,
      1763448070.2567067,
      {}
    ],
    [
      6,
      null,
      418903645,
      null,
      0.3968765357602384,
      0.0009913444519042969,
      1,
      1763448070.2639136,
      1763448070.2663813,
      {}
    ],
    [
      7,
      null,
      418903645,
      null,
      0.3824675270375415,
      0.0008826255798339844,
      1,
      1763448070.2726047,
      1763448070.2747498,
      {}
    ],
    [
      8,
      null,
      418903645,
      null,
      0.3656308667334729,
      0.00150299072265625,
      1,
      1763448070.282418,
      1763448070.2857268,
      {}
    ],
    [
      9,
      null,
      418903645,
      null,
      0.2942007207386793,
      0.0012745857238769531,
      1,
      1763448070.2944458,
      1763448070.297398,
      {}
    ],
    [
      10,
      null,
      418903645,
      null,
      0.4576845178262394,
      0.0010693073272705078,
      1,
      1763448071.739349,
      1763448071.7416148,
      {}
    ],
    [
      11,
      null,
      418903645,
      null,
      0.4168884859710096,
      0.0006051063537597656,
      1,
      1763448071.7475164,
      1763448071.749164,
      {}
    ],
    [
      12,
      null,
      418903645,
      null,
      0.29989762108979356,
      0.0006606578826904297,
      1,
      1763448071.754693,
      1763448071.756387,
      {}
    ],
    [
      13,
      null,
      418903645,
      null,
      0.44915621813309725,
      0.0006384849548339844,
      1,
      1763448071.7628376,
      1763448071.7645855,
      {}
    ],
    [
      14,
      null,
      418903645,
      null,
      0.3358458767307484,
      0.0008292198181152344,
      1,
      1763448071.7732315,
      1763448071.7755554,
      {}
    ],
    [
      15,
      null,
      418903645,
      null,
      0.5336216841439788,
      0.0007061958312988281,
      1,
      1763448071.7842681,
      1763448071.7863073,
      {}
    ],
    [
      16,
      null,
      418903645,
      null,
      0.37704065752085714,
      0.0008499622344970703,
      1,
      1763448071.7935004,
      1763448071.7953715,
      {}
    ],
    [
      17,
      null,
      418903645,
      null,
      0.4397355057925437,
      0.0007131099700927734,
      1,
      1763448071.804791,
      1763448071.8065972,
      {}
    ],
    [
      18,
      null,
      418903645,
      null,
      0.3856961058866071,
      0.0007212162017822266,
      1,
      1763448071.8238316,
      1763448071.8256333,
      {}
    ]
  ],
  "configs": {
    "1": {
      "Criticality": 0.9327478465525867,
      "Criticality Modifier": 0.5321548751482419,
      "Culture": 0.5885982520738599,
      "Dynamism": 0.9262130245290331,
      "Initial Known": 0.8079177655897716,
      "Inter-Dependency": 0.16665966701483254,
      "Plan": 0.511391478976677,
      "Size": 0.15234010220078215,
      "Team Size": 0.21401242305943016
    },
    "2": {
      "Criticality": 0.09755596611818101,
      "Criticality Modifier": 0.7611819946230316,
      "Culture": 0.24700033136162866,
      "Dynamism": 0.1382617812520927,
      "Initial Known": 0.3314419657358888,
      "Inter-Dependency": 0.08307480347532817,
      "Plan": 0.6719861628294912,
      "Size": 0.8065577541600055,
      "Team Size": 0.982708395509812
    },
    "3": {
      "Criticality": 0.46302413307859747,
      "Criticality Modifier": 0.07673410029142504,
      "Culture": 0.9196976656090259,
      "Dynamism": 0.27786866341391464,
      "Initial Known": 0.30680892586853087,
      "Inter-Dependency": 0.8740849701323123,
      "Plan": 0.76908379953113,
      "Size": 0.04488340776265088,
      "Team Size": 0.6878436624348039
    },
    "4": {
      "Criticality": 0.19561660286743895,
      "Criticality Modifier": 0.3675699385881348,
      "Culture": 0.988978253477878,
      "Dynamism": 0.9435725220706204,
      "Initial Known": 0.5835359829583378,
      "Inter-Dependency": 0.8265414307791515,
      "Plan": 0.38201466439065906,
      "Size": 0.6621818521586844,
      "Team Size": 0.5313626306280641
    },
    "5": {
      "Criticality": 0.7500598484637038,
      "Criticality Modifier": 0.611650285185818,
      "Culture": 0.26508934911424537,
      "Dynamism": 0.3736703428323246,
      "Initial Known": 0.844696854559832,
      "Inter-Dependency": 0.6968967026578494,
      "Plan": 0.6081569421962683,
      "Size": 0.44725614823582394,
      "Team Size": 0.5739573947119035
    },
    "6": {
      "Criticality": 0.3466742804792223,
      "Criticality Modifier": 0.10030673376093487,
      "Culture": 0.8646974544809503,
      "Dynamism": 0.36298284500402445,
      "Initial Known": 0.10037922540231915,
      "Inter-Dependency": 0.4460779502003546,
      "Plan": 0.3441578019669464,
      "Size": 0.7334555695336884,
      "Team Size": 0.315791387774377
    },
    "7": {
      "Criticality": 0.5166165738252988,
      "Criticality Modifier": 0.1402331486939626,
      "Culture": 0.2549316120972615,
      "Dynamism": 0.8737122601271993,
      "Initial Known": 0.08609847564569552,
      "Inter-Dependency": 0.7023491025180041,
      "Plan": 0.43848479767739773,
      "Size": 0.6158607546747515,
      "Team Size": 0.5782956317356113
    },
    "8": {
      "Criticality": 0.8644065544831159,
      "Criticality Modifier": 0.626133617700512,
      "Culture": 0.6023933829474666,
      "Dynamism": 0.019968322574276085,
      "Initial Known": 0.4543780620551775,
      "Inter-Dependency": 0.3692697424155857,
      "Plan": 0.8168550989211136,
      "Size": 0.40919569788584026,
      "Team Size": 0.7630126393102448
    },
    "9": {
      "Criticality": 0.565750041689877,
      "Criticality Modifier": 0.1901714624839171,
      "Culture": 0.25319624645135436,
      "Dynamism": 0.5223750664710534,
      "Initial Known": 0.6364309047123751,
      "Inter-Dependency": 0.9053733881583277,
      "Plan": 0.156978462951208,
      "Size": 0.24203065599048568,
      "Team Size": 0.11321502154303288
    },
    "10": {
      "Criticality": 0.6129935250226632,
      "Criticality Modifier": 0.19722630807385796,
      "Culture": 0.18416983738213535,
      "Dynamism": 0.8096565644882725,
      "Initial Known": 0.8441000876580801,
      "Inter-Dependency": 0.9153605606710391,
      "Plan": 0.7836401120104857,
      "Size": 0.23127929388942065,
      "Team Size": 0.08385606709971502
    },
    "11": {
      "Criticality": 0.1727719275302367,
      "Criticality Modifier": 0.5347666571804339,
      "Culture": 0.18945679907504667,
      "Dynamism": 0.5876165735097498,
      "Initial Known": 0.09470099711298562,
      "Inter-Dependency": 0.9182058191472235,
      "Plan": 0.7641057030252723,
      "Size": 0.058534226968277626,
      "Team Size": 0.07500937709998373
    },
    "12": {
      "Criticality": 0.6908618063360811,
      "Criticality Modifier": 0.5999963579012192,
      "Culture": 0.11170806165184316,
      "Dynamism": 0.6422670307548578,
      "Initial Known": 0.6167013978979792,
      "Inter-Dependency": 0.9968891026462406,
      "Plan": 0.7020180069254816,