{
  "incumbent_ids": [
    13
  ],
  "rejected_config_ids": [
    2,
    3,
    1,
    5,
    6,
    7,
    8,
    9,
    10,
    11,
    12,
    4,
    14,
    15,
    16,
    17,
    18
  ],
  "incumbents_changed": 3,
  "trajectory": [
    {
      "config_ids": [
        1
      ],
      "costs": [
        0.18271775107115984
      ],
      "trial": 1,
      "walltime": 0.009926795959472656
    },
    {
      "config_ids": [
        4
      ],
      "costs": [
        0.15397617397945895
      ],
      "trial": 4,
      "walltime": 1.3528351783752441
    },
    {
      "config_ids": [
        13
      ],
      "costs": [
        0.12005033041474278
      ],
      "trial": 13,
      "walltime": 2.7672367095947266
    }
  ],
  "state": {
    "queue": [
      [
        18,
        1
      ]
    ]
  }
}