{
  "incumbent_ids": [
    2
  ],
  "rejected_config_ids": [
    1,
    3,
    4,
    5,
    6
  ],
  "incumbents_changed": 2,
  "trajectory": [
    {
      "config_ids": [
        1
      ],
      "costs": [
        0.41068775990379347
      ],
      "trial": 1,
      "walltime": 0.0038781166076660156
    },
    {
      "config_ids": [
        2
      ],
      "costs": [
        0.11724955970488982
      ],
      "trial": 2,
      "walltime": 1.2350764274597168
    }
  ],
  "state": {
    "queue": [
      [
        6,
        1
      ]
    ]
  }
}