{
  "stats": {
    "submitted": 20,
    "finished": 20,
    "running": 0
  },
  "data": [
    [
      1,
      null,
      662124363,
      null,
      0.7936404014880718,
      2.140801191329956,
      1,
      1763062014.5027113,
      1763062016.6905558,
      {}
    ],
    [
      2,
      null,
      662124363,
      null,
      0.7925225147325886,
      2.1653897762298584,
      1,
      1763062016.6991527,
      1763062018.9058208,
      {}
    ],
    [
      3,
      null,
      662124363,
      null,
      0.7879148379605215,
      2.1030259132385254,
      1,
      1763062018.9092734,
      1763062021.0449662,
      {}
    ],
    [
      4,
      null,
      662124363,
      null,
      0.793928528412557,
      2.2988524436950684,
      1,
      1763062021.048615,
      1763062023.3796895,
      {}
    ],
    [
      5,
      null,
      662124363,
      null,
      0.7963815173857804,
      2.3223514556884766,
      1,
      1763062023.3827076,
      1763062025.7389128,
      {}
    ],
    [
      6,
      null,
      662124363,
      null,
      0.7858307698653645,
      2.0253396034240723,
      1,
      1763062025.7424161,
      1763062027.7997878,
      {}
    ],
    [
      7,
      null,
      662124363,
      null,
      0.798118513325023,
      2.2858121395111084,
      1,
      1763062027.8034062,
      1763062030.1220975,
      {}
    ],
    [
      8,
      null,
      662124363,
      null,
      0.7975665295329059,
      2.1510097980499268,
      1,
      1763062030.1253126,
      1763062032.311653,
      {}
    ],
    [
      9,
      null,
      662124363,
      null,
      0.7285533573260831,
      2.2745606899261475,
      1,
      1763062032.3150854,
      1763062034.6247988,
      {}
    ],
    [
      10,
      null,
      662124363,
      null,
      0.7952176729955366,
      2.58898663520813,
      1,
      1763062034.6289518,
      1763062037.2528284,
      {}
    ],
    [
      11,
      null,
      662124363,
      null,
      0.6564108631159551,
      2.2177460193634033,
      1,
      1763062037.256686,
      1763062039.5081558,
      {}
    ],
    [
      12,
      null,
      662124363,
      null,
      0.6593875781093969,
      2.160517454147339,
      1,
      1763062039.5127885,
      1763062041.7077713,
      {}
    ],
    [
      13,
      null,
      662124363,
      null,
      0.7563235837871518,
      2.221590042114258,
      1,
      1763062041.7116418,
      1763062043.965649,
      {}
    ],
    [
      14,
      null,
      662124363,
      null,
      0.7903611600964421,
      2.0855748653411865,
      1,
      1763062043.969207,
      1763062046.0874841,
      {}
    ],
    [
      15,
      null,
      662124363,
      null,
      0.7467695138059836,
      2.1583163738250732,
      1,
      1763062046.0910528,
      1763062048.2831705,
      {}
    ],
    [
      16,
      null,
      662124363,
      null,
      0.6273461755011089,
      2.163323402404785,
      1,
      1763062048.2868516,
      1763062050.4835427,
      {}
    ],
    [
      17,
      null,
      662124363,
      null,
      0.6885306576269745,
      2.161522388458252,
      1,
      1763062050.488294,
      1763062052.682573,
      {}
    ],
    [
      18,
      null,
      662124363,
      null,
      0.7867660807096957,
      2.161020278930664,
      1,
      1763062052.6864254,
      1763062054.881255,
      {}
    ],
    [
      19,
      null,
      662124363,
      null,
      0.7913635170475214,
      2.1328845024108887,
      1,
      1763062054.8852835,
      1763062057.0518403,
      {}
    ],
    [
      20,
      null,
      662124363,
      null,
      0.5562489393396384,
      2.1854164600372314,
      1,
      1763062057.0559423,
      1763062059.277329,
      {}
    ]
  ],
  "configs": {
    "1": {
      "row_id": "6263"
    },
    "2": {
      "row_id": "1140"
    },
    "3": {
      "row_id": "3681"
    },
    "4": {
      "row_id": "8880"
    },
    "5": {
      "row_id": "7867"
    },
    "6": {
      "row_id": "4533"
    },
    "7": {
      "row_id": "2148"
    },
    "8": {
      "row_id": "5406"
    },
    "9": {
      "row_id": "6030"
    },
    "10": {
      "row_id": "1531"
    },
    "11": {
      "row_id": "3915"
    },
    "12": {
      "row_id": "8489"
    },
    "13": {
      "row_id": "9507"
    },
    "14": {
      "row_id": "3048"
    },
    "15": {
      "row_id": "508"
    },
    "16": {
      "row_id": "6891"
    },
    "17": {
      "row_id": "7435"
    },
    "18": {
      "row_id": "126"
    },
    "19": {
      "row_id": "2507"
    },
    "20": {
      "row_id": "9896"
    }
  },
  "config_origins": {
    "1": "Initial Design: Sobol",
    "2": "Initial Design: Sobol",
    "3": "Initial Design: Sobol",
    "4": "Initial Design: Sobol",
    "5": "Initial Design: Sobol",
    "6": "Initial Design: Sobol",
    "7": "Initial Design: Sobol",
    "8": "Initial Design: Sobol",
    "9": "Initial Design: Sobol",
    "10": "Initial Design: Sobol",
    "11": "Initial Design: Sobol",
    "12": "Initial Design: Sobol",
    "13": "Initial Design: Sobol",
    "14": "Initial Design: Sobol",
    "15": "Initial Design: Sobol",
    "16": "Initial Design: Sobol",
    "17": "Initial Design: Sobol",
    "18": "Initial Design: Sobol",
    "19": "Initial Design: Sobol",
    "20": "Initial Design: Sobol"
  }
}