{
  "incumbent_ids": [
    20
  ],
  "rejected_config_ids": [
    2,
    1,
    4,
    5,
    6,
    7,
    8,
    9,
    10,
    11,
    12,
    13,
    14,
    15,
    16,
    17,
    18,
    19,
    3,
    21,
    22,
    23,
    24
  ],
  "incumbents_changed": 3,
  "trajectory": [
    {
      "config_ids": [
        1
      ],
      "costs": [
        0.2876769748125867
      ],
      "trial": 1,
      "walltime": 0.010367870330810547
    },
    {
      "config_ids": [
        3
      ],
      "costs": [
        0.012140991920528088
      ],
      "trial": 3,
      "walltime": 1.0622727870941162
    },
    {
      "config_ids": [
        20
      ],
      "costs": [
        0.006955442788807553
      ],
      "trial": 20,
      "walltime": 3.00868558883667
    }
  ],
  "state": {
    "queue": [
      [
        24,
        1
      ]
    ]
  }
}