{
  "stats": {
    "submitted": 20,
    "finished": 20,
    "running": 0
  },
  "data": [
    [
      1,
      null,
      1498160584,
      null,
      0.518155730957093,
      2.287506580352783,
      1,
      1763068191.4263375,
      1763068193.7463362,
      {}
    ],
    [
      2,
      null,
      1498160584,
      null,
      0.5284628542889156,
      2.3939852714538574,
      1,
      1763068193.7525544,
      1763068196.1798077,
      {}
    ],
    [
      3,
      null,
      1498160584,
      null,
      0.49163480818540695,
      2.281735420227051,
      1,
      1763068196.185348,
      1763068198.5386589,
      {}
    ],
    [
      4,
      null,
      1498160584,
      null,
      0.5331033428983343,
      2.115654468536377,
      1,
      1763068198.5420299,
      1763068200.6900845,
      {}
    ],
    [
      5,
      null,
      1498160584,
      null,
      0.522943645061641,
      2.507417917251587,
      1,
      1763068200.6933863,
      1763068203.2377856,
      {}
    ],
    [
      6,
      null,
      1498160584,
      null,
      0.5381666942717477,
      2.236649513244629,
      1,
      1763068203.2411308,
      1763068205.5138166,
      {}
    ],
    [
      7,
      null,
      1498160584,
      null,
      0.5249106935178128,
      2.3150041103363037,
      1,
      1763068205.517232,
      1763068207.8667188,
      {}
    ],
    [
      8,
      null,
      1498160584,
      null,
      0.5260143539308519,
      2.423909902572632,
      1,
      1763068207.8703473,
      1763068210.327564,
      {}
    ],
    [
      9,
      null,
      1498160584,
      null,
      0.5331033428983343,
      2.6921892166137695,
      1,
      1763068210.3329482,
      1763068213.0603652,
      {}
    ],
    [
      10,
      null,
      1498160584,
      null,
      0.5313558165438685,
      2.3967278003692627,
      1,
      1763068213.063795,
      1763068215.5032897,
      {}
    ],
    [
      11,
      null,
      1498160584,
      null,
      0.5282325893882401,
      2.0837039947509766,
      1,
      1763068215.5065687,
      1763068217.6214144,
      {}
    ],
    [
      12,
      null,
      1498160584,
      null,
      0.539432593931596,
      2.038644313812256,
      1,
      1763068217.6251333,
      1763068219.6973984,
      {}
    ],
    [
      13,
      null,
      1498160584,
      null,
      0.5306976908985642,
      2.2601723670959473,
      1,
      1763068219.700709,
      1763068221.9946032,
      {}
    ],
    [
      14,
      null,
      1498160584,
      null,
      0.49507021009481456,
      2.5408265590667725,
      1,
      1763068222.0062346,
      1763068224.612,
      {}
    ],
    [
      15,
      null,
      1498160584,
      null,
      0.5397143069011437,
      2.273057460784912,
      1,
      1763068224.6159303,
      1763068226.9255104,
      {}
    ],
    [
      16,
      null,
      1498160584,
      null,
      0.49002328504764747,
      2.3686633110046387,
      1,
      1763068226.929568,
      1763068229.3297842,
      {}
    ],
    [
      17,
      null,
      1498160584,
      null,
      0.5049653956490915,
      2.0589852333068848,
      1,
      1763068229.3343608,
      1763068231.4250965,
      {}
    ],
    [
      18,
      null,
      1498160584,
      null,
      0.49164686825251436,
      2.3847854137420654,
      1,
      1763068231.4293134,
      1763068233.8478365,
      {}
    ],
    [
      19,
      null,
      1498160584,
      null,
      0.5233976952484363,
      2.2961206436157227,
      1,
      1763068233.8520026,
      1763068236.183015,
      {}
    ],
    [
      20,
      null,
      1498160584,
      null,
      0.438946451636116,
      2.146519899368286,
      1,
      1763068236.187593,
      1763068238.3668768,
      {}
    ]
  ],
  "configs": {
    "1": {
      "row_id": "4433"
    },
    "2": {
      "row_id": "8288"
    },
    "3": {
      "row_id": "6826"
    },
    "4": {
      "row_id": "432"
    },
    "5": {
      "row_id": "1803"
    },
    "6": {
      "row_id": "5450"
    },
    "7": {
      "row_id": "9417"
    },
    "8": {
      "row_id": "3309"
    },
    "9": {
      "row_id": "2722"
    },
    "10": {
      "row_id": "8750"
    },
    "11": {
      "row_id": "6037"
    },
    "12": {
      "row_id": "2470"
    },
    "13": {
      "row_id": "1016"
    },
    "14": {
      "row_id": "7486"
    },
    "15": {
      "row_id": "7704"
    },
    "16": {
      "row_id": "3773"
    },
    "17": {
      "row_id": "4316"
    },
    "18": {
      "row_id": "7936"
    },
    "19": {
      "row_id": "6943"
    },
    "20": {
      "row_id": "784"
    }
  },
  "config_origins": {
    "1": "Initial Design: Sobol",
    "2": "Initial Design: Sobol",
    "3": "Initial Design: Sobol",
    "4": "Initial Design: Sobol",
    "5": "Initial Design: Sobol",
    "6": "Initial Design: Sobol",
    "7": "Initial Design: Sobol",
    "8": "Initial Design: Sobol",
    "9": "Initial Design: Sobol",
    "10": "Initial Design: Sobol",
    "11": "Initial Design: Sobol",
    "12": "Initial Design: Sobol",
    "13": "Initial Design: Sobol",
    "14": "Initial Design: Sobol",
    "15": "Initial Design: Sobol",
    "16": "Initial Design: Sobol",
    "17": "Initial Design: Sobol",
    "18": "Initial Design: Sobol",
    "19": "Initial Design: Sobol",
    "20": "Initial Design: Sobol"
  }
}