{
  "stats": {
    "submitted": 6,
    "finished": 6,
    "running": 0
  },
  "data": [
    [
      1,
      null,
      218175338,
      null,
      Infinity,
      0.002691030502319336,
      2,
      1763362959.9807131,
      1763362959.9852242,
      {}
    ],
    [
      2,
      null,
      218175338,
      null,
      Infinity,
      0.0011546611785888672,
      2,
      1763362961.4423068,
      1763362961.4450157,
      {}
    ],
    [
      3,
      null,
      218175338,
      null,
      Infinity,
      0.0006821155548095703,
      2,
      1763362961.4484894,
      1763362961.450644,
      {}
    ],
    [
      4,
      null,
      218175338,
      null,
      Infinity,
      0.0006616115570068359,
      2,
      1763362961.4539144,
      1763362961.4559448,
      {}
    ],
    [
      5,
      null,
      218175338,
      null,
      Infinity,
      0.0005676746368408203,
      2,
      1763362961.459243,
      1763362961.4611313,
      {}
    ],
    [
      6,
      null,
      218175338,
      null,
      Infinity,
      0.0006439685821533203,
      2,
      1763362961.4655228,
      1763362961.4676182,
      {}
    ]
  ],
  "configs": {
    "1": {
      "Max_depth": 15,
      "Min_impurity_decrease": 1.25,
      "Min_sample_leaves": 7,
      "N_estimators": 170,
      "criterion": "squared_error"
    },
    "2": {
      "Max_depth": 7,
      "Min_impurity_decrease": 1.0,
      "Min_sample_leaves": 16,
      "N_estimators": 170,
      "criterion": "absolute_error"
    },
    "3": {
      "Max_depth": 20,
      "Min_impurity_decrease": 10.0,
      "Min_sample_leaves": 13,
      "N_estimators": 80,
      "criterion": "poisson"
    },
    "4": {
      "Max_depth": 7,
      "Min_impurity_decrease": 6.75,
      "Min_sample_leaves": 7,
      "N_estimators": 70,
      "criterion": "absolute_error"
    },
    "5": {
      "Max_depth": 11,
      "Min_impurity_decrease": 8.0,
      "Min_sample_leaves": 4,
      "N_estimators": 40,
      "criterion": "squared_error"
    },
    "6": {
      "Max_depth": 20,
      "Min_impurity_decrease": 5.25,
      "Min_sample_leaves": 14,
      "N_estimators": 170,
      "criterion": "absolute_error"
    }
  },
  "config_origins": {
    "1": "Initial Design: Sobol",
    "2": "Acquisition Function Maximizer: Local Search",
    "3": "Acquisition Function Maximizer: Local Search",
    "4": "Acquisition Function Maximizer: Local Search",
    "5": "Acquisition Function Maximizer: Local Search",
    "6": "Acquisition Function Maximizer: Local Search"
  }
}