{
  "stats": {
    "submitted": 6,
    "finished": 6,
    "running": 0
  },
  "data": [
    [
      1,
      null,
      59886187,
      null,
      0.6281258167009942,
      0.0016803741455078125,
      1,
      1763363358.7243927,
      1763363358.7277703,
      {}
    ],
    [
      2,
      null,
      59886187,
      null,
      0.012140991920528088,
      0.0010645389556884766,
      1,
      1763363359.565341,
      1763363359.5680346,
      {}
    ],
    [
      3,
      null,
      59886187,
      null,
      0.11628194863598651,
      0.0008351802825927734,
      1,
      1763363359.5731,
      1763363359.5753994,
      {}
    ],
    [
      4,
      null,
      59886187,
      null,
      0.017968890078502553,
      0.0006585121154785156,
      1,
      1763363359.5795107,
      1763363359.581561,
      {}
    ],
    [
      5,
      null,
      59886187,
      null,
      0.040354970853341054,
      0.0005583763122558594,
      1,
      1763363359.586695,
      1763363359.5887017,
      {}
    ],
    [
      6,
      null,
      59886187,
      null,
      0.5270474150797687,
      0.001001596450805664,
      1,
      1763363359.5935762,
      1763363359.5963316,
      {}
    ]
  ],
  "configs": {
    "1": {
      "data_alignFieldPointers": 0,
      "explorationId": 3,
      "no_explorationId": 0,
      "opt_unroll": 4,
      "opt_unroll_interleave": 0,
      "opt_useAddressPrecalc": 0,
      "opt_vectorize": 1,
      "poly_tileSize_x": 32,
      "poly_tileSize_y": 64,
      "poly_tileSize_z": 10,
      "simd_avoidUnaligned": 1
    },
    "2": {
      "data_alignFieldPointers": 0,
      "explorationId": 2,
      "no_explorationId": 1,
      "opt_unroll": 2,
      "opt_unroll_interleave": 1,
      "opt_useAddressPrecalc": 1,
      "opt_vectorize": 0,
      "poly_tileSize_x": 0,
      "poly_tileSize_y": 8,
      "poly_tileSize_z": 20,
      "simd_avoidUnaligned": 1
    },
    "3": {
      "data_alignFieldPointers": 0,
      "explorationId": 3,
      "no_explorationId": 1,
      "opt_unroll": 3,
      "opt_unroll_interleave": 0,
      "opt_useAddressPrecalc": 0,
      "opt_vectorize": 1,
      "poly_tileSize_x": 8,
      "poly_tileSize_y": 20,
      "poly_tileSize_z": 20,
      "simd_avoidUnaligned": 1
    },
    "4": {
      "data_alignFieldPointers": 0,
      "explorationId": 3,
      "no_explorationId": 1,
      "opt_unroll": 2,
      "opt_unroll_interleave": 0,
      "opt_useAddressPrecalc": 0,
      "opt_vectorize": 0,
      "poly_tileSize_x": 10,
      "poly_tileSize_y": 20,
      "poly_tileSize_z": 16,
      "simd_avoidUnaligned": 0
    },
    "5": {
      "data_alignFieldPointers": 1,
      "explorationId": 3,
      "no_explorationId": 1,
      "opt_unroll": 3,
      "opt_unroll_interleave": 1,
      "opt_useAddressPrecalc": 1,
      "opt_vectorize": 0,
      "poly_tileSize_x": 0,
      "poly_tileSize_y": 32,
      "poly_tileSize_z": 0,
      "simd_avoidUnaligned": 1
    },
    "6": {
      "data_alignFieldPointers": 1,
      "explorationId": 4,
      "no_explorationId": 0,
      "opt_unroll": 2,
      "opt_unroll_interleave": 0,
      "opt_useAddressPrecalc": 0,
      "opt_vectorize": 0,
      "poly_tileSize_x": 8,
      "poly_tileSize_y": 0,
      "poly_tileSize_z": 16,
      "simd_avoidUnaligned": 1
    }
  },
  "config_origins": {
    "1": "Initial Design: Sobol",
    "2": "Acquisition Function Maximizer: Local Search",
    "3": "Acquisition Function Maximizer: Local Search",
    "4": "Acquisition Function Maximizer: Local Search",
    "5": "Random Search",
    "6": "Acquisition Function Maximizer: Local Search"
  }
}