{
  "incumbent_ids": [
    13
  ],
  "rejected_config_ids": [
    2,
    1,
    4,
    5,
    6,
    7,
    8,
    9,
    3,
    11,
    12,
    10,
    14,
    15,
    16,
    17,
    18,
    19,
    20,
    21,
    22,
    23,
    24
  ],
  "incumbents_changed": 4,
  "trajectory": [
    {
      "config_ids": [
        1
      ],
      "costs": [
        0.27714396284812737
      ],
      "trial": 1,
      "walltime": 0.007440328598022461
    },
    {
      "config_ids": [
        3
      ],
      "costs": [
        0.18618990133012336
      ],
      "trial": 3,
      "walltime": 3.302396774291992
    },
    {
      "config_ids": [
        10
      ],
      "costs": [
        0.16068500378989725
      ],
      "trial": 10,
      "walltime": 3.3985865116119385
    },
    {
      "config_ids": [
        13
      ],
      "costs": [
        0.13504674292820973
      ],
      "trial": 13,
      "walltime": 7.4347145557403564
    }
  ],
  "state": {
    "queue": [
      [
        24,
        1
      ]
    ]
  }
}