{
  "stats": {
    "submitted": 11,
    "finished": 11,
    "running": 0
  },
  "data": [
    [
      1,
      null,
      1872583848,
      null,
      0.6993541414296097,
      0.04999971389770508,
      1,
      1763050746.094996,
      1763050746.1463485,
      {}
    ],
    [
      2,
      null,
      1872583848,
      null,
      0.47835452846938886,
      0.04207897186279297,
      1,
      1763050747.1833155,
      1763050747.2264473,
      {}
    ],
    [
      3,
      null,
      1872583848,
      null,
      0.7043813454755053,
      0.04180788993835449,
      1,
      1763050747.230384,
      1763050747.2731707,
      {}
    ],
    [
      4,
      null,
      1872583848,
      null,
      0.43515614436816086,
      0.049085378646850586,
      1,
      1763050747.2765162,
      1763050747.326601,
      {}
    ],
    [
      5,
      null,
      1872583848,
      null,
      0.7065304515408883,
      0.055037736892700195,
      1,
      1763050747.3305416,
      1763050747.3865895,
      {}
    ],
    [
      6,
      null,
      1872583848,
      null,
      0.7046263151671761,
      0.08347797393798828,
      1,
      1763050747.3898978,
      1763050747.4743576,
      {}
    ],
    [
      7,
      null,
      1872583848,
      null,
      0.49343058023315467,
      0.049307823181152344,
      1,
      1763050747.4776783,
      1763050747.527963,
      {}
    ],
    [
      8,
      null,
      1872583848,
      null,
      0.5166731912347962,
      0.03838634490966797,
      1,
      1763050747.5312753,
      1763050747.5706112,
      {}
    ],
    [
      9,
      null,
      1872583848,
      null,
      0.509264938899184,
      0.03769516944885254,
      1,
      1763050747.573903,
      1763050747.6124723,
      {}
    ],
    [
      10,
      null,
      1872583848,
      null,
      0.5106061063097496,
      0.040758371353149414,
      1,
      1763050748.0067923,
      1763050748.04852,
      {}
    ],
    [
      11,
      null,
      1872583848,
      null,
      0.5000005369538446,
      0.038137197494506836,
      1,
      1763050748.0526185,
      1763050748.09169,
      {}
    ]
  ],
  "configs": {
    "1": {
      "Counters": 12,
      "Max_spout": 1.0,
      "Spliters": 6
    },
    "2": {
      "Counters": 15,
      "Max_spout": 100000.0,
      "Spliters": 2
    },
    "3": {
      "Counters": 3,
      "Max_spout": 1.0,
      "Spliters": 2
    },
    "4": {
      "Counters": 6,
      "Max_spout": 10000.0,
      "Spliters": 6
    },
    "5": {
      "Counters": 12,
      "Max_spout": 1.0,
      "Spliters": 1
    },
    "6": {
      "Counters": 15,
      "Max_spout": 1.0,
      "Spliters": 2
    },
    "7": {
      "Counters": 9,
      "Max_spout": 100.0,
      "Spliters": 6
    },
    "8": {
      "Counters": 15,
      "Max_spout": 100.0,
      "Spliters": 3
    },
    "9": {
      "Counters": 12,
      "Max_spout": 100.0,
      "Spliters": 3
    },
    "10": {
      "Counters": 9,
      "Max_spout": 1000.0,
      "Spliters": 3
    },
    "11": {
      "Counters": 9,
      "Max_spout": 100000.0,
      "Spliters": 3
    }
  },
  "config_origins": {
    "1": "Initial Design: Sobol",
    "2": "Acquisition Function Maximizer: Local Search",
    "3": "Random Search",
    "4": "Acquisition Function Maximizer: Local Search",
    "5": "Acquisition Function Maximizer: Local Search",
    "6": "Acquisition Function Maximizer: Local Search",
    "7": "Acquisition Function Maximizer: Local Search",
    "8": "Acquisition Function Maximizer: Local Search",
    "9": "Acquisition Function Maximizer: Local Search",
    "10": "Random Search",
    "11": "Random Search"
  }
}