{
  "incumbent_ids": [
    5
  ],
  "rejected_config_ids": [
    1,
    3,
    2,
    4
  ],
  "incumbents_changed": 4,
  "trajectory": [
    {
      "config_ids": [
        1
      ],
      "costs": [
        0.38801300998014165
      ],
      "trial": 1,
      "walltime": 3.748600959777832
    },
    {
      "config_ids": [
        2
      ],
      "costs": [
        0.36654710053379524
      ],
      "trial": 2,
      "walltime": 7.179050922393799
    },
    {
      "config_ids": [
        4
      ],
      "costs": [
        0.2276427226626052
      ],
      "trial": 4,
      "walltime": 188.78479647636414
    },
    {
      "config_ids": [
        5
      ],
      "costs": [
        0.18766027404979546
      ],
      "trial": 5,
      "walltime": 191.88826489448547
    }
  ],
  "state": {
    "queue": [
      [
        5,
        1
      ]
    ]
  }
}