{
  "incumbent_ids": [
    4
  ],
  "rejected_config_ids": [
    2,
    1,
    3,
    5
  ],
  "incumbents_changed": 3,
  "trajectory": [
    {
      "config_ids": [
        1
      ],
      "costs": [
        0.2779786392548591
      ],
      "trial": 1,
      "walltime": 1.7603468894958496
    },
    {
      "config_ids": [
        3
      ],
      "costs": [
        0.1647841169637816
      ],
      "trial": 3,
      "walltime": 5.168323516845703
    },
    {
      "config_ids": [
        4
      ],
      "costs": [
        0.16298555808482806
      ],
      "trial": 4,
      "walltime": 94.232337474823
    }
  ],
  "state": {
    "queue": [
      [
        5,
        1
      ]
    ]
  }
}