{"config": {"Criticality": 0.684155310663038, "Criticality Modifier": 0.4445168289839653, "Culture": 0.0947159940455357, "Dynamism": 0.4536911755569253, "Initial Known": 0.8359247035149754, "Inter-Dependency": 0.3146042048808439, "Plan": 0.5142770901514567, "Size": 0.7665616605106356, "Team Size": 0.6582695501142486}, "score": 0.3606331371457243, "info": {}}