{
  "stats": {
    "submitted": 12,
    "finished": 12,
    "running": 0
  },
  "data": [
    [
      1,
      null,
      2005877882,
      null,
      0.2876769748125867,
      0.0026702880859375,
      1,
      1763363363.3533747,
      1763363363.3576832,
      {}
    ],
    [
      2,
      null,
      2005877882,
      null,
      0.140681402886358,
      0.0011577606201171875,
      1,
      1763363364.2536182,
      1763363364.2565212,
      {}
    ],
    [
      3,
      null,
      2005877882,
      null,
      0.29220761064084244,
      0.010199308395385742,
      1,
      1763363364.2614698,
      1763363364.273228,
      {}
    ],
    [
      4,
      null,
      2005877882,
      null,
      0.1003045294555781,
      0.0008029937744140625,
      1,
      1763363364.277571,
      1763363364.2801414,
      {}
    ],
    [
      5,
      null,
      2005877882,
      null,
      0.3217966540813275,
      0.0011339187622070312,
      1,
      1763363364.2907026,
      1763363364.2933795,
      {}
    ],
    [
      6,
      null,
      2005877882,
      null,
      0.28869392038781494,
      0.008534669876098633,
      1,
      1763363364.29791,
      1763363364.310118,
      {}
    ],
    [
      7,
      null,
      2005877882,
      null,
      0.36389848583852236,
      0.0009903907775878906,
      1,
      1763363364.3150282,
      1763363364.3345923,
      {}
    ],
    [
      8,
      null,
      2005877882,
      null,
      0.35372150150121573,
      0.000522613525390625,
      1,
      1763363364.3398368,
      1763363364.3417935,
      {}
    ],
    [
      9,
      null,
      2005877882,
      null,
      0.2580160181146123,
      0.00072479248046875,
      1,
      1763363364.347762,
      1763363364.3498542,
      {}
    ],
    [
      10,
      null,
      2005877882,
      null,
      0.2599065403498386,
      0.0011625289916992188,
      1,
      1763363365.3425043,
      1763363365.3452377,
      {}
    ],
    [
      11,
      null,
      2005877882,
      null,
      0.4919392976577168,
      0.0006723403930664062,
      1,
      1763363365.3513944,
      1763363365.3534038,
      {}
    ],
    [
      12,
      null,
      2005877882,
      null,
      0.012140991920528088,
      0.0005519390106201172,
      1,
      1763363365.3594525,
      1763363365.361396,
      {}
    ]
  ],
  "configs": {
    "1": {
      "data_alignFieldPointers": 0,
      "explorationId": 3,
      "no_explorationId": 0,
      "opt_unroll": 2,
      "opt_unroll_interleave": 0,
      "opt_useAddressPrecalc": 1,
      "opt_vectorize": 0,
      "poly_tileSize_x": 128,
      "poly_tileSize_y": 10,
      "poly_tileSize_z": 20,
      "simd_avoidUnaligned": 1
    },
    "2": {
      "data_alignFieldPointers": 0,
      "explorationId": 2,
      "no_explorationId": 0,
      "opt_unroll": 1,
      "opt_unroll_interleave": 0,
      "opt_useAddressPrecalc": 1,
      "opt_vectorize": 0,
      "poly_tileSize_x": 8,
      "poly_tileSize_y": 64,
      "poly_tileSize_z": 0,
      "simd_avoidUnaligned": 1
    },
    "3": {
      "data_alignFieldPointers": 1,
      "explorationId": 2,
      "no_explorationId": 1,
      "opt_unroll": 4,
      "opt_unroll_interleave": 1,
      "opt_useAddressPrecalc": 1,
      "opt_vectorize": 0,
      "poly_tileSize_x": 64,
      "poly_tileSize_y": 64,
      "poly_tileSize_z": 128,
      "simd_avoidUnaligned": 0
    },
    "4": {
      "data_alignFieldPointers": 1,
      "explorationId": 0,
      "no_explorationId": 1,
      "opt_unroll": 2,
      "opt_unroll_interleave": 1,
      "opt_useAddressPrecalc": 0,
      "opt_vectorize": 0,
      "poly_tileSize_x": 0,
      "poly_tileSize_y": 20,
      "poly_tileSize_z": 32,
      "simd_avoidUnaligned": 1
    },
    "5": {
      "data_alignFieldPointers": 1,
      "explorationId": 2,
      "no_explorationId": 0,
      "opt_unroll": 1,
      "opt_unroll_interleave": 1,
      "opt_useAddressPrecalc": 1,
      "opt_vectorize": 1,
      "poly_tileSize_x": 16,
      "poly_tileSize_y": 128,
      "poly_tileSize_z": 16,
      "simd_avoidUnaligned": 0
    },
    "6": {
      "data_alignFieldPointers": 1,
      "explorationId": 4,
      "no_explorationId": 0,
      "opt_unroll": 2,
      "opt_unroll_interleave": 0,
      "opt_useAddressPrecalc": 1,
      "opt_vectorize": 0,
      "poly_tileSize_x": 20,
      "poly_tileSize_y": 16,
      "poly_tileSize_z": 0,
      "simd_avoidUnaligned": 0
    },
    "7": {
      "data_alignFieldPointers": 1,
      "explorationId": 3,
      "no_explorationId": 0,
      "opt_unroll": 2,
      "opt_unroll_interleave": 1,
      "opt_useAddressPrecalc": 0,
      "opt_vectorize": 1,
      "poly_tileSize_x": 20,
      "poly_tileSize_y": 0,
      "poly_tileSize_z": 128,
      "simd_avoidUnaligned": 0
    },
    "8": {
      "data_alignFieldPointers": 0,
      "explorationId": 1,
      "no_explorationId": 0,
      "opt_unroll": 2,
      "opt_unroll_interleave": 0,
      "opt_useAddressPrecalc": 0,
      "opt_vectorize": 0,
      "poly_tileSize_x": 64,
      "poly_tileSize_y": 20,
      "poly_tileSize_z": 20,
      "simd_avoidUnaligned": 0
    },
    "9": {
      "data_alignFieldPointers": 1,
      "explorationId": 3,
      "no_explorationId": 0,
      "opt_unroll": 3,
      "opt_unroll_interleave": 1,
      "opt_useAddressPrecalc": 1,
      "opt_vectorize": 0,
      "poly_tileSize_x": 128,
      "poly_tileSize_y": 32,
      "poly_tileSize_z": 32,
      "simd_avoidUnaligned": 0
    },
    "10": {
      "data_alignFieldPointers": 1,
      "explorationId": 2,
      "no_explorationId": 0,
      "opt_unroll": 1,
      "opt_unroll_interleave": 1,
      "opt_useAddressPrecalc": 1,
      "opt_vectorize": 0,
      "poly_tileSize_x": 0,
      "poly_tileSize_y": 16,
      "poly_tileSize_z": 32,
      "simd_avoidUnaligned": 0
    },
    "11": {
      "data_alignFieldPointers": 1,
      "explorationId": 0,
      "no_explorationId": 0,
      "opt_unroll": 1,
      "opt_unroll_interleave": 1,
      "opt_useAddressPrecalc": 1,
      "opt_vectorize": 0,
      "poly_tileSize_x": 8,
      "poly_tileSize_y": 20,
      "poly_tileSize_z": 64,
      "simd_avoidUnaligned": 1
    },
    "12": {
      "data_alignFieldPointers": 0,
      "explorationId": 1,
      "no_explorationId": 1,
      "opt_unroll": 1,
      "opt_unroll_interleave": 1,
      "opt_useAddressPrecalc": 1,
      "opt_vectorize": 0,
      "poly_tileSize_x": 32,
      "poly_tileSize_y": 20,
      "poly_tileSize_z": 64,
      "simd_avoidUnaligned": 1
    }
  },
  "config_origins": {
    "1": "Initial Design: Sobol",
    "2": "Acquisition Function Maximizer: Local Search",
    "3": "Acquisition Function Maximizer: Local Search",
    "4": "Acquisition Function Maximizer: Local Search",
    "5": "Acquisition Function Maximizer: Local Search",
    "6": "Acquisition Function Maximizer: Local Search",
    "7": "Acquisition Function Maximizer: Local Search",
    "8": "Acquisition Function Maximizer: Local Search",
    "9": "Random Search",
    "10": "Acquisition Function Maximizer: Local Search",
    "11": "Acquisition Function Maximizer: Local Search",
    "12": "Acquisition Function Maximizer: Local Search"
  }
}