{
  "stats": {
    "submitted": 18,
    "finished": 18,
    "running": 0
  },
  "data": [
    [
      1,
      null,
      1165313289,
      null,
      0.485840800992277,
      0.004145145416259766,
      1,
      1763447563.724614,
      1763447563.731372,
      {}
    ],
    [
      2,
      null,
      1165313289,
      null,
      0.21187032870824274,
      0.0027647018432617188,
      1,
      1763447567.274697,
      1763447567.2796793,
      {}
    ],
    [
      3,
      null,
      1165313289,
      null,
      0.1310764325283249,
      0.0018889904022216797,
      1,
      1763447567.288279,
      1763447567.2921724,
      {}
    ],
    [
      4,
      null,
      1165313289,
      null,
      0.20312915872704762,
      0.0023941993713378906,
      1,
      1763447567.3027954,
      1763447567.3078623,
      {}
    ],
    [
      5,
      null,
      1165313289,
      null,
      0.45049368182265215,
      0.0027060508728027344,
      1,
      1763447567.3217163,
      1763447567.3270078,
      {}
    ],
    [
      6,
      null,
      1165313289,
      null,
      0.12568108401962852,
      0.0038559436798095703,
      1,
      1763447567.3386974,
      1763447567.3460011,
      {}
    ],
    [
      7,
      null,
      1165313289,
      null,
      0.3703482844581488,
      0.0037047863006591797,
      1,
      1763447567.3600287,
      1763447567.3661735,
      {}
    ],
    [
      8,
      null,
      1165313289,
      null,
      0.18793014487942106,
      0.002798318862915039,
      1,
      1763447567.382367,
      1763447567.3877695,
      {}
    ],
    [
      9,
      null,
      1165313289,
      null,
      0.23827274893719708,
      0.0025572776794433594,
      1,
      1763447567.4024825,
      1763447567.4071906,
      {}
    ],
    [
      10,
      null,
      1165313289,
      null,
      0.4687248291134908,
      0.0025358200073242188,
      1,
      1763447567.4352746,
      1763447567.4407444,
      {}
    ],
    [
      11,
      null,
      1165313289,
      null,
      0.16108009579731575,
      0.0018591880798339844,
      1,
      1763447567.4532313,
      1763447567.4569697,
      {}
    ],
    [
      12,
      null,
      1165313289,
      null,
      0.2577052673381157,
      0.003609180450439453,
      1,
      1763447572.5267308,
      1763447572.5324354,
      {}
    ],
    [
      13,
      null,
      1165313289,
      null,
      0.16053029288051102,
      0.0023682117462158203,
      1,
      1763447572.5442362,
      1763447572.5482607,
      {}
    ],
    [
      14,
      null,
      1165313289,
      null,
      0.306432953437596,
      0.00422978401184082,
      1,
      1763447572.5599816,
      1763447572.5659804,
      {}
    ],
    [
      15,
      null,
      1165313289,
      null,
      0.25865839499683985,
      0.0028417110443115234,
      1,
      1763447572.589637,
      1763447572.5956287,
      {}
    ],
    [
      16,
      null,
      1165313289,
      null,
      0.16339585710755156,
      0.002244710922241211,
      1,
      1763447572.6154995,
      1763447572.6198537,
      {}
    ],
    [
      17,
      null,
      1165313289,
      null,
      0.07405183604104326,
      0.002487659454345703,
      1,
      1763447572.6401107,
      1763447572.6452632,
      {}
    ],
    [
      18,
      null,
      1165313289,
      null,
      0.24637167856628073,
      0.002198457717895508,
      1,
      1763447578.405661,
      1763447578.4109519,
      {}
    ]
  ],
  "configs": {
    "1": {
      " ACAP": 3.219509445130825,
      " AEXP": 3.159404581687413,
      " CPLx": 4.678970200940967,
      " DOCU": 4.508281983435154,
      " ETAT": 3.7839598754188044,
      " FLEx": 4.0962153151631355,
      " KLOC": 36.23823533778731,
      " LTEx": 2.4247590079903603,
      " PCAP": 3.030781861394644,
      " PCON": 4.225327582605184,
      " PLEx": 3.2872392974784597,
      " PMAT": 2.28091926779598,
      " PREC": 1.477885875850916,
      " PVOL": 4.732294971123338,
      " RELY": 4.534459205344319,
      " RESL": 2.3990358144715427,
      " RUSE": 5.0893024994339795,
      " SCED": 3.0,
      " SITE": 4.293349351733923,
      " STOR": 3.0747634023427963,
      " TEAM": 1.3102590031921864,
      " TIME": 3.5949866231530905,
      " TOOL": 2.0,
      "DATA": 4.410512077057734
    },
    "2": {
      " ACAP": 4.999704870243545,
      " AEXP": 3.6764965940901044,
      " CPLx": 5.470455767402856,
      " DOCU": 2.188439983623331,
      " ETAT": 4.491134600998948,
      " FLEx": 4.3477611715620785,
      " KLOC": 8.793281564454896,
      " LTEx": 2.0857403564780665,
      " PCAP": 4.8567913615566045,
      " PCON": 2.3763017946395024,
      " PLEx": 2.3411199427967455,
      " PMAT": 2.823833145748053,
      " PREC": 2.8358401813121414,
      " PVOL": 2.6290012536759133,
      " RELY": 4.265807366737491,
      " RESL": 1.3168121853183012,
      " RUSE": 2.4071915885039035,
      " SCED": 3.0,
      " SITE": 1.3848721278355378,
      " STOR": 3.5298076516374484,
      " TEAM": 1.748071404394541,
      " TIME": 3.2792405529368933,
      " TOOL": 2.0,
      "DATA": 2.042594265505611
    },
    "3": {
      " ACAP": 3.843022130587216,
      " AEXP": 3.3675425241945502,
      " CPLx": 4.529739245710967,
      " DOCU": 3.61692304275607,
      " ETAT": 3.2262102659571426,
      " FLEx": 3.833040391477236,
      " KLOC": 97.01408758637481,
      " LTEx": 1.3543600069958703,
      " PCAP": 4.381897486110801,
      " PCON": 2.154705037017916,
      " PLEx": 3.305701996737031,
      " PMAT": 2.197137150797242,
      " PREC": 4.6347134898747315,
      " PVOL": 4.467915879299463,
      " RELY": 4.28299449202704,
      " RESL": 4.3209251113901255,
      " RUSE": 2.9588568563513364,
      " SCED": 3.0,
      " SITE": 3.5799888243971565,
      " STOR": 3.727898367733086,
      " TEAM": 4.5900758372567605,
      " TIME": 3.9228280976478027,
      " TOOL": 2.0,
      "DATA": 3.5036963270355894
    },
    "4": {
      " ACAP": 4.931402105670131,
      " AEXP": 3.9744535966625065,
      " CPLx": 4.772683094146722,
      " DOCU": 4.32127335297849,
      " ETAT": 3.5442952580211595,
      " FLEx": 2.734296349541996,
      " KLOC": 277.6397683759069,
      " LTEx": 2.83673477689897,
      " PCAP": 3.049472032108745,
      " PCON": 4.584978529492682,
      " PLEx": 3.0745490652833167,
      " PMAT": 2.8091377175176535,
      " PREC": 4.716037918473278,
      " PVOL": 4.911672943808764,
      " RELY": 3.4934071090875074,
      " RESL": 3.186177775500526,
      " RUSE": 5.412234555096855,
      " SCED": 3.0,
      " SITE": 5.901264326069029,
      " STOR": 3.816876386338526,
      " TEAM": 4.439386567219852,
      " TIME": 3.263032621881872,
      " TOOL": 2.0,
      "DATA": 2.116180171287988
    },
    "5": {
      " ACAP": 3.9797707978169634,
      " AEXP": 2.600205434538661,
      " CPLx": 3.093377181926839,
      " DOCU": 1.1308004410965218,
      " ETAT": 2.5931754083591385,
      " FLEx": 1.3188785373716714,
      " KLOC": 384.5043797718642,
      " LTEx": 3.767597007824106,
      " PCAP": 3.453954347189527,
      " PCON": 3.45000099622648,
      " PLEx": 2.570191343282291,
      " PMAT": 2.6321876301622247,
      " PREC": 4.754843508684804,
      " PVOL": 2.3734884574521944,
      " RELY": 3.2126756751397982,
      " RESL": 2.2951032892505117,
      " RUSE": 5.647086197175396,
      " SCED": 3.0,
      " SITE": 2.397531590514199,
      " STOR": 3.090118120392773,
      " TEAM": 1.0428891300011416,
      " TIME": 3.5645919637764534,
      " TOOL": 2.0,
      "DATA": 2.763055208487627
    },
    "6": {
      " ACAP": 4.999772926064371,
      " AEXP": 4.4969343923550875,
      " CPLx": 5.434854827526286,
      " DOCU": 2.0058935619443488,
      " ETAT": 4.396890718077741,
      " FLEx": 2.891931346911009,
      " KLOC": 77.61942596508284,
      " LTEx": 3.4370713140209546,
      " PCAP": 4.869125139901746,
      " PCON": 3.6625427396875807,
      " PLEx": 1.484388728641449,
      " PMAT": 2.950673614573505,