{
  "DE_params": {
    "mutation_factor": 0.5,
    "crossover_prob": 0.5,
    "strategy": "rand1_bin",
    "configspace": true,
    "boundary_fix_type": "random",
    "max_age": Infinity,
    "dimensions": 22,
    "output_path": "../results/tmp/DEHB_tmp/dehb_20251208-050220_e556",
    "async_strategy": "immediate"
  },
  "HB_params": {
    "min_fidelity": 1,
    "max_fidelity": 10,
    "min_clip": null,
    "max_clip": null,
    "eta": 3
  },
  "internals": {
    "initial_configs": [
      {
        "config_id": 0,
        "config": [
          0.728744939271255,
          0.0,
          0.5,
          0.0,
          0.4,
          0.26666666666666666,
          0.7058823529411765,
          0.25,
          0.0,
          0.9919028340080972,
          0.2857142857142857,
          0.125,
          0.9166666666666666,
          0.3481781376518219,
          0.3333333333333333,
          0.875,
          0.7708333333333334,
          0.0728744939271255,
          0.75,
          0.0,
          0.8,
          0.5
        ],
        "results": {
          "1.1111111111111112": {
            "score": Infinity,
            "cost": -1,
            "info": {}
          }
        }
      },
      {
        "config_id": 1,
        "config": [
          0.18218623481781376,
          0.0,
          0.5,
          0.6666666666666666,
          0.4,
          0.9333333333333333,
          0.4117647058823529,
          0.0,
          0.0,
          0.728744939271255,
          0.047619047619047616,
          0.875,
          0.4166666666666667,
          0.6923076923076923,
          0.0,
          0.25,
          0.041666666666666664,
          0.7732793522267206,
          0.25,
          0.0,
          0.4,
          0.8333333333333334
        ],
        "results": {
          "1.1111111111111112": {
            "score": Infinity,
            "cost": -1,
            "info": {}
          }
        }
      },
      {
        "config_id": 2,
        "config": [
          0.5384615384615384,
          0.0,
          0.0,
          0.5,
          0.8666666666666667,
          0.2,
          0.11764705882352941,
          0.75,
          0.5,
          0.9190283400809717,
          0.8571428571428571,
          0.0,
          0.5,
          0.6923076923076923,
          0.0,
          0.5,
          0.8541666666666666,
          0.5303643724696356,
          0.0,
          0.3333333333333333,
          0.3,
          0.16666666666666666
        ],
        "results": {
          "1.1111111111111112": {
            "score": Infinity,
            "cost": -1,
            "info": {}
          }
        }
      },
      {
        "config_id": 3,
        "config": [
          0.21862348178137653,
          0.0,
          0.5,
          0.5,
          0.06666666666666667,
          0.0,
          0.5882352941176471,
          0.5,
          0.0,
          0.016194331983805668,
          0.14285714285714285,
          0.125,
          0.16666666666666666,
          0.4493927125506073,
          0.3333333333333333,
          0.125,
          0.20833333333333334,
          0.9149797570850202,
          0.75,
          0.3333333333333333,
          0.9,
          0.8333333333333334
        ],
        "results": {
          "1.1111111111111112": {
            "score": Infinity,
            "cost": -1,
            "info": {}
          }
        }
      },
      {
        "config_id": 4,
        "config": [
          0.728744939271255,
          0.0,
          0.0,
          0.5,
          0.6666666666666666,
          0.6666666666666666,
          0.8235294117647058,
          0.0,
          0.5,
          0.2631578947368421,
          0.6190476190476191,
          0.3125,
          0.8333333333333334,
          0.8744939271255061,
          0.6666666666666666,
          0.25,
          0.9166666666666666,
          0.7246963562753036,
          0.5,
          0.0,
          0.9,
          0.6666666666666666
        ],
        "results": {
          "1.1111111111111112": {
            "score": Infinity,
            "cost": -1,
            "info": {}
          }
        }
      },
      {
        "config_id": 5,
        "config": [
          0.08906882591093117,
          0.0,
          0.0,
          0.8333333333333334,
          0.13333333333333333,
          0.06666666666666667,
          0.29411764705882354,
          0.25,
          0.0,
          0.0728744939271255,
          0.2857142857142857,
          0.0625,
          0.08333333333333333,
          0.20647773279352227,
          0.3333333333333333,
          0.625,
          0.5416666666666666,
          0.30364372469635625,
          0.0,
          0.0,
          0.1,
          0.5
        ],
        "results": {
          "1.1111111111111112": {
            "score": Infinity,
            "cost": -1,
            "info": {}
          }
        }
      },
      {
        "config_id": 6,
        "config": [
          0.26720647773279355,
          0.0,
          0.5,
          0.0,
          0.6666666666666666,
          0.2,
          0.8235294117647058,
          0.75,
          0.0,
          0.5263157894736842,
          0.8571428571428571,
          0.5625,
          0.8333333333333334,
          0.4331983805668016,
          0.0,
          0.75,
          0.875,
          0.9757085020242915,
          0.0,
          0.6666666666666666,
          0.8,
          0.3333333333333333
        ],
        "results": {
          "1.1111111111111112": {
            "score": Infinity,
            "cost": -1,
            "info": {}
          }
        }
      },
      {
        "config_id": 7,
        "config": [
          0.3643724696356275,
          0.0,
          0.0,
          0.16666666666666666,
          0.4666666666666667,
          0.9333333333333333,
          0.4117647058823529,
          0.25,
          0.5,
          0.1700404858299595,
          0.0,
          0.5,
          0.3333333333333333,
          0.5668016194331984,
          0.0,
          0.875,
          0.14583333333333334,
          0.47368421052631576,
          0.5,
          0.0,
          0.3,
          0.6666666666666666
        ],
        "results": {
          "1.1111111111111112": {
            "score": Infinity,
            "cost": -1,
            "info": {}
          }
        }
      },
      {
        "config_id": 8,
        "config": [
          0.3643724696356275,
          0.0,
          0.5,
          0.5,
          0.6666666666666666,
          0.2,
          0.17647058823529413,
          0.5,
          0.5,
          0.15789473684210525,
          0.6190476190476191,
          0.5625,
          0.25,
          0.611336032388664,
          0.0,
          0.375,
          0.7083333333333334,
          0.32388663967611336,
          0.5,
          0.6666666666666666,
          0.0,
          0.16666666666666666
        ],
        "results": {
          "1.1111111111111112": {
            "score": Infinity,
            "cost": -1,
            "info": {}
          }
        }
      },
      {
        "config_id": 9,
        "config": [
          0.8097165991902834,
          0.0,
          0.0,
          0.8333333333333334,
          0.8666666666666667,
          0.7333333333333333,
          0.7647058823529411,
          0.5,
          0.0,
          0.902834008097166,
          0.23809523809523808,
          0.3125,
          0.9166666666666666,
          0.8016194331983806,
          0.3333333333333333,
          0.5,
          0.3125,
          0.1902834008097166,
          0.25,
          0.3333333333333333,
          0.5,
          0.3333333333333333
        ],
        "results": {
          "3.333333333333333": {
            "score": Infinity,
            "cost": -1,
            "info": {}
          }
        }
      },
      {
        "config_id": 10,