{
  "incumbent_ids": [
    12
  ],
  "rejected_config_ids": [
    2,
    1,
    4,
    5,
    6,
    3,
    8,
    9,
    10,
    11,
    7,
    13,
    14,
    15,
    16,
    17,
    18,
    19,
    20,
    21,
    22,
    23,
    24,
    25,
    26,
    27,
    28,
    29,
    30,
    31,
    32,
    33,
    34,
    35,
    36,
    37,
    38,
    39,
    40,
    41,
    42,
    43,
    44,
    45,
    46,
    47,
    48,
    49,
    50
  ],
  "incumbents_changed": 4,
  "trajectory": [
    {
      "config_ids": [
        1
      ],
      "costs": [
        0.16154896123828189
      ],
      "trial": 1,
      "walltime": 0.013269901275634766
    },
    {
      "config_ids": [
        3
      ],
      "costs": [
        0.1507533362625213
      ],
      "trial": 3,
      "walltime": 0.03170585632324219
    },
    {
      "config_ids": [
        7
      ],
      "costs": [
        0.131861976050486
      ],
      "trial": 7,
      "walltime": 3.088526725769043
    },
    {
      "config_ids": [
        12
      ],
      "costs": [
        0.09204857218315343
      ],
      "trial": 12,
      "walltime": 3.15840220451355
    }
  ],
  "state": {
    "queue": [
      [
        50,
        1
      ]
    ]
  }
}