{
  "stats": {
    "submitted": 20,
    "finished": 20,
    "running": 0
  },
  "data": [
    [
      1,
      null,
      1192722770,
      null,
      0.5773502691896257,
      2.2318058013916016,
      1,
      1763068939.021015,
      1763068941.31673,
      {}
    ],
    [
      2,
      null,
      1192722770,
      null,
      0.8801993190404106,
      2.3140439987182617,
      1,
      1763068941.3230588,
      1763068943.6751232,
      {}
    ],
    [
      3,
      null,
      1192722770,
      null,
      0.8598667453465307,
      2.433511972427368,
      1,
      1763068943.678152,
      1763068946.1443126,
      {}
    ],
    [
      4,
      null,
      1192722770,
      null,
      0.8594420573083315,
      2.1770575046539307,
      1,
      1763068946.147338,
      1763068948.3592377,
      {}
    ],
    [
      5,
      null,
      1192722770,
      null,
      0.8594118903772063,
      2.2492122650146484,
      1,
      1763068948.3620856,
      1763068950.6426885,
      {}
    ],
    [
      6,
      null,
      1192722770,
      null,
      0.858911636629811,
      2.300347089767456,
      1,
      1763068950.647397,
      1763068952.9817035,
      {}
    ],
    [
      7,
      null,
      1192722770,
      null,
      0.8597219715689634,
      2.1757872104644775,
      1,
      1763068952.9852107,
      1763068955.1953905,
      {}
    ],
    [
      8,
      null,
      1192722770,
      null,
      0.8798208420220759,
      2.1575562953948975,
      1,
      1763068955.2061207,
      1763068957.3998933,
      {}
    ],
    [
      9,
      null,
      1192722770,
      null,
      0.8612521615772559,
      2.1564626693725586,
      1,
      1763068957.4031599,
      1763068959.5914721,
      {}
    ],
    [
      10,
      null,
      1192722770,
      null,
      0.8594213864188792,
      2.231024742126465,
      1,
      1763068959.594758,
      1763068961.8603218,
      {}
    ],
    [
      11,
      null,
      1192722770,
      null,
      0.8594213864188792,
      2.269676923751831,
      1,
      1763068961.8638263,
      1763068964.1690848,
      {}
    ],
    [
      12,
      null,
      1192722770,
      null,
      0.8593360772966213,
      2.1869425773620605,
      1,
      1763068964.172444,
      1763068966.3913608,
      {}
    ],
    [
      13,
      null,
      1192722770,
      null,
      0.8811663149723734,
      2.1964285373687744,
      1,
      1763068966.395131,
      1763068968.6245058,
      {}
    ],
    [
      14,
      null,
      1192722770,
      null,
      0.8590934674154789,
      2.149033784866333,
      1,
      1763068968.6284554,
      1763068970.8111491,
      {}
    ],
    [
      15,
      null,
      1192722770,
      null,
      0.8594860644092556,
      2.0007505416870117,
      1,
      1763068970.8148193,
      1763068972.848031,
      {}
    ],
    [
      16,
      null,
      1192722770,
      null,
      0.8814376442662338,
      1.9991083145141602,
      1,
      1763068972.8516831,
      1763068974.8831086,
      {}
    ],
    [
      17,
      null,
      1192722770,
      null,
      0.8591480042369923,
      2.105747938156128,
      1,
      1763068974.8866231,
      1763068977.0243814,
      {}
    ],
    [
      18,
      null,
      1192722770,
      null,
      0.8823304136493609,
      2.1225109100341797,
      1,
      1763068977.0282905,
      1763068979.1859415,
      {}
    ],
    [
      19,
      null,
      1192722770,
      null,
      0.8819403266209448,
      2.158764600753784,
      1,
      1763068979.1899936,
      1763068981.3816793,
      {}
    ],
    [
      20,
      null,
      1192722770,
      null,
      0.8589291498222055,
      2.2570273876190186,
      1,
      1763068981.388696,
      1763068983.6806388,
      {}
    ]
  ],
  "configs": {
    "1": {
      "row_id": "5629"
    },
    "2": {
      "row_id": "832"
    },
    "3": {
      "row_id": "4056"
    },
    "4": {
      "row_id": "8851"
    },
    "5": {
      "row_id": "8402"
    },
    "6": {
      "row_id": "3215"
    },
    "7": {
      "row_id": "1282"
    },
    "8": {
      "row_id": "6469"
    },
    "9": {
      "row_id": "7492"
    },
    "10": {
      "row_id": "2285"
    },
    "11": {
      "row_id": "2813"
    },
    "12": {
      "row_id": "8019"
    },
    "13": {
      "row_id": "9718"
    },
    "14": {
      "row_id": "4903"
    },
    "15": {
      "row_id": "586"
    },
    "16": {
      "row_id": "5402"
    },
    "17": {
      "row_id": "5273"
    },
    "18": {
      "row_id": "89"
    },
    "19": {
      "row_id": "4405"
    },
    "20": {
      "row_id": "9590"
    }
  },
  "config_origins": {
    "1": "Initial Design: Sobol",
    "2": "Initial Design: Sobol",
    "3": "Initial Design: Sobol",
    "4": "Initial Design: Sobol",
    "5": "Initial Design: Sobol",
    "6": "Initial Design: Sobol",
    "7": "Initial Design: Sobol",
    "8": "Initial Design: Sobol",
    "9": "Initial Design: Sobol",
    "10": "Initial Design: Sobol",
    "11": "Initial Design: Sobol",
    "12": "Initial Design: Sobol",
    "13": "Initial Design: Sobol",
    "14": "Initial Design: Sobol",
    "15": "Initial Design: Sobol",
    "16": "Initial Design: Sobol",
    "17": "Initial Design: Sobol",
    "18": "Initial Design: Sobol",
    "19": "Initial Design: Sobol",
    "20": "Initial Design: Sobol"
  }
}