{
  "stats": {
    "submitted": 45,
    "finished": 45,
    "running": 0
  },
  "data": [
    [
      1,
      null,
      378518883,
      null,
      0.8713847026205241,
      0.0466313362121582,
      1,
      1763050773.8699713,
      1763050773.9176188,
      {}
    ],
    [
      2,
      null,
      378518883,
      null,
      0.5448149547306396,
      0.04438614845275879,
      1,
      1763050773.9212737,
      1763050773.9667237,
      {}
    ],
    [
      3,
      null,
      378518883,
      null,
      0.40781820730939655,
      0.04296994209289551,
      1,
      1763050773.970447,
      1763050774.0144622,
      {}
    ],
    [
      4,
      null,
      378518883,
      null,
      0.513885203239707,
      0.0437474250793457,
      1,
      1763050774.0178115,
      1763050774.0625389,
      {}
    ],
    [
      5,
      null,
      378518883,
      null,
      0.45933496111217487,
      0.041471242904663086,
      1,
      1763050774.3640263,
      1763050774.4066925,
      {}
    ],
    [
      6,
      null,
      378518883,
      null,
      0.3777081854880393,
      0.04085493087768555,
      1,
      1763050774.8527422,
      1763050774.8946145,
      {}
    ],
    [
      7,
      null,
      378518883,
      null,
      0.391479583096187,
      0.039945363998413086,
      1,
      1763050774.8984647,
      1763050774.939373,
      {}
    ],
    [
      8,
      null,
      378518883,
      null,
      0.5675367815558306,
      0.039475202560424805,
      1,
      1763050774.9430327,
      1763050774.9833953,
      {}
    ],
    [
      9,
      null,
      378518883,
      null,
      0.5273971509438041,
      0.04737520217895508,
      1,
      1763050774.987463,
      1763050775.0357862,
      {}
    ],
    [
      10,
      null,
      378518883,
      null,
      0.5159175666939738,
      0.04256176948547363,
      1,
      1763050775.4027429,
      1763050775.4462647,
      {}
    ],
    [
      11,
      null,
      378518883,
      null,
      0.3893870191155626,
      0.04297351837158203,
      1,
      1763050775.450596,
      1763050775.4945602,
      {}
    ],
    [
      12,
      null,
      378518883,
      null,
      0.4350877441709323,
      0.04331469535827637,
      1,
      1763050775.498601,
      1763050775.5429091,
      {}
    ],
    [
      13,
      null,
      378518883,
      null,
      0.7057233533391313,
      0.04220843315124512,
      1,
      1763050775.547628,
      1763050775.5908673,
      {}
    ],
    [
      14,
      null,
      378518883,
      null,
      0.44564373939940793,
      0.040911197662353516,
      1,
      1763050776.2855644,
      1763050776.3276484,
      {}
    ],
    [
      15,
      null,
      378518883,
      null,
      0.5174469340638226,
      0.040261030197143555,
      1,
      1763050776.3338645,
      1763050776.3752,
      {}
    ],
    [
      16,
      null,
      378518883,
      null,
      0.5268505111466267,
      0.040264129638671875,
      1,
      1763050776.7344081,
      1763050776.775693,
      {}
    ],
    [
      17,
      null,
      378518883,
      null,
      0.7057422881919914,
      0.03978729248046875,
      1,
      1763050776.7815213,
      1763050776.8222635,
      {}
    ],
    [
      18,
      null,
      378518883,
      null,
      0.7232831747503715,
      0.040282249450683594,
      1,
      1763050776.8270802,
      1763050776.8682878,
      {}
    ],
    [
      19,
      null,
      378518883,
      null,
      0.6040692187838723,
      0.040996551513671875,
      1,
      1763050777.8921654,
      1763050777.9342787,
      {}
    ],
    [
      20,
      null,
      378518883,
      null,
      0.509264938899184,
      0.040008544921875,
      1,
      1763050778.3718925,
      1763050778.4129648,
      {}
    ],
    [
      21,
      null,
      378518883,
      null,
      0.4512162617317901,
      0.04021906852722168,
      1,
      1763050778.4178176,
      1763050778.459034,
      {}
    ],
    [
      22,
      null,
      378518883,
      null,
      0.5461048917813561,
      0.04047751426696777,
      1,
      1763050778.46474,
      1763050778.5062554,
      {}
    ],
    [
      23,
      null,
      378518883,
      null,
      0.9277871518526621,
      0.04083371162414551,
      1,
      1763050778.8552463,
      1763050778.8971086,
      {}
    ],
    [
      24,
      null,
      378518883,
      null,
      0.5436908271456216,
      0.04078483581542969,
      1,
      1763050778.9028003,
      1763050778.944549,
      {}
    ],
    [
      25,
      null,
      378518883,
      null,
      0.6462505812574844,
      0.04020977020263672,
      1,
      1763050778.9504714,
      1763050778.991681,
      {}
    ],
    [
      26,
      null,
      378518883,
      null,
      0.7285210902665634,
      0.03979086875915527,
      1,
      1763050778.996934,
      1763050779.0376985,
      {}
    ],
    [
      27,
      null,
      378518883,
      null,
      0.5166731912347962,
      0.04059576988220215,
      1,
      1763050779.627328,
      1763050779.6689482,
      {}
    ],
    [
      28,
      null,
      378518883,
      null,
      0.49343058023315467,
      0.0408778190612793,
      1,
      1763050780.1216102,
      1763050780.1634755,
      {}
    ],
    [
      29,
      null,
      378518883,
      null,
      0.430935374360889,
      0.03967475891113281,
      1,
      1763050780.1697488,
      1763050780.2103693,
      {}
    ],
    [
      30,
      null,
      378518883,
      null,
      0.7071067811929822,
      0.04921436309814453,
      1,
      1763050781.142919,
      1763050781.1933959,
      {}
    ],
    [
      31,
      null,
      378518883,
      null,
      0.4701804099594522,
      0.04940915107727051,
      1,
      1763050781.2004979,
      1763050781.2510939,
      {}
    ],
    [
      32,
      null,
      378518883,
      null,
      0.6980138915767955,
      0.04417681694030762,
      1,
      1763050781.259282,
      1763050781.3046925,
      {}
    ],
    [
      33,
      null,
      378518883,
      null,
      0.47169013009293104,
      0.03936290740966797,
      1,
      1763050781.668186,
      1763050781.7085307,
      {}
    ],
    [
      34,
      null,
      378518883,
      null,
      0.8078491999684189,
      0.04033470153808594,
      1,
      1763050782.1432543,
      1763050782.1845849,
      {}
    ],
    [
      35,
      null,
      378518883,
      null,
      0.42781165897207585,
      0.040134429931640625,
      1,
      1763050782.5551121,
      1763050782.5962398,
      {}
    ],
    [
      36,
      null,
      378518883,
      null,
      0.5318920961128565,
      0.04533815383911133,
      1,
      1763050784.076618,
      1763050784.1237786,
      {}
    ],
    [
      37,
      null,
      378518883,
      null,
      0.45815727634111725,
      0.03808283805847168,
      1,
      1763050785.138917,
      1763050785.1779678,
      {}
    ],
    [
      38,
      null,
      378518883,
      null,
      0.45382663094968345,
      0.03896665573120117,
      1,
      1763050785.184521,
      1763050785.2243748,
      {}
    ],
    [
      39,
      null,
      378518883,
      null,
      0.5670878886434478,
      0.05986142158508301,
      1,
      1763050785.2311637,
      1763050785.2919474,
      {}
    ],
    [
      40,
      null,
      378518883,
      null,
      0.704815663718125,
      0.04012703895568848,
      1,
      1763050785.6672406,
      1763050785.708402,
      {}
    ],
    [
      41,
      null,
      378518883,
      null,
      0.5203276478698825,
      0.03917503356933594,
      1,
      1763050785.7148774,
      1763050785.7549498,
      {}
    ],
    [
      42,
      null,
      378518883,
      null,
      0.5425784635882135,
      0.04267239570617676,
      1,
      1763050786.5345287,
      1763050786.5782168,
      {}
    ],
    [
      43,
      null,
      378518883,
      null,
