{
  "incumbent_ids": [
    14
  ],
  "rejected_config_ids": [
    1,
    3,
    2,
    5,
    6,
    7,
    8,
    9,
    10,
    11,
    12,
    13,
    4,
    15,
    16,
    17,
    18,
    19,
    20,
    21,
    22,
    23,
    24
  ],
  "incumbents_changed": 4,
  "trajectory": [
    {
      "config_ids": [
        1
      ],
      "costs": [
        0.5572428630291077
      ],
      "trial": 1,
      "walltime": 0.010066509246826172
    },
    {
      "config_ids": [
        2
      ],
      "costs": [
        0.41392778593648516
      ],
      "trial": 2,
      "walltime": 0.01988363265991211
    },
    {
      "config_ids": [
        4
      ],
      "costs": [
        0.21479236558451498
      ],
      "trial": 4,
      "walltime": 2.410900592803955
    },
    {
      "config_ids": [
        14
      ],
      "costs": [
        0.18789413701181223
      ],
      "trial": 14,
      "walltime": 5.492753982543945
    }
  ],
  "state": {
    "queue": [
      [
        24,
        1
      ]
    ]
  }
}