{
  "incumbent_ids": [
    14
  ],
  "rejected_config_ids": [
    2,
    3,
    4,
    5,
    6,
    7,
    8,
    1,
    10,
    11,
    12,
    9,
    13,
    15,
    16,
    17,
    18,
    19,
    20,
    21,
    22,
    23,
    24
  ],
  "incumbents_changed": 4,
  "trajectory": [
    {
      "config_ids": [
        1
      ],
      "costs": [
        0.20174505409931276
      ],
      "trial": 1,
      "walltime": 0.008694171905517578
    },
    {
      "config_ids": [
        9
      ],
      "costs": [
        0.17664134123724973
      ],
      "trial": 9,
      "walltime": 2.743454694747925
    },
    {
      "config_ids": [
        13
      ],
      "costs": [
        0.16654599764382405
      ],
      "trial": 13,
      "walltime": 5.619965314865112
    },
    {
      "config_ids": [
        14
      ],
      "costs": [
        0.07513212761460752
      ],
      "trial": 14,
      "walltime": 5.6370227336883545
    }
  ],
  "state": {
    "queue": [
      [
        24,
        1
      ]
    ]
  }
}