{
  "stats": {
    "submitted": 20,
    "finished": 20,
    "running": 0
  },
  "data": [
    [
      1,
      null,
      1498160584,
      null,
      0.7979130536094544,
      2.3657538890838623,
      1,
      1763062014.545461,
      1763062016.9451797,
      {}
    ],
    [
      2,
      null,
      1498160584,
      null,
      0.7932219892693293,
      2.168128252029419,
      1,
      1763062016.9507594,
      1763062019.1504717,
      {}
    ],
    [
      3,
      null,
      1498160584,
      null,
      0.7975856368920639,
      2.2912590503692627,
      1,
      1763062019.1536,
      1763062021.4784284,
      {}
    ],
    [
      4,
      null,
      1498160584,
      null,
      0.7872673567672154,
      2.6637561321258545,
      1,
      1763062021.4814198,
      1763062024.1772811,
      {}
    ],
    [
      5,
      null,
      1498160584,
      null,
      0.7900064642210698,
      2.345332622528076,
      1,
      1763062024.1814916,
      1763062026.561344,
      {}
    ],
    [
      6,
      null,
      1498160584,
      null,
      0.7623680628423165,
      1.99503493309021,
      1,
      1763062026.5646262,
      1763062028.5921128,
      {}
    ],
    [
      7,
      null,
      1498160584,
      null,
      0.7946421133182376,
      2.7208595275878906,
      1,
      1763062028.595504,
      1763062031.347813,
      {}
    ],
    [
      8,
      null,
      1498160584,
      null,
      0.790823349633811,
      2.158846616744995,
      1,
      1763062031.3519678,
      1763062033.544089,
      {}
    ],
    [
      9,
      null,
      1498160584,
      null,
      0.786461549248995,
      2.3972246646881104,
      1,
      1763062033.5478513,
      1763062035.9802802,
      {}
    ],
    [
      10,
      null,
      1498160584,
      null,
      0.7903976867903728,
      2.3224189281463623,
      1,
      1763062035.9854152,
      1763062038.3504596,
      {}
    ],
    [
      11,
      null,
      1498160584,
      null,
      0.7883972688781998,
      2.1668293476104736,
      1,
      1763062038.3538473,
      1763062040.5542803,
      {}
    ],
    [
      12,
      null,
      1498160584,
      null,
      0.7943071955447752,
      2.2164783477783203,
      1,
      1763062040.557603,
      1763062042.8083491,
      {}
    ],
    [
      13,
      null,
      1498160584,
      null,
      0.7874068511186173,
      2.2829489707946777,
      1,
      1763062042.8120103,
      1763062045.1293504,
      {}
    ],
    [
      14,
      null,
      1498160584,
      null,
      0.6814589131366923,
      2.307795763015747,
      1,
      1763062045.1333683,
      1763062047.4746633,
      {}
    ],
    [
      15,
      null,
      1498160584,
      null,
      0.7941175229798446,
      2.0955028533935547,
      1,
      1763062047.4787934,
      1763062049.6084828,
      {}
    ],
    [
      16,
      null,
      1498160584,
      null,
      0.6633011311480662,
      2.31760311126709,
      1,
      1763062049.6122591,
      1763062051.9638143,
      {}
    ],
    [
      17,
      null,
      1498160584,
      null,
      0.699208395158077,
      2.1848576068878174,
      1,
      1763062051.9697301,
      1763062054.1893666,
      {}
    ],
    [
      18,
      null,
      1498160584,
      null,
      0.6552551344547456,
      2.1702136993408203,
      1,
      1763062054.193501,
      1763062056.396373,
      {}
    ],
    [
      19,
      null,
      1498160584,
      null,
      0.7958465865442385,
      2.188533067703247,
      1,
      1763062056.401339,
      1763062058.623579,
      {}
    ],
    [
      20,
      null,
      1498160584,
      null,
      0.7563235837871518,
      2.498621702194214,
      1,
      1763062058.6277325,
      1763062061.1626563,
      {}
    ]
  ],
  "configs": {
    "1": {
      "row_id": "4433"
    },
    "2": {
      "row_id": "8288"
    },
    "3": {
      "row_id": "6826"
    },
    "4": {
      "row_id": "432"
    },
    "5": {
      "row_id": "1803"
    },
    "6": {
      "row_id": "5450"
    },
    "7": {
      "row_id": "9417"
    },
    "8": {
      "row_id": "3309"
    },
    "9": {
      "row_id": "2722"
    },
    "10": {
      "row_id": "8750"
    },
    "11": {
      "row_id": "6037"
    },
    "12": {
      "row_id": "2470"
    },
    "13": {
      "row_id": "1016"
    },
    "14": {
      "row_id": "7486"
    },
    "15": {
      "row_id": "7704"
    },
    "16": {
      "row_id": "3773"
    },
    "17": {
      "row_id": "4316"
    },
    "18": {
      "row_id": "7936"
    },
    "19": {
      "row_id": "6943"
    },
    "20": {
      "row_id": "784"
    }
  },
  "config_origins": {
    "1": "Initial Design: Sobol",
    "2": "Initial Design: Sobol",
    "3": "Initial Design: Sobol",
    "4": "Initial Design: Sobol",
    "5": "Initial Design: Sobol",
    "6": "Initial Design: Sobol",
    "7": "Initial Design: Sobol",
    "8": "Initial Design: Sobol",
    "9": "Initial Design: Sobol",
    "10": "Initial Design: Sobol",
    "11": "Initial Design: Sobol",
    "12": "Initial Design: Sobol",
    "13": "Initial Design: Sobol",
    "14": "Initial Design: Sobol",
    "15": "Initial Design: Sobol",
    "16": "Initial Design: Sobol",
    "17": "Initial Design: Sobol",
    "18": "Initial Design: Sobol",
    "19": "Initial Design: Sobol",
    "20": "Initial Design: Sobol"
  }
}