{
  "DE_params": {
    "mutation_factor": 0.5,
    "crossover_prob": 0.5,
    "strategy": "rand1_bin",
    "configspace": true,
    "boundary_fix_type": "random",
    "max_age": Infinity,
    "dimensions": 19,
    "output_path": "../results/tmp/DEHB_tmp/dehb_20251208-045012_f9d2",
    "async_strategy": "immediate"
  },
  "HB_params": {
    "min_fidelity": 1,
    "max_fidelity": 10,
    "min_clip": null,
    "max_clip": null,
    "eta": 3
  },
  "internals": {
    "initial_configs": [
      {
        "config_id": 0,
        "config": [
          0.9221991701244814,
          0.3465982028241335,
          0.0,
          0.7555555555555555,
          0.6666666666666666,
          0.8571428571428571,
          0.2727272727272727,
          0.9629164047768699,
          0.3921875,
          0.45164075993091535,
          0.8333333333333334,
          0.6471289489370157,
          0.14285714285714285,
          0.5,
          0.0,
          0.5714285714285714,
          0.0,
          0.0,
          0.25
        ],
        "results": {
          "1.1111111111111112": {
            "score": Infinity,
            "cost": -1,
            "info": {}
          }
        }
      },
      {
        "config_id": 1,
        "config": [
          0.475103734439834,
          0.0525328330206379,
          0.42857142857142855,
          0.5555555555555556,
          0.0,
          0.7142857142857143,
          0.29545454545454547,
          0.2482715273412948,
          0.759375,
          0.34283246977547494,
          0.3333333333333333,
          0.44506258692628653,
          0.6825396825396826,
          0.0,
          0.75,
          0.42857142857142855,
          0.0,
          0.8333333333333334,
          0.25
        ],
        "results": {
          "1.1111111111111112": {
            "score": Infinity,
            "cost": -1,
            "info": {}
          }
        }
      },
      {
        "config_id": 2,
        "config": [
          0.10995850622406639,
          0.6302952503209243,
          0.7142857142857143,
          0.5333333333333333,
          0.5,
          0.8571428571428571,
          0.3409090909090909,
          0.5707102451288498,
          0.628125,
          0.013816925734024179,
          0.8333333333333334,
          0.7883965825551361,
          0.6507936507936508,
          0.5,
          0.75,
          0.0,
          0.0,
          0.16666666666666666,
          0.25
        ],
        "results": {
          "1.1111111111111112": {
            "score": Infinity,
            "cost": -1,
            "info": {}
          }
        }
      },
      {
        "config_id": 3,
        "config": [
          0.08195020746887967,
          0.8030018761726079,
          0.8571428571428571,
          0.24444444444444444,
          0.16666666666666666,
          0.42857142857142855,
          0.18181818181818182,
          0.3651791326209931,
          0.0890625,
          0.39896373056994816,
          0.6666666666666666,
          0.7164712894893701,
          0.03968253968253968,
          0.5,
          0.25,
          0.8571428571428571,
          0.0,
          0.6666666666666666,
          0.0
        ],
        "results": {
          "1.1111111111111112": {
            "score": Infinity,
            "cost": -1,
            "info": {}
          }
        }
      },
      {
        "config_id": 4,
        "config": [
          0.9429460580912863,
          0.2459761034857312,
          0.42857142857142855,
          0.6888888888888889,
          0.3333333333333333,
          0.5714285714285714,
          0.29545454545454547,
          0.16781898177247015,
          0.3828125,
          0.24006908462867013,
          0.3333333333333333,
          0.4871845817603815,
          0.3888888888888889,
          0.5,
          0.25,
          0.8571428571428571,
          0.5,
          0.6666666666666666,
          0.25
        ],
        "results": {
          "1.1111111111111112": {
            "score": Infinity,
            "cost": -1,
            "info": {}
          }
        }
      },
      {
        "config_id": 5,
        "config": [
          0.6794605809128631,
          0.4501826799644515,
          0.14285714285714285,
          0.2222222222222222,
          0.5,
          0.8571428571428571,
          0.6136363636363636,
          0.4336895034569453,
          0.0765625,
          0.3013816925734024,
          0.8333333333333334,
          0.0214583747268031,
          0.6111111111111112,
          0.5,
          0.75,
          0.7142857142857143,
          0.5,
          0.6666666666666666,
          0.75
        ],
        "results": {
          "1.1111111111111112": {
            "score": Infinity,
            "cost": -1,
            "info": {}
          }
        }
      },
      {
        "config_id": 6,
        "config": [
          0.7935684647302904,
          0.03762219808432902,
          0.0,
          0.1111111111111111,
          0.16666666666666666,
          0.5714285714285714,
          0.2727272727272727,
          0.4732872407291012,
          0.465625,
          0.7124352331606217,
          0.3333333333333333,
          0.7130935823564475,
          0.03968253968253968,
          0.5,
          0.0,
          0.14285714285714285,
          0.5,
          0.5,
          0.0
        ],
        "results": {
          "1.1111111111111112": {
            "score": Infinity,
            "cost": -1,
            "info": {}
          }
        }
      },
      {
        "config_id": 7,
        "config": [
          0.2925311203319502,
          0.22286955663078897,
          0.5714285714285714,
          0.9555555555555556,
          0.6666666666666666,
          0.2857142857142857,
          0.18181818181818182,
          0.9949717159019484,
          0.4734375,
          0.4749568221070812,
          0.16666666666666666,
          0.8591297436916352,
          0.9603174603174603,
          0.0,
          0.0,
          0.2857142857142857,
          0.0,
          0.0,
          0.25
        ],
        "results": {
          "1.1111111111111112": {
            "score": Infinity,
            "cost": -1,
            "info": {}
          }
        }
      },
      {
        "config_id": 8,
        "config": [
          0.7904564315352697,
          0.5409301866298015,
          0.7142857142857143,
          0.6222222222222222,
          0.0,
          0.8571428571428571,
          0.8181818181818182,
          0.6756756756756757,
          0.2578125,
          0.15025906735751296,
          0.8333333333333334,
          0.8633022054440691,
          0.9444444444444444,
          0.0,
          0.0,
          0.7142857142857143,
          0.0,
          0.8333333333333334,
          0.75
        ],
        "results": {
          "1.1111111111111112": {
            "score": Infinity,
            "cost": -1,
            "info": {}
          }
        }
      },
      {
        "config_id": 9,
        "config": [
          0.9325726141078838,
          0.7669596129159673,
          0.14285714285714285,
          0.8222222222222222,
          0.0,
          0.42857142857142855,
          0.7727272727272727,
          0.650534255185418,
          0.4375,
          0.41364421416234887,
          0.16666666666666666,
          0.5235446056030201,
          0.5793650793650794,
          0.5,
          0.75,
          0.0,
          0.5,
          0.8333333333333334,
          0.0
        ],
        "results": {
          "3.333333333333333": {
            "score": Infinity,
            "cost": -1,
            "info": {}
          }
        }
      },
      {
        "config_id": 10,