{
  "DE_params": {
    "mutation_factor": 0.5,
    "crossover_prob": 0.5,
    "strategy": "rand1_bin",
    "configspace": true,
    "boundary_fix_type": "random",
    "max_age": Infinity,
    "dimensions": 64,
    "output_path": "../results/tmp/DEHB_tmp/dehb_20251208-045812_13e5",
    "async_strategy": "immediate"
  },
  "HB_params": {
    "min_fidelity": 1,
    "max_fidelity": 10,
    "min_clip": null,
    "max_clip": null,
    "eta": 3
  },
  "internals": {
    "initial_configs": [
      {
        "config_id": 0,
        "config": [
          0.10185185185185185,
          0.16901408450704225,
          0.7142857142857143,
          0.0625,
          0.875,
          0.8333333333333334,
          0.25925925925925924,
          0.14285714285714285,
          0.0,
          0.0,
          0.0,
          0.5,
          0.0,
          0.0,
          0.5,
          0.0,
          0.5,
          0.5,
          0.0,
          0.5,
          0.0,
          0.5,
          0.0,
          0.0,
          0.0,
          0.5,
          0.0,
          0.0,
          0.0,
          0.0,
          0.5,
          0.0,
          0.0,
          0.0,
          0.0,
          0.0,
          0.5,
          0.5,
          0.0,
          0.5,
          0.5,
          0.0,
          0.0,
          0.0,
          0.5,
          0.0,
          0.0,
          0.0,
          0.0,
          0.0,
          0.0,
          0.0,
          0.5,
          0.0,
          0.0,
          0.0,
          0.5,
          0.5,
          0.0,
          0.0,
          0.5,
          0.0,
          0.5,
          0.0
        ],
        "results": {
          "1.1111111111111112": {
            "score": Infinity,
            "cost": -1,
            "info": {}
          }
        }
      },
      {
        "config_id": 1,
        "config": [
          0.5462962962962963,
          0.2112676056338028,
          0.5714285714285714,
          0.25,
          0.5833333333333334,
          0.9444444444444444,
          0.18518518518518517,
          0.0,
          0.5,
          0.0,
          0.0,
          0.5,
          0.0,
          0.5,
          0.0,
          0.0,
          0.0,
          0.0,
          0.0,
          0.5,
          0.0,
          0.5,
          0.5,
          0.5,
          0.5,
          0.5,
          0.5,
          0.0,
          0.5,
          0.0,
          0.0,
          0.0,
          0.5,
          0.5,
          0.5,
          0.0,
          0.5,
          0.5,
          0.5,
          0.0,
          0.0,
          0.5,
          0.0,
          0.5,
          0.0,
          0.0,
          0.0,
          0.0,
          0.0,
          0.0,
          0.5,
          0.5,
          0.5,
          0.5,
          0.0,
          0.0,
          0.5,
          0.5,
          0.0,
          0.5,
          0.0,
          0.5,
          0.0,
          0.5
        ],
        "results": {
          "1.1111111111111112": {
            "score": Infinity,
            "cost": -1,
            "info": {}
          }
        }
      },
      {
        "config_id": 2,
        "config": [
          0.14814814814814814,
          0.352112676056338,
          0.0,
          0.5,
          0.5833333333333334,
          0.8888888888888888,
          0.9259259259259259,
          0.14285714285714285,
          0.5,
          0.0,
          0.0,
          0.5,
          0.0,
          0.0,
          0.0,
          0.5,
          0.5,
          0.0,
          0.0,
          0.0,
          0.0,
          0.5,
          0.5,
          0.0,
          0.0,
          0.0,
          0.0,
          0.5,
          0.0,
          0.0,
          0.5,
          0.0,
          0.5,
          0.0,
          0.5,
          0.0,
          0.0,
          0.0,
          0.0,
          0.0,
          0.5,
          0.0,
          0.0,
          0.0,
          0.0,
          0.0,
          0.0,
          0.0,
          0.0,
          0.5,
          0.0,
          0.0,
          0.5,
          0.0,
          0.0,
          0.5,
          0.0,
          0.0,
          0.5,
          0.5,
          0.5,
          0.5,
          0.5,
          0.0
        ],
        "results": {
          "1.1111111111111112": {
            "score": Infinity,
            "cost": -1,
            "info": {}
          }
        }
      },
      {
        "config_id": 3,
        "config": [
          0.8981481481481481,
          0.43661971830985913,
          0.5714285714285714,
          0.4375,
          0.75,
          0.9444444444444444,
          0.2962962962962963,
          0.7142857142857143,
          0.5,
          0.0,
          0.0,
          0.0,
          0.5,
          0.5,
          0.5,
          0.0,
          0.0,
          0.5,
          0.0,
          0.0,
          0.5,
          0.5,
          0.5,
          0.0,
          0.0,
          0.0,
          0.0,
          0.5,
          0.0,
          0.5,
          0.5,
          0.0,
          0.0,
          0.0,
          0.0,
          0.0,
          0.5,
          0.0,
          0.0,
          0.0,
          0.0,
          0.0,
          0.0,
          0.0,
          0.0,
          0.5,
          0.0,
          0.0,
          0.5,
          0.5,
          0.0,
          0.0,
          0.0,
          0.5,
          0.0,
          0.5,
          0.0,
          0.5,
          0.5,
          0.5,
          0.5,
          0.0,
          0.0,
          0.0
        ],
        "results": {
          "1.1111111111111112": {
            "score": Infinity,
            "cost": -1,
            "info": {}
          }
        }
      },
      {
        "config_id": 4,
        "config": [
          0.9907407407407407,
          0.09859154929577464,
          0.2857142857142857,
          0.8125,
          0.9583333333333334,
          0.9444444444444444,
          0.5185185185185185,
          0.2857142857142857,
          0.5,
          0.0,
          0.0,
          0.0,
          0.5,
          0.5,
          0.0,
          0.5,
          0.5,
          0.5,
          0.0,
          0.5,
          0.5,
          0.5,
          0.0,
          0.5,
          0.5,
          0.5,
          0.5,
          0.5,
          0.0,
          0.0,
          0.0,
          0.0,
          0.0,
          0.0,
          0.0,
          0.0,
          0.0,
          0.0,
          0.5,
          0.5,
          0.5,
          0.0,
          0.5,
          0.5,
          0.0,
          0.0,
          0.0,
          0.0,
          0.0,
          0.0,
          0.0,
          0.0,
          0.0,
          0.5,
          0.0,
          0.5,
          0.0,
          0.0,
          0.0,
          0.0,
          0.0,
          0.0,
          0.0,
          0.0
        ],
        "results": {
          "1.1111111111111112": {
            "score": Infinity,
            "cost": -1,
            "info": {}
          }
        }
      },
      {
        "config_id": 5,