{
  "incumbent_ids": [
    8
  ],
  "rejected_config_ids": [
    1,
    2,
    4,
    5,
    6,
    7,
    3,
    9,
    10,
    11,
    12,
    13,
    14,
    15,
    16,
    17,
    18,
    19,
    20,
    21,
    22,
    23,
    24,
    25,
    26,
    27,
    28,
    29,
    30,
    31,
    32,
    33,
    34,
    35,
    36,
    37,
    38,
    39,
    40,
    41,
    42,
    43,
    44,
    45,
    46,
    47,
    48,
    49,
    50
  ],
  "incumbents_changed": 4,
  "trajectory": [
    {
      "config_ids": [
        1
      ],
      "costs": [
        0.20404716027707337
      ],
      "trial": 1,
      "walltime": 0.013820171356201172
    },
    {
      "config_ids": [
        2
      ],
      "costs": [
        0.17182052708971263
      ],
      "trial": 2,
      "walltime": 0.02537989616394043
    },
    {
      "config_ids": [
        3
      ],
      "costs": [
        0.15561221958509353
      ],
      "trial": 3,
      "walltime": 0.037630319595336914
    },
    {
      "config_ids": [
        8
      ],
      "costs": [
        0.11766030074889966
      ],
      "trial": 8,
      "walltime": 7.013049602508545
    }
  ],
  "state": {
    "queue": [
      [
        50,
        1
      ]
    ]
  }
}