{
  "incumbent_ids": [
    10
  ],
  "rejected_config_ids": [
    2,
    3,
    4,
    5,
    6,
    7,
    8,
    9,
    1,
    11,
    12,
    13,
    14,
    15,
    16,
    17,
    18,
    19,
    20,
    21,
    22,
    23,
    24
  ],
  "incumbents_changed": 2,
  "trajectory": [
    {
      "config_ids": [
        1
      ],
      "costs": [
        0.16434847490552174
      ],
      "trial": 1,
      "walltime": 0.009152412414550781
    },
    {
      "config_ids": [
        10
      ],
      "costs": [
        0.13478256313035208
      ],
      "trial": 10,
      "walltime": 2.100159168243408
    }
  ],
  "state": {
    "queue": [
      [
        24,
        1
      ]
    ]
  }
}