{
  "stats": {
    "submitted": 20,
    "finished": 20,
    "running": 0
  },
  "data": [
    [
      1,
      null,
      327741615,
      null,
      0.41836549218694885,
      3.431424140930176,
      1,
      1763065114.0350952,
      1763065117.5302153,
      {}
    ],
    [
      2,
      null,
      327741615,
      null,
      0.36578976194300483,
      3.3971824645996094,
      1,
      1763065117.549728,
      1763065121.0217702,
      {}
    ],
    [
      3,
      null,
      327741615,
      null,
      0.4641792946292653,
      4.03907036781311,
      1,
      1763065121.0269554,
      1763065125.1502023,
      {}
    ],
    [
      4,
      null,
      327741615,
      null,
      0.6033787597547174,
      3.3618106842041016,
      1,
      1763065125.1531525,
      1763065128.5792198,
      {}
    ],
    [
      5,
      null,
      327741615,
      null,
      0.5066502477813356,
      4.171574592590332,
      1,
      1763065128.5823386,
      1763065132.8265154,
      {}
    ],
    [
      6,
      null,
      327741615,
      null,
      0.36407033702742453,
      3.5288314819335938,
      1,
      1763065132.830674,
      1763065136.4555373,
      {}
    ],
    [
      7,
      null,
      327741615,
      null,
      0.5573683013470789,
      3.3566904067993164,
      1,
      1763065136.45909,
      1763065139.8831165,
      {}
    ],
    [
      8,
      null,
      327741615,
      null,
      0.39708944674675006,
      3.3630266189575195,
      1,
      1763065139.8865957,
      1763065143.3142474,
      {}
    ],
    [
      9,
      null,
      327741615,
      null,
      0.5616829790229906,
      3.7704601287841797,
      1,
      1763065143.3177493,
      1763065147.1554084,
      {}
    ],
    [
      10,
      null,
      327741615,
      null,
      0.41265062264665,
      3.668386697769165,
      1,
      1763065147.159221,
      1763065150.894688,
      {}
    ],
    [
      11,
      null,
      327741615,
      null,
      0.428978843764538,
      3.8576345443725586,
      1,
      1763065150.898444,
      1763065154.85467,
      {}
    ],
    [
      12,
      null,
      327741615,
      null,
      0.5466632085217819,
      3.2967047691345215,
      1,
      1763065154.8594534,
      1763065158.265381,
      {}
    ],
    [
      13,
      null,
      327741615,
      null,
      0.48099535918964587,
      3.3850908279418945,
      1,
      1763065158.2688,
      1763065161.7662413,
      {}
    ],
    [
      14,
      null,
      327741615,
      null,
      0.41734782348119237,
      3.275228500366211,
      1,
      1763065161.769971,
      1763065165.1226285,
      {}
    ],
    [
      15,
      null,
      327741615,
      null,
      0.6506879942420088,
      3.289623498916626,
      1,
      1763065165.126377,
      1763065168.4815867,
      {}
    ],
    [
      16,
      null,
      327741615,
      null,
      0.47248643466660134,
      3.627779722213745,
      1,
      1763065168.4854605,
      1763065172.1803522,
      {}
    ],
    [
      17,
      null,
      327741615,
      null,
      0.5800109785391293,
      3.2620697021484375,
      1,
      1763065172.1841228,
      1763065175.5141778,
      {}
    ],
    [
      18,
      null,
      327741615,
      null,
      0.389690908824467,
      3.48222279548645,
      1,
      1763065175.518102,
      1763065179.0634236,
      {}
    ],
    [
      19,
      null,
      327741615,
      null,
      0.5006651068515396,
      3.338317394256592,
      1,
      1763065179.06745,
      1763065182.803176,
      {}
    ],
    [
      20,
      null,
      327741615,
      null,
      0.6091154989122193,
      3.365327835083008,
      1,
      1763065182.8070023,
      1763065186.234945,
      {}
    ]
  ],
  "configs": {
    "1": {
      "row_id": "14667"
    },
    "2": {
      "row_id": "9545"
    },
    "3": {
      "row_id": "489"
    },
    "4": {
      "row_id": "15610"
    },
    "5": {
      "row_id": "18171"
    },
    "6": {
      "row_id": "3206"
    },
    "7": {
      "row_id": "6671"
    },
    "8": {
      "row_id": "11638"
    },
    "9": {
      "row_id": "11199"
    },
    "10": {
      "row_id": "6155"
    },
    "11": {
      "row_id": "3956"
    },
    "12": {
      "row_id": "19000"
    },
    "13": {
      "row_id": "17225"
    },
    "14": {
      "row_id": "2338"
    },
    "15": {
      "row_id": "7617"
    },
    "16": {
      "row_id": "12505"
    },
    "17": {
      "row_id": "13359"
    },
    "18": {
      "row_id": "8392"
    },
    "19": {
      "row_id": "1797"
    },
    "20": {
      "row_id": "16762"
    }
  },
  "config_origins": {
    "1": "Initial Design: Sobol",
    "2": "Initial Design: Sobol",
    "3": "Initial Design: Sobol",
    "4": "Initial Design: Sobol",
    "5": "Initial Design: Sobol",
    "6": "Initial Design: Sobol",
    "7": "Initial Design: Sobol",
    "8": "Initial Design: Sobol",
    "9": "Initial Design: Sobol",
    "10": "Initial Design: Sobol",
    "11": "Initial Design: Sobol",
    "12": "Initial Design: Sobol",
    "13": "Initial Design: Sobol",
    "14": "Initial Design: Sobol",
    "15": "Initial Design: Sobol",
    "16": "Initial Design: Sobol",
    "17": "Initial Design: Sobol",
    "18": "Initial Design: Sobol",
    "19": "Initial Design: Sobol",
    "20": "Initial Design: Sobol"
  }
}