{
  "stats": {
    "submitted": 18,
    "finished": 18,
    "running": 0
  },
  "data": [
    [
      1,
      null,
      774252441,
      null,
      0.06656014043708924,
      0.001439809799194336,
      1,
      1763363370.5406685,
      1763363370.5436735,
      {}
    ],
    [
      2,
      null,
      774252441,
      null,
      0.30741903217686706,
      0.0006694793701171875,
      1,
      1763363370.5520446,
      1763363370.5541182,
      {}
    ],
    [
      3,
      null,
      774252441,
      null,
      0.29402525847045125,
      0.0006511211395263672,
      1,
      1763363370.5584936,
      1763363370.5606463,
      {}
    ],
    [
      4,
      null,
      774252441,
      null,
      0.5289941904589117,
      0.0025832653045654297,
      1,
      1763363371.9971051,
      1763363372.001277,
      {}
    ],
    [
      5,
      null,
      774252441,
      null,
      0.3044291695176491,
      0.0008132457733154297,
      1,
      1763363372.0060618,
      1763363372.0083742,
      {}
    ],
    [
      6,
      null,
      774252441,
      null,
      0.094455168677133,
      0.0007023811340332031,
      1,
      1763363372.013128,
      1763363372.0153494,
      {}
    ],
    [
      7,
      null,
      774252441,
      null,
      0.2941442849836806,
      0.0005998611450195312,
      1,
      1763363372.0203304,
      1763363372.0223937,
      {}
    ],
    [
      8,
      null,
      774252441,
      null,
      0.3036259391183034,
      0.0006833076477050781,
      1,
      1763363372.0282643,
      1763363372.0304065,
      {}
    ],
    [
      9,
      null,
      774252441,
      null,
      0.15505267262222977,
      0.0004589557647705078,
      1,
      1763363372.0359952,
      1763363372.0379057,
      {}
    ],
    [
      10,
      null,
      774252441,
      null,
      0.44291990025861816,
      0.0011904239654541016,
      1,
      1763363373.5977757,
      1763363373.6013556,
      {}
    ],
    [
      11,
      null,
      774252441,
      null,
      0.24354088636434912,
      0.0007700920104980469,
      1,
      1763363373.6082463,
      1763363373.6105008,
      {}
    ],
    [
      12,
      null,
      774252441,
      null,
      0.012140991920528088,
      0.0005998611450195312,
      1,
      1763363373.6168668,
      1763363373.6188986,
      {}
    ],
    [
      13,
      null,
      774252441,
      null,
      0.39577850002284765,
      0.0012590885162353516,
      1,
      1763363373.627726,
      1763363373.6318345,
      {}
    ],
    [
      14,
      null,
      774252441,
      null,
      0.4460508345519085,
      0.0008058547973632812,
      1,
      1763363373.6442416,
      1763363373.646932,
      {}
    ],
    [
      15,
      null,
      774252441,
      null,
      0.06656014043708924,
      0.0004279613494873047,
      1,
      1763363373.6541362,
      1763363373.656067,
      {}
    ],
    [
      16,
      null,
      774252441,
      null,
      0.0015118562145036707,
      0.0010349750518798828,
      1,
      1763363373.6673462,
      1763363373.6699648,
      {}
    ],
    [
      17,
      null,
      774252441,
      null,
      0.23977085340282167,
      0.0006477832794189453,
      1,
      1763363373.6779363,
      1763363373.6801522,
      {}
    ],
    [
      18,
      null,
      774252441,
      null,
      0.28746011905592983,
      0.001434326171875,
      1,
      1763363373.7017958,
      1763363373.70523,
      {}
    ]
  ],
  "configs": {
    "1": {
      "data_alignFieldPointers": 1,
      "explorationId": 2,
      "no_explorationId": 1,
      "opt_unroll": 1,
      "opt_unroll_interleave": 1,
      "opt_useAddressPrecalc": 1,
      "opt_vectorize": 0,
      "poly_tileSize_x": 0,
      "poly_tileSize_y": 0,
      "poly_tileSize_z": 32,
      "simd_avoidUnaligned": 1
    },
    "2": {
      "data_alignFieldPointers": 0,
      "explorationId": 0,
      "no_explorationId": 0,
      "opt_unroll": 3,
      "opt_unroll_interleave": 0,
      "opt_useAddressPrecalc": 0,
      "opt_vectorize": 0,
      "poly_tileSize_x": 128,
      "poly_tileSize_y": 20,
      "poly_tileSize_z": 16,
      "simd_avoidUnaligned": 1
    },
    "3": {
      "data_alignFieldPointers": 0,
      "explorationId": 4,
      "no_explorationId": 1,
      "opt_unroll": 1,
      "opt_unroll_interleave": 1,
      "opt_useAddressPrecalc": 0,
      "opt_vectorize": 0,
      "poly_tileSize_x": 64,
      "poly_tileSize_y": 32,
      "poly_tileSize_z": 16,
      "simd_avoidUnaligned": 1
    },
    "4": {
      "data_alignFieldPointers": 1,
      "explorationId": 4,
      "no_explorationId": 0,
      "opt_unroll": 1,
      "opt_unroll_interleave": 0,
      "opt_useAddressPrecalc": 0,
      "opt_vectorize": 1,
      "poly_tileSize_x": 20,
      "poly_tileSize_y": 32,
      "poly_tileSize_z": 64,
      "simd_avoidUnaligned": 0
    },
    "5": {
      "data_alignFieldPointers": 0,
      "explorationId": 4,
      "no_explorationId": 1,
      "opt_unroll": 3,
      "opt_unroll_interleave": 1,
      "opt_useAddressPrecalc": 1,
      "opt_vectorize": 1,
      "poly_tileSize_x": 10,
      "poly_tileSize_y": 0,
      "poly_tileSize_z": 20,
      "simd_avoidUnaligned": 0
    },
    "6": {
      "data_alignFieldPointers": 1,
      "explorationId": 2,
      "no_explorationId": 1,
      "opt_unroll": 2,
      "opt_unroll_interleave": 0,
      "opt_useAddressPrecalc": 1,
      "opt_vectorize": 1,
      "poly_tileSize_x": 0,
      "poly_tileSize_y": 0,
      "poly_tileSize_z": 10,
      "simd_avoidUnaligned": 0
    },
    "7": {
      "data_alignFieldPointers": 1,
      "explorationId": 4,
      "no_explorationId": 0,
      "opt_unroll": 3,
      "opt_unroll_interleave": 0,
      "opt_useAddressPrecalc": 1,
      "opt_vectorize": 0,
      "poly_tileSize_x": 128,
      "poly_tileSize_y": 128,
      "poly_tileSize_z": 64,
      "simd_avoidUnaligned": 0
    },
    "8": {
      "data_alignFieldPointers": 1,
      "explorationId": 2,
      "no_explorationId": 1,
      "opt_unroll": 2,
      "opt_unroll_interleave": 1,
      "opt_useAddressPrecalc": 0,
      "opt_vectorize": 0,
      "poly_tileSize_x": 32,
      "poly_tileSize_y": 128,
      "poly_tileSize_z": 20,
      "simd_avoidUnaligned": 0
    },
    "9": {
      "data_alignFieldPointers": 0,
      "explorationId": 3,
      "no_explorationId": 0,
      "opt_unroll": 1,
      "opt_unroll_interleave": 0,
      "opt_useAddressPrecalc": 0,
      "opt_vectorize": 0,
      "poly_tileSize_x": 16,
      "poly_tileSize_y": 20,
      "poly_tileSize_z": 64,
      "simd_avoidUnaligned": 0
    },
    "10": {
      "data_alignFieldPointers": 1,
      "explorationId": 1,
      "no_explorationId": 0,
      "opt_unroll": 1,
      "opt_unroll_interleave": 1,
      "opt_useAddressPrecalc": 1,
      "opt_vectorize": 0,
      "poly_tileSize_x": 0,
      "poly_tileSize_y": 10,
      "poly_tileSize_z": 10,
      "simd_avoidUnaligned": 1
    },
    "11": {
      "data_alignFieldPointers": 0,
      "explorationId": 4,
      "no_explorationId": 0,
      "opt_unroll": 1,
      "opt_unroll_interleave": 1,
      "opt_useAddressPrecalc": 1,
      "opt_vectorize": 0,
      "poly_tileSize_x": 0,
      "poly_tileSize_y": 0,
      "poly_tileSize_z": 10,
      "simd_avoidUnaligned": 1
    },
    "12": {
      "data_alignFieldPointers": 0,
      "explorationId": 3,
      "no_explorationId": 1,
      "opt_unroll": 1,
      "opt_unroll_interleave": 1,
      "opt_useAddressPrecalc": 1,
      "opt_vectorize": 0,
      "poly_tileSize_x": 0,
      "poly_tileSize_y": 0,
      "poly_tileSize_z": 32,
      "simd_avoidUnaligned": 1
    },
    "13": {
      "data_alignFieldPointers": 0,
      "explorationId": 4,
      "no_explorationId": 1,
      "opt_unroll": 3,
      "opt_unroll_interleave": 1,
      "opt_useAddressPrecalc": 0,
      "opt_vectorize": 1,
      "poly_tileSize_x": 128,
      "poly_tileSize_y": 20,
      "poly_tileSize_z": 20,
      "simd_avoidUnaligned": 1
    },