{
  "stats": {
    "submitted": 18,
    "finished": 18,
    "running": 0
  },
  "data": [
    [
      1,
      null,
      1192722770,
      null,
      0.34879607769193854,
      0.0019137859344482422,
      1,
      1763363371.4617789,
      1763363371.4653614,
      {}
    ],
    [
      2,
      null,
      1192722770,
      null,
      0.6134243286142962,
      0.0011501312255859375,
      1,
      1763363372.435013,
      1763363372.437841,
      {}
    ],
    [
      3,
      null,
      1192722770,
      null,
      0.08544451751186011,
      0.0008819103240966797,
      1,
      1763363372.4418721,
      1763363372.4603918,
      {}
    ],
    [
      4,
      null,
      1192722770,
      null,
      0.04030435505021435,
      0.0007741451263427734,
      1,
      1763363372.465418,
      1763363372.4677112,
      {}
    ],
    [
      5,
      null,
      1192722770,
      null,
      0.03012365629973157,
      0.0017161369323730469,
      1,
      1763363372.8651183,
      1763363372.8685198,
      {}
    ],
    [
      6,
      null,
      1192722770,
      null,
      0.0056291671223424045,
      0.0005702972412109375,
      1,
      1763363372.8737915,
      1763363372.875739,
      {}
    ],
    [
      7,
      null,
      1192722770,
      null,
      0.04319176585815099,
      0.0005693435668945312,
      1,
      1763363372.8811157,
      1763363372.8831153,
      {}
    ],
    [
      8,
      null,
      1192722770,
      null,
      0.3744885362178286,
      0.0007603168487548828,
      1,
      1763363372.888051,
      1763363372.8902628,
      {}
    ],
    [
      9,
      null,
      1192722770,
      null,
      0.5264153716194083,
      0.0008828639984130859,
      1,
      1763363372.8963091,
      1763363372.8986096,
      {}
    ],
    [
      10,
      null,
      1192722770,
      null,
      0.03068700304183547,
      0.0009467601776123047,
      1,
      1763363373.7931974,
      1763363373.7956984,
      {}
    ],
    [
      11,
      null,
      1192722770,
      null,
      0.653440360032101,
      0.0008413791656494141,
      1,
      1763363373.8023868,
      1763363373.80466,
      {}
    ],
    [
      12,
      null,
      1192722770,
      null,
      0.3425153582301004,
      0.0007534027099609375,
      1,
      1763363373.8119357,
      1763363373.8141,
      {}
    ],
    [
      13,
      null,
      1192722770,
      null,
      0.3435356210384528,
      0.0008389949798583984,
      1,
      1763363373.8207736,
      1763363373.8229945,
      {}
    ],
    [
      14,
      null,
      1192722770,
      null,
      0.041297299739293636,
      0.0014662742614746094,
      1,
      1763363373.8309603,
      1763363373.83391,
      {}
    ],
    [
      15,
      null,
      1192722770,
      null,
      0.03068700304183547,
      0.0003924369812011719,
      1,
      1763363373.8426158,
      1763363373.844483,
      {}
    ],
    [
      16,
      null,
      1192722770,
      null,
      0.09491766485503117,
      0.0008063316345214844,
      1,
      1763363373.852054,
      1763363373.8542802,
      {}
    ],
    [
      17,
      null,
      1192722770,
      null,
      0.0056291671223424045,
      0.0003199577331542969,
      1,
      1763363373.862626,
      1763363373.8656292,
      {}
    ],
    [
      18,
      null,
      1192722770,
      null,
      0.4715120613420276,
      0.0019290447235107422,
      1,
      1763363374.8491228,
      1763363374.852676,
      {}
    ]
  ],
  "configs": {
    "1": {
      "data_alignFieldPointers": 1,
      "explorationId": 4,
      "no_explorationId": 0,
      "opt_unroll": 2,
      "opt_unroll_interleave": 1,
      "opt_useAddressPrecalc": 0,
      "opt_vectorize": 1,
      "poly_tileSize_x": 16,
      "poly_tileSize_y": 32,
      "poly_tileSize_z": 0,
      "simd_avoidUnaligned": 0
    },
    "2": {
      "data_alignFieldPointers": 0,
      "explorationId": 2,
      "no_explorationId": 0,
      "opt_unroll": 3,
      "opt_unroll_interleave": 0,
      "opt_useAddressPrecalc": 0,
      "opt_vectorize": 1,
      "poly_tileSize_x": 10,
      "poly_tileSize_y": 20,
      "poly_tileSize_z": 64,
      "simd_avoidUnaligned": 1
    },
    "3": {
      "data_alignFieldPointers": 0,
      "explorationId": 1,
      "no_explorationId": 1,
      "opt_unroll": 2,
      "opt_unroll_interleave": 1,
      "opt_useAddressPrecalc": 0,
      "opt_vectorize": 1,
      "poly_tileSize_x": 64,
      "poly_tileSize_y": 16,
      "poly_tileSize_z": 32,
      "simd_avoidUnaligned": 0
    },
    "4": {
      "data_alignFieldPointers": 0,
      "explorationId": 2,
      "no_explorationId": 1,
      "opt_unroll": 3,
      "opt_unroll_interleave": 1,
      "opt_useAddressPrecalc": 1,
      "opt_vectorize": 1,
      "poly_tileSize_x": 64,
      "poly_tileSize_y": 32,
      "poly_tileSize_z": 20,
      "simd_avoidUnaligned": 0
    },
    "5": {
      "data_alignFieldPointers": 1,
      "explorationId": 2,
      "no_explorationId": 1,
      "opt_unroll": 1,
      "opt_unroll_interleave": 1,
      "opt_useAddressPrecalc": 1,
      "opt_vectorize": 1,
      "poly_tileSize_x": 20,
      "poly_tileSize_y": 10,
      "poly_tileSize_z": 32,
      "simd_avoidUnaligned": 0
    },
    "6": {
      "data_alignFieldPointers": 0,
      "explorationId": 0,
      "no_explorationId": 1,
      "opt_unroll": 4,
      "opt_unroll_interleave": 0,
      "opt_useAddressPrecalc": 0,
      "opt_vectorize": 1,
      "poly_tileSize_x": 8,
      "poly_tileSize_y": 128,
      "poly_tileSize_z": 16,
      "simd_avoidUnaligned": 0
    },
    "7": {
      "data_alignFieldPointers": 1,
      "explorationId": 3,
      "no_explorationId": 1,
      "opt_unroll": 1,
      "opt_unroll_interleave": 0,
      "opt_useAddressPrecalc": 0,
      "opt_vectorize": 0,
      "poly_tileSize_x": 32,
      "poly_tileSize_y": 10,
      "poly_tileSize_z": 32,
      "simd_avoidUnaligned": 0
    },
    "8": {
      "data_alignFieldPointers": 1,
      "explorationId": 4,
      "no_explorationId": 0,
      "opt_unroll": 2,
      "opt_unroll_interleave": 1,
      "opt_useAddressPrecalc": 0,
      "opt_vectorize": 1,
      "poly_tileSize_x": 8,
      "poly_tileSize_y": 32,
      "poly_tileSize_z": 10,
      "simd_avoidUnaligned": 0
    },
    "9": {
      "data_alignFieldPointers": 1,
      "explorationId": 2,
      "no_explorationId": 0,
      "opt_unroll": 4,
      "opt_unroll_interleave": 0,
      "opt_useAddressPrecalc": 1,
      "opt_vectorize": 1,
      "poly_tileSize_x": 16,
      "poly_tileSize_y": 10,
      "poly_tileSize_z": 16,
      "simd_avoidUnaligned": 0
    },
    "10": {
      "data_alignFieldPointers": 0,
      "explorationId": 2,
      "no_explorationId": 1,
      "opt_unroll": 4,
      "opt_unroll_interleave": 1,
      "opt_useAddressPrecalc": 0,
      "opt_vectorize": 1,
      "poly_tileSize_x": 20,
      "poly_tileSize_y": 16,
      "poly_tileSize_z": 16,
      "simd_avoidUnaligned": 0
    },
    "11": {
      "data_alignFieldPointers": 1,
      "explorationId": 2,
      "no_explorationId": 1,
      "opt_unroll": 4,
      "opt_unroll_interleave": 0,
      "opt_useAddressPrecalc": 0,
      "opt_vectorize": 1,
      "poly_tileSize_x": 20,
      "poly_tileSize_y": 128,
      "poly_tileSize_z": 16,
      "simd_avoidUnaligned": 0
    },
    "12": {
      "data_alignFieldPointers": 1,
      "explorationId": 1,
      "no_explorationId": 0,
      "opt_unroll": 3,
      "opt_unroll_interleave": 1,
      "opt_useAddressPrecalc": 1,
      "opt_vectorize": 1,
      "poly_tileSize_x": 128,
      "poly_tileSize_y": 0,
      "poly_tileSize_z": 32,
      "simd_avoidUnaligned": 0
    },
    "13": {
      "data_alignFieldPointers": 0,
      "explorationId": 2,
      "no_explorationId": 1,
      "opt_unroll": 4,
      "opt_unroll_interleave": 1,
      "opt_useAddressPrecalc": 0,
      "opt_vectorize": 0,
      "poly_tileSize_x": 20,
      "poly_tileSize_y": 128,
      "poly_tileSize_z": 16,
      "simd_avoidUnaligned": 1
    },