{
  "incumbent_ids": [
    14
  ],
  "rejected_config_ids": [
    1,
    3,
    4,
    2,
    6,
    7,
    8,
    9,
    10,
    11,
    12,
    13,
    5,
    15,
    16,
    17,
    18
  ],
  "incumbents_changed": 4,
  "trajectory": [
    {
      "config_ids": [
        1
      ],
      "costs": [
        0.5025731687426844
      ],
      "trial": 1,
      "walltime": 0.006586313247680664
    },
    {
      "config_ids": [
        2
      ],
      "costs": [
        0.41975203952509
      ],
      "trial": 2,
      "walltime": 1.2159051895141602
    },
    {
      "config_ids": [
        5
      ],
      "costs": [
        0.3658006996054466
      ],
      "trial": 5,
      "walltime": 1.235269546508789
    },
    {
      "config_ids": [
        14
      ],
      "costs": [
        0.35541416484562016
      ],
      "trial": 14,
      "walltime": 2.608980417251587
    }
  ],
  "state": {
    "queue": [
      [
        18,
        1
      ]
    ]
  }
}