{
  "incumbent_ids": [
    19
  ],
  "rejected_config_ids": [
    2,
    1,
    4,
    3,
    6,
    7,
    8,
    9,
    10,
    11,
    12,
    13,
    14,
    15,
    16,
    17,
    18,
    5,
    20,
    21,
    22,
    23,
    24,
    25,
    26,
    27,
    28,
    29,
    30,
    31,
    32,
    33,
    34,
    35,
    36,
    37,
    38,
    39,
    40,
    41,
    42,
    43,
    44,
    45,
    46,
    47,
    48,
    49,
    50
  ],
  "incumbents_changed": 4,
  "trajectory": [
    {
      "config_ids": [
        1
      ],
      "costs": [
        0.2703136130965369
      ],
      "trial": 1,
      "walltime": 0.012659549713134766
    },
    {
      "config_ids": [
        3
      ],
      "costs": [
        0.2221116171566071
      ],
      "trial": 3,
      "walltime": 0.03261733055114746
    },
    {
      "config_ids": [
        5
      ],
      "costs": [
        0.12690407091769007
      ],
      "trial": 5,
      "walltime": 0.05643868446350098
    },
    {
      "config_ids": [
        19
      ],
      "costs": [
        0.07576693455875605
      ],
      "trial": 19,
      "walltime": 12.502042293548584
    }
  ],
  "state": {
    "queue": [
      [
        50,
        1
      ]
    ]
  }
}