{
  "incumbent_ids": [
    3
  ],
  "rejected_config_ids": [
    1,
    2,
    4,
    5
  ],
  "incumbents_changed": 3,
  "trajectory": [
    {
      "config_ids": [
        1
      ],
      "costs": [
        0.3831206028845222
      ],
      "trial": 1,
      "walltime": 3.952018976211548
    },
    {
      "config_ids": [
        2
      ],
      "costs": [
        0.37573414016407347
      ],
      "trial": 2,
      "walltime": 171.8593897819519
    },
    {
      "config_ids": [
        3
      ],
      "costs": [
        0.2812488639424934
      ],
      "trial": 3,
      "walltime": 175.31071138381958
    }
  ],
  "state": {
    "queue": [
      [
        5,
        1
      ]
    ]
  }
}