{
  "DE_params": {
    "mutation_factor": 0.5,
    "crossover_prob": 0.5,
    "strategy": "rand1_bin",
    "configspace": true,
    "boundary_fix_type": "random",
    "max_age": Infinity,
    "dimensions": 19,
    "output_path": "../results/tmp/DEHB_tmp/dehb_20251208-050214_6f10",
    "async_strategy": "immediate"
  },
  "HB_params": {
    "min_fidelity": 1,
    "max_fidelity": 10,
    "min_clip": null,
    "max_clip": null,
    "eta": 3
  },
  "internals": {
    "initial_configs": [
      {
        "config_id": 0,
        "config": [
          0.5,
          0.5,
          0.6666666666666666,
          0.49481754933976996,
          0.5,
          0.0,
          0.5,
          0.6666666666666666,
          0.3333333333333333,
          0.0,
          0.0,
          0.0,
          0.5,
          0.25,
          0.0,
          0.0,
          0.3333333333333333,
          0.3333333333333333,
          0.8904109589041096
        ],
        "results": {
          "1.1111111111111112": {
            "score": Infinity,
            "cost": -1,
            "info": {}
          }
        }
      },
      {
        "config_id": 1,
        "config": [
          0.0,
          0.0,
          0.0,
          0.04557716882010507,
          0.5,
          0.3333333333333333,
          0.0,
          0.3333333333333333,
          0.3333333333333333,
          0.6666666666666666,
          0.3333333333333333,
          0.5,
          0.0,
          0.25,
          0.0,
          0.6666666666666666,
          0.3333333333333333,
          0.6666666666666666,
          0.0684931506849315
        ],
        "results": {
          "1.1111111111111112": {
            "score": Infinity,
            "cost": -1,
            "info": {}
          }
        }
      },
      {
        "config_id": 2,
        "config": [
          0.5,
          0.5,
          0.0,
          0.2483316768422547,
          0.0,
          0.6666666666666666,
          0.5,
          0.0,
          0.3333333333333333,
          0.6666666666666666,
          0.3333333333333333,
          0.0,
          0.0,
          0.75,
          0.5,
          0.6666666666666666,
          0.3333333333333333,
          0.6666666666666666,
          0.821917808219178
        ],
        "results": {
          "1.1111111111111112": {
            "score": Infinity,
            "cost": -1,
            "info": {}
          }
        }
      },
      {
        "config_id": 3,
        "config": [
          0.5,
          0.5,
          0.0,
          0.430640352122675,
          0.5,
          0.6666666666666666,
          0.0,
          0.0,
          0.3333333333333333,
          0.3333333333333333,
          0.0,
          0.0,
          0.5,
          0.5,
          0.0,
          0.0,
          0.0,
          0.6666666666666666,
          0.8493150684931506
        ],
        "results": {
          "1.1111111111111112": {
            "score": Infinity,
            "cost": -1,
            "info": {}
          }
        }
      },
      {
        "config_id": 4,
        "config": [
          0.5,
          0.5,
          0.0,
          0.8581570353542525,
          0.0,
          0.0,
          0.0,
          0.6666666666666666,
          0.6666666666666666,
          0.6666666666666666,
          0.3333333333333333,
          0.0,
          0.5,
          0.25,
          0.5,
          0.3333333333333333,
          0.6666666666666666,
          0.0,
          0.0821917808219178
        ],
        "results": {
          "1.1111111111111112": {
            "score": Infinity,
            "cost": -1,
            "info": {}
          }
        }
      },
      {
        "config_id": 5,
        "config": [
          0.0,
          0.0,
          0.3333333333333333,
          0.8683799517251172,
          0.5,
          0.3333333333333333,
          0.5,
          0.0,
          0.0,
          0.0,
          0.3333333333333333,
          0.0,
          0.5,
          0.5,
          0.0,
          0.3333333333333333,
          0.3333333333333333,
          0.0,
          0.6027397260273972
        ],
        "results": {
          "1.1111111111111112": {
            "score": Infinity,
            "cost": -1,
            "info": {}
          }
        }
      },
      {
        "config_id": 6,
        "config": [
          0.0,
          0.0,
          0.6666666666666666,
          0.6427658668181173,
          0.5,
          0.3333333333333333,
          0.5,
          0.0,
          0.3333333333333333,
          0.3333333333333333,
          0.6666666666666666,
          0.5,
          0.5,
          0.0,
          0.0,
          0.6666666666666666,
          0.6666666666666666,
          0.0,
          0.1917808219178082
        ],
        "results": {
          "1.1111111111111112": {
            "score": Infinity,
            "cost": -1,
            "info": {}
          }
        }
      },
      {
        "config_id": 7,
        "config": [
          0.5,
          0.5,
          0.6666666666666666,
          0.5342893653272753,
          0.0,
          0.6666666666666666,
          0.5,
          0.3333333333333333,
          0.0,
          0.0,
          0.3333333333333333,
          0.0,
          0.5,
          0.0,
          0.0,
          0.3333333333333333,
          0.3333333333333333,
          0.6666666666666666,
          0.7808219178082192
        ],
        "results": {
          "1.1111111111111112": {
            "score": Infinity,
            "cost": -1,
            "info": {}
          }
        }
      },
      {
        "config_id": 8,
        "config": [
          0.5,
          0.5,
          0.6666666666666666,
          0.031094703961380095,
          0.0,
          0.0,
          0.0,
          0.0,
          0.3333333333333333,
          0.6666666666666666,
          0.0,
          0.5,
          0.5,
          0.5,
          0.5,
          0.0,
          0.3333333333333333,
          0.0,
          0.0958904109589041
        ],
        "results": {
          "1.1111111111111112": {
            "score": Infinity,
            "cost": -1,
            "info": {}
          }
        }
      },
      {
        "config_id": 9,
        "config": [
          0.0,
          0.5,
          0.3333333333333333,
          0.15007809172227743,
          0.5,
          0.0,
          0.5,
          0.3333333333333333,
          0.6666666666666666,
          0.3333333333333333,
          0.6666666666666666,
          0.5,
          0.5,
          0.75,
          0.5,
          0.6666666666666666,
          0.3333333333333333,
          0.0,
          0.0410958904109589
        ],
        "results": {
          "3.333333333333333": {
            "score": Infinity,
            "cost": -1,
            "info": {}
          }
        }
      },
      {
        "config_id": 10,
        "config": [
          0.0,
          0.0,
          0.6666666666666666,
          0.7102087178759051,
          0.0,
          0.3333333333333333,
          0.5,
          0.0,
          0.6666666666666666,
          0.6666666666666666,
          0.6666666666666666,
          0.5,
          0.5,
          0.5,
          0.5,
          0.6666666666666666,
          0.0,
          0.6666666666666666,
          0.5753424657534246
        ],
        "results": {
          "3.333333333333333": {
            "score": Infinity,
            "cost": -1,
            "info": {}
          }
        }
      },
      {
        "config_id": 11,
        "config": [
          0.5,
          0.0,
          0.3333333333333333,
          0.8595768848502059,
          0.0,
          0.6666666666666666,
          0.5,
          0.3333333333333333,
          0.6666666666666666,
          0.3333333333333333,
          0.0,
          0.5,
          0.5,
          0.25,
          0.0,
          0.0,
          0.3333333333333333,
          0.0,
          0.9726027397260274
        ],