{
  "DE_params": {
    "mutation_factor": 0.5,
    "crossover_prob": 0.5,
    "strategy": "rand1_bin",
    "configspace": true,
    "boundary_fix_type": "random",
    "max_age": Infinity,
    "dimensions": 38,
    "output_path": "../results/tmp/DEHB_tmp/dehb_20251208-045032_3df7",
    "async_strategy": "immediate"
  },
  "HB_params": {
    "min_fidelity": 1,
    "max_fidelity": 10,
    "min_clip": null,
    "max_clip": null,
    "eta": 3
  },
  "internals": {
    "initial_configs": [
      {
        "config_id": 0,
        "config": [
          0.2631578947368421,
          0.10526315789473684,
          0.8928571428571429,
          0.6,
          0.24489795918367346,
          0.2653061224489796,
          0.6266666666666667,
          0.76,
          0.5,
          0.4090909090909091,
          0.9024390243902439,
          0.7586206896551724,
          0.1724137931034483,
          0.46875,
          0.90625,
          0.8888888888888888,
          0.8070175438596491,
          0.8571428571428571,
          0.5,
          0.25,
          0.5681818181818182,
          0.42857142857142855,
          0.875,
          0.5,
          0.3333333333333333,
          0.4576271186440678,
          0.847457627118644,
          0.25,
          0.056338028169014086,
          0.2608695652173913,
          0.21739130434782608,
          0.4648648648648649,
          0.4594594594594595,
          0.8378378378378378,
          0.6666666666666666,
          0.3018867924528302,
          0.4716981132075472,
          0.9523809523809523
        ],
        "results": {
          "1.1111111111111112": {
            "score": Infinity,
            "cost": -1,
            "info": {}
          }
        }
      },
      {
        "config_id": 1,
        "config": [
          0.39473684210526316,
          0.6052631578947368,
          0.8571428571428571,
          0.2,
          0.9591836734693877,
          0.22448979591836735,
          0.14666666666666667,
          0.14666666666666667,
          0.6590909090909091,
          0.8636363636363636,
          0.2097560975609756,
          0.6896551724137931,
          0.5862068965517241,
          0.40625,
          0.78125,
          0.5964912280701754,
          0.7192982456140351,
          0.5714285714285714,
          0.0,
          0.5909090909090909,
          0.11363636363636363,
          0.5714285714285714,
          0.375,
          0.26666666666666666,
          0.4666666666666667,
          0.2033898305084746,
          0.8305084745762712,
          0.6136363636363636,
          0.6549295774647887,
          0.43478260869565216,
          0.30434782608695654,
          0.9567567567567568,
          0.7027027027027027,
          0.4594594594594595,
          0.0,
          0.09433962264150944,
          0.1320754716981132,
          0.8707482993197279
        ],
        "results": {
          "1.1111111111111112": {
            "score": Infinity,
            "cost": -1,
            "info": {}
          }
        }
      },
      {
        "config_id": 2,
        "config": [
          0.34210526315789475,
          0.7105263157894737,
          0.39285714285714285,
          0.4,
          0.2653061224489796,
          0.5102040816326531,
          0.52,
          0.17333333333333334,
          0.6363636363636364,
          0.11363636363636363,
          0.33170731707317075,
          0.6206896551724138,
          0.4482758620689655,
          0.875,
          0.71875,
          0.6900584795321637,
          0.08187134502923976,
          0.5714285714285714,
          0.5,
          0.3409090909090909,
          0.8181818181818182,
          0.0,
          0.875,
          0.8666666666666667,
          0.8,
          0.13559322033898305,
          0.7966101694915254,
          0.9545454545454546,
          0.4014084507042254,
          0.391304347826087,
          0.13043478260869565,
          0.02702702702702703,
          0.6486486486486487,
          0.13513513513513514,
          0.5,
          0.7547169811320755,
          0.7358490566037735,
          0.013605442176870748
        ],
        "results": {
          "1.1111111111111112": {
            "score": Infinity,
            "cost": -1,
            "info": {}
          }
        }
      },
      {
        "config_id": 3,
        "config": [
          0.42105263157894735,
          0.5,
          0.7142857142857143,
          0.6,
          0.30612244897959184,
          0.24489795918367346,
          0.36,
          0.21333333333333335,
          0.3181818181818182,
          0.4090909090909091,
          0.9365853658536586,
          0.7586206896551724,
          0.4827586206896552,
          0.34375,
          0.625,
          0.7017543859649122,
          0.07602339181286549,
          0.7142857142857143,
          0.5,
          0.38636363636363635,
          0.22727272727272727,
          0.2857142857142857,
          0.125,
          0.7333333333333333,
          0.8333333333333334,
          0.6101694915254238,
          0.9152542372881356,
          0.3409090909090909,
          0.2676056338028169,
          0.9565217391304348,
          0.8695652173913043,
          0.654054054054054,
          0.6486486486486487,
          0.918918918918919,
          0.6666666666666666,
          0.4339622641509434,
          0.09433962264150944,
          0.29931972789115646
        ],
        "results": {
          "1.1111111111111112": {
            "score": Infinity,
            "cost": -1,
            "info": {}
          }
        }
      },
      {
        "config_id": 4,
        "config": [
          0.5263157894736842,
          0.8947368421052632,
          0.0,
          0.8,
          0.16326530612244897,
          0.10204081632653061,
          0.24,
          0.5866666666666667,
          0.5,
          0.6818181818181818,
          0.624390243902439,
          0.6206896551724138,
          0.3793103448275862,
          0.59375,
          0.09375,
          0.1286549707602339,
          0.19298245614035087,
          0.14285714285714285,
          0.5,
          0.8636363636363636,
          0.11363636363636363,
          0.8571428571428571,
          0.5,
          0.6666666666666666,
          0.9,
          0.7288135593220338,
          0.864406779661017,
          0.8409090909090909,
          0.035211267605633804,
          0.5217391304347826,
          0.5652173913043478,
          0.6432432432432432,
          0.10810810810810811,
          0.24324324324324326,
          0.5,
          0.6792452830188679,
          0.7547169811320755,
          0.6122448979591837
        ],
        "results": {
          "1.1111111111111112": {
            "score": Infinity,
            "cost": -1,
            "info": {}
          }
        }
      },
      {
        "config_id": 5,
        "config": [
          0.15789473684210525,
          0.4473684210526316,
          0.17857142857142858,
          0.4,
          0.5102040816326531,
          0.9183673469387755,
          0.48,
          0.10666666666666667,
          0.5227272727272727,
          0.9318181818181818,
          0.8634146341463415,
          0.8620689655172413,
          0.7586206896551724,
          0.6875,
          0.03125,
          0.8304093567251462,
          0.49707602339181284,
          0.0,
          0.0,
          0.7727272727272727,
          0.6818181818181818,
          0.8571428571428571,
          0.5,
          0.8333333333333334,
          0.9666666666666667,
          0.9491525423728814,
          0.9322033898305084,
          0.6590909090909091,
          0.2605633802816901,
          0.4782608695652174,
          0.2608695652173913,
          0.20540540540540542,
          0.7027027027027027,
          0.6486486486486487,
          0.0,
          0.9811320754716981,
          0.6037735849056604,
          0.5238095238095238
        ],
        "results": {
          "1.1111111111111112": {
            "score": Infinity,
            "cost": -1,