{
  "DE_params": {
    "mutation_factor": 0.5,
    "crossover_prob": 0.5,
    "strategy": "rand1_bin",
    "configspace": true,
    "boundary_fix_type": "random",
    "max_age": Infinity,
    "dimensions": 64,
    "output_path": "../results/tmp/DEHB_tmp/dehb_20251208-045802_6833",
    "async_strategy": "immediate"
  },
  "HB_params": {
    "min_fidelity": 1,
    "max_fidelity": 10,
    "min_clip": null,
    "max_clip": null,
    "eta": 3
  },
  "internals": {
    "initial_configs": [
      {
        "config_id": 0,
        "config": [
          0.8240740740740741,
          0.30985915492957744,
          0.7142857142857143,
          0.6875,
          0.2916666666666667,
          0.5555555555555556,
          0.48148148148148145,
          0.21428571428571427,
          0.5,
          0.0,
          0.0,
          0.0,
          0.5,
          0.5,
          0.5,
          0.0,
          0.5,
          0.5,
          0.0,
          0.5,
          0.5,
          0.5,
          0.0,
          0.5,
          0.0,
          0.5,
          0.5,
          0.5,
          0.0,
          0.5,
          0.0,
          0.0,
          0.5,
          0.5,
          0.5,
          0.0,
          0.5,
          0.0,
          0.0,
          0.5,
          0.0,
          0.0,
          0.0,
          0.5,
          0.0,
          0.0,
          0.0,
          0.0,
          0.5,
          0.5,
          0.0,
          0.5,
          0.5,
          0.0,
          0.5,
          0.5,
          0.5,
          0.5,
          0.0,
          0.5,
          0.5,
          0.5,
          0.0,
          0.0
        ],
        "results": {
          "1.1111111111111112": {
            "score": Infinity,
            "cost": -1,
            "info": {}
          }
        }
      },
      {
        "config_id": 1,
        "config": [
          0.9351851851851852,
          0.5915492957746479,
          0.42857142857142855,
          0.125,
          0.25,
          0.6111111111111112,
          0.8518518518518519,
          0.8571428571428571,
          0.5,
          0.5,
          0.0,
          0.0,
          0.0,
          0.0,
          0.5,
          0.5,
          0.5,
          0.0,
          0.0,
          0.0,
          0.0,
          0.5,
          0.5,
          0.0,
          0.0,
          0.0,
          0.0,
          0.5,
          0.5,
          0.0,
          0.0,
          0.0,
          0.0,
          0.5,
          0.0,
          0.0,
          0.0,
          0.0,
          0.5,
          0.5,
          0.0,
          0.0,
          0.0,
          0.5,
          0.0,
          0.5,
          0.0,
          0.0,
          0.5,
          0.0,
          0.5,
          0.5,
          0.5,
          0.0,
          0.0,
          0.0,
          0.0,
          0.0,
          0.5,
          0.5,
          0.0,
          0.0,
          0.5,
          0.0
        ],
        "results": {
          "1.1111111111111112": {
            "score": Infinity,
            "cost": -1,
            "info": {}
          }
        }
      },
      {
        "config_id": 2,
        "config": [
          0.8333333333333334,
          0.07042253521126761,
          0.5714285714285714,
          0.125,
          0.4583333333333333,
          0.8888888888888888,
          0.8888888888888888,
          0.14285714285714285,
          0.5,
          0.0,
          0.0,
          0.0,
          0.0,
          0.0,
          0.0,
          0.5,
          0.0,
          0.5,
          0.0,
          0.0,
          0.0,
          0.0,
          0.5,
          0.5,
          0.0,
          0.5,
          0.5,
          0.0,
          0.0,
          0.0,
          0.5,
          0.0,
          0.5,
          0.5,
          0.0,
          0.0,
          0.5,
          0.5,
          0.0,
          0.0,
          0.5,
          0.0,
          0.0,
          0.0,
          0.0,
          0.5,
          0.0,
          0.0,
          0.0,
          0.5,
          0.5,
          0.0,
          0.0,
          0.0,
          0.5,
          0.0,
          0.5,
          0.5,
          0.0,
          0.0,
          0.5,
          0.5,
          0.0,
          0.0
        ],
        "results": {
          "1.1111111111111112": {
            "score": Infinity,
            "cost": -1,
            "info": {}
          }
        }
      },
      {
        "config_id": 3,
        "config": [
          0.48148148148148145,
          0.29577464788732394,
          0.8571428571428571,
          0.6875,
          0.08333333333333333,
          0.3888888888888889,
          0.9259259259259259,
          0.7142857142857143,
          0.5,
          0.5,
          0.0,
          0.0,
          0.0,
          0.5,
          0.5,
          0.0,
          0.0,
          0.0,
          0.0,
          0.5,
          0.5,
          0.5,
          0.0,
          0.5,
          0.0,
          0.5,
          0.0,
          0.5,
          0.0,
          0.0,
          0.5,
          0.0,
          0.0,
          0.5,
          0.0,
          0.0,
          0.5,
          0.0,
          0.0,
          0.5,
          0.5,
          0.0,
          0.5,
          0.5,
          0.0,
          0.5,
          0.0,
          0.0,
          0.0,
          0.5,
          0.5,
          0.5,
          0.5,
          0.0,
          0.5,
          0.0,
          0.5,
          0.0,
          0.5,
          0.0,
          0.5,
          0.5,
          0.5,
          0.5
        ],
        "results": {
          "1.1111111111111112": {
            "score": Infinity,
            "cost": -1,
            "info": {}
          }
        }
      },
      {
        "config_id": 4,
        "config": [
          0.7222222222222222,
          0.0,
          0.2857142857142857,
          0.875,
          0.9583333333333334,
          0.3333333333333333,
          0.18518518518518517,
          0.6428571428571429,
          0.5,
          0.0,
          0.0,
          0.5,
          0.5,
          0.0,
          0.0,
          0.5,
          0.5,
          0.0,
          0.0,
          0.0,
          0.5,
          0.0,
          0.0,
          0.0,
          0.5,
          0.5,
          0.0,
          0.0,
          0.0,
          0.5,
          0.0,
          0.0,
          0.0,
          0.5,
          0.0,
          0.0,
          0.0,
          0.5,
          0.0,
          0.0,
          0.5,
          0.5,
          0.0,
          0.5,
          0.0,
          0.0,
          0.0,
          0.0,
          0.5,
          0.5,
          0.0,
          0.5,
          0.5,
          0.5,
          0.5,
          0.0,
          0.0,
          0.5,
          0.0,
          0.0,
          0.5,
          0.0,
          0.5,
          0.0
        ],
        "results": {
          "1.1111111111111112": {
            "score": Infinity,
            "cost": -1,
            "info": {}
          }
        }
      },
      {
        "config_id": 5,