{
  "stats": {
    "submitted": 6,
    "finished": 6,
    "running": 0
  },
  "data": [
    [
      1,
      null,
      59886187,
      null,
      0.2612961272472104,
      0.0015306472778320312,
      1,
      1763449289.1721025,
      1763449289.1755304,
      {}
    ],
    [
      2,
      null,
      59886187,
      null,
      0.3903658574299931,
      0.0016264915466308594,
      1,
      1763449291.7439835,
      1763449291.7487826,
      {}
    ],
    [
      3,
      null,
      59886187,
      null,
      0.46554781726375905,
      0.0010361671447753906,
      1,
      1763449291.7583904,
      1763449291.761899,
      {}
    ],
    [
      4,
      null,
      59886187,
      null,
      0.2466481266908025,
      0.0012660026550292969,
      1,
      1763449291.7735496,
      1763449291.7778397,
      {}
    ],
    [
      5,
      null,
      59886187,
      null,
      0.4071070443536082,
      0.0011494159698486328,
      1,
      1763449291.7940443,
      1763449291.7968156,
      {}
    ],
    [
      6,
      null,
      59886187,
      null,
      0.47118492326621786,
      0.0007653236389160156,
      1,
      1763449291.807086,
      1763449291.8094943,
      {}
    ]
  ],
  "configs": {
    "1": {
      " ACAP": 1.116776142269373,
      " ARCH": 4.288358994759619,
      " CPLx": 2.317876223474741,
      " DATA": 4.4456907119601965,
      " DOCU": 1.9583290740847588,
      " FLEx": 1.4184596613049507,
      " LTEx": 4.334225058555603,
      " PCAP": 1.5448186360299587,
      " PCON": 2.074932351708412,
      " PMAT": 4.324917969293892,
      " PREC": 4.51120566483587,
      " PVOL": 2.1044214172288775,
      " RELY": 3.052491921931505,
      " RUSE": 4.223327726125717,
      " SCED": 4.408128786832094,
      " SITE": 3.2890590019524097,
      " STOR": 3.0275618908926845,
      " TEAM": 2.084722261875868,
      " TIME": 5.018620560877025,
      " TOOL": 2.3495429269969463
    },
    "2": {
      " ACAP": 4.999003923652786,
      " ARCH": 3.9691117367339714,
      " CPLx": 1.7669840514839303,
      " DATA": 4.837513909297462,
      " DOCU": 4.742136292460261,
      " FLEx": 5.740204924978055,
      " LTEx": 2.1827377475554823,
      " PCAP": 4.1154636745690105,
      " PCON": 2.1568327209463054,
      " PMAT": 1.7799817089027707,
      " PREC": 1.4218656362829873,
      " PVOL": 3.3046285541769698,
      " RELY": 1.6927729003126455,
      " RUSE": 3.493047656639792,
      " SCED": 1.7912880993045333,
      " SITE": 1.521851690186963,
      " STOR": 4.185070135981512,
      " TEAM": 4.312505029731979,
      " TIME": 4.105009114522144,
      " TOOL": 3.125692730740448
    },
    "3": {
      " ACAP": 3.754867975064787,
      " ARCH": 1.6890392537718943,
      " CPLx": 4.526443731406041,
      " DATA": 4.212526276309112,
      " DOCU": 4.476218256280177,
      " FLEx": 2.1206322541585108,
      " LTEx": 1.3026836260628092,
      " PCAP": 2.967035581161862,
      " PCON": 3.861367474896008,
      " PMAT": 4.860539215921277,
      " PREC": 4.194342752308588,
      " PVOL": 2.116739877412394,
      " RELY": 4.434093793819001,
      " RUSE": 5.85834929381924,
      " SCED": 2.8999098634735176,
      " SITE": 1.5608603245412458,
      " STOR": 5.782565588856662,
      " TEAM": 3.1885010117513164,
      " TIME": 3.1269926651508877,
      " TOOL": 3.9096729004222697
    },
    "4": {
      " ACAP": 4.628152046875307,
      " ARCH": 2.792828642394326,
      " CPLx": 5.652516889166806,
      " DATA": 3.1500548835133766,
      " DOCU": 1.2426525217095727,
      " FLEx": 3.419898112858775,
      " LTEx": 2.5304031482703966,
      " PCAP": 4.1705818269672665,
      " PCON": 2.2180877526351868,
      " PMAT": 5.070930260003134,
      " PREC": 2.7973112558246997,
      " PVOL": 3.415780184613601,
      " RELY": 3.2967874238538535,
      " RUSE": 3.5994502195562155,
      " SCED": 4.081690838673346,
      " SITE": 1.6906140507191436,
      " STOR": 3.769169061424375,
      " TEAM": 1.436368115118948,
      " TIME": 4.7896532296584855,
      " TOOL": 3.933576984186264
    },
    "5": {
      " ACAP": 1.917189851921063,
      " ARCH": 3.45076887478431,
      " CPLx": 2.823183758246775,
      " DATA": 3.113371590247586,
      " DOCU": 4.602890567379481,
      " FLEx": 3.8484286343941623,
      " LTEx": 4.785244278497275,
      " PCAP": 3.302131649695924,
      " PCON": 2.08265098098866,
      " PMAT": 2.5580157407821487,
      " PREC": 5.072794539910246,
      " PVOL": 2.724406615412441,
      " RELY": 1.639504863074023,
      " RUSE": 3.5693793262269136,
      " SCED": 4.967607244865177,
      " SITE": 1.3536599365794824,
      " STOR": 3.4809130466884244,
      " TEAM": 5.561767766260497,
      " TIME": 5.400451495578189,
      " TOOL": 3.729095433159429
    },
    "6": {
      " ACAP": 1.2470891179124566,
      " ARCH": 2.5454084980023124,
      " CPLx": 1.5530918581807687,
      " DATA": 4.1616305556363224,
      " DOCU": 4.264925134729085,
      " FLEx": 1.1068833568982752,
      " LTEx": 4.130377898712186,
      " PCAP": 1.0625917104182725,
      " PCON": 1.6970092772415888,
      " PMAT": 3.28284517871429,
      " PREC": 1.9161595985016064,
      " PVOL": 3.5465701905915696,
      " RELY": 3.5361339892013164,
      " RUSE": 3.508001109077676,
      " SCED": 3.6117358833182656,
      " SITE": 3.2848318616123455,
      " STOR": 3.218895150917078,
      " TEAM": 1.093896350299241,
      " TIME": 5.840947415165728,
      " TOOL": 1.9114347089220953
    }
  },
  "config_origins": {
    "1": "Initial Design: Sobol",
    "2": "Acquisition Function Maximizer: Local Search",
    "3": "Acquisition Function Maximizer: Local Search",
    "4": "Acquisition Function Maximizer: Local Search",
    "5": "Random Search",
    "6": "Acquisition Function Maximizer: Local Search"
  }
}