{
  "stats": {
    "submitted": 24,
    "finished": 24,
    "running": 0
  },
  "data": [
    [
      1,
      null,
      1687321482,
      null,
      0.13994259461269876,
      0.003319978713989258,
      1,
      1763449063.0370076,
      1763449063.0417233,
      {}
    ],
    [
      2,
      null,
      1687321482,
      null,
      0.48024670074102527,
      0.002199411392211914,
      1,
      1763449063.050727,
      1763449063.054201,
      {}
    ],
    [
      3,
      null,
      1687321482,
      null,
      0.173288847757176,
      0.001374959945678711,
      1,
      1763449064.7437286,
      1763449064.7463977,
      {}
    ],
    [
      4,
      null,
      1687321482,
      null,
      0.19686352849467614,
      0.0013000965118408203,
      1,
      1763449064.7507265,
      1763449064.753547,
      {}
    ],
    [
      5,
      null,
      1687321482,
      null,
      0.3497445776838244,
      0.000980377197265625,
      1,
      1763449064.757796,
      1763449064.7600405,
      {}
    ],
    [
      6,
      null,
      1687321482,
      null,
      0.21168851168658198,
      0.0017163753509521484,
      1,
      1763449064.7650633,
      1763449064.7679834,
      {}
    ],
    [
      7,
      null,
      1687321482,
      null,
      0.4497817423241297,
      0.001705169677734375,
      1,
      1763449064.77332,
      1763449064.7761812,
      {}
    ],
    [
      8,
      null,
      1687321482,
      null,
      0.2792883776100459,
      0.0014240741729736328,
      1,
      1763449064.781254,
      1763449064.7837963,
      {}
    ],
    [
      9,
      null,
      1687321482,
      null,
      0.4300607307919694,
      0.001146554946899414,
      1,
      1763449064.789588,
      1763449064.7918825,
      {}
    ],
    [
      10,
      null,
      1687321482,
      null,
      0.18137958487433015,
      0.001409292221069336,
      1,
      1763449064.7981489,
      1763449064.800912,
      {}
    ],
    [
      11,
      null,
      1687321482,
      null,
      0.20788901276078942,
      0.0016944408416748047,
      1,
      1763449066.2796865,
      1763449066.282814,
      {}
    ],
    [
      12,
      null,
      1687321482,
      null,
      0.5178794889198935,
      0.0013158321380615234,
      1,
      1763449066.2909443,
      1763449066.293519,
      {}
    ],
    [
      13,
      null,
      1687321482,
      null,
      0.39933909453018757,
      0.001280069351196289,
      1,
      1763449066.300089,
      1763449066.3026443,
      {}
    ],
    [
      14,
      null,
      1687321482,
      null,
      0.3557520001894239,
      0.0014224052429199219,
      1,
      1763449066.3106065,
      1763449066.3133636,
      {}
    ],
    [
      15,
      null,
      1687321482,
      null,
      0.2688672091348072,
      0.0013248920440673828,
      1,
      1763449066.3205104,
      1763449066.3230884,
      {}
    ],
    [
      16,
      null,
      1687321482,
      null,
      0.3840629801475621,
      0.001346588134765625,
      1,
      1763449066.332203,
      1763449066.3349483,
      {}
    ],
    [
      17,
      null,
      1687321482,
      null,
      0.24448729727818486,
      0.0014705657958984375,
      1,
      1763449066.3434389,
      1763449066.3461328,
      {}
    ],
    [
      18,
      null,
      1687321482,
      null,
      0.28518720808263986,
      0.0013928413391113281,
      1,
      1763449066.3537922,
      1763449066.3564663,
      {}
    ],
    [
      19,
      null,
      1687321482,
      null,
      0.13966518153644325,
      0.0013399124145507812,
      1,
      1763449067.5959337,
      1763449067.5985582,
      {}
    ],
    [
      20,
      null,
      1687321482,
      null,
      0.4607234466696737,
      0.002929210662841797,
      1,
      1763449067.607189,
      1763449067.6114051,
      {}
    ],
    [
      21,
      null,
      1687321482,
      null,
      0.26217875374684296,
      0.0010943412780761719,
      1,
      1763449067.6202664,
      1763449067.6225593,
      {}
    ],
    [
      22,
      null,
      1687321482,
      null,
      0.21562592744765585,
      0.0009777545928955078,
      1,
      1763449067.6307425,
      1763449067.633417,
      {}
    ],
    [
      23,
      null,
      1687321482,
      null,
      0.5913392213030637,
      0.001119852066040039,
      1,
      1763449067.6419492,
      1763449067.645601,
      {}
    ],
    [
      24,
      null,
      1687321482,
      null,
      0.162942906747924,
      0.0009658336639404297,
      1,
      1763449067.6545732,
      1763449067.6569693,
      {}
    ]
  ],
  "configs": {
    "1": {
      "Criticality": 0.8268396257723274,
      "Criticality Modifier": 0.26389187851387336,
      "Culture": 0.4882861829948424,
      "Dynamism": 0.13183829098369948,
      "Initial Known": 0.8798460703062401,
      "Inter-Dependency": 0.45918268203651263,
      "Plan": 0.6731788121579039,
      "Size": 0.19757932077616783,
      "Team Size": 0.08339391315906401
    },
    "2": {
      "Criticality": 0.3306215269459396,
      "Criticality Modifier": 0.9726726383920344,
      "Culture": 0.5593765909223359,
      "Dynamism": 0.8696390785102024,
      "Initial Known": 0.21816365030726487,
      "Inter-Dependency": 0.6549069981022716,
      "Plan": 0.27916461372592566,
      "Size": 0.5884590259516167,
      "Team Size": 0.615009791988589
    },
    "3": {
      "Criticality": 0.34718000570041974,
      "Criticality Modifier": 0.139203943744755,
      "Culture": 0.1940736375564464,
      "Dynamism": 0.5472742765059929,
      "Initial Known": 0.9335049112877554,
      "Inter-Dependency": 0.08138998597968149,
      "Plan": 0.9441117172503827,
      "Size": 0.5524230503739183,
      "Team Size": 0.34235842286157364
    },
    "4": {
      "Criticality": 0.9981955162772269,
      "Criticality Modifier": 0.16809061416252682,
      "Culture": 0.1761722030638356,
      "Dynamism": 0.26128424489003826,
      "Initial Known": 0.6395729105054658,
      "Inter-Dependency": 0.5304557061900085,
      "Plan": 0.23810450793422452,
      "Size": 0.9512551754940861,
      "Team Size": 0.6272618258320425
    },
    "5": {
      "Criticality": 0.8319017109228053,
      "Criticality Modifier": 0.288856544136586,
      "Culture": 0.4882861829948424,
      "Dynamism": 0.13183829098369948,
      "Initial Known": 0.940744406048681,
      "Inter-Dependency": 0.4438918900413015,
      "Plan": 0.7204340876882421,
      "Size": 0.19757932077616783,
      "Team Size": 0.06773697727363993
    },
    "6": {
      "Criticality": 0.9929256981904265,
      "Criticality Modifier": 0.9053049929178065,
      "Culture": 0.9813971037711754,
      "Dynamism": 0.8848787767741851,
      "Initial Known": 0.04459580743992003,
      "Inter-Dependency": 0.8646728033426377,
      "Plan": 0.6358083556140885,
      "Size": 0.22823767210994236,
      "Team Size": 0.6415194618775427
    },
    "7": {
      "Criticality": 0.2073196123908715,
      "Criticality Modifier": 0.5579425491243831,
      "Culture": 0.1872350921619885,
      "Dynamism": 0.7922030400044113,
      "Initial Known": 0.8345299779564526,
      "Inter-Dependency": 0.8691863321867678,
      "Plan": 0.4614264265366192,
      "Size": 0.12348504488279528,
      "Team Size": 0.031936046312117
    },
    "8": {
      "Criticality": 0.9969244820387514,
      "Criticality Modifier": 0.26624342682637814,
      "Culture": 0.1425060413886778,
      "Dynamism": 0.4113504518033135,
      "Initial Known": 0.6524993834179884,
      "Inter-Dependency": 0.08735780181051497,
      "Plan": 0.27330212333340437,
      "Size": 0.5289094759345054,
      "Team Size": 0.823787302220738
    },
    "9": {
      "Criticality": 0.9391147853270447,
      "Criticality Modifier": 0.6151852835787426,
      "Culture": 0.7423681600468865,
      "Dynamism": 0.9799085667472168,
      "Initial Known": 0.8998526906019823,
      "Inter-Dependency": 0.855405478637047,
      "Plan": 0.3918926857827015,