{
  "DE_params": {
    "mutation_factor": 0.5,
    "crossover_prob": 0.5,
    "strategy": "rand1_bin",
    "configspace": true,
    "boundary_fix_type": "random",
    "max_age": Infinity,
    "dimensions": 14,
    "output_path": "../results/tmp/DEHB_tmp/dehb_20251208-044946_eb48",
    "async_strategy": "immediate"
  },
  "HB_params": {
    "min_fidelity": 1,
    "max_fidelity": 10,
    "min_clip": null,
    "max_clip": null,
    "eta": 3
  },
  "internals": {
    "initial_configs": [
      {
        "config_id": 0,
        "config": [
          0.6666666666666666,
          0.27386262265834077,
          0.8571428571428571,
          0.5714285714285714,
          0.25245316681534347,
          0.5,
          0.38275862068965516,
          0.0,
          0.0,
          0.6153846153846154,
          0.16666666666666666,
          0.0,
          0.1801962533452275,
          0.6666666666666666
        ],
        "results": {
          "1.1111111111111112": {
            "score": Infinity,
            "cost": -1,
            "info": {}
          }
        }
      },
      {
        "config_id": 1,
        "config": [
          0.3333333333333333,
          0.7859054415700267,
          0.7857142857142857,
          0.6428571428571429,
          0.5780553077609277,
          0.5,
          0.9448275862068966,
          0.3333333333333333,
          0.0,
          0.9230769230769231,
          0.8333333333333334,
          0.0,
          0.9946476360392507,
          0.0
        ],
        "results": {
          "1.1111111111111112": {
            "score": Infinity,
            "cost": -1,
            "info": {}
          }
        }
      },
      {
        "config_id": 2,
        "config": [
          0.3333333333333333,
          0.9384478144513827,
          0.6428571428571429,
          0.42857142857142855,
          0.5780553077609277,
          0.5,
          0.06206896551724138,
          0.6666666666666666,
          0.0,
          0.3076923076923077,
          0.3333333333333333,
          0.0,
          0.5914362176628011,
          0.3333333333333333
        ],
        "results": {
          "1.1111111111111112": {
            "score": Infinity,
            "cost": -1,
            "info": {}
          }
        }
      },
      {
        "config_id": 3,
        "config": [
          0.3333333333333333,
          0.2863514719000892,
          0.42857142857142855,
          0.42857142857142855,
          0.2783229259589652,
          0.5,
          0.23793103448275862,
          0.6666666666666666,
          0.0,
          0.07692307692307693,
          0.16666666666666666,
          0.0,
          0.12845673505798394,
          0.3333333333333333
        ],
        "results": {
          "1.1111111111111112": {
            "score": Infinity,
            "cost": -1,
            "info": {}
          }
        }
      },
      {
        "config_id": 4,
        "config": [
          0.3333333333333333,
          0.8786797502230151,
          0.14285714285714285,
          0.5714285714285714,
          0.15521855486173058,
          0.5,
          0.9827586206896551,
          0.6666666666666666,
          0.0,
          0.38461538461538464,
          0.3333333333333333,
          0.0,
          0.743978590544157,
          0.3333333333333333
        ],
        "results": {
          "1.1111111111111112": {
            "score": Infinity,
            "cost": -1,
            "info": {}
          }
        }
      },
      {
        "config_id": 5,
        "config": [
          0.3333333333333333,
          0.019625334522747548,
          0.07142857142857142,
          0.14285714285714285,
          0.12578055307760927,
          0.5,
          0.6620689655172414,
          0.3333333333333333,
          0.0,
          0.23076923076923078,
          0.6666666666666666,
          0.0,
          0.6512042818911686,
          0.0
        ],
        "results": {
          "1.1111111111111112": {
            "score": Infinity,
            "cost": -1,
            "info": {}
          }
        }
      },
      {
        "config_id": 6,
        "config": [
          0.0,
          0.46743978590544155,
          0.6428571428571429,
          0.35714285714285715,
          0.8073148974130241,
          0.5,
          0.3482758620689655,
          0.6666666666666666,
          0.0,
          0.6153846153846154,
          0.8333333333333334,
          0.0,
          0.11507582515611062,
          0.3333333333333333
        ],
        "results": {
          "1.1111111111111112": {
            "score": Infinity,
            "cost": -1,
            "info": {}
          }
        }
      },
      {
        "config_id": 7,
        "config": [
          0.6666666666666666,
          0.9884032114183765,
          0.8571428571428571,
          0.21428571428571427,
          0.46922390722569135,
          0.5,
          0.296551724137931,
          0.6666666666666666,
          0.0,
          0.3076923076923077,
          0.0,
          0.0,
          0.2408563782337199,
          0.3333333333333333
        ],
        "results": {
          "1.1111111111111112": {
            "score": Infinity,
            "cost": -1,
            "info": {}
          }
        }
      },
      {
        "config_id": 8,
        "config": [
          0.3333333333333333,
          0.3960749330954505,
          0.42857142857142855,
          0.7857142857142857,
          0.808206958073149,
          0.5,
          0.8827586206896552,
          0.0,
          0.0,
          0.3076923076923077,
          0.16666666666666666,
          0.0,
          0.8840321141837645,
          0.6666666666666666
        ],
        "results": {
          "1.1111111111111112": {
            "score": Infinity,
            "cost": -1,
            "info": {}
          }
        }
      },
      {
        "config_id": 9,
        "config": [
          0.6666666666666666,
          0.1391614629794826,
          0.0,
          0.6428571428571429,
          0.9669937555753791,
          0.5,
          0.08620689655172414,
          0.6666666666666666,
          0.0,
          0.7692307692307693,
          0.16666666666666666,
          0.0,
          0.2988403211418377,
          0.6666666666666666
        ],
        "results": {
          "3.333333333333333": {
            "score": Infinity,
            "cost": -1,
            "info": {}
          }
        }
      },
      {
        "config_id": 10,
        "config": [
          0.0,
          0.8786797502230151,
          0.7142857142857143,
          0.2857142857142857,
          0.28902765388046386,
          0.0,
          0.05172413793103448,
          0.3333333333333333,
          0.0,
          0.5384615384615384,
          0.16666666666666666,
          0.0,
          0.16146297948260482,
          0.3333333333333333
        ],
        "results": {
          "3.333333333333333": {
            "score": Infinity,
            "cost": -1,
            "info": {}
          }
        }
      },
      {
        "config_id": 11,
        "config": [
          0.3333333333333333,
          0.7074041034790366,
          0.42857142857142855,
          0.5714285714285714,
          0.16146297948260482,
          0.5,
          0.4068965517241379,
          0.3333333333333333,
          0.0,
          0.6153846153846154,
          0.5,
          0.0,
          0.7341659232827832,
          0.3333333333333333
        ],
        "results": {
          "3.333333333333333": {
            "score": Infinity,
            "cost": -1,
            "info": {}
          }
        }
      },
      {
        "config_id": 12,