{
  "stats": {
    "submitted": 6,
    "finished": 6,
    "running": 0
  },
  "data": [
    [
      1,
      null,
      1498160584,
      null,
      0.5029947137745072,
      0.0016639232635498047,
      1,
      1763449289.1832385,
      1763449289.1867886,
      {}
    ],
    [
      2,
      null,
      1498160584,
      null,
      0.5444164626984722,
      0.001972675323486328,
      1,
      1763449291.6518219,
      1763449291.6570942,
      {}
    ],
    [
      3,
      null,
      1498160584,
      null,
      0.3848312598366006,
      0.0017058849334716797,
      1,
      1763449291.6731822,
      1763449291.678762,
      {}
    ],
    [
      4,
      null,
      1498160584,
      null,
      0.3722825115531816,
      0.0015900135040283203,
      1,
      1763449291.6977618,
      1763449291.7025907,
      {}
    ],
    [
      5,
      null,
      1498160584,
      null,
      0.43154029971673735,
      0.0017914772033691406,
      1,
      1763449291.7226562,
      1763449291.7281387,
      {}
    ],
    [
      6,
      null,
      1498160584,
      null,
      0.3790368101334638,
      0.0014734268188476562,
      1,
      1763449291.7446623,
      1763449291.7498455,
      {}
    ]
  ],
  "configs": {
    "1": {
      " ACAP": 2.773500505834818,
      " ARCH": 4.144556675106287,
      " CPLx": 3.1644242480397224,
      " DATA": 2.524563123472035,
      " DOCU": 1.3851518705487251,
      " FLEx": 2.127398991957307,
      " LTEx": 2.755222637206316,
      " PCAP": 2.538447566330433,
      " PCON": 1.3097998388111591,
      " PMAT": 3.6333931228145957,
      " PREC": 2.825772672891617,
      " PVOL": 2.5282252272590995,
      " RELY": 1.0049230977892876,
      " RUSE": 5.689137239009142,
      " SCED": 4.360097978264093,
      " SITE": 4.344039775431156,
      " STOR": 3.786759316921234,
      " TEAM": 4.713194881565869,
      " TIME": 4.815414486452937,
      " TOOL": 1.8913039974868298
    },
    "2": {
      " ACAP": 4.996584286907112,
      " ARCH": 1.401219382100733,
      " CPLx": 4.75303219929176,
      " DATA": 3.6735654215416558,
      " DOCU": 1.4957004750705623,
      " FLEx": 3.4810843314347792,
      " LTEx": 3.8040982939171926,
      " PCAP": 1.9364918673477,
      " PCON": 3.128750351447719,
      " PMAT": 5.705575940227758,
      " PREC": 4.557721666960323,
      " PVOL": 4.959357286966231,
      " RELY": 2.3541768299041723,
      " RUSE": 2.4995940856659056,
      " SCED": 1.0646517086041536,
      " SITE": 2.09261159533272,
      " STOR": 3.919436290192944,
      " TEAM": 1.655535143718561,
      " TIME": 5.747163777156487,
      " TOOL": 3.528020107482812
    },
    "3": {
      " ACAP": 4.659815996376063,
      " ARCH": 2.9038475574537044,
      " CPLx": 5.224791481309973,
      " DATA": 4.886991751195997,
      " DOCU": 3.644228427231479,
      " FLEx": 4.550095021530596,
      " LTEx": 1.250719926156071,
      " PCAP": 4.345958090613111,
      " PCON": 3.0282094065813014,
      " PMAT": 4.1075113072447795,
      " PREC": 3.5810348425255287,
      " PVOL": 2.5690676763908726,
      " RELY": 1.946452350413562,
      " RUSE": 5.116662962620978,
      " SCED": 3.9151284577811984,
      " SITE": 3.5799999907514843,
      " STOR": 5.442224832878129,
      " TEAM": 2.0924968533274675,
      " TIME": 4.51405475760185,
      " TOOL": 1.3217188102715958
    },
    "4": {
      " ACAP": 2.884135997796509,
      " ARCH": 5.957255407660734,
      " CPLx": 2.9998648188092916,
      " DATA": 3.821879442684255,
      " DOCU": 2.44959356336953,
      " FLEx": 3.583556194648473,
      " LTEx": 3.7105704333432685,
      " PCAP": 4.752328515431665,
      " PCON": 4.2894127721954725,
      " PMAT": 4.746043624608212,
      " PREC": 3.948286239875135,
      " PVOL": 4.702755091182079,
      " RELY": 1.330084570804238,
      " RUSE": 2.735007949552956,
      " SCED": 3.53544646861425,
      " SITE": 4.737950348617787,
      " STOR": 5.139532041595752,
      " TEAM": 4.78639712243149,
      " TIME": 3.0742522038138267,
      " TOOL": 2.7288118890945565
    },
    "5": {
      " ACAP": 3.0088111755682747,
      " ARCH": 4.756045113682476,
      " CPLx": 5.727278398203077,
      " DATA": 2.184972321484276,
      " DOCU": 2.4430856243113426,
      " FLEx": 1.0194612671358545,
      " LTEx": 4.900327500417692,
      " PCAP": 4.455958317790637,
      " PCON": 1.60937305537772,
      " PMAT": 2.135298320190772,
      " PREC": 3.5558404835218878,
      " PVOL": 2.9200815937408704,
      " RELY": 2.767002404933376,
      " RUSE": 5.239507817844492,
      " SCED": 1.9449188750674167,
      " SITE": 3.723106074569949,
      " STOR": 4.2577901635147875,
      " TEAM": 4.071314417261115,
      " TIME": 5.252483671355755,
      " TOOL": 3.3721186207932257
    },
    "6": {
      " ACAP": 2.7055612152977524,
      " ARCH": 2.083934387684513,
      " CPLx": 3.264881045048134,
      " DATA": 4.798419166843139,
      " DOCU": 2.089149812309614,
      " FLEx": 3.5310827140831615,
      " LTEx": 1.5910532558743482,
      " PCAP": 4.327978321519014,
      " PCON": 1.1112155975165816,
      " PMAT": 5.731160608921106,
      " PREC": 1.1092367808691628,
      " PVOL": 3.493415896541447,
      " RELY": 1.7453149684511908,
      " RUSE": 2.2629495329081273,
      " SCED": 1.2357406208671562,
      " SITE": 1.3659984268985401,
      " STOR": 4.205333438159832,
      " TEAM": 2.711125145017082,
      " TIME": 4.317202624434289,
      " TOOL": 1.5217776925274658
    }
  },
  "config_origins": {
    "1": "Initial Design: Sobol",
    "2": "Acquisition Function Maximizer: Local Search",
    "3": "Random Search",
    "4": "Random Search",
    "5": "Acquisition Function Maximizer: Local Search",
    "6": "Acquisition Function Maximizer: Local Search"
  }
}