{"config": {"BORERATIO": 1.370348456, "BORERATIO_SQUARED": 8.9401, "BRAND": 17.0, "CARBODY": 2.0, "CARHEIGHT": -0.543527476, "CARHEIGHT_SQUARED": 3069.16, "CARLENGTH": -0.71090875, "CARLENGTH_SQUARED": 26373.76, "CARWIDTH": 2.706677184, "CARWIDTH_SQUARED": 4984.36, "CAR_ID": 139.0, "CITYMPG": -0.646553028, "CITYMPG_SQUARED": 2401.0, "COMPRESSIONRATIO": -0.162160868, "COMPRESSIONRATIO_SQUARED": 56.25, "CURBWEIGHT": -0.615249329, "CURBWEIGHT_SQUARED": 12215025.0, "CYLINDERNUMBER": 6.0, "ENGINELOCATION": 0.0, "ENGINESIZE": -0.888455154, "ENGINESIZE_SQUARED": 12321.0, "ENGINETYPE": 2.0, "FUELSYSTEM": 5.0, "HIGHWAYMPG": -2.1473103, "HIGHWAYMPG_SQUARED": 484.0, "HORSEPOWER": 4.661447798, "HORSEPOWER_SQUARED": 3600.0, "LOG_ENGINESIZE": 4.919980926, "MODEL": 56.0, "PEAKRPM": -0.05279708, "PEAKRPM_SQUARED": "22562500", "POWER_TO_WEIGHT_RATIO": 0.043563579, "STROKE": 0.494149439, "STROKE_SQUARED": 13.2496, "SYMBOLING": 1.0, "WHEELBASE": -0.408948984, "WHEELBASE_SQUARED": 14616.81, "carname": "mitsubishi outlander"}, "score": 0.5503846317424034, "info": {}}