{
  "incumbent_ids": [
    4
  ],
  "rejected_config_ids": [
    1,
    3,
    2,
    5
  ],
  "incumbents_changed": 3,
  "trajectory": [
    {
      "config_ids": [
        1
      ],
      "costs": [
        0.40881865487757874
      ],
      "trial": 1,
      "walltime": 3.6593210697174072
    },
    {
      "config_ids": [
        2
      ],
      "costs": [
        0.36931624686437536
      ],
      "trial": 2,
      "walltime": 156.70702075958252
    },
    {
      "config_ids": [
        4
      ],
      "costs": [
        0.3616221479464258
      ],
      "trial": 4,
      "walltime": 162.79698252677917
    }
  ],
  "state": {
    "queue": [
      [
        5,
        1
      ]
    ]
  }
}