{
  "stats": {
    "submitted": 6,
    "finished": 6,
    "running": 0
  },
  "data": [
    [
      1,
      null,
      378518883,
      null,
      Infinity,
      0.0006582736968994141,
      2,
      1763362052.3407898,
      1763362052.3428931,
      {}
    ],
    [
      2,
      null,
      378518883,
      null,
      Infinity,
      0.0007631778717041016,
      2,
      1763362053.9923723,
      1763362053.9945147,
      {}
    ],
    [
      3,
      null,
      378518883,
      null,
      Infinity,
      0.0005090236663818359,
      2,
      1763362053.9977252,
      1763362053.9995809,
      {}
    ],
    [
      4,
      null,
      378518883,
      null,
      Infinity,
      0.0005517005920410156,
      2,
      1763362054.0025203,
      1763362054.0044012,
      {}
    ],
    [
      5,
      null,
      378518883,
      null,
      Infinity,
      0.0005259513854980469,
      2,
      1763362054.007568,
      1763362054.0095856,
      {}
    ],
    [
      6,
      null,
      378518883,
      null,
      Infinity,
      0.0006420612335205078,
      2,
      1763362054.0134435,
      1763362054.0155437,
      {}
    ]
  ],
  "configs": {
    "1": {
      "Max_depth": 2,
      "Min_impurity_decrease": 0.0,
      "Min_sample_leaves": 5,
      "N_estimators": 180,
      "criterion": "absolute_error"
    },
    "2": {
      "Max_depth": 15,
      "Min_impurity_decrease": 9.5,
      "Min_sample_leaves": 1,
      "N_estimators": 150,
      "criterion": "poisson"
    },
    "3": {
      "Max_depth": 1,
      "Min_impurity_decrease": 3.25,
      "Min_sample_leaves": 16,
      "N_estimators": 140,
      "criterion": "squared_error"
    },
    "4": {
      "Max_depth": 15,
      "Min_impurity_decrease": 4.75,
      "Min_sample_leaves": 12,
      "N_estimators": 170,
      "criterion": "absolute_error"
    },
    "5": {
      "Max_depth": 15,
      "Min_impurity_decrease": 8.0,
      "Min_sample_leaves": 7,
      "N_estimators": 100,
      "criterion": "absolute_error"
    },
    "6": {
      "Max_depth": 13,
      "Min_impurity_decrease": 5.75,
      "Min_sample_leaves": 11,
      "N_estimators": 60,
      "criterion": "absolute_error"
    }
  },
  "config_origins": {
    "1": "Initial Design: Sobol",
    "2": "Acquisition Function Maximizer: Local Search",
    "3": "Acquisition Function Maximizer: Local Search",
    "4": "Acquisition Function Maximizer: Local Search",
    "5": "Acquisition Function Maximizer: Local Search",
    "6": "Random Search"
  }
}