{
  "stats": {
    "submitted": 18,
    "finished": 18,
    "running": 0
  },
  "data": [
    [
      1,
      null,
      378518883,
      null,
      0.5204747566988243,
      0.0010285377502441406,
      1,
      1763449709.88599,
      1763449709.8892176,
      {}
    ],
    [
      2,
      null,
      378518883,
      null,
      0.428754178957624,
      0.0022878646850585938,
      1,
      1763449711.2992494,
      1763449711.3051467,
      {}
    ],
    [
      3,
      null,
      378518883,
      null,
      0.3911297799568667,
      0.001432657241821289,
      1,
      1763449711.3150914,
      1763449711.3199737,
      {}
    ],
    [
      4,
      null,
      378518883,
      null,
      0.5303276274368617,
      0.002367258071899414,
      1,
      1763449711.3312032,
      1763449711.3369887,
      {}
    ],
    [
      5,
      null,
      378518883,
      null,
      0.5482021664598835,
      0.0021419525146484375,
      1,
      1763449711.3493786,
      1763449711.3549986,
      {}
    ],
    [
      6,
      null,
      378518883,
      null,
      0.5574444810331914,
      0.0029594898223876953,
      1,
      1763449711.369311,
      1763449711.375901,
      {}
    ],
    [
      7,
      null,
      378518883,
      null,
      0.6602804791193773,
      0.0068035125732421875,
      1,
      1763449711.3945856,
      1763449711.405102,
      {}
    ],
    [
      8,
      null,
      378518883,
      null,
      0.428754178957624,
      0.0007312297821044922,
      1,
      1763449711.421895,
      1763449711.4266424,
      {}
    ],
    [
      9,
      null,
      378518883,
      null,
      0.5574444810331914,
      0.0006377696990966797,
      1,
      1763449711.441814,
      1763449711.446687,
      {}
    ],
    [
      10,
      null,
      378518883,
      null,
      0.3911297799568667,
      0.0004966259002685547,
      1,
      1763449712.620113,
      1763449712.622571,
      {}
    ],
    [
      11,
      null,
      378518883,
      null,
      0.4926561255290707,
      0.0011143684387207031,
      1,
      1763449712.6386476,
      1763449712.641925,
      {}
    ],
    [
      12,
      null,
      378518883,
      null,
      0.5225619562868613,
      0.0005831718444824219,
      1,
      1763449712.6504295,
      1763449712.652739,
      {}
    ],
    [
      13,
      null,
      378518883,
      null,
      0.4893697889292481,
      0.0006067752838134766,
      1,
      1763449712.662188,
      1763449712.664826,
      {}
    ],
    [
      14,
      null,
      378518883,
      null,
      0.48877032714402957,
      0.0005958080291748047,
      1,
      1763449712.6743083,
      1763449712.6767912,
      {}
    ],
    [
      15,
      null,
      378518883,
      null,
      0.5773502691896257,
      0.0005917549133300781,
      1,
      1763449712.6866426,
      1763449712.689189,
      {}
    ],
    [
      16,
      null,
      378518883,
      null,
      0.5761203155101481,
      0.0005762577056884766,
      1,
      1763449712.6994207,
      1763449712.7017908,
      {}
    ],
    [
      17,
      null,
      378518883,
      null,
      0.5482021664598835,
      0.0002830028533935547,
      1,
      1763449712.7130804,
      1763449712.7153404,
      {}
    ],
    [
      18,
      null,
      378518883,
      null,
      0.6602804791193773,
      0.0002846717834472656,
      1,
      1763449712.736751,
      1763449712.7389202,
      {}
    ]
  ],
  "configs": {
    "1": {
      "acap": "h",
      "apex": "vh",
      "cplx": "l",
      "data": "n",
      "docu": "n",
      "flex": "h",
      "ltex": "vl",
      "pcap": "vh",
      "pcon": "n",
      "plex": "l",
      "pmat": "l",
      "prec": "h",
      "pvol": "n",
      "rely": "n",
      "resl": "h",
      "ruse": "n",
      "sced": "n",
      "site": "n",
      "stor": "n",
      "team": "vh",
      "time": "n",
      "tool": "n"
    },
    "2": {
      "acap": "h",
      "apex": "h",
      "cplx": "vh",
      "data": "vh",
      "docu": "n",
      "flex": "h",
      "ltex": "h",
      "pcap": "h",
      "pcon": "n",
      "plex": "h",
      "pmat": "n",
      "prec": "h",
      "pvol": "n",
      "rely": "n",
      "resl": "h",
      "ruse": "n",
      "sced": "n",
      "site": "n",
      "stor": "vh",
      "team": "vh",
      "time": "h",
      "tool": "h"
    },
    "3": {
      "acap": "n",
      "apex": "vh",
      "cplx": "xh",
      "data": "l",
      "docu": "n",
      "flex": "h",
      "ltex": "h",
      "pcap": "h",
      "pcon": "n",
      "plex": "vl",
      "pmat": "h",
      "prec": "h",
      "pvol": "h",
      "rely": "vh",
      "resl": "h",
      "ruse": "n",
      "sced": "n",
      "site": "n",
      "stor": "n",
      "team": "vh",
      "time": "h",
      "tool": "n"
    },
    "4": {
      "acap": "h",
      "apex": "l",
      "cplx": "n",
      "data": "n",
      "docu": "n",
      "flex": "h",
      "ltex": "l",
      "pcap": "h",
      "pcon": "n",
      "plex": "n",
      "pmat": "n",
      "prec": "        h",
      "pvol": "n",
      "rely": "n",
      "resl": "h",
      "ruse": "n",
      "sced": "n",
      "site": "n",
      "stor": "xh",
      "team": "vh",
      "time": "n",
      "tool": "h"
    },
    "5": {
      "acap": "h",
      "apex": "h",
      "cplx": "n",
      "data": "vh",
      "docu": "n",
      "flex": "h",
      "ltex": "h",
      "pcap": "h",
      "pcon": "n",
      "plex": "vl",
      "pmat": "l",
      "prec": "h",
      "pvol": "h",
      "rely": "n",
      "resl": "h",
      "ruse": "n",
      "sced": "n",
      "site": "n",
      "stor": "xh",
      "team": "vh",
      "time": "vh",
      "tool": "n"
    },
    "6": {
      "acap": "vh",
      "apex": "l",
      "cplx": "h",
      "data": "vh",
      "docu": "n",
      "flex": "h",
      "ltex": "l",
      "pcap": "n",
      "pcon": "n",
      "plex": "vl",
      "pmat": "h",
      "prec": "h",
      "pvol": "h",
      "rely": "l",
      "resl": "h",
      "ruse": "n",
      "sced": "l",
      "site": "n",
      "stor": "xh",
      "team": "vh",
      "time": "h",
      "tool": "n"
    },
    "7": {
      "acap": "vh",
      "apex": "vh",
      "cplx": "vh",
      "data": "n",
      "docu": "n",
      "flex": "h",
      "ltex": "vl",
      "pcap": "n",
      "pcon": "n",
      "plex": "l",
      "pmat": "n",
      "prec": "        h",
      "pvol": "h",
      "rely": "vh",
      "resl": "h",
      "ruse": "n",
      "sced": "l",
      "site": "n",
      "stor": "vh",
      "team": "vh",
      "time": "h",
      "tool": "h"
    },
    "8": {
      "acap": "vh",
      "apex": "l",
      "cplx": "h",
      "data": "l",
      "docu": "n",
      "flex": "h",
      "ltex": "l",
      "pcap": "h",
      "pcon": "n",
      "plex": "h",
      "pmat": "n",
      "prec": "h",
      "pvol": "h",
      "rely": "h",
      "resl": "h",
      "ruse": "n",
      "sced": "l",
      "site": "n",
      "stor": "vh",
      "team": "vh",
      "time": "n",
      "tool": "h"
    },
    "9": {
      "acap": "vh",
      "apex": "vh",
      "cplx": "n",
      "data": "vh",
      "docu": "n",
      "flex": "h",
      "ltex": "n",
      "pcap": "n",
      "pcon": "n",
      "plex": "n",
      "pmat": "h",
      "prec": "h",
      "pvol": "h",
      "rely": "n",
      "resl": "h",
      "ruse": "n",
      "sced": "l",
      "site": "n",
      "stor": "h",
      "team": "vh",
      "time": "h",
      "tool": "n"
    },
    "10": {
      "acap": "n",
      "apex": "h",
      "cplx": "xh",
      "data": "n",
      "docu": "n",
      "flex": "h",
      "ltex": "h",
      "pcap": "h",
      "pcon": "n",
      "plex": "h",
      "pmat": "n",
      "prec": "h",
      "pvol": "l",
      "rely": "vh",
      "resl": "h",
      "ruse": "n",
      "sced": "n",
      "site": "n",
      "stor": "h",
      "team": "vh",
      "time": "h",
      "tool": "n"
    },
    "11": {
      "acap": "n",
      "apex": "h",
      "cplx": "l",
      "data": "vh",
      "docu": "n",