{
  "incumbent_ids": [
    6
  ],
  "rejected_config_ids": [
    2,
    1,
    4,
    5,
    3,
    7,
    8,
    9,
    10,
    11,
    12
  ],
  "incumbents_changed": 3,
  "trajectory": [
    {
      "config_ids": [
        1
      ],
      "costs": [
        0.16154896123828189
      ],
      "trial": 1,
      "walltime": 0.3106808662414551
    },
    {
      "config_ids": [
        3
      ],
      "costs": [
        0.1507533362625213
      ],
      "trial": 3,
      "walltime": 0.34494900703430176
    },
    {
      "config_ids": [
        6
      ],
      "costs": [
        0.06344796649000184
      ],
      "trial": 6,
      "walltime": 4.484173059463501
    }
  ],
  "state": {
    "queue": [
      [
        12,
        1
      ]
    ]
  }
}