{
  "incumbent_ids": [
    8
  ],
  "rejected_config_ids": [
    1,
    3,
    2,
    5,
    6,
    7,
    4,
    9,
    10,
    11,
    12,
    13,
    14,
    15,
    16,
    17,
    18,
    19,
    20
  ],
  "incumbents_changed": 4,
  "trajectory": [
    {
      "config_ids": [
        1
      ],
      "costs": [
        0.5352652386804555
      ],
      "trial": 1,
      "walltime": 0.3003392219543457
    },
    {
      "config_ids": [
        2
      ],
      "costs": [
        0.4545626677752048
      ],
      "trial": 2,
      "walltime": 0.5755138397216797
    },
    {
      "config_ids": [
        4
      ],
      "costs": [
        0.39598577465334617
      ],
      "trial": 4,
      "walltime": 1.2507338523864746
    },
    {
      "config_ids": [
        8
      ],
      "costs": [
        0.2902763425248186
      ],
      "trial": 8,
      "walltime": 2.445568323135376
    }
  ],
  "state": {
    "queue": []
  }
}