{
  "stats": {
    "submitted": 6,
    "finished": 6,
    "running": 0
  },
  "data": [
    [
      1,
      null,
      1603867075,
      null,
      0.4443560329006454,
      0.002927064895629883,
      1,
      1763462281.319202,
      1763462281.3240118,
      {}
    ],
    [
      2,
      null,
      1603867075,
      null,
      0.2460034173821266,
      0.0024607181549072266,
      1,
      1763462283.8596015,
      1763462283.8638868,
      {}
    ],
    [
      3,
      null,
      1603867075,
      null,
      0.5826217083801354,
      0.0009553432464599609,
      1,
      1763462283.8712714,
      1763462283.873886,
      {}
    ],
    [
      4,
      null,
      1603867075,
      null,
      0.33709518515748493,
      0.0009686946868896484,
      1,
      1763462283.8803854,
      1763462283.8829455,
      {}
    ],
    [
      5,
      null,
      1603867075,
      null,
      0.3923487428303869,
      0.001115560531616211,
      1,
      1763462283.8898826,
      1763462283.8925974,
      {}
    ],
    [
      6,
      null,
      1603867075,
      null,
      0.4801170883969996,
      0.0011515617370605469,
      1,
      1763462283.900138,
      1763462283.9028413,
      {}
    ]
  ],
  "configs": {
    "1": {
      " ACAP": 2.6835707277059555,
      " AEXP": 2.8557928018271923,
      " CPLx": 5.274676015600562,
      " DOCU": 2.1011795047670603,
      " ETAT": 3.807606455093249,
      " FLEx": 4.7729340041745445,
      " KLOC": 83.45059305850882,
      " LTEx": 2.9588859528303146,
      " PCAP": 3.0,
      " PCON": 2.565398215316236,
      " PLEx": 3.0,
      " PMAT": 1.894307759590447,
      " PREC": 1.1316339606419206,
      " PVOL": 2.0,
      " RELY": 5.0,
      " RESL": 2.5812880378216505,
      " RUSE": 3.1098603289574385,
      " SCED": 1.595433471724391,
      " SITE": 3.0,
      " STOR": 4.531935391947627,
      " TEAM": 2.4834372559562325,
      " TIME": 5.662494985386729,
      " TOOL": 2.4531864188611507,
      "DATA": 4.24223391211126
    },
    "2": {
      " ACAP": 2.9992361694403065,
      " AEXP": 2.1080023305923326,
      " CPLx": 5.23960102311217,
      " DOCU": 2.3774621693957343,
      " ETAT": 1.1170086721368537,
      " FLEx": 2.0755323360224014,
      " KLOC": 75.44932699435924,
      " LTEx": 2.2929066269464458,
      " PCAP": 3.0,
      " PCON": 2.5010417916156076,
      " PLEx": 3.0,
      " PMAT": 1.3327430429851752,
      " PREC": 1.8975158160675805,
      " PVOL": 2.0,
      " RELY": 5.0,
      " RESL": 1.4332219707706577,
      " RUSE": 3.5554049295373065,
      " SCED": 2.3534287652703476,
      " SITE": 3.0,
      " STOR": 4.583795387904638,
      " TEAM": 2.8678406066540596,
      " TIME": 5.265301363716277,
      " TOOL": 2.4497359116564876,
      "DATA": 2.138782710815518
    },
    "3": {
      " ACAP": 2.9999233873434896,
      " AEXP": 2.2383561647463934,
      " CPLx": 5.221409371483104,
      " DOCU": 3.215850087960254,
      " ETAT": 3.490937687760883,
      " FLEx": 3.5188970402070976,
      " KLOC": 119.31301580984096,
      " LTEx": 2.448640576062007,
      " PCAP": 3.0,
      " PCON": 2.703370915959293,
      " PLEx": 3.0,
      " PMAT": 1.4611572359075682,
      " PREC": 1.8212341860237267,
      " PVOL": 2.0,
      " RELY": 5.0,
      " RESL": 1.8204620385236652,
      " RUSE": 2.5492411957452634,
      " SCED": 2.005252907506434,
      " SITE": 3.0,
      " STOR": 3.0884799682777224,
      " TEAM": 2.8676350106212696,
      " TIME": 3.8843451691549693,
      " TOOL": 2.381052939840076,
      "DATA": 3.7053847077870916
    },
    "4": {
      " ACAP": 2.985011790592903,
      " AEXP": 2.275317363275644,
      " CPLx": 5.580742176127255,
      " DOCU": 3.0467357836180637,
      " ETAT": 1.0338943221385346,
      " FLEx": 3.125939168709627,
      " KLOC": 117.95804102231764,
      " LTEx": 3.8171482339436094,
      " PCAP": 3.0,
      " PCON": 2.5117720632132428,
      " PLEx": 3.0,
      " PMAT": 1.9043890182039147,
      " PREC": 1.9902415843854109,
      " PVOL": 2.0,
      " RELY": 5.0,
      " RESL": 1.3098072606468,
      " RUSE": 2.083212624706657,
      " SCED": 2.0126671030537677,
      " SITE": 3.0,
      " STOR": 3.441115440222844,
      " TEAM": 2.364102057707547,
      " TIME": 3.648992477823489,
      " TOOL": 2.15943047507387,
      "DATA": 3.185134613326247
    },
    "5": {
      " ACAP": 2.9994063343665505,
      " AEXP": 2.670538588463213,
      " CPLx": 5.093009954175114,
      " DOCU": 3.192830928273694,
      " ETAT": 1.770470733357286,
      " FLEx": 3.0584282986596723,
      " KLOC": 102.13057630111213,
      " LTEx": 3.9095516111852198,
      " PCAP": 3.0,
      " PCON": 2.4931144058848846,
      " PLEx": 3.0,
      " PMAT": 1.291873224453778,
      " PREC": 1.6914724988202061,
      " PVOL": 2.0,
      " RELY": 5.0,
      " RESL": 1.4639511548151976,
      " RUSE": 2.0463654730652285,
      " SCED": 1.0506496597325874,
      " SITE": 3.0,
      " STOR": 4.335883609847869,
      " TEAM": 2.9711654907964977,
      " TIME": 5.879944332496655,
      " TOOL": 2.082681236835178,
      "DATA": 2.6700402164956634
    },
    "6": {
      " ACAP": 2.999863472508978,
      " AEXP": 2.3775110458153166,
      " CPLx": 5.61156465054749,
      " DOCU": 2.7258833810098153,
      " ETAT": 1.1177397869489596,
      " FLEx": 4.510604733774761,
      " KLOC": 120.76446641255073,
      " LTEx": 2.772532510464569,
      " PCAP": 3.0,
      " PCON": 2.8908390589976984,
      " PLEx": 3.0,
      " PMAT": 3.108443826145731,
      " PREC": 1.164902706471811,
      " PVOL": 2.0,
      " RELY": 5.0,
      " RESL": 1.786681544990638,
      " RUSE": 2.082428700686241,
      " SCED": 1.1812460175528943,
      " SITE": 3.0,
      " STOR": 4.662434007540625,
      " TEAM": 2.733118423032126,
      " TIME": 4.542025760505172,
      " TOOL": 2.1395597320323687,
      "DATA": 3.2451765083205992
    }
  },
  "config_origins": {
    "1": "Initial Design: Sobol",
    "2": "Acquisition Function Maximizer: Local Search",
    "3": "Acquisition Function Maximizer: Local Search",
    "4": "Acquisition Function Maximizer: Local Search",
    "5": "Acquisition Function Maximizer: Local Search",
    "6": "Acquisition Function Maximizer: Local Search"
  }
}