{
  "incumbent_ids": [
    2
  ],
  "rejected_config_ids": [
    1,
    3,
    4,
    5
  ],
  "incumbents_changed": 2,
  "trajectory": [
    {
      "config_ids": [
        1
      ],
      "costs": [
        0.0025628327349263014
      ],
      "trial": 1,
      "walltime": 0.6870455741882324
    },
    {
      "config_ids": [
        2
      ],
      "costs": [
        1.074829187674986e-05
      ],
      "trial": 2,
      "walltime": 27.86691379547119
    }
  ],
  "state": {
    "queue": [
      [
        5,
        1
      ]
    ]
  }
}