{
  "incumbent_ids": [
    12
  ],
  "rejected_config_ids": [
    1,
    2,
    4,
    5,
    6,
    7,
    8,
    9,
    10,
    11,
    3,
    13,
    14,
    15,
    16,
    17,
    18,
    19,
    20,
    21,
    22,
    23,
    24
  ],
  "incumbents_changed": 4,
  "trajectory": [
    {
      "config_ids": [
        1
      ],
      "costs": [
        0.24273427092296207
      ],
      "trial": 1,
      "walltime": 0.020544767379760742
    },
    {
      "config_ids": [
        2
      ],
      "costs": [
        0.1534898091700858
      ],
      "trial": 2,
      "walltime": 0.04144454002380371
    },
    {
      "config_ids": [
        3
      ],
      "costs": [
        0.1004320033245154
      ],
      "trial": 3,
      "walltime": 3.1891987323760986
    },
    {
      "config_ids": [
        12
      ],
      "costs": [
        0.03462759024985107
      ],
      "trial": 12,
      "walltime": 6.8392555713653564
    }
  ],
  "state": {
    "queue": [
      [
        24,
        1
      ]
    ]
  }
}