{
  "incumbent_ids": [
    49
  ],
  "rejected_config_ids": [
    2,
    3,
    4,
    5,
    6,
    7,
    8,
    9,
    10,
    11,
    12,
    13,
    14,
    15,
    16,
    17,
    18,
    19,
    20,
    21,
    22,
    23,
    24,
    25,
    26,
    27,
    28,
    29,
    30,
    31,
    32,
    33,
    34,
    35,
    36,
    37,
    38,
    39,
    40,
    41,
    1,
    43,
    44,
    45,
    46,
    47,
    48,
    42,
    50,
    51,
    52,
    53,
    54,
    55,
    56,
    57,
    58,
    59,
    60,
    61,
    62,
    63,
    64,
    65,
    66,
    67,
    68,
    69,
    70,
    71,
    72,
    73,
    74,
    75,
    76,
    77,
    78,
    79,
    80,
    81,
    82,
    83,
    84,
    85,
    86,
    87,
    88,
    89,
    90,
    91,
    92,
    93,
    94,
    95,
    96,
    97,
    98,
    99,
    100
  ],
  "incumbents_changed": 3,
  "trajectory": [
    {
      "config_ids": [
        1
      ],
      "costs": [
        0.4447644744637025
      ],
      "trial": 1,
      "walltime": 0.013868093490600586
    },
    {
      "config_ids": [
        42
      ],
      "costs": [
        0.4141139625444422
      ],
      "trial": 42,
      "walltime": 13.252642154693604
    },
    {
      "config_ids": [
        49
      ],
      "costs": [
        0.4009786293608293
      ],
      "trial": 49,
      "walltime": 16.54868507385254
    }
  ],
  "state": {
    "queue": [
      [
        100,
        1
      ]
    ]
  }
}