{
  "incumbent_ids": [
    25
  ],
  "rejected_config_ids": [
    1,
    3,
    2,
    5,
    6,
    7,
    8,
    9,
    10,
    11,
    12,
    13,
    14,
    15,
    16,
    17,
    18,
    19,
    20,
    21,
    22,
    23,
    24,
    4,
    26,
    27,
    28,
    29,
    30,
    31,
    32,
    33,
    34,
    35,
    36,
    37,
    38,
    39,
    40,
    41,
    42,
    43,
    44,
    45,
    46,
    47,
    48,
    49,
    50
  ],
  "incumbents_changed": 4,
  "trajectory": [
    {
      "config_ids": [
        1
      ],
      "costs": [
        0.3800429319523875
      ],
      "trial": 1,
      "walltime": 0.00792384147644043
    },
    {
      "config_ids": [
        2
      ],
      "costs": [
        0.3509342936373666
      ],
      "trial": 2,
      "walltime": 0.01517486572265625
    },
    {
      "config_ids": [
        4
      ],
      "costs": [
        0.27808915577889937
      ],
      "trial": 4,
      "walltime": 0.028501510620117188
    },
    {
      "config_ids": [
        25
      ],
      "costs": [
        0.18187262852560948
      ],
      "trial": 25,
      "walltime": 4.261460781097412
    }
  ],
  "state": {
    "queue": [
      [
        50,
        1
      ]
    ]
  }
}