{
  "stats": {
    "submitted": 12,
    "finished": 12,
    "running": 0
  },
  "data": [
    [
      1,
      null,
      1687321482,
      null,
      0.8101276936321918,
      0.0029931068420410156,
      1,
      1763453483.3844872,
      1763453483.3894405,
      {}
    ],
    [
      2,
      null,
      1687321482,
      null,
      0.7913436257789057,
      0.002630472183227539,
      1,
      1763453485.2613437,
      1763453485.2656078,
      {}
    ],
    [
      3,
      null,
      1687321482,
      null,
      0.9591402211738419,
      0.0011546611785888672,
      1,
      1763453485.2730458,
      1763453485.275803,
      {}
    ],
    [
      4,
      null,
      1687321482,
      null,
      0.8436752500341678,
      0.0008392333984375,
      1,
      1763453485.2822554,
      1763453485.2847111,
      {}
    ],
    [
      5,
      null,
      1687321482,
      null,
      0.7551693524879459,
      0.0008714199066162109,
      1,
      1763453485.291523,
      1763453485.2939556,
      {}
    ],
    [
      6,
      null,
      1687321482,
      null,
      0.7513453648943956,
      0.0008842945098876953,
      1,
      1763453485.301912,
      1763453485.3046257,
      {}
    ],
    [
      7,
      null,
      1687321482,
      null,
      0.8463664161973021,
      0.0008733272552490234,
      1,
      1763453485.3126256,
      1763453485.3150961,
      {}
    ],
    [
      8,
      null,
      1687321482,
      null,
      0.8174206648353423,
      0.0008540153503417969,
      1,
      1763453485.3224533,
      1763453485.3251033,
      {}
    ],
    [
      9,
      null,
      1687321482,
      null,
      0.7087890057796483,
      0.0008111000061035156,
      1,
      1763453485.3335075,
      1763453485.3360333,
      {}
    ],
    [
      10,
      null,
      1687321482,
      null,
      0.8320974513152967,
      0.005023002624511719,
      1,
      1763453487.1934705,
      1763453487.2003071,
      {}
    ],
    [
      11,
      null,
      1687321482,
      null,
      0.43087562284536074,
      0.0009944438934326172,
      1,
      1763453487.2119474,
      1763453487.2145305,
      {}
    ],
    [
      12,
      null,
      1687321482,
      null,
      0.43087562284536074,
      0.00039649009704589844,
      1,
      1763453487.2296083,
      1763453487.2350702,
      {}
    ]
  ],
  "configs": {
    "1": {
      "Avg_Utilization_Ratio": 0.826023619685322,
      "CLIENTNUM": 739818744.5849509,
      "Contacts_Count_12_mon": 2.9297712575644255,
      "Customer_Age": 32.196661782450974,
      "Dependent_count": 4.3994696624577045,
      "Months_Inactive_12_mon": 2.7551013585180044,
      "Months_on_book": 41.946675521321595,
      "Naive_Bayes_Classifier_Attrition_Flag_Card_Category_Contacts_Count_12_mon_Dependent_count_Education_Level_Months_Inactive_12_mon_1": 0.19740627272307318,
      "Naive_Bayes_Classifier_Attrition_Flag_Card_Category_Contacts_Count_12_mon_Dependent_count_Education_Level_Months_Inactive_12_mon_2": 0.0837518537939635,
      "Total_Amt_Chng_Q4_Q1": 0.16782995615620164,
      "Total_Relationship_Count": 2.4653245732188225,
      "Total_Trans_Amt": 1585.8653596937656,
      "Total_Trans_Ct": 76.32050679437816,
      "attrition_Flag": "Attrited Customer",
      "card_Category": "Blue",
      "education_Level": "High School",
      "gender": "F",
      "income_Category": "Unknown",
      "marital_Status": "Divorced"
    },
    "2": {
      "Avg_Utilization_Ratio": 0.9982309487505846,
      "CLIENTNUM": 810836531.5013765,
      "Contacts_Count_12_mon": 3.8082576312548952,
      "Customer_Age": 62.10337072928031,
      "Dependent_count": 4.289942396955128,
      "Months_Inactive_12_mon": 0.7553728351844131,
      "Months_on_book": 27.030072525709524,
      "Naive_Bayes_Classifier_Attrition_Flag_Card_Category_Contacts_Count_12_mon_Dependent_count_Education_Level_Months_Inactive_12_mon_1": 0.43906021473873186,
      "Naive_Bayes_Classifier_Attrition_Flag_Card_Category_Contacts_Count_12_mon_Dependent_count_Education_Level_Months_Inactive_12_mon_2": 0.7256194905217339,
      "Total_Amt_Chng_Q4_Q1": 3.0948371012727813,
      "Total_Relationship_Count": 5.637376522971819,
      "Total_Trans_Amt": 17628.416764306483,
      "Total_Trans_Ct": 21.776389442525684,
      "attrition_Flag": "Attrited Customer",
      "card_Category": "Gold",
      "education_Level": "Unknown",
      "gender": "M",
      "income_Category": "$40K - $60K",
      "marital_Status": "Divorced"
    },
    "3": {
      "Avg_Utilization_Ratio": 0.08233439771357791,
      "CLIENTNUM": 788997461.8591368,
      "Contacts_Count_12_mon": 4.791899940307412,
      "Customer_Age": 53.382294639797934,
      "Dependent_count": 1.3633221922678729,
      "Months_Inactive_12_mon": 2.11022329802155,
      "Months_on_book": 51.62680684744156,
      "Naive_Bayes_Classifier_Attrition_Flag_Card_Category_Contacts_Count_12_mon_Dependent_count_Education_Level_Months_Inactive_12_mon_1": 0.432730460925639,
      "Naive_Bayes_Classifier_Attrition_Flag_Card_Category_Contacts_Count_12_mon_Dependent_count_Education_Level_Months_Inactive_12_mon_2": 0.03383101467352166,
      "Total_Amt_Chng_Q4_Q1": 2.338193152898417,
      "Total_Relationship_Count": 4.25723909453167,
      "Total_Trans_Amt": 2702.351086433399,
      "Total_Trans_Ct": 18.855519190324486,
      "attrition_Flag": "Existing Customer",
      "card_Category": "Platinum",
      "education_Level": "Unknown",
      "gender": "F",
      "income_Category": "Less than $40K",
      "marital_Status": "Divorced"
    },
    "4": {
      "Avg_Utilization_Ratio": 0.9988876487844003,
      "CLIENTNUM": 827677957.0605313,
      "Contacts_Count_12_mon": 4.473081382954623,
      "Customer_Age": 67.08458220213387,
      "Dependent_count": 4.611270170136676,
      "Months_Inactive_12_mon": 0.3274199596585933,
      "Months_on_book": 39.80317875281098,
      "Naive_Bayes_Classifier_Attrition_Flag_Card_Category_Contacts_Count_12_mon_Dependent_count_Education_Level_Months_Inactive_12_mon_1": 0.06721041562248649,
      "Naive_Bayes_Classifier_Attrition_Flag_Card_Category_Contacts_Count_12_mon_Dependent_count_Education_Level_Months_Inactive_12_mon_2": 0.08932123260773579,
      "Total_Amt_Chng_Q4_Q1": 0.36126202252587303,
      "Total_Relationship_Count": 5.154640224791518,
      "Total_Trans_Amt": 731.2125115614164,
      "Total_Trans_Ct": 13.035506723752002,
      "attrition_Flag": "Attrited Customer",
      "card_Category": "Platinum",
      "education_Level": "Uneducated",
      "gender": "F",
      "income_Category": "$60K - $80K",
      "marital_Status": "Married"
    },
    "5": {
      "Avg_Utilization_Ratio": 0.7737955778445865,
      "CLIENTNUM": 740859707.4899217,
      "Contacts_Count_12_mon": 4.720253876972559,
      "Customer_Age": 38.804828423298396,
      "Dependent_count": 1.1404917727222308,
      "Months_Inactive_12_mon": 4.073217310409725,
      "Months_on_book": 30.86320630489561,
      "Naive_Bayes_Classifier_Attrition_Flag_Card_Category_Contacts_Count_12_mon_Dependent_count_Education_Level_Months_Inactive_12_mon_1": 0.8353276670125374,
      "Naive_Bayes_Classifier_Attrition_Flag_Card_Category_Contacts_Count_12_mon_Dependent_count_Education_Level_Months_Inactive_12_mon_2": 0.5745974458428041,
      "Total_Amt_Chng_Q4_Q1": 2.7942804524514973,
      "Total_Relationship_Count": 2.976565060739569,
      "Total_Trans_Amt": 17871.335840696927,
      "Total_Trans_Ct": 113.23510355368637,
      "attrition_Flag": "Existing Customer",
      "card_Category": "Gold",
      "education_Level": "Post-Graduate",
      "gender": "F",
      "income_Category": "$80K - $120K",
      "marital_Status": "Single"
    },
    "6": {
      "Avg_Utilization_Ratio": 0.24858399728108574,
      "CLIENTNUM": 712596877.3343488,
      "Contacts_Count_12_mon": 5.495143738064435,
      "Customer_Age": 65.87358938553544,
      "Dependent_count": 3.208908354521231,
      "Months_Inactive_12_mon": 2.17249316710485,