{
  "incumbent_ids": [
    4
  ],
  "rejected_config_ids": [
    2,
    1,
    3,
    5,
    6
  ],
  "incumbents_changed": 3,
  "trajectory": [
    {
      "config_ids": [
        1
      ],
      "costs": [
        0.21087432661816796
      ],
      "trial": 1,
      "walltime": 0.014669179916381836
    },
    {
      "config_ids": [
        3
      ],
      "costs": [
        0.18463615324399751
      ],
      "trial": 3,
      "walltime": 2.841130256652832
    },
    {
      "config_ids": [
        4
      ],
      "costs": [
        0.1357375358792534
      ],
      "trial": 4,
      "walltime": 2.854822874069214
    }
  ],
  "state": {
    "queue": [
      [
        6,
        1
      ]
    ]
  }
}