{"config": {"Criticality": 0.5490122830872608, "Criticality Modifier": 0.7930935928173666, "Culture": 0.5298037921169524, "Dynamism": 0.1781896836566504, "Initial Known": 0.7019162261451645, "Inter-Dependency": 0.6835257755953122, "Plan": 0.7917059561936597, "Size": 0.1337374968471576, "Team Size": 0.5461439188951493}, "score": 0.13514780686127525, "info": {}}