{
  "incumbent_ids": [
    5
  ],
  "rejected_config_ids": [
    1,
    3,
    4,
    2,
    6
  ],
  "incumbents_changed": 3,
  "trajectory": [
    {
      "config_ids": [
        1
      ],
      "costs": [
        0.49548122920352244
      ],
      "trial": 1,
      "walltime": 0.0040035247802734375
    },
    {
      "config_ids": [
        2
      ],
      "costs": [
        0.27862343234140186
      ],
      "trial": 2,
      "walltime": 0.011116743087768555
    },
    {
      "config_ids": [
        5
      ],
      "costs": [
        0.18869596734350969
      ],
      "trial": 5,
      "walltime": 1.2287609577178955
    }
  ],
  "state": {
    "queue": [
      [
        6,
        1
      ]
    ]
  }
}