{
  "incumbent_ids": [
    10
  ],
  "rejected_config_ids": [
    2,
    3,
    4,
    5,
    6,
    7,
    8,
    9,
    1
  ],
  "incumbents_changed": 2,
  "trajectory": [
    {
      "config_ids": [
        1
      ],
      "costs": [
        0.27798939999373307
      ],
      "trial": 1,
      "walltime": 0.3993034362792969
    },
    {
      "config_ids": [
        10
      ],
      "costs": [
        0.16605410111479146
      ],
      "trial": 10,
      "walltime": 3.2740817070007324
    }
  ],
  "state": {
    "queue": []
  }
}