{
  "incumbent_ids": [
    5
  ],
  "rejected_config_ids": [
    1,
    2,
    4,
    3
  ],
  "incumbents_changed": 4,
  "trajectory": [
    {
      "config_ids": [
        1
      ],
      "costs": [
        0.36013061784396294
      ],
      "trial": 1,
      "walltime": 1.6491739749908447
    },
    {
      "config_ids": [
        2
      ],
      "costs": [
        0.3590900172090805
      ],
      "trial": 2,
      "walltime": 3.3241689205169678
    },
    {
      "config_ids": [
        3
      ],
      "costs": [
        0.33642455306519836
      ],
      "trial": 3,
      "walltime": 5.0068464279174805
    },
    {
      "config_ids": [
        5
      ],
      "costs": [
        0.2346205485176006
      ],
      "trial": 5,
      "walltime": 8.550869703292847
    }
  ],
  "state": {
    "queue": []
  }
}