{
  "incumbent_ids": [
    4
  ],
  "rejected_config_ids": [
    2,
    3,
    1,
    5,
    6
  ],
  "incumbents_changed": 2,
  "trajectory": [
    {
      "config_ids": [
        1
      ],
      "costs": [
        0.4893697889292481
      ],
      "trial": 1,
      "walltime": 0.012664079666137695
    },
    {
      "config_ids": [
        4
      ],
      "costs": [
        0.3911297799568667
      ],
      "trial": 4,
      "walltime": 1.181800365447998
    }
  ],
  "state": {
    "queue": [
      [
        6,
        1
      ]
    ]
  }
}