{'Clndrs': 4.0, 'Volume': 97.0, 'Model': 82.0, 'origin': 2.0}, {'Clndrs': 4.0, 'Volume': 89.0, 'Model': 81.0, 'origin': 3.0}, {'Clndrs': 4.0, 'Volume': 90.0, 'Model': 78.0, 'origin': 2.0}, {'Clndrs': 4.0, 'Volume': 97.0, 'Model': 82.0, 'origin': 2.0}, {'Clndrs': 5.0, 'Volume': 121.0, 'Model': 80.0, 'origin': 2.0}, {'Clndrs': 4.0, 'Volume': 85.0, 'Model': 76.0, 'origin': 1.0}, {'Clndrs': 4.0, 'Volume': 79.0, 'Model': 77.0, 'origin': 2.0}, {'Clndrs': 4.0, 'Volume': 85.0, 'Model': 81.0, 'origin': 3.0}, {'Clndrs': 4.0, 'Volume': 90.0, 'Model': 78.0, 'origin': 2.0}, {'Clndrs': 4.0, 'Volume': 97.0, 'Model': 82.0, 'origin': 2.0}, {'Clndrs': 4.0, 'Volume': 90.0, 'Model': 78.0, 'origin': 2.0}, {'Clndrs': 4.0, 'Volume': 90.0, 'Model': 78.0, 'origin': 2.0}, {'Clndrs': 4.0, 'Volume': 97.0, 'Model': 82.0, 'origin': 2.0}, {'Clndrs': 4.0, 'Volume': 85.0, 'Model': 76.0, 'origin': 1.0}, {'Clndrs': 4.0, 'Volume': 97.0, 'Model': 82.0, 'origin': 2.0}, {'Clndrs': 4.0, 'Volume': 97.0, 'Model': 82.0, 'origin': 2.0}, {'Clndrs': 4.0, 'Volume': 97.0, 'Model': 82.0, 'origin': 2.0}, {'Clndrs': 4.0, 'Volume': 90.0, 'Model': 78.0, 'origin': 2.0}, {'Clndrs': 4.0, 'Volume': 97.0, 'Model': 82.0, 'origin': 2.0}, {'Clndrs': 4.0, 'Volume': 85.0, 'Model': 78.0, 'origin': 3.0}
0.16745989117220028, 0.30394627244639594, 0.19339815732352839, 0.16745989117220028, 0.31159152325128536, 0.30998225385304745, 0.2596851205899111, 0.24245318422143292, 0.19339815732352839, 0.16745989117220028, 0.19339815732352839, 0.19339815732352839, 0.16745989117220028, 0.30998225385304745, 0.16745989117220028, 0.16745989117220028, 0.16745989117220028, 0.19339815732352839, 0.16745989117220028, 0.26800809420993543
0.25839948654174805, 0.2599668502807617, 0.2202451229095459, 0.2742316722869873, 0.2423553466796875, 0.22476696968078613, 0.21614503860473633, 0.2342672348022461, 0.21010351181030273, 0.3640446662902832, 0.24751901626586914, 0.23433232307434082, 0.2655649185180664, 0.21907567977905273, 0.24007225036621094, 0.23284196853637695, 0.18364715576171875, 0.2539832592010498, 0.21392107009887695, 0.28600525856018066