{'Clndrs': 4.0, 'Volume': 98.0, 'Model': 82.0, 'origin': 1.0}, {'Clndrs': 4.0, 'Volume': 98.0, 'Model': 82.0, 'origin': 1.0}, {'Clndrs': 4.0, 'Volume': 90.0, 'Model': 78.0, 'origin': 2.0}, {'Clndrs': 4.0, 'Volume': 97.0, 'Model': 82.0, 'origin': 2.0}, {'Clndrs': 4.0, 'Volume': 97.0, 'Model': 81.0, 'origin': 3.0}, {'Clndrs': 4.0, 'Volume': 85.0, 'Model': 76.0, 'origin': 1.0}, {'Clndrs': 4.0, 'Volume': 85.0, 'Model': 76.0, 'origin': 1.0}, {'Clndrs': 4.0, 'Volume': 85.0, 'Model': 80.0, 'origin': 3.0}, {'Clndrs': 4.0, 'Volume': 97.0, 'Model': 70.0, 'origin': 2.0}, {'Clndrs': 5.0, 'Volume': 121.0, 'Model': 80.0, 'origin': 2.0}, {'Clndrs': 4.0, 'Volume': 97.0, 'Model': 71.0, 'origin': 2.0}, {'Clndrs': 4.0, 'Volume': 97.0, 'Model': 73.0, 'origin': 2.0}, {'Clndrs': 4.0, 'Volume': 68.0, 'Model': 73.0, 'origin': 2.0}, {'Clndrs': 4.0, 'Volume': 97.0, 'Model': 70.0, 'origin': 2.0}, {'Clndrs': 4.0, 'Volume': 98.0, 'Model': 82.0, 'origin': 1.0}, {'Clndrs': 4.0, 'Volume': 98.0, 'Model': 82.0, 'origin': 1.0}, {'Clndrs': 4.0, 'Volume': 97.0, 'Model': 82.0, 'origin': 2.0}, {'Clndrs': 5.0, 'Volume': 121.0, 'Model': 80.0, 'origin': 2.0}, {'Clndrs': 4.0, 'Volume': 97.0, 'Model': 82.0, 'origin': 2.0}, {'Clndrs': 4.0, 'Volume': 72.0, 'Model': 71.0, 'origin': 3.0}
0.30706763493134415, 0.30706763493134415, 0.19339815732352839, 0.16745989117220028, 0.3829859092340627, 0.30998225385304745, 0.30998225385304745, 0.25394722064135844, 0.3263298147356364, 0.31159152325128536, 0.35266393508851945, 0.3216062143047753, 0.34385632337349503, 0.3263298147356364, 0.30706763493134415, 0.30706763493134415, 0.16745989117220028, 0.31159152325128536, 0.16745989117220028, 0.27467083302654305
0.20627498626708984, 0.15121865272521973, 0.14171218872070312, 0.14493894577026367, 0.1654808521270752, 0.16817903518676758, 0.35214781761169434, 0.13271141052246094, 0.12317252159118652, 0.12401318550109863, 0.12215590476989746, 0.23337435722351074, 0.13370871543884277, 0.15521574020385742, 0.1205894947052002, 0.09427785873413086, 0.1314549446105957, 0.10822558403015137, 0.09953594207763672, 0.14551854133605957