{'Spout_wait': 8.0, 'Spliters': 6.0, 'Counters': 18.0}, {'Spout_wait': 9.0, 'Spliters': 3.0, 'Counters': 17.0}, {'Spout_wait': 10.0, 'Spliters': 6.0, 'Counters': 17.0}, {'Spout_wait': 10.0, 'Spliters': 5.0, 'Counters': 17.0}, {'Spout_wait': 8.0, 'Spliters': 6.0, 'Counters': 17.0}, {'Spout_wait': 10.0, 'Spliters': 6.0, 'Counters': 17.0}, {'Spout_wait': 10.0, 'Spliters': 6.0, 'Counters': 17.0}, {'Spout_wait': 9.0, 'Spliters': 6.0, 'Counters': 17.0}, {'Spout_wait': 9.0, 'Spliters': 6.0, 'Counters': 17.0}, {'Spout_wait': 9.0, 'Spliters': 5.0, 'Counters': 17.0}, {'Spout_wait': 10.0, 'Spliters': 6.0, 'Counters': 17.0}, {'Spout_wait': 7.0, 'Spliters': 3.0, 'Counters': 17.0}, {'Spout_wait': 10.0, 'Spliters': 4.0, 'Counters': 17.0}, {'Spout_wait': 10.0, 'Spliters': 6.0, 'Counters': 17.0}, {'Spout_wait': 9.0, 'Spliters': 3.0, 'Counters': 17.0}, {'Spout_wait': 5.0, 'Spliters': 3.0, 'Counters': 17.0}, {'Spout_wait': 5.0, 'Spliters': 5.0, 'Counters': 17.0}, {'Spout_wait': 10.0, 'Spliters': 6.0, 'Counters': 17.0}, {'Spout_wait': 8.0, 'Spliters': 4.0, 'Counters': 17.0}, {'Spout_wait': 10.0, 'Spliters': 5.0, 'Counters': 18.0}
0.02340892060562716, 0.020033994250278075, 0.000747363758841324, 0.019199269545525532, 0.006111178207122481, 0.000747363758841324, 0.000747363758841324, 0.008586239120553896, 0.008586239120553896, 0.020466796587967684, 0.000747363758841324, 0.02967052168107598, 0.03413510224963634, 0.000747363758841324, 0.020033994250278075, 0.021277644326842537, 0.024147530214372992, 0.000747363758841324, 0.0381354535975994, 0.03932649393228327
0.8796169757843018, 0.4935481548309326, 0.4409294128417969, 0.27887821197509766, 0.42357301712036133, 0.30620837211608887, 0.35272741317749023, 0.2732985019683838, 0.26243066787719727, 0.3039278984069824, 0.6157951354980469, 0.7044343948364258, 0.49685192108154297, 0.7984318733215332, 0.8855233192443848, 0.42632079124450684, 0.2780802249908447, 0.30643200874328613, 0.2984952926635742, 0.23731350898742676