{'Spout_wait': 4.0, 'Spliters': 6.0, 'Counters': 11.0}, {'Spout_wait': 1.0, 'Spliters': 3.0, 'Counters': 10.0}, {'Spout_wait': 3.0, 'Spliters': 6.0, 'Counters': 17.0}, {'Spout_wait': 3.0, 'Spliters': 5.0, 'Counters': 15.0}, {'Spout_wait': 4.0, 'Spliters': 3.0, 'Counters': 2.0}, {'Spout_wait': 4.0, 'Spliters': 5.0, 'Counters': 4.0}, {'Spout_wait': 4.0, 'Spliters': 5.0, 'Counters': 14.0}, {'Spout_wait': 3.0, 'Spliters': 6.0, 'Counters': 14.0}, {'Spout_wait': 1.0, 'Spliters': 4.0, 'Counters': 4.0}, {'Spout_wait': 6.0, 'Spliters': 5.0, 'Counters': 6.0}, {'Spout_wait': 5.0, 'Spliters': 5.0, 'Counters': 15.0}, {'Spout_wait': 7.0, 'Spliters': 4.0, 'Counters': 1.0}, {'Spout_wait': 6.0, 'Spliters': 4.0, 'Counters': 2.0}, {'Spout_wait': 4.0, 'Spliters': 2.0, 'Counters': 10.0}, {'Spout_wait': 1.0, 'Spliters': 2.0, 'Counters': 15.0}, {'Spout_wait': 9.0, 'Spliters': 2.0, 'Counters': 9.0}, {'Spout_wait': 5.0, 'Spliters': 4.0, 'Counters': 18.0}, {'Spout_wait': 6.0, 'Spliters': 3.0, 'Counters': 1.0}, {'Spout_wait': 4.0, 'Spliters': 6.0, 'Counters': 10.0}, {'Spout_wait': 6.0, 'Spliters': 6.0, 'Counters': 10.0}
0.09670876531061767, 0.11782921496590071, 0.09407341621182164, 0.07209710043164075, 0.11132036960296687, 0.1988601706154105, 0.08455275560700559, 0.09754741702328729, 0.1669553779185604, 0.09593056136113376, 0.07209759133689941, 0.1782923211059836, 0.06473198371359523, 0.16268666996845638, 0.204010595665866, 0.3483080097482403, 0.08604950129794131, 0.04227664546194576, 0.07305530287202056, 0.06527079973415661
0.22631049156188965, 0.1389331817626953, 0.12973976135253906, 0.13443493843078613, 0.12824058532714844, 0.09754228591918945, 0.10893702507019043, 0.09912729263305664, 0.21314525604248047, 0.20206618309020996, 0.1346273422241211, 0.11396336555480957, 0.15972685813903809, 0.10814619064331055, 0.12169671058654785, 0.19160747528076172, 0.12985777854919434, 0.11673331260681152, 0.17173051834106445, 0.11853790283203125