{'Spout_wait': 5.0, 'Spliters': 5.0, 'Counters': 4.0}, {'Spout_wait': 2.0, 'Spliters': 4.0, 'Counters': 10.0}, {'Spout_wait': 6.0, 'Spliters': 3.0, 'Counters': 2.0}, {'Spout_wait': 2.0, 'Spliters': 5.0, 'Counters': 14.0}, {'Spout_wait': 6.0, 'Spliters': 3.0, 'Counters': 1.0}, {'Spout_wait': 5.0, 'Spliters': 5.0, 'Counters': 1.0}, {'Spout_wait': 4.0, 'Spliters': 5.0, 'Counters': 10.0}, {'Spout_wait': 5.0, 'Spliters': 6.0, 'Counters': 14.0}, {'Spout_wait': 5.0, 'Spliters': 5.0, 'Counters': 10.0}, {'Spout_wait': 5.0, 'Spliters': 6.0, 'Counters': 1.0}, {'Spout_wait': 5.0, 'Spliters': 5.0, 'Counters': 1.0}, {'Spout_wait': 5.0, 'Spliters': 5.0, 'Counters': 1.0}, {'Spout_wait': 3.0, 'Spliters': 4.0, 'Counters': 15.0}, {'Spout_wait': 4.0, 'Spliters': 3.0, 'Counters': 18.0}, {'Spout_wait': 6.0, 'Spliters': 3.0, 'Counters': 1.0}, {'Spout_wait': 5.0, 'Spliters': 5.0, 'Counters': 1.0}, {'Spout_wait': 4.0, 'Spliters': 6.0, 'Counters': 1.0}, {'Spout_wait': 6.0, 'Spliters': 3.0, 'Counters': 1.0}, {'Spout_wait': 5.0, 'Spliters': 5.0, 'Counters': 10.0}, {'Spout_wait': 4.0, 'Spliters': 5.0, 'Counters': 15.0}
0.054612027473105784, 0.054792021290341, 0.05413328559005237, 0.04724666887988782, 0.04227664546194576, 4.1023799471462397e-05, 0.04928309323600877, 0.05053990568724742, 0.04293529150197439, 0.06970230856181392, 4.1023799471462397e-05, 4.1023799471462397e-05, 0.050780020257953695, 0.06820537694265139, 0.04227664546194576, 4.1023799471462397e-05, 0.06341415770644487, 0.04227664546194576, 0.04293529150197439, 0.05317513139432972
0.40340709686279297, 0.3409078121185303, 0.2997703552246094, 0.3926820755004883, 0.2760443687438965, 0.29558825492858887, 0.2415599822998047, 0.39583921432495117, 0.34398627281188965, 0.27266907691955566, 0.3358144760131836, 0.22791814804077148, 0.24399852752685547, 0.2988159656524658, 0.40988826751708984, 0.5689914226531982, 0.3437814712524414, 0.20579218864440918, 0.30918407440185547, 0.2858459949493408