{'Max_spout': 10000.0, 'Spliters': 2.0, 'Counters': 15.0}, {'Max_spout': 10000.0, 'Spliters': 2.0, 'Counters': 15.0}, {'Max_spout': 10000.0, 'Spliters': 2.0, 'Counters': 15.0}, {'Max_spout': 10000.0, 'Spliters': 2.0, 'Counters': 15.0}, {'Max_spout': 10000.0, 'Spliters': 2.0, 'Counters': 15.0}, {'Max_spout': 10000.0, 'Spliters': 2.0, 'Counters': 15.0}, {'Max_spout': 100000.0, 'Spliters': 2.0, 'Counters': 15.0}, {'Max_spout': 1000000.0, 'Spliters': 2.0, 'Counters': 18.0}, {'Max_spout': 100000.0, 'Spliters': 2.0, 'Counters': 17.0}, {'Max_spout': 100000.0, 'Spliters': 2.0, 'Counters': 17.0}, {'Max_spout': 10000.0, 'Spliters': 2.0, 'Counters': 15.0}, {'Max_spout': 10000.0, 'Spliters': 2.0, 'Counters': 15.0}, {'Max_spout': 10000.0, 'Spliters': 2.0, 'Counters': 18.0}, {'Max_spout': 10000.0, 'Spliters': 2.0, 'Counters': 15.0}, {'Max_spout': 10000.0, 'Spliters': 2.0, 'Counters': 15.0}, {'Max_spout': 10000.0, 'Spliters': 2.0, 'Counters': 15.0}, {'Max_spout': 100000.0, 'Spliters': 2.0, 'Counters': 17.0}, {'Max_spout': 10000.0, 'Spliters': 2.0, 'Counters': 15.0}, {'Max_spout': 100000.0, 'Spliters': 2.0, 'Counters': 17.0}, {'Max_spout': 10000.0, 'Spliters': 2.0, 'Counters': 15.0}
0.12284324324612461, 0.12284324324612461, 0.12284324324612461, 0.12284324324612461, 0.12284324324612461, 0.12284324324612461, 0.132539345926719, 0.13380251720146819, 0.12371969767889157, 0.12371969767889157, 0.12284324324612461, 0.12284324324612461, 0.13646979561984285, 0.12284324324612461, 0.12284324324612461, 0.12284324324612461, 0.12371969767889157, 0.12284324324612461, 0.12371969767889157, 0.12284324324612461
0.5137186050415039, 0.3086824417114258, 0.40480995178222656, 0.41120004653930664, 0.33867740631103516, 0.46059751510620117, 0.44197988510131836, 0.517305850982666, 0.3754606246948242, 0.42742013931274414, 0.3793628215789795, 0.33531904220581055, 0.4065096378326416, 0.3204655647277832, 0.29551267623901367, 0.33131837844848633, 0.3750486373901367, 0.3536088466644287, 0.3604285717010498, 0.36212897300720215