{'Max_spout': 1.0, 'Spliters': 1.0, 'Counters': 9.0}, {'Max_spout': 1.0, 'Spliters': 2.0, 'Counters': 1.0}, {'Max_spout': 1.0, 'Spliters': 1.0, 'Counters': 9.0}, {'Max_spout': 1.0, 'Spliters': 1.0, 'Counters': 6.0}, {'Max_spout': 1.0, 'Spliters': 1.0, 'Counters': 15.0}, {'Max_spout': 1.0, 'Spliters': 2.0, 'Counters': 9.0}, {'Max_spout': 1.0, 'Spliters': 1.0, 'Counters': 15.0}, {'Max_spout': 1.0, 'Spliters': 2.0, 'Counters': 15.0}, {'Max_spout': 1.0, 'Spliters': 3.0, 'Counters': 15.0}, {'Max_spout': 1.0, 'Spliters': 1.0, 'Counters': 18.0}, {'Max_spout': 1.0, 'Spliters': 1.0, 'Counters': 12.0}, {'Max_spout': 1.0, 'Spliters': 1.0, 'Counters': 12.0}, {'Max_spout': 1.0, 'Spliters': 1.0, 'Counters': 18.0}, {'Max_spout': 10.0, 'Spliters': 3.0, 'Counters': 18.0}, {'Max_spout': 1.0, 'Spliters': 1.0, 'Counters': 9.0}, {'Max_spout': 1.0, 'Spliters': 1.0, 'Counters': 12.0}, {'Max_spout': 1.0, 'Spliters': 2.0, 'Counters': 9.0}, {'Max_spout': 1000.0, 'Spliters': 2.0, 'Counters': 1.0}, {'Max_spout': 1.0, 'Spliters': 1.0, 'Counters': 6.0}, {'Max_spout': 1.0, 'Spliters': 2.0, 'Counters': 6.0}
0.0018937558904615903, 0.003421972853229538, 0.0018937558904615903, 0.003361783712524935, 0.002165341037543289, 0.007009832850352171, 0.002165341037543289, 0.005399406329548717, 0.012736609384221054, 0.0015707897696076722, 0.0, 0.0, 0.0015707897696076722, 0.17072576359467162, 0.0018937558904615903, 0.0, 0.007009832850352171, 0.0698663801076358, 0.003361783712524935, 0.007622000452152555
0.4797978401184082, 0.26828670501708984, 0.11303520202636719, 0.1797335147857666, 0.15117311477661133, 0.11466431617736816, 0.06972050666809082, 0.0718693733215332, 0.29467296600341797, 0.1222081184387207, 0.06958866119384766, 0.15485930442810059, 0.11616683006286621, 0.11228775978088379, 0.21076178550720215, 0.09148120880126953, 0.14019107818603516, 0.10117292404174805, 0.1106877326965332, 0.08752989768981934