{'Max_spout': 1.0, 'Spliters': 1.0, 'Counters': 9.0}, {'Max_spout': 1.0, 'Spliters': 1.0, 'Counters': 9.0}, {'Max_spout': 1.0, 'Spliters': 1.0, 'Counters': 12.0}, {'Max_spout': 1.0, 'Spliters': 1.0, 'Counters': 12.0}, {'Max_spout': 1.0, 'Spliters': 1.0, 'Counters': 12.0}, {'Max_spout': 1.0, 'Spliters': 1.0, 'Counters': 12.0}, {'Max_spout': 1.0, 'Spliters': 1.0, 'Counters': 12.0}, {'Max_spout': 1.0, 'Spliters': 1.0, 'Counters': 18.0}, {'Max_spout': 1.0, 'Spliters': 2.0, 'Counters': 1.0}, {'Max_spout': 1.0, 'Spliters': 1.0, 'Counters': 12.0}, {'Max_spout': 1.0, 'Spliters': 1.0, 'Counters': 12.0}, {'Max_spout': 1.0, 'Spliters': 1.0, 'Counters': 12.0}, {'Max_spout': 1.0, 'Spliters': 1.0, 'Counters': 12.0}, {'Max_spout': 1.0, 'Spliters': 1.0, 'Counters': 12.0}, {'Max_spout': 1.0, 'Spliters': 1.0, 'Counters': 18.0}, {'Max_spout': 1.0, 'Spliters': 1.0, 'Counters': 12.0}, {'Max_spout': 1.0, 'Spliters': 2.0, 'Counters': 1.0}, {'Max_spout': 1.0, 'Spliters': 1.0, 'Counters': 9.0}, {'Max_spout': 1.0, 'Spliters': 1.0, 'Counters': 12.0}, {'Max_spout': 1.0, 'Spliters': 1.0, 'Counters': 12.0}
0.0018937558904615903, 0.0018937558904615903, 0.0, 0.0, 0.0, 0.0, 0.0, 0.0015707897696076722, 0.003421972853229538, 0.0, 0.0, 0.0, 0.0, 0.0, 0.0015707897696076722, 0.0, 0.003421972853229538, 0.0018937558904615903, 0.0, 0.0
0.3281066417694092, 0.4053618907928467, 0.5046572685241699, 0.49967050552368164, 0.6606786251068115, 0.845768928527832, 0.6478748321533203, 0.2853684425354004, 0.23934578895568848, 0.29939818382263184, 0.16576361656188965, 0.18475055694580078, 0.18741536140441895, 0.258603572845459, 0.20299935340881348, 0.20606350898742676, 0.26442885398864746, 0.23542261123657227, 0.20279598236083984, 0.19921374320983887