{'Max_spout': 1.0, 'Spliters': 1.0, 'Counters': 9.0}, {'Max_spout': 1.0, 'Spliters': 2.0, 'Counters': 1.0}, {'Max_spout': 1.0, 'Spliters': 1.0, 'Counters': 18.0}, {'Max_spout': 1.0, 'Spliters': 1.0, 'Counters': 15.0}, {'Max_spout': 1.0, 'Spliters': 1.0, 'Counters': 12.0}, {'Max_spout': 1.0, 'Spliters': 1.0, 'Counters': 15.0}, {'Max_spout': 1.0, 'Spliters': 1.0, 'Counters': 12.0}, {'Max_spout': 1.0, 'Spliters': 1.0, 'Counters': 18.0}, {'Max_spout': 1.0, 'Spliters': 2.0, 'Counters': 1.0}, {'Max_spout': 1.0, 'Spliters': 1.0, 'Counters': 18.0}, {'Max_spout': 1.0, 'Spliters': 1.0, 'Counters': 12.0}, {'Max_spout': 1.0, 'Spliters': 1.0, 'Counters': 12.0}, {'Max_spout': 1.0, 'Spliters': 1.0, 'Counters': 12.0}, {'Max_spout': 1.0, 'Spliters': 3.0, 'Counters': 18.0}, {'Max_spout': 1.0, 'Spliters': 1.0, 'Counters': 18.0}, {'Max_spout': 1.0, 'Spliters': 1.0, 'Counters': 12.0}, {'Max_spout': 1.0, 'Spliters': 2.0, 'Counters': 1.0}, {'Max_spout': 1.0, 'Spliters': 1.0, 'Counters': 15.0}, {'Max_spout': 1.0, 'Spliters': 1.0, 'Counters': 12.0}, {'Max_spout': 1.0, 'Spliters': 1.0, 'Counters': 18.0}
0.0018937558904615903, 0.003421972853229538, 0.0015707897696076722, 0.002165341037543289, 0.0, 0.002165341037543289, 0.0, 0.0015707897696076722, 0.003421972853229538, 0.0015707897696076722, 0.0, 0.0, 0.0, 0.012992046225260068, 0.0015707897696076722, 0.0, 0.003421972853229538, 0.002165341037543289, 0.0, 0.0015707897696076722
0.28685855865478516, 0.4692819118499756, 0.16254448890686035, 0.17747163772583008, 0.1851818561553955, 0.21923375129699707, 0.12410330772399902, 0.13507080078125, 0.17251968383789062, 0.1134030818939209, 0.08371424674987793, 0.1752150058746338, 0.13261628150939941, 0.11395573616027832, 0.12373161315917969, 0.22454118728637695, 0.1670374870300293, 0.15345144271850586, 0.14449572563171387, 0.1455695629119873