{'Max_spout': 1.0, 'Spliters': 1.0, 'Counters': 12.0}, {'Max_spout': 1.0, 'Spliters': 2.0, 'Counters': 1.0}, {'Max_spout': 1.0, 'Spliters': 1.0, 'Counters': 15.0}, {'Max_spout': 1.0, 'Spliters': 1.0, 'Counters': 15.0}, {'Max_spout': 1.0, 'Spliters': 1.0, 'Counters': 15.0}, {'Max_spout': 1.0, 'Spliters': 1.0, 'Counters': 15.0}, {'Max_spout': 1.0, 'Spliters': 1.0, 'Counters': 15.0}, {'Max_spout': 1.0, 'Spliters': 2.0, 'Counters': 15.0}, {'Max_spout': 1.0, 'Spliters': 1.0, 'Counters': 3.0}, {'Max_spout': 1.0, 'Spliters': 1.0, 'Counters': 9.0}, {'Max_spout': 1.0, 'Spliters': 1.0, 'Counters': 12.0}, {'Max_spout': 1.0, 'Spliters': 1.0, 'Counters': 12.0}, {'Max_spout': 1.0, 'Spliters': 1.0, 'Counters': 15.0}, {'Max_spout': 10000.0, 'Spliters': 3.0, 'Counters': 1.0}, {'Max_spout': 1.0, 'Spliters': 1.0, 'Counters': 15.0}, {'Max_spout': 1.0, 'Spliters': 1.0, 'Counters': 12.0}, {'Max_spout': 1.0, 'Spliters': 1.0, 'Counters': 15.0}, {'Max_spout': 1.0, 'Spliters': 3.0, 'Counters': 12.0}, {'Max_spout': 1.0, 'Spliters': 1.0, 'Counters': 15.0}, {'Max_spout': 1.0, 'Spliters': 2.0, 'Counters': 1.0}
0.0008150532127657595, 0.0019045801973868182, 0.0, 0.0, 0.0, 0.0, 0.0, 0.003507908693956674, 0.0019296845057882317, 0.0012736252462314246, 0.0008150532127657595, 0.0008150532127657595, 0.0, 0.06990210993344015, 0.0, 0.0008150532127657595, 0.0, 0.01014716145584904, 0.0, 0.0019045801973868182
0.21947240829467773, 0.16439223289489746, 0.18134593963623047, 0.17912817001342773, 0.1623995304107666, 0.14986228942871094, 0.12114691734313965, 0.14960026741027832, 0.17749619483947754, 0.12803006172180176, 0.12342500686645508, 0.16585540771484375, 0.39771580696105957, 0.48796796798706055, 0.17103004455566406, 0.13428115844726562, 0.1736302375793457, 0.20987415313720703, 0.17618775367736816, 0.11175704002380371