{'Max_spout': 1.0, 'Spliters': 3.0, 'Counters': 3.0}, {'Max_spout': 1.0, 'Spliters': 6.0, 'Counters': 1.0}, {'Max_spout': 1.0, 'Spliters': 1.0, 'Counters': 15.0}, {'Max_spout': 1.0, 'Spliters': 1.0, 'Counters': 3.0}, {'Max_spout': 1.0, 'Spliters': 2.0, 'Counters': 18.0}, {'Max_spout': 1000.0, 'Spliters': 1.0, 'Counters': 1.0}, {'Max_spout': 1.0, 'Spliters': 1.0, 'Counters': 15.0}, {'Max_spout': 1.0, 'Spliters': 2.0, 'Counters': 15.0}, {'Max_spout': 1000.0, 'Spliters': 6.0, 'Counters': 3.0}, {'Max_spout': 1.0, 'Spliters': 1.0, 'Counters': 9.0}, {'Max_spout': 1.0, 'Spliters': 1.0, 'Counters': 12.0}, {'Max_spout': 1.0, 'Spliters': 1.0, 'Counters': 12.0}, {'Max_spout': 1.0, 'Spliters': 1.0, 'Counters': 18.0}, {'Max_spout': 10.0, 'Spliters': 3.0, 'Counters': 18.0}, {'Max_spout': 10.0, 'Spliters': 1.0, 'Counters': 1.0}, {'Max_spout': 1.0, 'Spliters': 1.0, 'Counters': 12.0}, {'Max_spout': 10.0, 'Spliters': 6.0, 'Counters': 3.0}, {'Max_spout': 1000.0, 'Spliters': 6.0, 'Counters': 1.0}, {'Max_spout': 1.0, 'Spliters': 2.0, 'Counters': 18.0}, {'Max_spout': 1.0, 'Spliters': 2.0, 'Counters': 6.0}
0.012711148153912832, 0.014498574912093054, 0.0, 0.0019296845057882317, 0.00412714830119143, 0.08456637328098249, 0.0, 0.003507908693956674, 0.29261079786512956, 0.0012736252462314246, 0.0008150532127657595, 0.0008150532127657595, 0.001956462434749673, 0.2037582823297468, 0.05876918596769576, 0.0008150532127657595, 0.20861178195401897, 0.08616802815699232, 0.00412714830119143, 0.002341395163571347
0.10653448104858398, 0.17155814170837402, 0.06584930419921875, 0.07523131370544434, 0.07747578620910645, 0.08297586441040039, 0.06370973587036133, 0.09550142288208008, 0.08705973625183105, 0.06551790237426758, 0.07177376747131348, 0.06584596633911133, 0.10111141204833984, 0.08329415321350098, 0.07851839065551758, 0.057631731033325195, 0.09671831130981445, 0.12433147430419922, 0.06013607978820801, 0.040767669677734375