{'Max_spout': 1.0, 'Spliters': 1.0, 'Counters': 12.0}, {'Max_spout': 1.0, 'Spliters': 2.0, 'Counters': 12.0}, {'Max_spout': 1.0, 'Spliters': 1.0, 'Counters': 15.0}, {'Max_spout': 1.0, 'Spliters': 1.0, 'Counters': 3.0}, {'Max_spout': 1.0, 'Spliters': 1.0, 'Counters': 18.0}, {'Max_spout': 1.0, 'Spliters': 2.0, 'Counters': 15.0}, {'Max_spout': 1.0, 'Spliters': 1.0, 'Counters': 15.0}, {'Max_spout': 1.0, 'Spliters': 2.0, 'Counters': 15.0}, {'Max_spout': 1.0, 'Spliters': 6.0, 'Counters': 3.0}, {'Max_spout': 1.0, 'Spliters': 1.0, 'Counters': 9.0}, {'Max_spout': 1.0, 'Spliters': 1.0, 'Counters': 12.0}, {'Max_spout': 1.0, 'Spliters': 1.0, 'Counters': 12.0}, {'Max_spout': 1.0, 'Spliters': 1.0, 'Counters': 15.0}, {'Max_spout': 10.0, 'Spliters': 3.0, 'Counters': 9.0}, {'Max_spout': 1.0, 'Spliters': 1.0, 'Counters': 9.0}, {'Max_spout': 1.0, 'Spliters': 1.0, 'Counters': 12.0}, {'Max_spout': 1.0, 'Spliters': 1.0, 'Counters': 1.0}, {'Max_spout': 1.0, 'Spliters': 3.0, 'Counters': 6.0}, {'Max_spout': 1.0, 'Spliters': 2.0, 'Counters': 18.0}, {'Max_spout': 1.0, 'Spliters': 2.0, 'Counters': 6.0}
0.0008150532127657595, 0.004038446411506524, 0.0, 0.0019296845057882317, 0.001956462434749673, 0.003507908693956674, 0.0, 0.003507908693956674, 0.01451196387657383, 0.0012736252462314246, 0.0008150532127657595, 0.0008150532127657595, 0.0, 0.20174993765763416, 0.0012736252462314246, 0.0008150532127657595, 0.0023531105074919845, 0.012763030391275798, 0.00412714830119143, 0.002341395163571347
0.18938350677490234, 0.22197985649108887, 0.14742255210876465, 0.1398029327392578, 0.156219482421875, 0.11186957359313965, 0.10441112518310547, 0.10886645317077637, 0.10696721076965332, 0.12373709678649902, 0.08264732360839844, 0.15715837478637695, 0.08982515335083008, 0.0785684585571289, 0.13710880279541016, 0.13939929008483887, 0.19762945175170898, 0.1322925090789795, 0.15552687644958496, 0.12566733360290527