{'Max_spout': 1.0, 'Spliters': 1.0, 'Counters': 15.0}, {'Max_spout': 1.0, 'Spliters': 1.0, 'Counters': 15.0}, {'Max_spout': 1.0, 'Spliters': 1.0, 'Counters': 15.0}, {'Max_spout': 1.0, 'Spliters': 1.0, 'Counters': 15.0}, {'Max_spout': 1.0, 'Spliters': 1.0, 'Counters': 15.0}, {'Max_spout': 1.0, 'Spliters': 1.0, 'Counters': 15.0}, {'Max_spout': 1.0, 'Spliters': 1.0, 'Counters': 15.0}, {'Max_spout': 1.0, 'Spliters': 1.0, 'Counters': 9.0}, {'Max_spout': 1.0, 'Spliters': 1.0, 'Counters': 9.0}, {'Max_spout': 1.0, 'Spliters': 1.0, 'Counters': 9.0}, {'Max_spout': 1.0, 'Spliters': 1.0, 'Counters': 15.0}, {'Max_spout': 1.0, 'Spliters': 1.0, 'Counters': 15.0}, {'Max_spout': 1.0, 'Spliters': 1.0, 'Counters': 15.0}, {'Max_spout': 1.0, 'Spliters': 2.0, 'Counters': 6.0}, {'Max_spout': 1.0, 'Spliters': 1.0, 'Counters': 15.0}, {'Max_spout': 1.0, 'Spliters': 1.0, 'Counters': 15.0}, {'Max_spout': 1.0, 'Spliters': 1.0, 'Counters': 15.0}, {'Max_spout': 1.0, 'Spliters': 2.0, 'Counters': 1.0}, {'Max_spout': 1.0, 'Spliters': 1.0, 'Counters': 15.0}, {'Max_spout': 1.0, 'Spliters': 1.0, 'Counters': 15.0}
0.0, 0.0, 0.0, 0.0, 0.0, 0.0, 0.0, 0.0012736252462314246, 0.0012736252462314246, 0.0012736252462314246, 0.0, 0.0, 0.0, 0.002341395163571347, 0.0, 0.0, 0.0, 0.0019045801973868182, 0.0, 0.0
0.2814934253692627, 0.25818443298339844, 0.21242904663085938, 0.23989558219909668, 0.21451640129089355, 0.24730801582336426, 0.30839014053344727, 0.2636408805847168, 0.27428126335144043, 0.3385794162750244, 0.19043660163879395, 0.21783947944641113, 0.22414445877075195, 0.2975273132324219, 0.31355834007263184, 0.3356821537017822, 0.3077659606933594, 0.23591208457946777, 0.21712660789489746, 0.19478368759155273