{'Max_spout': 1.0, 'Spliters': 1.0, 'Counters': 3.0}, {'Max_spout': 1.0, 'Spliters': 6.0, 'Counters': 1.0}, {'Max_spout': 1.0, 'Spliters': 1.0, 'Counters': 9.0}, {'Max_spout': 1.0, 'Spliters': 1.0, 'Counters': 6.0}, {'Max_spout': 1.0, 'Spliters': 1.0, 'Counters': 3.0}, {'Max_spout': 1.0, 'Spliters': 2.0, 'Counters': 6.0}, {'Max_spout': 1.0, 'Spliters': 1.0, 'Counters': 6.0}, {'Max_spout': 1.0, 'Spliters': 2.0, 'Counters': 15.0}, {'Max_spout': 1.0, 'Spliters': 6.0, 'Counters': 3.0}, {'Max_spout': 1.0, 'Spliters': 1.0, 'Counters': 18.0}, {'Max_spout': 1.0, 'Spliters': 1.0, 'Counters': 12.0}, {'Max_spout': 1.0, 'Spliters': 1.0, 'Counters': 18.0}, {'Max_spout': 1.0, 'Spliters': 1.0, 'Counters': 18.0}, {'Max_spout': 10.0, 'Spliters': 3.0, 'Counters': 18.0}, {'Max_spout': 100000.0, 'Spliters': 2.0, 'Counters': 1.0}, {'Max_spout': 1.0, 'Spliters': 6.0, 'Counters': 12.0}, {'Max_spout': 10.0, 'Spliters': 6.0, 'Counters': 3.0}, {'Max_spout': 1000.0, 'Spliters': 6.0, 'Counters': 1.0}, {'Max_spout': 1.0, 'Spliters': 2.0, 'Counters': 18.0}, {'Max_spout': 1.0, 'Spliters': 1.0, 'Counters': 9.0}
0.003166889755378377, 0.01519589775424035, 0.003115159039619231, 0.0020255808389428864, 0.003166889755378377, 0.007426590881168038, 0.0020255808389428864, 0.005286232516634626, 0.019185629207162158, 0.0, 0.0008018260942662669, 0.0, 0.0, 0.1968321402937011, 0.05259397207834615, 0.014659191578239472, 0.198416393463824, 0.12316436788298513, 0.004397110839524876, 0.003115159039619231
0.18338823318481445, 0.11261606216430664, 0.18870878219604492, 0.1730341911315918, 0.12374091148376465, 0.11300325393676758, 0.10352587699890137, 0.08193826675415039, 0.07554125785827637, 0.0551302433013916, 0.050589799880981445, 0.11303544044494629, 0.08068656921386719, 0.09753012657165527, 0.0820615291595459, 0.0786135196685791, 0.1262960433959961, 0.09051895141601562, 0.14470577239990234, 0.14738941192626953