{
  "stats": {
    "submitted": 6,
    "finished": 6,
    "running": 0
  },
  "data": [
    [
      1,
      null,
      1687321482,
      null,
      Infinity,
      0.002023458480834961,
      2,
      1763362960.0056028,
      1763362960.0093315,
      {}
    ],
    [
      2,
      null,
      1687321482,
      null,
      Infinity,
      0.0010559558868408203,
      2,
      1763362961.5268955,
      1763362961.5295203,
      {}
    ],
    [
      3,
      null,
      1687321482,
      null,
      Infinity,
      0.0009350776672363281,
      2,
      1763362961.53307,
      1763362961.5353732,
      {}
    ],
    [
      4,
      null,
      1687321482,
      null,
      Infinity,
      0.004512310028076172,
      2,
      1763362961.5384846,
      1763362961.5443218,
      {}
    ],
    [
      5,
      null,
      1687321482,
      null,
      Infinity,
      0.0006060600280761719,
      2,
      1763362961.5481374,
      1763362961.550122,
      {}
    ],
    [
      6,
      null,
      1687321482,
      null,
      Infinity,
      0.0007686614990234375,
      2,
      1763362961.5540366,
      1763362961.5561805,
      {}
    ]
  ],
  "configs": {
    "1": {
      "Max_depth": 17,
      "Min_impurity_decrease": 3.5,
      "Min_sample_leaves": 10,
      "N_estimators": 140,
      "criterion": "poisson"
    },
    "2": {
      "Max_depth": 10,
      "Min_impurity_decrease": 5.25,
      "Min_sample_leaves": 17,
      "N_estimators": 80,
      "criterion": "poisson"
    },
    "3": {
      "Max_depth": 18,
      "Min_impurity_decrease": 8.25,
      "Min_sample_leaves": 6,
      "N_estimators": 70,
      "criterion": "squared_error"
    },
    "4": {
      "Max_depth": 6,
      "Min_impurity_decrease": 8.5,
      "Min_sample_leaves": 12,
      "N_estimators": 70,
      "criterion": "poisson"
    },
    "5": {
      "Max_depth": 4,
      "Min_impurity_decrease": 3.5,
      "Min_sample_leaves": 5,
      "N_estimators": 20,
      "criterion": "squared_error"
    },
    "6": {
      "Max_depth": 13,
      "Min_impurity_decrease": 8.25,
      "Min_sample_leaves": 13,
      "N_estimators": 160,
      "criterion": "squared_error"
    }
  },
  "config_origins": {
    "1": "Initial Design: Sobol",
    "2": "Acquisition Function Maximizer: Local Search",
    "3": "Acquisition Function Maximizer: Local Search",
    "4": "Acquisition Function Maximizer: Local Search",
    "5": "Random Search",
    "6": "Random Search"
  }
}