{
  "incumbent_ids": [
    2
  ],
  "rejected_config_ids": [
    1,
    3,
    4,
    5
  ],
  "incumbents_changed": 2,
  "trajectory": [
    {
      "config_ids": [
        1
      ],
      "costs": [
        0.5994079950185003
      ],
      "trial": 1,
      "walltime": 2.2497718334198
    },
    {
      "config_ids": [
        2
      ],
      "costs": [
        0.12214161935259549
      ],
      "trial": 2,
      "walltime": 4.376503944396973
    }
  ],
  "state": {
    "queue": [
      [
        5,
        1
      ]
    ]
  }
}