{
  "incumbent_ids": [
    4
  ],
  "rejected_config_ids": [
    1,
    3,
    2,
    5
  ],
  "incumbents_changed": 3,
  "trajectory": [
    {
      "config_ids": [
        1
      ],
      "costs": [
        0.7925225147325886
      ],
      "trial": 1,
      "walltime": 2.740772008895874
    },
    {
      "config_ids": [
        2
      ],
      "costs": [
        0.7877151755902353
      ],
      "trial": 2,
      "walltime": 74.68610048294067
    },
    {
      "config_ids": [
        4
      ],
      "costs": [
        0.6293824206980374
      ],
      "trial": 4,
      "walltime": 79.35591340065002
    }
  ],
  "state": {
    "queue": [
      [
        5,
        1
      ]
    ]
  }
}