{
  "incumbent_ids": [
    4
  ],
  "rejected_config_ids": [
    2,
    3,
    1,
    5,
    6,
    7,
    8,
    9,
    10,
    11,
    12
  ],
  "incumbents_changed": 2,
  "trajectory": [
    {
      "config_ids": [
        1
      ],
      "costs": [
        0.20208602819676846
      ],
      "trial": 1,
      "walltime": 0.008968114852905273
    },
    {
      "config_ids": [
        4
      ],
      "costs": [
        0.09237936296964167
      ],
      "trial": 4,
      "walltime": 1.2599878311157227
    }
  ],
  "state": {
    "queue": [
      [
        12,
        1
      ]
    ]
  }
}