{
  "stats": {
    "submitted": 18,
    "finished": 18,
    "running": 0
  },
  "data": [
    [
      1,
      null,
      1872583848,
      null,
      0.3947125362323498,
      0.003092527389526367,
      1,
      1763447149.924978,
      1763447149.9300325,
      {}
    ],
    [
      2,
      null,
      1872583848,
      null,
      0.2114546376673777,
      0.0022602081298828125,
      1,
      1763447152.3607621,
      1763447152.364797,
      {}
    ],
    [
      3,
      null,
      1872583848,
      null,
      0.24257988212732406,
      0.001432657241821289,
      1,
      1763447152.3723087,
      1763447152.3753436,
      {}
    ],
    [
      4,
      null,
      1872583848,
      null,
      0.3903267041431253,
      0.0010967254638671875,
      1,
      1763447152.381674,
      1763447152.3843958,
      {}
    ],
    [
      5,
      null,
      1872583848,
      null,
      0.3396264938880381,
      0.0010323524475097656,
      1,
      1763447152.3914497,
      1763447152.3939712,
      {}
    ],
    [
      6,
      null,
      1872583848,
      null,
      0.4262826893445374,
      0.0010068416595458984,
      1,
      1763447152.4014556,
      1763447152.4040332,
      {}
    ],
    [
      7,
      null,
      1872583848,
      null,
      0.5577299712346782,
      0.0009655952453613281,
      1,
      1763447152.4117138,
      1763447152.414234,
      {}
    ],
    [
      8,
      null,
      1872583848,
      null,
      0.2805362725729801,
      0.0010237693786621094,
      1,
      1763447152.4222736,
      1763447152.4250958,
      {}
    ],
    [
      9,
      null,
      1872583848,
      null,
      0.29666404350115005,
      0.0008676052093505859,
      1,
      1763447152.4335809,
      1763447152.4359953,
      {}
    ],
    [
      10,
      null,
      1872583848,
      null,
      0.2504422247901188,
      0.002183198928833008,
      1,
      1763447154.8897245,
      1763447154.893643,
      {}
    ],
    [
      11,
      null,
      1872583848,
      null,
      0.6671257959677904,
      0.0028040409088134766,
      1,
      1763447154.9036973,
      1763447154.9080496,
      {}
    ],
    [
      12,
      null,
      1872583848,
      null,
      0.38245521689024886,
      0.0012133121490478516,
      1,
      1763447154.917934,
      1763447154.9207718,
      {}
    ],
    [
      13,
      null,
      1872583848,
      null,
      0.3544255050703633,
      0.0025670528411865234,
      1,
      1763447154.9311173,
      1763447154.9352598,
      {}
    ],
    [
      14,
      null,
      1872583848,
      null,
      0.39499108519929393,
      0.0017657279968261719,
      1,
      1763447154.946606,
      1763447154.9501135,
      {}
    ],
    [
      15,
      null,
      1872583848,
      null,
      0.42891604074346557,
      0.0012927055358886719,
      1,
      1763447154.962476,
      1763447154.9653735,
      {}
    ],
    [
      16,
      null,
      1872583848,
      null,
      0.30669565706948876,
      0.0011363029479980469,
      1,
      1763447154.9771037,
      1763447154.979957,
      {}
    ],
    [
      17,
      null,
      1872583848,
      null,
      0.3396264938880381,
      0.00125885009765625,
      1,
      1763447154.9946406,
      1763447154.997636,
      {}
    ],
    [
      18,
      null,
      1872583848,
      null,
      0.2114546376673777,
      0.0023670196533203125,
      1,
      1763447157.4121556,
      1763447157.4162395,
      {}
    ]
  ],
  "configs": {
    "1": {
      " ACAP": 2.6927311858162284,
      " AEXP": 2.00345556717366,
      " CPLx": 5.877112979069352,
      " DOCU": 2.5098918471485376,
      " ETAT": 2.936297058548778,
      " FLEx": 2.0312505961935967,
      " KLOC": 103.41359774635173,
      " LTEx": 3.7391158640384674,
      " PCAP": 3.0,
      " PCON": 2.7457722797989845,
      " PLEx": 3.0,
      " PMAT": 3.6228537941351533,
      " PREC": 1.366853903979063,
      " PVOL": 2.0,
      " RELY": 5.0,
      " RESL": 2.3024810012429953,
      " RUSE": 3.063783910125494,
      " SCED": 2.3354288395494223,
      " SITE": 3.0,
      " STOR": 4.419611359015107,
      " TEAM": 2.1705100694671273,
      " TIME": 5.857062089256942,
      " TOOL": 2.2871099710464478,
      "DATA": 4.369837637286633
    },
    "2": {
      " ACAP": 2.6893392360177755,
      " AEXP": 2.9605157677247194,
      " CPLx": 5.7073890900687525,
      " DOCU": 3.5058341899333128,
      " ETAT": 1.8891161570537105,
      " FLEx": 2.2489796894198273,
      " KLOC": 91.8214308484574,
      " LTEx": 3.013243366172115,
      " PCAP": 3.0,
      " PCON": 2.0615848738904816,
      " PLEx": 3.0,
      " PMAT": 3.2106797267505494,
      " PREC": 1.7203912257129623,
      " PVOL": 2.0,
      " RELY": 5.0,
      " RESL": 2.1643886241991153,
      " RUSE": 2.6418210491904435,
      " SCED": 2.359129067223666,
      " SITE": 3.0,
      " STOR": 4.621273651998268,
      " TEAM": 2.377955242572565,
      " TIME": 3.912040477484211,
      " TOOL": 2.8732887170684047,
      "DATA": 4.265916354070262
    },
    "3": {
      " ACAP": 2.9751681742492515,
      " AEXP": 2.5893791059507563,
      " CPLx": 5.436844747077327,
      " DOCU": 3.1107645575968146,
      " ETAT": 1.32855571245174,
      " FLEx": 4.261363076645858,
      " KLOC": 107.60444263702968,
      " LTEx": 2.8381974489768282,
      " PCAP": 3.0,
      " PCON": 2.3285107216311616,
      " PLEx": 3.0,
      " PMAT": 3.2773423333869496,
      " PREC": 1.751645811204206,
      " PVOL": 2.0,
      " RELY": 5.0,
      " RESL": 1.2681725696778818,
      " RUSE": 2.6910664368728963,
      " SCED": 2.7699123150261973,
      " SITE": 3.0,
      " STOR": 4.377192922705259,
      " TEAM": 2.4996206198593587,
      " TIME": 5.997114013065858,
      " TOOL": 2.083946772360757,
      "DATA": 2.8187685414774806
    },
    "4": {
      " ACAP": 2.9997669426231686,
      " AEXP": 2.00513253073555,
      " CPLx": 5.509258963108953,
      " DOCU": 2.316930851897953,
      " ETAT": 5.767233946387037,
      " FLEx": 4.704129400035081,
      " KLOC": 86.32711470017686,
      " LTEx": 2.401522888668125,
      " PCAP": 3.0,
      " PCON": 2.735673734992223,
      " PLEx": 3.0,
      " PMAT": 2.2199270187727116,
      " PREC": 1.582348737131519,
      " PVOL": 2.0,
      " RELY": 5.0,
      " RESL": 1.842628129354325,
      " RUSE": 2.2179988472505787,
      " SCED": 1.4306446092703757,
      " SITE": 3.0,
      " STOR": 4.6218569794866315,
      " TEAM": 2.1446558160076292,
      " TIME": 4.873067560164161,
      " TOOL": 2.495422899673645,
      "DATA": 3.290641796041116
    },
    "5": {
      " ACAP": 2.937627842527638,
      " AEXP": 2.536147635965288,
      " CPLx": 5.588767381616949,
      " DOCU": 3.9819769398154996,
      " ETAT": 2.150158811241538,
      " FLEx": 3.2723940854515874,
      " KLOC": 81.99555063890618,
      " LTEx": 3.060587610328515,
      " PCAP": 3.0,
      " PCON": 2.3261030467595356,
      " PLEx": 3.0,
      " PMAT": 3.7461920056931852,
      " PREC": 1.0198362815760142,
      " PVOL": 2.0,
      " RELY": 5.0,
      " RESL": 1.7288139085288439,
      " RUSE": 2.063815942486889,
      " SCED": 1.1935527665088588,
      " SITE": 3.0,
      " STOR": 4.964689771944917,
      " TEAM": 2.963106196241247,
      " TIME": 3.9897617674618258,
      " TOOL": 2.215467389447966,
      "DATA": 3.0540779864204817
    },
    "6": {
      " ACAP": 2.949818480036878,
      " AEXP": 2.808943514879285,
      " CPLx": 5.595549650274789,
      " DOCU": 3.54022415015,
      " ETAT": 2.7830211662218556,
      " FLEx": 3.8940550525088113,
      " KLOC": 116.61812202151197,
      " LTEx": 2.119929517270464,
      " PCAP": 3.0,
      " PCON": 2.001198352895951,
      " PLEx": 3.0,
      " PMAT": 2.7442951599671193,
      " PREC": 1.542720595609435,
      " PVOL": 2.0,
      " RELY": 5.0,
      " RESL": 1.6229615365561658,
      " RUSE": 3.0586166085106266,
      " SCED": 1.8004684639701312,
      " SITE": 3.0,
      " STOR": 3.6270672971114157,