{"config": {"Criticality": 0.2167355729788219, "Criticality Modifier": 0.0842071731383615, "Culture": 0.3983315142089932, "Dynamism": 0.9985645959369128, "Initial Known": 0.504781503478567, "Inter-Dependency": 0.7823252701931978, "Plan": 0.3648867640130006, "Size": 0.5371727850671184, "Team Size": 0.391597595464155}, "score": 0.07164664122463227, "info": {}}