{
  "DE_params": {
    "mutation_factor": 0.5,
    "crossover_prob": 0.5,
    "strategy": "rand1_bin",
    "configspace": true,
    "boundary_fix_type": "random",
    "max_age": Infinity,
    "dimensions": 24,
    "output_path": "../results/tmp/DEHB_tmp/dehb_20251208-050319_fe00",
    "async_strategy": "immediate"
  },
  "HB_params": {
    "min_fidelity": 1,
    "max_fidelity": 10,
    "min_clip": null,
    "max_clip": null,
    "eta": 3
  },
  "internals": {
    "initial_configs": [
      {
        "config_id": 0,
        "config": [
          0.11288711288711288,
          0.5204795204795205,
          0.41858141858141856,
          0.8019105077928608,
          0.2834335955576122,
          0.4659287443791076,
          0.01400374903517477,
          0.32275931520644513,
          0.0,
          0.8311688311688312,
          0.0,
          0.6227918254243159,
          0.3986013986013986,
          0.0,
          0.0,
          0.5322984476715072,
          0.3485915492957746,
          0.8145161290322581,
          0.0,
          0.08785140562248996,
          0.3196803196803197,
          0.035269709543568464,
          0.8481518481518482,
          0.3776005547850208
        ],
        "results": {
          "1.1111111111111112": {
            "score": Infinity,
            "cost": -1,
            "info": {}
          }
        }
      },
      {
        "config_id": 1,
        "config": [
          0.8161838161838162,
          0.9170829170829171,
          0.6573426573426573,
          0.8255404725992961,
          0.7501156871818603,
          0.47699757869249393,
          0.6624765685301577,
          0.37865055387714,
          0.0,
          0.6223776223776224,
          0.0,
          0.8333910633875996,
          0.942057942057942,
          0.0,
          0.0,
          0.4782173259889835,
          0.6830985915492958,
          0.766633064516129,
          0.0,
          0.6852409638554217,
          0.5054945054945055,
          0.042876901798063624,
          0.13986013986013987,
          0.9566574202496533
        ],
        "results": {
          "1.1111111111111112": {
            "score": Infinity,
            "cost": -1,
            "info": {}
          }
        }
      },
      {
        "config_id": 2,
        "config": [
          0.15084915084915085,
          0.8271728271728271,
          0.34665334665334663,
          0.416289592760181,
          0.41601110596945856,
          0.6786579038395019,
          0.9535781232770978,
          0.05488418932527694,
          0.0,
          0.9470529470529471,
          0.0,
          0.9806027017665396,
          0.8181818181818182,
          0.0,
          0.0,
          0.9389083625438157,
          0.15845070422535212,
          0.9717741935483871,
          0.0,
          0.25251004016064255,
          0.5894105894105894,
          0.4491701244813278,
          0.6633366633366633,
          0.460124826629681
        ],
        "results": {
          "1.1111111111111112": {
            "score": Infinity,
            "cost": -1,
            "info": {}
          }
        }
      },
      {
        "config_id": 3,
        "config": [
          0.6543456543456544,
          0.8541458541458542,
          0.3386613386613387,
          0.6294620412267471,
          0.14345210550670986,
          0.3645797301971636,
          0.12349762928658066,
          0.999496475327291,
          0.0,
          0.12387612387612387,
          0.0,
          0.42985798406650505,
          0.26673326673326675,
          0.0,
          0.0,
          0.9729594391587381,
          0.6986921529175051,
          0.9742943548387096,
          0.0,
          0.019076305220883535,
          0.2017982017982018,
          0.8319502074688797,
          0.5434565434565435,
          0.8952843273231623
        ],
        "results": {
          "1.1111111111111112": {
            "score": Infinity,
            "cost": -1,
            "info": {}
          }
        }
      },
      {
        "config_id": 4,
        "config": [
          0.39760239760239763,
          0.2887112887112887,
          0.7972027972027972,
          0.22373051784816492,
          0.08884775566867191,
          0.9162919405050156,
          0.35968684529716616,
          0.6852970795568983,
          0.0,
          0.2597402597402597,
          0.0,
          0.9871839279528922,
          0.46053946053946054,
          0.0,
          0.0,
          0.10065097646469705,
          0.7052313883299799,
          0.6920362903225806,
          0.0,
          0.9216867469879518,
          0.3936063936063936,
          0.031466113416320884,
          0.08891108891108891,
          0.029472954230235784
        ],
        "results": {
          "1.1111111111111112": {
            "score": Infinity,
            "cost": -1,
            "info": {}
          }
        }
      },
      {
        "config_id": 5,
        "config": [
          0.7372627372627373,
          0.4675324675324675,
          0.45554445554445555,
          0.4057315233785822,
          0.28991207774178623,
          0.7661708751297129,
          0.01257029440952696,
          0.010574018126888218,
          0.0,
          0.0959040959040959,
          0.0,
          0.7675788015240734,
          0.7562437562437563,
          0.0,
          0.0,
          0.09814722083124687,
          0.5548289738430584,
          0.10332661290322581,
          0.0,
          0.5637550200803213,
          0.42657342657342656,
          0.9339557399723375,
          0.7012987012987013,
          0.7038834951456311
        ],
        "results": {
          "1.1111111111111112": {
            "score": Infinity,
            "cost": -1,
            "info": {}
          }
        }
      },
      {
        "config_id": 6,
        "config": [
          0.015984015984015984,
          0.7152847152847153,
          0.6373626373626373,
          0.41980894922071393,
          0.3850069412309116,
          0.12971290210999653,
          0.2455618039475135,
          0.1283987915407855,
          0.0,
          0.15084915084915085,
          0.0,
          0.7377900935226879,
          0.8461538461538461,
          0.0,
          0.0,
          0.14872308462694042,
          0.9899396378269618,
          0.3004032258064516,
          0.0,
          0.9191767068273092,
          0.7722277722277723,
          0.9868603042876902,
          0.6213786213786214,
          0.9351595006934813
        ],
        "results": {
          "1.1111111111111112": {
            "score": Infinity,
            "cost": -1,
            "info": {}
          }
        }
      },
      {
        "config_id": 7,
        "config": [
          0.42157842157842157,
          0.03996003996003996,
          0.37962037962037964,
          0.861236802413273,
          0.4562702452568255,
          0.4597025250778277,
          0.708457382291322,
          0.8338368580060423,
          0.0,
          0.7572427572427572,
          0.0,
          0.9379979217180464,
          0.06393606393606394,
          0.0,
          0.0,
          0.16024036054081123,
          0.14688128772635814,
          0.6285282258064516,
          0.0,
          0.9799196787148594,
          0.08891108891108891,
          0.09681881051175657,
          0.34665334665334663,
          0.9934119278779473
        ],
        "results": {
          "1.1111111111111112": {
            "score": Infinity,
            "cost": -1,
            "info": {}
          }
        }
      },
      {
        "config_id": 8,