{
  "DE_params": {
    "mutation_factor": 0.5,
    "crossover_prob": 0.5,
    "strategy": "rand1_bin",
    "configspace": true,
    "boundary_fix_type": "random",
    "max_age": Infinity,
    "dimensions": 24,
    "output_path": "../results/tmp/DEHB_tmp/dehb_20251208-050305_a00d",
    "async_strategy": "immediate"
  },
  "HB_params": {
    "min_fidelity": 1,
    "max_fidelity": 10,
    "min_clip": null,
    "max_clip": null,
    "eta": 3
  },
  "internals": {
    "initial_configs": [
      {
        "config_id": 0,
        "config": [
          0.8031140130587644,
          0.3401102687801516,
          0.5997920997920998,
          0.4489685124864278,
          0.9233086190917517,
          0.11842818428184282,
          0.6519886363636364,
          0.6752166377816291,
          0.9081786251881585,
          0.7432689692684253,
          0.7832360013740982,
          0.6793206793206793,
          0.9792236194641881,
          0.3606500691562932,
          0.5189655172413793,
          0.45162169528481877,
          0.7387387387387387,
          0.0,
          0.48893499308437066,
          0.25774225774225773,
          0.2508108108108108,
          0.4825174825174825,
          0.0,
          0.1852879944482998
        ],
        "results": {
          "1.1111111111111112": {
            "score": Infinity,
            "cost": -1,
            "info": {}
          }
        }
      },
      {
        "config_id": 1,
        "config": [
          0.13962832747363135,
          0.8335630599586492,
          0.5897435897435898,
          0.4009229098805646,
          0.5280352177942539,
          0.15447154471544716,
          0.3066152597402597,
          0.1760831889081456,
          0.6914199698946312,
          0.39080772368778893,
          0.5585709378220542,
          0.0979020979020979,
          0.5306178239475123,
          0.9789073305670816,
          0.45275862068965517,
          0.18070318887980377,
          0.35844935844935844,
          0.0,
          0.8310281235592439,
          0.8241758241758241,
          0.3589189189189189,
          0.948051948051948,
          0.0,
          0.36294240111034004
        ],
        "results": {
          "1.1111111111111112": {
            "score": Infinity,
            "cost": -1,
            "info": {}
          }
        }
      },
      {
        "config_id": 2,
        "config": [
          0.994475138121547,
          0.2067539627842867,
          0.5582120582120582,
          0.9780130293159609,
          0.32947173308619093,
          0.9590785907859078,
          0.13869724025974026,
          0.24263431542461006,
          0.3296537882589062,
          0.2425890671743269,
          0.5362418412916523,
          0.17882117882117882,
          0.19436850738108255,
          0.5916320885200553,
          0.6220689655172413,
          0.30934859634777867,
          0.975975975975976,
          0.0,
          0.9956201014292301,
          0.36163836163836166,
          0.7502702702702703,
          0.8821178821178821,
          0.0,
          0.6394864677307426
        ],
        "results": {
          "1.1111111111111112": {
            "score": Infinity,
            "cost": -1,
            "info": {}
          }
        }
      },
      {
        "config_id": 3,
        "config": [
          0.4098442993470618,
          0.9600275671950379,
          0.6722106722106722,
          0.7863735070575462,
          0.8162650602409639,
          0.12737127371273713,
          0.16132305194805194,
          0.08492201039861352,
          0.08479678876066232,
          0.43160184933369594,
          0.014428031604259704,
          0.0959040959040959,
          0.6902679059595407,
          0.7928769017980636,
          0.7075862068965517,
          0.7530662305805397,
          0.5855855855855856,
          0.0,
          0.7745504840940526,
          0.8131868131868132,
          0.6229729729729729,
          0.995004995004995,
          0.0,
          0.10478834142956281
        ],
        "results": {
          "1.1111111111111112": {
            "score": Infinity,
            "cost": -1,
            "info": {}
          }
        }
      },
      {
        "config_id": 4,
        "config": [
          0.8799598191863385,
          0.19813921433494142,
          0.6444906444906445,
          0.24077090119435396,
          0.8521779425393883,
          0.5571815718157181,
          0.9900568181818182,
          0.8571923743500867,
          0.7651781234320121,
          0.72803916236062,
          0.5173479903813123,
          0.19080919080919082,
          0.11044286495352652,
          0.882088520055325,
          0.6068965517241379,
          0.6922867266285091,
          0.016653016653016654,
          0.0,
          0.05716920239741816,
          0.5974025974025974,
          0.4056756756756757,
          0.8741258741258742,
          0.0,
          0.4531575294934074
        ],
        "results": {
          "1.1111111111111112": {
            "score": Infinity,
            "cost": -1,
            "info": {}
          }
        }
      },
      {
        "config_id": 5,
        "config": [
          0.2641888498242089,
          0.1874569262577533,
          0.7117117117117117,
          0.8661780673181325,
          0.1304448563484708,
          0.08482384823848238,
          0.27637987012987014,
          0.22599653379549395,
          0.6859006522829905,
          0.3845526244220832,
          0.12572998969426313,
          0.06993006993006994,
          0.626571897211591,
          0.8644536652835408,
          0.3079310344827586,
          0.2929953665849005,
          0.10838110838110838,
          0.0,
          0.07330567081604426,
          0.45354645354645357,
          0.025945945945945945,
          0.8841158841158842,
          0.0,
          0.5555170020818876
        ],
        "results": {
          "1.1111111111111112": {
            "score": Infinity,
            "cost": -1,
            "info": {}
          }
        }
      },
      {
        "config_id": 6,
        "config": [
          0.8101456554495229,
          0.2898001378359752,
          0.9965349965349966,
          0.498099891422367,
          0.9585264133456904,
          0.18157181571815717,
          0.45992288961038963,
          0.4703639514731369,
          0.7466131460110387,
          0.2007070981778624,
          0.766059773273789,
          0.6573426573426573,
          0.3039912520503007,
          0.5919778699861687,
          0.6403448275862069,
          0.7078222949032434,
          0.08654108654108654,
          0.0,
          0.5712309820193637,
          0.7132867132867133,
          0.672972972972973,
          0.04595404595404595,
          0.0,
          0.24392782789729356
        ],
        "results": {
          "1.1111111111111112": {
            "score": Infinity,
            "cost": -1,
            "info": {}
          }
        }
      },
      {
        "config_id": 7,
        "config": [
          0.6916122551481667,
          0.980013783597519,
          0.6226611226611226,
          0.34446254071661236,
          0.7583410565338277,
          0.5685636856368563,
          0.3561282467532468,
          0.9594454072790295,
          0.7190165579528349,
          0.6154473755779167,
          0.6375815870834765,
          0.16283716283716285,
          0.6528157463094587,
          0.6009681881051175,
          0.15,
          0.0005451076587626056,
          0.8353808353808354,
          0.0,
          0.871830336560627,
          0.04295704295704296,
          0.3043243243243243,
          0.4385614385614386,
          0.0,
          0.48334489937543373
        ],
        "results": {
          "1.1111111111111112": {
            "score": Infinity,
            "cost": -1,
            "info": {}
          }
        }
      },
      {
        "config_id": 8,