{
  "incumbent_ids": [
    4
  ],
  "rejected_config_ids": [
    2,
    1,
    3,
    5,
    6,
    7,
    8,
    9,
    10,
    11,
    12,
    13,
    14,
    15,
    16,
    17,
    18,
    19,
    20,
    21,
    22,
    23,
    24
  ],
  "incumbents_changed": 3,
  "trajectory": [
    {
      "config_ids": [
        1
      ],
      "costs": [
        0.67456092491287
      ],
      "trial": 1,
      "walltime": 0.014275789260864258
    },
    {
      "config_ids": [
        3
      ],
      "costs": [
        0.6675494616910939
      ],
      "trial": 3,
      "walltime": 0.04814648628234863
    },
    {
      "config_ids": [
        4
      ],
      "costs": [
        0.5131199505393889
      ],
      "trial": 4,
      "walltime": 4.462174654006958
    }
  ],
  "state": {
    "queue": [
      [
        24,
        1
      ]
    ]
  }
}