{
  "incumbent_ids": [
    10
  ],
  "rejected_config_ids": [
    1,
    2,
    4,
    5,
    6,
    7,
    8,
    9,
    3,
    11,
    12,
    13,
    14,
    15,
    16,
    17,
    18
  ],
  "incumbents_changed": 4,
  "trajectory": [
    {
      "config_ids": [
        1
      ],
      "costs": [
        0.9602792240863226
      ],
      "trial": 1,
      "walltime": 0.011057376861572266
    },
    {
      "config_ids": [
        2
      ],
      "costs": [
        0.8081691767527214
      ],
      "trial": 2,
      "walltime": 2.5801281929016113
    },
    {
      "config_ids": [
        3
      ],
      "costs": [
        0.41471993532128537
      ],
      "trial": 3,
      "walltime": 2.592888832092285
    },
    {
      "config_ids": [
        10
      ],
      "costs": [
        0.41326407458957903
      ],
      "trial": 10,
      "walltime": 5.411773204803467
    }
  ],
  "state": {
    "queue": [
      [
        18,
        1
      ]
    ]
  }
}