{
  "incumbent_ids": [
    7
  ],
  "rejected_config_ids": [
    2,
    3,
    4,
    5,
    6,
    1,
    8,
    9
  ],
  "incumbents_changed": 2,
  "trajectory": [
    {
      "config_ids": [
        1
      ],
      "costs": [
        0.543094016770858
      ],
      "trial": 1,
      "walltime": 2.939589738845825
    },
    {
      "config_ids": [
        7
      ],
      "costs": [
        0.44196695497856586
      ],
      "trial": 7,
      "walltime": 98.04775810241699
    }
  ],
  "state": {
    "queue": []
  }
}