{
  "DE_params": {
    "mutation_factor": 0.5,
    "crossover_prob": 0.5,
    "strategy": "rand1_bin",
    "configspace": true,
    "boundary_fix_type": "random",
    "max_age": Infinity,
    "dimensions": 17,
    "output_path": "../results/tmp/DEHB_tmp/dehb_20251208-050255_aa00",
    "async_strategy": "immediate"
  },
  "HB_params": {
    "min_fidelity": 1,
    "max_fidelity": 10,
    "min_clip": null,
    "max_clip": null,
    "eta": 3
  },
  "internals": {
    "initial_configs": [
      {
        "config_id": 0,
        "config": [
          0.13513513513513514,
          0.13917525773195877,
          0.16,
          0.7364975450081833,
          0.8378378378378378,
          0.912621359223301,
          0.7142857142857143,
          0.28846153846153844,
          0.5963302752293578,
          0.45454545454545453,
          0.83,
          0.5325131810193322,
          0.5271317829457365,
          0.5,
          0.0,
          0.0,
          0.5
        ],
        "results": {
          "1.1111111111111112": {
            "score": Infinity,
            "cost": -1,
            "info": {}
          }
        }
      },
      {
        "config_id": 1,
        "config": [
          0.08108108108108109,
          0.36082474226804123,
          0.76,
          0.734860883797054,
          0.35135135135135137,
          0.5009708737864078,
          0.3333333333333333,
          0.5384615384615384,
          0.18807339449541285,
          0.18181818181818182,
          0.57,
          0.9578207381370826,
          0.21705426356589147,
          0.5,
          0.0,
          0.0,
          0.5
        ],
        "results": {
          "1.1111111111111112": {
            "score": Infinity,
            "cost": -1,
            "info": {}
          }
        }
      },
      {
        "config_id": 2,
        "config": [
          0.13513513513513514,
          0.23195876288659795,
          0.0,
          0.44353518821603927,
          0.9459459459459459,
          0.3067961165048544,
          0.7619047619047619,
          0.019230769230769232,
          0.22935779816513763,
          0.2727272727272727,
          0.6,
          0.5500878734622144,
          0.9457364341085271,
          0.5,
          0.0,
          0.5,
          0.5
        ],
        "results": {
          "1.1111111111111112": {
            "score": Infinity,
            "cost": -1,
            "info": {}
          }
        }
      },
      {
        "config_id": 3,
        "config": [
          0.10810810810810811,
          0.6649484536082474,
          0.48,
          0.8772504091653028,
          0.10810810810810811,
          0.4854368932038835,
          0.38095238095238093,
          0.9615384615384616,
          0.28440366972477066,
          0.18181818181818182,
          0.87,
          0.4358523725834798,
          0.10852713178294573,
          0.0,
          0.0,
          0.0,
          0.0
        ],
        "results": {
          "1.1111111111111112": {
            "score": Infinity,
            "cost": -1,
            "info": {}
          }
        }
      },
      {
        "config_id": 4,
        "config": [
          0.5135135135135135,
          0.711340206185567,
          0.28,
          0.353518821603928,
          0.02702702702702703,
          0.829126213592233,
          0.8571428571428571,
          0.7115384615384616,
          0.045871559633027525,
          0.2727272727272727,
          0.42,
          0.6977152899824253,
          0.08527131782945736,
          0.5,
          0.0,
          0.5,
          0.0
        ],
        "results": {
          "1.1111111111111112": {
            "score": Infinity,
            "cost": -1,
            "info": {}
          }
        }
      },
      {
        "config_id": 5,
        "config": [
          0.6216216216216216,
          0.9587628865979382,
          0.08,
          0.0032733224222585926,
          0.05405405405405406,
          0.48349514563106794,
          0.6190476190476191,
          0.23076923076923078,
          0.022935779816513763,
          0.9090909090909091,
          0.24,
          0.6291739894551845,
          0.9224806201550387,
          0.5,
          0.0,
          0.5,
          0.5
        ],
        "results": {
          "1.1111111111111112": {
            "score": Infinity,
            "cost": -1,
            "info": {}
          }
        }
      },
      {
        "config_id": 6,
        "config": [
          0.16216216216216217,
          0.25773195876288657,
          0.2,
          0.5384615384615384,
          0.0,
          0.3572815533980582,
          0.19047619047619047,
          0.4423076923076923,
          0.5412844036697247,
          0.6363636363636364,
          0.75,
          0.3427065026362039,
          0.21705426356589147,
          0.0,
          0.0,
          0.0,
          0.5
        ],
        "results": {
          "1.1111111111111112": {
            "score": Infinity,
            "cost": -1,
            "info": {}
          }
        }
      },
      {
        "config_id": 7,
        "config": [
          0.08108108108108109,
          0.6649484536082474,
          0.56,
          0.24549918166939444,
          0.35135135135135137,
          0.05825242718446602,
          0.9047619047619048,
          0.40384615384615385,
          0.7293577981651376,
          0.36363636363636365,
          0.8,
          0.03163444639718805,
          0.13178294573643412,
          0.0,
          0.0,
          0.5,
          0.5
        ],
        "results": {
          "1.1111111111111112": {
            "score": Infinity,
            "cost": -1,
            "info": {}
          }
        }
      },
      {
        "config_id": 8,
        "config": [
          0.4864864864864865,
          0.6752577319587629,
          0.28,
          0.46317512274959083,
          0.16216216216216217,
          0.8718446601941747,
          0.9047619047619048,
          0.9230769230769231,
          0.19724770642201836,
          0.9090909090909091,
          0.33,
          0.6608084358523726,
          0.5968992248062015,
          0.5,
          0.0,
          0.5,
          0.0
        ],
        "results": {
          "1.1111111111111112": {
            "score": Infinity,
            "cost": -1,
            "info": {}
          }
        }
      },
      {
        "config_id": 9,
        "config": [
          0.21621621621621623,
          0.29896907216494845,
          0.52,
          0.7970540098199672,
          0.2702702702702703,
          0.22718446601941747,
          0.14285714285714285,
          0.25,
          0.6376146788990825,
          0.5454545454545454,
          0.82,
          0.20210896309314588,
          0.24806201550387597,
          0.5,
          0.0,
          0.0,
          0.0
        ],
        "results": {
          "3.333333333333333": {
            "score": Infinity,
            "cost": -1,
            "info": {}
          }
        }
      },
      {
        "config_id": 10,
        "config": [
          0.8918918918918919,
          0.02577319587628866,
          0.08,
          0.49263502454991814,
          0.24324324324324326,
          0.9786407766990292,
          0.8095238095238095,
          0.15384615384615385,
          0.8944954128440367,
          0.2727272727272727,
          0.64,
          0.36379613356766255,
          0.5891472868217055,
          0.0,
          0.0,
          0.0,
          0.5
        ],
        "results": {
          "3.333333333333333": {
            "score": Infinity,
            "cost": -1,
            "info": {}
          }
        }
      },
      {
        "config_id": 11,