{
  "stats": {
    "submitted": 18,
    "finished": 18,
    "running": 0
  },
  "data": [
    [
      1,
      null,
      1687321482,
      null,
      0.5572428630291077,
      0.003178119659423828,
      1,
      1763462330.727975,
      1763462330.7331882,
      {}
    ],
    [
      2,
      null,
      1687321482,
      null,
      0.26688967907076444,
      0.002516508102416992,
      1,
      1763462333.1444771,
      1763462333.1487806,
      {}
    ],
    [
      3,
      null,
      1687321482,
      null,
      0.4261547001801105,
      0.002192974090576172,
      1,
      1763462333.1560125,
      1763462333.1598632,
      {}
    ],
    [
      4,
      null,
      1687321482,
      null,
      0.41521302888783684,
      0.002185821533203125,
      1,
      1763462333.166789,
      1763462333.1707184,
      {}
    ],
    [
      5,
      null,
      1687321482,
      null,
      0.23719690087212675,
      0.001547098159790039,
      1,
      1763462333.1777682,
      1763462333.1809032,
      {}
    ],
    [
      6,
      null,
      1687321482,
      null,
      0.47249939957802156,
      0.0014243125915527344,
      1,
      1763462333.1892283,
      1763462333.1922688,
      {}
    ],
    [
      7,
      null,
      1687321482,
      null,
      0.35764019288539983,
      0.0013048648834228516,
      1,
      1763462333.1999335,
      1763462333.2030165,
      {}
    ],
    [
      8,
      null,
      1687321482,
      null,
      0.3246419495095463,
      0.001943826675415039,
      1,
      1763462333.2111902,
      1763462333.2146962,
      {}
    ],
    [
      9,
      null,
      1687321482,
      null,
      0.6388244917779067,
      0.0014240741729736328,
      1,
      1763462333.223397,
      1763462333.2263904,
      {}
    ],
    [
      10,
      null,
      1687321482,
      null,
      0.18838782830833756,
      0.002443552017211914,
      1,
      1763462335.5299807,
      1763462335.534229,
      {}
    ],
    [
      11,
      null,
      1687321482,
      null,
      0.19507917148247766,
      0.001491546630859375,
      1,
      1763462335.5451508,
      1763462335.548229,
      {}
    ],
    [
      12,
      null,
      1687321482,
      null,
      0.19473102219431127,
      0.0015783309936523438,
      1,
      1763462335.558193,
      1763462335.561431,
      {}
    ],
    [
      13,
      null,
      1687321482,
      null,
      0.19269351857414485,
      0.0018074512481689453,
      1,
      1763462335.57202,
      1763462335.5754595,
      {}
    ],
    [
      14,
      null,
      1687321482,
      null,
      0.23081073468107471,
      0.00127410888671875,
      1,
      1763462335.5862052,
      1763462335.5890427,
      {}
    ],
    [
      15,
      null,
      1687321482,
      null,
      0.14550593893766484,
      0.001104593276977539,
      1,
      1763462335.600162,
      1763462335.6027656,
      {}
    ],
    [
      16,
      null,
      1687321482,
      null,
      0.21420580493033337,
      0.0010879039764404297,
      1,
      1763462335.6152558,
      1763462335.6180081,
      {}
    ],
    [
      17,
      null,
      1687321482,
      null,
      0.29836331677002637,
      0.0011091232299804688,
      1,
      1763462335.6301367,
      1763462335.6327732,
      {}
    ],
    [
      18,
      null,
      1687321482,
      null,
      0.14550593893766484,
      0.0016622543334960938,
      1,
      1763462338.1777515,
      1763462338.1811028,
      {}
    ]
  ],
  "configs": {
    "1": {
      " ACAP": 2.8268504701554775,
      " AEXP": 2.2638982012867928,
      " CPLx": 5.488295209594071,
      " DOCU": 2.2636877354234457,
      " ETAT": 5.39870987459272,
      " FLEx": 3.3776323121394958,
      " KLOC": 108.65890548929106,
      " LTEx": 2.394966136664152,
      " PCAP": 3.0,
      " PCON": 2.083367720246315,
      " PLEx": 3.0,
      " PMAT": 1.1482160342857242,
      " PREC": 1.2930649146437645,
      " PVOL": 2.0,
      " RELY": 5.0,
      " RESL": 1.1197135150432587,
      " RUSE": 3.0282249115407467,
      " SCED": 1.9902318306267262,
      " SITE": 3.0,
      " STOR": 3.3752375822514296,
      " TEAM": 2.4711824310943484,
      " TIME": 3.3594978963956237,
      " TOOL": 2.8418342527002096,
      "DATA": 2.711182641742751
    },
    "2": {
      " ACAP": 2.999230178929514,
      " AEXP": 2.8276033978278647,
      " CPLx": 5.634709605209149,
      " DOCU": 3.536313648054481,
      " ETAT": 5.289226419996345,
      " FLEx": 2.378434626647145,
      " KLOC": 91.31505897832324,
      " LTEx": 2.8784808005766385,
      " PCAP": 3.0,
      " PCON": 2.8544807798283296,
      " PLEx": 3.0,
      " PMAT": 3.9427895545613207,
      " PREC": 1.9274753045943638,
      " PVOL": 2.0,
      " RELY": 5.0,
      " RESL": 2.8420776077547956,
      " RUSE": 2.126162627755656,
      " SCED": 2.503102096670111,
      " SITE": 3.0,
      " STOR": 3.925198936769185,
      " TEAM": 2.923801493193185,
      " TIME": 5.519921737240915,
      " TOOL": 2.2895439219397593,
      "DATA": 4.465919932772218
    },
    "3": {
      " ACAP": 2.082416814528106,
      " AEXP": 2.672831415497433,
      " CPLx": 5.798649990051235,
      " DOCU": 3.104753373863119,
      " ETAT": 2.3637768633909655,
      " FLEx": 3.0554082412447676,
      " KLOC": 119.91419678957058,
      " LTEx": 2.865815876669094,
      " PCAP": 3.0,
      " PCON": 2.024780878363181,
      " PLEx": 3.0,
      " PMAT": 3.1134478109476875,
      " PREC": 1.651447818906334,
      " PVOL": 2.0,
      " RELY": 5.0,
      " RESL": 1.2439469329513073,
      " RUSE": 2.18994873129008,
      " SCED": 1.4521874986177086,
      " SITE": 3.0,
      " STOR": 4.4573742492666595,
      " TEAM": 2.944007609874261,
      " TIME": 3.6784849765574985,
      " TOOL": 2.761395611157466,
      "DATA": 2.6597019156249977
    },
    "4": {
      " ACAP": 2.999887536320721,
      " AEXP": 2.994469313081807,
      " CPLx": 5.745513563825771,
      " DOCU": 3.7482800937078244,
      " ETAT": 5.61042566206862,
      " FLEx": 2.164600839842744,
      " KLOC": 106.16661693265792,
      " LTEx": 2.1344630156982665,
      " PCAP": 3.0,
      " PCON": 2.088939494811715,
      " PLEx": 3.0,
      " PMAT": 1.1749227228574828,
      " PREC": 1.8329499938011993,
      " PVOL": 2.0,
      " RELY": 5.0,
      " RESL": 1.120694317885755,
      " RUSE": 2.1421443548644485,
      " SCED": 2.3108107976740415,
      " SITE": 3.0,
      " STOR": 4.506655296233951,
      " TEAM": 2.724271417428228,
      " TIME": 5.146034968653016,
      " TOOL": 2.955528468194638,
      "DATA": 4.127972483959224
    },
    "5": {
      " ACAP": 2.774570147992579,
      " AEXP": 2.2725540656565446,
      " CPLx": 5.786708979495426,
      " DOCU": 2.544886315885038,
      " ETAT": 2.1410355760131417,
      " FLEx": 4.036250916101393,
      " KLOC": 95.77192385176431,
      " LTEx": 3.6713547856126896,
      " PCAP": 3.0,
      " PCON": 2.5744244568707693,
      " PLEx": 3.0,
      " PMAT": 3.467718974787899,
      " PREC": 1.3953130121479138,
      " PVOL": 2.0,
      " RELY": 5.0,
      " RESL": 2.931827733470227,
      " RUSE": 3.6005442411424244,
      " SCED": 2.7128535424383267,
      " SITE": 3.0,
      " STOR": 3.898071378578731,
      " TEAM": 2.68812012246908,
      " TIME": 4.007945065004588,
      " TOOL": 2.6290191166329877,
      "DATA": 3.6715699865108578
    },
    "6": {
      " ACAP": 2.248832830111197,
      " AEXP": 2.0375416330676517,
      " CPLx": 5.9158572896774055,
      " DOCU": 3.69674848449087,
      " ETAT": 4.208624791179422,
      " FLEx": 3.0865224191633898,
      " KLOC": 124.09326253888244,
      " LTEx": 3.2247909746305914,
      " PCAP": 3.0,
      " PCON": 2.5640153286121596,
      " PLEx": 3.0,
      " PMAT": 2.0291611380053585,
      " PREC": 1.04018396124521,
      " PVOL": 2.0,
      " RELY": 5.0,
      " RESL": 2.0099552564828076,
      " RUSE": 2.8730350743038198,
      " SCED": 1.5189767512991459,
      " SITE": 3.0,
      " STOR": 4.541095993080206,