{
  "incumbent_ids": [
    2
  ],
  "rejected_config_ids": [
    1,
    3,
    4,
    5,
    6,
    7,
    8,
    9,
    10,
    11,
    12,
    13,
    14,
    15,
    16,
    17,
    18,
    19,
    20
  ],
  "incumbents_changed": 2,
  "trajectory": [
    {
      "config_ids": [
        1
      ],
      "costs": [
        0.0007629761222650577
      ],
      "trial": 1,
      "walltime": 0.7976772785186768
    },
    {
      "config_ids": [
        2
      ],
      "costs": [
        1.380607006395973e-05
      ],
      "trial": 2,
      "walltime": 1.7129971981048584
    }
  ],
  "state": {
    "queue": []
  }
}