{
  "incumbent_ids": [
    2
  ],
  "rejected_config_ids": [
    1,
    3,
    4,
    5
  ],
  "incumbents_changed": 2,
  "trajectory": [
    {
      "config_ids": [
        1
      ],
      "costs": [
        0.6063110233729885
      ],
      "trial": 1,
      "walltime": 1.986894130706787
    },
    {
      "config_ids": [
        2
      ],
      "costs": [
        0.6040444989898243
      ],
      "trial": 2,
      "walltime": 4.676137924194336
    }
  ],
  "state": {
    "queue": []
  }
}