{
  "stats": {
    "submitted": 22,
    "finished": 22,
    "running": 0
  },
  "data": [
    [
      1,
      null,
      1192722770,
      null,
      0.7232831747503715,
      0.05255579948425293,
      1,
      1763050755.621205,
      1763050755.67497,
      {}
    ],
    [
      2,
      null,
      1192722770,
      null,
      0.6687861978671078,
      0.22934460639953613,
      1,
      1763050755.6812778,
      1763050755.9116695,
      {}
    ],
    [
      3,
      null,
      1192722770,
      null,
      0.6966145045739909,
      0.09329605102539062,
      1,
      1763050756.4877698,
      1763050756.5902333,
      {}
    ],
    [
      4,
      null,
      1192722770,
      null,
      0.5369167587890777,
      0.0478518009185791,
      1,
      1763050756.6022806,
      1763050756.6510959,
      {}
    ],
    [
      5,
      null,
      1192722770,
      null,
      0.5312441653974167,
      0.0435488224029541,
      1,
      1763050756.6575413,
      1763050756.7020805,
      {}
    ],
    [
      6,
      null,
      1192722770,
      null,
      0.42781165897207585,
      0.04280447959899902,
      1,
      1763050757.1130915,
      1763050757.156903,
      {}
    ],
    [
      7,
      null,
      1192722770,
      null,
      0.6355840895296759,
      0.04163694381713867,
      1,
      1763050757.1611264,
      1763050757.2037907,
      {}
    ],
    [
      8,
      null,
      1192722770,
      null,
      0.5384336609260343,
      0.04186534881591797,
      1,
      1763050757.2071247,
      1763050757.2507257,
      {}
    ],
    [
      9,
      null,
      1192722770,
      null,
      0.5731977789583121,
      0.043541908264160156,
      1,
      1763050757.2547448,
      1763050757.299217,
      {}
    ],
    [
      10,
      null,
      1192722770,
      null,
      0.6294628090054213,
      0.043745994567871094,
      1,
      1763050757.3032165,
      1763050757.3481054,
      {}
    ],
    [
      11,
      null,
      1192722770,
      null,
      0.5436908271456216,
      0.04755592346191406,
      1,
      1763050757.3529134,
      1763050757.401471,
      {}
    ],
    [
      12,
      null,
      1192722770,
      null,
      0.43515614436816086,
      0.21519804000854492,
      1,
      1763050757.40683,
      1763050757.6233268,
      {}
    ],
    [
      13,
      null,
      1192722770,
      null,
      0.3961943038278054,
      0.05060386657714844,
      1,
      1763050757.6349509,
      1763050757.6872714,
      {}
    ],
    [
      14,
      null,
      1192722770,
      null,
      0.6641829896252442,
      0.05440783500671387,
      1,
      1763050757.6932783,
      1763050757.7487452,
      {}
    ],
    [
      15,
      null,
      1192722770,
      null,
      0.8713847026205241,
      0.045571088790893555,
      1,
      1763050758.2565548,
      1763050758.3031251,
      {}
    ],
    [
      16,
      null,
      1192722770,
      null,
      0.3777081854880393,
      0.05220198631286621,
      1,
      1763050758.3075645,
      1763050758.3607748,
      {}
    ],
    [
      17,
      null,
      1192722770,
      null,
      0.4716991532748779,
      0.053734540939331055,
      1,
      1763050758.3689017,
      1763050758.423657,
      {}
    ],
    [
      18,
      null,
      1192722770,
      null,
      0.5045805811672474,
      0.05271792411804199,
      1,
      1763050758.4308453,
      1763050758.4846458,
      {}
    ],
    [
      19,
      null,
      1192722770,
      null,
      0.5268505111466267,
      0.04937291145324707,
      1,
      1763050758.9092968,
      1763050758.9597192,
      {}
    ],
    [
      20,
      null,
      1192722770,
      null,
      0.532695489531676,
      0.04681563377380371,
      1,
      1763050758.966284,
      1763050759.0142407,
      {}
    ],
    [
      21,
      null,
      1192722770,
      null,
      0.5494001897600241,
      0.04284977912902832,
      1,
      1763050759.1349635,
      1763050759.1790779,
      {}
    ],
    [
      22,
      null,
      1192722770,
      null,
      0.3893870191155626,
      0.04285907745361328,
      1,
      1763050759.1932657,
      1763050759.237191,
      {}
    ]
  ],
  "configs": {
    "1": {
      "Counters": 9,
      "Max_spout": 1000000.0,
      "Spliters": 1
    },
    "2": {
      "Counters": 1,
      "Max_spout": 10.0,
      "Spliters": 3
    },
    "3": {
      "Counters": 1,
      "Max_spout": 1.0,
      "Spliters": 3
    },
    "4": {
      "Counters": 6,
      "Max_spout": 1000000.0,
      "Spliters": 3
    },
    "5": {
      "Counters": 15,
      "Max_spout": 10000.0,
      "Spliters": 3
    },
    "6": {
      "Counters": 6,
      "Max_spout": 10000.0,
      "Spliters": 2
    },
    "7": {
      "Counters": 6,
      "Max_spout": 1000000.0,
      "Spliters": 2
    },
    "8": {
      "Counters": 3,
      "Max_spout": 10000.0,
      "Spliters": 3
    },
    "9": {
      "Counters": 18,
      "Max_spout": 1000000.0,
      "Spliters": 2
    },
    "10": {
      "Counters": 3,
      "Max_spout": 1000000.0,
      "Spliters": 1
    },
    "11": {
      "Counters": 3,
      "Max_spout": 1000000.0,
      "Spliters": 3
    },
    "12": {
      "Counters": 6,
      "Max_spout": 10000.0,
      "Spliters": 6
    },
    "13": {
      "Counters": 9,
      "Max_spout": 1000000.0,
      "Spliters": 2
    },
    "14": {
      "Counters": 1,
      "Max_spout": 10000.0,
      "Spliters": 6
    },
    "15": {
      "Counters": 1,
      "Max_spout": 100000.0,
      "Spliters": 1
    },
    "16": {
      "Counters": 12,
      "Max_spout": 10000.0,
      "Spliters": 2
    },
    "17": {
      "Counters": 18,
      "Max_spout": 1000.0,
      "Spliters": 6
    },
    "18": {
      "Counters": 18,
      "Max_spout": 1000.0,
      "Spliters": 3
    },
    "19": {
      "Counters": 12,
      "Max_spout": 10.0,
      "Spliters": 2
    },
    "20": {
      "Counters": 12,
      "Max_spout": 10000.0,
      "Spliters": 3
    },
    "21": {
      "Counters": 3,
      "Max_spout": 100000.0,
      "Spliters": 2
    },
    "22": {
      "Counters": 18,
      "Max_spout": 10000.0,
      "Spliters": 2
    }
  },
  "config_origins": {
    "1": "Initial Design: Sobol",
    "2": "Initial Design: Sobol",
    "3": "Acquisition Function Maximizer: Local Search",
    "4": "Random Search",
    "5": "Random Search",
    "6": "Acquisition Function Maximizer: Local Search",
    "7": "Acquisition Function Maximizer: Local Search",
    "8": "Acquisition Function Maximizer: Local Search",
    "9": "Random Search",
    "10": "Acquisition Function Maximizer: Local Search",
    "11": "Acquisition Function Maximizer: Local Search",
    "12": "Acquisition Function Maximizer: Local Search",
    "13": "Random Search",
    "14": "Random Search",
    "15": "Random Search",
    "16": "Acquisition Function Maximizer: Local Search",
    "17": "Random Search",
    "18": "Random Search",
    "19": "Acquisition Function Maximizer: Local Search",
    "20": "Acquisition Function Maximizer: Local Search",
    "21": "Random Search",
    "22": "Random Search"
  }
}