{
  "stats": {
    "submitted": 12,
    "finished": 12,
    "running": 0
  },
  "data": [
    [
      1,
      null,
      218175338,
      null,
      0.8152775289242341,
      0.0026035308837890625,
      1,
      1763453483.2899601,
      1763453483.2947683,
      {}
    ],
    [
      2,
      null,
      218175338,
      null,
      0.8242709854412701,
      0.0019540786743164062,
      1,
      1763453485.357236,
      1763453485.3608975,
      {}
    ],
    [
      3,
      null,
      218175338,
      null,
      0.7874767913791407,
      0.0008516311645507812,
      1,
      1763453485.3659964,
      1763453485.3683908,
      {}
    ],
    [
      4,
      null,
      218175338,
      null,
      0.8074205127499053,
      0.0008454322814941406,
      1,
      1763453485.3745937,
      1763453485.3769372,
      {}
    ],
    [
      5,
      null,
      218175338,
      null,
      0.7819437747853345,
      0.0009758472442626953,
      1,
      1763453485.3827674,
      1763453485.38525,
      {}
    ],
    [
      6,
      null,
      218175338,
      null,
      0.8126679349424861,
      0.0009706020355224609,
      1,
      1763453485.3921742,
      1763453485.3946166,
      {}
    ],
    [
      7,
      null,
      218175338,
      null,
      0.6294537470097316,
      0.001005411148071289,
      1,
      1763453485.4009912,
      1763453485.403482,
      {}
    ],
    [
      8,
      null,
      218175338,
      null,
      0.9507478661977876,
      0.0008256435394287109,
      1,
      1763453485.4114494,
      1763453485.4138715,
      {}
    ],
    [
      9,
      null,
      218175338,
      null,
      0.7609188605063507,
      0.0009496212005615234,
      1,
      1763453485.4209652,
      1763453485.4233944,
      {}
    ],
    [
      10,
      null,
      218175338,
      null,
      0.791316059797792,
      0.0012226104736328125,
      1,
      1763453485.4373877,
      1763453485.4401104,
      {}
    ],
    [
      11,
      null,
      218175338,
      null,
      0.7828252855901171,
      0.003683805465698242,
      1,
      1763453487.3092532,
      1763453487.314711,
      {}
    ],
    [
      12,
      null,
      218175338,
      null,
      0.8117342594660282,
      0.0033147335052490234,
      1,
      1763453487.3241475,
      1763453487.3289845,
      {}
    ]
  ],
  "configs": {
    "1": {
      "Avg_Utilization_Ratio": 0.742897059654817,
      "CLIENTNUM": 749451482.8948094,
      "Contacts_Count_12_mon": 1.909887408837676,
      "Customer_Age": 47.13540588878095,
      "Dependent_count": 1.473961560986936,
      "Months_Inactive_12_mon": 3.531983435153961,
      "Months_on_book": 35.574549889191985,
      "Naive_Bayes_Classifier_Attrition_Flag_Card_Category_Contacts_Count_12_mon_Dependent_count_Education_Level_Months_Inactive_12_mon_1": 0.6075218144597214,
      "Naive_Bayes_Classifier_Attrition_Flag_Card_Category_Contacts_Count_12_mon_Dependent_count_Education_Level_Months_Inactive_12_mon_2": 0.24848041070955082,
      "Total_Amt_Chng_Q4_Q1": 2.042784833648242,
      "Total_Relationship_Count": 5.410283998586237,
      "Total_Trans_Amt": 5612.978164575994,
      "Total_Trans_Ct": 107.77614139206707,
      "attrition_Flag": "Existing Customer",
      "card_Category": "Silver",
      "education_Level": "Doctorate",
      "gender": "M",
      "income_Category": "$80K - $120K",
      "marital_Status": "Married"
    },
    "2": {
      "Avg_Utilization_Ratio": 0.742897059654817,
      "CLIENTNUM": 749451482.8948094,
      "Contacts_Count_12_mon": 1.909887408837676,
      "Customer_Age": 47.13540588878095,
      "Dependent_count": 0.9230094301959089,
      "Months_Inactive_12_mon": 3.531983435153961,
      "Months_on_book": 35.574549889191985,
      "Naive_Bayes_Classifier_Attrition_Flag_Card_Category_Contacts_Count_12_mon_Dependent_count_Education_Level_Months_Inactive_12_mon_1": 0.6075218144597214,
      "Naive_Bayes_Classifier_Attrition_Flag_Card_Category_Contacts_Count_12_mon_Dependent_count_Education_Level_Months_Inactive_12_mon_2": 0.24848041070955082,
      "Total_Amt_Chng_Q4_Q1": 2.042784833648242,
      "Total_Relationship_Count": 5.410283998586237,
      "Total_Trans_Amt": 7091.222749232986,
      "Total_Trans_Ct": 117.2033018781893,
      "attrition_Flag": "Existing Customer",
      "card_Category": "Blue",
      "education_Level": "Post-Graduate",
      "gender": "M",
      "income_Category": "Less than $40K",
      "marital_Status": "Divorced"
    },
    "3": {
      "Avg_Utilization_Ratio": 0.9981343866031882,
      "CLIENTNUM": 819105306.2686529,
      "Contacts_Count_12_mon": 5.153436940115714,
      "Customer_Age": 33.21467974281105,
      "Dependent_count": 4.202149839982917,
      "Months_Inactive_12_mon": 4.750848499191969,
      "Months_on_book": 25.785780830193833,
      "Naive_Bayes_Classifier_Attrition_Flag_Card_Category_Contacts_Count_12_mon_Dependent_count_Education_Level_Months_Inactive_12_mon_1": 0.9116824989165423,
      "Naive_Bayes_Classifier_Attrition_Flag_Card_Category_Contacts_Count_12_mon_Dependent_count_Education_Level_Months_Inactive_12_mon_2": 0.996018659076435,
      "Total_Amt_Chng_Q4_Q1": 2.8487032312735727,
      "Total_Relationship_Count": 3.195703035060609,
      "Total_Trans_Amt": 7856.975025900246,
      "Total_Trans_Ct": 123.58265448712658,
      "attrition_Flag": "Existing Customer",
      "card_Category": "Platinum",
      "education_Level": "Post-Graduate",
      "gender": "F",
      "income_Category": "$80K - $120K",
      "marital_Status": "Married"
    },
    "4": {
      "Avg_Utilization_Ratio": 0.9980195216224342,
      "CLIENTNUM": 770865756.050494,
      "Contacts_Count_12_mon": 0.8934725713368634,
      "Customer_Age": 71.95694323560576,
      "Dependent_count": 3.075267395335227,
      "Months_Inactive_12_mon": 3.281487008196395,
      "Months_on_book": 36.358862678918854,
      "Naive_Bayes_Classifier_Attrition_Flag_Card_Category_Contacts_Count_12_mon_Dependent_count_Education_Level_Months_Inactive_12_mon_1": 0.7977264601435478,
      "Naive_Bayes_Classifier_Attrition_Flag_Card_Category_Contacts_Count_12_mon_Dependent_count_Education_Level_Months_Inactive_12_mon_2": 0.9280864071776405,
      "Total_Amt_Chng_Q4_Q1": 2.9046047913170674,
      "Total_Relationship_Count": 2.69710244437278,
      "Total_Trans_Amt": 4943.316189367558,
      "Total_Trans_Ct": 84.03162767841182,
      "attrition_Flag": "Attrited Customer",
      "card_Category": "Platinum",
      "education_Level": "Unknown",
      "gender": "F",
      "income_Category": "$60K - $80K",
      "marital_Status": "Single"
    },
    "5": {
      "Avg_Utilization_Ratio": 0.9981778374883518,
      "CLIENTNUM": 715166785.624193,
      "Contacts_Count_12_mon": 2.4741397128460183,
      "Customer_Age": 46.90318170900342,
      "Dependent_count": 4.8966988327425645,
      "Months_Inactive_12_mon": 3.321836812820554,
      "Months_on_book": 23.05122508745599,
      "Naive_Bayes_Classifier_Attrition_Flag_Card_Category_Contacts_Count_12_mon_Dependent_count_Education_Level_Months_Inactive_12_mon_1": 0.7871739516044023,
      "Naive_Bayes_Classifier_Attrition_Flag_Card_Category_Contacts_Count_12_mon_Dependent_count_Education_Level_Months_Inactive_12_mon_2": 0.9742692829882286,
      "Total_Amt_Chng_Q4_Q1": 2.463485677481748,
      "Total_Relationship_Count": 4.3601801980021,
      "Total_Trans_Amt": 16248.709568445825,
      "Total_Trans_Ct": 71.53818308034887,
      "attrition_Flag": "Existing Customer",
      "card_Category": "Platinum",
      "education_Level": "Post-Graduate",
      "gender": "F",
      "income_Category": "Unknown",
      "marital_Status": "Unknown"
    },
    "6": {
      "Avg_Utilization_Ratio": 0.9988094147686207,
      "CLIENTNUM": 743359800.8385386,
      "Contacts_Count_12_mon": 4.511156397376176,
      "Customer_Age": 27.007611458993427,
      "Dependent_count": 1.6832482542143714,
      "Months_Inactive_12_mon": 5.6977855137193645,