{
  "stats": {
    "submitted": 6,
    "finished": 6,
    "running": 0
  },
  "data": [
    [
      1,
      null,
      1791095845,
      null,
      Infinity,
      0.0028481483459472656,
      2,
      1763362854.138499,
      1763362854.1430213,
      {}
    ],
    [
      2,
      null,
      1791095845,
      null,
      Infinity,
      0.004941701889038086,
      2,
      1763362855.6048267,
      1763362855.6111994,
      {}
    ],
    [
      3,
      null,
      1791095845,
      null,
      Infinity,
      0.0005331039428710938,
      2,
      1763362855.6143763,
      1763362855.61624,
      {}
    ],
    [
      4,
      null,
      1791095845,
      null,
      Infinity,
      0.0007109642028808594,
      2,
      1763362855.6196537,
      1763362855.6216474,
      {}
    ],
    [
      5,
      null,
      1791095845,
      null,
      Infinity,
      0.0006811618804931641,
      2,
      1763362855.6247742,
      1763362855.627171,
      {}
    ],
    [
      6,
      null,
      1791095845,
      null,
      Infinity,
      0.0007178783416748047,
      2,
      1763362855.631204,
      1763362855.6333053,
      {}
    ]
  ],
  "configs": {
    "1": {
      "Max_depth": 8,
      "Min_impurity_decrease": 9.0,
      "Min_sample_leaves": 18,
      "N_estimators": 120,
      "criterion": "absolute_error"
    },
    "2": {
      "Max_depth": 10,
      "Min_impurity_decrease": 3.25,
      "Min_sample_leaves": 12,
      "N_estimators": 10,
      "criterion": "squared_error"
    },
    "3": {
      "Max_depth": 10,
      "Min_impurity_decrease": 6.5,
      "Min_sample_leaves": 4,
      "N_estimators": 10,
      "criterion": "absolute_error"
    },
    "4": {
      "Max_depth": 18,
      "Min_impurity_decrease": 0.0,
      "Min_sample_leaves": 11,
      "N_estimators": 180,
      "criterion": "absolute_error"
    },
    "5": {
      "Max_depth": 14,
      "Min_impurity_decrease": 1.0,
      "Min_sample_leaves": 8,
      "N_estimators": 90,
      "criterion": "squared_error"
    },
    "6": {
      "Max_depth": 16,
      "Min_impurity_decrease": 9.0,
      "Min_sample_leaves": 5,
      "N_estimators": 110,
      "criterion": "absolute_error"
    }
  },
  "config_origins": {
    "1": "Initial Design: Sobol",
    "2": "Acquisition Function Maximizer: Local Search",
    "3": "Acquisition Function Maximizer: Local Search",
    "4": "Random Search",
    "5": "Acquisition Function Maximizer: Local Search",
    "6": "Random Search"
  }
}