{
  "stats": {
    "submitted": 6,
    "finished": 6,
    "running": 0
  },
  "data": [
    [
      1,
      null,
      1603867075,
      null,
      0.18933430884692504,
      0.019455909729003906,
      1,
      1763447534.6962552,
      1763447534.717832,
      {}
    ],
    [
      2,
      null,
      1603867075,
      null,
      0.11769954080739087,
      0.0022325515747070312,
      1,
      1763447537.7822025,
      1763447537.7862039,
      {}
    ],
    [
      3,
      null,
      1603867075,
      null,
      0.2771394741430535,
      0.0010170936584472656,
      1,
      1763447537.7937682,
      1763447537.7964056,
      {}
    ],
    [
      4,
      null,
      1603867075,
      null,
      0.20834532720047316,
      0.0010018348693847656,
      1,
      1763447537.802948,
      1763447537.80556,
      {}
    ],
    [
      5,
      null,
      1603867075,
      null,
      0.32816614016902657,
      0.0010461807250976562,
      1,
      1763447537.8126073,
      1763447537.815198,
      {}
    ],
    [
      6,
      null,
      1603867075,
      null,
      0.25404505614175377,
      0.001007080078125,
      1,
      1763447537.8227246,
      1763447537.825373,
      {}
    ]
  ],
  "configs": {
    "1": {
      " ACAP": 4.367141455411911,
      " AEXP": 4.422315414506942,
      " CPLx": 3.8240280468016863,
      " DOCU": 1.2023590095341206,
      " ETAT": 3.807168001002632,
      " FLEx": 4.698377590626478,
      " KLOC": 76.46334036704805,
      " LTEx": 2.438328929245472,
      " PCAP": 4.130796430632472,
      " PCON": 2.193112243534066,
      " PLEx": 1.3947702479651198,
      " PMAT": 2.7906440189108253,
      " PREC": 3.219720657914877,
      " PVOL": 2.8931502075865865,
      " RELY": 4.531935391947627,
      " RESL": 2.933265586568974,
      " RUSE": 5.55010581552051,
      " SCED": 3.0,
      " SITE": 3.2659320943057537,
      " STOR": 3.747660524211824,
      " TEAM": 3.9782505221664906,
      " TIME": 3.3234233437106013,
      " TOOL": 2.0,
      "DATA": 4.028036227373406
    },
    "2": {
      " ACAP": 4.998472338880613,
      " AEXP": 1.4319013200387374,
      " CPLx": 3.7188030693365124,
      " DOCU": 1.9951347397466486,
      " ETAT": 1.1160318831556886,
      " FLEx": 1.0994427431919966,
      " KLOC": 10.718593319353033,
      " LTEx": 1.4971929267524153,
      " PCAP": 4.002083583231215,
      " PCON": 1.4445464762992384,
      " PLEx": 3.691649932386674,
      " PMAT": 2.1955075179320898,
      " PREC": 4.110809859074613,
      " PVOL": 4.030143147905521,
      " RELY": 4.565275918491028,
      " RESL": 4.587339198411204,
      " RUSE": 5.227371278589207,
      " SCED": 3.0,
      " SITE": 3.074295646659544,
      " STOR": 3.046276329048189,
      " TEAM": 4.119835947912189,
      " TIME": 3.038532499437654,
      " TOOL": 2.0,
      "DATA": 4.988764415628582
    },
    "3": {
      " ACAP": 4.950428077399957,
      " AEXP": 1.787106940679664,
      " CPLx": 3.664228114449312,
      " DOCU": 3.4317001759205072,
      " ETAT": 3.4904358745731603,
      " FLEx": 3.025212862184253,
      " KLOC": 371.13744486508824,
      " LTEx": 1.6729608640930107,
      " PCAP": 4.489802278100713,
      " PCON": 1.4939747636441383,
      " PLEx": 3.9013697828244123,
      " PMAT": 2.478979197689958,
      " PREC": 1.9935385169063544,
      " PVOL": 3.521654858512054,
      " RELY": 3.0884799682777224,
      " RESL": 4.316496273761033,
      " RUSE": 3.0075682772381076,
      " SCED": 3.0,
      " SITE": 3.426577922233886,
      " STOR": 3.5686511196355757,
      " TEAM": 4.852507802690381,
      " TIME": 3.445922666377829,
      " TOOL": 2.0,
      "DATA": 3.3621072552388287
    },
    "4": {
      " ACAP": 4.970023581185806,
      " AEXP": 2.100994135739301,
      " CPLx": 4.742226528381765,
      " DOCU": 3.016377331839117,
      " ETAT": 1.0329009036355612,
      " FLEx": 2.5009195046159136,
      " KLOC": 360.0038975055188,
      " LTEx": 3.7257223509154143,
      " PCAP": 4.0235441264264855,
      " PCON": 2.6868689484836246,
      " PLEx": 3.9697345115718474,
      " PMAT": 2.2732324105982156,
      " PREC": 1.1827874571909085,
      " PVOL": 3.4507097220655205,
      " RELY": 3.5197627587620035,
      " RESL": 1.6849619892720922,
      " RUSE": 3.0329210211494617,
      " SCED": 3.0,
      " SITE": 2.2351602384013365,
      " STOR": 3.355852937371383,
      " TEAM": 4.587803200260028,
      " TIME": 3.4696578875916315,
      " TOOL": 2.0,
      "DATA": 2.631829325779119
    },
    "5": {
      " ACAP": 4.998812668733101,
      " AEXP": 3.6814838152643876,
      " CPLx": 3.2790298625253427,
      " DOCU": 3.385661856547389,
      " ETAT": 1.7696246890862493,
      " FLEx": 2.410844961520577,
      " KLOC": 229.952896056591,
      " LTEx": 3.8643274167778294,
      " PCAP": 4.116896321076106,
      " PCON": 1.1287973233388655,
      " PLEx": 3.073726023961798,
      " PMAT": 2.180334118833018,
      " PREC": 1.0927309461304575,
      " PVOL": 2.2619374019614646,
      " RELY": 4.260082683328996,
      " RESL": 4.86008171566287,
      " RUSE": 5.839965795218041,
      " SCED": 3.0,
      " SITE": 1.4134061841758896,
      " STOR": 3.283704929172925,
      " TEAM": 3.578230902568051,
      " TIME": 3.8869718872177033,
      " TOOL": 2.0,
      "DATA": 4.651837147848173
    },
    "6": {
      " ACAP": 4.999726945017956,
      " AEXP": 2.849304679196977,
      " CPLx": 5.024468181125599,
      " DOCU": 2.451766762019631,
      " ETAT": 1.1167631442492696,
      " FLEx": 4.348371892961655,
      " KLOC": 368.7238166847272,
      " LTEx": 2.1587987656968535,
      " PCAP": 4.77632224834836,
      " PCON": 3.8188034201112084,
      " PLEx": 1.5745245084754873,
      " PMAT": 2.393340772495319,
      " PREC": 1.073523513739136,
      " PVOL": 2.0482412858220793,
      " RELY": 4.714676697401297,
      " RESL": 3.931740573705471,
      " RUSE": 3.972579891355309,
      " SCED": 3.0,
      " SITE": 1.697798660161844,
      " STOR": 3.389075890254926,
      " TEAM": 3.9593933807217883,
      " TIME": 3.7739010011371987,
      " TOOL": 2.0,
      "DATA": 4.1080711526567635
    }
  },
  "config_origins": {
    "1": "Initial Design: Sobol",
    "2": "Acquisition Function Maximizer: Local Search",
    "3": "Acquisition Function Maximizer: Local Search",
    "4": "Acquisition Function Maximizer: Local Search",
    "5": "Acquisition Function Maximizer: Local Search",
    "6": "Acquisition Function Maximizer: Local Search"
  }
}