{"config": {"Criticality": 0.5543838891360232, "Criticality Modifier": 0.4877026213343944, "Culture": 0.1531300342698578, "Dynamism": 0.4299294704262023, "Initial Known": 0.2411635725391024, "Inter-Dependency": 0.4056795207075351, "Plan": 0.859809700013738, "Size": 0.0480319938179618, "Team Size": 0.3214224676753421}, "score": 0.18952191043574218, "info": {}}