{
  "incumbent_ids": [
    4
  ],
  "rejected_config_ids": [
    2,
    3,
    1,
    5
  ],
  "incumbents_changed": 2,
  "trajectory": [
    {
      "config_ids": [
        1
      ],
      "costs": [
        0.7780322242747487
      ],
      "trial": 1,
      "walltime": 2.362630605697632
    },
    {
      "config_ids": [
        4
      ],
      "costs": [
        0.5573763735292709
      ],
      "trial": 4,
      "walltime": 9.442074537277222
    }
  ],
  "state": {
    "queue": []
  }
}