{
  "incumbent_ids": [
    2
  ],
  "rejected_config_ids": [
    1
  ],
  "incumbents_changed": 2,
  "trajectory": [
    {
      "config_ids": [
        1
      ],
      "costs": [
        0.67456092491287
      ],
      "trial": 1,
      "walltime": 0.1050407886505127
    },
    {
      "config_ids": [
        2
      ],
      "costs": [
        0.60285685482201
      ],
      "trial": 2,
      "walltime": 0.8782198429107666
    }
  ],
  "state": {
    "queue": []
  }
}