{
  "incumbent_ids": [
    13
  ],
  "rejected_config_ids": [
    2,
    3,
    4,
    5,
    6,
    7,
    1,
    9,
    10,
    11,
    12,
    8,
    14,
    15,
    16,
    17,
    18,
    19,
    20
  ],
  "incumbents_changed": 3,
  "trajectory": [
    {
      "config_ids": [
        1
      ],
      "costs": [
        0.6699569062121853
      ],
      "trial": 1,
      "walltime": 2.7470197677612305
    },
    {
      "config_ids": [
        8
      ],
      "costs": [
        0.6435238777906792
      ],
      "trial": 8,
      "walltime": 17.2787184715271
    },
    {
      "config_ids": [
        13
      ],
      "costs": [
        0.5107473807794682
      ],
      "trial": 13,
      "walltime": 27.570545196533203
    }
  ],
  "state": {
    "queue": []
  }
}