{
  "stats": {
    "submitted": 20,
    "finished": 20,
    "running": 0
  },
  "data": [
    [
      1,
      null,
      774252441,
      null,
      0.0,
      2.673247814178467,
      1,
      1763067465.0179737,
      1763067467.7258337,
      {}
    ],
    [
      2,
      null,
      774252441,
      null,
      1.0,
      2.3526735305786133,
      1,
      1763067467.731422,
      1763067470.1157222,
      {}
    ],
    [
      3,
      null,
      774252441,
      null,
      1.0,
      2.696788787841797,
      1,
      1763067470.118741,
      1763067472.8522766,
      {}
    ],
    [
      4,
      null,
      774252441,
      null,
      0.0,
      2.474870204925537,
      1,
      1763067472.8551724,
      1763067475.3754268,
      {}
    ],
    [
      5,
      null,
      774252441,
      null,
      1.0,
      2.3019328117370605,
      1,
      1763067475.3783062,
      1763067477.735644,
      {}
    ],
    [
      6,
      null,
      774252441,
      null,
      0.0,
      2.4269325733184814,
      1,
      1763067477.7390757,
      1763067480.204674,
      {}
    ],
    [
      7,
      null,
      774252441,
      null,
      1.0,
      2.9303910732269287,
      1,
      1763067480.2084353,
      1763067483.1799498,
      {}
    ],
    [
      8,
      null,
      774252441,
      null,
      0.0,
      2.4290480613708496,
      1,
      1763067483.1882975,
      1763067485.6597261,
      {}
    ],
    [
      9,
      null,
      774252441,
      null,
      1.0,
      2.3150484561920166,
      1,
      1763067485.6632683,
      1763067488.0117826,
      {}
    ],
    [
      10,
      null,
      774252441,
      null,
      0.0,
      2.220136880874634,
      1,
      1763067488.0154698,
      1763067490.2697196,
      {}
    ],
    [
      11,
      null,
      774252441,
      null,
      0.0,
      2.3095524311065674,
      1,
      1763067490.2729557,
      1763067492.616377,
      {}
    ],
    [
      12,
      null,
      774252441,
      null,
      0.0,
      2.302304267883301,
      1,
      1763067492.619781,
      1763067494.9548068,
      {}
    ],
    [
      13,
      null,
      774252441,
      null,
      1.0,
      2.1479952335357666,
      1,
      1763067494.9580922,
      1763067497.202396,
      {}
    ],
    [
      14,
      null,
      774252441,
      null,
      0.0,
      2.130772352218628,
      1,
      1763067497.2057416,
      1763067499.3704057,
      {}
    ],
    [
      15,
      null,
      774252441,
      null,
      0.0,
      2.2180845737457275,
      1,
      1763067499.3742971,
      1763067501.6260605,
      {}
    ],
    [
      16,
      null,
      774252441,
      null,
      0.0,
      2.2831363677978516,
      1,
      1763067501.63024,
      1763067503.9471517,
      {}
    ],
    [
      17,
      null,
      774252441,
      null,
      1.0,
      2.224153995513916,
      1,
      1763067503.950918,
      1763067506.2065523,
      {}
    ],
    [
      18,
      null,
      774252441,
      null,
      0.0,
      2.141846179962158,
      1,
      1763067506.2104335,
      1763067508.3849752,
      {}
    ],
    [
      19,
      null,
      774252441,
      null,
      0.0,
      2.1006953716278076,
      1,
      1763067508.3888106,
      1763067510.5223143,
      {}
    ],
    [
      20,
      null,
      774252441,
      null,
      1.0,
      2.093245506286621,
      1,
      1763067510.5261245,
      1763067512.6505523,
      {}
    ]
  ],
  "configs": {
    "1": {
      "row_id": "6184"
    },
    "2": {
      "row_id": "1052"
    },
    "3": {
      "row_id": "2931"
    },
    "4": {
      "row_id": "8112"
    },
    "5": {
      "row_id": "9782"
    },
    "6": {
      "row_id": "4952"
    },
    "7": {
      "row_id": "1843"
    },
    "8": {
      "row_id": "6702"
    },
    "9": {
      "row_id": "7412"
    },
    "10": {
      "row_id": "2245"
    },
    "11": {
      "row_id": "4086"
    },
    "12": {
      "row_id": "9224"
    },
    "13": {
      "row_id": "8511"
    },
    "14": {
      "row_id": "3646"
    },
    "15": {
      "row_id": "497"
    },
    "16": {
      "row_id": "5313"
    },
    "17": {
      "row_id": "5251"
    },
    "18": {
      "row_id": "110"
    },
    "19": {
      "row_id": "3249"
    },
    "20": {
      "row_id": "8419"
    }
  },
  "config_origins": {
    "1": "Initial Design: Sobol",
    "2": "Initial Design: Sobol",
    "3": "Initial Design: Sobol",
    "4": "Initial Design: Sobol",
    "5": "Initial Design: Sobol",
    "6": "Initial Design: Sobol",
    "7": "Initial Design: Sobol",
    "8": "Initial Design: Sobol",
    "9": "Initial Design: Sobol",
    "10": "Initial Design: Sobol",
    "11": "Initial Design: Sobol",
    "12": "Initial Design: Sobol",
    "13": "Initial Design: Sobol",
    "14": "Initial Design: Sobol",
    "15": "Initial Design: Sobol",
    "16": "Initial Design: Sobol",
    "17": "Initial Design: Sobol",
    "18": "Initial Design: Sobol",
    "19": "Initial Design: Sobol",
    "20": "Initial Design: Sobol"
  }
}