{'Clndrs': 4.0, 'Volume': 98.0, 'Model': 80.0, 'origin': 2.0}, {'Clndrs': 4.0, 'Volume': 85.0, 'Model': 81.0, 'origin': 3.0}, {'Clndrs': 4.0, 'Volume': 97.0, 'Model': 77.0, 'origin': 3.0}, {'Clndrs': 4.0, 'Volume': 120.0, 'Model': 82.0, 'origin': 3.0}, {'Clndrs': 4.0, 'Volume': 86.0, 'Model': 80.0, 'origin': 3.0}, {'Clndrs': 4.0, 'Volume': 85.0, 'Model': 80.0, 'origin': 2.0}, {'Clndrs': 4.0, 'Volume': 91.0, 'Model': 82.0, 'origin': 3.0}, {'Clndrs': 4.0, 'Volume': 100.0, 'Model': 81.0, 'origin': 2.0}, {'Clndrs': 4.0, 'Volume': 116.0, 'Model': 76.0, 'origin': 2.0}, {'Clndrs': 4.0, 'Volume': 97.0, 'Model': 75.0, 'origin': 3.0}, {'Clndrs': 4.0, 'Volume': 97.0, 'Model': 76.0, 'origin': 3.0}, {'Clndrs': 4.0, 'Volume': 112.0, 'Model': 82.0, 'origin': 1.0}, {'Clndrs': 4.0, 'Volume': 91.0, 'Model': 82.0, 'origin': 3.0}, {'Clndrs': 4.0, 'Volume': 86.0, 'Model': 81.0, 'origin': 1.0}, {'Clndrs': 4.0, 'Volume': 85.0, 'Model': 81.0, 'origin': 3.0}, {'Clndrs': 4.0, 'Volume': 97.0, 'Model': 70.0, 'origin': 2.0}, {'Clndrs': 4.0, 'Volume': 97.0, 'Model': 71.0, 'origin': 2.0}, {'Clndrs': 4.0, 'Volume': 97.0, 'Model': 81.0, 'origin': 3.0}, {'Clndrs': 4.0, 'Volume': 97.0, 'Model': 71.0, 'origin': 3.0}, {'Clndrs': 4.0, 'Volume': 90.0, 'Model': 78.0, 'origin': 2.0}
0.3858307736456239, 0.24245318422143292, 0.4127648071621979, 0.39261451211528486, 0.25069416027841385, 0.2976352869025818, 0.3348019145129377, 0.4386233992237558, 0.4085513424532641, 0.42794322946981855, 0.4177778452301931, 0.39284905848868923, 0.3348019145129377, 0.3255856910455688, 0.24245318422143292, 0.3263298147356364, 0.35266393508851945, 0.3829859092340627, 0.46453291705154875, 0.19339815732352839
1.3737668991088867, 0.1258070468902588, 0.009552001953125, 0.005347490310668945, 0.010307550430297852, 0.00847172737121582, 0.007421016693115234, 0.00660252571105957, 0.005030155181884766, 0.003598928451538086, 0.0060138702392578125, 0.003564596176147461, 0.0036177635192871094, 0.004842519760131836, 0.011443376541137695, 0.009372472763061523, 0.004365444183349609, 0.0445706844329834, 0.021411657333374023, 0.03234553337097168