{'Clndrs': 4.0, 'Volume': 90.0, 'Model': 78.0, 'origin': 2.0}, {'Clndrs': 4.0, 'Volume': 90.0, 'Model': 80.0, 'origin': 2.0}, {'Clndrs': 4.0, 'Volume': 86.0, 'Model': 80.0, 'origin': 3.0}, {'Clndrs': 5.0, 'Volume': 121.0, 'Model': 80.0, 'origin': 2.0}, {'Clndrs': 4.0, 'Volume': 90.0, 'Model': 78.0, 'origin': 2.0}, {'Clndrs': 4.0, 'Volume': 97.0, 'Model': 82.0, 'origin': 2.0}, {'Clndrs': 4.0, 'Volume': 86.0, 'Model': 80.0, 'origin': 3.0}, {'Clndrs': 4.0, 'Volume': 85.0, 'Model': 78.0, 'origin': 3.0}, {'Clndrs': 4.0, 'Volume': 90.0, 'Model': 80.0, 'origin': 2.0}, {'Clndrs': 4.0, 'Volume': 90.0, 'Model': 80.0, 'origin': 2.0}, {'Clndrs': 4.0, 'Volume': 90.0, 'Model': 78.0, 'origin': 2.0}, {'Clndrs': 4.0, 'Volume': 68.0, 'Model': 73.0, 'origin': 2.0}, {'Clndrs': 4.0, 'Volume': 98.0, 'Model': 82.0, 'origin': 1.0}, {'Clndrs': 4.0, 'Volume': 85.0, 'Model': 81.0, 'origin': 3.0}, {'Clndrs': 4.0, 'Volume': 85.0, 'Model': 81.0, 'origin': 3.0}, {'Clndrs': 4.0, 'Volume': 72.0, 'Model': 71.0, 'origin': 3.0}, {'Clndrs': 4.0, 'Volume': 90.0, 'Model': 78.0, 'origin': 2.0}, {'Clndrs': 4.0, 'Volume': 90.0, 'Model': 80.0, 'origin': 2.0}, {'Clndrs': 4.0, 'Volume': 90.0, 'Model': 80.0, 'origin': 2.0}, {'Clndrs': 4.0, 'Volume': 90.0, 'Model': 78.0, 'origin': 2.0}
0.19339815732352839, 0.19532716835654673, 0.25069416027841385, 0.31159152325128536, 0.19339815732352839, 0.16745989117220028, 0.25069416027841385, 0.26800809420993543, 0.19532716835654673, 0.19532716835654673, 0.19339815732352839, 0.34385632337349503, 0.30706763493134415, 0.24245318422143292, 0.24245318422143292, 0.27467083302654305, 0.19339815732352839, 0.19532716835654673, 0.19532716835654673, 0.19339815732352839
11.588399410247803, 1.6785812377929688, 0.046061038970947266, 0.07738399505615234, 0.1278994083404541, 0.15650081634521484, 0.10630583763122559, 0.04736971855163574, 0.17941594123840332, 0.1575489044189453, 0.04405856132507324, 0.11098694801330566, 0.05032992362976074, 0.08433246612548828, 0.08080673217773438, 0.04710555076599121, 0.3748321533203125, 0.4841272830963135, 0.1787583827972412, 0.04501175880432129