{'Spout_wait': 5.0, 'Spliters': 6.0, 'Counters': 1.0}, {'Spout_wait': 5.0, 'Spliters': 5.0, 'Counters': 12.0}, {'Spout_wait': 5.0, 'Spliters': 3.0, 'Counters': 12.0}, {'Spout_wait': 6.0, 'Spliters': 3.0, 'Counters': 17.0}, {'Spout_wait': 5.0, 'Spliters': 5.0, 'Counters': 1.0}, {'Spout_wait': 4.0, 'Spliters': 5.0, 'Counters': 10.0}, {'Spout_wait': 6.0, 'Spliters': 3.0, 'Counters': 18.0}, {'Spout_wait': 5.0, 'Spliters': 3.0, 'Counters': 12.0}, {'Spout_wait': 4.0, 'Spliters': 6.0, 'Counters': 6.0}, {'Spout_wait': 3.0, 'Spliters': 4.0, 'Counters': 15.0}, {'Spout_wait': 2.0, 'Spliters': 5.0, 'Counters': 13.0}, {'Spout_wait': 4.0, 'Spliters': 6.0, 'Counters': 17.0}, {'Spout_wait': 5.0, 'Spliters': 6.0, 'Counters': 16.0}, {'Spout_wait': 3.0, 'Spliters': 6.0, 'Counters': 1.0}, {'Spout_wait': 5.0, 'Spliters': 4.0, 'Counters': 5.0}, {'Spout_wait': 6.0, 'Spliters': 4.0, 'Counters': 13.0}, {'Spout_wait': 5.0, 'Spliters': 5.0, 'Counters': 13.0}, {'Spout_wait': 4.0, 'Spliters': 5.0, 'Counters': 10.0}, {'Spout_wait': 6.0, 'Spliters': 5.0, 'Counters': 1.0}, {'Spout_wait': 2.0, 'Spliters': 5.0, 'Counters': 14.0}
0.06970230856181392, 0.07946235457155826, 0.06856444270796458, 0.07509134659681826, 4.1023799471462397e-05, 0.04928309323600877, 0.08149838149817812, 0.06856444270796458, 0.0752111815317309, 0.050780020257953695, 0.0934162369396977, 0.07844433583031751, 0.05281542808411355, 0.06095920606992189, 0.07275679403201574, 0.06622868155999706, 0.06575009723038128, 0.04928309323600877, 0.06185809585680524, 0.04724666887988782
4.371907711029053, 1.01668381690979, 0.3144040107727051, 1.5007925033569336, 0.038697004318237305, 0.047820329666137695, 0.027717113494873047, 0.02749180793762207, 0.028460979461669922, 0.02799820899963379, 0.026871442794799805, 0.04271340370178223, 0.025203943252563477, 0.02869391441345215, 0.02448415756225586, 0.029314517974853516, 0.04958701133728027, 0.02628040313720703, 0.027497053146362305, 0.025218486785888672