{'Max_spout': 1000.0, 'Spliters': 2.0, 'Counters': 18.0}, {'Max_spout': 1000000.0, 'Spliters': 1.0, 'Counters': 9.0}, {'Max_spout': 10000.0, 'Spliters': 2.0, 'Counters': 6.0}, {'Max_spout': 10000.0, 'Spliters': 2.0, 'Counters': 9.0}, {'Max_spout': 1000000.0, 'Spliters': 6.0, 'Counters': 1.0}, {'Max_spout': 10000.0, 'Spliters': 2.0, 'Counters': 15.0}, {'Max_spout': 10000.0, 'Spliters': 6.0, 'Counters': 12.0}, {'Max_spout': 1000.0, 'Spliters': 2.0, 'Counters': 15.0}, {'Max_spout': 1000.0, 'Spliters': 2.0, 'Counters': 12.0}, {'Max_spout': 10000.0, 'Spliters': 2.0, 'Counters': 12.0}, {'Max_spout': 100000.0, 'Spliters': 1.0, 'Counters': 9.0}, {'Max_spout': 10000.0, 'Spliters': 2.0, 'Counters': 12.0}, {'Max_spout': 1000000.0, 'Spliters': 1.0, 'Counters': 6.0}, {'Max_spout': 1000000.0, 'Spliters': 6.0, 'Counters': 12.0}, {'Max_spout': 1000000.0, 'Spliters': 1.0, 'Counters': 18.0}, {'Max_spout': 10000.0, 'Spliters': 2.0, 'Counters': 12.0}, {'Max_spout': 1000000.0, 'Spliters': 1.0, 'Counters': 3.0}, {'Max_spout': 10000.0, 'Spliters': 2.0, 'Counters': 18.0}, {'Max_spout': 10000.0, 'Spliters': 6.0, 'Counters': 6.0}, {'Max_spout': 100.0, 'Spliters': 2.0, 'Counters': 9.0}
0.37732074296275253, 0.32012653299473015, 0.4166887504479434, 0.40832520008941975, 0.40357683359835317, 0.37396253693787807, 0.4555332964187899, 0.36892976043895076, 0.38207560321211176, 0.3482003422813653, 0.35166741075975727, 0.3482003422813653, 0.36846990554864756, 0.44984553552444706, 0.47148916029227994, 0.3482003422813653, 0.39445597231778273, 0.38803073678533906, 0.44770505914202796, 0.467081405965204
0.44449949264526367, 0.23486804962158203, 0.12377214431762695, 0.033313751220703125, 0.07559585571289062, 0.04149270057678223, 0.07650279998779297, 0.0719304084777832, 0.1264355182647705, 0.13550782203674316, 0.06421160697937012, 0.09930920600891113, 0.07038593292236328, 0.07512807846069336, 0.05735445022583008, 0.06942868232727051, 0.0911104679107666, 0.3200852870941162, 0.07112312316894531, 0.2744019031524658