{'Max_spout': 1000.0, 'Spliters': 2.0, 'Counters': 18.0}, {'Max_spout': 1000.0, 'Spliters': 6.0, 'Counters': 15.0}, {'Max_spout': 1000.0, 'Spliters': 2.0, 'Counters': 9.0}, {'Max_spout': 10000.0, 'Spliters': 2.0, 'Counters': 9.0}, {'Max_spout': 1000.0, 'Spliters': 2.0, 'Counters': 12.0}, {'Max_spout': 1000.0, 'Spliters': 2.0, 'Counters': 12.0}, {'Max_spout': 1000.0, 'Spliters': 2.0, 'Counters': 6.0}, {'Max_spout': 1000.0, 'Spliters': 2.0, 'Counters': 15.0}, {'Max_spout': 1000.0, 'Spliters': 2.0, 'Counters': 12.0}, {'Max_spout': 10000.0, 'Spliters': 2.0, 'Counters': 12.0}, {'Max_spout': 10000.0, 'Spliters': 2.0, 'Counters': 6.0}, {'Max_spout': 1000.0, 'Spliters': 2.0, 'Counters': 12.0}, {'Max_spout': 100.0, 'Spliters': 2.0, 'Counters': 9.0}, {'Max_spout': 100.0, 'Spliters': 2.0, 'Counters': 18.0}, {'Max_spout': 1000.0, 'Spliters': 2.0, 'Counters': 9.0}, {'Max_spout': 10000.0, 'Spliters': 2.0, 'Counters': 12.0}, {'Max_spout': 1000.0, 'Spliters': 2.0, 'Counters': 6.0}, {'Max_spout': 10000.0, 'Spliters': 2.0, 'Counters': 9.0}, {'Max_spout': 100.0, 'Spliters': 2.0, 'Counters': 9.0}, {'Max_spout': 10000.0, 'Spliters': 2.0, 'Counters': 6.0}
0.3670307857723123, 0.4687885535894645, 0.3843556979164898, 0.3915810157618045, 0.34825220828017067, 0.34825220828017067, 0.42471564247809135, 0.3534006710681069, 0.34825220828017067, 0.4060542266639211, 0.4048595507354926, 0.34825220828017067, 0.4332312508997562, 0.4007921025523584, 0.3843556979164898, 0.4060542266639211, 0.42471564247809135, 0.3915810157618045, 0.4332312508997562, 0.4048595507354926
0.013838052749633789, 0.010784626007080078, 0.017821788787841797, 0.010498285293579102, 0.014037609100341797, 0.011829376220703125, 0.01372218132019043, 0.0107421875, 0.018947839736938477, 0.056134700775146484, 0.20692849159240723, 0.01085209846496582, 0.04513692855834961, 0.05992579460144043, 0.055321455001831055, 0.030727386474609375, 0.030376195907592773, 0.009317159652709961, 0.02497100830078125, 0.022232532501220703