{'Max_spout': 1000.0, 'Spliters': 2.0, 'Counters': 18.0}, {'Max_spout': 1000.0, 'Spliters': 2.0, 'Counters': 12.0}, {'Max_spout': 1000.0, 'Spliters': 2.0, 'Counters': 9.0}, {'Max_spout': 1000.0, 'Spliters': 2.0, 'Counters': 12.0}, {'Max_spout': 1000.0, 'Spliters': 2.0, 'Counters': 12.0}, {'Max_spout': 1000.0, 'Spliters': 2.0, 'Counters': 12.0}, {'Max_spout': 1000.0, 'Spliters': 2.0, 'Counters': 6.0}, {'Max_spout': 1000.0, 'Spliters': 2.0, 'Counters': 15.0}, {'Max_spout': 1000.0, 'Spliters': 2.0, 'Counters': 12.0}, {'Max_spout': 1000.0, 'Spliters': 2.0, 'Counters': 15.0}, {'Max_spout': 10000.0, 'Spliters': 2.0, 'Counters': 6.0}, {'Max_spout': 1000.0, 'Spliters': 2.0, 'Counters': 12.0}, {'Max_spout': 10000.0, 'Spliters': 2.0, 'Counters': 15.0}, {'Max_spout': 1000.0, 'Spliters': 2.0, 'Counters': 18.0}, {'Max_spout': 1000.0, 'Spliters': 2.0, 'Counters': 9.0}, {'Max_spout': 10000.0, 'Spliters': 2.0, 'Counters': 12.0}, {'Max_spout': 10000.0, 'Spliters': 2.0, 'Counters': 6.0}, {'Max_spout': 10000.0, 'Spliters': 2.0, 'Counters': 9.0}, {'Max_spout': 100.0, 'Spliters': 2.0, 'Counters': 15.0}, {'Max_spout': 10000.0, 'Spliters': 2.0, 'Counters': 6.0}
0.3670307857723123, 0.34825220828017067, 0.3843556979164898, 0.34825220828017067, 0.34825220828017067, 0.34825220828017067, 0.42471564247809135, 0.3534006710681069, 0.34825220828017067, 0.3534006710681069, 0.4048595507354926, 0.34825220828017067, 0.3975491585218419, 0.3670307857723123, 0.3843556979164898, 0.4060542266639211, 0.4048595507354926, 0.3915810157618045, 0.42069156568117205, 0.4048595507354926
5.512465715408325, 0.0738980770111084, 0.03456473350524902, 0.12337183952331543, 0.0590364933013916, 0.043924808502197266, 0.06909894943237305, 0.0973813533782959, 0.10275673866271973, 0.11860847473144531, 0.03206038475036621, 0.03513455390930176, 0.12687325477600098, 0.04336094856262207, 0.03895449638366699, 0.051416635513305664, 0.0465397834777832, 0.04104113578796387, 0.08314752578735352, 0.041509389877319336