{'Max_spout': 1000.0, 'Spliters': 2.0, 'Counters': 18.0}, {'Max_spout': 1000.0, 'Spliters': 2.0, 'Counters': 18.0}, {'Max_spout': 1000.0, 'Spliters': 2.0, 'Counters': 15.0}, {'Max_spout': 1000.0, 'Spliters': 2.0, 'Counters': 18.0}, {'Max_spout': 1000.0, 'Spliters': 2.0, 'Counters': 15.0}, {'Max_spout': 1000.0, 'Spliters': 2.0, 'Counters': 15.0}, {'Max_spout': 1000.0, 'Spliters': 2.0, 'Counters': 18.0}, {'Max_spout': 1000.0, 'Spliters': 2.0, 'Counters': 15.0}, {'Max_spout': 1000.0, 'Spliters': 2.0, 'Counters': 15.0}, {'Max_spout': 1000.0, 'Spliters': 2.0, 'Counters': 15.0}, {'Max_spout': 1000.0, 'Spliters': 2.0, 'Counters': 15.0}, {'Max_spout': 1000.0, 'Spliters': 2.0, 'Counters': 18.0}, {'Max_spout': 1000.0, 'Spliters': 2.0, 'Counters': 15.0}, {'Max_spout': 1000.0, 'Spliters': 2.0, 'Counters': 18.0}, {'Max_spout': 1000.0, 'Spliters': 2.0, 'Counters': 15.0}, {'Max_spout': 1000.0, 'Spliters': 2.0, 'Counters': 12.0}, {'Max_spout': 1000.0, 'Spliters': 2.0, 'Counters': 12.0}, {'Max_spout': 1000.0, 'Spliters': 2.0, 'Counters': 12.0}, {'Max_spout': 1000.0, 'Spliters': 2.0, 'Counters': 15.0}, {'Max_spout': 1000.0, 'Spliters': 2.0, 'Counters': 12.0}
0.3513569799560069, 0.3513569799560069, 0.33404364197772773, 0.3513569799560069, 0.33404364197772773, 0.33404364197772773, 0.3513569799560069, 0.33404364197772773, 0.33404364197772773, 0.33404364197772773, 0.33404364197772773, 0.3513569799560069, 0.33404364197772773, 0.3513569799560069, 0.33404364197772773, 0.353038171607748, 0.353038171607748, 0.353038171607748, 0.33404364197772773, 0.353038171607748
6.05131459236145, 0.23955607414245605, 4.790262937545776, 4.39558482170105, 3.3766353130340576, 4.234750747680664, 0.07390832901000977, 0.054062843322753906, 0.07897090911865234, 0.05834627151489258, 0.07002496719360352, 0.04837512969970703, 0.08913850784301758, 0.05614304542541504, 0.056151628494262695, 0.0589601993560791, 0.053723812103271484, 0.04675006866455078, 0.048845529556274414, 0.09868812561035156