{'Max_spout': 1.0, 'Spliters': 2.0, 'Counters': 1.0}, {'Max_spout': 1.0, 'Spliters': 2.0, 'Counters': 6.0}, {'Max_spout': 1.0, 'Spliters': 1.0, 'Counters': 9.0}, {'Max_spout': 1.0, 'Spliters': 1.0, 'Counters': 15.0}, {'Max_spout': 1.0, 'Spliters': 1.0, 'Counters': 9.0}, {'Max_spout': 1.0, 'Spliters': 1.0, 'Counters': 15.0}, {'Max_spout': 1.0, 'Spliters': 2.0, 'Counters': 6.0}, {'Max_spout': 1.0, 'Spliters': 2.0, 'Counters': 1.0}, {'Max_spout': 1.0, 'Spliters': 1.0, 'Counters': 3.0}, {'Max_spout': 1.0, 'Spliters': 1.0, 'Counters': 9.0}, {'Max_spout': 1.0, 'Spliters': 2.0, 'Counters': 9.0}, {'Max_spout': 1.0, 'Spliters': 1.0, 'Counters': 1.0}, {'Max_spout': 1.0, 'Spliters': 2.0, 'Counters': 1.0}, {'Max_spout': 1.0, 'Spliters': 3.0, 'Counters': 12.0}, {'Max_spout': 1.0, 'Spliters': 1.0, 'Counters': 12.0}, {'Max_spout': 1.0, 'Spliters': 1.0, 'Counters': 3.0}, {'Max_spout': 1.0, 'Spliters': 1.0, 'Counters': 18.0}, {'Max_spout': 10000.0, 'Spliters': 6.0, 'Counters': 1.0}, {'Max_spout': 1.0, 'Spliters': 1.0, 'Counters': 15.0}, {'Max_spout': 1.0, 'Spliters': 1.0, 'Counters': 18.0}
0.0019045801973868182, 0.002341395163571347, 0.0012736252462314246, 0.0, 0.0012736252462314246, 0.0, 0.002341395163571347, 0.0019045801973868182, 0.0019296845057882317, 0.0012736252462314246, 0.003837611944295216, 0.0023531105074919845, 0.0019045801973868182, 0.01014716145584904, 0.0008150532127657595, 0.0019296845057882317, 0.001956462434749673, 0.0681966905827045, 0.0, 0.001956462434749673
0.55094313621521, 0.4457828998565674, 0.7371382713317871, 0.08268213272094727, 0.09299302101135254, 0.0964663028717041, 0.06282234191894531, 0.13709282875061035, 0.10512924194335938, 0.16693782806396484, 0.10147905349731445, 0.05609560012817383, 0.08922147750854492, 0.1084756851196289, 0.8043162822723389, 0.03691411018371582, 0.032024383544921875, 0.03278398513793945, 0.03880739212036133, 0.09894156455993652