{'Max_spout': 1.0, 'Spliters': 1.0, 'Counters': 1.0}, {'Max_spout': 1.0, 'Spliters': 2.0, 'Counters': 6.0}, {'Max_spout': 1.0, 'Spliters': 1.0, 'Counters': 9.0}, {'Max_spout': 1.0, 'Spliters': 1.0, 'Counters': 15.0}, {'Max_spout': 1.0, 'Spliters': 1.0, 'Counters': 9.0}, {'Max_spout': 1.0, 'Spliters': 1.0, 'Counters': 15.0}, {'Max_spout': 1.0, 'Spliters': 2.0, 'Counters': 15.0}, {'Max_spout': 1.0, 'Spliters': 2.0, 'Counters': 12.0}, {'Max_spout': 1.0, 'Spliters': 1.0, 'Counters': 3.0}, {'Max_spout': 1.0, 'Spliters': 1.0, 'Counters': 9.0}, {'Max_spout': 1.0, 'Spliters': 2.0, 'Counters': 9.0}, {'Max_spout': 1.0, 'Spliters': 1.0, 'Counters': 6.0}, {'Max_spout': 1.0, 'Spliters': 2.0, 'Counters': 1.0}, {'Max_spout': 1.0, 'Spliters': 3.0, 'Counters': 12.0}, {'Max_spout': 1.0, 'Spliters': 1.0, 'Counters': 12.0}, {'Max_spout': 1.0, 'Spliters': 1.0, 'Counters': 6.0}, {'Max_spout': 1.0, 'Spliters': 1.0, 'Counters': 18.0}, {'Max_spout': 10000.0, 'Spliters': 3.0, 'Counters': 1.0}, {'Max_spout': 1.0, 'Spliters': 1.0, 'Counters': 15.0}, {'Max_spout': 1.0, 'Spliters': 1.0, 'Counters': 18.0}
0.004705878549212117, 0.007426590881168038, 0.003115159039619231, 0.0037165286103190143, 0.003115159039619231, 0.0037165286103190143, 0.005286232516634626, 0.005236118385743005, 0.003166889755378377, 0.003115159039619231, 0.006553635052732987, 0.0020255808389428864, 0.005342812986996237, 0.009127238161748985, 0.0008018260942662669, 0.0020255808389428864, 0.0, 0.07628502331115383, 0.0037165286103190143, 0.0
0.02512836456298828, 0.023044586181640625, 0.021208763122558594, 0.017055749893188477, 0.017050504684448242, 0.03430986404418945, 0.0489804744720459, 0.01633143424987793, 0.034456729888916016, 0.03296971321105957, 0.01930832862854004, 0.020456314086914062, 0.03257632255554199, 0.015937089920043945, 0.019572973251342773, 0.023432493209838867, 0.04675006866455078, 0.031296491622924805, 0.05703234672546387, 0.03394675254821777