{'Max_spout': 1.0, 'Spliters': 1.0, 'Counters': 18.0}, {'Max_spout': 1.0, 'Spliters': 1.0, 'Counters': 18.0}, {'Max_spout': 1.0, 'Spliters': 1.0, 'Counters': 9.0}, {'Max_spout': 1.0, 'Spliters': 1.0, 'Counters': 18.0}, {'Max_spout': 1.0, 'Spliters': 1.0, 'Counters': 9.0}, {'Max_spout': 1.0, 'Spliters': 1.0, 'Counters': 15.0}, {'Max_spout': 1.0, 'Spliters': 2.0, 'Counters': 12.0}, {'Max_spout': 1.0, 'Spliters': 1.0, 'Counters': 15.0}, {'Max_spout': 1.0, 'Spliters': 1.0, 'Counters': 3.0}, {'Max_spout': 1.0, 'Spliters': 1.0, 'Counters': 9.0}, {'Max_spout': 1.0, 'Spliters': 1.0, 'Counters': 9.0}, {'Max_spout': 1.0, 'Spliters': 1.0, 'Counters': 12.0}, {'Max_spout': 1.0, 'Spliters': 1.0, 'Counters': 9.0}, {'Max_spout': 1.0, 'Spliters': 1.0, 'Counters': 6.0}, {'Max_spout': 1.0, 'Spliters': 1.0, 'Counters': 12.0}, {'Max_spout': 1.0, 'Spliters': 1.0, 'Counters': 6.0}, {'Max_spout': 1.0, 'Spliters': 1.0, 'Counters': 18.0}, {'Max_spout': 1.0, 'Spliters': 1.0, 'Counters': 3.0}, {'Max_spout': 1.0, 'Spliters': 1.0, 'Counters': 12.0}, {'Max_spout': 1.0, 'Spliters': 1.0, 'Counters': 18.0}
0.0, 0.0, 0.003115159039619231, 0.0, 0.003115159039619231, 0.0037165286103190143, 0.005236118385743005, 0.0037165286103190143, 0.003166889755378377, 0.003115159039619231, 0.003115159039619231, 0.0008018260942662669, 0.003115159039619231, 0.0020255808389428864, 0.0008018260942662669, 0.0020255808389428864, 0.0, 0.003166889755378377, 0.0008018260942662669, 0.0
0.06995654106140137, 0.04614710807800293, 0.06261706352233887, 0.06276512145996094, 0.05378556251525879, 0.04925394058227539, 0.09267854690551758, 0.10415959358215332, 0.10801362991333008, 0.08982372283935547, 0.06576967239379883, 0.06432747840881348, 0.03671693801879883, 0.051874399185180664, 0.04367804527282715, 0.07508563995361328, 0.06866812705993652, 0.06552481651306152, 0.0449826717376709, 0.10772562026977539