{'Max_spout': 1.0, 'Spliters': 3.0, 'Counters': 6.0}, {'Max_spout': 1.0, 'Spliters': 6.0, 'Counters': 6.0}, {'Max_spout': 10.0, 'Spliters': 1.0, 'Counters': 15.0}, {'Max_spout': 1.0, 'Spliters': 6.0, 'Counters': 15.0}, {'Max_spout': 1000.0, 'Spliters': 2.0, 'Counters': 1.0}, {'Max_spout': 1.0, 'Spliters': 2.0, 'Counters': 6.0}, {'Max_spout': 1.0, 'Spliters': 2.0, 'Counters': 15.0}, {'Max_spout': 10.0, 'Spliters': 6.0, 'Counters': 1.0}, {'Max_spout': 10.0, 'Spliters': 2.0, 'Counters': 1.0}, {'Max_spout': 1.0, 'Spliters': 1.0, 'Counters': 9.0}, {'Max_spout': 10000.0, 'Spliters': 2.0, 'Counters': 1.0}, {'Max_spout': 1000.0, 'Spliters': 1.0, 'Counters': 15.0}, {'Max_spout': 10.0, 'Spliters': 3.0, 'Counters': 15.0}, {'Max_spout': 1.0, 'Spliters': 6.0, 'Counters': 18.0}, {'Max_spout': 1.0, 'Spliters': 1.0, 'Counters': 6.0}, {'Max_spout': 100.0, 'Spliters': 1.0, 'Counters': 6.0}, {'Max_spout': 100.0, 'Spliters': 6.0, 'Counters': 1.0}, {'Max_spout': 10.0, 'Spliters': 1.0, 'Counters': 9.0}, {'Max_spout': 1.0, 'Spliters': 2.0, 'Counters': 12.0}, {'Max_spout': 10.0, 'Spliters': 2.0, 'Counters': 9.0}
0.014104702968696481, 0.014272827794913567, 0.19487607260405948, 0.011018642456691707, 0.07602151997775575, 0.007426590881168038, 0.005286232516634626, 0.057550421282016484, 0.04917651166850956, 0.003115159039619231, 0.056051847109869546, 0.3157642889936436, 0.21411343252698078, 0.011702457855632509, 0.0020255808389428864, 0.23116840287881435, 0.08487393871203452, 0.17528306401029436, 0.005236118385743005, 0.23744075216460714
0.023244142532348633, 0.04752230644226074, 0.03241610527038574, 0.047647953033447266, 0.030458450317382812, 0.05924654006958008, 0.0327761173248291, 0.07691073417663574, 0.05736351013183594, 0.09646725654602051, 0.040096282958984375, 0.054064035415649414, 0.13484668731689453, 0.05385231971740723, 0.07598733901977539, 0.04697823524475098, 0.028566598892211914, 0.08688902854919434, 0.04183244705200195, 0.05713033676147461