{'Max_spout': 1.0, 'Spliters': 2.0, 'Counters': 1.0}, {'Max_spout': 1.0, 'Spliters': 2.0, 'Counters': 6.0}, {'Max_spout': 1.0, 'Spliters': 1.0, 'Counters': 9.0}, {'Max_spout': 1.0, 'Spliters': 1.0, 'Counters': 15.0}, {'Max_spout': 1.0, 'Spliters': 2.0, 'Counters': 18.0}, {'Max_spout': 1.0, 'Spliters': 1.0, 'Counters': 15.0}, {'Max_spout': 1.0, 'Spliters': 2.0, 'Counters': 15.0}, {'Max_spout': 1.0, 'Spliters': 2.0, 'Counters': 12.0}, {'Max_spout': 1.0, 'Spliters': 1.0, 'Counters': 3.0}, {'Max_spout': 1.0, 'Spliters': 1.0, 'Counters': 9.0}, {'Max_spout': 1.0, 'Spliters': 6.0, 'Counters': 6.0}, {'Max_spout': 1.0, 'Spliters': 1.0, 'Counters': 6.0}, {'Max_spout': 1.0, 'Spliters': 3.0, 'Counters': 12.0}, {'Max_spout': 1.0, 'Spliters': 3.0, 'Counters': 12.0}, {'Max_spout': 1.0, 'Spliters': 1.0, 'Counters': 12.0}, {'Max_spout': 1.0, 'Spliters': 1.0, 'Counters': 6.0}, {'Max_spout': 1.0, 'Spliters': 1.0, 'Counters': 18.0}, {'Max_spout': 10000.0, 'Spliters': 3.0, 'Counters': 1.0}, {'Max_spout': 1.0, 'Spliters': 2.0, 'Counters': 12.0}, {'Max_spout': 1.0, 'Spliters': 1.0, 'Counters': 18.0}
0.005342812986996237, 0.007426590881168038, 0.003115159039619231, 0.0037165286103190143, 0.004397110839524876, 0.0037165286103190143, 0.005286232516634626, 0.005236118385743005, 0.003166889755378377, 0.003115159039619231, 0.014272827794913567, 0.0020255808389428864, 0.009127238161748985, 0.009127238161748985, 0.0008018260942662669, 0.0020255808389428864, 0.0, 0.07628502331115383, 0.005236118385743005, 0.0
0.4477388858795166, 0.16822576522827148, 0.06280636787414551, 0.05440258979797363, 0.04912757873535156, 0.0555882453918457, 0.03429603576660156, 0.04586195945739746, 0.09751367568969727, 0.05990719795227051, 0.08821463584899902, 0.07948780059814453, 0.04364609718322754, 0.0678703784942627, 0.041715145111083984, 0.07547140121459961, 0.0360109806060791, 0.08181643486022949, 0.05831122398376465, 0.04253363609313965