{"config": {"Criticality": 0.3337421833080101, "Criticality Modifier": 0.2988502936279922, "Culture": 0.4738842983277589, "Dynamism": 0.2915349427695644, "Initial Known": 0.4133037089599669, "Inter-Dependency": 0.6729243976976165, "Plan": 0.0752995586934776, "Size": 0.3437699866040735, "Team Size": 0.9859168841256998}, "score": 0.17423145684977737, "info": {}}