{
  "incumbent_ids": [
    4
  ],
  "rejected_config_ids": [
    1,
    3,
    2,
    5
  ],
  "incumbents_changed": 3,
  "trajectory": [
    {
      "config_ids": [
        1
      ],
      "costs": [
        0.8662918263923635
      ],
      "trial": 1,
      "walltime": 3.70892596244812
    },
    {
      "config_ids": [
        2
      ],
      "costs": [
        0.8598807338199247
      ],
      "trial": 2,
      "walltime": 154.17263054847717
    },
    {
      "config_ids": [
        4
      ],
      "costs": [
        0.00615020997155602
      ],
      "trial": 4,
      "walltime": 161.18218159675598
    }
  ],
  "state": {
    "queue": [
      [
        5,
        1
      ]
    ]
  }
}