{
  "stats": {
    "submitted": 12,
    "finished": 12,
    "running": 0
  },
  "data": [
    [
      1,
      null,
      59886187,
      null,
      0.7935525752068576,
      0.002519369125366211,
      1,
      1763363197.4985082,
      1763363197.5027204,
      {}
    ],
    [
      2,
      null,
      59886187,
      null,
      0.7888831228856359,
      0.0010094642639160156,
      1,
      1763363199.3463125,
      1763363199.3556309,
      {}
    ],
    [
      3,
      null,
      59886187,
      null,
      0.7869051042704787,
      0.0005457401275634766,
      1,
      1763363199.3593876,
      1763363199.361277,
      {}
    ],
    [
      4,
      null,
      59886187,
      null,
      0.7916875146567781,
      0.0004940032958984375,
      1,
      1763363199.3647952,
      1763363199.3665886,
      {}
    ],
    [
      5,
      null,
      59886187,
      null,
      0.7907186018577631,
      0.0004999637603759766,
      1,
      1763363199.3702822,
      1763363199.3721397,
      {}
    ],
    [
      6,
      null,
      59886187,
      null,
      0.7949039565105956,
      0.0005817413330078125,
      1,
      1763363199.3767734,
      1763363199.3790016,
      {}
    ],
    [
      7,
      null,
      59886187,
      null,
      0.7947867162854505,
      0.0006363391876220703,
      1,
      1763363199.384731,
      1763363199.3869402,
      {}
    ],
    [
      8,
      null,
      59886187,
      null,
      0.6842244435552791,
      0.00048542022705078125,
      1,
      1763363199.39086,
      1763363199.3958826,
      {}
    ],
    [
      9,
      null,
      59886187,
      null,
      0.7912211333010927,
      0.0018134117126464844,
      1,
      1763363199.4011114,
      1763363199.404664,
      {}
    ],
    [
      10,
      null,
      59886187,
      null,
      0.7985543888435629,
      0.001665353775024414,
      1,
      1763363200.9729307,
      1763363200.976029,
      {}
    ],
    [
      11,
      null,
      59886187,
      null,
      0.7792374953249506,
      0.0006527900695800781,
      1,
      1763363200.9804049,
      1763363200.9823492,
      {}
    ],
    [
      12,
      null,
      59886187,
      null,
      0.8110487469636851,
      0.0006582736968994141,
      1,
      1763363200.9865386,
      1763363200.9884787,
      {}
    ]
  ],
  "configs": {
    "1": {
      "Max_depth": 1,
      "Min_impurity_decrease": 5.25,
      "Min_sample_leaves": 6,
      "N_estimators": 90,
      "criterion": "squared_error"
    },
    "2": {
      "Max_depth": 12,
      "Min_impurity_decrease": 0.0,
      "Min_sample_leaves": 13,
      "N_estimators": 50,
      "criterion": "poisson"
    },
    "3": {
      "Max_depth": 7,
      "Min_impurity_decrease": 6.25,
      "Min_sample_leaves": 19,
      "N_estimators": 100,
      "criterion": "absolute_error"
    },
    "4": {
      "Max_depth": 7,
      "Min_impurity_decrease": 6.75,
      "Min_sample_leaves": 19,
      "N_estimators": 60,
      "criterion": "absolute_error"
    },
    "5": {
      "Max_depth": 4,
      "Min_impurity_decrease": 3.25,
      "Min_sample_leaves": 5,
      "N_estimators": 50,
      "criterion": "squared_error"
    },
    "6": {
      "Max_depth": 19,
      "Min_impurity_decrease": 1.0,
      "Min_sample_leaves": 10,
      "N_estimators": 60,
      "criterion": "absolute_error"
    },
    "7": {
      "Max_depth": 12,
      "Min_impurity_decrease": 5.75,
      "Min_sample_leaves": 19,
      "N_estimators": 170,
      "criterion": "absolute_error"
    },
    "8": {
      "Max_depth": 14,
      "Min_impurity_decrease": 0.25,
      "Min_sample_leaves": 7,
      "N_estimators": 40,
      "criterion": "squared_error"
    },
    "9": {
      "Max_depth": 20,
      "Min_impurity_decrease": 1.0,
      "Min_sample_leaves": 10,
      "N_estimators": 200,
      "criterion": "squared_error"
    },
    "10": {
      "Max_depth": 9,
      "Min_impurity_decrease": 4.25,
      "Min_sample_leaves": 18,
      "N_estimators": 10,
      "criterion": "poisson"
    },
    "11": {
      "Max_depth": 20,
      "Min_impurity_decrease": 10.0,
      "Min_sample_leaves": 7,
      "N_estimators": 10,
      "criterion": "squared_error"
    },
    "12": {
      "Max_depth": 10,
      "Min_impurity_decrease": 0.25,
      "Min_sample_leaves": 7,
      "N_estimators": 10,
      "criterion": "squared_error"
    }
  },
  "config_origins": {
    "1": "Initial Design: Sobol",
    "2": "Acquisition Function Maximizer: Local Search",
    "3": "Acquisition Function Maximizer: Local Search",
    "4": "Acquisition Function Maximizer: Local Search",
    "5": "Random Search",
    "6": "Acquisition Function Maximizer: Local Search",
    "7": "Acquisition Function Maximizer: Local Search",
    "8": "Acquisition Function Maximizer: Local Search",
    "9": "Acquisition Function Maximizer: Local Search",
    "10": "Acquisition Function Maximizer: Local Search",
    "11": "Acquisition Function Maximizer: Local Search",
    "12": "Acquisition Function Maximizer: Local Search"
  }
}