{
  "stats": {
    "submitted": 1,
    "finished": 1,
    "running": 0
  },
  "data": [
    [
      1,
      null,
      1192722770,
      null,
      [
        0.8548251734350673,
        0.559027290174601,
        0.8767425184785416,
        0.5
      ],
      0.008032798767089844,
      1,
      1763053602.8591902,
      1763053603.128221,
      {}
    ]
  ],
  "configs": {
    "1": {
      " ACAP": 4.128,
      " AEXP": 4.904,
      " CPLx": 1.44,
      " DOCU": 2.617,
      " ETAT": 3.52,
      " FLEx": 2.632,
      " KLOC": 356.206,
      " LTEx": 3.425,
      " PCAP": 3.444,
      " PCON": 1.179,
      " PLEx": 1.93,
      " PMAT": 2.092,
      " PREC": 3.712,
      " PVOL": 2.812,
      " RELY": 1.362,
      " RESL": 4.289,
      " RUSE": 4.495,
      " SCED": 3.0,
      " SITE": 4.313,
      " STOR": 3.976,
      " TEAM": 2.658,
      " TIME": 3.625,
      " TOOL": 2.0,
      "DATA": 3.759
    }
  },
  "config_origins": {
    "1": "Initial Design: Sobol"
  }
}