{
  "incumbent_ids": [
    70
  ],
  "rejected_config_ids": [
    1,
    3,
    4,
    5,
    6,
    7,
    8,
    9,
    10,
    11,
    12,
    13,
    14,
    15,
    16,
    17,
    18,
    19,
    20,
    21,
    22,
    23,
    24,
    25,
    26,
    27,
    28,
    2,
    30,
    31,
    32,
    33,
    34,
    35,
    36,
    37,
    38,
    39,
    40,
    41,
    42,
    43,
    44,
    45,
    46,
    47,
    48,
    49,
    50,
    51,
    52,
    53,
    54,
    55,
    56,
    57,
    58,
    59,
    60,
    61,
    62,
    63,
    64,
    65,
    66,
    67,
    68,
    69,
    29,
    71,
    72,
    73,
    74,
    75,
    76,
    77,
    78,
    79,
    80,
    81,
    82,
    83,
    84,
    85,
    86,
    87,
    88,
    89,
    90,
    91,
    92,
    93,
    94,
    95,
    96,
    97,
    98,
    99,
    100
  ],
  "incumbents_changed": 4,
  "trajectory": [
    {
      "config_ids": [
        1
      ],
      "costs": [
        0.5175517134279106
      ],
      "trial": 1,
      "walltime": 0.019303083419799805
    },
    {
      "config_ids": [
        2
      ],
      "costs": [
        0.18450988873672192
      ],
      "trial": 2,
      "walltime": 0.03893923759460449
    },
    {
      "config_ids": [
        29
      ],
      "costs": [
        0.1329378323997964
      ],
      "trial": 29,
      "walltime": 13.104353427886963
    },
    {
      "config_ids": [
        70
      ],
      "costs": [
        0.11538691525746259
      ],
      "trial": 70,
      "walltime": 42.813944816589355
    }
  ],
  "state": {
    "queue": [
      [
        100,
        1
      ]
    ]
  }
}