{'Spout_wait': 10.0, 'Spliters': 1.0, 'Counters': 14.0}, {'Spout_wait': 3.0, 'Spliters': 2.0, 'Counters': 10.0}, {'Spout_wait': 4.0, 'Spliters': 4.0, 'Counters': 10.0}, {'Spout_wait': 2.0, 'Spliters': 2.0, 'Counters': 17.0}, {'Spout_wait': 4.0, 'Spliters': 6.0, 'Counters': 18.0}, {'Spout_wait': 4.0, 'Spliters': 4.0, 'Counters': 17.0}, {'Spout_wait': 6.0, 'Spliters': 3.0, 'Counters': 17.0}, {'Spout_wait': 4.0, 'Spliters': 6.0, 'Counters': 13.0}, {'Spout_wait': 6.0, 'Spliters': 3.0, 'Counters': 5.0}, {'Spout_wait': 9.0, 'Spliters': 5.0, 'Counters': 13.0}, {'Spout_wait': 1.0, 'Spliters': 4.0, 'Counters': 17.0}, {'Spout_wait': 7.0, 'Spliters': 3.0, 'Counters': 15.0}, {'Spout_wait': 9.0, 'Spliters': 5.0, 'Counters': 10.0}, {'Spout_wait': 4.0, 'Spliters': 4.0, 'Counters': 16.0}, {'Spout_wait': 6.0, 'Spliters': 4.0, 'Counters': 8.0}, {'Spout_wait': 7.0, 'Spliters': 5.0, 'Counters': 7.0}, {'Spout_wait': 3.0, 'Spliters': 6.0, 'Counters': 11.0}, {'Spout_wait': 5.0, 'Spliters': 2.0, 'Counters': 14.0}, {'Spout_wait': 8.0, 'Spliters': 4.0, 'Counters': 17.0}, {'Spout_wait': 5.0, 'Spliters': 4.0, 'Counters': 15.0}
0.1777119320524726, 0.18109391643816553, 0.1249170760479742, 0.11815547919853697, 0.040885328550858246, 0.04308830093697913, 0.08393134226726973, 0.09729004115332507, 0.21860562116738813, 0.08851714266019262, 0.0987125403489888, 0.07197053377438078, 0.09323559567496986, 0.09358194625085947, 0.18916209503810977, 0.16937507630645265, 0.11946040428120164, 0.13816100472162218, 0.0381354535975994, 0.08261887043698013
3.6818315982818604, 3.217067241668701, 2.7517457008361816, 2.916879177093506, 3.0212032794952393, 3.212174892425537, 2.8113198280334473, 3.0162341594696045, 0.994347095489502, 3.1352720260620117, 2.482741355895996, 2.6581356525421143, 2.431090831756592, 2.309328317642212, 2.327472448348999, 4.226551532745361, 2.0984199047088623, 3.8765883445739746, 2.272775411605835, 3.281399965286255