{'Spout_wait': 5.0, 'Spliters': 5.0, 'Counters': 10.0}, {'Spout_wait': 6.0, 'Spliters': 5.0, 'Counters': 16.0}, {'Spout_wait': 6.0, 'Spliters': 3.0, 'Counters': 1.0}, {'Spout_wait': 6.0, 'Spliters': 3.0, 'Counters': 1.0}, {'Spout_wait': 2.0, 'Spliters': 5.0, 'Counters': 14.0}, {'Spout_wait': 5.0, 'Spliters': 5.0, 'Counters': 10.0}, {'Spout_wait': 5.0, 'Spliters': 5.0, 'Counters': 10.0}, {'Spout_wait': 3.0, 'Spliters': 4.0, 'Counters': 15.0}, {'Spout_wait': 6.0, 'Spliters': 3.0, 'Counters': 1.0}, {'Spout_wait': 6.0, 'Spliters': 3.0, 'Counters': 1.0}, {'Spout_wait': 3.0, 'Spliters': 4.0, 'Counters': 15.0}, {'Spout_wait': 6.0, 'Spliters': 3.0, 'Counters': 1.0}, {'Spout_wait': 5.0, 'Spliters': 5.0, 'Counters': 1.0}, {'Spout_wait': 5.0, 'Spliters': 5.0, 'Counters': 1.0}, {'Spout_wait': 5.0, 'Spliters': 5.0, 'Counters': 1.0}, {'Spout_wait': 5.0, 'Spliters': 5.0, 'Counters': 1.0}, {'Spout_wait': 6.0, 'Spliters': 3.0, 'Counters': 1.0}, {'Spout_wait': 5.0, 'Spliters': 5.0, 'Counters': 1.0}, {'Spout_wait': 5.0, 'Spliters': 6.0, 'Counters': 16.0}, {'Spout_wait': 6.0, 'Spliters': 3.0, 'Counters': 1.0}
0.04293529150197439, 0.05874364051266878, 0.04227664546194576, 0.04227664546194576, 0.04724666887988782, 0.04293529150197439, 0.04293529150197439, 0.050780020257953695, 0.04227664546194576, 0.04227664546194576, 0.050780020257953695, 0.04227664546194576, 4.1023799471462397e-05, 4.1023799471462397e-05, 4.1023799471462397e-05, 4.1023799471462397e-05, 0.04227664546194576, 4.1023799471462397e-05, 0.05281542808411355, 0.04227664546194576
43.61482095718384, 43.937705755233765, 28.387317657470703, 22.999277114868164, 23.310203313827515, 16.30859613418579, 12.737479448318481, 11.128135442733765, 7.417345762252808, 6.300050258636475, 7.478112697601318, 6.072979211807251, 5.564389228820801, 5.944666624069214, 5.506643295288086, 4.95118260383606, 4.510089635848999, 4.993850946426392, 5.457587003707886, 7.30220890045166