{'Spout_wait': 1.0, 'Spliters': 3.0, 'Counters': 9.0}, {'Spout_wait': 5.0, 'Spliters': 5.0, 'Counters': 8.0}, {'Spout_wait': 6.0, 'Spliters': 3.0, 'Counters': 15.0}, {'Spout_wait': 5.0, 'Spliters': 6.0, 'Counters': 14.0}, {'Spout_wait': 1.0, 'Spliters': 6.0, 'Counters': 7.0}, {'Spout_wait': 7.0, 'Spliters': 4.0, 'Counters': 17.0}, {'Spout_wait': 6.0, 'Spliters': 5.0, 'Counters': 12.0}, {'Spout_wait': 5.0, 'Spliters': 5.0, 'Counters': 15.0}, {'Spout_wait': 6.0, 'Spliters': 5.0, 'Counters': 5.0}, {'Spout_wait': 1.0, 'Spliters': 3.0, 'Counters': 6.0}, {'Spout_wait': 4.0, 'Spliters': 4.0, 'Counters': 6.0}, {'Spout_wait': 6.0, 'Spliters': 4.0, 'Counters': 12.0}, {'Spout_wait': 2.0, 'Spliters': 6.0, 'Counters': 2.0}, {'Spout_wait': 4.0, 'Spliters': 4.0, 'Counters': 1.0}, {'Spout_wait': 2.0, 'Spliters': 3.0, 'Counters': 16.0}, {'Spout_wait': 5.0, 'Spliters': 3.0, 'Counters': 8.0}, {'Spout_wait': 5.0, 'Spliters': 4.0, 'Counters': 1.0}, {'Spout_wait': 4.0, 'Spliters': 3.0, 'Counters': 3.0}, {'Spout_wait': 4.0, 'Spliters': 5.0, 'Counters': 15.0}, {'Spout_wait': 4.0, 'Spliters': 3.0, 'Counters': 15.0}
0.15258935426603315, 0.08449295838412296, 0.06658807043310322, 0.05053990568724742, 0.1594400641092193, 0.1932335632127753, 0.13546967287987854, 0.07209759133689941, 0.09742756565917288, 0.12794939782519454, 0.1597155795177818, 0.06053988789959308, 0.0888650571708538, 0.09844507512550993, 0.06682831248794607, 0.10042160333072758, 0.05485197085539084, 0.09353515321945194, 0.05317513139432972, 0.09563060291432113
4.672284841537476, 2.6046063899993896, 2.330406665802002, 3.4989311695098877, 3.003939390182495, 2.3433709144592285, 5.313694715499878, 3.0934152603149414, 3.053298234939575, 2.798447608947754, 2.444889783859253, 1.6645939350128174, 3.6564881801605225, 2.8620166778564453, 3.6331605911254883, 3.0628626346588135, 2.410792350769043, 2.422961473464966, 2.365330219268799, 3.7351818084716797