{'Max_spout': 10000.0, 'Spliters': 2.0, 'Counters': 15.0}, {'Max_spout': 1000.0, 'Spliters': 2.0, 'Counters': 15.0}, {'Max_spout': 100000.0, 'Spliters': 2.0, 'Counters': 17.0}, {'Max_spout': 100000.0, 'Spliters': 1.0, 'Counters': 18.0}, {'Max_spout': 10000.0, 'Spliters': 2.0, 'Counters': 17.0}, {'Max_spout': 1000.0, 'Spliters': 3.0, 'Counters': 13.0}, {'Max_spout': 1000.0, 'Spliters': 1.0, 'Counters': 13.0}, {'Max_spout': 100000.0, 'Spliters': 2.0, 'Counters': 17.0}, {'Max_spout': 10000.0, 'Spliters': 1.0, 'Counters': 16.0}, {'Max_spout': 1000000.0, 'Spliters': 2.0, 'Counters': 15.0}, {'Max_spout': 10000.0, 'Spliters': 2.0, 'Counters': 17.0}, {'Max_spout': 1000000.0, 'Spliters': 2.0, 'Counters': 18.0}, {'Max_spout': 100000.0, 'Spliters': 1.0, 'Counters': 10.0}, {'Max_spout': 10000.0, 'Spliters': 2.0, 'Counters': 18.0}, {'Max_spout': 10000.0, 'Spliters': 1.0, 'Counters': 11.0}, {'Max_spout': 100000.0, 'Spliters': 2.0, 'Counters': 12.0}, {'Max_spout': 100000.0, 'Spliters': 2.0, 'Counters': 17.0}, {'Max_spout': 100000.0, 'Spliters': 2.0, 'Counters': 9.0}, {'Max_spout': 10000.0, 'Spliters': 2.0, 'Counters': 17.0}, {'Max_spout': 1000.0, 'Spliters': 1.0, 'Counters': 16.0}
0.12284324324612461, 0.22087845968356934, 0.12371969767889157, 0.2465668874813176, 0.13361873109709843, 0.27717980562508715, 0.21612041686248584, 0.12371969767889157, 0.23654305206377335, 0.19052519703880066, 0.13361873109709843, 0.13380251720146819, 0.2534341111142201, 0.13646979561984285, 0.22938914119097897, 0.14512965696185742, 0.12371969767889157, 0.20799191559604002, 0.13361873109709843, 0.19199060033478188
10.657368659973145, 10.678099870681763, 10.438171148300171, 8.560317277908325, 6.5363991260528564, 6.820079565048218, 7.084753036499023, 6.481662034988403, 7.8749589920043945, 5.052594900131226, 4.327173948287964, 6.811055421829224, 6.612807273864746, 6.96187949180603, 4.245092391967773, 5.607206344604492, 4.5830237865448, 5.517305374145508, 5.480116844177246, 6.14445948600769