{'Max_spout': 100000.0, 'Spliters': 2.0, 'Counters': 18.0}, {'Max_spout': 1000.0, 'Spliters': 2.0, 'Counters': 15.0}, {'Max_spout': 1000.0, 'Spliters': 2.0, 'Counters': 15.0}, {'Max_spout': 1000.0, 'Spliters': 2.0, 'Counters': 15.0}, {'Max_spout': 10000.0, 'Spliters': 2.0, 'Counters': 12.0}, {'Max_spout': 1000.0, 'Spliters': 2.0, 'Counters': 18.0}, {'Max_spout': 1000000.0, 'Spliters': 6.0, 'Counters': 12.0}, {'Max_spout': 100000.0, 'Spliters': 6.0, 'Counters': 18.0}, {'Max_spout': 10.0, 'Spliters': 2.0, 'Counters': 12.0}, {'Max_spout': 100.0, 'Spliters': 2.0, 'Counters': 15.0}, {'Max_spout': 100000.0, 'Spliters': 6.0, 'Counters': 18.0}, {'Max_spout': 100.0, 'Spliters': 3.0, 'Counters': 9.0}, {'Max_spout': 10000.0, 'Spliters': 2.0, 'Counters': 12.0}, {'Max_spout': 100.0, 'Spliters': 2.0, 'Counters': 9.0}, {'Max_spout': 10000.0, 'Spliters': 2.0, 'Counters': 9.0}, {'Max_spout': 10000.0, 'Spliters': 6.0, 'Counters': 12.0}, {'Max_spout': 1000.0, 'Spliters': 2.0, 'Counters': 15.0}, {'Max_spout': 10000.0, 'Spliters': 2.0, 'Counters': 9.0}, {'Max_spout': 100000.0, 'Spliters': 2.0, 'Counters': 18.0}, {'Max_spout': 1000.0, 'Spliters': 2.0, 'Counters': 9.0}
0.42885023240274767, 0.33404364197772773, 0.33404364197772773, 0.33404364197772773, 0.3777081854880393, 0.3513569799560069, 0.4426252477282385, 0.430935374360889, 0.5268505111466267, 0.41821186046824166, 0.430935374360889, 0.4986732173573928, 0.3777081854880393, 0.46999872704776124, 0.391479583096187, 0.4350877441709323, 0.33404364197772773, 0.391479583096187, 0.42885023240274767, 0.40781820730939655
5.836486101150513, 3.1441681385040283, 4.073974132537842, 5.3007848262786865, 4.339375734329224, 4.840368032455444, 3.883192300796509, 4.982671737670898, 4.746564865112305, 4.236562728881836, 5.1495115756988525, 3.339916229248047, 4.792856931686401, 4.7047529220581055, 4.151160717010498, 2.791095018386841, 3.6688292026519775, 2.7198591232299805, 3.0769920349121094, 2.011110782623291