{'Spout': 1.0, 'Split': 2.0, 'Count': 12.0, 'Buffer_size': 262000.0, 'Heap': 1024.0}, {'Spout': 1.0, 'Split': 2.0, 'Count': 12.0, 'Buffer_size': 5240000.0, 'Heap': 512.0}, {'Spout': 1.0, 'Split': 2.0, 'Count': 12.0, 'Buffer_size': 262000.0, 'Heap': 2048.0}, {'Spout': 1.0, 'Split': 2.0, 'Count': 12.0, 'Buffer_size': 262000.0, 'Heap': 1024.0}, {'Spout': 1.0, 'Split': 2.0, 'Count': 12.0, 'Buffer_size': 262000.0, 'Heap': 512.0}, {'Spout': 1.0, 'Split': 2.0, 'Count': 12.0, 'Buffer_size': 5240000.0, 'Heap': 512.0}, {'Spout': 1.0, 'Split': 2.0, 'Count': 12.0, 'Buffer_size': 262000.0, 'Heap': 512.0}, {'Spout': 1.0, 'Split': 2.0, 'Count': 12.0, 'Buffer_size': 262000.0, 'Heap': 1024.0}, {'Spout': 1.0, 'Split': 2.0, 'Count': 12.0, 'Buffer_size': 1050000.0, 'Heap': 1024.0}, {'Spout': 1.0, 'Split': 2.0, 'Count': 12.0, 'Buffer_size': 105000000.0, 'Heap': 1024.0}, {'Spout': 1.0, 'Split': 2.0, 'Count': 12.0, 'Buffer_size': 262000.0, 'Heap': 2048.0}, {'Spout': 1.0, 'Split': 2.0, 'Count': 12.0, 'Buffer_size': 105000000.0, 'Heap': 2048.0}, {'Spout': 1.0, 'Split': 1.0, 'Count': 12.0, 'Buffer_size': 262000.0, 'Heap': 1024.0}, {'Spout': 1.0, 'Split': 2.0, 'Count': 12.0, 'Buffer_size': 262000.0, 'Heap': 2048.0}, {'Spout': 1.0, 'Split': 2.0, 'Count': 12.0, 'Buffer_size': 262000.0, 'Heap': 1024.0}, {'Spout': 1.0, 'Split': 2.0, 'Count': 12.0, 'Buffer_size': 5240000.0, 'Heap': 512.0}, {'Spout': 1.0, 'Split': 2.0, 'Count': 12.0, 'Buffer_size': 1050000.0, 'Heap': 512.0}, {'Spout': 1.0, 'Split': 2.0, 'Count': 12.0, 'Buffer_size': 262000.0, 'Heap': 1024.0}, {'Spout': 1.0, 'Split': 2.0, 'Count': 12.0, 'Buffer_size': 262000.0, 'Heap': 1024.0}, {'Spout': 1.0, 'Split': 2.0, 'Count': 12.0, 'Buffer_size': 1050000.0, 'Heap': 512.0}
0.0021204068611183624, 0.0, 0.00471722968958288, 0.0021204068611183624, 0.006758719400941637, 0.0, 0.006758719400941637, 0.0021204068611183624, 0.047120164470837334, 0.0063027704413145536, 0.00471722968958288, 0.015923222684221305, 0.2101352527014455, 0.00471722968958288, 0.0021204068611183624, 0.0, 0.004885495408456952, 0.0021204068611183624, 0.0021204068611183624, 0.004885495408456952
23.490163803100586, 21.011383295059204, 19.378072500228882, 13.967321395874023, 13.469162702560425, 17.212335109710693, 12.75951862335205, 9.824710845947266, 10.04594111442566, 10.06934642791748, 8.21168851852417, 7.250795125961304, 4.57671594619751, 3.9814963340759277, 4.028791189193726, 3.7045693397521973, 3.0357041358947754, 2.881089448928833, 3.2198450565338135, 4.250518560409546