{'Max_spout': 1.0, 'Spliters': 1.0, 'Counters': 15.0}, {'Max_spout': 1.0, 'Spliters': 1.0, 'Counters': 12.0}, {'Max_spout': 1.0, 'Spliters': 1.0, 'Counters': 9.0}, {'Max_spout': 1.0, 'Spliters': 1.0, 'Counters': 12.0}, {'Max_spout': 1.0, 'Spliters': 1.0, 'Counters': 15.0}, {'Max_spout': 1.0, 'Spliters': 1.0, 'Counters': 15.0}, {'Max_spout': 1.0, 'Spliters': 1.0, 'Counters': 15.0}, {'Max_spout': 1.0, 'Spliters': 2.0, 'Counters': 1.0}, {'Max_spout': 1.0, 'Spliters': 1.0, 'Counters': 15.0}, {'Max_spout': 1.0, 'Spliters': 1.0, 'Counters': 15.0}, {'Max_spout': 1.0, 'Spliters': 1.0, 'Counters': 9.0}, {'Max_spout': 1.0, 'Spliters': 1.0, 'Counters': 12.0}, {'Max_spout': 1.0, 'Spliters': 2.0, 'Counters': 1.0}, {'Max_spout': 1.0, 'Spliters': 1.0, 'Counters': 15.0}, {'Max_spout': 1.0, 'Spliters': 1.0, 'Counters': 15.0}, {'Max_spout': 1.0, 'Spliters': 2.0, 'Counters': 1.0}, {'Max_spout': 1.0, 'Spliters': 2.0, 'Counters': 1.0}, {'Max_spout': 1.0, 'Spliters': 1.0, 'Counters': 15.0}, {'Max_spout': 1.0, 'Spliters': 1.0, 'Counters': 15.0}, {'Max_spout': 1.0, 'Spliters': 1.0, 'Counters': 1.0}
0.0, 0.0008150532127657595, 0.0012736252462314246, 0.0008150532127657595, 0.0, 0.0, 0.0, 0.0019045801973868182, 0.0, 0.0, 0.0012736252462314246, 0.0008150532127657595, 0.0019045801973868182, 0.0, 0.0, 0.0019045801973868182, 0.0019045801973868182, 0.0, 0.0, 0.0023531105074919845
9.780143022537231, 7.595056056976318, 6.495980739593506, 6.116059303283691, 6.055703163146973, 7.4615631103515625, 5.740673303604126, 3.4219634532928467, 4.373042821884155, 3.811493396759033, 2.9857120513916016, 3.1955275535583496, 2.291928768157959, 2.751753807067871, 1.9008467197418213, 2.8505699634552, 1.8790984153747559, 1.9354069232940674, 1.9993677139282227, 1.853926658630371