{
  "stats": {
    "submitted": 24,
    "finished": 24,
    "running": 0
  },
  "data": [
    [
      1,
      null,
      1603867075,
      null,
      0.7924206561024142,
      0.002796173095703125,
      1,
      1763363213.15544,
      1763363213.1607442,
      {}
    ],
    [
      2,
      null,
      1603867075,
      null,
      0.7901478902118505,
      0.0011467933654785156,
      1,
      1763363213.1688678,
      1763363213.1715324,
      {}
    ],
    [
      3,
      null,
      1603867075,
      null,
      0.7936404014880718,
      0.001255035400390625,
      1,
      1763363215.2235262,
      1763363215.2262173,
      {}
    ],
    [
      4,
      null,
      1603867075,
      null,
      0.7936404014880718,
      0.0007805824279785156,
      1,
      1763363215.2295988,
      1763363215.231685,
      {}
    ],
    [
      5,
      null,
      1603867075,
      null,
      0.7885695205814653,
      0.0006842613220214844,
      1,
      1763363215.234972,
      1763363215.2369864,
      {}
    ],
    [
      6,
      null,
      1603867075,
      null,
      0.7869051042704787,
      0.0006527900695800781,
      1,
      1763363215.240905,
      1763363215.2428691,
      {}
    ],
    [
      7,
      null,
      1603867075,
      null,
      0.7877448164227017,
      0.0006775856018066406,
      1,
      1763363215.2468848,
      1763363215.2489367,
      {}
    ],
    [
      8,
      null,
      1603867075,
      null,
      0.7911827763989279,
      0.0006468296051025391,
      1,
      1763363215.2530994,
      1763363215.2550323,
      {}
    ],
    [
      9,
      null,
      1603867075,
      null,
      0.5395919229686982,
      0.0006899833679199219,
      1,
      1763363215.258749,
      1763363215.2609987,
      {}
    ],
    [
      10,
      null,
      1603867075,
      null,
      0.7882257080769272,
      0.00074005126953125,
      1,
      1763363215.2655108,
      1763363215.2675183,
      {}
    ],
    [
      11,
      null,
      1603867075,
      null,
      0.7996606187081928,
      0.0010771751403808594,
      1,
      1763363217.2076375,
      1763363217.2101386,
      {}
    ],
    [
      12,
      null,
      1603867075,
      null,
      0.8009876560636323,
      0.0005528926849365234,
      1,
      1763363217.2148752,
      1763363217.2173126,
      {}
    ],
    [
      13,
      null,
      1603867075,
      null,
      0.7889911461870808,
      0.0007584095001220703,
      1,
      1763363217.234879,
      1763363217.2370567,
      {}
    ],
    [
      14,
      null,
      1603867075,
      null,
      0.7927071276066997,
      0.0008947849273681641,
      1,
      1763363217.2416234,
      1763363217.2438855,
      {}
    ],
    [
      15,
      null,
      1603867075,
      null,
      0.7923385836067269,
      0.0007796287536621094,
      1,
      1763363217.2489083,
      1763363217.2509813,
      {}
    ],
    [
      16,
      null,
      1603867075,
      null,
      0.7929348398252407,
      0.000507354736328125,
      1,
      1763363217.2555778,
      1763363217.2574306,
      {}
    ],
    [
      17,
      null,
      1603867075,
      null,
      0.7929348398252407,
      0.0002429485321044922,
      1,
      1763363217.2623773,
      1763363217.2639115,
      {}
    ],
    [
      18,
      null,
      1603867075,
      null,
      0.8009876560636323,
      0.00024056434631347656,
      1,
      1763363217.2690942,
      1763363217.2706206,
      {}
    ],
    [
      19,
      null,
      1603867075,
      null,
      0.7891977622416732,
      0.0009737014770507812,
      1,
      1763363218.9923267,
      1763363218.9949195,
      {}
    ],
    [
      20,
      null,
      1603867075,
      null,
      0.7930358628941577,
      0.0007200241088867188,
      1,
      1763363219.016847,
      1763363219.0190892,
      {}
    ],
    [
      21,
      null,
      1603867075,
      null,
      0.7895134374097099,
      0.0005323886871337891,
      1,
      1763363219.0248485,
      1763363219.0267463,
      {}
    ],
    [
      22,
      null,
      1603867075,
      null,
      0.7925225147325886,
      0.0005719661712646484,
      1,
      1763363219.0484824,
      1763363219.0504372,
      {}
    ],
    [
      23,
      null,
      1603867075,
      null,
      0.7940726451034116,
      0.0005707740783691406,
      1,
      1763363219.0570993,
      1763363219.0590143,
      {}
    ],
    [
      24,
      null,
      1603867075,
      null,
      0.7924206561024142,
      0.0006754398345947266,
      1,
      1763363219.0650015,
      1763363219.0670953,
      {}
    ]
  ],
  "configs": {
    "1": {
      "Max_depth": 14,
      "Min_impurity_decrease": 7.75,
      "Min_sample_leaves": 6,
      "N_estimators": 10,
      "criterion": "poisson"
    },
    "2": {
      "Max_depth": 9,
      "Min_impurity_decrease": 5.5,
      "Min_sample_leaves": 12,
      "N_estimators": 120,
      "criterion": "squared_error"
    },
    "3": {
      "Max_depth": 5,
      "Min_impurity_decrease": 8.5,
      "Min_sample_leaves": 1,
      "N_estimators": 100,
      "criterion": "absolute_error"
    },
    "4": {
      "Max_depth": 12,
      "Min_impurity_decrease": 3.0,
      "Min_sample_leaves": 12,
      "N_estimators": 120,
      "criterion": "absolute_error"
    },
    "5": {
      "Max_depth": 8,
      "Min_impurity_decrease": 3.0,
      "Min_sample_leaves": 14,
      "N_estimators": 120,
      "criterion": "squared_error"
    },
    "6": {
      "Max_depth": 3,
      "Min_impurity_decrease": 4.0,
      "Min_sample_leaves": 16,
      "N_estimators": 30,
      "criterion": "absolute_error"
    },
    "7": {
      "Max_depth": 2,
      "Min_impurity_decrease": 4.0,
      "Min_sample_leaves": 10,
      "N_estimators": 120,
      "criterion": "absolute_error"
    },
    "8": {
      "Max_depth": 7,
      "Min_impurity_decrease": 2.25,
      "Min_sample_leaves": 14,
      "N_estimators": 170,
      "criterion": "poisson"
    },
    "9": {
      "Max_depth": 7,
      "Min_impurity_decrease": 1.25,
      "Min_sample_leaves": 2,
      "N_estimators": 120,
      "criterion": "absolute_error"
    },
    "10": {
      "Max_depth": 1,
      "Min_impurity_decrease": 3.0,
      "Min_sample_leaves": 8,
      "N_estimators": 120,
      "criterion": "squared_error"
    },
    "11": {
      "Max_depth": 3,
      "Min_impurity_decrease": 9.25,
      "Min_sample_leaves": 5,
      "N_estimators": 10,
      "criterion": "absolute_error"
    },
    "12": {
      "Max_depth": 3,
      "Min_impurity_decrease": 9.25,
      "Min_sample_leaves": 17,
      "N_estimators": 90,
      "criterion": "absolute_error"
    },
    "13": {
      "Max_depth": 3,
      "Min_impurity_decrease": 9.25,
      "Min_sample_leaves": 5,
      "N_estimators": 110,
      "criterion": "absolute_error"
    },
    "14": {
      "Max_depth": 3,
      "Min_impurity_decrease": 9.25,
      "Min_sample_leaves": 5,
      "N_estimators": 30,
      "criterion": "absolute_error"
    },
    "15": {
      "Max_depth": 3,
      "Min_impurity_decrease": 9.25,
      "Min_sample_leaves": 17,
      "N_estimators": 50,
      "criterion": "absolute_error"
    },
    "16": {
      "Max_depth": 3,
      "Min_impurity_decrease": 9.25,
      "Min_sample_leaves": 17,
      "N_estimators": 130,
      "criterion": "absolute_error"
    },
    "17": {
      "Max_depth": 3,
      "Min_impurity_decrease": 9.25,
      "Min_sample_leaves": 17,
      "N_estimators": 120,
      "criterion": "absolute_error"
    },
    "18": {
      "Max_depth": 3,
      "Min_impurity_decrease": 9.25,
      "Min_sample_leaves": 17,
      "N_estimators": 100,
      "criterion": "absolute_error"
    },
    "19": {
      "Max_depth": 5,
      "Min_impurity_decrease": 4.0,
      "Min_sample_leaves": 2,
      "N_estimators": 180,
      "criterion": "squared_error"
    },
    "20": {
      "Max_depth": 16,
      "Min_impurity_decrease": 3.0,
      "Min_sample_leaves": 2,
      "N_estimators": 130,