{
  "incumbent_ids": [
    14
  ],
  "rejected_config_ids": [
    1,
    3,
    4,
    5,
    6,
    7,
    8,
    9,
    10,
    2,
    12,
    13,
    11,
    15,
    16,
    17,
    18,
    19,
    20,
    21,
    22,
    23,
    24,
    25,
    26,
    27,
    28,
    29,
    30,
    31,
    32,
    33,
    34,
    35,
    36,
    37,
    38,
    39,
    40,
    41,
    42,
    43,
    44,
    45,
    46,
    47,
    48,
    49,
    50
  ],
  "incumbents_changed": 4,
  "trajectory": [
    {
      "config_ids": [
        1
      ],
      "costs": [
        0.1731680815364519
      ],
      "trial": 1,
      "walltime": 0.0064923763275146484
    },
    {
      "config_ids": [
        2
      ],
      "costs": [
        0.12782692731777923
      ],
      "trial": 2,
      "walltime": 0.031296491622924805
    },
    {
      "config_ids": [
        11
      ],
      "costs": [
        0.1163485323579323
      ],
      "trial": 11,
      "walltime": 2.9397056102752686
    },
    {
      "config_ids": [
        14
      ],
      "costs": [
        0.09960623950698944
      ],
      "trial": 14,
      "walltime": 5.58955979347229
    }
  ],
  "state": {
    "queue": [
      [
        50,
        1
      ]
    ]
  }
}