{
  "stats": {
    "submitted": 18,
    "finished": 18,
    "running": 0
  },
  "data": [
    [
      1,
      null,
      1265576559,
      null,
      0.48466708043538,
      0.0018312931060791016,
      1,
      1763447157.405308,
      1763447157.4088466,
      {}
    ],
    [
      2,
      null,
      1265576559,
      null,
      0.23057467338059345,
      0.0028667449951171875,
      1,
      1763447159.863485,
      1763447159.867976,
      {}
    ],
    [
      3,
      null,
      1265576559,
      null,
      0.16991244376528813,
      0.0015494823455810547,
      1,
      1763447159.8759735,
      1763447159.8790653,
      {}
    ],
    [
      4,
      null,
      1265576559,
      null,
      0.5006091319977775,
      0.0008258819580078125,
      1,
      1763447159.886247,
      1763447159.8891602,
      {}
    ],
    [
      5,
      null,
      1265576559,
      null,
      0.2863514017606993,
      0.0018334388732910156,
      1,
      1763447159.896087,
      1763447159.8994389,
      {}
    ],
    [
      6,
      null,
      1265576559,
      null,
      0.4351108332798239,
      0.0008127689361572266,
      1,
      1763447159.9072003,
      1763447159.909508,
      {}
    ],
    [
      7,
      null,
      1265576559,
      null,
      0.2965921677175879,
      0.0009503364562988281,
      1,
      1763447159.917176,
      1763447159.9196172,
      {}
    ],
    [
      8,
      null,
      1265576559,
      null,
      0.47884009782294545,
      0.001116037368774414,
      1,
      1763447159.9284103,
      1763447159.9311538,
      {}
    ],
    [
      9,
      null,
      1265576559,
      null,
      0.369711044625461,
      0.0009350776672363281,
      1,
      1763447159.9398885,
      1763447159.9423342,
      {}
    ],
    [
      10,
      null,
      1265576559,
      null,
      0.40147643627947505,
      0.0016274452209472656,
      1,
      1763447159.9610178,
      1763447159.9648497,
      {}
    ],
    [
      11,
      null,
      1265576559,
      null,
      0.3561808306088019,
      0.0020966529846191406,
      1,
      1763447162.1292946,
      1763447162.1330795,
      {}
    ],
    [
      12,
      null,
      1265576559,
      null,
      0.45175358305685875,
      0.0008499622344970703,
      1,
      1763447162.14298,
      1763447162.1453273,
      {}
    ],
    [
      13,
      null,
      1265576559,
      null,
      0.27773872232763086,
      0.0008261203765869141,
      1,
      1763447162.155493,
      1763447162.1577997,
      {}
    ],
    [
      14,
      null,
      1265576559,
      null,
      0.3976955321996709,
      0.0008256435394287109,
      1,
      1763447162.1681905,
      1763447162.1705024,
      {}
    ],
    [
      15,
      null,
      1265576559,
      null,
      0.5117729633516411,
      0.0008294582366943359,
      1,
      1763447162.1814532,
      1763447162.1837857,
      {}
    ],
    [
      16,
      null,
      1265576559,
      null,
      0.3324648653057436,
      0.0008168220520019531,
      1,
      1763447162.1951907,
      1763447162.19749,
      {}
    ],
    [
      17,
      null,
      1265576559,
      null,
      0.34543820349446686,
      0.0008592605590820312,
      1,
      1763447162.2091794,
      1763447162.2116642,
      {}
    ],
    [
      18,
      null,
      1265576559,
      null,
      0.3498607655124186,
      0.0020520687103271484,
      1,
      1763447164.5352397,
      1763447164.5389452,
      {}
    ]
  ],
  "configs": {
    "1": {
      " ACAP": 2.008537574671209,
      " AEXP": 2.802519526332617,
      " CPLx": 5.500593537464738,
      " DOCU": 3.826413946226239,
      " ETAT": 2.2299504274670032,
      " FLEx": 2.929814728721976,
      " KLOC": 89.41172658314741,
      " LTEx": 2.5227945297956467,
      " PCAP": 3.0,
      " PCON": 2.7266925936564803,
      " PLEx": 3.0,
      " PMAT": 2.2010395331308246,
      " PREC": 1.7089927410706878,
      " PVOL": 2.0,
      " RELY": 5.0,
      " RESL": 1.2899983637034893,
      " RUSE": 3.0130374804139137,
      " SCED": 2.56107728369534,
      " SITE": 3.0,
      " STOR": 4.291372656822205,
      " TEAM": 2.517442539334297,
      " TIME": 3.7427549064159393,
      " TOOL": 2.0349753135815263,
      "DATA": 4.704708926543593
    },
    "2": {
      " ACAP": 2.976529290859741,
      " AEXP": 2.9399582904541344,
      " CPLx": 5.050632837110974,
      " DOCU": 2.3765845361930333,
      " ETAT": 3.098975095316982,
      " FLEx": 2.237466105557714,
      " KLOC": 109.86109072855159,
      " LTEx": 3.948782648771986,
      " PCAP": 3.0,
      " PCON": 2.9648326922789408,
      " PLEx": 3.0,
      " PMAT": 2.6631500754690283,
      " PREC": 1.9013583414705983,
      " PVOL": 2.0,
      " RELY": 5.0,
      " RESL": 1.7515839853932413,
      " RUSE": 2.6188176284626277,
      " SCED": 2.031269510884526,
      " SITE": 3.0,
      " STOR": 4.179313835888275,
      " TEAM": 2.4647819466575633,
      " TIME": 4.301773312522599,
      " TOOL": 2.333439082919129,
      "DATA": 4.063849109425507
    },
    "3": {
      " ACAP": 2.7986861321096836,
      " AEXP": 2.8853602008668986,
      " CPLx": 5.204864863330794,
      " DOCU": 3.376980039171176,
      " ETAT": 1.6849169175997347,
      " FLEx": 3.0904776367611575,
      " KLOC": 93.99093474217335,
      " LTEx": 2.118113426675902,
      " PCAP": 3.0,
      " PCON": 2.3354156346813886,
      " PLEx": 3.0,
      " PMAT": 1.8241025116328666,
      " PREC": 1.7615198558474956,
      " PVOL": 2.0,
      " RELY": 5.0,
      " RESL": 1.8544639172281827,
      " RUSE": 3.312614986507917,
      " SCED": 2.6188687042399517,
      " SITE": 3.0,
      " STOR": 4.591890892816623,
      " TEAM": 2.3201427601349813,
      " TIME": 3.62577709284752,
      " TOOL": 2.9094192257901907,
      "DATA": 3.0423214436567054
    },
    "4": {
      " ACAP": 2.7528935062234883,
      " AEXP": 2.4266658849900726,
      " CPLx": 5.055690815370725,
      " DOCU": 3.7046890724000248,
      " ETAT": 2.717658729934978,
      " FLEx": 4.3663572697666115,
      " KLOC": 107.49500284249129,
      " LTEx": 2.7886671620426697,
      " PCAP": 3.0,
      " PCON": 2.7954457698893362,
      " PLEx": 3.0,
      " PMAT": 2.5413271983380645,
      " PREC": 1.3436516149575586,
      " PVOL": 2.0,
      " RELY": 5.0,
      " RESL": 1.0864225913705556,
      " RUSE": 3.997507546779648,
      " SCED": 1.8234277751180357,
      " SITE": 3.0,
      " STOR": 3.570138430272459,
      " TEAM": 2.492177783086878,
      " TIME": 4.2139700921320635,
      " TOOL": 2.211289181874799,
      "DATA": 2.9121588603228723
    },
    "5": {
      " ACAP": 2.615537451905163,
      " AEXP": 2.044505249726034,
      " CPLx": 5.757776314542012,
      " DOCU": 2.1708227560645375,
      " ETAT": 2.9570874321164893,
      " FLEx": 4.992508285140699,
      " KLOC": 98.08827693033776,
      " LTEx": 2.0574976229109563,
      " PCAP": 3.0,
      " PCON": 2.3610838302951116,
      " PLEx": 3.0,
      " PMAT": 3.7108017569200795,
      " PREC": 1.616122444218887,
      " PVOL": 2.0,
      " RELY": 5.0,
      " RESL": 2.7775926545556513,
      " RUSE": 2.727859041170608,
      " SCED": 2.7899634988374817,
      " SITE": 3.0,
      " STOR": 3.8681994327876557,
      " TEAM": 2.5386618218192227,
      " TIME": 5.02797473138466,
      " TOOL": 2.489609962221964,
      "DATA": 3.619421132857176
    },
    "6": {
      " ACAP": 2.872499569661723,
      " AEXP": 2.461064212580607,
      " CPLx": 5.808556622808095,
      " DOCU": 3.2198937536705614,
      " ETAT": 4.9580757496713685,
      " FLEx": 4.993300195448953,
      " KLOC": 124.66148952305113,
      " LTEx": 2.8304344762782447,
      " PCAP": 3.0,
      " PCON": 2.103689177324174,
      " PLEx": 3.0,
      " PMAT": 3.173672390197371,
      " PREC": 1.9291528051461042,
      " PVOL": 2.0,
      " RELY": 5.0,
      " RESL": 2.1357758493135757,
      " RUSE": 2.3534134848821306,
      " SCED": 1.362583771221262,
      " SITE": 3.0,
      " STOR": 3.764470750478937,