{
  "incumbent_ids": [
    3
  ],
  "rejected_config_ids": [
    1,
    2,
    4,
    5
  ],
  "incumbents_changed": 3,
  "trajectory": [
    {
      "config_ids": [
        1
      ],
      "costs": [
        0.4914606829138233
      ],
      "trial": 1,
      "walltime": 13.242116451263428
    },
    {
      "config_ids": [
        2
      ],
      "costs": [
        0.4198769800515374
      ],
      "trial": 2,
      "walltime": 699.5519042015076
    },
    {
      "config_ids": [
        3
      ],
      "costs": [
        0.20015944939892616
      ],
      "trial": 3,
      "walltime": 714.1735806465149
    }
  ],
  "state": {
    "queue": [
      [
        5,
        1
      ]
    ]
  }
}