{
  "stats": {
    "submitted": 18,
    "finished": 18,
    "running": 0
  },
  "data": [
    [
      1,
      null,
      327741615,
      null,
      0.5471781989203012,
      0.0017905235290527344,
      1,
      1763363370.057701,
      1763363370.0610256,
      {}
    ],
    [
      2,
      null,
      327741615,
      null,
      0.30442742172544235,
      0.0005903244018554688,
      1,
      1763363370.0694835,
      1763363370.0715165,
      {}
    ],
    [
      3,
      null,
      327741615,
      null,
      0.5105399109157656,
      0.000993490219116211,
      1,
      1763363371.4562726,
      1763363371.4588113,
      {}
    ],
    [
      4,
      null,
      327741615,
      null,
      0.3714139602211739,
      0.0006406307220458984,
      1,
      1763363371.462992,
      1763363371.4650247,
      {}
    ],
    [
      5,
      null,
      327741615,
      null,
      0.37430407474326244,
      0.0006213188171386719,
      1,
      1763363371.4691966,
      1763363371.4711914,
      {}
    ],
    [
      6,
      null,
      327741615,
      null,
      0.006955442788807553,
      0.0005669593811035156,
      1,
      1763363371.475522,
      1763363371.4774394,
      {}
    ],
    [
      7,
      null,
      327741615,
      null,
      0.38256332575351126,
      0.0006020069122314453,
      1,
      1763363371.4825644,
      1763363371.4845126,
      {}
    ],
    [
      8,
      null,
      327741615,
      null,
      0.2936207327171355,
      0.0006177425384521484,
      1,
      1763363371.489332,
      1763363371.4912796,
      {}
    ],
    [
      9,
      null,
      327741615,
      null,
      0.11628194863598651,
      0.0005476474761962891,
      1,
      1763363371.4970644,
      1763363371.4992025,
      {}
    ],
    [
      10,
      null,
      327741615,
      null,
      0.5747059560110588,
      0.0009737014770507812,
      1,
      1763363372.3057683,
      1763363372.309473,
      {}
    ],
    [
      11,
      null,
      327741615,
      null,
      0.48325424777960413,
      0.0005877017974853516,
      1,
      1763363372.3161416,
      1763363372.3181658,
      {}
    ],
    [
      12,
      null,
      327741615,
      null,
      0.1003045294555781,
      0.0005557537078857422,
      1,
      1763363372.3245099,
      1763363372.3265176,
      {}
    ],
    [
      13,
      null,
      327741615,
      null,
      0.4580149196522215,
      0.0005877017974853516,
      1,
      1763363372.3338172,
      1763363372.3360877,
      {}
    ],
    [
      14,
      null,
      327741615,
      null,
      0.4884577112824473,
      0.0005578994750976562,
      1,
      1763363372.3428295,
      1763363372.3455265,
      {}
    ],
    [
      15,
      null,
      327741615,
      null,
      0.0056291671223424045,
      0.001216888427734375,
      1,
      1763363372.3535135,
      1763363372.3560681,
      {}
    ],
    [
      16,
      null,
      327741615,
      null,
      0.1003045294555781,
      0.00026345252990722656,
      1,
      1763363372.3638148,
      1763363372.365507,
      {}
    ],
    [
      17,
      null,
      327741615,
      null,
      0.09617903858894328,
      0.0005521774291992188,
      1,
      1763363372.3739822,
      1763363372.375987,
      {}
    ],
    [
      18,
      null,
      327741615,
      null,
      0.46498522102377793,
      0.001394033432006836,
      1,
      1763363373.9779491,
      1763363373.980964,
      {}
    ]
  ],
  "configs": {
    "1": {
      "data_alignFieldPointers": 1,
      "explorationId": 4,
      "no_explorationId": 1,
      "opt_unroll": 2,
      "opt_unroll_interleave": 1,
      "opt_useAddressPrecalc": 0,
      "opt_vectorize": 0,
      "poly_tileSize_x": 16,
      "poly_tileSize_y": 10,
      "poly_tileSize_z": 10,
      "simd_avoidUnaligned": 1
    },
    "2": {
      "data_alignFieldPointers": 0,
      "explorationId": 3,
      "no_explorationId": 0,
      "opt_unroll": 3,
      "opt_unroll_interleave": 1,
      "opt_useAddressPrecalc": 1,
      "opt_vectorize": 1,
      "poly_tileSize_x": 0,
      "poly_tileSize_y": 64,
      "poly_tileSize_z": 128,
      "simd_avoidUnaligned": 1
    },
    "3": {
      "data_alignFieldPointers": 1,
      "explorationId": 4,
      "no_explorationId": 0,
      "opt_unroll": 4,
      "opt_unroll_interleave": 1,
      "opt_useAddressPrecalc": 1,
      "opt_vectorize": 0,
      "poly_tileSize_x": 10,
      "poly_tileSize_y": 0,
      "poly_tileSize_z": 10,
      "simd_avoidUnaligned": 1
    },
    "4": {
      "data_alignFieldPointers": 0,
      "explorationId": 2,
      "no_explorationId": 1,
      "opt_unroll": 2,
      "opt_unroll_interleave": 0,
      "opt_useAddressPrecalc": 0,
      "opt_vectorize": 1,
      "poly_tileSize_x": 20,
      "poly_tileSize_y": 0,
      "poly_tileSize_z": 128,
      "simd_avoidUnaligned": 0
    },
    "5": {
      "data_alignFieldPointers": 1,
      "explorationId": 3,
      "no_explorationId": 1,
      "opt_unroll": 1,
      "opt_unroll_interleave": 1,
      "opt_useAddressPrecalc": 0,
      "opt_vectorize": 1,
      "poly_tileSize_x": 128,
      "poly_tileSize_y": 16,
      "poly_tileSize_z": 32,
      "simd_avoidUnaligned": 0
    },
    "6": {
      "data_alignFieldPointers": 0,
      "explorationId": 0,
      "no_explorationId": 1,
      "opt_unroll": 2,
      "opt_unroll_interleave": 0,
      "opt_useAddressPrecalc": 1,
      "opt_vectorize": 0,
      "poly_tileSize_x": 10,
      "poly_tileSize_y": 8,
      "poly_tileSize_z": 16,
      "simd_avoidUnaligned": 1
    },
    "7": {
      "data_alignFieldPointers": 1,
      "explorationId": 4,
      "no_explorationId": 1,
      "opt_unroll": 4,
      "opt_unroll_interleave": 1,
      "opt_useAddressPrecalc": 1,
      "opt_vectorize": 1,
      "poly_tileSize_x": 16,
      "poly_tileSize_y": 64,
      "poly_tileSize_z": 64,
      "simd_avoidUnaligned": 0
    },
    "8": {
      "data_alignFieldPointers": 0,
      "explorationId": 3,
      "no_explorationId": 1,
      "opt_unroll": 3,
      "opt_unroll_interleave": 1,
      "opt_useAddressPrecalc": 0,
      "opt_vectorize": 0,
      "poly_tileSize_x": 128,
      "poly_tileSize_y": 10,
      "poly_tileSize_z": 10,
      "simd_avoidUnaligned": 1
    },
    "9": {
      "data_alignFieldPointers": 1,
      "explorationId": 0,
      "no_explorationId": 1,
      "opt_unroll": 3,
      "opt_unroll_interleave": 0,
      "opt_useAddressPrecalc": 0,
      "opt_vectorize": 1,
      "poly_tileSize_x": 64,
      "poly_tileSize_y": 8,
      "poly_tileSize_z": 0,
      "simd_avoidUnaligned": 0
    },
    "10": {
      "data_alignFieldPointers": 1,
      "explorationId": 0,
      "no_explorationId": 0,
      "opt_unroll": 1,
      "opt_unroll_interleave": 1,
      "opt_useAddressPrecalc": 0,
      "opt_vectorize": 1,
      "poly_tileSize_x": 8,
      "poly_tileSize_y": 128,
      "poly_tileSize_z": 16,
      "simd_avoidUnaligned": 1
    },
    "11": {
      "data_alignFieldPointers": 1,
      "explorationId": 0,
      "no_explorationId": 0,
      "opt_unroll": 1,
      "opt_unroll_interleave": 0,
      "opt_useAddressPrecalc": 1,
      "opt_vectorize": 1,
      "poly_tileSize_x": 8,
      "poly_tileSize_y": 128,
      "poly_tileSize_z": 16,
      "simd_avoidUnaligned": 1
    },
    "12": {
      "data_alignFieldPointers": 1,
      "explorationId": 0,
      "no_explorationId": 1,
      "opt_unroll": 2,
      "opt_unroll_interleave": 1,
      "opt_useAddressPrecalc": 0,
      "opt_vectorize": 0,
      "poly_tileSize_x": 64,
      "poly_tileSize_y": 16,
      "poly_tileSize_z": 16,
      "simd_avoidUnaligned": 1
    },
    "13": {
      "data_alignFieldPointers": 1,
      "explorationId": 0,
      "no_explorationId": 0,
      "opt_unroll": 1,
      "opt_unroll_interleave": 0,
      "opt_useAddressPrecalc": 1,
      "opt_vectorize": 0,
      "poly_tileSize_x": 64,
      "poly_tileSize_y": 16,
      "poly_tileSize_z": 16,
      "simd_avoidUnaligned": 1
    },