{
  "stats": {
    "submitted": 18,
    "finished": 18,
    "running": 0
  },
  "data": [
    [
      1,
      null,
      1265576559,
      null,
      0.4817542173711149,
      0.0017154216766357422,
      1,
      1763449055.0811055,
      1763449055.0839267,
      {}
    ],
    [
      2,
      null,
      1265576559,
      null,
      0.532200190567174,
      0.0012619495391845703,
      1,
      1763449056.5362546,
      1763449056.5388782,
      {}
    ],
    [
      3,
      null,
      1265576559,
      null,
      0.35974871708898126,
      0.001692056655883789,
      1,
      1763449056.5430827,
      1763449056.5459077,
      {}
    ],
    [
      4,
      null,
      1265576559,
      null,
      0.2095795849936246,
      0.001644134521484375,
      1,
      1763449056.5511012,
      1763449056.55384,
      {}
    ],
    [
      5,
      null,
      1265576559,
      null,
      0.3082851804624033,
      0.002213001251220703,
      1,
      1763449056.5589347,
      1763449056.562192,
      {}
    ],
    [
      6,
      null,
      1265576559,
      null,
      0.07809839392608908,
      0.0021860599517822266,
      1,
      1763449056.5669081,
      1763449056.5701768,
      {}
    ],
    [
      7,
      null,
      1265576559,
      null,
      0.21195292439364888,
      0.0012390613555908203,
      1,
      1763449056.5756712,
      1763449056.577976,
      {}
    ],
    [
      8,
      null,
      1265576559,
      null,
      0.2817828045824057,
      0.0025403499603271484,
      1,
      1763449056.5829177,
      1763449056.5867748,
      {}
    ],
    [
      9,
      null,
      1265576559,
      null,
      0.43001442263678413,
      0.0010235309600830078,
      1,
      1763449056.5922213,
      1763449056.5944128,
      {}
    ],
    [
      10,
      null,
      1265576559,
      null,
      0.23941169945465046,
      0.0017137527465820312,
      1,
      1763449056.6058092,
      1763449056.6087532,
      {}
    ],
    [
      11,
      null,
      1265576559,
      null,
      0.4644271698563768,
      0.0012481212615966797,
      1,
      1763449057.724179,
      1763449057.726565,
      {}
    ],
    [
      12,
      null,
      1265576559,
      null,
      0.2500618936912229,
      0.0008807182312011719,
      1,
      1763449057.7326427,
      1763449057.7354355,
      {}
    ],
    [
      13,
      null,
      1265576559,
      null,
      0.20143086158011658,
      0.0007762908935546875,
      1,
      1763449057.742112,
      1763449057.7442548,
      {}
    ],
    [
      14,
      null,
      1265576559,
      null,
      0.33223732466777456,
      0.0006287097930908203,
      1,
      1763449057.7506938,
      1763449057.7524376,
      {}
    ],
    [
      15,
      null,
      1265576559,
      null,
      0.3559037312488028,
      0.0006053447723388672,
      1,
      1763449057.7588995,
      1763449057.7605982,
      {}
    ],
    [
      16,
      null,
      1265576559,
      null,
      0.20175810069561662,
      0.0009393692016601562,
      1,
      1763449057.7682314,
      1763449057.7702026,
      {}
    ],
    [
      17,
      null,
      1265576559,
      null,
      0.39200403447189436,
      0.0006678104400634766,
      1,
      1763449057.7769194,
      1763449057.7786317,
      {}
    ],
    [
      18,
      null,
      1265576559,
      null,
      0.2200003665210305,
      0.0011112689971923828,
      1,
      1763449059.0792603,
      1763449059.0815728,
      {}
    ]
  ],
  "configs": {
    "1": {
      "Criticality": 0.008553949847666562,
      "Criticality Modifier": 0.8024625576743651,
      "Culture": 0.5005839774824665,
      "Dynamism": 0.9131393094331266,
      "Initial Known": 0.24588997310350777,
      "Inter-Dependency": 0.30981137020149,
      "Plan": 0.288218602752462,
      "Size": 0.261484064886947,
      "Team Size": 0.7266325081284021
    },
    "2": {
      "Criticality": 0.9765134677067284,
      "Criticality Modifier": 0.9340050579341637,
      "Culture": 0.056297692709427596,
      "Dynamism": 0.17011074830764253,
      "Initial Known": 0.5550080622275357,
      "Inter-Dependency": 0.07887577071030763,
      "Plan": 0.6972235557385925,
      "Size": 0.9743726776261633,
      "Team Size": 0.9237528556166615
    },
    "3": {
      "Criticality": 0.8461793489798513,
      "Criticality Modifier": 0.09756047457513667,
      "Culture": 0.07246205863577795,
      "Dynamism": 0.03622882552117669,
      "Initial Known": 0.47308265787998605,
      "Inter-Dependency": 0.43450336662692485,
      "Plan": 0.26446998817540185,
      "Size": 0.4681559965983505,
      "Team Size": 0.6845415364394593
    },
    "4": {
      "Criticality": 0.13008765889383705,
      "Criticality Modifier": 0.036740095448071754,
      "Culture": 0.5417151714856692,
      "Dynamism": 0.5045750840336142,
      "Initial Known": 0.3635358386319829,
      "Inter-Dependency": 0.550987134773082,
      "Plan": 0.5439398506052912,
      "Size": 0.7128469843140577,
      "Team Size": 0.2649896533306966
    },
    "5": {
      "Criticality": 0.46377141578957504,
      "Criticality Modifier": 0.3238477240781629,
      "Culture": 0.040185440737905205,
      "Dynamism": 0.942174731201806,
      "Initial Known": 0.8340149331895906,
      "Inter-Dependency": 0.5641803730399175,
      "Plan": 0.37269941250685723,
      "Size": 0.6156948379050595,
      "Team Size": 0.9902474583035527
    },
    "6": {
      "Criticality": 0.6043923220584958,
      "Criticality Modifier": 0.2901985291109364,
      "Culture": 0.059182314539981754,
      "Dynamism": 0.505738654172482,
      "Initial Known": 0.7686990930591097,
      "Inter-Dependency": 0.3205420537092667,
      "Plan": 0.34035186175071125,
      "Size": 0.10547182206906634,
      "Team Size": 0.3957876973487643
    },
    "7": {
      "Criticality": 0.919804095392294,
      "Criticality Modifier": 0.18108696523553738,
      "Culture": 0.22704672991973118,
      "Dynamism": 0.658674772539534,
      "Initial Known": 0.5424927203143357,
      "Inter-Dependency": 0.14467309039570875,
      "Plan": 0.00876578508680104,
      "Size": 0.7312404763981677,
      "Team Size": 0.44075671155078977
    },
    "8": {
      "Criticality": 0.5568526217701396,
      "Criticality Modifier": 0.8051920854135788,
      "Culture": 0.4256822580321738,
      "Dynamism": 0.4835640086487357,
      "Initial Known": 0.5189111577498904,
      "Inter-Dependency": 0.06493759065461029,
      "Plan": 0.6546680767990763,
      "Size": 0.38878302203433107,
      "Team Size": 0.8808110283365422
    },
    "9": {
      "Criticality": 0.8916937004918919,
      "Criticality Modifier": 0.7751431351364233,
      "Culture": 0.46431268919543844,
      "Dynamism": 0.20096637225437577,
      "Initial Known": 0.05407106660247093,
      "Inter-Dependency": 0.3059913367359845,
      "Plan": 0.009075066969151887,
      "Size": 0.3097845127780616,
      "Team Size": 0.5173780855414807
    },
    "10": {
      "Criticality": 0.27308533732897144,
      "Criticality Modifier": 0.1515165326176511,
      "Culture": 0.19580704989183645,
      "Dynamism": 0.9381676987957668,
      "Initial Known": 0.24490987711726717,
      "Inter-Dependency": 0.5976958007091421,
      "Plan": 0.9908199840412086,
      "Size": 0.8171723843454871,
      "Team Size": 0.7446112351912239
    },
    "11": {
      "Criticality": 0.8703338464263499,
      "Criticality Modifier": 0.05155354540975749,
      "Culture": 0.7246207047825268,
      "Dynamism": 0.5957709195049624,
      "Initial Known": 0.8582790124966272,
      "Inter-Dependency": 0.6477048524448108,
      "Plan": 0.6587341018697669,
      "Size": 0.01603595633431088,
      "Team Size": 0.4624211626132518
    },
    "12": {
      "Criticality": 0.83535597522333,
      "Criticality Modifier": 0.06877757593694923,
      "Culture": 0.6015406764746578,
      "Dynamism": 0.5658649219565586,
      "Initial Known": 0.8195431688895085,
      "Inter-Dependency": 0.8500725719767009,