{
  "incumbent_ids": [
    2
  ],
  "rejected_config_ids": [
    1,
    3,
    4,
    5,
    6,
    7,
    8,
    9,
    10,
    11,
    12,
    13,
    14,
    15,
    16,
    17,
    18,
    19,
    20,
    21,
    22,
    23,
    24
  ],
  "incumbents_changed": 2,
  "trajectory": [
    {
      "config_ids": [
        1
      ],
      "costs": [
        0.3559950915012353
      ],
      "trial": 1,
      "walltime": 0.012655258178710938
    },
    {
      "config_ids": [
        2
      ],
      "costs": [
        0.17564126407377734
      ],
      "trial": 2,
      "walltime": 0.025129079818725586
    }
  ],
  "state": {
    "queue": [
      [
        24,
        1
      ]
    ]
  }
}