{
  "stats": {
    "submitted": 17,
    "finished": 17,
    "running": 0
  },
  "data": [
    [
      1,
      null,
      774252441,
      null,
      0.47081381721121374,
      0.045787811279296875,
      1,
      1763050750.0111313,
      1763050750.0582013,
      {}
    ],
    [
      2,
      null,
      774252441,
      null,
      0.7043813454755053,
      0.051496028900146484,
      1,
      1763050750.0681078,
      1763050750.1206245,
      {}
    ],
    [
      3,
      null,
      774252441,
      null,
      0.41821186046824166,
      0.048898935317993164,
      1,
      1763050750.1241245,
      1763050750.1767287,
      {}
    ],
    [
      4,
      null,
      774252441,
      null,
      0.7057422881919914,
      0.06817102432250977,
      1,
      1763050750.778644,
      1763050750.8478475,
      {}
    ],
    [
      5,
      null,
      774252441,
      null,
      0.5021169684422148,
      0.06902599334716797,
      1,
      1763050750.854252,
      1763050750.9246664,
      {}
    ],
    [
      6,
      null,
      774252441,
      null,
      0.5560628168595869,
      0.07090377807617188,
      1,
      1763050750.9282298,
      1763050751.0001502,
      {}
    ],
    [
      7,
      null,
      774252441,
      null,
      0.7043931797608523,
      0.04388093948364258,
      1,
      1763050751.0036345,
      1763050751.0489166,
      {}
    ],
    [
      8,
      null,
      774252441,
      null,
      0.45382663094968345,
      0.03934884071350098,
      1,
      1763050751.0526633,
      1763050751.0929756,
      {}
    ],
    [
      9,
      null,
      774252441,
      null,
      0.6591185020859024,
      0.046563148498535156,
      1,
      1763050751.0965583,
      1763050751.1441157,
      {}
    ],
    [
      10,
      null,
      774252441,
      null,
      0.534318921927539,
      0.04536008834838867,
      1,
      1763050751.5347443,
      1763050751.5811148,
      {}
    ],
    [
      11,
      null,
      774252441,
      null,
      0.5461048917813561,
      0.043805599212646484,
      1,
      1763050751.5859783,
      1763050751.6308527,
      {}
    ],
    [
      12,
      null,
      774252441,
      null,
      0.6641829896252442,
      0.04291057586669922,
      1,
      1763050751.6352482,
      1763050751.679181,
      {}
    ],
    [
      13,
      null,
      774252441,
      null,
      0.6294628090054213,
      0.04260396957397461,
      1,
      1763050751.6838148,
      1763050751.7275064,
      {}
    ],
    [
      14,
      null,
      774252441,
      null,
      0.6355840895296759,
      0.08069586753845215,
      1,
      1763050752.4860754,
      1763050752.5678737,
      {}
    ],
    [
      15,
      null,
      774252441,
      null,
      0.7008460447697168,
      0.06338071823120117,
      1,
      1763050752.5768414,
      1763050752.6412978,
      {}
    ],
    [
      16,
      null,
      774252441,
      null,
      0.6728713888025759,
      0.04352378845214844,
      1,
      1763050753.0532978,
      1763050753.0978532,
      {}
    ],
    [
      17,
      null,
      774252441,
      null,
      0.493974959551124,
      0.04541635513305664,
      1,
      1763050753.1033754,
      1763050753.1498568,
      {}
    ]
  ],
  "configs": {
    "1": {
      "Counters": 12,
      "Max_spout": 1000.0,
      "Spliters": 6
    },
    "2": {
      "Counters": 3,
      "Max_spout": 1.0,
      "Spliters": 2
    },
    "3": {
      "Counters": 15,
      "Max_spout": 100.0,
      "Spliters": 2
    },
    "4": {
      "Counters": 3,
      "Max_spout": 1.0,
      "Spliters": 1
    },
    "5": {
      "Counters": 6,
      "Max_spout": 100.0,
      "Spliters": 6
    },
    "6": {
      "Counters": 12,
      "Max_spout": 1000000.0,
      "Spliters": 2
    },
    "7": {
      "Counters": 9,
      "Max_spout": 1.0,
      "Spliters": 2
    },
    "8": {
      "Counters": 15,
      "Max_spout": 1000000.0,
      "Spliters": 6
    },
    "9": {
      "Counters": 1,
      "Max_spout": 1000.0,
      "Spliters": 3
    },
    "10": {
      "Counters": 6,
      "Max_spout": 10000.0,
      "Spliters": 1
    },
    "11": {
      "Counters": 6,
      "Max_spout": 10.0,
      "Spliters": 6
    },
    "12": {
      "Counters": 1,
      "Max_spout": 10000.0,
      "Spliters": 6
    },
    "13": {
      "Counters": 3,
      "Max_spout": 1000000.0,
      "Spliters": 1
    },
    "14": {
      "Counters": 6,
      "Max_spout": 1000000.0,
      "Spliters": 2
    },
    "15": {
      "Counters": 12,
      "Max_spout": 1000000.0,
      "Spliters": 1
    },
    "16": {
      "Counters": 1,
      "Max_spout": 10.0,
      "Spliters": 2
    },
    "17": {
      "Counters": 15,
      "Max_spout": 100.0,
      "Spliters": 6
    }
  },
  "config_origins": {
    "1": "Initial Design: Sobol",
    "2": "Random Search",
    "3": "Acquisition Function Maximizer: Local Search",
    "4": "Acquisition Function Maximizer: Local Search",
    "5": "Acquisition Function Maximizer: Local Search",
    "6": "Acquisition Function Maximizer: Local Search",
    "7": "Acquisition Function Maximizer: Local Search",
    "8": "Random Search",
    "9": "Acquisition Function Maximizer: Local Search",
    "10": "Random Search",
    "11": "Random Search",
    "12": "Random Search",
    "13": "Random Search",
    "14": "Random Search",
    "15": "Random Search",
    "16": "Random Search",
    "17": "Random Search"
  }
}