{
  "incumbent_ids": [
    2
  ],
  "rejected_config_ids": [
    1,
    3,
    4,
    5,
    6,
    7,
    8,
    9,
    10,
    11,
    12
  ],
  "incumbents_changed": 2,
  "trajectory": [
    {
      "config_ids": [
        1
      ],
      "costs": [
        0.8085685149515794
      ],
      "trial": 1,
      "walltime": 0.011305809020996094
    },
    {
      "config_ids": [
        2
      ],
      "costs": [
        0.5185142732877823
      ],
      "trial": 2,
      "walltime": 0.024899959564208984
    }
  ],
  "state": {
    "queue": [
      [
        12,
        1
      ]
    ]
  }
}