{
  "stats": {
    "submitted": 12,
    "finished": 12,
    "running": 0
  },
  "data": [
    [
      1,
      null,
      327741615,
      null,
      0.8085685149515794,
      0.002801656723022461,
      1,
      1763453483.4176025,
      1763453483.4223962,
      {}
    ],
    [
      2,
      null,
      327741615,
      null,
      0.5185142732877823,
      0.0015931129455566406,
      1,
      1763453483.4349196,
      1763453483.4383683,
      {}
    ],
    [
      3,
      null,
      327741615,
      null,
      0.7884391784788766,
      0.0020411014556884766,
      1,
      1763453485.7228231,
      1763453485.7279084,
      {}
    ],
    [
      4,
      null,
      327741615,
      null,
      0.8250668138091656,
      0.0029044151306152344,
      1,
      1763453485.7355428,
      1763453485.7401488,
      {}
    ],
    [
      5,
      null,
      327741615,
      null,
      0.8101352792651023,
      0.0010578632354736328,
      1,
      1763453485.7468095,
      1763453485.7498748,
      {}
    ],
    [
      6,
      null,
      327741615,
      null,
      0.9015642667060152,
      0.0019273757934570312,
      1,
      1763453485.758559,
      1763453485.7622232,
      {}
    ],
    [
      7,
      null,
      327741615,
      null,
      0.9236863643432176,
      0.0008513927459716797,
      1,
      1763453485.7708266,
      1763453485.7734663,
      {}
    ],
    [
      8,
      null,
      327741615,
      null,
      0.7982102761702763,
      0.0010616779327392578,
      1,
      1763453485.782693,
      1763453485.7854798,
      {}
    ],
    [
      9,
      null,
      327741615,
      null,
      0.8846684257501237,
      0.0009713172912597656,
      1,
      1763453485.7965178,
      1763453485.7992291,
      {}
    ],
    [
      10,
      null,
      327741615,
      null,
      0.8283975724832865,
      0.002087831497192383,
      1,
      1763453488.0556567,
      1763453488.059582,
      {}
    ],
    [
      11,
      null,
      327741615,
      null,
      0.8126012292120107,
      0.0012745857238769531,
      1,
      1763453488.0688818,
      1763453488.0718293,
      {}
    ],
    [
      12,
      null,
      327741615,
      null,
      0.8068706618905381,
      0.0011754035949707031,
      1,
      1763453488.0812633,
      1763453488.0841377,
      {}
    ]
  ],
  "configs": {
    "1": {
      "Avg_Utilization_Ratio": 0.7326615240443498,
      "CLIENTNUM": 820117117.4514968,
      "Contacts_Count_12_mon": 4.795050797984004,
      "Customer_Age": 41.34584652073681,
      "Dependent_count": 3.293565334752202,
      "Months_Inactive_12_mon": 0.7559096999466419,
      "Months_on_book": 18.95394471473992,
      "Naive_Bayes_Classifier_Attrition_Flag_Card_Category_Contacts_Count_12_mon_Dependent_count_Education_Level_Months_Inactive_12_mon_1": 0.8350116181921576,
      "Naive_Bayes_Classifier_Attrition_Flag_Card_Category_Contacts_Count_12_mon_Dependent_count_Education_Level_Months_Inactive_12_mon_2": 0.6554178117679763,
      "Total_Amt_Chng_Q4_Q1": 2.148135237929411,
      "Total_Relationship_Count": 3.890727622434497,
      "Total_Trans_Amt": 11084.496022637933,
      "Total_Trans_Ct": 75.85584363434464,
      "attrition_Flag": "Existing Customer",
      "card_Category": "Blue",
      "education_Level": "College",
      "gender": "M",
      "income_Category": "$60K - $80K",
      "marital_Status": "Single"
    },
    "2": {
      "Avg_Utilization_Ratio": 0.07623198108458322,
      "CLIENTNUM": 801875896.8735884,
      "Contacts_Count_12_mon": 2.6304553886453608,
      "Customer_Age": 60.002863358054235,
      "Dependent_count": 4.889947559983013,
      "Months_Inactive_12_mon": 3.230975222462602,
      "Months_on_book": 34.54817993737733,
      "Naive_Bayes_Classifier_Attrition_Flag_Card_Category_Contacts_Count_12_mon_Dependent_count_Education_Level_Months_Inactive_12_mon_1": 0.07202797997206892,
      "Naive_Bayes_Classifier_Attrition_Flag_Card_Category_Contacts_Count_12_mon_Dependent_count_Education_Level_Months_Inactive_12_mon_2": 0.268743536709207,
      "Total_Amt_Chng_Q4_Q1": 1.698100855304427,
      "Total_Relationship_Count": 4.396149980604703,
      "Total_Trans_Amt": 14956.405434940045,
      "Total_Trans_Ct": 59.14140617616145,
      "attrition_Flag": "Attrited Customer",
      "card_Category": "Gold",
      "education_Level": "Unknown",
      "gender": "F",
      "income_Category": "$60K - $80K",
      "marital_Status": "Unknown"
    },
    "3": {
      "Avg_Utilization_Ratio": 0.7976614351558813,
      "CLIENTNUM": 801174563.1623116,
      "Contacts_Count_12_mon": 0.4969141596497786,
      "Customer_Age": 47.18436372543434,
      "Dependent_count": 3.3186170100405206,
      "Months_Inactive_12_mon": 5.647505732495089,
      "Months_on_book": 15.451312988818632,
      "Naive_Bayes_Classifier_Attrition_Flag_Card_Category_Contacts_Count_12_mon_Dependent_count_Education_Level_Months_Inactive_12_mon_1": 0.07882830160395242,
      "Naive_Bayes_Classifier_Attrition_Flag_Card_Category_Contacts_Count_12_mon_Dependent_count_Education_Level_Months_Inactive_12_mon_2": 0.8664138132033791,
      "Total_Amt_Chng_Q4_Q1": 1.5104388311791406,
      "Total_Relationship_Count": 3.810802930715463,
      "Total_Trans_Amt": 7089.275582290029,
      "Total_Trans_Ct": 54.034497536804736,
      "attrition_Flag": "Attrited Customer",
      "card_Category": "Platinum",
      "education_Level": "Uneducated",
      "gender": "F",
      "income_Category": "$40K - $60K",
      "marital_Status": "Married"
    },
    "4": {
      "Avg_Utilization_Ratio": 0.6443202566214875,
      "CLIENTNUM": 805636254.0969806,
      "Contacts_Count_12_mon": 0.8569792900141235,
      "Customer_Age": 38.051545327144964,
      "Dependent_count": 2.145754162341218,
      "Months_Inactive_12_mon": 0.7579885020131708,
      "Months_on_book": 53.372735344468886,
      "Naive_Bayes_Classifier_Attrition_Flag_Card_Category_Contacts_Count_12_mon_Dependent_count_Education_Level_Months_Inactive_12_mon_1": 0.47723031832096297,
      "Naive_Bayes_Classifier_Attrition_Flag_Card_Category_Contacts_Count_12_mon_Dependent_count_Education_Level_Months_Inactive_12_mon_2": 0.14677738943004554,
      "Total_Amt_Chng_Q4_Q1": 2.5645741002036444,
      "Total_Relationship_Count": 4.454335065956872,
      "Total_Trans_Amt": 10021.46158879786,
      "Total_Trans_Ct": 22.735259712095875,
      "attrition_Flag": "Attrited Customer",
      "card_Category": "Platinum",
      "education_Level": "Doctorate",
      "gender": "F",
      "income_Category": "Unknown",
      "marital_Status": "Divorced"
    },
    "5": {
      "Avg_Utilization_Ratio": 0.6312142058879311,
      "CLIENTNUM": 804697534.4310236,
      "Contacts_Count_12_mon": 0.33397335371450243,
      "Customer_Age": 51.541798639761,
      "Dependent_count": 0.05537038492319568,
      "Months_Inactive_12_mon": 5.50548414694946,
      "Months_on_book": 22.146742722674297,
      "Naive_Bayes_Classifier_Attrition_Flag_Card_Category_Contacts_Count_12_mon_Dependent_count_Education_Level_Months_Inactive_12_mon_1": 0.47543874599711183,
      "Naive_Bayes_Classifier_Attrition_Flag_Card_Category_Contacts_Count_12_mon_Dependent_count_Education_Level_Months_Inactive_12_mon_2": 0.580847455615535,
      "Total_Amt_Chng_Q4_Q1": 1.6454844207942971,
      "Total_Relationship_Count": 1.3671240400710951,
      "Total_Trans_Amt": 5929.304351119155,
      "Total_Trans_Ct": 59.52869500536715,
      "attrition_Flag": "Existing Customer",
      "card_Category": "Silver",
      "education_Level": "College",
      "gender": "F",
      "income_Category": "Less than $40K",
      "marital_Status": "Divorced"
    },
    "6": {
      "Avg_Utilization_Ratio": 0.2765970214297579,
      "CLIENTNUM": 764133121.5426648,
      "Contacts_Count_12_mon": 0.8947383788695782,
      "Customer_Age": 39.986524984270716,
      "Dependent_count": 0.48936605749802686,
      "Months_Inactive_12_mon": 3.434386443650303,