{
  "incumbent_ids": [
    9
  ],
  "rejected_config_ids": [
    2,
    3,
    4,
    1,
    6,
    5,
    8,
    7,
    10,
    11,
    12
  ],
  "incumbents_changed": 4,
  "trajectory": [
    {
      "config_ids": [
        1
      ],
      "costs": [
        0.23465527228691951
      ],
      "trial": 1,
      "walltime": 0.014958620071411133
    },
    {
      "config_ids": [
        5
      ],
      "costs": [
        0.15220015256866803
      ],
      "trial": 5,
      "walltime": 3.033486843109131
    },
    {
      "config_ids": [
        7
      ],
      "costs": [
        0.15071622575656451
      ],
      "trial": 7,
      "walltime": 3.0579452514648438
    },
    {
      "config_ids": [
        9
      ],
      "costs": [
        0.08922692692658152
      ],
      "trial": 9,
      "walltime": 3.0887482166290283
    }
  ],
  "state": {
    "queue": [
      [
        12,
        1
      ]
    ]
  }
}