{
  "incumbent_ids": [
    2
  ],
  "rejected_config_ids": [
    1,
    3,
    4,
    5,
    6
  ],
  "incumbents_changed": 2,
  "trajectory": [
    {
      "config_ids": [
        1
      ],
      "costs": [
        0.2397494235468789
      ],
      "trial": 1,
      "walltime": 0.013195276260375977
    },
    {
      "config_ids": [
        2
      ],
      "costs": [
        0.19854951252647812
      ],
      "trial": 2,
      "walltime": 2.7027859687805176
    }
  ],
  "state": {
    "queue": [
      [
        6,
        1
      ]
    ]
  }
}