{
  "incumbent_ids": [
    4
  ],
  "rejected_config_ids": [
    1,
    2,
    3,
    5,
    6,
    7,
    8,
    9,
    10,
    11,
    12,
    13,
    14,
    15,
    16,
    17,
    18,
    19,
    20,
    21,
    22,
    23,
    24,
    25,
    26,
    27,
    28,
    29,
    30,
    31,
    32,
    33,
    34,
    35,
    36,
    37,
    38,
    39,
    40,
    41,
    42,
    43,
    44,
    45,
    46,
    47,
    48,
    49,
    50
  ],
  "incumbents_changed": 4,
  "trajectory": [
    {
      "config_ids": [
        1
      ],
      "costs": [
        0.37105652745269735
      ],
      "trial": 1,
      "walltime": 0.00652623176574707
    },
    {
      "config_ids": [
        2
      ],
      "costs": [
        0.26333562705673796
      ],
      "trial": 2,
      "walltime": 0.015557289123535156
    },
    {
      "config_ids": [
        3
      ],
      "costs": [
        0.21882158317248424
      ],
      "trial": 3,
      "walltime": 0.025045394897460938
    },
    {
      "config_ids": [
        4
      ],
      "costs": [
        0.08389845714955413
      ],
      "trial": 4,
      "walltime": 0.03576850891113281
    }
  ],
  "state": {
    "queue": [
      [
        50,
        1
      ]
    ]
  }
}