{'Clndrs': 5.0, 'Volume': 121.0, 'Model': 80.0, 'origin': 2.0}, {'Clndrs': 6.0, 'Volume': 145.0, 'Model': 81.0, 'origin': 2.0}, {'Clndrs': 4.0, 'Volume': 91.0, 'Model': 79.0, 'origin': 2.0}, {'Clndrs': 5.0, 'Volume': 121.0, 'Model': 80.0, 'origin': 2.0}, {'Clndrs': 4.0, 'Volume': 122.0, 'Model': 74.0, 'origin': 1.0}, {'Clndrs': 4.0, 'Volume': 98.0, 'Model': 76.0, 'origin': 1.0}, {'Clndrs': 4.0, 'Volume': 85.0, 'Model': 76.0, 'origin': 1.0}, {'Clndrs': 4.0, 'Volume': 79.0, 'Model': 81.0, 'origin': 3.0}, {'Clndrs': 4.0, 'Volume': 97.0, 'Model': 70.0, 'origin': 2.0}, {'Clndrs': 4.0, 'Volume': 141.0, 'Model': 79.0, 'origin': 2.0}, {'Clndrs': 4.0, 'Volume': 98.0, 'Model': 79.0, 'origin': 1.0}, {'Clndrs': 4.0, 'Volume': 91.0, 'Model': 76.0, 'origin': 3.0}, {'Clndrs': 4.0, 'Volume': 97.0, 'Model': 71.0, 'origin': 2.0}, {'Clndrs': 4.0, 'Volume': 97.0, 'Model': 70.0, 'origin': 2.0}, {'Clndrs': 4.0, 'Volume': 97.5, 'Model': 72.0, 'origin': 1.0}, {'Clndrs': 4.0, 'Volume': 98.0, 'Model': 82.0, 'origin': 1.0}, {'Clndrs': 4.0, 'Volume': 97.0, 'Model': 82.0, 'origin': 2.0}, {'Clndrs': 5.0, 'Volume': 121.0, 'Model': 80.0, 'origin': 2.0}, {'Clndrs': 4.0, 'Volume': 97.0, 'Model': 82.0, 'origin': 2.0}, {'Clndrs': 4.0, 'Volume': 98.0, 'Model': 71.0, 'origin': 1.0}
0.31159152325128536, 0.4235521708778065, 0.3853209531288335, 0.31159152325128536, 0.42838252453376957, 0.3923177859578426, 0.30998225385304745, 0.30835304541281605, 0.3263298147356364, 0.3872631585390678, 0.3886093263676752, 0.38586786743136825, 0.35266393508851945, 0.3263298147356364, 0.40278892307775394, 0.30706763493134415, 0.16745989117220028, 0.31159152325128536, 0.16745989117220028, 0.3578925042330301
1.4819514751434326, 0.6092338562011719, 0.352323055267334, 0.3032240867614746, 0.6653480529785156, 0.4534480571746826, 0.8097231388092041, 0.6377451419830322, 0.6329901218414307, 0.48392415046691895, 0.7616019248962402, 0.7735111713409424, 0.6808376312255859, 0.7415602207183838, 0.3681609630584717, 0.47917795181274414, 0.6029658317565918, 0.3868234157562256, 0.267169713973999, 0.49619030952453613