{'Clndrs': 4.0, 'Volume': 98.0, 'Model': 82.0, 'origin': 1.0}, {'Clndrs': 6.0, 'Volume': 145.0, 'Model': 81.0, 'origin': 2.0}, {'Clndrs': 4.0, 'Volume': 91.0, 'Model': 79.0, 'origin': 2.0}, {'Clndrs': 4.0, 'Volume': 97.0, 'Model': 82.0, 'origin': 2.0}, {'Clndrs': 4.0, 'Volume': 83.0, 'Model': 74.0, 'origin': 3.0}, {'Clndrs': 4.0, 'Volume': 85.0, 'Model': 76.0, 'origin': 1.0}, {'Clndrs': 4.0, 'Volume': 85.0, 'Model': 76.0, 'origin': 1.0}, {'Clndrs': 4.0, 'Volume': 79.0, 'Model': 81.0, 'origin': 3.0}, {'Clndrs': 4.0, 'Volume': 97.0, 'Model': 70.0, 'origin': 2.0}, {'Clndrs': 5.0, 'Volume': 121.0, 'Model': 80.0, 'origin': 2.0}, {'Clndrs': 4.0, 'Volume': 85.0, 'Model': 80.0, 'origin': 3.0}, {'Clndrs': 4.0, 'Volume': 105.0, 'Model': 82.0, 'origin': 2.0}, {'Clndrs': 5.0, 'Volume': 121.0, 'Model': 80.0, 'origin': 2.0}, {'Clndrs': 4.0, 'Volume': 97.0, 'Model': 70.0, 'origin': 2.0}, {'Clndrs': 4.0, 'Volume': 85.0, 'Model': 80.0, 'origin': 2.0}, {'Clndrs': 4.0, 'Volume': 97.0, 'Model': 82.0, 'origin': 2.0}, {'Clndrs': 4.0, 'Volume': 97.0, 'Model': 82.0, 'origin': 2.0}, {'Clndrs': 5.0, 'Volume': 121.0, 'Model': 80.0, 'origin': 2.0}, {'Clndrs': 4.0, 'Volume': 97.0, 'Model': 82.0, 'origin': 2.0}, {'Clndrs': 4.0, 'Volume': 85.0, 'Model': 80.0, 'origin': 2.0}
0.30706763493134415, 0.4235521708778065, 0.3853209531288335, 0.16745989117220028, 0.35656523333298473, 0.30998225385304745, 0.30998225385304745, 0.30835304541281605, 0.3263298147356364, 0.31159152325128536, 0.25394722064135844, 0.36198096077750375, 0.31159152325128536, 0.3263298147356364, 0.2976352869025818, 0.16745989117220028, 0.16745989117220028, 0.31159152325128536, 0.16745989117220028, 0.2976352869025818
1.8554494380950928, 0.762887716293335, 0.4304325580596924, 0.7350873947143555, 0.38814640045166016, 0.8109374046325684, 0.5679810047149658, 0.7451567649841309, 0.3605775833129883, 0.8905365467071533, 1.051295518875122, 1.118060827255249, 0.6609344482421875, 0.9098045825958252, 0.4116830825805664, 0.47995519638061523, 0.51725172996521, 0.30861353874206543, 0.3018932342529297, 0.6676819324493408