{'Spout_wait': 9.0, 'Spliters': 6.0, 'Counters': 11.0}, {'Spout_wait': 10.0, 'Spliters': 4.0, 'Counters': 16.0}, {'Spout_wait': 3.0, 'Spliters': 6.0, 'Counters': 17.0}, {'Spout_wait': 9.0, 'Spliters': 3.0, 'Counters': 18.0}, {'Spout_wait': 2.0, 'Spliters': 4.0, 'Counters': 15.0}, {'Spout_wait': 8.0, 'Spliters': 4.0, 'Counters': 13.0}, {'Spout_wait': 4.0, 'Spliters': 5.0, 'Counters': 14.0}, {'Spout_wait': 10.0, 'Spliters': 4.0, 'Counters': 15.0}, {'Spout_wait': 9.0, 'Spliters': 6.0, 'Counters': 17.0}, {'Spout_wait': 3.0, 'Spliters': 5.0, 'Counters': 17.0}, {'Spout_wait': 5.0, 'Spliters': 5.0, 'Counters': 15.0}, {'Spout_wait': 10.0, 'Spliters': 2.0, 'Counters': 12.0}, {'Spout_wait': 10.0, 'Spliters': 3.0, 'Counters': 16.0}, {'Spout_wait': 9.0, 'Spliters': 5.0, 'Counters': 18.0}, {'Spout_wait': 100.0, 'Spliters': 2.0, 'Counters': 12.0}, {'Spout_wait': 100.0, 'Spliters': 6.0, 'Counters': 10.0}, {'Spout_wait': 9.0, 'Spliters': 6.0, 'Counters': 12.0}, {'Spout_wait': 5.0, 'Spliters': 6.0, 'Counters': 13.0}, {'Spout_wait': 4.0, 'Spliters': 6.0, 'Counters': 10.0}, {'Spout_wait': 3.0, 'Spliters': 3.0, 'Counters': 18.0}
0.09877264668340935, 0.07739417901803258, 0.031565920769186406, 0.05981031067793674, 0.0925167690679376, 0.10556090118423667, 0.1067112296090571, 0.030368608200511682, 0.008586239120553896, 0.07451111866140236, 0.06522933540472042, 0.17915464345086873, 0.08563426221181725, 0.09199815275663703, 0.1586512005227313, 0.1030066304811641, 0.06901207886297123, 0.096910783067086, 0.11161224463988029, 0.10244888762132565
0.5830352306365967, 0.5000348091125488, 0.6482229232788086, 0.30920886993408203, 1.1767442226409912, 0.2332017421722412, 0.925459623336792, 0.48955512046813965, 0.8391757011413574, 0.6669328212738037, 1.356384515762329, 0.8470733165740967, 0.4062225818634033, 0.7327778339385986, 0.567617654800415, 0.5788590908050537, 0.40313005447387695, 0.7886478900909424, 1.8250670433044434, 0.5295760631561279