{'Spout_wait': 4.0, 'Spliters': 6.0, 'Counters': 11.0}, {'Spout_wait': 1.0, 'Spliters': 3.0, 'Counters': 10.0}, {'Spout_wait': 3.0, 'Spliters': 6.0, 'Counters': 17.0}, {'Spout_wait': 3.0, 'Spliters': 5.0, 'Counters': 15.0}, {'Spout_wait': 4.0, 'Spliters': 3.0, 'Counters': 2.0}, {'Spout_wait': 4.0, 'Spliters': 5.0, 'Counters': 4.0}, {'Spout_wait': 4.0, 'Spliters': 5.0, 'Counters': 14.0}, {'Spout_wait': 3.0, 'Spliters': 6.0, 'Counters': 14.0}, {'Spout_wait': 1.0, 'Spliters': 4.0, 'Counters': 4.0}, {'Spout_wait': 6.0, 'Spliters': 5.0, 'Counters': 6.0}, {'Spout_wait': 5.0, 'Spliters': 5.0, 'Counters': 15.0}, {'Spout_wait': 7.0, 'Spliters': 4.0, 'Counters': 1.0}, {'Spout_wait': 6.0, 'Spliters': 4.0, 'Counters': 2.0}, {'Spout_wait': 4.0, 'Spliters': 2.0, 'Counters': 10.0}, {'Spout_wait': 1.0, 'Spliters': 2.0, 'Counters': 15.0}, {'Spout_wait': 9.0, 'Spliters': 2.0, 'Counters': 9.0}, {'Spout_wait': 5.0, 'Spliters': 4.0, 'Counters': 18.0}, {'Spout_wait': 6.0, 'Spliters': 3.0, 'Counters': 1.0}, {'Spout_wait': 4.0, 'Spliters': 6.0, 'Counters': 10.0}, {'Spout_wait': 6.0, 'Spliters': 6.0, 'Counters': 10.0}
0.09670876531061767, 0.11782921496590071, 0.09407341621182164, 0.07209710043164075, 0.11132036960296687, 0.1988601706154105, 0.08455275560700559, 0.09754741702328729, 0.1669553779185604, 0.09593056136113376, 0.07209759133689941, 0.1782923211059836, 0.06473198371359523, 0.16268666996845638, 0.204010595665866, 0.3483080097482403, 0.08604950129794131, 0.04227664546194576, 0.07305530287202056, 0.06527079973415661
0.6093013286590576, 0.9494199752807617, 0.4299497604370117, 0.4923551082611084, 0.5861589908599854, 0.20789217948913574, 1.5064265727996826, 1.6131024360656738, 1.458021879196167, 0.7188239097595215, 1.1329069137573242, 0.8947420120239258, 1.0064079761505127, 1.080726146697998, 0.9830019474029541, 1.5033328533172607, 1.8319125175476074, 1.2367613315582275, 1.3378512859344482, 1.1426892280578613