{'Spout_wait': 5.0, 'Spliters': 5.0, 'Counters': 4.0}, {'Spout_wait': 2.0, 'Spliters': 4.0, 'Counters': 10.0}, {'Spout_wait': 6.0, 'Spliters': 3.0, 'Counters': 2.0}, {'Spout_wait': 2.0, 'Spliters': 5.0, 'Counters': 14.0}, {'Spout_wait': 6.0, 'Spliters': 3.0, 'Counters': 1.0}, {'Spout_wait': 5.0, 'Spliters': 5.0, 'Counters': 1.0}, {'Spout_wait': 4.0, 'Spliters': 5.0, 'Counters': 10.0}, {'Spout_wait': 5.0, 'Spliters': 6.0, 'Counters': 14.0}, {'Spout_wait': 5.0, 'Spliters': 5.0, 'Counters': 10.0}, {'Spout_wait': 5.0, 'Spliters': 6.0, 'Counters': 1.0}, {'Spout_wait': 5.0, 'Spliters': 5.0, 'Counters': 1.0}, {'Spout_wait': 5.0, 'Spliters': 5.0, 'Counters': 1.0}, {'Spout_wait': 3.0, 'Spliters': 4.0, 'Counters': 15.0}, {'Spout_wait': 4.0, 'Spliters': 3.0, 'Counters': 18.0}, {'Spout_wait': 6.0, 'Spliters': 3.0, 'Counters': 1.0}, {'Spout_wait': 5.0, 'Spliters': 5.0, 'Counters': 1.0}, {'Spout_wait': 4.0, 'Spliters': 6.0, 'Counters': 1.0}, {'Spout_wait': 6.0, 'Spliters': 3.0, 'Counters': 1.0}, {'Spout_wait': 5.0, 'Spliters': 5.0, 'Counters': 10.0}, {'Spout_wait': 4.0, 'Spliters': 5.0, 'Counters': 15.0}
0.054612027473105784, 0.054792021290341, 0.05413328559005237, 0.04724666887988782, 0.04227664546194576, 4.1023799471462397e-05, 0.04928309323600877, 0.05053990568724742, 0.04293529150197439, 0.06970230856181392, 4.1023799471462397e-05, 4.1023799471462397e-05, 0.050780020257953695, 0.06820537694265139, 0.04227664546194576, 4.1023799471462397e-05, 0.06341415770644487, 0.04227664546194576, 0.04293529150197439, 0.05317513139432972
1.5672290325164795, 1.636936902999878, 1.213637113571167, 1.5502285957336426, 1.3833081722259521, 1.194598913192749, 1.6188621520996094, 3.4468369483947754, 2.8488659858703613, 1.473313331604004, 2.5740747451782227, 1.2144527435302734, 2.2272884845733643, 1.6537973880767822, 2.931741952896118, 3.4959120750427246, 1.413588523864746, 0.4382965564727783, 1.3579800128936768, 1.84067702293396