{'Spout_wait': 4.0, 'Spliters': 6.0, 'Counters': 11.0}, {'Spout_wait': 5.0, 'Spliters': 3.0, 'Counters': 15.0}, {'Spout_wait': 2.0, 'Spliters': 3.0, 'Counters': 1.0}, {'Spout_wait': 4.0, 'Spliters': 5.0, 'Counters': 10.0}, {'Spout_wait': 4.0, 'Spliters': 3.0, 'Counters': 2.0}, {'Spout_wait': 5.0, 'Spliters': 5.0, 'Counters': 7.0}, {'Spout_wait': 2.0, 'Spliters': 6.0, 'Counters': 15.0}, {'Spout_wait': 3.0, 'Spliters': 6.0, 'Counters': 14.0}, {'Spout_wait': 6.0, 'Spliters': 5.0, 'Counters': 7.0}, {'Spout_wait': 6.0, 'Spliters': 5.0, 'Counters': 6.0}, {'Spout_wait': 5.0, 'Spliters': 5.0, 'Counters': 15.0}, {'Spout_wait': 2.0, 'Spliters': 5.0, 'Counters': 6.0}, {'Spout_wait': 6.0, 'Spliters': 4.0, 'Counters': 2.0}, {'Spout_wait': 4.0, 'Spliters': 2.0, 'Counters': 10.0}, {'Spout_wait': 1.0, 'Spliters': 3.0, 'Counters': 5.0}, {'Spout_wait': 7.0, 'Spliters': 5.0, 'Counters': 14.0}, {'Spout_wait': 5.0, 'Spliters': 4.0, 'Counters': 18.0}, {'Spout_wait': 6.0, 'Spliters': 3.0, 'Counters': 1.0}, {'Spout_wait': 4.0, 'Spliters': 6.0, 'Counters': 10.0}, {'Spout_wait': 6.0, 'Spliters': 6.0, 'Counters': 10.0}
0.09670876531061767, 0.09652886898030433, 0.07964273981014114, 0.04928309323600877, 0.11132036960296687, 0.08539094303473094, 0.07335444121653811, 0.09754741702328729, 0.1408228797262545, 0.09593056136113376, 0.07209759133689941, 0.11909856211622682, 0.06473198371359523, 0.16268666996845638, 0.16764391353657238, 0.2609724665214267, 0.08604950129794131, 0.04227664546194576, 0.07305530287202056, 0.06527079973415661
1.3044917583465576, 2.7032439708709717, 2.1528537273406982, 1.6228978633880615, 1.2525255680084229, 2.509256601333618, 2.672900915145874, 1.5501148700714111, 3.8296492099761963, 1.7401502132415771, 3.270242691040039, 2.5158581733703613, 3.9496665000915527, 1.5962910652160645, 2.580900192260742, 5.423739671707153, 2.417814016342163, 2.0340843200683594, 3.1122286319732666, 2.576317548751831