{'Max_spout': 10000.0, 'Spliters': 2.0, 'Counters': 15.0}, {'Max_spout': 10000.0, 'Spliters': 2.0, 'Counters': 15.0}, {'Max_spout': 10000.0, 'Spliters': 2.0, 'Counters': 15.0}, {'Max_spout': 10000.0, 'Spliters': 2.0, 'Counters': 15.0}, {'Max_spout': 10000.0, 'Spliters': 2.0, 'Counters': 15.0}, {'Max_spout': 10000.0, 'Spliters': 2.0, 'Counters': 15.0}, {'Max_spout': 100000.0, 'Spliters': 2.0, 'Counters': 15.0}, {'Max_spout': 1000000.0, 'Spliters': 2.0, 'Counters': 18.0}, {'Max_spout': 100000.0, 'Spliters': 2.0, 'Counters': 17.0}, {'Max_spout': 100000.0, 'Spliters': 2.0, 'Counters': 17.0}, {'Max_spout': 10000.0, 'Spliters': 2.0, 'Counters': 15.0}, {'Max_spout': 10000.0, 'Spliters': 2.0, 'Counters': 15.0}, {'Max_spout': 10000.0, 'Spliters': 2.0, 'Counters': 18.0}, {'Max_spout': 10000.0, 'Spliters': 2.0, 'Counters': 15.0}, {'Max_spout': 10000.0, 'Spliters': 2.0, 'Counters': 15.0}, {'Max_spout': 10000.0, 'Spliters': 2.0, 'Counters': 15.0}, {'Max_spout': 100000.0, 'Spliters': 2.0, 'Counters': 17.0}, {'Max_spout': 10000.0, 'Spliters': 2.0, 'Counters': 15.0}, {'Max_spout': 100000.0, 'Spliters': 2.0, 'Counters': 17.0}, {'Max_spout': 10000.0, 'Spliters': 2.0, 'Counters': 15.0}
0.12284324324612461, 0.12284324324612461, 0.12284324324612461, 0.12284324324612461, 0.12284324324612461, 0.12284324324612461, 0.132539345926719, 0.13380251720146819, 0.12371969767889157, 0.12371969767889157, 0.12284324324612461, 0.12284324324612461, 0.13646979561984285, 0.12284324324612461, 0.12284324324612461, 0.12284324324612461, 0.12371969767889157, 0.12284324324612461, 0.12371969767889157, 0.12284324324612461
2.5098752975463867, 1.772369146347046, 2.4500131607055664, 1.6635620594024658, 1.9429028034210205, 2.1184821128845215, 2.980321168899536, 2.923468828201294, 2.3544840812683105, 2.81477427482605, 1.8379759788513184, 2.4106688499450684, 2.7706069946289062, 1.0285804271697998, 1.3496391773223877, 1.8610985279083252, 2.375140428543091, 2.7944493293762207, 2.6459436416625977, 2.942396879196167