{'Max_spout': 10000.0, 'Spliters': 2.0, 'Counters': 12.0}, {'Max_spout': 10000.0, 'Spliters': 2.0, 'Counters': 12.0}, {'Max_spout': 1000.0, 'Spliters': 2.0, 'Counters': 12.0}, {'Max_spout': 1000.0, 'Spliters': 2.0, 'Counters': 12.0}, {'Max_spout': 1000.0, 'Spliters': 2.0, 'Counters': 12.0}, {'Max_spout': 1000.0, 'Spliters': 2.0, 'Counters': 15.0}, {'Max_spout': 10000.0, 'Spliters': 2.0, 'Counters': 12.0}, {'Max_spout': 1000.0, 'Spliters': 2.0, 'Counters': 15.0}, {'Max_spout': 1000.0, 'Spliters': 2.0, 'Counters': 15.0}, {'Max_spout': 1000.0, 'Spliters': 2.0, 'Counters': 9.0}, {'Max_spout': 100000.0, 'Spliters': 2.0, 'Counters': 18.0}, {'Max_spout': 1000.0, 'Spliters': 2.0, 'Counters': 15.0}, {'Max_spout': 1000.0, 'Spliters': 2.0, 'Counters': 15.0}, {'Max_spout': 1000.0, 'Spliters': 2.0, 'Counters': 12.0}, {'Max_spout': 10000.0, 'Spliters': 2.0, 'Counters': 12.0}, {'Max_spout': 1000.0, 'Spliters': 2.0, 'Counters': 18.0}, {'Max_spout': 1000.0, 'Spliters': 2.0, 'Counters': 12.0}, {'Max_spout': 1000.0, 'Spliters': 2.0, 'Counters': 9.0}, {'Max_spout': 1000.0, 'Spliters': 2.0, 'Counters': 12.0}, {'Max_spout': 10000.0, 'Spliters': 2.0, 'Counters': 15.0}
0.3777081854880393, 0.3777081854880393, 0.353038171607748, 0.353038171607748, 0.353038171607748, 0.33404364197772773, 0.3777081854880393, 0.33404364197772773, 0.33404364197772773, 0.40781820730939655, 0.42885023240274767, 0.33404364197772773, 0.33404364197772773, 0.353038171607748, 0.3777081854880393, 0.3513569799560069, 0.353038171607748, 0.40781820730939655, 0.353038171607748, 0.42572488935337316
2.4830968379974365, 1.5099148750305176, 0.7800099849700928, 0.763232946395874, 2.029261589050293, 1.8008666038513184, 1.0299017429351807, 1.0446100234985352, 1.166001796722412, 1.8582258224487305, 1.268200159072876, 1.987992286682129, 1.3252487182617188, 0.8258886337280273, 1.6478376388549805, 1.225090503692627, 0.6856279373168945, 0.7670361995697021, 1.6064984798431396, 1.4862124919891357