{'Max_spout': 1000.0, 'Spliters': 2.0, 'Counters': 3.0}, {'Max_spout': 1000000.0, 'Spliters': 6.0, 'Counters': 12.0}, {'Max_spout': 1000.0, 'Spliters': 2.0, 'Counters': 12.0}, {'Max_spout': 1000.0, 'Spliters': 2.0, 'Counters': 12.0}, {'Max_spout': 1000.0, 'Spliters': 1.0, 'Counters': 6.0}, {'Max_spout': 1000000.0, 'Spliters': 6.0, 'Counters': 12.0}, {'Max_spout': 10000.0, 'Spliters': 2.0, 'Counters': 9.0}, {'Max_spout': 1000000.0, 'Spliters': 6.0, 'Counters': 15.0}, {'Max_spout': 10000.0, 'Spliters': 2.0, 'Counters': 9.0}, {'Max_spout': 100000.0, 'Spliters': 6.0, 'Counters': 18.0}, {'Max_spout': 10000.0, 'Spliters': 6.0, 'Counters': 18.0}, {'Max_spout': 100000.0, 'Spliters': 6.0, 'Counters': 12.0}, {'Max_spout': 1000.0, 'Spliters': 2.0, 'Counters': 6.0}, {'Max_spout': 10000.0, 'Spliters': 2.0, 'Counters': 9.0}, {'Max_spout': 10000.0, 'Spliters': 2.0, 'Counters': 9.0}, {'Max_spout': 1000.0, 'Spliters': 2.0, 'Counters': 18.0}, {'Max_spout': 10000.0, 'Spliters': 2.0, 'Counters': 12.0}, {'Max_spout': 10000.0, 'Spliters': 6.0, 'Counters': 15.0}, {'Max_spout': 1000000.0, 'Spliters': 6.0, 'Counters': 15.0}, {'Max_spout': 10000.0, 'Spliters': 2.0, 'Counters': 6.0}
0.49280699652739335, 0.4426252477282385, 0.353038171607748, 0.353038171607748, 0.49240578970723936, 0.4426252477282385, 0.391479583096187, 0.45382663094968345, 0.391479583096187, 0.430935374360889, 0.45021922311446794, 0.4526470286993124, 0.41431724775011136, 0.391479583096187, 0.391479583096187, 0.3513569799560069, 0.3777081854880393, 0.45815727634111725, 0.45382663094968345, 0.42781165897207585
0.9622631072998047, 1.8138787746429443, 1.7099943161010742, 0.5297060012817383, 1.012488842010498, 0.7617337703704834, 0.6870296001434326, 1.0108275413513184, 0.27944517135620117, 1.722297191619873, 1.3195314407348633, 1.2155232429504395, 0.7392258644104004, 0.9920952320098877, 0.6607117652893066, 1.3550121784210205, 0.5991265773773193, 0.48572826385498047, 1.243110179901123, 1.2086429595947266