{'Width': 4.0, 'Complexity': 1.0, 'Fifo': 3.0, 'Multiplier': 1.0}, {'Width': 5.0, 'Complexity': 0.0, 'Fifo': 2.0, 'Multiplier': 1.0}, {'Width': 3.0, 'Complexity': 0.0, 'Fifo': 3.0, 'Multiplier': 1.0}, {'Width': 4.0, 'Complexity': 0.0, 'Fifo': 4.0, 'Multiplier': 1.0}, {'Width': 5.0, 'Complexity': 0.0, 'Fifo': 2.0, 'Multiplier': 1.0}, {'Width': 4.0, 'Complexity': 0.0, 'Fifo': 3.0, 'Multiplier': 2.0}, {'Width': 3.0, 'Complexity': 1.0, 'Fifo': 1.0, 'Multiplier': 1.0}, {'Width': 3.0, 'Complexity': 1.0, 'Fifo': 3.0, 'Multiplier': 2.0}, {'Width': 3.0, 'Complexity': 1.0, 'Fifo': 1.0, 'Multiplier': 1.0}, {'Width': 3.0, 'Complexity': 0.0, 'Fifo': 4.0, 'Multiplier': 10.0}, {'Width': 3.0, 'Complexity': 0.0, 'Fifo': 2.0, 'Multiplier': 1.0}, {'Width': 3.0, 'Complexity': 1.0, 'Fifo': 3.0, 'Multiplier': 1.0}, {'Width': 4.0, 'Complexity': 1.0, 'Fifo': 3.0, 'Multiplier': 2.0}, {'Width': 4.0, 'Complexity': 1.0, 'Fifo': 1.0, 'Multiplier': 1.0}, {'Width': 6.0, 'Complexity': 1.0, 'Fifo': 4.0, 'Multiplier': 1.0}, {'Width': 7.0, 'Complexity': 0.0, 'Fifo': 2.0, 'Multiplier': 2.0}, {'Width': 3.0, 'Complexity': 1.0, 'Fifo': 4.0, 'Multiplier': 2.0}, {'Width': 5.0, 'Complexity': 0.0, 'Fifo': 2.0, 'Multiplier': 2.0}, {'Width': 4.0, 'Complexity': 0.0, 'Fifo': 1.0, 'Multiplier': 2.0}, {'Width': 5.0, 'Complexity': 1.0, 'Fifo': 1.0, 'Multiplier': 1.0}
0.3877806214317866, 0.4613695020025905, 0.22587868316250503, 0.377903417660034, 0.4613695020025905, 0.5408570998371044, 0.31315494505176633, 0.45467580971289023, 0.31315494505176633, 0.6976052735068939, 0.22587868316250503, 0.3139305450653319, 0.5520334348262175, 0.3796361104778351, 0.4847424486775527, 0.6202339879203385, 0.45467580971289023, 0.5845933317204779, 0.5408491849332049, 0.44576155393974004
1.0889875888824463, 0.7008230686187744, 0.40381455421447754, 2.212423086166382, 0.8758456707000732, 2.2768642902374268, 2.015909433364868, 0.9244422912597656, 0.9506714344024658, 1.4815831184387207, 0.7939074039459229, 0.46340084075927734, 0.7525568008422852, 1.7834842205047607, 1.1498847007751465, 0.8055868148803711, 0.7478883266448975, 1.4342930316925049, 1.0796737670898438, 0.3604297637939453