{'Max_spout': 1.0, 'Spliters': 1.0, 'Counters': 6.0}, {'Max_spout': 1.0, 'Spliters': 6.0, 'Counters': 1.0}, {'Max_spout': 1.0, 'Spliters': 1.0, 'Counters': 15.0}, {'Max_spout': 1.0, 'Spliters': 1.0, 'Counters': 3.0}, {'Max_spout': 1.0, 'Spliters': 1.0, 'Counters': 18.0}, {'Max_spout': 1.0, 'Spliters': 2.0, 'Counters': 15.0}, {'Max_spout': 1.0, 'Spliters': 1.0, 'Counters': 15.0}, {'Max_spout': 1.0, 'Spliters': 2.0, 'Counters': 15.0}, {'Max_spout': 1.0, 'Spliters': 6.0, 'Counters': 3.0}, {'Max_spout': 1.0, 'Spliters': 1.0, 'Counters': 9.0}, {'Max_spout': 1.0, 'Spliters': 1.0, 'Counters': 12.0}, {'Max_spout': 1.0, 'Spliters': 1.0, 'Counters': 12.0}, {'Max_spout': 1.0, 'Spliters': 1.0, 'Counters': 15.0}, {'Max_spout': 10.0, 'Spliters': 3.0, 'Counters': 18.0}, {'Max_spout': 1.0, 'Spliters': 1.0, 'Counters': 1.0}, {'Max_spout': 1.0, 'Spliters': 1.0, 'Counters': 12.0}, {'Max_spout': 1.0, 'Spliters': 1.0, 'Counters': 1.0}, {'Max_spout': 1000.0, 'Spliters': 6.0, 'Counters': 1.0}, {'Max_spout': 1.0, 'Spliters': 2.0, 'Counters': 18.0}, {'Max_spout': 1.0, 'Spliters': 2.0, 'Counters': 6.0}
0.0032401294043417073, 0.014498574912093054, 0.0, 0.0019296845057882317, 0.001956462434749673, 0.003507908693956674, 0.0, 0.003507908693956674, 0.01451196387657383, 0.0012736252462314246, 0.0008150532127657595, 0.0008150532127657595, 0.0, 0.2037582823297468, 0.0023531105074919845, 0.0008150532127657595, 0.0023531105074919845, 0.08616802815699232, 0.00412714830119143, 0.002341395163571347
1.964771032333374, 1.5337300300598145, 1.9942021369934082, 3.4239699840545654, 1.4686510562896729, 1.4547975063323975, 1.9106483459472656, 1.4396164417266846, 0.9182913303375244, 2.270770311355591, 0.44138073921203613, 1.5359594821929932, 1.7564635276794434, 1.1111748218536377, 2.3537447452545166, 1.267484426498413, 2.2931039333343506, 0.3903529644012451, 0.8922877311706543, 0.2197275161743164