{'Max_spout': 1.0, 'Spliters': 1.0, 'Counters': 12.0}, {'Max_spout': 1.0, 'Spliters': 1.0, 'Counters': 12.0}, {'Max_spout': 1.0, 'Spliters': 1.0, 'Counters': 12.0}, {'Max_spout': 1.0, 'Spliters': 1.0, 'Counters': 6.0}, {'Max_spout': 1.0, 'Spliters': 1.0, 'Counters': 18.0}, {'Max_spout': 1.0, 'Spliters': 1.0, 'Counters': 18.0}, {'Max_spout': 1.0, 'Spliters': 1.0, 'Counters': 18.0}, {'Max_spout': 1.0, 'Spliters': 1.0, 'Counters': 18.0}, {'Max_spout': 1.0, 'Spliters': 1.0, 'Counters': 12.0}, {'Max_spout': 1.0, 'Spliters': 1.0, 'Counters': 18.0}, {'Max_spout': 1.0, 'Spliters': 1.0, 'Counters': 12.0}, {'Max_spout': 1.0, 'Spliters': 1.0, 'Counters': 18.0}, {'Max_spout': 1.0, 'Spliters': 1.0, 'Counters': 18.0}, {'Max_spout': 1.0, 'Spliters': 2.0, 'Counters': 1.0}, {'Max_spout': 1.0, 'Spliters': 1.0, 'Counters': 1.0}, {'Max_spout': 1.0, 'Spliters': 1.0, 'Counters': 12.0}, {'Max_spout': 1.0, 'Spliters': 1.0, 'Counters': 12.0}, {'Max_spout': 1.0, 'Spliters': 1.0, 'Counters': 3.0}, {'Max_spout': 1.0, 'Spliters': 1.0, 'Counters': 18.0}, {'Max_spout': 1.0, 'Spliters': 1.0, 'Counters': 18.0}
0.0008018260942662669, 0.0008018260942662669, 0.0008018260942662669, 0.0020255808389428864, 0.0, 0.0, 0.0, 0.0, 0.0008018260942662669, 0.0, 0.0008018260942662669, 0.0, 0.0, 0.005342812986996237, 0.004705878549212117, 0.0008018260942662669, 0.0008018260942662669, 0.003166889755378377, 0.0, 0.0
3.9525420665740967, 2.1804044246673584, 2.869556427001953, 1.935148000717163, 2.362950325012207, 2.2732532024383545, 2.550570249557495, 1.6813981533050537, 2.732959747314453, 0.9774489402770996, 1.7482573986053467, 2.2975568771362305, 1.5483922958374023, 2.4405102729797363, 1.222825527191162, 1.4852123260498047, 2.2274177074432373, 2.332888126373291, 0.6476173400878906, 1.5118739604949951