{
  "stats": {
    "submitted": 18,
    "finished": 18,
    "running": 0
  },
  "data": [
    [
      1,
      null,
      953453411,
      null,
      0.49299596720000083,
      0.0018663406372070312,
      1,
      1763449706.232391,
      1763449706.2364378,
      {}
    ],
    [
      2,
      null,
      953453411,
      null,
      0.464362392092313,
      0.0012078285217285156,
      1,
      1763449707.5042524,
      1763449707.507705,
      {}
    ],
    [
      3,
      null,
      953453411,
      null,
      0.5225619562868613,
      0.0007188320159912109,
      1,
      1763449707.5140765,
      1763449707.5167468,
      {}
    ],
    [
      4,
      null,
      953453411,
      null,
      0.5166215644796682,
      0.0006196498870849609,
      1,
      1763449707.5221224,
      1763449707.5244956,
      {}
    ],
    [
      5,
      null,
      953453411,
      null,
      0.5731856836121783,
      0.0008199214935302734,
      1,
      1763449707.530445,
      1763449707.533483,
      {}
    ],
    [
      6,
      null,
      953453411,
      null,
      0.4926561255290707,
      0.0011074542999267578,
      1,
      1763449707.5405638,
      1763449707.5437517,
      {}
    ],
    [
      7,
      null,
      953453411,
      null,
      0.566747574709973,
      0.0012710094451904297,
      1,
      1763449707.551779,
      1763449707.5558803,
      {}
    ],
    [
      8,
      null,
      953453411,
      null,
      0.4976694276855951,
      0.0009398460388183594,
      1,
      1763449707.5669556,
      1763449707.57001,
      {}
    ],
    [
      9,
      null,
      953453411,
      null,
      0.49299596720000083,
      0.0006070137023925781,
      1,
      1763449707.5825462,
      1763449707.5869772,
      {}
    ],
    [
      10,
      null,
      953453411,
      null,
      0.5217998090033493,
      0.001394510269165039,
      1,
      1763449709.3204305,
      1763449709.325449,
      {}
    ],
    [
      11,
      null,
      953453411,
      null,
      0.5581184827237646,
      0.0010683536529541016,
      1,
      1763449709.3422062,
      1763449709.346726,
      {}
    ],
    [
      12,
      null,
      953453411,
      null,
      0.5581184827237646,
      0.0005590915679931641,
      1,
      1763449709.3638916,
      1763449709.3680215,
      {}
    ],
    [
      13,
      null,
      953453411,
      null,
      0.464362392092313,
      0.0005533695220947266,
      1,
      1763449709.3845701,
      1763449709.3886127,
      {}
    ],
    [
      14,
      null,
      953453411,
      null,
      0.5574444810331914,
      0.0012125968933105469,
      1,
      1763449709.4064112,
      1763449709.4110904,
      {}
    ],
    [
      15,
      null,
      953453411,
      null,
      0.5589074249546007,
      0.0009846687316894531,
      1,
      1763449709.4302008,
      1763449709.4346132,
      {}
    ],
    [
      16,
      null,
      953453411,
      null,
      0.464362392092313,
      0.0006303787231445312,
      1,
      1763449709.453078,
      1763449709.4573154,
      {}
    ],
    [
      17,
      null,
      953453411,
      null,
      0.464362392092313,
      0.0005681514739990234,
      1,
      1763449709.479781,
      1763449709.4842293,
      {}
    ],
    [
      18,
      null,
      953453411,
      null,
      0.464362392092313,
      0.0004563331604003906,
      1,
      1763449711.5193148,
      1763449711.5217435,
      {}
    ]
  ],
  "configs": {
    "1": {
      "acap": "n",
      "apex": "vh",
      "cplx": "h",
      "data": "l",
      "docu": "n",
      "flex": "h",
      "ltex": "n",
      "pcap": "vh",
      "pcon": "n",
      "plex": "vl",
      "pmat": "l",
      "prec": "        h",
      "pvol": "h",
      "rely": "n",
      "resl": "h",
      "ruse": "n",
      "sced": "n",
      "site": "n",
      "stor": "vh",
      "team": "vh",
      "time": "h",
      "tool": "h"
    },
    "2": {
      "acap": "vh",
      "apex": "l",
      "cplx": "xh",
      "data": "n",
      "docu": "n",
      "flex": "h",
      "ltex": "n",
      "pcap": "n",
      "pcon": "n",
      "plex": "h",
      "pmat": "h",
      "prec": "h",
      "pvol": "l",
      "rely": "n",
      "resl": "h",
      "ruse": "n",
      "sced": "n",
      "site": "n",
      "stor": "xh",
      "team": "vh",
      "time": "n",
      "tool": "h"
    },
    "3": {
      "acap": "h",
      "apex": "n",
      "cplx": "h",
      "data": "n",
      "docu": "n",
      "flex": "h",
      "ltex": "vl",
      "pcap": "n",
      "pcon": "n",
      "plex": "vl",
      "pmat": "h",
      "prec": "h",
      "pvol": "l",
      "rely": "n",
      "resl": "h",
      "ruse": "n",
      "sced": "n",
      "site": "n",
      "stor": "vh",
      "team": "vh",
      "time": "h",
      "tool": "n"
    },
    "4": {
      "acap": "n",
      "apex": "l",
      "cplx": "n",
      "data": "l",
      "docu": "n",
      "flex": "h",
      "ltex": "n",
      "pcap": "vh",
      "pcon": "n",
      "plex": "vl",
      "pmat": "l",
      "prec": "        h",
      "pvol": "h",
      "rely": "l",
      "resl": "h",
      "ruse": "n",
      "sced": "n",
      "site": "n",
      "stor": "xh",
      "team": "vh",
      "time": "n",
      "tool": "n"
    },
    "5": {
      "acap": "n",
      "apex": "l",
      "cplx": "xh",
      "data": "l",
      "docu": "n",
      "flex": "h",
      "ltex": "n",
      "pcap": "n",
      "pcon": "n",
      "plex": "n",
      "pmat": "n",
      "prec": "h",
      "pvol": "l",
      "rely": "n",
      "resl": "h",
      "ruse": "n",
      "sced": "l",
      "site": "n",
      "stor": "h",
      "team": "vh",
      "time": "n",
      "tool": "h"
    },
    "6": {
      "acap": "n",
      "apex": "n",
      "cplx": "n",
      "data": "h",
      "docu": "n",
      "flex": "h",
      "ltex": "l",
      "pcap": "h",
      "pcon": "n",
      "plex": "vl",
      "pmat": "l",
      "prec": "h",
      "pvol": "n",
      "rely": "vh",
      "resl": "h",
      "ruse": "n",
      "sced": "n",
      "site": "n",
      "stor": "xh",
      "team": "vh",
      "time": "n",
      "tool": "n"
    },
    "7": {
      "acap": "h",
      "apex": "h",
      "cplx": "h",
      "data": "h",
      "docu": "n",
      "flex": "h",
      "ltex": "n",
      "pcap": "h",
      "pcon": "n",
      "plex": "n",
      "pmat": "n",
      "prec": "h",
      "pvol": "h",
      "rely": "l",
      "resl": "h",
      "ruse": "n",
      "sced": "l",
      "site": "n",
      "stor": "n",
      "team": "vh",
      "time": "xh",
      "tool": "n"
    },
    "8": {
      "acap": "vh",
      "apex": "vh",
      "cplx": "h",
      "data": "l",
      "docu": "n",
      "flex": "h",
      "ltex": "n",
      "pcap": "h",
      "pcon": "n",
      "plex": "h",
      "pmat": "n",
      "prec": "        h",
      "pvol": "h",
      "rely": "vh",
      "resl": "h",
      "ruse": "n",
      "sced": "l",
      "site": "n",
      "stor": "n",
      "team": "vh",
      "time": "vh",
      "tool": "n"
    },
    "9": {
      "acap": "h",
      "apex": "vh",
      "cplx": "l",
      "data": "n",
      "docu": "n",
      "flex": "h",
      "ltex": "n",
      "pcap": "vh",
      "pcon": "n",
      "plex": "l",
      "pmat": "n",
      "prec": "h",
      "pvol": "l",
      "rely": "n",
      "resl": "h",
      "ruse": "n",
      "sced": "l",
      "site": "n",
      "stor": "xh",
      "team": "vh",
      "time": "n",
      "tool": "n"
    },
    "10": {
      "acap": "vh",
      "apex": "l",
      "cplx": "xh",
      "data": "h",
      "docu": "n",
      "flex": "h",
      "ltex": "h",
      "pcap": "n",
      "pcon": "n",
      "plex": "l",
      "pmat": "n",
      "prec": "        h",
      "pvol": "h",
      "rely": "n",
      "resl": "h",
      "ruse": "n",
      "sced": "n",
      "site": "n",
      "stor": "n",
      "team": "vh",
      "time": "n",
      "tool": "h"
    },
    "11": {
      "acap": "n",
      "apex": "l",
      "cplx": "l",
      "data": "l",