{
  "stats": {
    "submitted": 18,
    "finished": 18,
    "running": 0
  },
  "data": [
    [
      1,
      null,
      1192722770,
      null,
      0.2397494235468789,
      0.0041730403900146484,
      1,
      1763365719.5457957,
      1763365719.552092,
      {}
    ],
    [
      2,
      null,
      1192722770,
      null,
      0.19854951252647812,
      0.004300832748413086,
      1,
      1763365722.4155028,
      1763365722.4215207,
      {}
    ],
    [
      3,
      null,
      1192722770,
      null,
      0.2078884253316301,
      0.0014865398406982422,
      1,
      1763365722.4287488,
      1763365722.4317803,
      {}
    ],
    [
      4,
      null,
      1192722770,
      null,
      0.26180919550738835,
      0.001356363296508789,
      1,
      1763365722.4385967,
      1763365722.441604,
      {}
    ],
    [
      5,
      null,
      1192722770,
      null,
      0.28599642157153515,
      0.0012218952178955078,
      1,
      1763365722.4486942,
      1763365722.4514313,
      {}
    ],
    [
      6,
      null,
      1192722770,
      null,
      0.32937393154780037,
      0.0014340877532958984,
      1,
      1763365722.4591947,
      1763365722.4621978,
      {}
    ],
    [
      7,
      null,
      1192722770,
      null,
      0.2034336939550374,
      0.002904176712036133,
      1,
      1763365722.4733276,
      1763365722.4778707,
      {}
    ],
    [
      8,
      null,
      1192722770,
      null,
      0.2397494235468789,
      0.0009298324584960938,
      1,
      1763365722.4870102,
      1763365722.4896984,
      {}
    ],
    [
      9,
      null,
      1192722770,
      null,
      0.31061859407465575,
      0.0013649463653564453,
      1,
      1763365722.5001874,
      1763365722.5032446,
      {}
    ],
    [
      10,
      null,
      1192722770,
      null,
      0.2034336939550374,
      0.0022208690643310547,
      1,
      1763365725.7835004,
      1763365725.787598,
      {}
    ],
    [
      11,
      null,
      1192722770,
      null,
      0.2807918706586604,
      0.0018558502197265625,
      1,
      1763365725.798208,
      1763365725.801758,
      {}
    ],
    [
      12,
      null,
      1192722770,
      null,
      0.16194661495407658,
      0.0024449825286865234,
      1,
      1763365725.8139884,
      1763365725.8182833,
      {}
    ],
    [
      13,
      null,
      1192722770,
      null,
      0.19788284854665583,
      0.001535654067993164,
      1,
      1763365725.8303692,
      1763365725.8336291,
      {}
    ],
    [
      14,
      null,
      1192722770,
      null,
      0.1513182521530737,
      0.0015137195587158203,
      1,
      1763365725.8465245,
      1763365725.8496203,
      {}
    ],
    [
      15,
      null,
      1192722770,
      null,
      0.23431469028687923,
      0.0011951923370361328,
      1,
      1763365725.8642833,
      1763365725.8670378,
      {}
    ],
    [
      16,
      null,
      1192722770,
      null,
      0.06974666616266456,
      0.002262115478515625,
      1,
      1763365725.8808482,
      1763365725.884827,
      {}
    ],
    [
      17,
      null,
      1192722770,
      null,
      0.13717607761239026,
      0.0011141300201416016,
      1,
      1763365725.8987503,
      1763365725.9014468,
      {}
    ],
    [
      18,
      null,
      1192722770,
      null,
      0.2287399890739883,
      0.0043125152587890625,
      1,
      1763365729.3971665,
      1763365729.4033244,
      {}
    ]
  ],
  "configs": {
    "1": {
      " ACAP": 4.125890174880624,
      " AEXP": 4.90401252997294,
      " CPLx": 1.4410105999559164,
      " DOCU": 2.622023321688175,
      " ETAT": 3.508446954481304,
      " FLEx": 2.615376502275467,
      " KLOC": 357.52792310211896,
      " LTEx": 3.427877173906192,
      " PCAP": 3.443708101287484,
      " PCON": 1.1791842207312584,
      " PLEx": 1.9246472818776965,
      " PMAT": 2.0919407308101654,
      " PREC": 3.723472475014627,
      " PVOL": 2.8086539374953134,
      " RELY": 1.362207895626314,
      " RESL": 4.290479229606688,
      " RUSE": 4.506999980689026,
      " SCED": 3.0,
      " SITE": 3.1144072990864515,
      " STOR": 3.6601469721645117,
      " TEAM": 4.900966054638848,
      " TIME": 3.417953579686582,
      " TOOL": 2.0,
      "DATA": 3.874677245641127
    },
    "2": {
      " ACAP": 4.112592960727831,
      " AEXP": 4.961165926494585,
      " CPLx": 2.6629810085801915,
      " DOCU": 3.776498672882772,
      " ETAT": 5.729953836839401,
      " FLEx": 3.565865041773403,
      " KLOC": 88.56097520522029,
      " LTEx": 2.6136054531602606,
      " PCAP": 4.761899842359567,
      " PCON": 4.489678756489736,
      " PLEx": 1.4746457333065046,
      " PMAT": 2.4692757674340298,
      " PREC": 4.44726317799372,
      " PVOL": 2.4609977484616454,
      " RELY": 1.2778826216567427,
      " RESL": 2.41541228801679,
      " RUSE": 2.69783397848099,
      " SCED": 3.0,
      " SITE": 3.0246808623048116,
      " STOR": 3.643415368661146,
      " TEAM": 4.8803526481676975,
      " TIME": 3.34462597755821,
      " TOOL": 2.0,
      "DATA": 4.570460794305443
    },
    "3": {
      " ACAP": 3.360677751487323,
      " AEXP": 4.798050658540685,
      " CPLx": 2.601237414761178,
      " DOCU": 4.407095612344973,
      " ETAT": 3.8100262414277424,
      " FLEx": 4.749533893862249,
      " KLOC": 220.13503781658733,
      " LTEx": 1.7381043746861922,
      " PCAP": 3.8149701286421274,
      " PCON": 4.156359131188079,
      " PLEx": 3.433967642795555,
      " PMAT": 2.104174104531813,
      " PREC": 2.508033254175026,
      " PVOL": 2.934227696068798,
      " RELY": 2.7188169059620977,
      " RESL": 1.7372258934544456,
      " RUSE": 5.094555258462818,
      " SCED": 3.0,
      " SITE": 4.514895950263323,
      " STOR": 3.718875986498548,
      " TEAM": 3.667576312140862,
      " TIME": 3.00235405282145,
      " TOOL": 2.0,
      "DATA": 2.0353070681462233
    },
    "4": {
      " ACAP": 4.233659031548784,
      " AEXP": 2.179770804520207,
      " CPLx": 1.3991897690786081,
      " DOCU": 2.1635618874058746,
      " ETAT": 2.0399496130317796,
      " FLEx": 4.47739037843255,
      " KLOC": 44.821691056761146,
      " LTEx": 2.077018062834368,
      " PCAP": 4.690508300314048,
      " PCON": 1.8893634572791131,
      " PLEx": 3.268229285596123,
      " PMAT": 2.6331793225673685,
      " PREC": 3.1354246973401168,
      " PVOL": 4.662400325408185,
      " RELY": 3.664815810476171,
      " RESL": 2.4346831191768334,
      " RUSE": 5.74677795051276,
      " SCED": 3.0,
      " SITE": 3.7900540808005787,
      " STOR": 3.0080907740231866,
      " TEAM": 1.3405438759082928,
      " TIME": 3.743293435528754,
      " TOOL": 2.0,
      "DATA": 4.679099498158324
    },
    "5": {
      " ACAP": 4.2008258772707965,
      " AEXP": 4.15916979832867,
      " CPLx": 3.37525302251292,
      " DOCU": 3.1426834145625673,
      " ETAT": 2.3465530599471642,
      " FLEx": 1.2281651916538128,
      " KLOC": 299.012050573512,
      " LTEx": 2.553102222847774,
      " PCAP": 4.403101676888607,
      " PCON": 3.650310022927724,
      " PLEx": 2.0804952560661008,
      " PMAT": 2.6498970906164367,
      " PREC": 3.551661723466946,
      " PVOL": 2.0922869536321382,
      " RELY": 1.860167873890969,
      " RESL": 4.051478434614276,
      " RUSE": 5.038519796406243,
      " SCED": 3.0,
      " SITE": 2.88045359248624,
      " STOR": 3.535949922208925,
      " TEAM": 1.6275343417427979,
      " TIME": 3.1819967666675812,
      " TOOL": 2.0,
      "DATA": 2.2092844256185167
    },
    "6": {
      " ACAP": 4.896490643482125,
      " AEXP": 2.5473498365249654,
      " CPLx": 1.890418581318094,
      " DOCU": 1.5484684517054634,
      " ETAT": 3.038661304542182,
      " FLEx": 4.610339543572543,
      " KLOC": 390.1424197726375,
      " LTEx": 1.8280333665995796,
      " PCAP": 3.890877806536942,
      " PCON": 2.6270123156185234,
      " PLEx": 3.7590302552038284,
      " PMAT": 2.5805953901790977,