{"config": {"Criticality": 0.5473187922855147, "Criticality Modifier": 0.0347148879853244, "Culture": 0.0836312886831188, "Dynamism": 0.1708030187888805, "Initial Known": 0.3156702827335458, "Inter-Dependency": 0.3710676072029467, "Plan": 0.7107337365012193, "Size": 0.2373325918432539, "Team Size": 0.3508178310184069}, "score": 0.20260763797266923, "info": {}}