{
  "stats": {
    "submitted": 12,
    "finished": 12,
    "running": 0
  },
  "data": [
    [
      1,
      null,
      327741615,
      null,
      0.5471781989203012,
      0.0020151138305664062,
      1,
      1763363363.723253,
      1763363363.7269511,
      {}
    ],
    [
      2,
      null,
      327741615,
      null,
      0.30442742172544235,
      0.0015282630920410156,
      1,
      1763363363.7376199,
      1763363363.7409532,
      {}
    ],
    [
      3,
      null,
      327741615,
      null,
      0.5105399109157656,
      0.0009765625,
      1,
      1763363364.574433,
      1763363364.576886,
      {}
    ],
    [
      4,
      null,
      327741615,
      null,
      0.3714139602211739,
      0.0006978511810302734,
      1,
      1763363364.581121,
      1763363364.583176,
      {}
    ],
    [
      5,
      null,
      327741615,
      null,
      0.37430407474326244,
      0.0006875991821289062,
      1,
      1763363364.5872517,
      1763363364.5892587,
      {}
    ],
    [
      6,
      null,
      327741615,
      null,
      0.006955442788807553,
      0.0006699562072753906,
      1,
      1763363364.5935357,
      1763363364.5955653,
      {}
    ],
    [
      7,
      null,
      327741615,
      null,
      0.38256332575351126,
      0.0007154941558837891,
      1,
      1763363364.6006143,
      1763363364.6026912,
      {}
    ],
    [
      8,
      null,
      327741615,
      null,
      0.2936207327171355,
      0.0006823539733886719,
      1,
      1763363364.6075022,
      1763363364.6095092,
      {}
    ],
    [
      9,
      null,
      327741615,
      null,
      0.11628194863598651,
      0.0006477832794189453,
      1,
      1763363364.615195,
      1763363364.6171563,
      {}
    ],
    [
      10,
      null,
      327741615,
      null,
      0.5747059560110588,
      0.0009589195251464844,
      1,
      1763363365.3635573,
      1763363365.3660402,
      {}
    ],
    [
      11,
      null,
      327741615,
      null,
      0.48325424777960413,
      0.0005860328674316406,
      1,
      1763363365.371962,
      1763363365.3739347,
      {}
    ],
    [
      12,
      null,
      327741615,
      null,
      0.1003045294555781,
      0.0005013942718505859,
      1,
      1763363365.3797219,
      1763363365.381535,
      {}
    ]
  ],
  "configs": {
    "1": {
      "data_alignFieldPointers": 1,
      "explorationId": 4,
      "no_explorationId": 1,
      "opt_unroll": 2,
      "opt_unroll_interleave": 1,
      "opt_useAddressPrecalc": 0,
      "opt_vectorize": 0,
      "poly_tileSize_x": 16,
      "poly_tileSize_y": 10,
      "poly_tileSize_z": 10,
      "simd_avoidUnaligned": 1
    },
    "2": {
      "data_alignFieldPointers": 0,
      "explorationId": 3,
      "no_explorationId": 0,
      "opt_unroll": 3,
      "opt_unroll_interleave": 1,
      "opt_useAddressPrecalc": 1,
      "opt_vectorize": 1,
      "poly_tileSize_x": 0,
      "poly_tileSize_y": 64,
      "poly_tileSize_z": 128,
      "simd_avoidUnaligned": 1
    },
    "3": {
      "data_alignFieldPointers": 1,
      "explorationId": 4,
      "no_explorationId": 0,
      "opt_unroll": 4,
      "opt_unroll_interleave": 1,
      "opt_useAddressPrecalc": 1,
      "opt_vectorize": 0,
      "poly_tileSize_x": 10,
      "poly_tileSize_y": 0,
      "poly_tileSize_z": 10,
      "simd_avoidUnaligned": 1
    },
    "4": {
      "data_alignFieldPointers": 0,
      "explorationId": 2,
      "no_explorationId": 1,
      "opt_unroll": 2,
      "opt_unroll_interleave": 0,
      "opt_useAddressPrecalc": 0,
      "opt_vectorize": 1,
      "poly_tileSize_x": 20,
      "poly_tileSize_y": 0,
      "poly_tileSize_z": 128,
      "simd_avoidUnaligned": 0
    },
    "5": {
      "data_alignFieldPointers": 1,
      "explorationId": 3,
      "no_explorationId": 1,
      "opt_unroll": 1,
      "opt_unroll_interleave": 1,
      "opt_useAddressPrecalc": 0,
      "opt_vectorize": 1,
      "poly_tileSize_x": 128,
      "poly_tileSize_y": 16,
      "poly_tileSize_z": 32,
      "simd_avoidUnaligned": 0
    },
    "6": {
      "data_alignFieldPointers": 0,
      "explorationId": 0,
      "no_explorationId": 1,
      "opt_unroll": 2,
      "opt_unroll_interleave": 0,
      "opt_useAddressPrecalc": 1,
      "opt_vectorize": 0,
      "poly_tileSize_x": 10,
      "poly_tileSize_y": 8,
      "poly_tileSize_z": 16,
      "simd_avoidUnaligned": 1
    },
    "7": {
      "data_alignFieldPointers": 1,
      "explorationId": 4,
      "no_explorationId": 1,
      "opt_unroll": 4,
      "opt_unroll_interleave": 1,
      "opt_useAddressPrecalc": 1,
      "opt_vectorize": 1,
      "poly_tileSize_x": 16,
      "poly_tileSize_y": 64,
      "poly_tileSize_z": 64,
      "simd_avoidUnaligned": 0
    },
    "8": {
      "data_alignFieldPointers": 0,
      "explorationId": 3,
      "no_explorationId": 1,
      "opt_unroll": 3,
      "opt_unroll_interleave": 1,
      "opt_useAddressPrecalc": 0,
      "opt_vectorize": 0,
      "poly_tileSize_x": 128,
      "poly_tileSize_y": 10,
      "poly_tileSize_z": 10,
      "simd_avoidUnaligned": 1
    },
    "9": {
      "data_alignFieldPointers": 1,
      "explorationId": 0,
      "no_explorationId": 1,
      "opt_unroll": 3,
      "opt_unroll_interleave": 0,
      "opt_useAddressPrecalc": 0,
      "opt_vectorize": 1,
      "poly_tileSize_x": 64,
      "poly_tileSize_y": 8,
      "poly_tileSize_z": 0,
      "simd_avoidUnaligned": 0
    },
    "10": {
      "data_alignFieldPointers": 1,
      "explorationId": 0,
      "no_explorationId": 0,
      "opt_unroll": 1,
      "opt_unroll_interleave": 1,
      "opt_useAddressPrecalc": 0,
      "opt_vectorize": 1,
      "poly_tileSize_x": 8,
      "poly_tileSize_y": 128,
      "poly_tileSize_z": 16,
      "simd_avoidUnaligned": 1
    },
    "11": {
      "data_alignFieldPointers": 1,
      "explorationId": 0,
      "no_explorationId": 0,
      "opt_unroll": 1,
      "opt_unroll_interleave": 0,
      "opt_useAddressPrecalc": 1,
      "opt_vectorize": 1,
      "poly_tileSize_x": 8,
      "poly_tileSize_y": 128,
      "poly_tileSize_z": 16,
      "simd_avoidUnaligned": 1
    },
    "12": {
      "data_alignFieldPointers": 1,
      "explorationId": 0,
      "no_explorationId": 1,
      "opt_unroll": 2,
      "opt_unroll_interleave": 1,
      "opt_useAddressPrecalc": 0,
      "opt_vectorize": 0,
      "poly_tileSize_x": 64,
      "poly_tileSize_y": 16,
      "poly_tileSize_z": 16,
      "simd_avoidUnaligned": 1
    }
  },
  "config_origins": {
    "1": "Initial Design: Sobol",
    "2": "Random Search",
    "3": "Acquisition Function Maximizer: Local Search",
    "4": "Acquisition Function Maximizer: Local Search",
    "5": "Acquisition Function Maximizer: Local Search",
    "6": "Acquisition Function Maximizer: Local Search",
    "7": "Acquisition Function Maximizer: Local Search",
    "8": "Acquisition Function Maximizer: Local Search",
    "9": "Random Search",
    "10": "Acquisition Function Maximizer: Local Search",
    "11": "Acquisition Function Maximizer: Local Search",
    "12": "Acquisition Function Maximizer: Local Search"
  }
}