{
  "incumbent_ids": [
    35
  ],
  "rejected_config_ids": [
    1,
    3,
    4,
    5,
    2,
    7,
    8,
    9,
    10,
    11,
    12,
    13,
    14,
    15,
    16,
    17,
    18,
    19,
    20,
    21,
    22,
    23,
    24,
    25,
    26,
    27,
    28,
    29,
    30,
    31,
    32,
    33,
    34,
    6,
    36,
    37,
    38,
    39,
    40,
    41,
    42,
    43,
    44,
    45,
    46,
    47,
    48,
    49,
    50
  ],
  "incumbents_changed": 4,
  "trajectory": [
    {
      "config_ids": [
        1
      ],
      "costs": [
        0.39562784633007353
      ],
      "trial": 1,
      "walltime": 0.02307915687561035
    },
    {
      "config_ids": [
        2
      ],
      "costs": [
        0.18405042978000274
      ],
      "trial": 2,
      "walltime": 0.04212760925292969
    },
    {
      "config_ids": [
        6
      ],
      "costs": [
        0.15617005063409828
      ],
      "trial": 6,
      "walltime": 0.1070554256439209
    },
    {
      "config_ids": [
        35
      ],
      "costs": [
        0.12767177682203446
      ],
      "trial": 35,
      "walltime": 10.671032905578613
    }
  ],
  "state": {
    "queue": [
      [
        50,
        1
      ]
    ]
  }
}