{
  "incumbent_ids": [
    6
  ],
  "rejected_config_ids": [
    2,
    3,
    4,
    1,
    5
  ],
  "incumbents_changed": 3,
  "trajectory": [
    {
      "config_ids": [
        1
      ],
      "costs": [
        0.6042439204683425
      ],
      "trial": 1,
      "walltime": 0.018305301666259766
    },
    {
      "config_ids": [
        5
      ],
      "costs": [
        0.591255968337336
      ],
      "trial": 5,
      "walltime": 9.491061210632324
    },
    {
      "config_ids": [
        6
      ],
      "costs": [
        0.4901936874635101
      ],
      "trial": 6,
      "walltime": 9.518001556396484
    }
  ],
  "state": {
    "queue": [
      [
        6,
        1
      ]
    ]
  }
}