{"config": {"Criticality": 0.4087526560488056, "Criticality Modifier": 0.0627014548584826, "Culture": 0.0321847889487016, "Dynamism": 0.216351552285407, "Initial Known": 0.3559561224273261, "Inter-Dependency": 0.5342029519609867, "Plan": 0.6118079752972401, "Size": 0.0905322177830134, "Team Size": 0.1881511159773691}, "score": 0.27369106788138664, "info": {}}