{
  "stats": {
    "submitted": 12,
    "finished": 12,
    "running": 0
  },
  "data": [
    [
      1,
      null,
      218175338,
      null,
      0.12333322564221527,
      0.0037767887115478516,
      1,
      1763447545.673162,
      1763447545.6805012,
      {}
    ],
    [
      2,
      null,
      218175338,
      null,
      0.23565863237506135,
      0.0026667118072509766,
      1,
      1763447548.5962462,
      1763447548.6007566,
      {}
    ],
    [
      3,
      null,
      218175338,
      null,
      0.17268074853526505,
      0.0011527538299560547,
      1,
      1763447548.6073995,
      1763447548.6101637,
      {}
    ],
    [
      4,
      null,
      218175338,
      null,
      0.23716584687810338,
      0.0010793209075927734,
      1,
      1763447548.6225219,
      1763447548.625339,
      {}
    ],
    [
      5,
      null,
      218175338,
      null,
      0.13812307509306154,
      0.0010879039764404297,
      1,
      1763447548.6372793,
      1763447548.6411078,
      {}
    ],
    [
      6,
      null,
      218175338,
      null,
      0.406832116092261,
      0.0009388923645019531,
      1,
      1763447548.6520236,
      1763447548.6546023,
      {}
    ],
    [
      7,
      null,
      218175338,
      null,
      0.27479182903803256,
      0.0009405612945556641,
      1,
      1763447548.6637807,
      1763447548.666338,
      {}
    ],
    [
      8,
      null,
      218175338,
      null,
      0.21221780827428982,
      0.000997781753540039,
      1,
      1763447548.680783,
      1763447548.683584,
      {}
    ],
    [
      9,
      null,
      218175338,
      null,
      0.26041975224751157,
      0.0009412765502929688,
      1,
      1763447548.692863,
      1763447548.6954224,
      {}
    ],
    [
      10,
      null,
      218175338,
      null,
      0.2030086556247218,
      0.002518892288208008,
      1,
      1763447548.7165537,
      1763447548.7207394,
      {}
    ],
    [
      11,
      null,
      218175338,
      null,
      0.3108152758481312,
      0.003869771957397461,
      1,
      1763447551.8630068,
      1763447551.8685231,
      {}
    ],
    [
      12,
      null,
      218175338,
      null,
      0.44808836692898835,
      0.0009002685546875,
      1,
      1763447551.8799467,
      1763447551.8823562,
      {}
    ]
  ],
  "configs": {
    "1": {
      " ACAP": 4.487281400710344,
      " AEXP": 2.3756432274747636,
      " CPLx": 3.954943704418838,
      " DOCU": 2.7987579479813576,
      " ETAT": 2.4736667686747387,
      " FLEx": 3.354655623435974,
      " KLOC": 222.7165747146141,
      " LTEx": 2.8233222253620625,
      " PCAP": 3.4963342752307653,
      " PCON": 3.4057973358137534,
      " PLEx": 3.6452883423520253,
      " PMAT": 2.2839088775217533,
      " PREC": 4.031818337738514,
      " PVOL": 4.58226655703038,
      " RELY": 4.6881579756736755,
      " RESL": 1.7282785171065478,
      " RUSE": 5.771680716720409,
      " SCED": 3.0,
      " SITE": 3.7656715596094728,
      " STOR": 3.4976685624569654,
      " TEAM": 1.3964221775531769,
      " TIME": 3.2497139321640134,
      " TOOL": 2.0,
      "DATA": 4.503294415680692
    },
    "2": {
      " ACAP": 4.487281400710344,
      " AEXP": 2.3756432274747636,
      " CPLx": 3.954943704418838,
      " DOCU": 2.7987579479813576,
      " ETAT": 1.9228248283098694,
      " FLEx": 3.1278611644395076,
      " KLOC": 222.7165747146141,
      " LTEx": 2.8233222253620625,
      " PCAP": 3.4963342752307653,
      " PCON": 3.4057973358137534,
      " PLEx": 3.6452883423520253,
      " PMAT": 2.2839088775217533,
      " PREC": 4.3241333915717615,
      " PVOL": 4.58226655703038,
      " RELY": 4.7625793601460895,
      " RESL": 1.9446025179573985,
      " RUSE": 5.771680716720409,
      " SCED": 3.0,
      " SITE": 3.852896855670287,
      " STOR": 3.471947135284355,
      " TEAM": 1.3964221775531769,
      " TIME": 3.2497139321640134,
      " TOOL": 2.0,
      "DATA": 4.514872781116307
    },
    "3": {
      " ACAP": 4.998267040246623,
      " AEXP": 4.691819208649047,
      " CPLx": 5.576718470057857,
      " DOCU": 1.614015297260515,
      " ETAT": 5.201309410014921,
      " FLEx": 4.1672323327946454,
      " KLOC": 129.19626864549022,
      " LTEx": 3.8190040591420713,
      " PCAP": 4.992053901489433,
      " PCON": 4.354536715296737,
      " PLEx": 2.316982680429353,
      " PMAT": 2.408755704122635,
      " PREC": 4.521942774794622,
      " PVOL": 3.000546709753394,
      " RELY": 4.675294193365784,
      " RESL": 3.417597238070099,
      " RUSE": 3.7827956625794066,
      " SCED": 3.0,
      " SITE": 1.2032178994984073,
      " STOR": 3.599815084551747,
      " TEAM": 1.066385768321036,
      " TIME": 3.928981229909429,
      " TOOL": 2.0,
      "DATA": 4.8727724287633425
    },
    "4": {
      " ACAP": 4.998037080325194,
      " AEXP": 3.0877251023101873,
      " CPLx": 3.4467362856684316,
      " DOCU": 4.911229211540917,
      " ETAT": 4.07465234185616,
      " FLEx": 3.187658005464263,
      " KLOC": 230.20977142883837,
      " LTEx": 3.394180295575849,
      " PCAP": 4.856130953542685,
      " PCON": 4.42034488091756,
      " PLEx": 2.0179220461347933,
      " PMAT": 2.246651618413684,
      " PREC": 3.295554346617421,
      " PVOL": 2.3660047251726084,
      " RELY": 4.229138826360089,
      " RESL": 4.489011139777906,
      " RUSE": 3.004731800629001,
      " SCED": 3.0,
      " SITE": 3.0573848556836594,
      " STOR": 3.9175010263805246,
      " TEAM": 1.4728405871625272,
      " TIME": 3.499032672745292,
      " TOOL": 2.0,
      "DATA": 3.175171480029243
    },
    "5": {
      " ACAP": 4.998354029005709,
      " AEXP": 1.235585316886999,
      " CPLx": 4.103528159899348,
      " DOCU": 2.7789941880002913,
      " ETAT": 5.895719492976016,
      " FLEx": 3.214557875213703,
      " KLOC": 103.07076823961005,
      " LTEx": 3.3867980343167883,
      " PCAP": 4.948536437673928,
      " PCON": 3.901052759567121,
      " PLEx": 3.0154360827616595,
      " PMAT": 2.875637563616659,
      " PREC": 2.9081607156697324,
      " PVOL": 2.3890694733723365,
      " RELY": 4.6718907497744,
      " RESL": 3.6183338418609323,
      " RUSE": 5.0661960232441245,
      " SCED": 3.0,
      " SITE": 5.371160092156845,
      " STOR": 3.82758043399017,
      " TEAM": 3.86928553219846,
      " TIME": 3.147762575875742,
      " TOOL": 2.0,
      "DATA": 4.939064588212888
    },
    "6": {
      " ACAP": 4.999618447985227,
      " AEXP": 2.173078501229128,
      " CPLx": 5.255578198688088,
      " DOCU": 1.085754166722845,
      " ETAT": 2.6829116045635284,
      " FLEx": 4.798523675812909,
      " KLOC": 39.32205053993654,
      " LTEx": 2.696533512746413,
      " PCAP": 4.226024602367165,
      " PCON": 1.0379363031859186,
      " PLEx": 2.9828241813163023,
      " PMAT": 2.8602464533474468,
      " PREC": 1.4809815901279406,
      " PVOL": 3.678803043368007,
      " RELY": 4.164642657519602,
      " RESL": 3.654647730812725,
      " RUSE": 3.873728669557038,
      " SCED": 3.0,
      " SITE": 5.65445860042205,
      " STOR": 3.4589532373628686,
      " TEAM": 1.3537110859264905,
      " TIME": 3.880311696190056,
      " TOOL": 2.0,
      "DATA": 4.96428154846816
    },
    "7": {
      " ACAP": 3.4893219463448197,
      " AEXP": 1.3584730577092805,
      " CPLx": 4.666646126684244,
      " DOCU": 1.5352231620902588,
      " ETAT": 2.5072152767915084,
      " FLEx": 4.487622319038191,
      " KLOC": 214.35898496540904,
      " LTEx": 2.1873491217534684,
      " PCAP": 4.796350147035952,
      " PCON": 2.03054995975031,
      " PLEx": 3.8479359979299947,
      " PMAT": 2.337210402266679,
      " PREC": 1.737851957908279,
      " PVOL": 2.0901026137408367,
      " RELY": 3.547682204697802,
      " RESL": 2.9563508974254695,
      " RUSE": 3.975617691490358,
      " SCED": 3.0,
      " SITE": 5.680556174646898,
      " STOR": 3.4418592243443182,
      " TEAM": 3.8372382520490085,
      " TIME": 3.6042087963098224,