{'Max_spout': 100000.0, 'Spliters': 6.0, 'Counters': 1.0}, {'Max_spout': 10000.0, 'Spliters': 2.0, 'Counters': 9.0}, {'Max_spout': 1000.0, 'Spliters': 2.0, 'Counters': 15.0}, {'Max_spout': 1000.0, 'Spliters': 2.0, 'Counters': 15.0}, {'Max_spout': 10000.0, 'Spliters': 2.0, 'Counters': 12.0}, {'Max_spout': 1000.0, 'Spliters': 2.0, 'Counters': 15.0}, {'Max_spout': 1000000.0, 'Spliters': 6.0, 'Counters': 1.0}, {'Max_spout': 10000.0, 'Spliters': 2.0, 'Counters': 12.0}, {'Max_spout': 1000000.0, 'Spliters': 1.0, 'Counters': 9.0}, {'Max_spout': 100.0, 'Spliters': 2.0, 'Counters': 12.0}, {'Max_spout': 1000000.0, 'Spliters': 6.0, 'Counters': 18.0}, {'Max_spout': 100.0, 'Spliters': 3.0, 'Counters': 9.0}, {'Max_spout': 1000000.0, 'Spliters': 1.0, 'Counters': 9.0}, {'Max_spout': 1000.0, 'Spliters': 6.0, 'Counters': 15.0}, {'Max_spout': 100000.0, 'Spliters': 1.0, 'Counters': 9.0}, {'Max_spout': 100000.0, 'Spliters': 2.0, 'Counters': 9.0}, {'Max_spout': 1000000.0, 'Spliters': 1.0, 'Counters': 6.0}, {'Max_spout': 100000.0, 'Spliters': 6.0, 'Counters': 1.0}, {'Max_spout': 100000.0, 'Spliters': 2.0, 'Counters': 18.0}, {'Max_spout': 10000.0, 'Spliters': 2.0, 'Counters': 6.0}
0.3984556230484778, 0.40832520008941975, 0.36892976043895076, 0.36892976043895076, 0.3482003422813653, 0.36892976043895076, 0.40357683359835317, 0.3482003422813653, 0.32012653299473015, 0.4509522821374017, 0.44459959447439834, 0.507249914054636, 0.32012653299473015, 0.45712801740865205, 0.35166741075975727, 0.4432542580854002, 0.36846990554864756, 0.3984556230484778, 0.43400974818367466, 0.4166887504479434
5.991556406021118, 4.66149377822876, 5.053385019302368, 2.169053554534912, 3.8577077388763428, 4.771793603897095, 3.1737096309661865, 3.4559195041656494, 3.788374662399292, 4.342794418334961, 5.0074076652526855, 3.2270445823669434, 2.935990810394287, 4.1790831089019775, 3.4449050426483154, 3.269866704940796, 3.8148996829986572, 3.7685468196868896, 2.758547306060791, 3.2533535957336426