{'Max_spout': 100000.0, 'Spliters': 2.0, 'Counters': 18.0}, {'Max_spout': 100.0, 'Spliters': 2.0, 'Counters': 9.0}, {'Max_spout': 1000.0, 'Spliters': 2.0, 'Counters': 18.0}, {'Max_spout': 1000.0, 'Spliters': 2.0, 'Counters': 15.0}, {'Max_spout': 10000.0, 'Spliters': 2.0, 'Counters': 15.0}, {'Max_spout': 1000.0, 'Spliters': 1.0, 'Counters': 12.0}, {'Max_spout': 1000000.0, 'Spliters': 6.0, 'Counters': 12.0}, {'Max_spout': 100.0, 'Spliters': 2.0, 'Counters': 12.0}, {'Max_spout': 10.0, 'Spliters': 2.0, 'Counters': 12.0}, {'Max_spout': 100.0, 'Spliters': 2.0, 'Counters': 15.0}, {'Max_spout': 1000.0, 'Spliters': 6.0, 'Counters': 12.0}, {'Max_spout': 1000.0, 'Spliters': 1.0, 'Counters': 12.0}, {'Max_spout': 1000.0, 'Spliters': 2.0, 'Counters': 6.0}, {'Max_spout': 100000.0, 'Spliters': 6.0, 'Counters': 15.0}, {'Max_spout': 10000.0, 'Spliters': 2.0, 'Counters': 9.0}, {'Max_spout': 100000.0, 'Spliters': 6.0, 'Counters': 12.0}, {'Max_spout': 1000.0, 'Spliters': 2.0, 'Counters': 15.0}, {'Max_spout': 100.0, 'Spliters': 2.0, 'Counters': 6.0}, {'Max_spout': 1000000.0, 'Spliters': 2.0, 'Counters': 9.0}, {'Max_spout': 1000.0, 'Spliters': 2.0, 'Counters': 9.0}
0.4412970247361895, 0.4332312508997562, 0.3670307857723123, 0.3534006710681069, 0.3975491585218419, 0.4822687008709523, 0.45132372310007496, 0.405608670201996, 0.5255555641504882, 0.42069156568117205, 0.4645319179187546, 0.4822687008709523, 0.42471564247809135, 0.46493854636793785, 0.3915810157618045, 0.4488602405241635, 0.3534006710681069, 0.45074322476566475, 0.41464190904005405, 0.3843556979164898
4.290854215621948, 3.554121732711792, 4.782008647918701, 4.550874710083008, 3.7241225242614746, 3.134082794189453, 4.146342992782593, 4.908693075180054, 4.8091630935668945, 4.6371989250183105, 1.913940191268921, 2.876192569732666, 5.612806081771851, 3.819873332977295, 4.057939052581787, 3.3651528358459473, 3.221672296524048, 3.5177955627441406, 4.355855941772461, 3.255654811859131