{'Spout': 1.0, 'Split': 1.0, 'Count': 12.0, 'Buffer_size': 262000.0, 'Heap': 2048.0}, {'Spout': 1.0, 'Split': 2.0, 'Count': 12.0, 'Buffer_size': 5240000.0, 'Heap': 512.0}, {'Spout': 1.0, 'Split': 2.0, 'Count': 9.0, 'Buffer_size': 5240000.0, 'Heap': 512.0}, {'Spout': 1.0, 'Split': 2.0, 'Count': 9.0, 'Buffer_size': 262000.0, 'Heap': 512.0}, {'Spout': 1.0, 'Split': 2.0, 'Count': 12.0, 'Buffer_size': 1050000.0, 'Heap': 512.0}, {'Spout': 3.0, 'Split': 6.0, 'Count': 12.0, 'Buffer_size': 10500000.0, 'Heap': 1024.0}, {'Spout': 1.0, 'Split': 2.0, 'Count': 9.0, 'Buffer_size': 10500000.0, 'Heap': 2048.0}, {'Spout': 1.0, 'Split': 2.0, 'Count': 9.0, 'Buffer_size': 10500000.0, 'Heap': 1024.0}, {'Spout': 1.0, 'Split': 1.0, 'Count': 12.0, 'Buffer_size': 105000000.0, 'Heap': 1024.0}, {'Spout': 1.0, 'Split': 1.0, 'Count': 12.0, 'Buffer_size': 1050000.0, 'Heap': 2048.0}, {'Spout': 2.0, 'Split': 6.0, 'Count': 12.0, 'Buffer_size': 10500000.0, 'Heap': 512.0}, {'Spout': 1.0, 'Split': 3.0, 'Count': 12.0, 'Buffer_size': 5240000.0, 'Heap': 2048.0}, {'Spout': 1.0, 'Split': 1.0, 'Count': 12.0, 'Buffer_size': 262000.0, 'Heap': 512.0}, {'Spout': 3.0, 'Split': 6.0, 'Count': 12.0, 'Buffer_size': 5240000.0, 'Heap': 2048.0}, {'Spout': 1.0, 'Split': 1.0, 'Count': 9.0, 'Buffer_size': 1050000.0, 'Heap': 512.0}, {'Spout': 1.0, 'Split': 2.0, 'Count': 12.0, 'Buffer_size': 1050000.0, 'Heap': 2048.0}, {'Spout': 1.0, 'Split': 1.0, 'Count': 9.0, 'Buffer_size': 1050000.0, 'Heap': 512.0}, {'Spout': 1.0, 'Split': 2.0, 'Count': 9.0, 'Buffer_size': 262000.0, 'Heap': 2048.0}, {'Spout': 1.0, 'Split': 1.0, 'Count': 6.0, 'Buffer_size': 5240000.0, 'Heap': 2048.0}, {'Spout': 1.0, 'Split': 6.0, 'Count': 9.0, 'Buffer_size': 262000.0, 'Heap': 2048.0}
0.22033087922017447, 0.0, 0.04063900334810655, 0.06455618355853765, 0.004885495408456952, 0.23756918589154719, 0.03397624448196512, 0.0374912543429593, 0.23422723229850717, 0.2313969488539449, 0.2512903273057663, 0.29195814757639893, 0.203823218767044, 0.2377519790499225, 0.20529804720495548, 0.026283935120529844, 0.20529804720495548, 0.02293834193154254, 0.2452208658859203, 0.2628733180578906
7.916387557983398, 6.585842847824097, 5.522040367126465, 6.801339387893677, 4.783580780029297, 6.309247255325317, 4.447707891464233, 5.865450859069824, 6.0896172523498535, 5.752884149551392, 5.397899389266968, 5.354258060455322, 4.38193154335022, 4.745167255401611, 3.4424495697021484, 4.224593162536621, 3.7934014797210693, 3.585876226425171, 3.806727886199951, 5.019943475723267