{'Max_spout': 1.0, 'Spliters': 1.0, 'Counters': 12.0}, {'Max_spout': 1.0, 'Spliters': 1.0, 'Counters': 12.0}, {'Max_spout': 1.0, 'Spliters': 1.0, 'Counters': 3.0}, {'Max_spout': 1.0, 'Spliters': 1.0, 'Counters': 12.0}, {'Max_spout': 1.0, 'Spliters': 1.0, 'Counters': 12.0}, {'Max_spout': 1.0, 'Spliters': 1.0, 'Counters': 12.0}, {'Max_spout': 1.0, 'Spliters': 1.0, 'Counters': 12.0}, {'Max_spout': 1.0, 'Spliters': 1.0, 'Counters': 18.0}, {'Max_spout': 1.0, 'Spliters': 1.0, 'Counters': 18.0}, {'Max_spout': 1.0, 'Spliters': 1.0, 'Counters': 6.0}, {'Max_spout': 1.0, 'Spliters': 1.0, 'Counters': 12.0}, {'Max_spout': 1.0, 'Spliters': 1.0, 'Counters': 1.0}, {'Max_spout': 1.0, 'Spliters': 1.0, 'Counters': 6.0}, {'Max_spout': 10000.0, 'Spliters': 2.0, 'Counters': 1.0}, {'Max_spout': 1.0, 'Spliters': 1.0, 'Counters': 12.0}, {'Max_spout': 1.0, 'Spliters': 1.0, 'Counters': 18.0}, {'Max_spout': 1.0, 'Spliters': 1.0, 'Counters': 12.0}, {'Max_spout': 1.0, 'Spliters': 1.0, 'Counters': 12.0}, {'Max_spout': 1.0, 'Spliters': 1.0, 'Counters': 12.0}, {'Max_spout': 1.0, 'Spliters': 1.0, 'Counters': 12.0}
0.0, 0.0, 0.003421972853229538, 0.0, 0.0, 0.0, 0.0, 0.0015707897696076722, 0.0015707897696076722, 0.003361783712524935, 0.0, 0.004807791117257265, 0.003361783712524935, 0.06821925289128083, 0.0, 0.0015707897696076722, 0.0, 0.0, 0.0, 0.0
6.559503793716431, 5.114250183105469, 6.5921471118927, 3.738776206970215, 5.215829849243164, 5.661912202835083, 3.8757221698760986, 4.9553258419036865, 4.845568418502808, 4.182407379150391, 4.430299520492554, 3.5137155055999756, 2.9966983795166016, 3.709522247314453, 2.9064202308654785, 2.647632598876953, 2.5106048583984375, 2.0521106719970703, 2.3422980308532715, 2.2017509937286377