{'Max_spout': 1.0, 'Spliters': 1.0, 'Counters': 12.0}, {'Max_spout': 1.0, 'Spliters': 1.0, 'Counters': 18.0}, {'Max_spout': 1.0, 'Spliters': 1.0, 'Counters': 18.0}, {'Max_spout': 1.0, 'Spliters': 1.0, 'Counters': 18.0}, {'Max_spout': 1.0, 'Spliters': 1.0, 'Counters': 18.0}, {'Max_spout': 1.0, 'Spliters': 1.0, 'Counters': 18.0}, {'Max_spout': 1.0, 'Spliters': 1.0, 'Counters': 18.0}, {'Max_spout': 1.0, 'Spliters': 1.0, 'Counters': 12.0}, {'Max_spout': 1.0, 'Spliters': 1.0, 'Counters': 18.0}, {'Max_spout': 1.0, 'Spliters': 1.0, 'Counters': 12.0}, {'Max_spout': 1.0, 'Spliters': 1.0, 'Counters': 18.0}, {'Max_spout': 1.0, 'Spliters': 1.0, 'Counters': 18.0}, {'Max_spout': 1.0, 'Spliters': 1.0, 'Counters': 18.0}, {'Max_spout': 1.0, 'Spliters': 1.0, 'Counters': 6.0}, {'Max_spout': 1.0, 'Spliters': 1.0, 'Counters': 6.0}, {'Max_spout': 1.0, 'Spliters': 1.0, 'Counters': 12.0}, {'Max_spout': 1.0, 'Spliters': 1.0, 'Counters': 12.0}, {'Max_spout': 1.0, 'Spliters': 1.0, 'Counters': 18.0}, {'Max_spout': 1.0, 'Spliters': 1.0, 'Counters': 12.0}, {'Max_spout': 1.0, 'Spliters': 1.0, 'Counters': 12.0}
0.0008018260942662669, 0.0, 0.0, 0.0, 0.0, 0.0, 0.0, 0.0008018260942662669, 0.0, 0.0008018260942662669, 0.0, 0.0, 0.0, 0.0020255808389428864, 0.0020255808389428864, 0.0008018260942662669, 0.0008018260942662669, 0.0, 0.0008018260942662669, 0.0008018260942662669
13.495733499526978, 11.476074934005737, 10.061286687850952, 9.64490818977356, 8.07951021194458, 6.717924356460571, 7.765421390533447, 5.913579702377319, 5.615327835083008, 3.557114601135254, 5.512509822845459, 4.450285196304321, 3.4662692546844482, 4.280301094055176, 3.917140007019043, 3.5709047317504883, 3.023672103881836, 4.04641580581665, 3.620954990386963, 4.252603769302368