{'Max_spout': 100000.0, 'Spliters': 3.0, 'Counters': 1.0}, {'Max_spout': 1.0, 'Spliters': 6.0, 'Counters': 12.0}, {'Max_spout': 10.0, 'Spliters': 3.0, 'Counters': 9.0}, {'Max_spout': 1.0, 'Spliters': 3.0, 'Counters': 3.0}, {'Max_spout': 10.0, 'Spliters': 2.0, 'Counters': 3.0}, {'Max_spout': 10.0, 'Spliters': 3.0, 'Counters': 6.0}, {'Max_spout': 10.0, 'Spliters': 3.0, 'Counters': 9.0}, {'Max_spout': 10000.0, 'Spliters': 3.0, 'Counters': 9.0}, {'Max_spout': 1.0, 'Spliters': 3.0, 'Counters': 18.0}, {'Max_spout': 1000.0, 'Spliters': 2.0, 'Counters': 1.0}, {'Max_spout': 10000.0, 'Spliters': 3.0, 'Counters': 6.0}, {'Max_spout': 1.0, 'Spliters': 2.0, 'Counters': 12.0}, {'Max_spout': 1.0, 'Spliters': 1.0, 'Counters': 1.0}, {'Max_spout': 10000.0, 'Spliters': 2.0, 'Counters': 1.0}, {'Max_spout': 1.0, 'Spliters': 1.0, 'Counters': 9.0}, {'Max_spout': 10.0, 'Spliters': 3.0, 'Counters': 1.0}, {'Max_spout': 1.0, 'Spliters': 2.0, 'Counters': 12.0}, {'Max_spout': 1.0, 'Spliters': 1.0, 'Counters': 9.0}, {'Max_spout': 1.0, 'Spliters': 1.0, 'Counters': 6.0}, {'Max_spout': 10000.0, 'Spliters': 2.0, 'Counters': 1.0}
0.2080189075766099, 0.014659191578239472, 0.21333747179059404, 0.017691904789617685, 0.16496925255582062, 0.1903011374291127, 0.21333747179059404, 0.2383783713877411, 0.015921744359735368, 0.07602151997775575, 0.23913816627545315, 0.005236118385743005, 0.004705878549212117, 0.056051847109869546, 0.003115159039619231, 0.06878891928068442, 0.005236118385743005, 0.003115159039619231, 0.0020255808389428864, 0.056051847109869546
2.09967041015625, 1.6033284664154053, 1.3731286525726318, 1.6081020832061768, 2.0847012996673584, 1.3196661472320557, 1.9969737529754639, 1.953197956085205, 1.8842222690582275, 1.071155071258545, 1.4012722969055176, 1.4681782722473145, 1.338928461074829, 1.129765272140503, 0.9494028091430664, 1.6316697597503662, 1.713149070739746, 0.8090605735778809, 1.624140977859497, 1.0839624404907227