{
  "incumbent_ids": [
    11
  ],
  "rejected_config_ids": [
    1,
    3,
    2,
    5,
    6,
    7,
    8,
    9,
    10,
    4,
    12,
    13,
    14,
    15,
    16,
    17,
    18,
    19,
    20,
    21,
    22,
    23,
    24
  ],
  "incumbents_changed": 4,
  "trajectory": [
    {
      "config_ids": [
        1
      ],
      "costs": [
        0.49548122920352244
      ],
      "trial": 1,
      "walltime": 0.00583195686340332
    },
    {
      "config_ids": [
        2
      ],
      "costs": [
        0.1915433701580853
      ],
      "trial": 2,
      "walltime": 0.012827634811401367
    },
    {
      "config_ids": [
        4
      ],
      "costs": [
        0.05840341533291915
      ],
      "trial": 4,
      "walltime": 1.1704325675964355
    },
    {
      "config_ids": [
        11
      ],
      "costs": [
        0.057499878406446325
      ],
      "trial": 11,
      "walltime": 2.5962636470794678
    }
  ],
  "state": {
    "queue": [
      [
        24,
        1
      ]
    ]
  }
}