{
  "incumbent_ids": [
    8
  ],
  "rejected_config_ids": [
    2,
    3,
    1,
    5,
    6,
    7,
    4,
    9,
    10,
    11,
    12,
    13,
    14,
    15,
    16,
    17,
    18
  ],
  "incumbents_changed": 3,
  "trajectory": [
    {
      "config_ids": [
        1
      ],
      "costs": [
        0.19039524683234377
      ],
      "trial": 1,
      "walltime": 0.013152837753295898
    },
    {
      "config_ids": [
        4
      ],
      "costs": [
        0.18945554691824862
      ],
      "trial": 4,
      "walltime": 2.68489146232605
    },
    {
      "config_ids": [
        8
      ],
      "costs": [
        0.07707155176560443
      ],
      "trial": 8,
      "walltime": 2.729966878890991
    }
  ],
  "state": {
    "queue": [
      [
        18,
        1
      ]
    ]
  }
}