{
  "stats": {
    "submitted": 12,
    "finished": 12,
    "running": 0
  },
  "data": [
    [
      1,
      null,
      774252441,
      null,
      0.3409968487869215,
      0.004229545593261719,
      1,
      1763365704.271674,
      1763365704.2778149,
      {}
    ],
    [
      2,
      null,
      774252441,
      null,
      0.3118537713328611,
      0.002290487289428711,
      1,
      1763365704.2907026,
      1763365704.2946947,
      {}
    ],
    [
      3,
      null,
      774252441,
      null,
      0.11097924436658935,
      0.0016498565673828125,
      1,
      1763365704.3022258,
      1763365704.3056977,
      {}
    ],
    [
      4,
      null,
      774252441,
      null,
      0.30081144431477913,
      0.0030274391174316406,
      1,
      1763365708.2036884,
      1763365708.2084167,
      {}
    ],
    [
      5,
      null,
      774252441,
      null,
      0.3192975263290987,
      0.0012547969818115234,
      1,
      1763365708.2159748,
      1763365708.2187362,
      {}
    ],
    [
      6,
      null,
      774252441,
      null,
      0.22522957479805317,
      0.0011284351348876953,
      1,
      1763365708.2265244,
      1763365708.229191,
      {}
    ],
    [
      7,
      null,
      774252441,
      null,
      0.23118994226980694,
      0.0013909339904785156,
      1,
      1763365708.2373786,
      1763365708.2402742,
      {}
    ],
    [
      8,
      null,
      774252441,
      null,
      0.17487100520405296,
      0.0015032291412353516,
      1,
      1763365708.2490222,
      1763365708.2520256,
      {}
    ],
    [
      9,
      null,
      774252441,
      null,
      0.1333962112017788,
      0.001329183578491211,
      1,
      1763365708.2613435,
      1763365708.2641904,
      {}
    ],
    [
      10,
      null,
      774252441,
      null,
      0.3587018603529284,
      0.0048370361328125,
      1,
      1763365712.086823,
      1763365712.093696,
      {}
    ],
    [
      11,
      null,
      774252441,
      null,
      0.13326183145317305,
      0.002228975296020508,
      1,
      1763365712.11383,
      1763365712.1177619,
      {}
    ],
    [
      12,
      null,
      774252441,
      null,
      0.25734975325494247,
      0.001125335693359375,
      1,
      1763365712.1290107,
      1763365712.1316147,
      {}
    ]
  ],
  "configs": {
    "1": {
      " ACAP": 4.236979736015201,
      " AEXP": 3.397513708635233,
      " CPLx": 3.752994254231453,
      " DOCU": 1.0766081809997559,
      " ETAT": 4.823502287231386,
      " FLEx": 3.322348117828369,
      " KLOC": 91.71040248163138,
      " LTEx": 1.3704811962321402,
      " PCAP": 3.0183168165385723,
      " PCON": 1.6400337480008602,
      " PLEx": 2.523338610306382,
      " PMAT": 2.410184550099075,
      " PREC": 1.0616750255441292,
      " PVOL": 4.972837075806223,
      " RELY": 1.6137017610874027,
      " RESL": 2.711184116682969,
      " RUSE": 4.525868547869846,
      " SCED": 3.0,
      " SITE": 4.716353597119451,
      " STOR": 3.6086994586512446,
      " TEAM": 2.478316667010076,
      " TIME": 3.067247095517814,
      " TOOL": 2.0,
      "DATA": 3.113836746076122
    },
    "2": {
      " ACAP": 3.3605393777535384,
      " AEXP": 2.058406249221386,
      " CPLx": 2.3896555794950336,
      " DOCU": 3.8997357167685913,
      " ETAT": 3.1013372085202864,
      " FLEx": 2.9417083926711296,
      " KLOC": 15.893043030511222,
      " LTEx": 2.461627450352295,
      " PCAP": 4.883613304686732,
      " PCON": 4.4031803575071145,
      " PLEx": 3.1898934106624557,
      " PMAT": 2.108736071868975,
      " PREC": 4.575722776970039,
      " PVOL": 4.571605586971415,
      " RELY": 1.4950947661680862,
      " RESL": 3.5287037212801606,
      " RUSE": 2.0819139675521394,
      " SCED": 3.0,
      " SITE": 1.583686343900081,
      " STOR": 3.3163673116125403,
      " TEAM": 1.6324913143930728,
      " TIME": 3.7589795881605053,
      " TOOL": 2.0,
      "DATA": 4.454007798234566
    },
    "3": {
      " ACAP": 3.6892489819184346,
      " AEXP": 2.9560775917904385,
      " CPLx": 1.3349836959839811,
      " DOCU": 1.3358125732882282,
      " ETAT": 4.562778774701459,
      " FLEx": 3.398173585030622,
      " KLOC": 32.23372334312939,
      " LTEx": 2.4389120476966317,
      " PCAP": 3.8033529612613046,
      " PCON": 4.391915990187898,
      " PLEx": 3.1535475380196365,
      " PMAT": 2.6020640512488247,
      " PREC": 3.2099829022004833,
      " PVOL": 4.847358090842166,
      " RELY": 3.9590333177450474,
      " RESL": 2.3518781445484613,
      " RUSE": 2.959258841530841,
      " SCED": 3.0,
      " SITE": 4.982178769939731,
      " STOR": 3.0636864307746556,
      " TEAM": 2.4590979563411683,
      " TIME": 3.0700228026245027,
      " TOOL": 2.0,
      "DATA": 2.9577837534456792
    },
    "4": {
      " ACAP": 4.057360002697733,
      " AEXP": 4.476679468259973,
      " CPLx": 3.24515989015684,
      " DOCU": 4.407100074228268,
      " ETAT": 3.524809713141644,
      " FLEx": 4.4534833119028985,
      " KLOC": 378.3989242301456,
      " LTEx": 1.9746237194727598,
      " PCAP": 4.7668604723837635,
      " PCON": 3.841851969884459,
      " PLEx": 2.741012050604429,
      " PMAT": 2.0468431426217832,
      " PREC": 4.499105213872075,
      " PVOL": 2.5869775540776345,
      " RELY": 1.2335373340619955,
      " RESL": 3.8415043026729205,
      " RUSE": 2.793788615470682,
      " SCED": 3.0,
      " SITE": 2.6738985404292195,
      " STOR": 3.1056988086307555,
      " TEAM": 4.64548158034162,
      " TIME": 3.3359352111232337,
      " TOOL": 2.0,
      "DATA": 4.518673136925694
    },
    "5": {
      " ACAP": 4.277600629891468,
      " AEXP": 4.411568086326942,
      " CPLx": 2.4345055179677724,
      " DOCU": 1.5129232267302508,
      " ETAT": 5.13353462866841,
      " FLEx": 4.832045069514715,
      " KLOC": 251.1973597176527,
      " LTEx": 3.5208961648887342,
      " PCAP": 3.6528486268192664,
      " PCON": 1.47816797089782,
      " PLEx": 3.0083212509670263,
      " PMAT": 2.3345808122026153,
      " PREC": 2.9464001737206686,
      " PVOL": 3.3533942736439397,
      " RELY": 1.0761692189611267,
      " RESL": 3.046559430335041,
      " RUSE": 4.206129140068873,
      " SCED": 3.0,
      " SITE": 1.3820557937870177,
      " STOR": 3.497988003354875,
      " TEAM": 3.283182352711701,
      " TIME": 3.907621409437713,
      " TOOL": 2.0,
      "DATA": 3.178111355735793
    },
    "6": {
      " ACAP": 4.44985909670533,
      " AEXP": 4.968117217278817,
      " CPLx": 3.6952242730500386,
      " DOCU": 1.7416318018096542,
      " ETAT": 4.312046490422712,
      " FLEx": 4.517696706332568,
      " KLOC": 112.21818712388385,
      " LTEx": 1.7316441691562918,
      " PCAP": 4.4132320122441975,
      " PCON": 2.385961164550549,
      " PLEx": 2.3960065570878806,
      " PMAT": 2.4750957183019793,
      " PREC": 4.332232814963426,
      " PVOL": 4.044496195540988,
      " RELY": 1.3528718181850934,
      " RESL": 2.9884458659054323,
      " RUSE": 2.103385842130625,
      " SCED": 3.0,
      " SITE": 5.505468362530828,
      " STOR": 3.277604591514398,
      " TEAM": 1.2655216666545874,
      " TIME": 3.8155837094447973,
      " TOOL": 2.0,
      "DATA": 2.669534538403696
    },
    "7": {
      " ACAP": 4.0230346802193555,
      " AEXP": 2.2272426367601366,
      " CPLx": 1.8574992721670889,
      " DOCU": 3.8306847505094903,
      " ETAT": 1.370102069741487,
      " FLEx": 2.023664620413943,
      " KLOC": 48.12099595577677,
      " LTEx": 1.9628082697936502,
      " PCAP": 3.6928340116523137,
      " PCON": 4.634833202543257,
      " PLEx": 3.189132920225093,
      " PMAT": 2.3825375111755207,
      " PREC": 3.4811778826478963,
      " PVOL": 4.800309805247593,
      " RELY": 2.5916676883284957,
      " RESL": 1.9269662433012298,
      " RUSE": 2.686345428584633,
      " SCED": 3.0,
      " SITE": 2.8148951945319887,
      " STOR": 3.492894634982845,
      " TEAM": 2.289107846077866,