{
  "stats": {
    "submitted": 5,
    "finished": 5,
    "running": 0
  },
  "data": [
    [
      1,
      null,
      218175338,
      null,
      0.41821186046824166,
      0.1780097484588623,
      1,
      1763050743.4088955,
      1763050743.5883384,
      {}
    ],
    [
      2,
      null,
      218175338,
      null,
      0.5174469340638226,
      0.05585336685180664,
      1,
      1763050744.482041,
      1763050744.5392818,
      {}
    ],
    [
      3,
      null,
      218175338,
      null,
      0.8078491999684189,
      0.05699753761291504,
      1,
      1763050744.544326,
      1763050744.602455,
      {}
    ],
    [
      4,
      null,
      218175338,
      null,
      0.4961525209426614,
      0.06352996826171875,
      1,
      1763050744.606745,
      1763050744.6714463,
      {}
    ],
    [
      5,
      null,
      218175338,
      null,
      0.5384336609260343,
      0.078887939453125,
      1,
      1763050744.6821427,
      1763050744.763077,
      {}
    ]
  ],
  "configs": {
    "1": {
      "Counters": 15,
      "Max_spout": 100.0,
      "Spliters": 2
    },
    "2": {
      "Counters": 9,
      "Max_spout": 1000.0,
      "Spliters": 1
    },
    "3": {
      "Counters": 1,
      "Max_spout": 100000.0,
      "Spliters": 6
    },
    "4": {
      "Counters": 6,
      "Max_spout": 100.0,
      "Spliters": 2
    },
    "5": {
      "Counters": 3,
      "Max_spout": 10000.0,
      "Spliters": 3
    }
  },
  "config_origins": {
    "1": "Initial Design: Sobol",
    "2": "Acquisition Function Maximizer: Local Search",
    "3": "Acquisition Function Maximizer: Local Search",
    "4": "Acquisition Function Maximizer: Local Search",
    "5": "Acquisition Function Maximizer: Local Search"
  }
}