{
  "incumbent_ids": [
    9
  ],
  "rejected_config_ids": [
    1,
    3,
    4,
    5,
    6,
    7,
    8,
    2,
    10,
    11,
    12,
    13,
    14,
    15,
    16,
    17,
    18,
    19,
    20
  ],
  "incumbents_changed": 3,
  "trajectory": [
    {
      "config_ids": [
        1
      ],
      "costs": [
        0.4997825082802059
      ],
      "trial": 1,
      "walltime": 3.507751703262329
    },
    {
      "config_ids": [
        2
      ],
      "costs": [
        0.30636416474151407
      ],
      "trial": 2,
      "walltime": 6.79796028137207
    },
    {
      "config_ids": [
        9
      ],
      "costs": [
        0.2881662671433338
      ],
      "trial": 9,
      "walltime": 33.84406924247742
    }
  ],
  "state": {
    "queue": []
  }
}