{
  "stats": {
    "submitted": 1,
    "finished": 1,
    "running": 0
  },
  "data": [
    [
      1,
      null,
      2005877882,
      null,
      0.2532574770473539,
      1.7349464893341064,
      1,
      1763054328.9408064,
      1763054330.9788294,
      {}
    ]
  ],
  "configs": {
    "1": {
      " ACAP": 3.227,
      " AEXP": 4.379,
      " CPLx": 1.144,
      " DOCU": 2.335,
      " ETAT": 2.093,
      " FLEx": 3.131,
      " KLOC": 128.999,
      " LTEx": 2.313,
      " PCAP": 4.385,
      " PCON": 4.542,
      " PLEx": 3.287,
      " PMAT": 2.188,
      " PREC": 4.447,
      " PVOL": 2.679,
      " RELY": 2.678,
      " RESL": 4.705,
      " RUSE": 2.288,
      " SCED": 3.0,
      " SITE": 2.616,
      " STOR": 3.62,
      " TEAM": 3.842,
      " TIME": 3.214,
      " TOOL": 2.0,
      "DATA": 2.965
    }
  },
  "config_origins": {
    "1": "Initial Design: Sobol"
  }
}