{"config": {"Criticality": 0.7305064962877518, "Criticality Modifier": 0.1836987459042741, "Culture": 0.0309046802485585, "Dynamism": 0.537720231100986, "Initial Known": 0.4892397364629441, "Inter-Dependency": 0.3130895288172883, "Plan": 0.2543168782011432, "Size": 0.0905601766967946, "Team Size": 0.2821044337857661}, "score": 0.19249308599081116, "info": {}}