{
  "incumbent_ids": [
    4
  ],
  "rejected_config_ids": [
    1,
    3,
    2,
    5,
    6
  ],
  "incumbents_changed": 3,
  "trajectory": [
    {
      "config_ids": [
        1
      ],
      "costs": [
        0.05080002569201125
      ],
      "trial": 1,
      "walltime": 0.0376734733581543
    },
    {
      "config_ids": [
        2
      ],
      "costs": [
        0.04822912063398266
      ],
      "trial": 2,
      "walltime": 193.28870272636414
    },
    {
      "config_ids": [
        4
      ],
      "costs": [
        0.04130242510874094
      ],
      "trial": 4,
      "walltime": 193.38739466667175
    }
  ],
  "state": {
    "queue": [
      [
        6,
        1
      ]
    ]
  }
}