{"config": {"Criticality": 0.1469864639167866, "Criticality Modifier": 0.6327566482094797, "Culture": 0.808360665009674, "Dynamism": 0.08112040779675, "Initial Known": 0.1532083184368512, "Inter-Dependency": 0.2831968090383158, "Plan": 0.9386982699366196, "Size": 0.2831322869319672, "Team Size": 0.204807968025505}, "score": 0.10503546713248746, "info": {}}