{
  "incumbent_ids": [
    11
  ],
  "rejected_config_ids": [
    1,
    3,
    4,
    5,
    6,
    7,
    8,
    9,
    10,
    2,
    12
  ],
  "incumbents_changed": 3,
  "trajectory": [
    {
      "config_ids": [
        1
      ],
      "costs": [
        0.2050796247939044
      ],
      "trial": 1,
      "walltime": 0.005772590637207031
    },
    {
      "config_ids": [
        2
      ],
      "costs": [
        0.20359024033014106
      ],
      "trial": 2,
      "walltime": 1.3463025093078613
    },
    {
      "config_ids": [
        11
      ],
      "costs": [
        0.11937520544973679
      ],
      "trial": 11,
      "walltime": 2.4957656860351562
    }
  ],
  "state": {
    "queue": [
      [
        12,
        1
      ]
    ]
  }
}