{
  "incumbent_ids": [
    8
  ],
  "rejected_config_ids": [
    2,
    3,
    1,
    5,
    4,
    7,
    6,
    9,
    10,
    11,
    12,
    13,
    14,
    15,
    16,
    17,
    18,
    19,
    20,
    21,
    22,
    23,
    24,
    25,
    26,
    27,
    28,
    29,
    30,
    31,
    32,
    33,
    34,
    35,
    36,
    37,
    38,
    39,
    40,
    41,
    42,
    43,
    44,
    45,
    46,
    47,
    48,
    49,
    50,
    51,
    52,
    53,
    54,
    55,
    56,
    57,
    58,
    59,
    60,
    61,
    62,
    63,
    64,
    65,
    66,
    67,
    68,
    69,
    70,
    71,
    72,
    73,
    74,
    75,
    76,
    77,
    78,
    79,
    80,
    81,
    82,
    83,
    84,
    85,
    86,
    87,
    88,
    89,
    90,
    91,
    92,
    93,
    94,
    95,
    96,
    97,
    98,
    99,
    100
  ],
  "incumbents_changed": 4,
  "trajectory": [
    {
      "config_ids": [
        1
      ],
      "costs": [
        0.3235452634548337
      ],
      "trial": 1,
      "walltime": 0.010205745697021484
    },
    {
      "config_ids": [
        4
      ],
      "costs": [
        0.28401848233985294
      ],
      "trial": 4,
      "walltime": 0.04505443572998047
    },
    {
      "config_ids": [
        6
      ],
      "costs": [
        0.1003045294555781
      ],
      "trial": 6,
      "walltime": 0.07681441307067871
    },
    {
      "config_ids": [
        8
      ],
      "costs": [
        0.006955442788807553
      ],
      "trial": 8,
      "walltime": 0.10674691200256348
    }
  ],
  "state": {
    "queue": [
      [
        100,
        1
      ]
    ]
  }
}