{
  "stats": {
    "submitted": 6,
    "finished": 6,
    "running": 0
  },
  "data": [
    [
      1,
      null,
      418903645,
      null,
      0.39562784633007353,
      0.003179311752319336,
      1,
      1763447129.0092852,
      1763447129.014229,
      {}
    ],
    [
      2,
      null,
      418903645,
      null,
      0.15617005063409828,
      0.0016057491302490234,
      1,
      1763447129.020605,
      1763447129.0237153,
      {}
    ],
    [
      3,
      null,
      418903645,
      null,
      0.6569289788428322,
      0.00215911865234375,
      1,
      1763447131.0119793,
      1763447131.0158682,
      {}
    ],
    [
      4,
      null,
      418903645,
      null,
      0.2548703870965723,
      0.0008656978607177734,
      1,
      1763447131.0224352,
      1763447131.024849,
      {}
    ],
    [
      5,
      null,
      418903645,
      null,
      0.2746189208190303,
      0.0008568763732910156,
      1,
      1763447131.031777,
      1763447131.0341635,
      {}
    ],
    [
      6,
      null,
      418903645,
      null,
      0.15986339498729307,
      0.0008404254913330078,
      1,
      1763447131.0412922,
      1763447131.0436635,
      {}
    ]
  ],
  "configs": {
    "1": {
      " ACAP": 2.9328694185242057,
      " AEXP": 2.5321745984256268,
      " CPLx": 5.588609272614121,
      " DOCU": 3.852438695728779,
      " ETAT": 5.0390563205163925,
      " FLEx": 2.5004431009516117,
      " KLOC": 100.56926545340382,
      " LTEx": 2.3046743627637625,
      " PCAP": 3.0,
      " PCON": 2.214005457237363,
      " PLEx": 3.0,
      " PMAT": 1.7729173693805933,
      " PREC": 1.6358471559360623,
      " PVOL": 2.0,
      " RELY": 5.0,
      " RESL": 1.9789791442453861,
      " RUSE": 3.042080197483301,
      " SCED": 2.969953779131174,
      " SITE": 3.0,
      " STOR": 4.432574778795242,
      " TEAM": 2.804549464955926,
      " TIME": 4.729682810604572,
      " TOOL": 2.58368578273803,
      "DATA": 3.9399626895636315
    },
    "2": {
      " ACAP": 2.0975336017494515,
      " AEXP": 2.761249716674856,
      " CPLx": 5.246937973166327,
      " DOCU": 2.276263374952639,
      " ETAT": 2.657569923228115,
      " FLEx": 2.2498326958906647,
      " KLOC": 108.59883813277949,
      " LTEx": 3.613187596323315,
      " PCAP": 3.0,
      " PCON": 2.982741914544214,
      " PLEx": 3.0,
      " PMAT": 2.906982204390558,
      " PREC": 1.2159232560471804,
      " PVOL": 2.0,
      " RELY": 5.0,
      " RESL": 2.0980548641685592,
      " RUSE": 3.091119916018452,
      " SCED": 1.4681521462940033,
      " SITE": 3.0,
      " STOR": 3.2274516860141587,
      " TEAM": 2.499659267048955,
      " TIME": 3.456325267265364,
      " TOOL": 2.5326860805572697,
      "DATA": 3.1606332985712005
    },
    "3": {
      " ACAP": 2.978177045239164,
      " AEXP": 2.385306965075473,
      " CPLx": 5.077617183540004,
      " DOCU": 3.505495978261335,
      " ETAT": 4.030022570185485,
      " FLEx": 4.292019073681045,
      " KLOC": 88.0820533684042,
      " LTEx": 2.0276712368236693,
      " PCAP": 3.0,
      " PCON": 2.320800995142563,
      " PLEx": 3.0,
      " PMAT": 1.1432308418346806,
      " PREC": 1.7851499645321267,
      " PVOL": 2.0,
      " RELY": 5.0,
      " RESL": 2.0107935031787805,
      " RUSE": 3.436051272850868,
      " SCED": 1.1780385361155974,
      " SITE": 3.0,
      " STOR": 3.6389091265714666,
      " TEAM": 2.927563609807964,
      " TIME": 5.0360007156521895,
      " TOOL": 2.9687853684089127,
      "DATA": 2.744289753221991
    },
    "4": {
      " ACAP": 2.7532802326400225,
      " AEXP": 2.093183021545517,
      " CPLx": 5.887268106190014,
      " DOCU": 2.100789856358161,
      " ETAT": 5.34037950044598,
      " FLEx": 4.982864408017726,
      " KLOC": 93.36321331100781,
      " LTEx": 3.527531861609997,
      " PCAP": 3.0,
      " PCON": 2.5325562111542346,
      " PLEx": 3.0,
      " PMAT": 1.1202605743094483,
      " PREC": 1.9091837418476443,
      " PVOL": 2.0,
      " RELY": 5.0,
      " RESL": 1.170662854410856,
      " RUSE": 2.756347707480367,
      " SCED": 2.97534791121718,
      " SITE": 3.0,
      " STOR": 3.9629692568025727,
      " TEAM": 2.0537967176121574,
      " TIME": 3.96323349162816,
      " TOOL": 2.8950376988636686,
      "DATA": 2.291614843313737
    },
    "5": {
      " ACAP": 2.096813764698754,
      " AEXP": 2.36487673312677,
      " CPLx": 5.442568850031478,
      " DOCU": 2.781933636813373,
      " ETAT": 3.1647661573490864,
      " FLEx": 2.6847804527723884,
      " KLOC": 77.2085550427363,
      " LTEx": 3.971499312057193,
      " PCAP": 3.0,
      " PCON": 2.155473241419751,
      " PLEx": 3.0,
      " PMAT": 1.586054828803692,
      " PREC": 1.6710461672507924,
      " PVOL": 2.0,
      " RELY": 5.0,
      " RESL": 1.4871156136867707,
      " RUSE": 2.83118015625608,
      " SCED": 2.768397669804557,
      " SITE": 3.0,
      " STOR": 3.7924785084099204,
      " TEAM": 2.21173922571848,
      " TIME": 3.4633429323168667,
      " TOOL": 2.32934603470368,
      "DATA": 4.324197184206768
    },
    "6": {
      " ACAP": 2.3914964456919185,
      " AEXP": 2.8376450733457776,
      " CPLx": 5.179725274051561,
      " DOCU": 2.127252382789042,
      " ETAT": 1.5971837436241303,
      " FLEx": 2.6235596095538525,
      " KLOC": 95.824644573438,
      " LTEx": 2.320559129558787,
      " PCAP": 3.0,
      " PCON": 2.677646227133578,
      " PLEx": 3.0,
      " PMAT": 3.6579766302844816,
      " PREC": 1.6331587345845646,
      " PVOL": 2.0,
      " RELY": 5.0,
      " RESL": 1.0098427683995774,
      " RUSE": 2.6172861290990337,
      " SCED": 2.4613638577616412,
      " SITE": 3.0,
      " STOR": 3.650223190789477,
      " TEAM": 2.9017459422689114,
      " TIME": 5.382399681658319,
      " TOOL": 2.2685980264440033,
      "DATA": 3.025061127343183
    }
  },
  "config_origins": {
    "1": "Initial Design: Sobol",
    "2": "Random Search",
    "3": "Acquisition Function Maximizer: Local Search",
    "4": "Acquisition Function Maximizer: Local Search",
    "5": "Random Search",
    "6": "Acquisition Function Maximizer: Local Search"
  }
}