{"config": {"Criticality": 0.5591235304436456, "Criticality Modifier": 0.6811827519900187, "Culture": 0.9879677760466888, "Dynamism": 0.15494025967933, "Initial Known": 0.6291691162833251, "Inter-Dependency": 0.7173311704889551, "Plan": 0.4861844994860317, "Size": 0.4940346185202036, "Team Size": 0.5749685677851057}, "score": 0.1114669919032073, "info": {}}