{
  "stats": {
    "submitted": 6,
    "finished": 6,
    "running": 0
  },
  "data": [
    [
      1,
      null,
      218175338,
      null,
      0.4296119871821995,
      0.0031235218048095703,
      1,
      1763447123.3065593,
      1763447123.3118963,
      {}
    ],
    [
      2,
      null,
      218175338,
      null,
      0.4296119871821995,
      0.0017473697662353516,
      1,
      1763447126.5237246,
      1763447126.527297,
      {}
    ],
    [
      3,
      null,
      218175338,
      null,
      0.39591012255404123,
      0.001596689224243164,
      1,
      1763447126.5340374,
      1763447126.5374112,
      {}
    ],
    [
      4,
      null,
      218175338,
      null,
      0.3061431556470908,
      0.0012888908386230469,
      1,
      1763447126.5458117,
      1763447126.5489001,
      {}
    ],
    [
      5,
      null,
      218175338,
      null,
      0.2861065890226626,
      0.0011730194091796875,
      1,
      1763447126.5573804,
      1763447126.561505,
      {}
    ],
    [
      6,
      null,
      218175338,
      null,
      0.1592557705293296,
      0.0012054443359375,
      1,
      1763447126.5706139,
      1763447126.5735946,
      {}
    ]
  ],
  "configs": {
    "1": {
      " ACAP": 2.743640700355172,
      " AEXP": 2.3439968060702085,
      " CPLx": 5.318314568139613,
      " DOCU": 2.899378973990679,
      " ETAT": 2.4743719763625407,
      " FLEx": 3.7658143897652625,
      " KLOC": 101.24990164674259,
      " LTEx": 3.215548150241375,
      " PCAP": 3.0,
      " PCON": 2.2481671376153827,
      " PLEx": 3.0,
      " PMAT": 2.8040490141138434,
      " PREC": 1.8820567997172475,
      " PVOL": 2.0,
      " RELY": 5.0,
      " RESL": 1.5678177550435066,
      " RUSE": 3.515909168869257,
      " SCED": 2.721511038020253,
      " SITE": 3.0,
      " STOR": 4.6881579756736755,
      " TEAM": 2.1821151580661535,
      " TIME": 5.82871771696955,
      " TOOL": 2.5531343119218946,
      "DATA": 3.492508018808439
    },
    "2": {
      " ACAP": 2.743640700355172,
      " AEXP": 2.3439968060702085,
      " CPLx": 5.318314568139613,
      " DOCU": 2.899378973990679,
      " ETAT": 1.92364022642383,
      " FLEx": 3.7658143897652625,
      " KLOC": 98.58945466390055,
      " LTEx": 3.215548150241375,
      " PCAP": 3.0,
      " PCON": 2.2481671376153827,
      " PLEx": 3.0,
      " PMAT": 2.8040490141138434,
      " PREC": 1.9551355631755594,
      " PVOL": 2.0,
      " RELY": 5.0,
      " RESL": 1.676006802730854,
      " RUSE": 3.515909168869257,
      " SCED": 2.8392938925857494,
      " SITE": 3.0,
      " STOR": 4.6367151213284545,
      " TEAM": 2.1821151580661535,
      " TIME": 5.82871771696955,
      " TOOL": 2.5531343119218946,
      "DATA": 3.458632239675423
    },
    "3": {
      " ACAP": 2.9991335201233116,
      " AEXP": 2.9231855985619024,
      " CPLx": 5.858906156685952,
      " DOCU": 2.3070076486302575,
      " ETAT": 5.201468980046924,
      " FLEx": 4.374840633429587,
      " KLOC": 89.86829498063258,
      " LTEx": 3.8241297851770133,
      " PCAP": 3.0,
      " PCON": 2.9619278042815083,
      " PLEx": 3.0,
      " PMAT": 3.438129490439515,
      " PREC": 1.5700786296346787,
      " PVOL": 2.0,
      " RELY": 5.0,
      " RESL": 1.8042308855645295,
      " RUSE": 3.645548199279021,
      " SCED": 1.6889125187444192,
      " SITE": 3.0,
      " STOR": 4.773121668779428,
      " TEAM": 2.604550447129307,
      " TIME": 4.3366809171638465,
      " TOOL": 2.063099721334436,
      "DATA": 3.9119889322172083
    },
    "4": {
      " ACAP": 2.999018540162597,
      " AEXP": 2.4461187886848785,
      " CPLx": 5.14891209522281,
      " DOCU": 3.9556146057704584,
      " ETAT": 4.075037288377093,
      " FLEx": 3.6406496750954647,
      " KLOC": 97.84779345666296,
      " LTEx": 3.596120197050566,
      " PCAP": 3.0,
      " PCON": 2.8988476055531844,
      " PLEx": 3.0,
      " PMAT": 3.5651499481752142,
      " PREC": 1.3407167371348419,
      " PVOL": 2.0,
      " RELY": 5.0,
      " RESL": 1.4933032368273682,
      " RUSE": 3.145184676788139,
      " SCED": 1.2301364566500295,
      " SITE": 3.0,
      " STOR": 4.229138826360089,
      " TEAM": 2.8533492465484223,
      " TIME": 3.7529870972460624,
      " TOOL": 2.4760117226286957,
      "DATA": 4.573629974922454
    },
    "5": {
      " ACAP": 2.9991770145028545,
      " AEXP": 2.058911056985996,
      " CPLx": 5.386796552268246,
      " DOCU": 2.889497094000146,
      " ETAT": 5.895740153209466,
      " FLEx": 3.6608111274726705,
      " KLOC": 86.68876978366364,
      " LTEx": 3.5911986895445254,
      " PCAP": 3.0,
      " PCON": 2.974268218836964,
      " PLEx": 3.0,
      " PMAT": 3.1759774486902734,
      " PREC": 1.6720360396004201,
      " PVOL": 2.0,
      " RELY": 5.0,
      " RESL": 2.7510124718009528,
      " RUSE": 2.8968490275002474,
      " SCED": 1.259379648914891,
      " SITE": 3.0,
      " STOR": 4.777399681304745,
      " TEAM": 2.654747147252046,
      " TIME": 5.279688750860755,
      " TOOL": 2.874232018431369,
      "DATA": 4.779592256627325
    },
    "6": {
      " ACAP": 2.9998092239926133,
      " AEXP": 2.2933429610475438,
      " CPLx": 5.751859399562696,
      " DOCU": 2.0428770833614225,
      " ETAT": 2.683574954912685,
      " FLEx": 4.847993495021775,
      " KLOC": 78.93042444858442,
      " LTEx": 3.131022341830942,
      " PCAP": 3.0,
      " PCON": 2.6130123011835824,
      " PLEx": 3.0,
      " PMAT": 1.1864850985489295,
      " PREC": 1.6611617810324448,
      " PVOL": 2.0,
      " RELY": 5.0,
      " RESL": 2.614642277447679,
      " RUSE": 2.2404907950639705,
      " SCED": 2.119202028912005,
      " SITE": 3.0,
      " STOR": 4.169221612081016,
      " TEAM": 2.6383396540377735,
      " TIME": 4.250733018572566,
      " TOOL": 2.957248822749802,
      "DATA": 3.5489749962420265
    }
  },
  "config_origins": {
    "1": "Initial Design: Sobol",
    "2": "Acquisition Function Maximizer: Local Search",
    "3": "Acquisition Function Maximizer: Local Search",
    "4": "Acquisition Function Maximizer: Local Search",
    "5": "Acquisition Function Maximizer: Local Search",
    "6": "Acquisition Function Maximizer: Local Search"
  }
}