{
  "stats": {
    "submitted": 23,
    "finished": 23,
    "running": 0
  },
  "data": [
    [
      1,
      null,
      1687321482,
      null,
      0.7916875146567781,
      0.002452373504638672,
      1,
      1763363262.501223,
      1763363262.5054355,
      {}
    ],
    [
      2,
      null,
      1687321482,
      null,
      0.7874358364241777,
      0.0014462471008300781,
      1,
      1763363262.5138,
      1763363262.5177827,
      {}
    ],
    [
      3,
      null,
      1687321482,
      null,
      0.7993654982101258,
      0.0006880760192871094,
      1,
      1763363262.5242774,
      1763363262.5263393,
      {}
    ],
    [
      4,
      null,
      1687321482,
      null,
      0.7913250433745455,
      0.0005285739898681641,
      1,
      1763363262.530998,
      1763363262.5329804,
      {}
    ],
    [
      5,
      null,
      1687321482,
      null,
      0.7914024053190628,
      0.001226186752319336,
      1,
      1763363262.5386705,
      1763363262.5427723,
      {}
    ],
    [
      6,
      null,
      1687321482,
      null,
      0.7934087957659337,
      0.0006225109100341797,
      1,
      1763363262.5468452,
      1763363262.5497837,
      {}
    ],
    [
      7,
      null,
      1687321482,
      null,
      0.7938290948056912,
      0.0005252361297607422,
      1,
      1763363262.5537083,
      1763363262.5559535,
      {}
    ],
    [
      8,
      null,
      1687321482,
      null,
      0.7946885727239745,
      0.0025069713592529297,
      1,
      1763363262.5602975,
      1763363262.5648038,
      {}
    ],
    [
      9,
      null,
      1687321482,
      null,
      0.7971170847250257,
      0.0005774497985839844,
      1,
      1763363262.5707917,
      1763363262.5730288,
      {}
    ],
    [
      10,
      null,
      1687321482,
      null,
      0.8006317454113289,
      0.0005927085876464844,
      1,
      1763363262.5781813,
      1763363262.5803688,
      {}
    ],
    [
      11,
      null,
      1687321482,
      null,
      0.7949780432145934,
      0.0013382434844970703,
      1,
      1763363262.5855408,
      1763363262.5883355,
      {}
    ],
    [
      12,
      null,
      1687321482,
      null,
      0.7894065521859458,
      0.0004987716674804688,
      1,
      1763363262.5930874,
      1763363262.5949945,
      {}
    ],
    [
      13,
      null,
      1687321482,
      null,
      0.7926056468017274,
      0.0005314350128173828,
      1,
      1763363262.6019912,
      1763363262.6041806,
      {}
    ],
    [
      14,
      null,
      1687321482,
      null,
      0.7934523870419189,
      0.0005347728729248047,
      1,
      1763363262.609172,
      1763363262.6110299,
      {}
    ],
    [
      15,
      null,
      1687321482,
      null,
      0.7911131828946809,
      0.0013375282287597656,
      1,
      1763363262.6168215,
      1763363262.6195984,
      {}
    ],
    [
      16,
      null,
      1687321482,
      null,
      0.790681425594496,
      0.0016143321990966797,
      1,
      1763363262.6250844,
      1763363262.628601,
      {}
    ],
    [
      17,
      null,
      1687321482,
      null,
      0.3537903657371162,
      0.0005364418029785156,
      1,
      1763363262.6345365,
      1763363262.6364262,
      {}
    ],
    [
      18,
      null,
      1687321482,
      null,
      0.7910787857829219,
      0.0005497932434082031,
      1,
      1763363262.6427271,
      1763363262.6450875,
      {}
    ],
    [
      19,
      null,
      1687321482,
      null,
      0.7920527201595303,
      0.0006096363067626953,
      1,
      1763363262.650508,
      1763363262.6530964,
      {}
    ],
    [
      20,
      null,
      1687321482,
      null,
      0.7958465865442385,
      0.0005338191986083984,
      1,
      1763363262.6587648,
      1763363262.6613815,
      {}
    ],
    [
      21,
      null,
      1687321482,
      null,
      0.7945960659911178,
      0.0010554790496826172,
      1,
      1763363264.9864862,
      1763363264.988991,
      {}
    ],
    [
      22,
      null,
      1687321482,
      null,
      0.7913635170475214,
      0.0006601810455322266,
      1,
      1763363264.996178,
      1763363264.9981163,
      {}
    ],
    [
      23,
      null,
      1687321482,
      null,
      0.7855062616444533,
      0.0010373592376708984,
      1,
      1763363265.0131469,
      1763363265.0156531,
      {}
    ]
  ],
  "configs": {
    "1": {
      "Max_depth": 17,
      "Min_impurity_decrease": 3.5,
      "Min_sample_leaves": 10,
      "N_estimators": 140,
      "criterion": "absolute_error"
    },
    "2": {
      "Max_depth": 3,
      "Min_impurity_decrease": 5.0,
      "Min_sample_leaves": 19,
      "N_estimators": 200,
      "criterion": "squared_error"
    },
    "3": {
      "Max_depth": 10,
      "Min_impurity_decrease": 5.5,
      "Min_sample_leaves": 4,
      "N_estimators": 40,
      "criterion": "squared_error"
    },
    "4": {
      "Max_depth": 14,
      "Min_impurity_decrease": 0.0,
      "Min_sample_leaves": 15,
      "N_estimators": 120,
      "criterion": "poisson"
    },
    "5": {
      "Max_depth": 12,
      "Min_impurity_decrease": 2.5,
      "Min_sample_leaves": 17,
      "N_estimators": 90,
      "criterion": "absolute_error"
    },
    "6": {
      "Max_depth": 8,
      "Min_impurity_decrease": 10.0,
      "Min_sample_leaves": 6,
      "N_estimators": 160,
      "criterion": "squared_error"
    },
    "7": {
      "Max_depth": 5,
      "Min_impurity_decrease": 2.0,
      "Min_sample_leaves": 11,
      "N_estimators": 60,
      "criterion": "poisson"
    },
    "8": {
      "Max_depth": 19,
      "Min_impurity_decrease": 3.0,
      "Min_sample_leaves": 2,
      "N_estimators": 10,
      "criterion": "absolute_error"
    },
    "9": {
      "Max_depth": 19,
      "Min_impurity_decrease": 9.25,
      "Min_sample_leaves": 12,
      "N_estimators": 40,
      "criterion": "squared_error"
    },
    "10": {
      "Max_depth": 4,
      "Min_impurity_decrease": 7.25,
      "Min_sample_leaves": 1,
      "N_estimators": 80,
      "criterion": "absolute_error"
    },
    "11": {
      "Max_depth": 6,
      "Min_impurity_decrease": 1.25,
      "Min_sample_leaves": 16,
      "N_estimators": 140,
      "criterion": "poisson"
    },
    "12": {
      "Max_depth": 12,
      "Min_impurity_decrease": 1.0,
      "Min_sample_leaves": 7,
      "N_estimators": 180,
      "criterion": "squared_error"
    },
    "13": {
      "Max_depth": 14,
      "Min_impurity_decrease": 9.5,
      "Min_sample_leaves": 5,
      "N_estimators": 70,
      "criterion": "squared_error"
    },
    "14": {
      "Max_depth": 9,
      "Min_impurity_decrease": 3.25,
      "Min_sample_leaves": 14,
      "N_estimators": 150,
      "criterion": "poisson"
    },
    "15": {
      "Max_depth": 1,
      "Min_impurity_decrease": 0.75,
      "Min_sample_leaves": 9,
      "N_estimators": 110,
      "criterion": "absolute_error"
    },
    "16": {
      "Max_depth": 17,
      "Min_impurity_decrease": 7.75,
      "Min_sample_leaves": 20,
      "N_estimators": 50,
      "criterion": "poisson"
    },
    "17": {
      "Max_depth": 16,
      "Min_impurity_decrease": 0.25,
      "Min_sample_leaves": 1,
      "N_estimators": 190,
      "criterion": "poisson"
    },
    "18": {
      "Max_depth": 1,
      "Min_impurity_decrease": 8.75,
      "Min_sample_leaves": 13,
      "N_estimators": 130,
      "criterion": "squared_error"
    },
    "19": {
      "Max_depth": 9,
      "Min_impurity_decrease": 3.75,
      "Min_sample_leaves": 8,
      "N_estimators": 100,
      "criterion": "poisson"
    },
    "20": {
      "Max_depth": 13,
      "Min_impurity_decrease": 4.75,
      "Min_sample_leaves": 16,
      "N_estimators": 30,
      "criterion": "absolute_error"
    },
    "21": {
      "Max_depth": 20,
      "Min_impurity_decrease": 4.5,
      "Min_sample_leaves": 19,
      "N_estimators": 200,
      "criterion": "squared_error"
    },