{
  "incumbent_ids": [
    3
  ],
  "rejected_config_ids": [
    2,
    1,
    4,
    5,
    6,
    7,
    8,
    9
  ],
  "incumbents_changed": 2,
  "trajectory": [
    {
      "config_ids": [
        1
      ],
      "costs": [
        0.2981159189739133
      ],
      "trial": 1,
      "walltime": 1.8241143226623535
    },
    {
      "config_ids": [
        3
      ],
      "costs": [
        0.12147751768092752
      ],
      "trial": 3,
      "walltime": 98.17679715156555
    }
  ],
  "state": {
    "queue": []
  }
}