{'Clndrs': 5.0, 'Volume': 121.0, 'Model': 80.0, 'origin': 2.0}, {'Clndrs': 6.0, 'Volume': 145.0, 'Model': 81.0, 'origin': 2.0}, {'Clndrs': 4.0, 'Volume': 141.0, 'Model': 79.0, 'origin': 2.0}, {'Clndrs': 5.0, 'Volume': 121.0, 'Model': 80.0, 'origin': 2.0}, {'Clndrs': 4.0, 'Volume': 122.0, 'Model': 74.0, 'origin': 1.0}, {'Clndrs': 4.0, 'Volume': 90.0, 'Model': 74.0, 'origin': 1.0}, {'Clndrs': 4.0, 'Volume': 85.0, 'Model': 76.0, 'origin': 1.0}, {'Clndrs': 4.0, 'Volume': 79.0, 'Model': 81.0, 'origin': 3.0}, {'Clndrs': 4.0, 'Volume': 97.0, 'Model': 70.0, 'origin': 2.0}, {'Clndrs': 4.0, 'Volume': 141.0, 'Model': 79.0, 'origin': 2.0}, {'Clndrs': 4.0, 'Volume': 98.0, 'Model': 79.0, 'origin': 1.0}, {'Clndrs': 4.0, 'Volume': 141.0, 'Model': 81.0, 'origin': 2.0}, {'Clndrs': 4.0, 'Volume': 97.0, 'Model': 71.0, 'origin': 2.0}, {'Clndrs': 4.0, 'Volume': 97.0, 'Model': 70.0, 'origin': 2.0}, {'Clndrs': 4.0, 'Volume': 97.5, 'Model': 72.0, 'origin': 1.0}, {'Clndrs': 4.0, 'Volume': 98.0, 'Model': 82.0, 'origin': 1.0}, {'Clndrs': 4.0, 'Volume': 97.0, 'Model': 82.0, 'origin': 2.0}, {'Clndrs': 5.0, 'Volume': 121.0, 'Model': 80.0, 'origin': 2.0}, {'Clndrs': 4.0, 'Volume': 97.0, 'Model': 82.0, 'origin': 2.0}, {'Clndrs': 4.0, 'Volume': 98.0, 'Model': 71.0, 'origin': 1.0}
0.31159152325128536, 0.4235521708778065, 0.3872631585390678, 0.31159152325128536, 0.42838252453376957, 0.4643845026319926, 0.30998225385304745, 0.30835304541281605, 0.3263298147356364, 0.3872631585390678, 0.3886093263676752, 0.419834366701459, 0.35266393508851945, 0.3263298147356364, 0.40278892307775394, 0.30706763493134415, 0.16745989117220028, 0.31159152325128536, 0.16745989117220028, 0.3578925042330301
1.2741622924804688, 0.4027748107910156, 0.21295642852783203, 0.4622061252593994, 0.7317636013031006, 0.43098020553588867, 0.797520637512207, 0.6847779750823975, 0.31256890296936035, 0.7132124900817871, 0.9359197616577148, 0.5614962577819824, 0.651604413986206, 0.5523061752319336, 0.339522123336792, 0.6701440811157227, 0.4479074478149414, 0.28571557998657227, 0.3504164218902588, 0.429645299911499