{'Spout_wait': 2.0, 'Spliters': 5.0, 'Counters': 10.0}, {'Spout_wait': 6.0, 'Spliters': 3.0, 'Counters': 10.0}, {'Spout_wait': 2.0, 'Spliters': 3.0, 'Counters': 1.0}, {'Spout_wait': 4.0, 'Spliters': 5.0, 'Counters': 10.0}, {'Spout_wait': 4.0, 'Spliters': 3.0, 'Counters': 3.0}, {'Spout_wait': 5.0, 'Spliters': 5.0, 'Counters': 7.0}, {'Spout_wait': 2.0, 'Spliters': 6.0, 'Counters': 15.0}, {'Spout_wait': 3.0, 'Spliters': 6.0, 'Counters': 14.0}, {'Spout_wait': 6.0, 'Spliters': 5.0, 'Counters': 7.0}, {'Spout_wait': 6.0, 'Spliters': 6.0, 'Counters': 6.0}, {'Spout_wait': 4.0, 'Spliters': 5.0, 'Counters': 17.0}, {'Spout_wait': 2.0, 'Spliters': 5.0, 'Counters': 6.0}, {'Spout_wait': 6.0, 'Spliters': 4.0, 'Counters': 2.0}, {'Spout_wait': 6.0, 'Spliters': 5.0, 'Counters': 17.0}, {'Spout_wait': 1.0, 'Spliters': 3.0, 'Counters': 13.0}, {'Spout_wait': 9.0, 'Spliters': 3.0, 'Counters': 11.0}, {'Spout_wait': 5.0, 'Spliters': 4.0, 'Counters': 18.0}, {'Spout_wait': 6.0, 'Spliters': 3.0, 'Counters': 1.0}, {'Spout_wait': 4.0, 'Spliters': 6.0, 'Counters': 10.0}, {'Spout_wait': 6.0, 'Spliters': 6.0, 'Counters': 10.0}
0.08551131741457396, 0.09227742886053691, 0.07964273981014114, 0.04928309323600877, 0.09353515321945194, 0.08539094303473094, 0.07335444121653811, 0.09754741702328729, 0.1408228797262545, 0.08898402607606437, 0.06898395533115131, 0.11909856211622682, 0.06473198371359523, 0.08072007172685369, 0.10539105949614747, 0.24948079479949592, 0.08604950129794131, 0.04227664546194576, 0.07305530287202056, 0.06527079973415661
1.0107698440551758, 0.8385939598083496, 0.6896374225616455, 0.6915416717529297, 0.3142545223236084, 0.890571117401123, 0.5463857650756836, 1.2016375064849854, 1.1448071002960205, 0.5987892150878906, 1.3758323192596436, 0.5396780967712402, 0.5545654296875, 0.8595795631408691, 0.6272828578948975, 0.9998800754547119, 1.4053947925567627, 1.1218256950378418, 1.2315974235534668, 0.8992693424224854