{'Spout_wait': 5.0, 'Spliters': 5.0, 'Counters': 1.0}, {'Spout_wait': 3.0, 'Spliters': 4.0, 'Counters': 15.0}, {'Spout_wait': 2.0, 'Spliters': 5.0, 'Counters': 14.0}, {'Spout_wait': 2.0, 'Spliters': 5.0, 'Counters': 14.0}, {'Spout_wait': 6.0, 'Spliters': 3.0, 'Counters': 1.0}, {'Spout_wait': 5.0, 'Spliters': 5.0, 'Counters': 1.0}, {'Spout_wait': 5.0, 'Spliters': 5.0, 'Counters': 10.0}, {'Spout_wait': 5.0, 'Spliters': 5.0, 'Counters': 1.0}, {'Spout_wait': 5.0, 'Spliters': 5.0, 'Counters': 10.0}, {'Spout_wait': 5.0, 'Spliters': 5.0, 'Counters': 10.0}, {'Spout_wait': 5.0, 'Spliters': 5.0, 'Counters': 1.0}, {'Spout_wait': 5.0, 'Spliters': 5.0, 'Counters': 1.0}, {'Spout_wait': 6.0, 'Spliters': 3.0, 'Counters': 1.0}, {'Spout_wait': 6.0, 'Spliters': 3.0, 'Counters': 15.0}, {'Spout_wait': 6.0, 'Spliters': 3.0, 'Counters': 1.0}, {'Spout_wait': 5.0, 'Spliters': 5.0, 'Counters': 1.0}, {'Spout_wait': 4.0, 'Spliters': 5.0, 'Counters': 10.0}, {'Spout_wait': 5.0, 'Spliters': 5.0, 'Counters': 1.0}, {'Spout_wait': 5.0, 'Spliters': 5.0, 'Counters': 10.0}, {'Spout_wait': 5.0, 'Spliters': 5.0, 'Counters': 10.0}
4.1023799471462397e-05, 0.050780020257953695, 0.04724666887988782, 0.04724666887988782, 0.04227664546194576, 4.1023799471462397e-05, 0.04293529150197439, 4.1023799471462397e-05, 0.04293529150197439, 0.04293529150197439, 4.1023799471462397e-05, 4.1023799471462397e-05, 0.04227664546194576, 0.06658807043310322, 0.04227664546194576, 4.1023799471462397e-05, 0.04928309323600877, 4.1023799471462397e-05, 0.04293529150197439, 0.04293529150197439
2.6382288932800293, 1.9383299350738525, 1.6755783557891846, 1.2284107208251953, 1.5525972843170166, 3.112642765045166, 2.8447351455688477, 3.855717897415161, 2.6868410110473633, 2.8834283351898193, 2.816452741622925, 2.6164190769195557, 2.0369434356689453, 1.7786023616790771, 2.9795048236846924, 3.526743173599243, 1.587165117263794, 1.3933143615722656, 2.0599329471588135, 1.82063627243042