{'Max_spout': 10000.0, 'Spliters': 2.0, 'Counters': 9.0}, {'Max_spout': 100000.0, 'Spliters': 1.0, 'Counters': 9.0}, {'Max_spout': 1000.0, 'Spliters': 2.0, 'Counters': 15.0}, {'Max_spout': 10000.0, 'Spliters': 2.0, 'Counters': 12.0}, {'Max_spout': 1000000.0, 'Spliters': 1.0, 'Counters': 9.0}, {'Max_spout': 10000.0, 'Spliters': 2.0, 'Counters': 12.0}, {'Max_spout': 100000.0, 'Spliters': 6.0, 'Counters': 1.0}, {'Max_spout': 1000000.0, 'Spliters': 1.0, 'Counters': 6.0}, {'Max_spout': 10000.0, 'Spliters': 2.0, 'Counters': 12.0}, {'Max_spout': 1000.0, 'Spliters': 2.0, 'Counters': 18.0}, {'Max_spout': 1000000.0, 'Spliters': 1.0, 'Counters': 9.0}, {'Max_spout': 10000.0, 'Spliters': 2.0, 'Counters': 12.0}, {'Max_spout': 1000000.0, 'Spliters': 2.0, 'Counters': 18.0}, {'Max_spout': 1000.0, 'Spliters': 2.0, 'Counters': 15.0}, {'Max_spout': 10000.0, 'Spliters': 2.0, 'Counters': 12.0}, {'Max_spout': 1000.0, 'Spliters': 2.0, 'Counters': 15.0}, {'Max_spout': 1000.0, 'Spliters': 2.0, 'Counters': 15.0}, {'Max_spout': 1000000.0, 'Spliters': 1.0, 'Counters': 6.0}, {'Max_spout': 10000.0, 'Spliters': 2.0, 'Counters': 18.0}, {'Max_spout': 10000.0, 'Spliters': 2.0, 'Counters': 15.0}
0.40832520008941975, 0.35166741075975727, 0.36892976043895076, 0.3482003422813653, 0.32012653299473015, 0.3482003422813653, 0.3984556230484778, 0.36846990554864756, 0.3482003422813653, 0.37732074296275253, 0.32012653299473015, 0.3482003422813653, 0.3164259069728935, 0.36892976043895076, 0.3482003422813653, 0.36892976043895076, 0.36892976043895076, 0.36846990554864756, 0.38803073678533906, 0.37396253693787807
1.575294017791748, 0.8534708023071289, 0.9318287372589111, 0.8149096965789795, 1.9424457550048828, 2.9342494010925293, 1.2412683963775635, 1.2105188369750977, 1.1186244487762451, 2.529071569442749, 2.908043146133423, 1.6695435047149658, 2.0834736824035645, 1.5647964477539062, 2.600071430206299, 1.3192012310028076, 1.3293533325195312, 1.8379979133605957, 1.5453417301177979, 1.355715036392212