{'Max_spout': 10000.0, 'Spliters': 2.0, 'Counters': 12.0}, {'Max_spout': 100000.0, 'Spliters': 2.0, 'Counters': 17.0}, {'Max_spout': 1000000.0, 'Spliters': 2.0, 'Counters': 9.0}, {'Max_spout': 10000.0, 'Spliters': 1.0, 'Counters': 6.0}, {'Max_spout': 10000.0, 'Spliters': 1.0, 'Counters': 18.0}, {'Max_spout': 100000.0, 'Spliters': 1.0, 'Counters': 7.0}, {'Max_spout': 10000.0, 'Spliters': 1.0, 'Counters': 14.0}, {'Max_spout': 10000.0, 'Spliters': 3.0, 'Counters': 13.0}, {'Max_spout': 1000.0, 'Spliters': 4.0, 'Counters': 12.0}, {'Max_spout': 100000.0, 'Spliters': 1.0, 'Counters': 14.0}, {'Max_spout': 1000000.0, 'Spliters': 6.0, 'Counters': 1.0}, {'Max_spout': 10000.0, 'Spliters': 2.0, 'Counters': 6.0}, {'Max_spout': 100.0, 'Spliters': 6.0, 'Counters': 2.0}, {'Max_spout': 1000000.0, 'Spliters': 2.0, 'Counters': 18.0}, {'Max_spout': 10000.0, 'Spliters': 2.0, 'Counters': 17.0}, {'Max_spout': 100000.0, 'Spliters': 3.0, 'Counters': 14.0}, {'Max_spout': 100.0, 'Spliters': 2.0, 'Counters': 18.0}, {'Max_spout': 100000.0, 'Spliters': 3.0, 'Counters': 13.0}, {'Max_spout': 100000.0, 'Spliters': 2.0, 'Counters': 12.0}, {'Max_spout': 10000.0, 'Spliters': 3.0, 'Counters': 2.0}
0.16476005941792837, 0.12371969767889157, 0.2103927465921025, 0.24702705477618103, 0.24324610341910924, 0.2872648310416718, 0.2503918831855877, 0.28619693005929525, 0.31589143360957284, 0.2577068564681886, 0.3128116492913352, 0.2392286039050402, 0.3415261144593673, 0.13380251720146819, 0.13361873109709843, 0.280387931922528, 0.3072431537538005, 0.2942828815365135, 0.14512965696185742, 0.24761777002500884
1.8213584423065186, 1.1765713691711426, 1.8927502632141113, 0.7475261688232422, 1.1836636066436768, 1.0001425743103027, 0.887331485748291, 1.809316635131836, 0.8890504837036133, 1.0536651611328125, 1.4275095462799072, 1.041656732559204, 1.1898219585418701, 0.757983922958374, 0.8910079002380371, 0.7020623683929443, 0.8309509754180908, 1.08526611328125, 0.9230763912200928, 0.8604412078857422