{'Max_spout': 1.0, 'Spliters': 1.0, 'Counters': 9.0}, {'Max_spout': 1.0, 'Spliters': 2.0, 'Counters': 1.0}, {'Max_spout': 1.0, 'Spliters': 1.0, 'Counters': 9.0}, {'Max_spout': 1.0, 'Spliters': 1.0, 'Counters': 6.0}, {'Max_spout': 1.0, 'Spliters': 1.0, 'Counters': 18.0}, {'Max_spout': 1.0, 'Spliters': 2.0, 'Counters': 15.0}, {'Max_spout': 1.0, 'Spliters': 1.0, 'Counters': 15.0}, {'Max_spout': 1.0, 'Spliters': 1.0, 'Counters': 15.0}, {'Max_spout': 1.0, 'Spliters': 2.0, 'Counters': 9.0}, {'Max_spout': 1.0, 'Spliters': 1.0, 'Counters': 18.0}, {'Max_spout': 1.0, 'Spliters': 1.0, 'Counters': 12.0}, {'Max_spout': 1.0, 'Spliters': 1.0, 'Counters': 12.0}, {'Max_spout': 1.0, 'Spliters': 1.0, 'Counters': 18.0}, {'Max_spout': 10.0, 'Spliters': 3.0, 'Counters': 18.0}, {'Max_spout': 1.0, 'Spliters': 1.0, 'Counters': 18.0}, {'Max_spout': 1.0, 'Spliters': 1.0, 'Counters': 12.0}, {'Max_spout': 1.0, 'Spliters': 2.0, 'Counters': 9.0}, {'Max_spout': 1000.0, 'Spliters': 2.0, 'Counters': 1.0}, {'Max_spout': 1.0, 'Spliters': 1.0, 'Counters': 18.0}, {'Max_spout': 1.0, 'Spliters': 2.0, 'Counters': 12.0}
0.0018937558904615903, 0.003421972853229538, 0.0018937558904615903, 0.003361783712524935, 0.0015707897696076722, 0.005399406329548717, 0.002165341037543289, 0.002165341037543289, 0.007009832850352171, 0.0015707897696076722, 0.0, 0.0, 0.0015707897696076722, 0.17072576359467162, 0.0015707897696076722, 0.0, 0.007009832850352171, 0.0698663801076358, 0.0015707897696076722, 0.006037998432146252
2.060554027557373, 2.161681890487671, 2.42214035987854, 2.1621077060699463, 1.6734209060668945, 1.4239375591278076, 1.4978928565979004, 1.0880625247955322, 2.4087038040161133, 0.8761999607086182, 0.7755589485168457, 1.5809316635131836, 0.9890482425689697, 1.413116693496704, 2.2459490299224854, 1.2256314754486084, 2.527996301651001, 1.5250847339630127, 1.5086379051208496, 0.6426596641540527