{'Max_spout': 1.0, 'Spliters': 1.0, 'Counters': 12.0}, {'Max_spout': 1.0, 'Spliters': 2.0, 'Counters': 1.0}, {'Max_spout': 1.0, 'Spliters': 1.0, 'Counters': 15.0}, {'Max_spout': 1.0, 'Spliters': 1.0, 'Counters': 15.0}, {'Max_spout': 1.0, 'Spliters': 1.0, 'Counters': 15.0}, {'Max_spout': 1.0, 'Spliters': 1.0, 'Counters': 15.0}, {'Max_spout': 1.0, 'Spliters': 1.0, 'Counters': 15.0}, {'Max_spout': 1.0, 'Spliters': 2.0, 'Counters': 15.0}, {'Max_spout': 1.0, 'Spliters': 1.0, 'Counters': 3.0}, {'Max_spout': 1.0, 'Spliters': 1.0, 'Counters': 9.0}, {'Max_spout': 1.0, 'Spliters': 1.0, 'Counters': 12.0}, {'Max_spout': 1.0, 'Spliters': 1.0, 'Counters': 12.0}, {'Max_spout': 1.0, 'Spliters': 1.0, 'Counters': 15.0}, {'Max_spout': 10000.0, 'Spliters': 3.0, 'Counters': 1.0}, {'Max_spout': 1.0, 'Spliters': 1.0, 'Counters': 15.0}, {'Max_spout': 1.0, 'Spliters': 1.0, 'Counters': 12.0}, {'Max_spout': 1.0, 'Spliters': 1.0, 'Counters': 15.0}, {'Max_spout': 1.0, 'Spliters': 3.0, 'Counters': 12.0}, {'Max_spout': 1.0, 'Spliters': 1.0, 'Counters': 15.0}, {'Max_spout': 1.0, 'Spliters': 2.0, 'Counters': 1.0}
0.0008150532127657595, 0.0019045801973868182, 0.0, 0.0, 0.0, 0.0, 0.0, 0.003507908693956674, 0.0019296845057882317, 0.0012736252462314246, 0.0008150532127657595, 0.0008150532127657595, 0.0, 0.06990210993344015, 0.0, 0.0008150532127657595, 0.0, 0.01014716145584904, 0.0, 0.0019045801973868182
1.7410197257995605, 2.2856833934783936, 2.7114298343658447, 2.459573268890381, 1.939180612564087, 2.4405410289764404, 1.6864144802093506, 0.7464132308959961, 2.4718854427337646, 1.0236589908599854, 1.199890375137329, 1.6112053394317627, 1.8870127201080322, 3.087462902069092, 2.145664930343628, 1.7924573421478271, 2.5010547637939453, 2.194455862045288, 1.534625768661499, 0.3615303039550781