{"config": {"BORERATIO": 0.519071385, "BORERATIO_SQUARED": 14.44, "BRAND": 9.0, "CARBODY": 0.0, "CARHEIGHT": -1.44607126, "CARHEIGHT_SQUARED": 2948.49, "CARLENGTH": -0.686532697, "CARLENGTH_SQUARED": 35645.44, "CARWIDTH": 2.987055569, "CARWIDTH_SQUARED": 4747.21, "CAR_ID": 1.0, "CITYMPG": -0.033635707, "CITYMPG_SQUARED": 625.0, "COMPRESSIONRATIO": -0.793101079, "COMPRESSIONRATIO_SQUARED": 70.56, "CURBWEIGHT": 0.516807182, "CURBWEIGHT_SQUARED": 7941124.0, "CYLINDERNUMBER": 2.0, "ENGINELOCATION": 1.0, "ENGINESIZE": 1.302151626, "ENGINESIZE_SQUARED": 37636.0, "ENGINETYPE": 1.0, "FUELSYSTEM": 7.0, "HIGHWAYMPG": 2.219739417, "HIGHWAYMPG_SQUARED": 1156.0, "HORSEPOWER": -0.053667985, "HORSEPOWER_SQUARED": 40000.0, "LOG_ENGINESIZE": 5.159055299, "MODEL": 78.0, "PEAKRPM": -0.05279708, "PEAKRPM_SQUARED": "24010000", "POWER_TO_WEIGHT_RATIO": 0.033858727, "STROKE": -1.136122692, "STROKE_SQUARED": 12.0409, "SYMBOLING": 3.0, "WHEELBASE": 3.686225214, "WHEELBASE_SQUARED": 10404.0, "carname": "volvo 144ea"}, "score": 0.5503846317424034, "info": {}}