{
  "DE_params": {
    "mutation_factor": 0.5,
    "crossover_prob": 0.5,
    "strategy": "rand1_bin",
    "configspace": true,
    "boundary_fix_type": "random",
    "max_age": Infinity,
    "dimensions": 31,
    "output_path": "../results/tmp/DEHB_tmp/dehb_20251208-045826_6bec",
    "async_strategy": "immediate"
  },
  "HB_params": {
    "min_fidelity": 1,
    "max_fidelity": 10,
    "min_clip": null,
    "max_clip": null,
    "eta": 3
  },
  "internals": {
    "initial_configs": [
      {
        "config_id": 0,
        "config": [
          0.4603174603174603,
          0.0,
          0.7804666774944508,
          0.22791690933799263,
          0.31115,
          0.052795031055900624,
          0.05835,
          0.007501125168775317,
          0.9411764705882353,
          0.27586206896551724,
          0.0,
          0.4541955350269438,
          0.07404654354165476,
          0.05395,
          0.6055630783118935,
          0.625,
          0.5,
          0.6428571428571429,
          0.47368421052631576,
          0.0,
          0.06022393738449831,
          0.13155097267991922,
          0.45255,
          0.8992600361242207,
          0.0249,
          0.31785,
          0.8,
          0.3333333333333333,
          0.25,
          0.4,
          0.5
        ],
        "results": {
          "1.1111111111111112": {
            "score": Infinity,
            "cost": -1,
            "info": {}
          }
        }
      },
      {
        "config_id": 1,
        "config": [
          0.5079365079365079,
          0.5,
          0.10107736451735153,
          0.07804309842748981,
          0.2505,
          0.2919254658385093,
          0.54635,
          0.8438765814872231,
          0.0,
          0.6896551724137931,
          0.5,
          0.03926096997690531,
          0.9451655326205043,
          0.7713,
          0.15194087113518392,
          0.125,
          0.16666666666666666,
          0.6428571428571429,
          0.2894736842105263,
          0.0,
          0.4036308294379824,
          0.6125225895609653,
          0.633,
          0.9067762046262309,
          0.12915,
          0.2867,
          0.8,
          0.0,
          0.25,
          0.8,
          0.5
        ],
        "results": {
          "1.1111111111111112": {
            "score": Infinity,
            "cost": -1,
            "info": {}
          }
        }
      },
      {
        "config_id": 2,
        "config": [
          0.047619047619047616,
          0.5,
          0.4642953819500839,
          0.6705494078819647,
          0.3931,
          0.40683229813664595,
          0.11585,
          0.6904535680352053,
          0.058823529411764705,
          0.7586206896551724,
          0.0,
          0.16474210931485758,
          0.37349190920006864,
          0.38185,
          0.5619498984427894,
          0.875,
          0.5,
          0.14285714285714285,
          0.15789473684210525,
          0.0,
          0.42330688118273724,
          0.7303603699372807,
          0.1256,
          0.8662238536386413,
          0.32715,
          0.61285,
          0.0,
          0.6666666666666666,
          0.5,
          0.6,
          0.25
        ],
        "results": {
          "1.1111111111111112": {
            "score": Infinity,
            "cost": -1,
            "info": {}
          }
        }
      },
      {
        "config_id": 3,
        "config": [
          0.2222222222222222,
          0.0,
          0.5718694169238265,
          0.46243447874199184,
          0.5303,
          0.7670807453416149,
          0.53565,
          0.8411761764264639,
          0.7647058823529411,
          0.7586206896551724,
          0.5,
          0.07390300230946882,
          0.40259591743381556,
          0.21855,
          0.2734145791017829,
          0.0,
          0.6666666666666666,
          0.35714285714285715,
          0.5526315789473685,
          0.0,
          0.29242308946624634,
          0.7218029127245668,
          0.443,
          0.02575307347200373,
          0.46815,
          0.1176,
          0.8,
          0.6666666666666666,
          0.25,
          0.6,
          0.75
        ],
        "results": {
          "1.1111111111111112": {
            "score": Infinity,
            "cost": -1,
            "info": {}
          }
        }
      },
      {
        "config_id": 4,
        "config": [
          0.30158730158730157,
          0.0,
          0.26176168047209136,
          0.8596389050669773,
          0.92825,
          0.19875776397515527,
          0.53595,
          0.06911036655498325,
          0.9411764705882353,
          0.3793103448275862,
          0.0,
          0.04311008468052348,
          0.10240722740008006,
          0.87625,
          0.7919205596930715,
          0.75,
          0.16666666666666666,
          0.42857142857142855,
          0.07894736842105263,
          0.0,
          0.23274268942276335,
          0.4197937705963644,
          0.1094,
          0.9748878401211909,
          0.33585,
          0.00035,
          0.4,
          0.3333333333333333,
          0.25,
          0.2,
          0.25
        ],
        "results": {
          "1.1111111111111112": {
            "score": Infinity,
            "cost": -1,
            "info": {}
          }
        }
      },
      {
        "config_id": 5,
        "config": [
          0.6666666666666666,
          0.5,
          0.2248930756320719,
          0.9268103280916327,
          0.54145,
          0.2701863354037267,
          0.9506,
          0.4866229934490173,
          0.8235294117647058,
          0.6896551724137931,
          0.0,
          0.45958429561200925,
          0.6347990165246726,
          0.67455,
          0.377849243962988,
          0.0,
          0.6666666666666666,
          0.6428571428571429,
          0.6842105263157895,
          0.0,
          0.3761278399826068,
          0.8467630487934517,
          0.2245,
          0.09689448231661131,
          0.39375,
          0.14255,
          0.0,
          0.6666666666666666,
          0.0,
          0.2,
          0.25
        ],
        "results": {
          "1.1111111111111112": {
            "score": Infinity,
            "cost": -1,
            "info": {}
          }
        }
      },
      {
        "config_id": 6,
        "config": [
          0.15873015873015872,
          0.5,
          0.0259866818255644,
          0.5888177052999417,
          0.36175,
          0.4440993788819876,
          0.78915,
          0.5108766314947242,
          0.4117647058823529,
          0.1724137931034483,
          0.0,
          0.6166281755196305,
          0.6509234375893419,
          0.14545,
          0.8991198375084631,
          0.875,
          0.16666666666666666,
          0.2857142857142857,
          0.47368421052631576,
          0.5,
          0.42319817371453416,
          0.058520250877006484,
          0.65095,
          0.5136631125094681,
          0.5227,
          0.49205,
          0.8,
          0.0,
          0.0,
          0.2,
          0.5
        ],
        "results": {
          "1.1111111111111112": {
            "score": Infinity,
            "cost": -1,
            "info": {}
          }
        }
      },
      {
        "config_id": 7,