{
  "stats": {
    "submitted": 20,
    "finished": 20,
    "running": 0
  },
  "data": [
    [
      1,
      null,
      218175338,
      null,
      0.0,
      2.748028516769409,
      1,
      1763067464.8830087,
      1763067467.6654823,
      {}
    ],
    [
      2,
      null,
      218175338,
      null,
      0.0,
      2.1523427963256836,
      1,
      1763067467.6714733,
      1763067469.855358,
      {}
    ],
    [
      3,
      null,
      218175338,
      null,
      0.0,
      3.3610589504241943,
      1,
      1763067469.8583243,
      1763067473.2513916,
      {}
    ],
    [
      4,
      null,
      218175338,
      null,
      1.0,
      2.2330222129821777,
      1,
      1763067473.2552447,
      1763067475.5253584,
      {}
    ],
    [
      5,
      null,
      218175338,
      null,
      0.0,
      2.356050729751587,
      1,
      1763067475.5287187,
      1763067477.9219513,
      {}
    ],
    [
      6,
      null,
      218175338,
      null,
      0.0,
      2.3237617015838623,
      1,
      1763067477.9253268,
      1763067480.2844603,
      {}
    ],
    [
      7,
      null,
      218175338,
      null,
      0.0,
      2.764841318130493,
      1,
      1763067480.2896554,
      1763067483.0923603,
      {}
    ],
    [
      8,
      null,
      218175338,
      null,
      0.0,
      2.376175880432129,
      1,
      1763067483.0962791,
      1763067485.5106637,
      {}
    ],
    [
      9,
      null,
      218175338,
      null,
      0.0,
      2.3536620140075684,
      1,
      1763067485.5147045,
      1763067487.904263,
      {}
    ],
    [
      10,
      null,
      218175338,
      null,
      0.0,
      2.2686030864715576,
      1,
      1763067487.9074147,
      1763067490.2084048,
      {}
    ],
    [
      11,
      null,
      218175338,
      null,
      1.0,
      2.286700487136841,
      1,
      1763067490.2119248,
      1763067492.53238,
      {}
    ],
    [
      12,
      null,
      218175338,
      null,
      0.0,
      2.508172035217285,
      1,
      1763067492.5360816,
      1763067495.0791833,
      {}
    ],
    [
      13,
      null,
      218175338,
      null,
      0.0,
      2.2266454696655273,
      1,
      1763067495.0827742,
      1763067497.3449728,
      {}
    ],
    [
      14,
      null,
      218175338,
      null,
      0.0,
      2.404815196990967,
      1,
      1763067497.3483965,
      1763067499.7877312,
      {}
    ],
    [
      15,
      null,
      218175338,
      null,
      1.0,
      2.262578248977661,
      1,
      1763067499.7914622,
      1763067502.0987709,
      {}
    ],
    [
      16,
      null,
      218175338,
      null,
      0.0,
      2.211301326751709,
      1,
      1763067502.1031682,
      1763067504.3491592,
      {}
    ],
    [
      17,
      null,
      218175338,
      null,
      0.0,
      2.31585955619812,
      1,
      1763067504.3538337,
      1763067506.7065992,
      {}
    ],
    [
      18,
      null,
      218175338,
      null,
      0.0,
      2.30550479888916,
      1,
      1763067506.7106285,
      1763067509.0483236,
      {}
    ],
    [
      19,
      null,
      218175338,
      null,
      0.0,
      2.1570935249328613,
      1,
      1763067509.0528839,
      1763067511.2461672,
      {}
    ],
    [
      20,
      null,
      218175338,
      null,
      1.0,
      2.0911571979522705,
      1,
      1763067511.250294,
      1763067513.3774042,
      {}
    ]
  ],
  "configs": {
    "1": {
      "row_id": "7436"
    },
    "2": {
      "row_id": "4358"
    },
    "3": {
      "row_id": "1036"
    },
    "4": {
      "row_id": "7941"
    },
    "5": {
      "row_id": "9128"
    },
    "6": {
      "row_id": "2203"
    },
    "7": {
      "row_id": "3025"
    },
    "8": {
      "row_id": "6122"
    },
    "9": {
      "row_id": "5624"
    },
    "10": {
      "row_id": "3679"
    },
    "11": {
      "row_id": "1685"
    },
    "12": {
      "row_id": "9802"
    },
    "13": {
      "row_id": "8439"
    },
    "14": {
      "row_id": "381"
    },
    "15": {
      "row_id": "4876"
    },
    "16": {
      "row_id": "6762"
    },
    "17": {
      "row_id": "6397"
    },
    "18": {
      "row_id": "4454"
    },
    "19": {
      "row_id": "278"
    },
    "20": {
      "row_id": "8392"
    }
  },
  "config_origins": {
    "1": "Initial Design: Sobol",
    "2": "Initial Design: Sobol",
    "3": "Initial Design: Sobol",
    "4": "Initial Design: Sobol",
    "5": "Initial Design: Sobol",
    "6": "Initial Design: Sobol",
    "7": "Initial Design: Sobol",
    "8": "Initial Design: Sobol",
    "9": "Initial Design: Sobol",
    "10": "Initial Design: Sobol",
    "11": "Initial Design: Sobol",
    "12": "Initial Design: Sobol",
    "13": "Initial Design: Sobol",
    "14": "Initial Design: Sobol",
    "15": "Initial Design: Sobol",
    "16": "Initial Design: Sobol",
    "17": "Initial Design: Sobol",
    "18": "Initial Design: Sobol",
    "19": "Initial Design: Sobol",
    "20": "Initial Design: Sobol"
  }
}