{
  "incumbent_ids": [
    2
  ],
  "rejected_config_ids": [
    1,
    3,
    4,
    5,
    6,
    7,
    8,
    9
  ],
  "incumbents_changed": 2,
  "trajectory": [
    {
      "config_ids": [
        1
      ],
      "costs": [
        0.31122215815196974
      ],
      "trial": 1,
      "walltime": 1.5185787677764893
    },
    {
      "config_ids": [
        2
      ],
      "costs": [
        0.127849795356339
      ],
      "trial": 2,
      "walltime": 87.37037992477417
    }
  ],
  "state": {
    "queue": []
  }
}