{
  "DE_params": {
    "mutation_factor": 0.5,
    "crossover_prob": 0.5,
    "strategy": "rand1_bin",
    "configspace": true,
    "boundary_fix_type": "random",
    "max_age": Infinity,
    "dimensions": 24,
    "output_path": "../results/tmp/DEHB_tmp/dehb_20251208-050310_82d8",
    "async_strategy": "immediate"
  },
  "HB_params": {
    "min_fidelity": 1,
    "max_fidelity": 10,
    "min_clip": null,
    "max_clip": null,
    "eta": 3
  },
  "internals": {
    "initial_configs": [
      {
        "config_id": 0,
        "config": [
          0.6983016983016983,
          0.12887112887112886,
          0.9090909090909091,
          0.717948717948718,
          0.7017584451642758,
          0.4507090971982013,
          0.03440291101554747,
          0.12739174219536759,
          0.0,
          0.5094905094905094,
          0.0,
          0.8493245583650849,
          0.31868131868131866,
          0.0,
          0.0,
          0.5908863294942414,
          0.43309859154929575,
          0.10181451612903226,
          0.0,
          0.9754016064257028,
          0.6013986013986014,
          0.23478561549100968,
          0.7732267732267732,
          0.8640776699029126
        ],
        "results": {
          "1.1111111111111112": {
            "score": Infinity,
            "cost": -1,
            "info": {}
          }
        }
      },
      {
        "config_id": 1,
        "config": [
          0.965034965034965,
          0.22377622377622378,
          0.4225774225774226,
          0.722473604826546,
          0.5906987505784359,
          0.8062953995157385,
          0.24501047524534128,
          0.31369587109768376,
          0.0,
          0.017982017982017984,
          0.0,
          0.4534118462071354,
          0.6773226773226774,
          0.0,
          0.0,
          0.8112168252378568,
          0.9693158953722334,
          0.8765120967741935,
          0.0,
          0.8669678714859438,
          0.055944055944055944,
          0.646957123098202,
          0.5234765234765235,
          0.6029819694868238
        ],
        "results": {
          "1.1111111111111112": {
            "score": Infinity,
            "cost": -1,
            "info": {}
          }
        }
      },
      {
        "config_id": 2,
        "config": [
          0.012987012987012988,
          0.3066933066933067,
          0.14785214785214784,
          0.16138763197586728,
          0.4974548819990745,
          0.22414389484607403,
          0.049068254493328925,
          0.7487411883182276,
          0.0,
          0.5044955044955045,
          0.0,
          0.3491513682022861,
          0.057942057942057944,
          0.0,
          0.0,
          0.008512769153730596,
          0.6810865191146881,
          0.7963709677419355,
          0.0,
          0.07228915662650602,
          0.5444555444555444,
          0.8561549100968188,
          0.9600399600399601,
          0.06588072122052704
        ],
        "results": {
          "1.1111111111111112": {
            "score": Infinity,
            "cost": -1,
            "info": {}
          }
        }
      },
      {
        "config_id": 3,
        "config": [
          0.3886113886113886,
          0.8801198801198801,
          0.8191808191808192,
          0.8074409250879839,
          0.41601110596945856,
          0.9325492909028018,
          0.43985003859300914,
          0.9113796576032226,
          0.0,
          0.3706293706293706,
          0.0,
          0.542085209560097,
          0.983016983016983,
          0.0,
          0.0,
          0.21081622433650477,
          0.857645875251509,
          0.5619959677419355,
          0.0,
          0.4186746987951807,
          0.8601398601398601,
          0.6715076071922544,
          0.08391608391608392,
          0.3859223300970874
        ],
        "results": {
          "1.1111111111111112": {
            "score": Infinity,
            "cost": -1,
            "info": {}
          }
        }
      },
      {
        "config_id": 4,
        "config": [
          0.28471528471528473,
          0.4885114885114885,
          0.027972027972027972,
          0.8793363499245852,
          0.7940768162887553,
          0.5012106537530266,
          0.9525857316131878,
          0.4390735146022155,
          0.0,
          0.36163836163836166,
          0.0,
          0.6380325597506061,
          0.7182817182817183,
          0.0,
          0.0,
          0.016524787180771158,
          0.7293762575452716,
          0.3341733870967742,
          0.0,
          0.32680722891566266,
          0.8261738261738262,
          0.7157676348547718,
          0.6293706293706294,
          0.1317614424410541
        ],
        "results": {
          "1.1111111111111112": {
            "score": Infinity,
            "cost": -1,
            "info": {}
          }
        }
      },
      {
        "config_id": 5,
        "config": [
          0.7732267732267732,
          0.8901098901098901,
          0.14085914085914086,
          0.21669180492709905,
          0.6367422489588154,
          0.1836734693877551,
          0.9610761936266402,
          0.9914400805639476,
          0.0,
          0.37162837162837165,
          0.0,
          0.5486664357464496,
          0.5394605394605395,
          0.0,
          0.0,
          0.9384076114171257,
          0.93158953722334,
          0.6698588709677419,
          0.0,
          0.21385542168674698,
          0.98001998001998,
          0.7724757952973721,
          0.7212787212787213,
          0.04680998613037448
        ],
        "results": {
          "1.1111111111111112": {
            "score": Infinity,
            "cost": -1,
            "info": {}
          }
        }
      },
      {
        "config_id": 6,
        "config": [
          0.28771228771228774,
          0.8011988011988012,
          0.9040959040959041,
          0.8622423328305682,
          0.5705691809347524,
          0.1234866828087167,
          0.10750909692358585,
          0.3932527693856999,
          0.0,
          0.6213786213786214,
          0.0,
          0.8029095947350191,
          0.4865134865134865,
          0.0,
          0.0,
          0.00200300450676014,
          0.22032193158953722,
          0.6703629032258065,
          0.0,
          0.518574297188755,
          0.3166833166833167,
          0.7468879668049793,
          0.2037962037962038,
          0.6109570041608876
        ],
        "results": {
          "1.1111111111111112": {
            "score": Infinity,
            "cost": -1,
            "info": {}
          }
        }
      },
      {
        "config_id": 7,
        "config": [
          0.43356643356643354,
          0.9270729270729271,
          0.6453546453546454,
          0.11010558069381599,
          0.6855622397038408,
          0.35247319266689725,
          0.7519020840224943,
          0.5468277945619335,
          0.0,
          0.7292707292707292,
          0.0,
          0.3432629026671285,
          0.5344655344655345,
          0.0,
          0.0,
          0.7310966449674512,
          0.6951710261569416,
          0.10534274193548387,
          0.0,
          0.6114457831325302,
          0.11788211788211789,
          0.35131396957123096,
          0.14185814185814186,
          0.625866851595007
        ],
        "results": {
          "1.1111111111111112": {
            "score": Infinity,
            "cost": -1,
            "info": {}
          }
        }
      },
      {
        "config_id": 8,