{
  "incumbent_ids": [
    14
  ],
  "rejected_config_ids": [
    1,
    3,
    4,
    5,
    6,
    7,
    8,
    9,
    10,
    11,
    12,
    13,
    2,
    15,
    16,
    17,
    18,
    19,
    20,
    21,
    22,
    23,
    24
  ],
  "incumbents_changed": 3,
  "trajectory": [
    {
      "config_ids": [
        1
      ],
      "costs": [
        0.2543266144403207
      ],
      "trial": 1,
      "walltime": 0.013671159744262695
    },
    {
      "config_ids": [
        2
      ],
      "costs": [
        0.1920272704427053
      ],
      "trial": 2,
      "walltime": 0.0266873836517334
    },
    {
      "config_ids": [
        14
      ],
      "costs": [
        0.15727822926106438
      ],
      "trial": 14,
      "walltime": 5.574840068817139
    }
  ],
  "state": {
    "queue": [
      [
        24,
        1
      ]
    ]
  }
}