{"config": {"Criticality": 0.1614472399366698, "Criticality Modifier": 0.2351580898369779, "Culture": 0.8500281717318279, "Dynamism": 0.9078532010869294, "Initial Known": 0.8927398697921725, "Inter-Dependency": 0.2188125545564365, "Plan": 0.5281155968374581, "Size": 0.2031106265419409, "Team Size": 0.2407671292165759}, "score": 0.10121975199831323, "info": {}}