{
  "incumbent_ids": [
    5
  ],
  "rejected_config_ids": [
    1,
    3,
    2,
    4,
    6
  ],
  "incumbents_changed": 4,
  "trajectory": [
    {
      "config_ids": [
        1
      ],
      "costs": [
        0.45100403643122333
      ],
      "trial": 1,
      "walltime": 0.008536815643310547
    },
    {
      "config_ids": [
        2
      ],
      "costs": [
        0.391255279387965
      ],
      "trial": 2,
      "walltime": 1.3332805633544922
    },
    {
      "config_ids": [
        4
      ],
      "costs": [
        0.3584545102533929
      ],
      "trial": 4,
      "walltime": 1.3479862213134766
    },
    {
      "config_ids": [
        5
      ],
      "costs": [
        0.3141789618303319
      ],
      "trial": 5,
      "walltime": 1.3557636737823486
    }
  ],
  "state": {
    "queue": [
      [
        6,
        1
      ]
    ]
  }
}