{"config": {"Criticality": 0.6652720308326069, "Criticality Modifier": 0.1371796516119842, "Culture": 0.0653418953326145, "Dynamism": 0.5629612801678324, "Initial Known": 0.8093319734044693, "Inter-Dependency": 0.086653280556124, "Plan": 0.71519463166394, "Size": 0.8723293548253075, "Team Size": 0.5873184519305648}, "score": 0.1571841613515521, "info": {}}