{
  "incumbent_ids": [
    6
  ],
  "rejected_config_ids": [
    2,
    3,
    4,
    5,
    1,
    7,
    8,
    9
  ],
  "incumbents_changed": 2,
  "trajectory": [
    {
      "config_ids": [
        1
      ],
      "costs": [
        0.43541451378722784
      ],
      "trial": 1,
      "walltime": 0.4697902202606201
    },
    {
      "config_ids": [
        6
      ],
      "costs": [
        0.3212402002741708
      ],
      "trial": 6,
      "walltime": 11.92885971069336
    }
  ],
  "state": {
    "queue": []
  }
}