{
  "incumbent_ids": [
    10
  ],
  "rejected_config_ids": [
    1,
    3,
    4,
    5,
    6,
    2,
    8,
    9,
    7,
    11,
    12,
    13,
    14,
    15,
    16,
    17,
    18,
    19,
    20
  ],
  "incumbents_changed": 4,
  "trajectory": [
    {
      "config_ids": [
        1
      ],
      "costs": [
        0.6292615966005307
      ],
      "trial": 1,
      "walltime": 2.6121909618377686
    },
    {
      "config_ids": [
        2
      ],
      "costs": [
        0.5975678982562058
      ],
      "trial": 2,
      "walltime": 6.375868320465088
    },
    {
      "config_ids": [
        7
      ],
      "costs": [
        0.5968196080309519
      ],
      "trial": 7,
      "walltime": 18.455939054489136
    },
    {
      "config_ids": [
        10
      ],
      "costs": [
        0.5730026405022574
      ],
      "trial": 10,
      "walltime": 27.105069875717163
    }
  ],
  "state": {
    "queue": []
  }
}