{
  "incumbent_ids": [
    2
  ],
  "rejected_config_ids": [
    1
  ],
  "incumbents_changed": 2,
  "trajectory": [
    {
      "config_ids": [
        1
      ],
      "costs": [
        0.6051994586136791
      ],
      "trial": 1,
      "walltime": 3.94573974609375
    },
    {
      "config_ids": [
        2
      ],
      "costs": [
        0.5810036871315318
      ],
      "trial": 2,
      "walltime": 7.6246795654296875
    }
  ],
  "state": {
    "queue": []
  }
}