{
  "incumbent_ids": [
    2
  ],
  "rejected_config_ids": [
    1,
    3,
    4,
    5,
    6,
    7,
    8,
    9,
    10,
    11,
    12
  ],
  "incumbents_changed": 2,
  "trajectory": [
    {
      "config_ids": [
        1
      ],
      "costs": [
        0.3059660290250654
      ],
      "trial": 1,
      "walltime": 0.01329946517944336
    },
    {
      "config_ids": [
        2
      ],
      "costs": [
        0.18450938948853812
      ],
      "trial": 2,
      "walltime": 1.5534234046936035
    }
  ],
  "state": {
    "queue": [
      [
        12,
        1
      ]
    ]
  }
}