{
  "incumbent_ids": [
    9
  ],
  "rejected_config_ids": [
    1,
    3,
    4,
    5,
    2,
    7,
    8,
    6,
    10
  ],
  "incumbents_changed": 4,
  "trajectory": [
    {
      "config_ids": [
        1
      ],
      "costs": [
        0.5352652386804555
      ],
      "trial": 1,
      "walltime": 0.2789180278778076
    },
    {
      "config_ids": [
        2
      ],
      "costs": [
        0.4077648701753406
      ],
      "trial": 2,
      "walltime": 0.547041654586792
    },
    {
      "config_ids": [
        6
      ],
      "costs": [
        0.35031684728417545
      ],
      "trial": 6,
      "walltime": 1.8142433166503906
    },
    {
      "config_ids": [
        9
      ],
      "costs": [
        0.3440104580768908
      ],
      "trial": 9,
      "walltime": 3.0220251083374023
    }
  ],
  "state": {
    "queue": []
  }
}