{
  "stats": {
    "submitted": 20,
    "finished": 20,
    "running": 0
  },
  "data": [
    [
      1,
      null,
      645852458,
      null,
      0.6357127021863044,
      2.3406026363372803,
      1,
      1763063593.0630293,
      1763063595.4385478,
      {}
    ],
    [
      2,
      null,
      645852458,
      null,
      0.7004118110435448,
      1.9899439811706543,
      1,
      1763063595.4410462,
      1763063597.461649,
      {}
    ],
    [
      3,
      null,
      645852458,
      null,
      0.6398361013269569,
      2.1970009803771973,
      1,
      1763063597.4643283,
      1763063599.693379,
      {}
    ],
    [
      4,
      null,
      645852458,
      null,
      0.6105398570526256,
      1.9980454444885254,
      1,
      1763063599.696117,
      1763063601.7250488,
      {}
    ],
    [
      5,
      null,
      645852458,
      null,
      0.604397358368234,
      1.9926142692565918,
      1,
      1763063601.7283351,
      1763063603.7532694,
      {}
    ],
    [
      6,
      null,
      645852458,
      null,
      0.6438788127016289,
      1.9000048637390137,
      1,
      1763063603.7566042,
      1763063605.688878,
      {}
    ],
    [
      7,
      null,
      645852458,
      null,
      0.6454086834882296,
      1.8970515727996826,
      1,
      1763063605.6919096,
      1763063607.6199696,
      {}
    ],
    [
      8,
      null,
      645852458,
      null,
      0.6012411629329262,
      1.8869829177856445,
      1,
      1763063607.6229942,
      1763063609.5409534,
      {}
    ],
    [
      9,
      null,
      645852458,
      null,
      0.699547655679293,
      1.8968384265899658,
      1,
      1763063609.5442438,
      1763063611.4720373,
      {}
    ],
    [
      10,
      null,
      645852458,
      null,
      0.6328400067139198,
      1.9412128925323486,
      1,
      1763063611.475247,
      1763063613.44734,
      {}
    ],
    [
      11,
      null,
      645852458,
      null,
      0.638854372479174,
      2.1532034873962402,
      1,
      1763063613.4509082,
      1763063615.636427,
      {}
    ],
    [
      12,
      null,
      645852458,
      null,
      0.5942832463493962,
      2.2985267639160156,
      1,
      1763063615.6405494,
      1763063617.9842186,
      {}
    ],
    [
      13,
      null,
      645852458,
      null,
      0.6415217937160345,
      2.034245014190674,
      1,
      1763063617.9909883,
      1763063620.058407,
      {}
    ],
    [
      14,
      null,
      645852458,
      null,
      0.6029134218632373,
      2.0094754695892334,
      1,
      1763063620.062014,
      1763063622.1034687,
      {}
    ],
    [
      15,
      null,
      645852458,
      null,
      0.11704765093051583,
      1.987323522567749,
      1,
      1763063622.1071513,
      1763063624.1264646,
      {}
    ],
    [
      16,
      null,
      645852458,
      null,
      0.6387082121991413,
      1.919287919998169,
      1,
      1763063624.130426,
      1763063626.0809753,
      {}
    ],
    [
      17,
      null,
      645852458,
      null,
      0.6381299100500937,
      1.9330155849456787,
      1,
      1763063626.0845394,
      1763063628.0489712,
      {}
    ],
    [
      18,
      null,
      645852458,
      null,
      0.6338136282581451,
      1.9213354587554932,
      1,
      1763063628.0527618,
      1763063630.0061421,
      {}
    ],
    [
      19,
      null,
      645852458,
      null,
      0.6355009362732665,
      1.9290456771850586,
      1,
      1763063630.00993,
      1763063631.969785,
      {}
    ],
    [
      20,
      null,
      645852458,
      null,
      0.6976439788870444,
      1.9182696342468262,
      1,
      1763063631.9736047,
      1763063633.9228053,
      {}
    ]
  ],
  "configs": {
    "1": {
      "row_id": "5495"
    },
    "2": {
      "row_id": "3102"
    },
    "3": {
      "row_id": "1248"
    },
    "4": {
      "row_id": "8601"
    },
    "5": {
      "row_id": "9759"
    },
    "6": {
      "row_id": "2268"
    },
    "7": {
      "row_id": "4162"
    },
    "8": {
      "row_id": "6612"
    },
    "9": {
      "row_id": "7449"
    },
    "10": {
      "row_id": "4900"
    },
    "11": {
      "row_id": "1794"
    },
    "12": {
      "row_id": "9303"
    },
    "13": {
      "row_id": "7960"
    },
    "14": {
      "row_id": "314"
    },
    "15": {
      "row_id": "3460"
    },
    "16": {
      "row_id": "6067"
    },
    "17": {
      "row_id": "5774"
    },
    "18": {
      "row_id": "3127"
    },
    "19": {
      "row_id": "21"
    },
    "20": {
      "row_id": "7628"
    }
  },
  "config_origins": {
    "1": "Initial Design: Sobol",
    "2": "Initial Design: Sobol",
    "3": "Initial Design: Sobol",
    "4": "Initial Design: Sobol",
    "5": "Initial Design: Sobol",
    "6": "Initial Design: Sobol",
    "7": "Initial Design: Sobol",
    "8": "Initial Design: Sobol",
    "9": "Initial Design: Sobol",
    "10": "Initial Design: Sobol",
    "11": "Initial Design: Sobol",
    "12": "Initial Design: Sobol",
    "13": "Initial Design: Sobol",
    "14": "Initial Design: Sobol",
    "15": "Initial Design: Sobol",
    "16": "Initial Design: Sobol",
    "17": "Initial Design: Sobol",
    "18": "Initial Design: Sobol",
    "19": "Initial Design: Sobol",
    "20": "Initial Design: Sobol"
  }
}