{
  "stats": {
    "submitted": 24,
    "finished": 24,
    "running": 0
  },
  "data": [
    [
      1,
      null,
      1791095845,
      null,
      0.2321360877177321,
      0.0030536651611328125,
      1,
      1763450118.330782,
      1763450118.335272,
      {}
    ],
    [
      2,
      null,
      1791095845,
      null,
      0.3204458131290169,
      0.0017952919006347656,
      1,
      1763450118.3407707,
      1763450118.3436236,
      {}
    ],
    [
      3,
      null,
      1791095845,
      null,
      0.3167129613753059,
      0.0015020370483398438,
      1,
      1763450120.600755,
      1763450120.6035914,
      {}
    ],
    [
      4,
      null,
      1791095845,
      null,
      0.4124540223814821,
      0.0007839202880859375,
      1,
      1763450120.6110878,
      1763450120.6130831,
      {}
    ],
    [
      5,
      null,
      1791095845,
      null,
      0.37481566342774086,
      0.0009055137634277344,
      1,
      1763450120.6195836,
      1763450120.6217492,
      {}
    ],
    [
      6,
      null,
      1791095845,
      null,
      0.5437045196559522,
      0.0007214546203613281,
      1,
      1763450120.6283846,
      1763450120.630237,
      {}
    ],
    [
      7,
      null,
      1791095845,
      null,
      0.3281709686922043,
      0.0007350444793701172,
      1,
      1763450120.635033,
      1763450120.6367996,
      {}
    ],
    [
      8,
      null,
      1791095845,
      null,
      0.2408700113003439,
      0.0008141994476318359,
      1,
      1763450120.6418626,
      1763450120.6451302,
      {}
    ],
    [
      9,
      null,
      1791095845,
      null,
      0.26560421868297,
      0.0007078647613525391,
      1,
      1763450120.6501741,
      1763450120.6519535,
      {}
    ],
    [
      10,
      null,
      1791095845,
      null,
      0.5319206965297104,
      0.0009365081787109375,
      1,
      1763450120.6575131,
      1763450120.65959,
      {}
    ],
    [
      11,
      null,
      1791095845,
      null,
      0.42152323361717525,
      0.0013599395751953125,
      1,
      1763450122.634023,
      1763450122.6434917,
      {}
    ],
    [
      12,
      null,
      1791095845,
      null,
      0.38084812070740903,
      0.0009088516235351562,
      1,
      1763450122.660948,
      1763450122.6630652,
      {}
    ],
    [
      13,
      null,
      1791095845,
      null,
      0.3797964085620207,
      0.0008001327514648438,
      1,
      1763450122.6700788,
      1763450122.673878,
      {}
    ],
    [
      14,
      null,
      1791095845,
      null,
      0.43049246601675506,
      0.000690460205078125,
      1,
      1763450122.6821043,
      1763450122.6839294,
      {}
    ],
    [
      15,
      null,
      1791095845,
      null,
      0.4748302883803608,
      0.0006823539733886719,
      1,
      1763450122.6911469,
      1763450122.6929224,
      {}
    ],
    [
      16,
      null,
      1791095845,
      null,
      0.3468700960351123,
      0.0006556510925292969,
      1,
      1763450122.7065675,
      1763450122.7100692,
      {}
    ],
    [
      17,
      null,
      1791095845,
      null,
      0.3345609854230356,
      0.0008151531219482422,
      1,
      1763450122.717835,
      1763450122.719892,
      {}
    ],
    [
      18,
      null,
      1791095845,
      null,
      0.3954931906122795,
      0.0010683536529541016,
      1,
      1763450122.735599,
      1763450122.73781,
      {}
    ],
    [
      19,
      null,
      1791095845,
      null,
      0.4237598385741532,
      0.0016355514526367188,
      1,
      1763450124.2002456,
      1763450124.2032962,
      {}
    ],
    [
      20,
      null,
      1791095845,
      null,
      0.20627723613467386,
      0.0010635852813720703,
      1,
      1763450124.2121594,
      1763450124.214431,
      {}
    ],
    [
      21,
      null,
      1791095845,
      null,
      0.42754543518885546,
      0.00084686279296875,
      1,
      1763450124.2253942,
      1763450124.2274933,
      {}
    ],
    [
      22,
      null,
      1791095845,
      null,
      0.2502600678832101,
      0.0008916854858398438,
      1,
      1763450124.2381213,
      1763450124.2403207,
      {}
    ],
    [
      23,
      null,
      1791095845,
      null,
      0.3593018848239413,
      0.0009016990661621094,
      1,
      1763450124.2630968,
      1763450124.265213,
      {}
    ],
    [
      24,
      null,
      1791095845,
      null,
      0.3703763912631486,
      0.0008323192596435547,
      1,
      1763450124.2757528,
      1763450124.2778046,
      {}
    ]
  ],
  "configs": {
    "1": {
      "Criticality": 0.39969753751794634,
      "Criticality Modifier": 0.9274192778070474,
      "Culture": 0.8814583902138399,
      "Dynamism": 0.9774868800593046,
      "Initial Known": 0.14063661846595482,
      "Inter-Dependency": 0.7342441067437276,
      "Plan": 0.6897672135403585,
      "Size": 0.46472330940605294,
      "Team Size": 0.1405514801975064
    },
    "2": {
      "Criticality": 0.724347962539765,
      "Criticality Modifier": 0.4114621532155609,
      "Culture": 0.4989704393464745,
      "Dynamism": 0.44610911231152817,
      "Initial Known": 0.9369415902288108,
      "Inter-Dependency": 0.04538540402925504,
      "Plan": 0.4986614709052548,
      "Size": 0.8849037204461403,
      "Team Size": 0.7633053231574152
    },
    "3": {
      "Criticality": 0.9832408841369886,
      "Criticality Modifier": 0.5515961278420562,
      "Culture": 0.5886719418385932,
      "Dynamism": 0.03627564751577677,
      "Initial Known": 0.06736128565986599,
      "Inter-Dependency": 0.7445585661894366,
      "Plan": 0.8966100179271916,
      "Size": 0.4264757441679935,
      "Team Size": 0.16943368701267328
    },
    "4": {
      "Criticality": 0.6149791168425356,
      "Criticality Modifier": 0.4403265098187105,
      "Culture": 0.9504886336012823,
      "Dynamism": 0.7545426664053645,
      "Initial Known": 0.6416608441899238,
      "Inter-Dependency": 0.7957855265533421,
      "Plan": 0.3735228514214114,
      "Size": 0.3825240635307343,
      "Team Size": 0.06889786000718684
    },
    "5": {
      "Criticality": 0.5819517250058236,
      "Criticality Modifier": 0.48106645400372533,
      "Culture": 0.9190055410587381,
      "Dynamism": 0.3210890577433288,
      "Initial Known": 0.9975491694911314,
      "Inter-Dependency": 0.26952090549014035,
      "Plan": 0.4468212413523111,
      "Size": 0.5327608171622161,
      "Team Size": 0.403238354873527
    },
    "6": {
      "Criticality": 0.9873681099616529,
      "Criticality Modifier": 0.09905769033327773,
      "Culture": 0.6105080597380325,
      "Dynamism": 0.6123988413694027,
      "Initial Known": 0.15973373933702217,
      "Inter-Dependency": 0.7688328755366702,
      "Plan": 0.14458943667290244,
      "Size": 0.33514990815825474,
      "Team Size": 0.007701162654909205
    },
    "7": {
      "Criticality": 0.8442993707896708,
      "Criticality Modifier": 0.7936153118239471,
      "Culture": 0.5710009885106541,
      "Dynamism": 0.37728671965034094,
      "Initial Known": 0.2960472111725172,
      "Inter-Dependency": 0.8065266861269252,
      "Plan": 0.3007178650482377,
      "Size": 0.38782294550438884,
      "Team Size": 0.7548860501098684
    },
    "8": {
      "Criticality": 0.3976930391660756,
      "Criticality Modifier": 0.979770013347424,
      "Culture": 0.11293080317598149,
      "Dynamism": 0.6289767205501219,
      "Initial Known": 0.6740344581641082,
      "Inter-Dependency": 0.4209291940579458,
      "Plan": 0.5192006881774436,
      "Size": 0.6742096850904103,
      "Team Size": 0.22699429489414094
    },
    "9": {
      "Criticality": 0.593386948563456,
      "Criticality Modifier": 0.891646182477882,
      "Culture": 0.5754779043855348,
      "Dynamism": 0.5958257321899143,
      "Initial Known": 0.2610942552094551,
      "Inter-Dependency": 0.7467047653764394,
      "Plan": 0.06523603309195687,