{
  "DE_params": {
    "mutation_factor": 0.5,
    "crossover_prob": 0.5,
    "strategy": "rand1_bin",
    "configspace": true,
    "boundary_fix_type": "random",
    "max_age": Infinity,
    "dimensions": 14,
    "output_path": "../results/tmp/DEHB_tmp/dehb_20251208-044950_18ad",
    "async_strategy": "immediate"
  },
  "HB_params": {
    "min_fidelity": 1,
    "max_fidelity": 10,
    "min_clip": null,
    "max_clip": null,
    "eta": 3
  },
  "internals": {
    "initial_configs": [
      {
        "config_id": 0,
        "config": [
          0.0,
          0.4362176628010705,
          0.5,
          0.0,
          0.3184656556645852,
          0.0,
          0.27586206896551724,
          0.6666666666666666,
          0.0,
          0.6923076923076923,
          0.3333333333333333,
          0.0,
          0.06333630686886708,
          0.6666666666666666
        ],
        "results": {
          "1.1111111111111112": {
            "score": Infinity,
            "cost": -1,
            "info": {}
          }
        }
      },
      {
        "config_id": 1,
        "config": [
          0.6666666666666666,
          0.2622658340767172,
          0.9285714285714286,
          0.42857142857142855,
          0.33184656556645853,
          0.5,
          0.3620689655172414,
          0.0,
          0.0,
          0.6923076923076923,
          0.3333333333333333,
          0.0,
          0.3184656556645852,
          0.3333333333333333
        ],
        "results": {
          "1.1111111111111112": {
            "score": Infinity,
            "cost": -1,
            "info": {}
          }
        }
      },
      {
        "config_id": 2,
        "config": [
          0.3333333333333333,
          0.04460303300624442,
          0.6428571428571429,
          0.2857142857142857,
          0.9241748438893844,
          0.0,
          0.6344827586206897,
          0.6666666666666666,
          0.0,
          0.15384615384615385,
          0.0,
          0.0,
          0.009812667261373774,
          0.3333333333333333
        ],
        "results": {
          "1.1111111111111112": {
            "score": Infinity,
            "cost": -1,
            "info": {}
          }
        }
      },
      {
        "config_id": 3,
        "config": [
          0.6666666666666666,
          0.6815343443354148,
          0.21428571428571427,
          0.21428571428571427,
          0.6217662801070473,
          0.0,
          0.08620689655172414,
          0.3333333333333333,
          0.0,
          0.5384615384615384,
          0.5,
          0.0,
          0.34433541480820695,
          0.3333333333333333
        ],
        "results": {
          "1.1111111111111112": {
            "score": Infinity,
            "cost": -1,
            "info": {}
          }
        }
      },
      {
        "config_id": 4,
        "config": [
          0.3333333333333333,
          0.7181088314005353,
          0.07142857142857142,
          0.6428571428571429,
          0.016057091882247992,
          0.0,
          0.0034482758620689655,
          0.6666666666666666,
          0.0,
          0.46153846153846156,
          0.16666666666666666,
          0.0,
          0.4201605709188225,
          0.6666666666666666
        ],
        "results": {
          "1.1111111111111112": {
            "score": Infinity,
            "cost": -1,
            "info": {}
          }
        }
      },
      {
        "config_id": 5,
        "config": [
          0.3333333333333333,
          0.4112399643175736,
          0.7142857142857143,
          0.42857142857142855,
          0.2016057091882248,
          0.5,
          0.5827586206896552,
          0.0,
          0.0,
          0.9230769230769231,
          0.5,
          0.0,
          0.6083853702051739,
          0.3333333333333333
        ],
        "results": {
          "1.1111111111111112": {
            "score": Infinity,
            "cost": -1,
            "info": {}
          }
        }
      },
      {
        "config_id": 6,
        "config": [
          0.6666666666666666,
          0.91971454058876,
          0.7857142857142857,
          0.42857142857142855,
          0.21320249776984834,
          0.5,
          0.8896551724137931,
          0.6666666666666666,
          0.0,
          0.9230769230769231,
          0.16666666666666666,
          0.0,
          0.22390722569134702,
          0.3333333333333333
        ],
        "results": {
          "1.1111111111111112": {
            "score": Infinity,
            "cost": -1,
            "info": {}
          }
        }
      },
      {
        "config_id": 7,
        "config": [
          0.6666666666666666,
          0.559322033898305,
          0.5714285714285714,
          0.8571428571428571,
          0.5691347011596789,
          0.5,
          0.15172413793103448,
          0.6666666666666666,
          0.0,
          0.15384615384615385,
          0.8333333333333334,
          0.0,
          0.6949152542372882,
          0.3333333333333333
        ],
        "results": {
          "1.1111111111111112": {
            "score": Infinity,
            "cost": -1,
            "info": {}
          }
        }
      },
      {
        "config_id": 8,
        "config": [
          0.0,
          0.0,
          0.42857142857142855,
          0.7142857142857143,
          0.5691347011596789,
          0.5,
          0.4724137931034483,
          0.0,
          0.0,
          0.0,
          0.8333333333333334,
          0.0,
          0.03746654772524532,
          0.0
        ],
        "results": {
          "1.1111111111111112": {
            "score": Infinity,
            "cost": -1,
            "info": {}
          }
        }
      },
      {
        "config_id": 9,
        "config": [
          0.0,
          0.25512934879571814,
          0.35714285714285715,
          0.9285714285714286,
          0.032114183764495985,
          0.0,
          0.33448275862068966,
          0.0,
          0.0,
          0.0,
          0.8333333333333334,
          0.0,
          0.36128456735057984,
          0.3333333333333333
        ],
        "results": {
          "3.333333333333333": {
            "score": Infinity,
            "cost": -1,
            "info": {}
          }
        }
      },
      {
        "config_id": 10,
        "config": [
          0.6666666666666666,
          0.6975914362176628,
          0.7857142857142857,
          0.14285714285714285,
          0.8358608385370205,
          0.0,
          0.5172413793103449,
          0.0,
          0.0,
          0.7692307692307693,
          0.16666666666666666,
          0.0,
          0.7502230151650312,
          0.0
        ],
        "results": {
          "3.333333333333333": {
            "score": Infinity,
            "cost": -1,
            "info": {}
          }
        }
      },
      {
        "config_id": 11,
        "config": [
          0.0,
          0.943800178412132,
          0.14285714285714285,
          0.14285714285714285,
          0.6681534344335415,
          0.5,
          0.35517241379310344,
          0.6666666666666666,
          0.0,
          0.6153846153846154,
          0.8333333333333334,
          0.0,
          0.15521855486173058,
          0.0
        ],
        "results": {
          "3.333333333333333": {
            "score": Infinity,
            "cost": -1,
            "info": {}
          }
        }
      },
      {
        "config_id": 12,
        "config": [
          0.3333333333333333,
          0.9295272078501338,
          0.2857142857142857,
          0.21428571428571427,
          0.29973238180196254,
          0.0,
          0.7310344827586207,
          0.6666666666666666,
          0.0,
          0.15384615384615385,
          0.5,
          0.0,
          0.056199821587867974,
          0.6666666666666666
        ],
        "results": {
          "10.0": {
            "score": Infinity,
            "cost": -1,