{
  "incumbent_ids": [
    21
  ],
  "rejected_config_ids": [
    1,
    3,
    4,
    5,
    6,
    7,
    2,
    9,
    10,
    11,
    12,
    13,
    14,
    15,
    16,
    17,
    18,
    19,
    20,
    8,
    22,
    23,
    24
  ],
  "incumbents_changed": 4,
  "trajectory": [
    {
      "config_ids": [
        1
      ],
      "costs": [
        0.7916875146567781
      ],
      "trial": 1,
      "walltime": 0.016216039657592773
    },
    {
      "config_ids": [
        2
      ],
      "costs": [
        0.7874358364241777
      ],
      "trial": 2,
      "walltime": 0.027985334396362305
    },
    {
      "config_ids": [
        8
      ],
      "costs": [
        0.7873782833434686
      ],
      "trial": 8,
      "walltime": 2.591472864151001
    },
    {
      "config_ids": [
        21
      ],
      "costs": [
        0.7836710978198982
      ],
      "trial": 21,
      "walltime": 6.419816255569458
    }
  ],
  "state": {
    "queue": [
      [
        24,
        1
      ]
    ]
  }
}