{
  "stats": {
    "submitted": 12,
    "finished": 12,
    "running": 0
  },
  "data": [
    [
      1,
      null,
      59886187,
      null,
      0.2686194034300079,
      0.002972841262817383,
      1,
      1763447546.393469,
      1763447546.3985379,
      {}
    ],
    [
      2,
      null,
      59886187,
      null,
      0.29210395242710363,
      0.002599477767944336,
      1,
      1763447549.240646,
      1763447549.245057,
      {}
    ],
    [
      3,
      null,
      59886187,
      null,
      0.08548963762265638,
      0.0019576549530029297,
      1,
      1763447549.2513154,
      1763447549.254797,
      {}
    ],
    [
      4,
      null,
      59886187,
      null,
      0.18016946764426722,
      0.002562999725341797,
      1,
      1763447549.2629297,
      1763447549.2671824,
      {}
    ],
    [
      5,
      null,
      59886187,
      null,
      0.2193584069353659,
      0.0018410682678222656,
      1,
      1763447549.2743695,
      1763447549.2778285,
      {}
    ],
    [
      6,
      null,
      59886187,
      null,
      0.18343101389657446,
      0.0014233589172363281,
      1,
      1763447549.2852132,
      1763447549.2882004,
      {}
    ],
    [
      7,
      null,
      59886187,
      null,
      0.18816722375998707,
      0.0010557174682617188,
      1,
      1763447549.2958896,
      1763447549.2984717,
      {}
    ],
    [
      8,
      null,
      59886187,
      null,
      0.1431033695122319,
      0.001753091812133789,
      1,
      1763447549.3079035,
      1763447549.3114421,
      {}
    ],
    [
      9,
      null,
      59886187,
      null,
      0.21566664484563847,
      0.00157928466796875,
      1,
      1763447549.3203192,
      1763447549.3234968,
      {}
    ],
    [
      10,
      null,
      59886187,
      null,
      0.26029053893248777,
      0.002240419387817383,
      1,
      1763447552.8140926,
      1763447552.8182154,
      {}
    ],
    [
      11,
      null,
      59886187,
      null,
      0.5275789663291839,
      0.0009851455688476562,
      1,
      1763447552.8296208,
      1763447552.8322196,
      {}
    ],
    [
      12,
      null,
      59886187,
      null,
      0.164108520937424,
      0.0008347034454345703,
      1,
      1763447552.8420908,
      1763447552.8445098,
      {}
    ]
  ],
  "configs": {
    "1": {
      " ACAP": 3.0583880711346865,
      " AEXP": 3.6300295240087435,
      " CPLx": 3.7907257340848446,
      " DOCU": 4.260920949280262,
      " ETAT": 2.1976717603374274,
      " FLEx": 1.3347677290439606,
      " KLOC": 349.48041685763,
      " LTEx": 1.408613977022469,
      " PCAP": 3.537466175854206,
      " PCON": 3.660269391841255,
      " PLEx": 3.1060211577685553,
      " PMAT": 2.0348071390762925,
      " PREC": 3.052491921931505,
      " PVOL": 3.667495794594288,
      " RELY": 4.704064393416047,
      " RESL": 3.2884867372019215,
      " RUSE": 2.0377400005599484,
      " SCED": 3.0,
      " SITE": 2.084722261875868,
      " STOR": 3.6728735202923417,
      " TEAM": 2.3495429269969463,
      " TIME": 3.9693606197834015,
      " TOOL": 2.0,
      "DATA": 2.4123199109658597
    },
    "2": {
      " ACAP": 4.999501961826393,
      " AEXP": 3.222410033222,
      " CPLx": 3.4601904308903584,
      " DOCU": 4.783351879063282,
      " ETAT": 5.676734831502211,
      " FLEx": 4.792163939982444,
      " KLOC": 128.51460194050136,
      " LTEx": 3.3365977559267583,
      " PCAP": 3.5784163604731525,
      " PCON": 1.624829370780436,
      " PLEx": 1.2530350086425357,
      " PMAT": 2.4348761847256566,
      " PREC": 1.6927729003126455,
      " PVOL": 3.119785742479844,
      " RELY": 3.3956440496522666,
      " RESL": 1.521721227264416,
      " RUSE": 3.5806984912633557,
      " SCED": 3.0,
      " SITE": 4.210253879542696,
      " STOR": 3.423686033855553,
      " TEAM": 3.311945341006442,
      " TIME": 3.741065982908508,
      " TOOL": 2.0,
      "DATA": 4.695936519620421
    },
    "3": {
      " ACAP": 3.874856157217125,
      " AEXP": 1.9808492764910155,
      " CPLx": 5.405898286138257,
      " DOCU": 4.417487210172297,
      " ETAT": 5.751997177154979,
      " FLEx": 4.5264181205043466,
      " KLOC": 95.66125637695836,
      " LTEx": 1.524631857289968,
      " PCAP": 4.813050764891855,
      " PCON": 2.2554666041144724,
      " PLEx": 1.4556818784471028,
      " PMAT": 2.185092308002486,
      " PREC": 1.374033482638691,
      " PVOL": 2.701575134059299,
      " RELY": 3.325146382324909,
      " RESL": 1.0353088244784592,
      " RUSE": 5.754924104966529,
      " SCED": 3.0,
      " SITE": 4.673180261251898,
      " STOR": 3.079236538220752,
      " TEAM": 1.247915095865938,
      " TIME": 3.4559295878332508,
      " TOOL": 2.0,
      "DATA": 2.834710272125566
    },
    "4": {
      " ACAP": 4.814076023437654,
      " AEXP": 2.4339043481869815,
      " CPLx": 5.791510133500084,
      " DOCU": 2.533406511351169,
      " ETAT": 1.3032549890065386,
      " FLEx": 2.93591849028702,
      " KLOC": 164.2211423391757,
      " LTEx": 3.37793637022545,
      " PCAP": 3.6090438763175934,
      " PCON": 4.256930021950506,
      " PLEx": 2.0780272912436546,
      " PMAT": 2.471926728204534,
      " PREC": 3.167762229825883,
      " PVOL": 3.1995876646671615,
      " RELY": 4.540845419336673,
      " RESL": 1.6904413972064638,
      " RUSE": 3.026302358878692,
      " SCED": 3.0,
      " SITE": 1.436368115118948,
      " STOR": 3.5965510765528284,
      " TEAM": 3.933576984186264,
      " TIME": 3.601182990535857,
      " TOOL": 2.0,
      "DATA": 4.540329305207458
    },
    "5": {
      " ACAP": 3.7077531489364945,
      " AEXP": 3.5986887120514535,
      " CPLx": 3.1670249155906953,
      " DOCU": 3.7955159918439203,
      " ETAT": 3.2806552227221273,
      " FLEx": 4.353488901838009,
      " KLOC": 144.19310184532313,
      " LTEx": 1.9046761807146975,
      " PCAP": 4.59105787373108,
      " PCON": 3.298437107615981,
      " PLEx": 3.944402371916335,
      " PMAT": 2.895032007929082,
      " PREC": 2.740184146102848,
      " PVOL": 2.1453474803631876,
      " RELY": 3.2261052098085528,
      " RESL": 3.58311068658642,
      " RUSE": 5.889123105640204,
      " SCED": 3.0,
      " SITE": 1.7013063067814262,
      " STOR": 3.0563325499452247,
      " TEAM": 3.4633634995017912,
      " TIME": 3.743695003602506,
      " TOOL": 2.0,
      "DATA": 4.32566280528561
    },
    "6": {
      " ACAP": 4.521032772642198,
      " AEXP": 3.404500835273248,
      " CPLx": 3.674529521745631,
      " DOCU": 4.09174006083558,
      " ETAT": 2.0203249436657105,
      " FLEx": 3.0062088384380035,
      " KLOC": 248.79899239086004,
      " LTEx": 1.0347918061498556,
      " PCAP": 4.493469194695209,
      " PCON": 4.383658602014231,
      " PLEx": 2.618691855708269,
      " PMAT": 2.396076828339909,
      " PREC": 1.6809505713666373,
      " PVOL": 3.243927136147504,
      " RELY": 4.276555636936566,
      " RESL": 2.805340199302083,
      " RUSE": 2.1123433076959577,
      " SCED": 3.0,
      " SITE": 4.396089820316671,
      " STOR": 3.187767836567785,
      " TEAM": 3.3664282244603085,
      " TIME": 3.175558656295499,
      " TOOL": 2.0,
      "DATA": 2.7300922918010255
    },
    "7": {
      " ACAP": 3.0310119151662507,
      " AEXP": 4.3410493700923105,
      " CPLx": 5.987041131851957,
      " DOCU": 1.8576876333235761,
      " ETAT": 5.3810819604964015,
      " FLEx": 4.864232522210109,
      " KLOC": 327.4061763885365,
      " LTEx": 1.7547009366127164,
      " PCAP": 4.6202755404427265,
      " PCON": 1.5510923238471936,
      " PLEx": 3.212412241129442,
      " PMAT": 2.603087116386594,
      " PREC": 3.591394016740347,
      " PVOL": 3.691763774360871,
      " RELY": 3.501059000634214,
      " RESL": 1.3146772848753152,
      " RUSE": 4.989666156529815,
      " SCED": 3.0,
      " SITE": 1.9494595412317353,
      " STOR": 3.8805725694529745,
      " TEAM": 2.732439585599016,
      " TIME": 3.7554429432891467,
      " TOOL": 2.0,