{
  "stats": {
    "submitted": 1,
    "finished": 1,
    "running": 0
  },
  "data": [
    [
      1,
      null,
      218175338,
      null,
      0.26832759959022756,
      1.6898231506347656,
      1,
      1763054328.7302005,
      1763054330.6737561,
      {}
    ]
  ],
  "configs": {
    "1": {
      " ACAP": 4.49,
      " AEXP": 3.035,
      " CPLx": 1.957,
      " DOCU": 2.798,
      " ETAT": 2.488,
      " FLEx": 3.365,
      " KLOC": 208.9,
      " LTEx": 2.815,
      " PCAP": 3.496,
      " PCON": 3.397,
      " PLEx": 3.648,
      " PMAT": 2.284,
      " PREC": 4.019,
      " PVOL": 4.581,
      " RELY": 3.529,
      " RESL": 1.73,
      " RUSE": 5.772,
      " SCED": 3.0,
      " SITE": 3.506,
      " STOR": 3.099,
      " TEAM": 1.991,
      " TIME": 3.835,
      " TOOL": 2.0,
      "DATA": 3.032
    }
  },
  "config_origins": {
    "1": "Initial Design: Sobol"
  }
}