{
  "stats": {
    "submitted": 18,
    "finished": 18,
    "running": 0
  },
  "data": [
    [
      1,
      null,
      2005877882,
      null,
      0.353352176844945,
      0.002902984619140625,
      1,
      1763450101.8037477,
      1763450101.808469,
      {}
    ],
    [
      2,
      null,
      2005877882,
      null,
      0.5480008128046832,
      0.01086568832397461,
      1,
      1763450104.480269,
      1763450104.4924908,
      {}
    ],
    [
      3,
      null,
      2005877882,
      null,
      0.333113797507012,
      0.001354217529296875,
      1,
      1763450104.4973671,
      1763450104.4999592,
      {}
    ],
    [
      4,
      null,
      2005877882,
      null,
      0.4378091604374237,
      0.004942178726196289,
      1,
      1763450104.505329,
      1763450104.5114882,
      {}
    ],
    [
      5,
      null,
      2005877882,
      null,
      0.3435355243903482,
      0.00561213493347168,
      1,
      1763450104.5166516,
      1763450104.5236201,
      {}
    ],
    [
      6,
      null,
      2005877882,
      null,
      0.25702836542787655,
      0.0015094280242919922,
      1,
      1763450104.5346277,
      1763450104.5374908,
      {}
    ],
    [
      7,
      null,
      2005877882,
      null,
      0.2596515091854762,
      0.0013272762298583984,
      1,
      1763450104.5435593,
      1763450104.546128,
      {}
    ],
    [
      8,
      null,
      2005877882,
      null,
      0.18002493457249535,
      0.0009238719940185547,
      1,
      1763450104.5514424,
      1763450104.5536559,
      {}
    ],
    [
      9,
      null,
      2005877882,
      null,
      0.1686631913260499,
      0.001369476318359375,
      1,
      1763450104.5598173,
      1763450104.562328,
      {}
    ],
    [
      10,
      null,
      2005877882,
      null,
      0.42187847490911323,
      0.0011849403381347656,
      1,
      1763450106.3319933,
      1763450106.334438,
      {}
    ],
    [
      11,
      null,
      2005877882,
      null,
      0.4661101859392275,
      0.0006783008575439453,
      1,
      1763450106.3412719,
      1763450106.3429675,
      {}
    ],
    [
      12,
      null,
      2005877882,
      null,
      0.26933941380177373,
      0.0007457733154296875,
      1,
      1763450106.3498728,
      1763450106.3516903,
      {}
    ],
    [
      13,
      null,
      2005877882,
      null,
      0.33840199451935393,
      0.0008523464202880859,
      1,
      1763450106.3574862,
      1763450106.359347,
      {}
    ],
    [
      14,
      null,
      2005877882,
      null,
      0.28950651658719284,
      0.0007126331329345703,
      1,
      1763450106.3663905,
      1763450106.3681698,
      {}
    ],
    [
      15,
      null,
      2005877882,
      null,
      0.45575576648387717,
      0.0006077289581298828,
      1,
      1763450106.3753912,
      1763450106.3770237,
      {}
    ],
    [
      16,
      null,
      2005877882,
      null,
      0.1077456646786783,
      0.0007054805755615234,
      1,
      1763450106.3844821,
      1763450106.386203,
      {}
    ],
    [
      17,
      null,
      2005877882,
      null,
      0.22249891612946837,
      0.0007781982421875,
      1,
      1763450106.3946452,
      1763450106.3965194,
      {}
    ],
    [
      18,
      null,
      2005877882,
      null,
      0.25556317576882615,
      0.0013506412506103516,
      1,
      1763450106.414734,
      1763450106.4173303,
      {}
    ]
  ],
  "configs": {
    "1": {
      "Criticality": 0.11396430087346876,
      "Criticality Modifier": 0.791909105623636,
      "Culture": 0.046541297679263426,
      "Dynamism": 0.3351051869647685,
      "Initial Known": 0.21668761435659933,
      "Inter-Dependency": 0.5293987519575402,
      "Plan": 0.3115791774523154,
      "Size": 0.43997115350524707,
      "Team Size": 0.6915041383683549
    },
    "2": {
      "Criticality": 0.9253709632333931,
      "Criticality Modifier": 0.40291593801172526,
      "Culture": 0.9423491454049847,
      "Dynamism": 0.1592684021620528,
      "Initial Known": 0.6102289240688128,
      "Inter-Dependency": 0.8905151385803061,
      "Plan": 0.13745980500164864,
      "Size": 0.4127486337578496,
      "Team Size": 0.5989979763853593
    },
    "3": {
      "Criticality": 0.5584094237654904,
      "Criticality Modifier": 0.6448286188558753,
      "Culture": 0.3431655406505966,
      "Dynamism": 0.8641519864191697,
      "Initial Known": 0.4642518535155759,
      "Inter-Dependency": 0.8516138529149154,
      "Plan": 0.4611824038228104,
      "Size": 0.2756648169862649,
      "Team Size": 0.9026628279986385
    },
    "4": {
      "Criticality": 0.6717286502970727,
      "Criticality Modifier": 0.2416414325317184,
      "Culture": 0.5681810229469162,
      "Dynamism": 0.7290866333801616,
      "Initial Known": 0.8852047147793024,
      "Inter-Dependency": 0.46222209696964933,
      "Plan": 0.782763203075565,
      "Size": 0.22961757256805979,
      "Team Size": 0.6805238483699041
    },
    "5": {
      "Criticality": 0.9166110582650493,
      "Criticality Modifier": 0.5613904336363703,
      "Culture": 0.4927910393490942,
      "Dynamism": 0.18068036867130705,
      "Initial Known": 0.5291214956260228,
      "Inter-Dependency": 0.6196212975948358,
      "Plan": 0.9866686988293332,
      "Size": 0.20440863263758627,
      "Team Size": 0.3821268767221473
    },
    "6": {
      "Criticality": 0.6629772859972444,
      "Criticality Modifier": 0.004039721807299061,
      "Culture": 0.33634626886654206,
      "Dynamism": 0.5419697041090722,
      "Initial Known": 0.982201072421479,
      "Inter-Dependency": 0.8980373303427521,
      "Plan": 0.055288506155696845,
      "Size": 0.6443129547652849,
      "Team Size": 0.36658212075049285
    },
    "7": {
      "Criticality": 0.9888927069963653,
      "Criticality Modifier": 0.7347250141187972,
      "Culture": 0.45356836984851917,
      "Dynamism": 0.27124430897015983,
      "Initial Known": 0.7608971329281105,
      "Inter-Dependency": 0.3262120898052202,
      "Plan": 0.9765889872709521,
      "Size": 0.45041831997507215,
      "Team Size": 0.39557495482142013
    },
    "8": {
      "Criticality": 0.30236324453360613,
      "Criticality Modifier": 0.5954180416469393,
      "Culture": 0.9624124982677134,
      "Dynamism": 0.005423795127592859,
      "Initial Known": 0.5164539469036953,
      "Inter-Dependency": 0.4170418832380112,
      "Plan": 0.014655289491833614,
      "Size": 0.9191018517580621,
      "Team Size": 0.06661548260134482
    },
    "9": {
      "Criticality": 0.33658801830273966,
      "Criticality Modifier": 0.43744904022200903,
      "Culture": 0.12450690602595303,
      "Dynamism": 0.765896604686623,
      "Initial Known": 0.2743601635080076,
      "Inter-Dependency": 0.21259734672429112,
      "Plan": 0.5158588709477578,
      "Size": 0.3808414788107299,
      "Team Size": 0.4276515226023353
    },
    "10": {
      "Criticality": 0.1922212464221246,
      "Criticality Modifier": 0.8681830614415661,
      "Culture": 0.983150564573423,
      "Dynamism": 0.5579189873748209,
      "Initial Known": 0.24078237704641076,
      "Inter-Dependency": 0.2879106617668004,
      "Plan": 0.7120496436276199,
      "Size": 0.5682911945264317,
      "Team Size": 0.637722374385697
    },
    "11": {
      "Criticality": 0.31449132520463347,
      "Criticality Modifier": 0.9986516704108167,
      "Culture": 0.9722090167725558,
      "Dynamism": 0.6248762647459184,
      "Initial Known": 0.22798049504581705,
      "Inter-Dependency": 0.12998898161303252,
      "Plan": 0.0444542510500447,
      "Size": 0.6868611805343671,
      "Team Size": 0.6626703350249897
    },
    "12": {
      "Criticality": 0.05318269362531874,
      "Criticality Modifier": 0.16286727740034368,
      "Culture": 0.9767691084444476,
      "Dynamism": 0.13496794490774444,
      "Initial Known": 0.31456098151604406,
      "Inter-Dependency": 0.14545104490657998,