{
  "stats": {
    "submitted": 20,
    "finished": 20,
    "running": 0
  },
  "data": [
    [
      1,
      null,
      662124363,
      null,
      0.0,
      2.726529598236084,
      1,
      1763067464.951256,
      1763067467.812202,
      {}
    ],
    [
      2,
      null,
      662124363,
      null,
      1.0,
      2.4106950759887695,
      1,
      1763067467.819007,
      1763067470.265434,
      {}
    ],
    [
      3,
      null,
      662124363,
      null,
      0.0,
      2.732138156890869,
      1,
      1763067470.2692108,
      1763067473.0367863,
      {}
    ],
    [
      4,
      null,
      662124363,
      null,
      1.0,
      2.4155678749084473,
      1,
      1763067473.0397458,
      1763067475.5023704,
      {}
    ],
    [
      5,
      null,
      662124363,
      null,
      1.0,
      2.2436132431030273,
      1,
      1763067475.5076272,
      1763067477.8126366,
      {}
    ],
    [
      6,
      null,
      662124363,
      null,
      1.0,
      2.2575173377990723,
      1,
      1763067477.815595,
      1763067480.1079185,
      {}
    ],
    [
      7,
      null,
      662124363,
      null,
      0.0,
      2.7128710746765137,
      1,
      1763067480.111174,
      1763067482.8580794,
      {}
    ],
    [
      8,
      null,
      662124363,
      null,
      0.0,
      2.4011082649230957,
      1,
      1763067482.8613036,
      1763067485.2951863,
      {}
    ],
    [
      9,
      null,
      662124363,
      null,
      0.0,
      2.4770352840423584,
      1,
      1763067485.2991383,
      1763067487.8108172,
      {}
    ],
    [
      10,
      null,
      662124363,
      null,
      1.0,
      2.223271369934082,
      1,
      1763067487.8142009,
      1763067490.138765,
      {}
    ],
    [
      11,
      null,
      662124363,
      null,
      0.0,
      2.1690268516540527,
      1,
      1763067490.141926,
      1763067492.3444366,
      {}
    ],
    [
      12,
      null,
      662124363,
      null,
      0.0,
      2.200705051422119,
      1,
      1763067492.347679,
      1763067494.5806587,
      {}
    ],
    [
      13,
      null,
      662124363,
      null,
      0.0,
      2.19307804107666,
      1,
      1763067494.5844023,
      1763067496.8134372,
      {}
    ],
    [
      14,
      null,
      662124363,
      null,
      0.0,
      2.101652145385742,
      1,
      1763067496.8183053,
      1763067498.952673,
      {}
    ],
    [
      15,
      null,
      662124363,
      null,
      0.0,
      2.1712594032287598,
      1,
      1763067498.9562256,
      1763067501.1603043,
      {}
    ],
    [
      16,
      null,
      662124363,
      null,
      0.0,
      2.2013261318206787,
      1,
      1763067501.1640975,
      1763067503.4001682,
      {}
    ],
    [
      17,
      null,
      662124363,
      null,
      0.0,
      2.2328474521636963,
      1,
      1763067503.4038944,
      1763067505.6714656,
      {}
    ],
    [
      18,
      null,
      662124363,
      null,
      1.0,
      2.1798105239868164,
      1,
      1763067505.6791205,
      1763067507.8953655,
      {}
    ],
    [
      19,
      null,
      662124363,
      null,
      1.0,
      2.191190242767334,
      1,
      1763067507.9007235,
      1763067510.1253314,
      {}
    ],
    [
      20,
      null,
      662124363,
      null,
      0.0,
      2.17464280128479,
      1,
      1763067510.1294806,
      1763067512.3381348,
      {}
    ]
  ],
  "configs": {
    "1": {
      "row_id": "6263"
    },
    "2": {
      "row_id": "1140"
    },
    "3": {
      "row_id": "3681"
    },
    "4": {
      "row_id": "8880"
    },
    "5": {
      "row_id": "7867"
    },
    "6": {
      "row_id": "4533"
    },
    "7": {
      "row_id": "2148"
    },
    "8": {
      "row_id": "5406"
    },
    "9": {
      "row_id": "6030"
    },
    "10": {
      "row_id": "1531"
    },
    "11": {
      "row_id": "3915"
    },
    "12": {
      "row_id": "8489"
    },
    "13": {
      "row_id": "9507"
    },
    "14": {
      "row_id": "3048"
    },
    "15": {
      "row_id": "508"
    },
    "16": {
      "row_id": "6891"
    },
    "17": {
      "row_id": "7435"
    },
    "18": {
      "row_id": "126"
    },
    "19": {
      "row_id": "2507"
    },
    "20": {
      "row_id": "9896"
    }
  },
  "config_origins": {
    "1": "Initial Design: Sobol",
    "2": "Initial Design: Sobol",
    "3": "Initial Design: Sobol",
    "4": "Initial Design: Sobol",
    "5": "Initial Design: Sobol",
    "6": "Initial Design: Sobol",
    "7": "Initial Design: Sobol",
    "8": "Initial Design: Sobol",
    "9": "Initial Design: Sobol",
    "10": "Initial Design: Sobol",
    "11": "Initial Design: Sobol",
    "12": "Initial Design: Sobol",
    "13": "Initial Design: Sobol",
    "14": "Initial Design: Sobol",
    "15": "Initial Design: Sobol",
    "16": "Initial Design: Sobol",
    "17": "Initial Design: Sobol",
    "18": "Initial Design: Sobol",
    "19": "Initial Design: Sobol",
    "20": "Initial Design: Sobol"
  }
}