{"config": {"Criticality": 0.2189992720118356, "Criticality Modifier": 0.8129548502892993, "Culture": 0.8773553968233779, "Dynamism": 0.0663914944717893, "Initial Known": 0.4732441694491951, "Inter-Dependency": 0.64918020460867, "Plan": 0.2428015531543714, "Size": 0.7820937515446245, "Team Size": 0.4411947017140942}, "score": 0.18876327037471685, "info": {}}