{"config": {"Criticality": 0.2818206927040244, "Criticality Modifier": 0.1630128726902399, "Culture": 0.5798513302690677, "Dynamism": 0.4304767952058003, "Initial Known": 0.416735851191456, "Inter-Dependency": 0.5923424120297966, "Plan": 0.948886928776953, "Size": 0.1936643537303393, "Team Size": 0.7931842852664805}, "score": 0.07111224667085769, "info": {}}