{
  "DE_params": {
    "mutation_factor": 0.5,
    "crossover_prob": 0.5,
    "strategy": "rand1_bin",
    "configspace": true,
    "boundary_fix_type": "random",
    "max_age": Infinity,
    "dimensions": 10,
    "output_path": "../results/tmp/DEHB_tmp/dehb_20251208-050245_1f70",
    "async_strategy": "immediate"
  },
  "HB_params": {
    "min_fidelity": 1,
    "max_fidelity": 10,
    "min_clip": null,
    "max_clip": null,
    "eta": 3
  },
  "internals": {
    "initial_configs": [
      {
        "config_id": 0,
        "config": [
          0.7124183006535948,
          0.0625,
          0.6880733944954128,
          0.6875,
          0.4,
          0.5730337078651685,
          0.7692307692307693,
          0.3854166666666667,
          0.4236111111111111,
          0.3916083916083916
        ],
        "results": {
          "1.1111111111111112": {
            "score": Infinity,
            "cost": -1,
            "info": {}
          }
        }
      },
      {
        "config_id": 1,
        "config": [
          0.5098039215686274,
          0.2625,
          0.6559633027522935,
          0.9479166666666666,
          0.7166666666666667,
          0.3146067415730337,
          0.14285714285714285,
          0.3645833333333333,
          0.2986111111111111,
          0.9790209790209791
        ],
        "results": {
          "1.1111111111111112": {
            "score": Infinity,
            "cost": -1,
            "info": {}
          }
        }
      },
      {
        "config_id": 2,
        "config": [
          0.7777777777777778,
          0.0,
          0.463302752293578,
          0.8125,
          0.9666666666666667,
          0.8314606741573034,
          0.25274725274725274,
          0.9583333333333334,
          0.7708333333333334,
          0.8321678321678322
        ],
        "results": {
          "1.1111111111111112": {
            "score": Infinity,
            "cost": -1,
            "info": {}
          }
        }
      },
      {
        "config_id": 3,
        "config": [
          0.1437908496732026,
          0.1625,
          0.20871559633027523,
          0.07291666666666667,
          0.03333333333333333,
          0.8426966292134831,
          0.967032967032967,
          0.9895833333333334,
          0.1736111111111111,
          0.965034965034965
        ],
        "results": {
          "1.1111111111111112": {
            "score": Infinity,
            "cost": -1,
            "info": {}
          }
        }
      },
      {
        "config_id": 4,
        "config": [
          0.27450980392156865,
          0.8375,
          0.15137614678899083,
          0.3958333333333333,
          0.9166666666666666,
          0.43820224719101125,
          0.27472527472527475,
          0.3541666666666667,
          0.4305555555555556,
          0.34965034965034963
        ],
        "results": {
          "1.1111111111111112": {
            "score": Infinity,
            "cost": -1,
            "info": {}
          }
        }
      },
      {
        "config_id": 5,
        "config": [
          0.6143790849673203,
          0.4625,
          0.6995412844036697,
          0.9166666666666666,
          0.85,
          0.7865168539325843,
          0.0989010989010989,
          0.65625,
          0.3541666666666667,
          0.7552447552447552
        ],
        "results": {
          "1.1111111111111112": {
            "score": Infinity,
            "cost": -1,
            "info": {}
          }
        }
      },
      {
        "config_id": 6,
        "config": [
          0.6274509803921569,
          0.0625,
          0.3967889908256881,
          0.34375,
          0.7166666666666667,
          0.3146067415730337,
          0.01098901098901099,
          0.7604166666666666,
          0.2361111111111111,
          0.32867132867132864
        ],
        "results": {
          "1.1111111111111112": {
            "score": Infinity,
            "cost": -1,
            "info": {}
          }
        }
      },
      {
        "config_id": 7,
        "config": [
          0.6601307189542484,
          0.9625,
          0.16055045871559634,
          0.8541666666666666,
          0.08333333333333333,
          0.9662921348314607,
          0.04395604395604396,
          0.9270833333333334,
          0.3958333333333333,
          0.35664335664335667
        ],
        "results": {
          "1.1111111111111112": {
            "score": Infinity,
            "cost": -1,
            "info": {}
          }
        }
      },
      {
        "config_id": 8,
        "config": [
          0.24836601307189543,
          0.475,
          0.18807339449541285,
          0.5729166666666666,
          0.016666666666666666,
          0.9325842696629213,
          0.7252747252747253,
          0.9479166666666666,
          0.875,
          0.8531468531468531
        ],
        "results": {
          "1.1111111111111112": {
            "score": Infinity,
            "cost": -1,
            "info": {}
          }
        }
      },
      {
        "config_id": 9,
        "config": [
          0.9019607843137255,
          0.175,
          0.49770642201834864,
          0.625,
          0.05,
          0.056179775280898875,
          0.8241758241758241,
          0.19791666666666666,
          0.2986111111111111,
          0.16083916083916083
        ],
        "results": {
          "3.333333333333333": {
            "score": Infinity,
            "cost": -1,
            "info": {}
          }
        }
      },
      {
        "config_id": 10,
        "config": [
          0.26143790849673204,
          0.0,
          0.9655963302752294,
          0.6875,
          0.0,
          0.1348314606741573,
          0.42857142857142855,
          0.9375,
          0.4027777777777778,
          0.6083916083916084
        ],
        "results": {
          "3.333333333333333": {
            "score": Infinity,
            "cost": -1,
            "info": {}
          }
        }
      },
      {
        "config_id": 11,
        "config": [
          0.2679738562091503,
          0.975,
          0.016055045871559634,
          0.5,
          0.31666666666666665,
          0.898876404494382,
          0.8241758241758241,
          0.25,
          0.2013888888888889,
          0.3076923076923077
        ],
        "results": {
          "3.333333333333333": {
            "score": Infinity,
            "cost": -1,
            "info": {}
          }
        }
      },
      {
        "config_id": 12,
        "config": [
          0.38562091503267976,
          0.8,
          0.5,
          0.5729166666666666,
          0.35,
          0.9438202247191011,
          0.5934065934065934,
          0.010416666666666666,
          0.8333333333333334,
          0.7692307692307693
        ],
        "results": {
          "10.0": {
            "score": Infinity,
            "cost": -1,
            "info": {}
          }
        }
      },
      {
        "config_id": 13,
        "config": [
          0.0196078431372549,
          0.075,
          0.8876146788990825,
          0.3541666666666667,
          0.03333333333333333,
          0.8876404494382022,
          0.2967032967032967,
          0.8125,
          0.034722222222222224,
          0.24475524475524477
        ],
        "results": {
          "10.0": {
            "score": Infinity,
            "cost": -1,
            "info": {}
          }
        }
      },
      {
        "config_id": 14,
        "config": [
          0.7908496732026143,
          0.8375,
          0.3348623853211009,
          0.71875,
          0.13333333333333333,
          0.7078651685393258,
          0.8461538461538461,
          0.3229166666666667,
          0.4861111111111111,
          0.1958041958041958
        ],
        "results": {
          "10.0": {
            "score": Infinity,
            "cost": -1,
            "info": {}
          }
        }
      }
    ]
  }
}