{'Clndrs': 4.0, 'Volume': 85.0, 'Model': 80.0, 'origin': 2.0}, {'Clndrs': 4.0, 'Volume': 85.0, 'Model': 76.0, 'origin': 1.0}, {'Clndrs': 4.0, 'Volume': 85.0, 'Model': 80.0, 'origin': 3.0}, {'Clndrs': 4.0, 'Volume': 78.0, 'Model': 78.0, 'origin': 3.0}, {'Clndrs': 5.0, 'Volume': 121.0, 'Model': 80.0, 'origin': 2.0}, {'Clndrs': 5.0, 'Volume': 121.0, 'Model': 80.0, 'origin': 2.0}, {'Clndrs': 4.0, 'Volume': 85.0, 'Model': 80.0, 'origin': 3.0}, {'Clndrs': 4.0, 'Volume': 86.0, 'Model': 81.0, 'origin': 1.0}, {'Clndrs': 4.0, 'Volume': 98.0, 'Model': 79.0, 'origin': 1.0}, {'Clndrs': 4.0, 'Volume': 97.0, 'Model': 73.0, 'origin': 2.0}, {'Clndrs': 4.0, 'Volume': 91.0, 'Model': 78.0, 'origin': 3.0}, {'Clndrs': 4.0, 'Volume': 96.0, 'Model': 72.0, 'origin': 2.0}, {'Clndrs': 5.0, 'Volume': 121.0, 'Model': 80.0, 'origin': 2.0}, {'Clndrs': 4.0, 'Volume': 85.0, 'Model': 76.0, 'origin': 1.0}, {'Clndrs': 4.0, 'Volume': 98.0, 'Model': 82.0, 'origin': 1.0}, {'Clndrs': 4.0, 'Volume': 98.0, 'Model': 71.0, 'origin': 1.0}, {'Clndrs': 5.0, 'Volume': 121.0, 'Model': 80.0, 'origin': 2.0}, {'Clndrs': 4.0, 'Volume': 98.0, 'Model': 82.0, 'origin': 1.0}, {'Clndrs': 4.0, 'Volume': 98.0, 'Model': 82.0, 'origin': 1.0}, {'Clndrs': 4.0, 'Volume': 90.0, 'Model': 78.0, 'origin': 2.0}
0.7023647130974182, 0.6900177461469525, 0.7460527793586416, 0.6514598614097407, 0.6884084767487146, 0.6884084767487146, 0.7460527793586416, 0.6744143089544312, 0.6113906736323248, 0.6783937856952247, 0.6758030053091354, 0.6168103702609551, 0.6884084767487146, 0.6900177461469525, 0.6929323650686559, 0.6421074957669699, 0.6884084767487146, 0.6929323650686559, 0.6929323650686559, 0.8066018426764716
0.04382681846618652, 0.03246808052062988, 0.033901214599609375, 0.04068803787231445, 0.034276485443115234, 0.03610801696777344, 0.036391258239746094, 0.0319674015045166, 0.032822370529174805, 0.03576993942260742, 0.032160282135009766, 0.03216242790222168, 0.034479379653930664, 0.03188514709472656, 0.03406119346618652, 0.03589200973510742, 0.034505367279052734, 0.1325690746307373, 0.03544878959655762, 0.03184080123901367