{'Clndrs': 4.0, 'Volume': 85.0, 'Model': 80.0, 'origin': 2.0}, {'Clndrs': 4.0, 'Volume': 97.0, 'Model': 82.0, 'origin': 2.0}, {'Clndrs': 4.0, 'Volume': 97.0, 'Model': 82.0, 'origin': 2.0}, {'Clndrs': 4.0, 'Volume': 89.0, 'Model': 81.0, 'origin': 3.0}, {'Clndrs': 4.0, 'Volume': 97.0, 'Model': 82.0, 'origin': 2.0}, {'Clndrs': 4.0, 'Volume': 97.0, 'Model': 82.0, 'origin': 2.0}, {'Clndrs': 4.0, 'Volume': 97.0, 'Model': 82.0, 'origin': 2.0}, {'Clndrs': 4.0, 'Volume': 97.0, 'Model': 82.0, 'origin': 2.0}, {'Clndrs': 4.0, 'Volume': 97.0, 'Model': 82.0, 'origin': 2.0}, {'Clndrs': 4.0, 'Volume': 97.0, 'Model': 82.0, 'origin': 2.0}, {'Clndrs': 4.0, 'Volume': 85.0, 'Model': 76.0, 'origin': 1.0}, {'Clndrs': 4.0, 'Volume': 85.0, 'Model': 80.0, 'origin': 2.0}, {'Clndrs': 4.0, 'Volume': 85.0, 'Model': 80.0, 'origin': 2.0}, {'Clndrs': 4.0, 'Volume': 90.0, 'Model': 78.0, 'origin': 2.0}, {'Clndrs': 4.0, 'Volume': 98.0, 'Model': 82.0, 'origin': 1.0}, {'Clndrs': 4.0, 'Volume': 97.0, 'Model': 82.0, 'origin': 2.0}, {'Clndrs': 4.0, 'Volume': 85.0, 'Model': 80.0, 'origin': 2.0}, {'Clndrs': 4.0, 'Volume': 85.0, 'Model': 80.0, 'origin': 2.0}, {'Clndrs': 4.0, 'Volume': 97.0, 'Model': 82.0, 'origin': 2.0}, {'Clndrs': 4.0, 'Volume': 97.0, 'Model': 82.0, 'origin': 2.0}
0.7023647130974182, 0.8325401088277997, 0.8325401088277997, 0.6960537275536041, 0.8325401088277997, 0.8325401088277997, 0.8325401088277997, 0.8325401088277997, 0.8325401088277997, 0.8325401088277997, 0.6900177461469525, 0.7023647130974182, 0.7023647130974182, 0.8066018426764716, 0.6929323650686559, 0.8325401088277997, 0.7023647130974182, 0.7023647130974182, 0.8325401088277997, 0.8325401088277997
0.1828935146331787, 0.16337990760803223, 0.16667699813842773, 0.2950270175933838, 0.1657428741455078, 0.16321468353271484, 0.16510486602783203, 0.16454172134399414, 0.16352510452270508, 0.17711997032165527, 0.16248273849487305, 0.16051888465881348, 0.1610240936279297, 0.16183733940124512, 0.16011786460876465, 0.16034436225891113, 0.16026568412780762, 0.16376090049743652, 0.1608293056488037, 0.16036057472229004