{'Clndrs': 4.0, 'Volume': 85.0, 'Model': 80.0, 'origin': 2.0}, {'Clndrs': 4.0, 'Volume': 141.0, 'Model': 81.0, 'origin': 2.0}, {'Clndrs': 4.0, 'Volume': 85.0, 'Model': 76.0, 'origin': 1.0}, {'Clndrs': 4.0, 'Volume': 78.0, 'Model': 78.0, 'origin': 3.0}, {'Clndrs': 4.0, 'Volume': 140.0, 'Model': 71.0, 'origin': 1.0}, {'Clndrs': 5.0, 'Volume': 121.0, 'Model': 80.0, 'origin': 2.0}, {'Clndrs': 4.0, 'Volume': 98.0, 'Model': 78.0, 'origin': 1.0}, {'Clndrs': 4.0, 'Volume': 86.0, 'Model': 81.0, 'origin': 1.0}, {'Clndrs': 4.0, 'Volume': 85.0, 'Model': 77.0, 'origin': 3.0}, {'Clndrs': 4.0, 'Volume': 97.0, 'Model': 73.0, 'origin': 2.0}, {'Clndrs': 4.0, 'Volume': 97.0, 'Model': 70.0, 'origin': 2.0}, {'Clndrs': 4.0, 'Volume': 96.0, 'Model': 72.0, 'origin': 2.0}, {'Clndrs': 5.0, 'Volume': 121.0, 'Model': 80.0, 'origin': 2.0}, {'Clndrs': 4.0, 'Volume': 85.0, 'Model': 76.0, 'origin': 1.0}, {'Clndrs': 4.0, 'Volume': 98.0, 'Model': 82.0, 'origin': 1.0}, {'Clndrs': 4.0, 'Volume': 140.0, 'Model': 74.0, 'origin': 1.0}, {'Clndrs': 5.0, 'Volume': 121.0, 'Model': 80.0, 'origin': 2.0}, {'Clndrs': 4.0, 'Volume': 97.0, 'Model': 70.0, 'origin': 2.0}, {'Clndrs': 4.0, 'Volume': 98.0, 'Model': 82.0, 'origin': 1.0}, {'Clndrs': 4.0, 'Volume': 98.0, 'Model': 82.0, 'origin': 1.0}
0.7023647130974182, 0.580165633298541, 0.6900177461469525, 0.6514598614097407, 0.5563373379107487, 0.6884084767487146, 0.6133343266902308, 0.6744143089544312, 0.597665970947626, 0.6783937856952247, 0.6736701852643636, 0.6168103702609551, 0.6884084767487146, 0.6900177461469525, 0.6929323650686559, 0.577728751460773, 0.6884084767487146, 0.6736701852643636, 0.6929323650686559, 0.6929323650686559
0.0275881290435791, 0.02505970001220703, 0.016715526580810547, 0.016533851623535156, 0.025178194046020508, 0.017042875289916992, 0.01801300048828125, 0.019547700881958008, 0.016870498657226562, 0.016727685928344727, 0.01680755615234375, 0.017230987548828125, 0.018184423446655273, 0.018218517303466797, 0.016736507415771484, 0.016683578491210938, 0.01674032211303711, 0.016993999481201172, 0.01794147491455078, 0.01848316192626953