{'Clndrs': 4.0, 'Volume': 85.0, 'Model': 80.0, 'origin': 2.0}, {'Clndrs': 4.0, 'Volume': 97.0, 'Model': 82.0, 'origin': 2.0}, {'Clndrs': 4.0, 'Volume': 97.0, 'Model': 82.0, 'origin': 2.0}, {'Clndrs': 4.0, 'Volume': 91.0, 'Model': 82.0, 'origin': 3.0}, {'Clndrs': 5.0, 'Volume': 121.0, 'Model': 80.0, 'origin': 2.0}, {'Clndrs': 4.0, 'Volume': 98.0, 'Model': 82.0, 'origin': 1.0}, {'Clndrs': 4.0, 'Volume': 85.0, 'Model': 80.0, 'origin': 3.0}, {'Clndrs': 4.0, 'Volume': 86.0, 'Model': 81.0, 'origin': 1.0}, {'Clndrs': 4.0, 'Volume': 97.0, 'Model': 82.0, 'origin': 2.0}, {'Clndrs': 4.0, 'Volume': 90.0, 'Model': 78.0, 'origin': 2.0}, {'Clndrs': 4.0, 'Volume': 85.0, 'Model': 76.0, 'origin': 1.0}, {'Clndrs': 4.0, 'Volume': 79.0, 'Model': 71.0, 'origin': 2.0}, {'Clndrs': 5.0, 'Volume': 121.0, 'Model': 80.0, 'origin': 2.0}, {'Clndrs': 4.0, 'Volume': 89.0, 'Model': 80.0, 'origin': 3.0}, {'Clndrs': 4.0, 'Volume': 98.0, 'Model': 82.0, 'origin': 1.0}, {'Clndrs': 4.0, 'Volume': 97.0, 'Model': 82.0, 'origin': 2.0}, {'Clndrs': 4.0, 'Volume': 85.0, 'Model': 80.0, 'origin': 2.0}, {'Clndrs': 4.0, 'Volume': 98.0, 'Model': 82.0, 'origin': 1.0}, {'Clndrs': 4.0, 'Volume': 98.0, 'Model': 82.0, 'origin': 1.0}, {'Clndrs': 4.0, 'Volume': 90.0, 'Model': 78.0, 'origin': 2.0}
0.7023647130974182, 0.8325401088277997, 0.8325401088277997, 0.6651980854870623, 0.6884084767487146, 0.6929323650686559, 0.7460527793586416, 0.6744143089544312, 0.8325401088277997, 0.8066018426764716, 0.6900177461469525, 0.6504244094152204, 0.6884084767487146, 0.7416837415660607, 0.6929323650686559, 0.8325401088277997, 0.7023647130974182, 0.6929323650686559, 0.6929323650686559, 0.8066018426764716
0.09930729866027832, 0.08358597755432129, 0.08564400672912598, 0.09315633773803711, 0.09181761741638184, 0.08601617813110352, 0.17379975318908691, 0.07509517669677734, 0.07579851150512695, 0.09511494636535645, 0.08750128746032715, 0.08470869064331055, 0.08996891975402832, 0.08658719062805176, 0.07926440238952637, 0.07840180397033691, 0.07795500755310059, 0.07438468933105469, 0.07482147216796875, 0.08559107780456543