{'Clndrs': 4.0, 'Volume': 98.0, 'Model': 78.0, 'origin': 3.0}, {'Clndrs': 4.0, 'Volume': 141.0, 'Model': 81.0, 'origin': 2.0}, {'Clndrs': 4.0, 'Volume': 85.0, 'Model': 76.0, 'origin': 1.0}, {'Clndrs': 4.0, 'Volume': 78.0, 'Model': 78.0, 'origin': 3.0}, {'Clndrs': 4.0, 'Volume': 140.0, 'Model': 71.0, 'origin': 1.0}, {'Clndrs': 5.0, 'Volume': 121.0, 'Model': 80.0, 'origin': 2.0}, {'Clndrs': 5.0, 'Volume': 183.0, 'Model': 79.0, 'origin': 2.0}, {'Clndrs': 4.0, 'Volume': 105.0, 'Model': 82.0, 'origin': 2.0}, {'Clndrs': 4.0, 'Volume': 85.0, 'Model': 77.0, 'origin': 3.0}, {'Clndrs': 4.0, 'Volume': 79.0, 'Model': 71.0, 'origin': 2.0}, {'Clndrs': 4.0, 'Volume': 97.0, 'Model': 70.0, 'origin': 2.0}, {'Clndrs': 4.0, 'Volume': 96.0, 'Model': 72.0, 'origin': 2.0}, {'Clndrs': 5.0, 'Volume': 121.0, 'Model': 80.0, 'origin': 2.0}, {'Clndrs': 4.0, 'Volume': 105.0, 'Model': 82.0, 'origin': 2.0}, {'Clndrs': 4.0, 'Volume': 119.0, 'Model': 82.0, 'origin': 1.0}, {'Clndrs': 4.0, 'Volume': 140.0, 'Model': 74.0, 'origin': 1.0}, {'Clndrs': 4.0, 'Volume': 98.0, 'Model': 71.0, 'origin': 1.0}, {'Clndrs': 4.0, 'Volume': 97.0, 'Model': 75.0, 'origin': 3.0}, {'Clndrs': 4.0, 'Volume': 98.0, 'Model': 82.0, 'origin': 1.0}, {'Clndrs': 4.0, 'Volume': 98.0, 'Model': 82.0, 'origin': 1.0}
0.5876323254066453, 0.580165633298541, 0.6900177461469525, 0.6514598614097407, 0.5563373379107487, 0.6884084767487146, 0.5440459663313476, 0.6380190392224963, 0.597665970947626, 0.6504244094152204, 0.6736701852643636, 0.6168103702609551, 0.6884084767487146, 0.6380190392224963, 0.6119161453990214, 0.577728751460773, 0.6421074957669699, 0.5720567705301814, 0.6929323650686559, 0.6929323650686559
0.01859140396118164, 0.009370088577270508, 0.01572585105895996, 0.009445905685424805, 0.009461402893066406, 0.009490013122558594, 0.009562969207763672, 0.009476661682128906, 0.009376049041748047, 0.009423017501831055, 0.009478092193603516, 0.009395122528076172, 0.009381771087646484, 0.009419918060302734, 0.009432554244995117, 0.009390115737915039, 0.009463310241699219, 0.00948786735534668, 0.00940251350402832, 0.009423971176147461