{'Clndrs': 4.0, 'Volume': 85.0, 'Model': 80.0, 'origin': 2.0}, {'Clndrs': 4.0, 'Volume': 85.0, 'Model': 76.0, 'origin': 1.0}, {'Clndrs': 4.0, 'Volume': 85.0, 'Model': 80.0, 'origin': 3.0}, {'Clndrs': 4.0, 'Volume': 78.0, 'Model': 78.0, 'origin': 3.0}, {'Clndrs': 5.0, 'Volume': 121.0, 'Model': 80.0, 'origin': 2.0}, {'Clndrs': 5.0, 'Volume': 121.0, 'Model': 80.0, 'origin': 2.0}, {'Clndrs': 4.0, 'Volume': 97.0, 'Model': 70.0, 'origin': 2.0}, {'Clndrs': 4.0, 'Volume': 86.0, 'Model': 81.0, 'origin': 1.0}, {'Clndrs': 4.0, 'Volume': 85.0, 'Model': 77.0, 'origin': 3.0}, {'Clndrs': 4.0, 'Volume': 97.0, 'Model': 73.0, 'origin': 2.0}, {'Clndrs': 4.0, 'Volume': 91.0, 'Model': 78.0, 'origin': 3.0}, {'Clndrs': 4.0, 'Volume': 96.0, 'Model': 72.0, 'origin': 2.0}, {'Clndrs': 5.0, 'Volume': 121.0, 'Model': 80.0, 'origin': 2.0}, {'Clndrs': 4.0, 'Volume': 85.0, 'Model': 76.0, 'origin': 1.0}, {'Clndrs': 4.0, 'Volume': 98.0, 'Model': 82.0, 'origin': 1.0}, {'Clndrs': 4.0, 'Volume': 140.0, 'Model': 74.0, 'origin': 1.0}, {'Clndrs': 5.0, 'Volume': 121.0, 'Model': 80.0, 'origin': 2.0}, {'Clndrs': 4.0, 'Volume': 98.0, 'Model': 82.0, 'origin': 1.0}, {'Clndrs': 4.0, 'Volume': 98.0, 'Model': 82.0, 'origin': 1.0}, {'Clndrs': 4.0, 'Volume': 90.0, 'Model': 78.0, 'origin': 2.0}
0.7023647130974182, 0.6900177461469525, 0.7460527793586416, 0.6514598614097407, 0.6884084767487146, 0.6884084767487146, 0.6736701852643636, 0.6744143089544312, 0.597665970947626, 0.6783937856952247, 0.6758030053091354, 0.6168103702609551, 0.6884084767487146, 0.6900177461469525, 0.6929323650686559, 0.577728751460773, 0.6884084767487146, 0.6929323650686559, 0.6929323650686559, 0.8066018426764716
0.03381156921386719, 0.03204345703125, 0.029794692993164062, 0.027738094329833984, 0.027561664581298828, 0.029531478881835938, 0.02884078025817871, 0.02851247787475586, 0.027415037155151367, 0.027974367141723633, 0.030008792877197266, 0.027955293655395508, 0.027136564254760742, 0.028154850006103516, 0.029430627822875977, 0.02710247039794922, 0.02699756622314453, 0.13823628425598145, 0.02773427963256836, 0.029346942901611328