{'Clndrs': 4.0, 'Volume': 98.0, 'Model': 78.0, 'origin': 3.0}, {'Clndrs': 4.0, 'Volume': 141.0, 'Model': 81.0, 'origin': 2.0}, {'Clndrs': 4.0, 'Volume': 85.0, 'Model': 76.0, 'origin': 1.0}, {'Clndrs': 4.0, 'Volume': 78.0, 'Model': 78.0, 'origin': 3.0}, {'Clndrs': 4.0, 'Volume': 140.0, 'Model': 71.0, 'origin': 1.0}, {'Clndrs': 5.0, 'Volume': 121.0, 'Model': 80.0, 'origin': 2.0}, {'Clndrs': 5.0, 'Volume': 183.0, 'Model': 79.0, 'origin': 2.0}, {'Clndrs': 4.0, 'Volume': 105.0, 'Model': 82.0, 'origin': 2.0}, {'Clndrs': 4.0, 'Volume': 85.0, 'Model': 77.0, 'origin': 3.0}, {'Clndrs': 4.0, 'Volume': 79.0, 'Model': 71.0, 'origin': 2.0}, {'Clndrs': 4.0, 'Volume': 97.0, 'Model': 70.0, 'origin': 2.0}, {'Clndrs': 4.0, 'Volume': 96.0, 'Model': 72.0, 'origin': 2.0}, {'Clndrs': 5.0, 'Volume': 121.0, 'Model': 80.0, 'origin': 2.0}, {'Clndrs': 4.0, 'Volume': 105.0, 'Model': 82.0, 'origin': 2.0}, {'Clndrs': 4.0, 'Volume': 119.0, 'Model': 82.0, 'origin': 1.0}, {'Clndrs': 4.0, 'Volume': 140.0, 'Model': 74.0, 'origin': 1.0}, {'Clndrs': 4.0, 'Volume': 98.0, 'Model': 71.0, 'origin': 1.0}, {'Clndrs': 4.0, 'Volume': 97.0, 'Model': 75.0, 'origin': 3.0}, {'Clndrs': 4.0, 'Volume': 98.0, 'Model': 82.0, 'origin': 1.0}, {'Clndrs': 4.0, 'Volume': 98.0, 'Model': 82.0, 'origin': 1.0}
0.4123676745933546, 0.41983436670145896, 0.3099822538530474, 0.34854013859025934, 0.4436626620892513, 0.3115915232512853, 0.4559540336686524, 0.3619809607775037, 0.40233402905237403, 0.3495755905847796, 0.32632981473563644, 0.38318962973904497, 0.3115915232512853, 0.3619809607775037, 0.3880838546009786, 0.42227124853922704, 0.3578925042330301, 0.42794322946981855, 0.3070676349313442, 0.3070676349313442
0.012717485427856445, 0.009751081466674805, 0.01671004295349121, 0.01176905632019043, 0.011211395263671875, 0.00990605354309082, 0.00983428955078125, 0.009951114654541016, 0.009714365005493164, 0.009615421295166016, 0.009715795516967773, 0.01088094711303711, 0.010781288146972656, 0.010581016540527344, 0.009681463241577148, 0.009476661682128906, 0.00986480712890625, 0.010786056518554688, 0.00996851921081543, 0.009896278381347656