{'Clndrs': 4.0, 'Volume': 85.0, 'Model': 80.0, 'origin': 2.0}, {'Clndrs': 4.0, 'Volume': 97.0, 'Model': 82.0, 'origin': 2.0}, {'Clndrs': 4.0, 'Volume': 97.0, 'Model': 82.0, 'origin': 2.0}, {'Clndrs': 4.0, 'Volume': 91.0, 'Model': 82.0, 'origin': 3.0}, {'Clndrs': 5.0, 'Volume': 121.0, 'Model': 80.0, 'origin': 2.0}, {'Clndrs': 4.0, 'Volume': 98.0, 'Model': 82.0, 'origin': 1.0}, {'Clndrs': 4.0, 'Volume': 85.0, 'Model': 80.0, 'origin': 3.0}, {'Clndrs': 4.0, 'Volume': 86.0, 'Model': 81.0, 'origin': 1.0}, {'Clndrs': 4.0, 'Volume': 97.0, 'Model': 82.0, 'origin': 2.0}, {'Clndrs': 4.0, 'Volume': 90.0, 'Model': 78.0, 'origin': 2.0}, {'Clndrs': 4.0, 'Volume': 85.0, 'Model': 76.0, 'origin': 1.0}, {'Clndrs': 4.0, 'Volume': 79.0, 'Model': 71.0, 'origin': 2.0}, {'Clndrs': 5.0, 'Volume': 121.0, 'Model': 80.0, 'origin': 2.0}, {'Clndrs': 4.0, 'Volume': 89.0, 'Model': 80.0, 'origin': 3.0}, {'Clndrs': 4.0, 'Volume': 98.0, 'Model': 82.0, 'origin': 1.0}, {'Clndrs': 4.0, 'Volume': 97.0, 'Model': 82.0, 'origin': 2.0}, {'Clndrs': 4.0, 'Volume': 85.0, 'Model': 80.0, 'origin': 2.0}, {'Clndrs': 4.0, 'Volume': 98.0, 'Model': 82.0, 'origin': 1.0}, {'Clndrs': 4.0, 'Volume': 98.0, 'Model': 82.0, 'origin': 1.0}, {'Clndrs': 4.0, 'Volume': 90.0, 'Model': 78.0, 'origin': 2.0}
0.2976352869025818, 0.16745989117220028, 0.16745989117220028, 0.3348019145129377, 0.31159152325128536, 0.30706763493134415, 0.25394722064135844, 0.3255856910455688, 0.16745989117220028, 0.19339815732352839, 0.30998225385304745, 0.3495755905847796, 0.31159152325128536, 0.25831625843393935, 0.30706763493134415, 0.16745989117220028, 0.2976352869025818, 0.30706763493134415, 0.30706763493134415, 0.19339815732352839
0.06849884986877441, 0.056342363357543945, 0.05623054504394531, 0.05726361274719238, 0.05510067939758301, 0.05517935752868652, 0.0566709041595459, 0.0578761100769043, 0.05586695671081543, 0.055165767669677734, 0.055344343185424805, 0.14381623268127441, 0.05576133728027344, 0.05653667449951172, 0.054631710052490234, 0.05518317222595215, 0.055147409439086914, 0.05500984191894531, 0.05558276176452637, 0.05535483360290527