{'Clndrs': 4.0, 'Volume': 85.0, 'Model': 80.0, 'origin': 2.0}, {'Clndrs': 4.0, 'Volume': 85.0, 'Model': 76.0, 'origin': 1.0}, {'Clndrs': 4.0, 'Volume': 85.0, 'Model': 80.0, 'origin': 3.0}, {'Clndrs': 4.0, 'Volume': 78.0, 'Model': 78.0, 'origin': 3.0}, {'Clndrs': 5.0, 'Volume': 121.0, 'Model': 80.0, 'origin': 2.0}, {'Clndrs': 5.0, 'Volume': 121.0, 'Model': 80.0, 'origin': 2.0}, {'Clndrs': 4.0, 'Volume': 97.0, 'Model': 70.0, 'origin': 2.0}, {'Clndrs': 4.0, 'Volume': 86.0, 'Model': 81.0, 'origin': 1.0}, {'Clndrs': 4.0, 'Volume': 85.0, 'Model': 77.0, 'origin': 3.0}, {'Clndrs': 4.0, 'Volume': 97.0, 'Model': 73.0, 'origin': 2.0}, {'Clndrs': 4.0, 'Volume': 91.0, 'Model': 78.0, 'origin': 3.0}, {'Clndrs': 4.0, 'Volume': 96.0, 'Model': 72.0, 'origin': 2.0}, {'Clndrs': 5.0, 'Volume': 121.0, 'Model': 80.0, 'origin': 2.0}, {'Clndrs': 4.0, 'Volume': 85.0, 'Model': 76.0, 'origin': 1.0}, {'Clndrs': 4.0, 'Volume': 98.0, 'Model': 82.0, 'origin': 1.0}, {'Clndrs': 4.0, 'Volume': 140.0, 'Model': 74.0, 'origin': 1.0}, {'Clndrs': 5.0, 'Volume': 121.0, 'Model': 80.0, 'origin': 2.0}, {'Clndrs': 4.0, 'Volume': 98.0, 'Model': 82.0, 'origin': 1.0}, {'Clndrs': 4.0, 'Volume': 98.0, 'Model': 82.0, 'origin': 1.0}, {'Clndrs': 4.0, 'Volume': 90.0, 'Model': 78.0, 'origin': 2.0}
0.2976352869025818, 0.30998225385304745, 0.25394722064135844, 0.34854013859025934, 0.31159152325128536, 0.31159152325128536, 0.3263298147356364, 0.3255856910455688, 0.40233402905237403, 0.3216062143047753, 0.3241969946908646, 0.3831896297390449, 0.31159152325128536, 0.30998225385304745, 0.30706763493134415, 0.42227124853922704, 0.31159152325128536, 0.30706763493134415, 0.30706763493134415, 0.19339815732352839
0.04208660125732422, 0.02347874641418457, 0.022922992706298828, 0.022797822952270508, 0.02263617515563965, 0.022945165634155273, 0.022716522216796875, 0.022138118743896484, 0.022477388381958008, 0.022867679595947266, 0.02280402183532715, 0.022937774658203125, 0.022641420364379883, 0.02261209487915039, 0.022052526473999023, 0.02204108238220215, 0.022725820541381836, 0.022550582885742188, 0.02203059196472168, 0.022157669067382812