{'Clndrs': 4.0, 'Volume': 85.0, 'Model': 80.0, 'origin': 2.0}, {'Clndrs': 4.0, 'Volume': 97.0, 'Model': 82.0, 'origin': 2.0}, {'Clndrs': 4.0, 'Volume': 97.0, 'Model': 82.0, 'origin': 2.0}, {'Clndrs': 4.0, 'Volume': 91.0, 'Model': 82.0, 'origin': 3.0}, {'Clndrs': 5.0, 'Volume': 121.0, 'Model': 80.0, 'origin': 2.0}, {'Clndrs': 4.0, 'Volume': 98.0, 'Model': 82.0, 'origin': 1.0}, {'Clndrs': 4.0, 'Volume': 85.0, 'Model': 80.0, 'origin': 3.0}, {'Clndrs': 4.0, 'Volume': 86.0, 'Model': 81.0, 'origin': 1.0}, {'Clndrs': 4.0, 'Volume': 97.0, 'Model': 82.0, 'origin': 2.0}, {'Clndrs': 4.0, 'Volume': 90.0, 'Model': 78.0, 'origin': 2.0}, {'Clndrs': 4.0, 'Volume': 85.0, 'Model': 76.0, 'origin': 1.0}, {'Clndrs': 4.0, 'Volume': 79.0, 'Model': 71.0, 'origin': 2.0}, {'Clndrs': 5.0, 'Volume': 121.0, 'Model': 80.0, 'origin': 2.0}, {'Clndrs': 4.0, 'Volume': 89.0, 'Model': 80.0, 'origin': 3.0}, {'Clndrs': 4.0, 'Volume': 98.0, 'Model': 82.0, 'origin': 1.0}, {'Clndrs': 4.0, 'Volume': 97.0, 'Model': 82.0, 'origin': 2.0}, {'Clndrs': 4.0, 'Volume': 85.0, 'Model': 80.0, 'origin': 2.0}, {'Clndrs': 4.0, 'Volume': 98.0, 'Model': 82.0, 'origin': 1.0}, {'Clndrs': 4.0, 'Volume': 98.0, 'Model': 82.0, 'origin': 1.0}, {'Clndrs': 4.0, 'Volume': 90.0, 'Model': 78.0, 'origin': 2.0}
0.29763528690258184, 0.16745989117220034, 0.16745989117220034, 0.33480191451293767, 0.3115915232512853, 0.3070676349313442, 0.25394722064135844, 0.32558569104556884, 0.16745989117220034, 0.19339815732352833, 0.3099822538530474, 0.3495755905847796, 0.3115915232512853, 0.25831625843393935, 0.3070676349313442, 0.16745989117220034, 0.29763528690258184, 0.3070676349313442, 0.3070676349313442, 0.19339815732352833
0.08739185333251953, 0.08041572570800781, 0.07817935943603516, 0.08047938346862793, 0.07681441307067871, 0.07764220237731934, 0.20206260681152344, 0.07730317115783691, 0.07876348495483398, 0.07863616943359375, 0.07938671112060547, 0.07826066017150879, 0.07777881622314453, 0.07926797866821289, 0.07825732231140137, 0.07695174217224121, 0.07907629013061523, 0.0795140266418457, 0.07710075378417969, 0.07927918434143066