{'Clndrs': 4.0, 'Volume': 85.0, 'Model': 80.0, 'origin': 2.0}, {'Clndrs': 4.0, 'Volume': 141.0, 'Model': 81.0, 'origin': 2.0}, {'Clndrs': 4.0, 'Volume': 85.0, 'Model': 76.0, 'origin': 1.0}, {'Clndrs': 4.0, 'Volume': 78.0, 'Model': 78.0, 'origin': 3.0}, {'Clndrs': 4.0, 'Volume': 140.0, 'Model': 71.0, 'origin': 1.0}, {'Clndrs': 5.0, 'Volume': 121.0, 'Model': 80.0, 'origin': 2.0}, {'Clndrs': 4.0, 'Volume': 98.0, 'Model': 78.0, 'origin': 1.0}, {'Clndrs': 4.0, 'Volume': 86.0, 'Model': 81.0, 'origin': 1.0}, {'Clndrs': 4.0, 'Volume': 85.0, 'Model': 77.0, 'origin': 3.0}, {'Clndrs': 4.0, 'Volume': 97.0, 'Model': 73.0, 'origin': 2.0}, {'Clndrs': 4.0, 'Volume': 97.0, 'Model': 70.0, 'origin': 2.0}, {'Clndrs': 4.0, 'Volume': 96.0, 'Model': 72.0, 'origin': 2.0}, {'Clndrs': 5.0, 'Volume': 121.0, 'Model': 80.0, 'origin': 2.0}, {'Clndrs': 4.0, 'Volume': 85.0, 'Model': 76.0, 'origin': 1.0}, {'Clndrs': 4.0, 'Volume': 98.0, 'Model': 82.0, 'origin': 1.0}, {'Clndrs': 4.0, 'Volume': 140.0, 'Model': 74.0, 'origin': 1.0}, {'Clndrs': 5.0, 'Volume': 121.0, 'Model': 80.0, 'origin': 2.0}, {'Clndrs': 4.0, 'Volume': 97.0, 'Model': 70.0, 'origin': 2.0}, {'Clndrs': 4.0, 'Volume': 98.0, 'Model': 82.0, 'origin': 1.0}, {'Clndrs': 4.0, 'Volume': 98.0, 'Model': 82.0, 'origin': 1.0}
0.29763528690258184, 0.41983436670145896, 0.3099822538530474, 0.34854013859025934, 0.4436626620892513, 0.3115915232512853, 0.3866656733097692, 0.32558569104556884, 0.40233402905237403, 0.32160621430477526, 0.32632981473563644, 0.38318962973904497, 0.3115915232512853, 0.3099822538530474, 0.3070676349313442, 0.42227124853922704, 0.3115915232512853, 0.32632981473563644, 0.3070676349313442, 0.3070676349313442
0.02137613296508789, 0.021027088165283203, 0.017186641693115234, 0.02545905113220215, 0.01706242561340332, 0.01852869987487793, 0.017429828643798828, 0.018028974533081055, 0.01943039894104004, 0.017645597457885742, 0.01714348793029785, 0.017005443572998047, 0.017470598220825195, 0.018551349639892578, 0.018697023391723633, 0.017049074172973633, 0.01702427864074707, 0.016763925552368164, 0.017246007919311523, 0.0188138484954834