{'Clndrs': 4.0, 'Volume': 85.0, 'Model': 80.0, 'origin': 2.0}, {'Clndrs': 4.0, 'Volume': 85.0, 'Model': 76.0, 'origin': 1.0}, {'Clndrs': 4.0, 'Volume': 85.0, 'Model': 80.0, 'origin': 3.0}, {'Clndrs': 4.0, 'Volume': 78.0, 'Model': 78.0, 'origin': 3.0}, {'Clndrs': 5.0, 'Volume': 121.0, 'Model': 80.0, 'origin': 2.0}, {'Clndrs': 5.0, 'Volume': 121.0, 'Model': 80.0, 'origin': 2.0}, {'Clndrs': 4.0, 'Volume': 97.0, 'Model': 70.0, 'origin': 2.0}, {'Clndrs': 4.0, 'Volume': 86.0, 'Model': 81.0, 'origin': 1.0}, {'Clndrs': 4.0, 'Volume': 85.0, 'Model': 77.0, 'origin': 3.0}, {'Clndrs': 4.0, 'Volume': 97.0, 'Model': 73.0, 'origin': 2.0}, {'Clndrs': 4.0, 'Volume': 91.0, 'Model': 78.0, 'origin': 3.0}, {'Clndrs': 4.0, 'Volume': 96.0, 'Model': 72.0, 'origin': 2.0}, {'Clndrs': 5.0, 'Volume': 121.0, 'Model': 80.0, 'origin': 2.0}, {'Clndrs': 4.0, 'Volume': 85.0, 'Model': 76.0, 'origin': 1.0}, {'Clndrs': 4.0, 'Volume': 98.0, 'Model': 82.0, 'origin': 1.0}, {'Clndrs': 4.0, 'Volume': 140.0, 'Model': 74.0, 'origin': 1.0}, {'Clndrs': 5.0, 'Volume': 121.0, 'Model': 80.0, 'origin': 2.0}, {'Clndrs': 4.0, 'Volume': 98.0, 'Model': 82.0, 'origin': 1.0}, {'Clndrs': 4.0, 'Volume': 98.0, 'Model': 82.0, 'origin': 1.0}, {'Clndrs': 4.0, 'Volume': 90.0, 'Model': 78.0, 'origin': 2.0}
0.29763528690258184, 0.3099822538530474, 0.25394722064135844, 0.34854013859025934, 0.3115915232512853, 0.3115915232512853, 0.32632981473563644, 0.32558569104556884, 0.40233402905237403, 0.32160621430477526, 0.3241969946908646, 0.38318962973904497, 0.3115915232512853, 0.3099822538530474, 0.3070676349313442, 0.42227124853922704, 0.3115915232512853, 0.3070676349313442, 0.3070676349313442, 0.19339815732352833
0.033045291900634766, 0.03291964530944824, 0.028146743774414062, 0.028683185577392578, 0.029857873916625977, 0.028551578521728516, 0.02819514274597168, 0.0286557674407959, 0.029711246490478516, 0.028034210205078125, 0.028097867965698242, 0.029181241989135742, 0.028686046600341797, 0.03550529479980469, 0.028160810470581055, 0.02770066261291504, 0.14303851127624512, 0.02773118019104004, 0.02742767333984375, 0.028354883193969727