{'Spout_wait': 9.0, 'Spliters': 6.0, 'Counters': 12.0}, {'Spout_wait': 8.0, 'Spliters': 6.0, 'Counters': 18.0}, {'Spout_wait': 8.0, 'Spliters': 4.0, 'Counters': 17.0}, {'Spout_wait': 7.0, 'Spliters': 6.0, 'Counters': 17.0}, {'Spout_wait': 7.0, 'Spliters': 4.0, 'Counters': 17.0}, {'Spout_wait': 8.0, 'Spliters': 4.0, 'Counters': 17.0}, {'Spout_wait': 10.0, 'Spliters': 4.0, 'Counters': 17.0}, {'Spout_wait': 4.0, 'Spliters': 6.0, 'Counters': 17.0}, {'Spout_wait': 6.0, 'Spliters': 6.0, 'Counters': 15.0}, {'Spout_wait': 9.0, 'Spliters': 6.0, 'Counters': 17.0}, {'Spout_wait': 10.0, 'Spliters': 4.0, 'Counters': 15.0}, {'Spout_wait': 7.0, 'Spliters': 6.0, 'Counters': 17.0}, {'Spout_wait': 9.0, 'Spliters': 4.0, 'Counters': 17.0}, {'Spout_wait': 8.0, 'Spliters': 6.0, 'Counters': 17.0}, {'Spout_wait': 7.0, 'Spliters': 6.0, 'Counters': 15.0}, {'Spout_wait': 8.0, 'Spliters': 6.0, 'Counters': 17.0}, {'Spout_wait': 8.0, 'Spliters': 6.0, 'Counters': 17.0}, {'Spout_wait': 5.0, 'Spliters': 5.0, 'Counters': 18.0}, {'Spout_wait': 6.0, 'Spliters': 6.0, 'Counters': 17.0}, {'Spout_wait': 10.0, 'Spliters': 4.0, 'Counters': 15.0}
0.06901207886297123, 0.02340892060562716, 0.0381354535975994, 0.02810356721455487, 0.05180976722346198, 0.0381354535975994, 0.03413510224963634, 0.04488372625774839, 0.0516294898461388, 0.008586239120553896, 0.030368608200511682, 0.02810356721455487, 0.05457370508667703, 0.006111178207122481, 0.05252188736490748, 0.006111178207122481, 0.006111178207122481, 0.04923334370793886, 0.025597877256524737, 0.030368608200511682
0.09847545623779297, 0.1206350326538086, 0.0898895263671875, 0.08958983421325684, 0.18544888496398926, 0.0888819694519043, 0.08941054344177246, 0.08826088905334473, 0.08862805366516113, 0.08965206146240234, 0.08783769607543945, 0.08709955215454102, 0.08704924583435059, 0.08806228637695312, 0.1058204174041748, 0.08831286430358887, 0.08661127090454102, 0.08648252487182617, 0.08631539344787598, 0.08563709259033203