{'Spout_wait': 9.0, 'Spliters': 6.0, 'Counters': 12.0}, {'Spout_wait': 8.0, 'Spliters': 6.0, 'Counters': 18.0}, {'Spout_wait': 8.0, 'Spliters': 4.0, 'Counters': 17.0}, {'Spout_wait': 7.0, 'Spliters': 6.0, 'Counters': 17.0}, {'Spout_wait': 7.0, 'Spliters': 4.0, 'Counters': 17.0}, {'Spout_wait': 8.0, 'Spliters': 4.0, 'Counters': 17.0}, {'Spout_wait': 10.0, 'Spliters': 4.0, 'Counters': 17.0}, {'Spout_wait': 4.0, 'Spliters': 6.0, 'Counters': 17.0}, {'Spout_wait': 6.0, 'Spliters': 6.0, 'Counters': 15.0}, {'Spout_wait': 9.0, 'Spliters': 6.0, 'Counters': 17.0}, {'Spout_wait': 10.0, 'Spliters': 4.0, 'Counters': 15.0}, {'Spout_wait': 7.0, 'Spliters': 6.0, 'Counters': 17.0}, {'Spout_wait': 9.0, 'Spliters': 4.0, 'Counters': 17.0}, {'Spout_wait': 8.0, 'Spliters': 6.0, 'Counters': 17.0}, {'Spout_wait': 7.0, 'Spliters': 6.0, 'Counters': 15.0}, {'Spout_wait': 8.0, 'Spliters': 6.0, 'Counters': 17.0}, {'Spout_wait': 8.0, 'Spliters': 6.0, 'Counters': 17.0}, {'Spout_wait': 5.0, 'Spliters': 5.0, 'Counters': 18.0}, {'Spout_wait': 6.0, 'Spliters': 6.0, 'Counters': 17.0}, {'Spout_wait': 10.0, 'Spliters': 4.0, 'Counters': 15.0}
0.9309879211370288, 0.9765910793943728, 0.9618645464024006, 0.9718964327854451, 0.948190232776538, 0.9618645464024006, 0.9658648977503637, 0.9551162737422516, 0.9483705101538612, 0.9914137608794461, 0.9696313917994883, 0.9718964327854451, 0.945426294913323, 0.9938888217928775, 0.9474781126350925, 0.9938888217928775, 0.9938888217928775, 0.9507666562920611, 0.9744021227434753, 0.9696313917994883
0.13356423377990723, 0.12888240814208984, 0.2599344253540039, 0.12848854064941406, 0.12810897827148438, 0.13711309432983398, 0.13030457496643066, 0.11718606948852539, 0.11769628524780273, 0.11755633354187012, 0.1267082691192627, 0.10906863212585449, 0.10834383964538574, 0.13677740097045898, 0.10358119010925293, 0.11414861679077148, 0.12874102592468262, 0.11063623428344727, 0.1140291690826416, 0.11994123458862305