{'Spout_wait': 9.0, 'Spliters': 6.0, 'Counters': 12.0}, {'Spout_wait': 8.0, 'Spliters': 6.0, 'Counters': 18.0}, {'Spout_wait': 8.0, 'Spliters': 4.0, 'Counters': 17.0}, {'Spout_wait': 7.0, 'Spliters': 6.0, 'Counters': 17.0}, {'Spout_wait': 7.0, 'Spliters': 4.0, 'Counters': 17.0}, {'Spout_wait': 8.0, 'Spliters': 4.0, 'Counters': 17.0}, {'Spout_wait': 10.0, 'Spliters': 4.0, 'Counters': 17.0}, {'Spout_wait': 4.0, 'Spliters': 6.0, 'Counters': 17.0}, {'Spout_wait': 6.0, 'Spliters': 6.0, 'Counters': 15.0}, {'Spout_wait': 9.0, 'Spliters': 6.0, 'Counters': 17.0}, {'Spout_wait': 10.0, 'Spliters': 4.0, 'Counters': 15.0}, {'Spout_wait': 7.0, 'Spliters': 6.0, 'Counters': 17.0}, {'Spout_wait': 9.0, 'Spliters': 4.0, 'Counters': 17.0}, {'Spout_wait': 8.0, 'Spliters': 6.0, 'Counters': 17.0}, {'Spout_wait': 7.0, 'Spliters': 6.0, 'Counters': 15.0}, {'Spout_wait': 8.0, 'Spliters': 6.0, 'Counters': 17.0}, {'Spout_wait': 8.0, 'Spliters': 6.0, 'Counters': 17.0}, {'Spout_wait': 5.0, 'Spliters': 5.0, 'Counters': 18.0}, {'Spout_wait': 6.0, 'Spliters': 6.0, 'Counters': 17.0}, {'Spout_wait': 10.0, 'Spliters': 4.0, 'Counters': 15.0}
0.06901207886297127, 0.023408920605627135, 0.03813545359759935, 0.028103567214554908, 0.05180976722346202, 0.03813545359759935, 0.034135102249636326, 0.04488372625774841, 0.051629489846138805, 0.008586239120553875, 0.030368608200511637, 0.028103567214554908, 0.05457370508667705, 0.006111178207122476, 0.052521887364907496, 0.006111178207122476, 0.006111178207122476, 0.04923334370793885, 0.02559787725652472, 0.030368608200511637
0.1113119125366211, 0.10289621353149414, 0.16504263877868652, 0.10172152519226074, 0.10235905647277832, 0.10651087760925293, 0.10315084457397461, 0.10231614112854004, 0.10248112678527832, 0.10341167449951172, 0.10082173347473145, 0.0999445915222168, 0.09945559501647949, 0.10080909729003906, 0.10052037239074707, 0.10015583038330078, 0.09942793846130371, 0.09971857070922852, 0.09972500801086426, 0.09886002540588379