{'Spout_wait': 100.0, 'Spliters': 6.0, 'Counters': 11.0}, {'Spout_wait': 8.0, 'Spliters': 6.0, 'Counters': 18.0}, {'Spout_wait': 6.0, 'Spliters': 4.0, 'Counters': 10.0}, {'Spout_wait': 7.0, 'Spliters': 2.0, 'Counters': 16.0}, {'Spout_wait': 100.0, 'Spliters': 4.0, 'Counters': 13.0}, {'Spout_wait': 4.0, 'Spliters': 5.0, 'Counters': 11.0}, {'Spout_wait': 6.0, 'Spliters': 6.0, 'Counters': 11.0}, {'Spout_wait': 6.0, 'Spliters': 4.0, 'Counters': 18.0}, {'Spout_wait': 3.0, 'Spliters': 5.0, 'Counters': 13.0}, {'Spout_wait': 5.0, 'Spliters': 6.0, 'Counters': 8.0}, {'Spout_wait': 10.0, 'Spliters': 4.0, 'Counters': 15.0}, {'Spout_wait': 10.0, 'Spliters': 1.0, 'Counters': 17.0}, {'Spout_wait': 4.0, 'Spliters': 3.0, 'Counters': 15.0}, {'Spout_wait': 2.0, 'Spliters': 4.0, 'Counters': 18.0}, {'Spout_wait': 10.0, 'Spliters': 2.0, 'Counters': 14.0}, {'Spout_wait': 5.0, 'Spliters': 4.0, 'Counters': 15.0}, {'Spout_wait': 4.0, 'Spliters': 6.0, 'Counters': 14.0}, {'Spout_wait': 9.0, 'Spliters': 5.0, 'Counters': 8.0}, {'Spout_wait': 6.0, 'Spliters': 4.0, 'Counters': 17.0}, {'Spout_wait': 8.0, 'Spliters': 5.0, 'Counters': 13.0}
0.1049541699735034, 0.023408920605627135, 0.11758535031937283, 0.07469957232036742, 0.1161134198220508, 0.15047834073490438, 0.11114018584802374, 0.09215494647517551, 0.12146821587714865, 0.16496577943138702, 0.030368608200511637, 0.134354934802796, 0.09457155307266985, 0.12001744216165425, 0.09685300197120145, 0.08261887043698017, 0.08761474371349257, 0.1641236132882553, 0.05504432310620619, 0.0686945219739669
0.011049747467041016, 0.011022329330444336, 0.013550996780395508, 0.010450363159179688, 0.008886098861694336, 0.007714986801147461, 0.0076220035552978516, 0.007498502731323242, 0.007619142532348633, 0.007412910461425781, 0.007385969161987305, 0.00814676284790039, 0.008022785186767578, 0.00852060317993164, 0.008767366409301758, 0.007843971252441406, 0.007592916488647461, 0.007505655288696289, 0.007452487945556641, 0.007478475570678711