{'Spout_wait': 7.0, 'Spliters': 4.0, 'Counters': 13.0}, {'Spout_wait': 8.0, 'Spliters': 6.0, 'Counters': 18.0}, {'Spout_wait': 3.0, 'Spliters': 3.0, 'Counters': 15.0}, {'Spout_wait': 10.0, 'Spliters': 6.0, 'Counters': 12.0}, {'Spout_wait': 10.0, 'Spliters': 4.0, 'Counters': 16.0}, {'Spout_wait': 4.0, 'Spliters': 5.0, 'Counters': 11.0}, {'Spout_wait': 6.0, 'Spliters': 6.0, 'Counters': 11.0}, {'Spout_wait': 6.0, 'Spliters': 4.0, 'Counters': 18.0}, {'Spout_wait': 6.0, 'Spliters': 6.0, 'Counters': 15.0}, {'Spout_wait': 3.0, 'Spliters': 6.0, 'Counters': 18.0}, {'Spout_wait': 10.0, 'Spliters': 4.0, 'Counters': 15.0}, {'Spout_wait': 5.0, 'Spliters': 5.0, 'Counters': 12.0}, {'Spout_wait': 9.0, 'Spliters': 4.0, 'Counters': 17.0}, {'Spout_wait': 2.0, 'Spliters': 6.0, 'Counters': 15.0}, {'Spout_wait': 10.0, 'Spliters': 2.0, 'Counters': 14.0}, {'Spout_wait': 5.0, 'Spliters': 4.0, 'Counters': 15.0}, {'Spout_wait': 4.0, 'Spliters': 6.0, 'Counters': 14.0}, {'Spout_wait': 8.0, 'Spliters': 6.0, 'Counters': 14.0}, {'Spout_wait': 6.0, 'Spliters': 4.0, 'Counters': 17.0}, {'Spout_wait': 8.0, 'Spliters': 5.0, 'Counters': 13.0}
0.08593668512781016, 0.023408920605627135, 0.0653036652919942, 0.05956159272021612, 0.07739417901803258, 0.15047834073490438, 0.11114018584802374, 0.09215494647517551, 0.051629489846138805, 0.056308475545063054, 0.030368608200511637, 0.11005042503640047, 0.05457370508667705, 0.09037721671244887, 0.09685300197120145, 0.08261887043698017, 0.08761474371349257, 0.1034586561004183, 0.05504432310620619, 0.0686945219739669
0.02119588851928711, 0.01822686195373535, 0.013173341751098633, 0.012761831283569336, 0.012683391571044922, 0.012492895126342773, 0.012434959411621094, 0.013002395629882812, 0.012713193893432617, 0.013067245483398438, 0.013484716415405273, 0.013733386993408203, 0.013485431671142578, 0.013038396835327148, 0.012599945068359375, 0.012567758560180664, 0.012521743774414062, 0.012444019317626953, 0.013241767883300781, 0.013617277145385742