{'Spout_wait': 9.0, 'Spliters': 2.0, 'Counters': 17.0}, {'Spout_wait': 8.0, 'Spliters': 6.0, 'Counters': 18.0}, {'Spout_wait': 8.0, 'Spliters': 4.0, 'Counters': 17.0}, {'Spout_wait': 4.0, 'Spliters': 3.0, 'Counters': 17.0}, {'Spout_wait': 7.0, 'Spliters': 4.0, 'Counters': 17.0}, {'Spout_wait': 8.0, 'Spliters': 4.0, 'Counters': 17.0}, {'Spout_wait': 10.0, 'Spliters': 4.0, 'Counters': 17.0}, {'Spout_wait': 4.0, 'Spliters': 6.0, 'Counters': 17.0}, {'Spout_wait': 6.0, 'Spliters': 6.0, 'Counters': 15.0}, {'Spout_wait': 9.0, 'Spliters': 6.0, 'Counters': 17.0}, {'Spout_wait': 10.0, 'Spliters': 4.0, 'Counters': 15.0}, {'Spout_wait': 9.0, 'Spliters': 2.0, 'Counters': 17.0}, {'Spout_wait': 9.0, 'Spliters': 4.0, 'Counters': 17.0}, {'Spout_wait': 8.0, 'Spliters': 6.0, 'Counters': 17.0}, {'Spout_wait': 7.0, 'Spliters': 3.0, 'Counters': 15.0}, {'Spout_wait': 7.0, 'Spliters': 6.0, 'Counters': 17.0}, {'Spout_wait': 8.0, 'Spliters': 6.0, 'Counters': 17.0}, {'Spout_wait': 5.0, 'Spliters': 5.0, 'Counters': 18.0}, {'Spout_wait': 6.0, 'Spliters': 4.0, 'Counters': 17.0}, {'Spout_wait': 10.0, 'Spliters': 4.0, 'Counters': 15.0}
0.9205432988128925, 0.9765910793943728, 0.9618645464024006, 0.9543744841145817, 0.948190232776538, 0.9618645464024006, 0.9658648977503637, 0.9551162737422516, 0.9483705101538612, 0.9914137608794461, 0.9696313917994883, 0.9205432988128925, 0.945426294913323, 0.9938888217928775, 0.9280294662256192, 0.9718964327854451, 0.9938888217928775, 0.9507666562920611, 0.9449556768937938, 0.9696313917994883
0.048825979232788086, 0.038251638412475586, 0.03770303726196289, 0.03775668144226074, 0.11037254333496094, 0.038027286529541016, 0.037511348724365234, 0.03741908073425293, 0.0373387336730957, 0.03930091857910156, 0.037387847900390625, 0.03714942932128906, 0.037225961685180664, 0.037322282791137695, 0.03722739219665527, 0.037123918533325195, 0.03753399848937988, 0.03705000877380371, 0.03713083267211914, 0.0370790958404541