{'Spout_wait': 100.0, 'Spliters': 6.0, 'Counters': 11.0}, {'Spout_wait': 8.0, 'Spliters': 6.0, 'Counters': 18.0}, {'Spout_wait': 6.0, 'Spliters': 4.0, 'Counters': 10.0}, {'Spout_wait': 7.0, 'Spliters': 2.0, 'Counters': 16.0}, {'Spout_wait': 100.0, 'Spliters': 4.0, 'Counters': 13.0}, {'Spout_wait': 4.0, 'Spliters': 5.0, 'Counters': 11.0}, {'Spout_wait': 6.0, 'Spliters': 6.0, 'Counters': 11.0}, {'Spout_wait': 6.0, 'Spliters': 4.0, 'Counters': 18.0}, {'Spout_wait': 3.0, 'Spliters': 5.0, 'Counters': 13.0}, {'Spout_wait': 5.0, 'Spliters': 6.0, 'Counters': 8.0}, {'Spout_wait': 10.0, 'Spliters': 4.0, 'Counters': 15.0}, {'Spout_wait': 10.0, 'Spliters': 1.0, 'Counters': 17.0}, {'Spout_wait': 4.0, 'Spliters': 3.0, 'Counters': 15.0}, {'Spout_wait': 2.0, 'Spliters': 4.0, 'Counters': 18.0}, {'Spout_wait': 10.0, 'Spliters': 2.0, 'Counters': 14.0}, {'Spout_wait': 5.0, 'Spliters': 4.0, 'Counters': 15.0}, {'Spout_wait': 4.0, 'Spliters': 6.0, 'Counters': 14.0}, {'Spout_wait': 9.0, 'Spliters': 5.0, 'Counters': 8.0}, {'Spout_wait': 6.0, 'Spliters': 4.0, 'Counters': 17.0}, {'Spout_wait': 8.0, 'Spliters': 5.0, 'Counters': 13.0}
0.8950458300264966, 0.9765910793943728, 0.8824146496806272, 0.9253004276796326, 0.8838865801779492, 0.8495216592650956, 0.8888598141519762, 0.9078450535248245, 0.8785317841228514, 0.835034220568613, 0.9696313917994883, 0.865645065197204, 0.9054284469273302, 0.8799825578383458, 0.9031469980287985, 0.9173811295630199, 0.9123852562865075, 0.8358763867117447, 0.9449556768937938, 0.9313054780260331
0.17038679122924805, 0.008482933044433594, 2.899263858795166, 0.007526874542236328, 0.0066182613372802734, 0.006683826446533203, 0.006444692611694336, 0.0065631866455078125, 0.006441354751586914, 0.006884336471557617, 0.006914854049682617, 0.36661863327026367, 0.00915074348449707, 0.006498098373413086, 0.015024900436401367, 0.006433963775634766, 0.006428241729736328, 0.05752277374267578, 0.044060468673706055, 0.008874893188476562