{'Spout_wait': 7.0, 'Spliters': 4.0, 'Counters': 13.0}, {'Spout_wait': 8.0, 'Spliters': 6.0, 'Counters': 18.0}, {'Spout_wait': 3.0, 'Spliters': 3.0, 'Counters': 15.0}, {'Spout_wait': 10.0, 'Spliters': 6.0, 'Counters': 12.0}, {'Spout_wait': 10.0, 'Spliters': 4.0, 'Counters': 16.0}, {'Spout_wait': 100.0, 'Spliters': 3.0, 'Counters': 18.0}, {'Spout_wait': 6.0, 'Spliters': 6.0, 'Counters': 11.0}, {'Spout_wait': 6.0, 'Spliters': 4.0, 'Counters': 18.0}, {'Spout_wait': 6.0, 'Spliters': 6.0, 'Counters': 15.0}, {'Spout_wait': 9.0, 'Spliters': 6.0, 'Counters': 17.0}, {'Spout_wait': 10.0, 'Spliters': 4.0, 'Counters': 15.0}, {'Spout_wait': 3.0, 'Spliters': 5.0, 'Counters': 16.0}, {'Spout_wait': 9.0, 'Spliters': 4.0, 'Counters': 17.0}, {'Spout_wait': 8.0, 'Spliters': 6.0, 'Counters': 17.0}, {'Spout_wait': 2.0, 'Spliters': 6.0, 'Counters': 15.0}, {'Spout_wait': 5.0, 'Spliters': 4.0, 'Counters': 15.0}, {'Spout_wait': 4.0, 'Spliters': 6.0, 'Counters': 14.0}, {'Spout_wait': 8.0, 'Spliters': 6.0, 'Counters': 14.0}, {'Spout_wait': 6.0, 'Spliters': 4.0, 'Counters': 17.0}, {'Spout_wait': 8.0, 'Spliters': 5.0, 'Counters': 13.0}
0.9140633148721898, 0.9765910793943728, 0.9346963347080058, 0.9404384072797839, 0.9226058209819674, 0.9166968845066248, 0.8888598141519762, 0.9078450535248245, 0.9483705101538612, 0.9914137608794461, 0.9696313917994883, 0.9035151509870328, 0.945426294913323, 0.9938888217928775, 0.9096227832875511, 0.9173811295630199, 0.9123852562865075, 0.8965413438995817, 0.9449556768937938, 0.9313054780260331
0.028429508209228516, 0.031244277954101562, 0.021433115005493164, 0.020592212677001953, 0.02051568031311035, 0.02080368995666504, 0.02224564552307129, 0.11578512191772461, 0.021954774856567383, 0.020726442337036133, 0.02038717269897461, 0.02037978172302246, 0.021417856216430664, 0.02177596092224121, 0.020449161529541016, 0.020430803298950195, 0.02055811882019043, 0.021373748779296875, 0.021432161331176758, 0.020251035690307617