{'Spout_wait': 7.0, 'Spliters': 4.0, 'Counters': 13.0}, {'Spout_wait': 8.0, 'Spliters': 6.0, 'Counters': 18.0}, {'Spout_wait': 8.0, 'Spliters': 4.0, 'Counters': 17.0}, {'Spout_wait': 10.0, 'Spliters': 6.0, 'Counters': 12.0}, {'Spout_wait': 10.0, 'Spliters': 4.0, 'Counters': 16.0}, {'Spout_wait': 100.0, 'Spliters': 3.0, 'Counters': 18.0}, {'Spout_wait': 8.0, 'Spliters': 4.0, 'Counters': 17.0}, {'Spout_wait': 6.0, 'Spliters': 4.0, 'Counters': 18.0}, {'Spout_wait': 6.0, 'Spliters': 6.0, 'Counters': 15.0}, {'Spout_wait': 9.0, 'Spliters': 6.0, 'Counters': 17.0}, {'Spout_wait': 10.0, 'Spliters': 4.0, 'Counters': 15.0}, {'Spout_wait': 6.0, 'Spliters': 4.0, 'Counters': 18.0}, {'Spout_wait': 9.0, 'Spliters': 4.0, 'Counters': 17.0}, {'Spout_wait': 8.0, 'Spliters': 6.0, 'Counters': 17.0}, {'Spout_wait': 2.0, 'Spliters': 6.0, 'Counters': 15.0}, {'Spout_wait': 7.0, 'Spliters': 6.0, 'Counters': 15.0}, {'Spout_wait': 100.0, 'Spliters': 5.0, 'Counters': 15.0}, {'Spout_wait': 5.0, 'Spliters': 5.0, 'Counters': 18.0}, {'Spout_wait': 6.0, 'Spliters': 4.0, 'Counters': 17.0}, {'Spout_wait': 4.0, 'Spliters': 5.0, 'Counters': 17.0}
0.08593668512781016, 0.023408920605627135, 0.03813545359759935, 0.05956159272021612, 0.07739417901803258, 0.08330311549337516, 0.03813545359759935, 0.09215494647517551, 0.051629489846138805, 0.008586239120553875, 0.030368608200511637, 0.09215494647517551, 0.05457370508667705, 0.006111178207122476, 0.09037721671244887, 0.052521887364907496, 0.0723502337251269, 0.04923334370793885, 0.05504432310620619, 0.04927173054425363
0.02512979507446289, 0.020226478576660156, 0.019454240798950195, 0.019464969635009766, 0.01999354362487793, 0.02373671531677246, 0.02001953125, 0.10409760475158691, 0.019578933715820312, 0.01949024200439453, 0.019469261169433594, 0.01960444450378418, 0.019858837127685547, 0.019741535186767578, 0.019866943359375, 0.019501686096191406, 0.01924729347229004, 0.01943492889404297, 0.019443273544311523, 0.019419193267822266