{'Spout_wait': 2.0, 'Spliters': 3.0, 'Counters': 14.0}, {'Spout_wait': 4.0, 'Spliters': 6.0, 'Counters': 14.0}, {'Spout_wait': 5.0, 'Spliters': 5.0, 'Counters': 10.0}, {'Spout_wait': 6.0, 'Spliters': 4.0, 'Counters': 15.0}, {'Spout_wait': 2.0, 'Spliters': 5.0, 'Counters': 14.0}, {'Spout_wait': 6.0, 'Spliters': 3.0, 'Counters': 1.0}, {'Spout_wait': 5.0, 'Spliters': 5.0, 'Counters': 10.0}, {'Spout_wait': 3.0, 'Spliters': 4.0, 'Counters': 15.0}, {'Spout_wait': 6.0, 'Spliters': 5.0, 'Counters': 16.0}, {'Spout_wait': 2.0, 'Spliters': 5.0, 'Counters': 14.0}, {'Spout_wait': 5.0, 'Spliters': 5.0, 'Counters': 4.0}, {'Spout_wait': 5.0, 'Spliters': 5.0, 'Counters': 1.0}, {'Spout_wait': 6.0, 'Spliters': 4.0, 'Counters': 12.0}, {'Spout_wait': 2.0, 'Spliters': 5.0, 'Counters': 14.0}, {'Spout_wait': 4.0, 'Spliters': 5.0, 'Counters': 10.0}, {'Spout_wait': 5.0, 'Spliters': 4.0, 'Counters': 5.0}, {'Spout_wait': 6.0, 'Spliters': 4.0, 'Counters': 15.0}, {'Spout_wait': 6.0, 'Spliters': 4.0, 'Counters': 13.0}, {'Spout_wait': 5.0, 'Spliters': 5.0, 'Counters': 1.0}, {'Spout_wait': 6.0, 'Spliters': 4.0, 'Counters': 15.0}
0.06407312853136182, 0.07305533855603463, 0.04293529150197439, 0.051797308758049, 0.04724666887988782, 0.04227664546194576, 0.04293529150197439, 0.050780020257953695, 0.05874364051266878, 0.04724666887988782, 0.054612027473105784, 4.1023799471462397e-05, 0.06053988789959308, 0.04724666887988782, 0.04928309323600877, 0.07275679403201574, 0.051797308758049, 0.06622868155999706, 4.1023799471462397e-05, 0.051797308758049
0.10323095321655273, 0.09701275825500488, 0.09640359878540039, 0.09826779365539551, 0.09808754920959473, 0.0974583625793457, 0.09723210334777832, 0.09599423408508301, 0.0946345329284668, 0.09795069694519043, 0.09563755989074707, 0.09523892402648926, 0.09825468063354492, 0.09609746932983398, 0.0957493782043457, 0.0947263240814209, 0.09372425079345703, 0.09501290321350098, 0.09553742408752441, 0.09509778022766113