{'Spout_wait': 6.0, 'Spliters': 5.0, 'Counters': 9.0}, {'Spout_wait': 4.0, 'Spliters': 6.0, 'Counters': 14.0}, {'Spout_wait': 3.0, 'Spliters': 6.0, 'Counters': 18.0}, {'Spout_wait': 3.0, 'Spliters': 6.0, 'Counters': 1.0}, {'Spout_wait': 2.0, 'Spliters': 4.0, 'Counters': 7.0}, {'Spout_wait': 6.0, 'Spliters': 4.0, 'Counters': 1.0}, {'Spout_wait': 5.0, 'Spliters': 5.0, 'Counters': 10.0}, {'Spout_wait': 3.0, 'Spliters': 4.0, 'Counters': 18.0}, {'Spout_wait': 6.0, 'Spliters': 5.0, 'Counters': 4.0}, {'Spout_wait': 5.0, 'Spliters': 3.0, 'Counters': 12.0}, {'Spout_wait': 6.0, 'Spliters': 6.0, 'Counters': 18.0}, {'Spout_wait': 6.0, 'Spliters': 5.0, 'Counters': 9.0}, {'Spout_wait': 4.0, 'Spliters': 6.0, 'Counters': 1.0}, {'Spout_wait': 4.0, 'Spliters': 3.0, 'Counters': 5.0}, {'Spout_wait': 4.0, 'Spliters': 5.0, 'Counters': 10.0}, {'Spout_wait': 6.0, 'Spliters': 6.0, 'Counters': 12.0}, {'Spout_wait': 1.0, 'Spliters': 6.0, 'Counters': 16.0}, {'Spout_wait': 6.0, 'Spliters': 4.0, 'Counters': 13.0}, {'Spout_wait': 5.0, 'Spliters': 5.0, 'Counters': 16.0}, {'Spout_wait': 5.0, 'Spliters': 5.0, 'Counters': 7.0}
0.9234712271093025, 0.9269446614439654, 0.9113753921399925, 0.9390407939300781, 0.8990397308084022, 0.9471245796275547, 0.9570647084980256, 0.9365256874504616, 0.9107766824180066, 0.9314355572920354, 0.936825160518386, 0.9234712271093025, 0.9365858422935551, 0.9079020054955028, 0.9507169067639912, 0.915387646614483, 0.9168245877250311, 0.9337713184400029, 0.9220345286069052, 0.9146090569652691
0.24309778213500977, 0.02521371841430664, 0.03935360908508301, 0.04150962829589844, 0.9064183235168457, 0.03117513656616211, 0.028255701065063477, 0.026729583740234375, 0.026140928268432617, 0.025362491607666016, 0.028268814086914062, 0.024984359741210938, 0.029337644577026367, 0.03128409385681152, 0.024688005447387695, 0.051489830017089844, 0.024541139602661133, 0.02469801902770996, 0.02465343475341797, 0.02472519874572754