{'Spout_wait': 6.0, 'Spliters': 5.0, 'Counters': 9.0}, {'Spout_wait': 4.0, 'Spliters': 6.0, 'Counters': 14.0}, {'Spout_wait': 3.0, 'Spliters': 6.0, 'Counters': 18.0}, {'Spout_wait': 3.0, 'Spliters': 6.0, 'Counters': 1.0}, {'Spout_wait': 4.0, 'Spliters': 3.0, 'Counters': 6.0}, {'Spout_wait': 6.0, 'Spliters': 4.0, 'Counters': 1.0}, {'Spout_wait': 5.0, 'Spliters': 5.0, 'Counters': 10.0}, {'Spout_wait': 3.0, 'Spliters': 6.0, 'Counters': 15.0}, {'Spout_wait': 6.0, 'Spliters': 4.0, 'Counters': 9.0}, {'Spout_wait': 5.0, 'Spliters': 3.0, 'Counters': 12.0}, {'Spout_wait': 2.0, 'Spliters': 3.0, 'Counters': 12.0}, {'Spout_wait': 6.0, 'Spliters': 5.0, 'Counters': 9.0}, {'Spout_wait': 4.0, 'Spliters': 6.0, 'Counters': 17.0}, {'Spout_wait': 4.0, 'Spliters': 3.0, 'Counters': 5.0}, {'Spout_wait': 4.0, 'Spliters': 5.0, 'Counters': 10.0}, {'Spout_wait': 6.0, 'Spliters': 6.0, 'Counters': 12.0}, {'Spout_wait': 3.0, 'Spliters': 6.0, 'Counters': 15.0}, {'Spout_wait': 6.0, 'Spliters': 4.0, 'Counters': 13.0}, {'Spout_wait': 5.0, 'Spliters': 5.0, 'Counters': 16.0}, {'Spout_wait': 5.0, 'Spliters': 5.0, 'Counters': 7.0}
0.07652877289069748, 0.07305533855603463, 0.08862460786000748, 0.06095920606992189, 0.10180021728171962, 0.0528754203724453, 0.04293529150197439, 0.08431274234181418, 0.11949972407153142, 0.06856444270796458, 0.08125943081752762, 0.07652877289069748, 0.07844433583031751, 0.09209799450449718, 0.04928309323600877, 0.08461235338551698, 0.08431274234181418, 0.06622868155999706, 0.07796547139309484, 0.08539094303473094
0.022228717803955078, 0.02403855323791504, 0.017008543014526367, 0.017014741897583008, 0.017100095748901367, 0.017157554626464844, 0.017282962799072266, 0.016987323760986328, 0.01672077178955078, 0.016915082931518555, 0.017809152603149414, 0.017016887664794922, 0.017093896865844727, 0.017194747924804688, 0.01704859733581543, 0.016930341720581055, 0.016834735870361328, 0.016966581344604492, 0.017194271087646484, 0.016957759857177734