{'Spout_wait': 1.0, 'Spliters': 5.0, 'Counters': 18.0}, {'Spout_wait': 4.0, 'Spliters': 6.0, 'Counters': 14.0}, {'Spout_wait': 3.0, 'Spliters': 6.0, 'Counters': 18.0}, {'Spout_wait': 3.0, 'Spliters': 6.0, 'Counters': 1.0}, {'Spout_wait': 4.0, 'Spliters': 3.0, 'Counters': 6.0}, {'Spout_wait': 5.0, 'Spliters': 5.0, 'Counters': 15.0}, {'Spout_wait': 5.0, 'Spliters': 5.0, 'Counters': 10.0}, {'Spout_wait': 5.0, 'Spliters': 6.0, 'Counters': 2.0}, {'Spout_wait': 6.0, 'Spliters': 4.0, 'Counters': 9.0}, {'Spout_wait': 2.0, 'Spliters': 4.0, 'Counters': 5.0}, {'Spout_wait': 2.0, 'Spliters': 3.0, 'Counters': 12.0}, {'Spout_wait': 6.0, 'Spliters': 5.0, 'Counters': 9.0}, {'Spout_wait': 5.0, 'Spliters': 5.0, 'Counters': 7.0}, {'Spout_wait': 4.0, 'Spliters': 3.0, 'Counters': 5.0}, {'Spout_wait': 4.0, 'Spliters': 5.0, 'Counters': 3.0}, {'Spout_wait': 6.0, 'Spliters': 4.0, 'Counters': 10.0}, {'Spout_wait': 3.0, 'Spliters': 6.0, 'Counters': 15.0}, {'Spout_wait': 6.0, 'Spliters': 4.0, 'Counters': 13.0}, {'Spout_wait': 5.0, 'Spliters': 5.0, 'Counters': 16.0}, {'Spout_wait': 5.0, 'Spliters': 5.0, 'Counters': 7.0}
0.91472891962459, 0.9269446614439654, 0.9113753921399925, 0.9390407939300781, 0.8981997827182804, 0.9279024086631006, 0.9570647084980256, 0.914309928356133, 0.8805002759284686, 0.9044290006525657, 0.9187405691824724, 0.9234712271093025, 0.9146090569652691, 0.9079020054955028, 0.9193392082226773, 0.8923927336285471, 0.9156872576581858, 0.9337713184400029, 0.9220345286069052, 0.9146090569652691
0.02524113655090332, 1.4561944007873535, 0.01363372802734375, 0.4878275394439697, 0.010852813720703125, 0.010586738586425781, 0.02760004997253418, 0.010255098342895508, 0.011375665664672852, 0.010420083999633789, 0.016170501708984375, 0.17071318626403809, 0.013397455215454102, 0.01314544677734375, 0.015215635299682617, 0.0185391902923584, 0.013234138488769531, 0.01338338851928711, 0.019352436065673828, 0.0413355827331543