{'Spout_wait': 4.0, 'Spliters': 4.0, 'Counters': 11.0}, {'Spout_wait': 4.0, 'Spliters': 6.0, 'Counters': 14.0}, {'Spout_wait': 3.0, 'Spliters': 6.0, 'Counters': 18.0}, {'Spout_wait': 5.0, 'Spliters': 5.0, 'Counters': 14.0}, {'Spout_wait': 4.0, 'Spliters': 3.0, 'Counters': 6.0}, {'Spout_wait': 6.0, 'Spliters': 3.0, 'Counters': 17.0}, {'Spout_wait': 5.0, 'Spliters': 5.0, 'Counters': 10.0}, {'Spout_wait': 6.0, 'Spliters': 4.0, 'Counters': 18.0}, {'Spout_wait': 3.0, 'Spliters': 5.0, 'Counters': 13.0}, {'Spout_wait': 2.0, 'Spliters': 4.0, 'Counters': 5.0}, {'Spout_wait': 100.0, 'Spliters': 5.0, 'Counters': 14.0}, {'Spout_wait': 2.0, 'Spliters': 5.0, 'Counters': 9.0}, {'Spout_wait': 2.0, 'Spliters': 5.0, 'Counters': 8.0}, {'Spout_wait': 4.0, 'Spliters': 3.0, 'Counters': 5.0}, {'Spout_wait': 4.0, 'Spliters': 5.0, 'Counters': 3.0}, {'Spout_wait': 6.0, 'Spliters': 4.0, 'Counters': 10.0}, {'Spout_wait': 3.0, 'Spliters': 6.0, 'Counters': 15.0}, {'Spout_wait': 2.0, 'Spliters': 6.0, 'Counters': 15.0}, {'Spout_wait': 5.0, 'Spliters': 5.0, 'Counters': 16.0}, {'Spout_wait': 6.0, 'Spliters': 3.0, 'Counters': 11.0}
0.8607760113626958, 0.9269446614439654, 0.9113753921399925, 0.8962255819185064, 0.8981997827182804, 0.9249086534031817, 0.9570647084980256, 0.8704702719100931, 0.8797516493627574, 0.9044290006525657, 0.743621099481568, 0.8788358813609722, 0.8562069838956387, 0.9079020054955028, 0.9193392082226773, 0.8923927336285471, 0.9156872576581858, 0.9266455587834619, 0.9220345286069052, 0.9037700193999908
0.016341686248779297, 0.0063877105712890625, 0.00888824462890625, 0.005662441253662109, 0.005547046661376953, 0.005558013916015625, 0.005591630935668945, 0.005551576614379883, 0.005591869354248047, 0.005585193634033203, 0.005537748336791992, 0.005951881408691406, 0.005540370941162109, 0.0055544376373291016, 0.009471893310546875, 0.005898714065551758, 0.005657672882080078, 0.005602359771728516, 0.005534172058105469, 0.0057942867279052734