{'Spout_wait': 4.0, 'Spliters': 4.0, 'Counters': 11.0}, {'Spout_wait': 4.0, 'Spliters': 6.0, 'Counters': 14.0}, {'Spout_wait': 3.0, 'Spliters': 6.0, 'Counters': 18.0}, {'Spout_wait': 5.0, 'Spliters': 5.0, 'Counters': 14.0}, {'Spout_wait': 4.0, 'Spliters': 3.0, 'Counters': 6.0}, {'Spout_wait': 6.0, 'Spliters': 3.0, 'Counters': 17.0}, {'Spout_wait': 5.0, 'Spliters': 5.0, 'Counters': 10.0}, {'Spout_wait': 6.0, 'Spliters': 4.0, 'Counters': 18.0}, {'Spout_wait': 3.0, 'Spliters': 5.0, 'Counters': 13.0}, {'Spout_wait': 2.0, 'Spliters': 4.0, 'Counters': 5.0}, {'Spout_wait': 100.0, 'Spliters': 5.0, 'Counters': 14.0}, {'Spout_wait': 2.0, 'Spliters': 5.0, 'Counters': 9.0}, {'Spout_wait': 2.0, 'Spliters': 5.0, 'Counters': 8.0}, {'Spout_wait': 4.0, 'Spliters': 3.0, 'Counters': 5.0}, {'Spout_wait': 4.0, 'Spliters': 5.0, 'Counters': 3.0}, {'Spout_wait': 6.0, 'Spliters': 4.0, 'Counters': 10.0}, {'Spout_wait': 3.0, 'Spliters': 6.0, 'Counters': 15.0}, {'Spout_wait': 2.0, 'Spliters': 6.0, 'Counters': 15.0}, {'Spout_wait': 5.0, 'Spliters': 5.0, 'Counters': 16.0}, {'Spout_wait': 6.0, 'Spliters': 3.0, 'Counters': 11.0}
0.1392239886373042, 0.0730553385560346, 0.08862460786000743, 0.10377441808149358, 0.10180021728171967, 0.0750913465968183, 0.04293529150197436, 0.12952972808990693, 0.12024835063724257, 0.09557099934743431, 0.25637890051843204, 0.12116411863902771, 0.14379301610436138, 0.09209799450449714, 0.0806607917773227, 0.10760726637145293, 0.08431274234181416, 0.07335444121653807, 0.07796547139309484, 0.09622998060000917
0.009920358657836914, 0.007521629333496094, 0.010311365127563477, 0.006726741790771484, 0.006644248962402344, 0.00661921501159668, 0.006674289703369141, 0.006617546081542969, 0.006659507751464844, 0.0076618194580078125, 0.006596565246582031, 0.007115364074707031, 0.0064580440521240234, 0.006479024887084961, 0.0072252750396728516, 0.007288217544555664, 0.007437229156494141, 0.007256507873535156, 0.0067975521087646484, 0.0066738128662109375