{'Spout_wait': 6.0, 'Spliters': 6.0, 'Counters': 18.0}, {'Spout_wait': 3.0, 'Spliters': 6.0, 'Counters': 13.0}, {'Spout_wait': 5.0, 'Spliters': 5.0, 'Counters': 1.0}, {'Spout_wait': 6.0, 'Spliters': 3.0, 'Counters': 1.0}, {'Spout_wait': 4.0, 'Spliters': 5.0, 'Counters': 10.0}, {'Spout_wait': 6.0, 'Spliters': 3.0, 'Counters': 1.0}, {'Spout_wait': 5.0, 'Spliters': 5.0, 'Counters': 10.0}, {'Spout_wait': 3.0, 'Spliters': 4.0, 'Counters': 15.0}, {'Spout_wait': 5.0, 'Spliters': 6.0, 'Counters': 14.0}, {'Spout_wait': 2.0, 'Spliters': 5.0, 'Counters': 14.0}, {'Spout_wait': 5.0, 'Spliters': 5.0, 'Counters': 10.0}, {'Spout_wait': 5.0, 'Spliters': 5.0, 'Counters': 1.0}, {'Spout_wait': 6.0, 'Spliters': 4.0, 'Counters': 12.0}, {'Spout_wait': 2.0, 'Spliters': 5.0, 'Counters': 14.0}, {'Spout_wait': 4.0, 'Spliters': 5.0, 'Counters': 10.0}, {'Spout_wait': 6.0, 'Spliters': 3.0, 'Counters': 1.0}, {'Spout_wait': 6.0, 'Spliters': 4.0, 'Counters': 15.0}, {'Spout_wait': 3.0, 'Spliters': 4.0, 'Counters': 15.0}, {'Spout_wait': 5.0, 'Spliters': 5.0, 'Counters': 1.0}, {'Spout_wait': 6.0, 'Spliters': 4.0, 'Counters': 15.0}
0.06317483948161394, 0.0605402708922686, 4.1023799471449915e-05, 0.042276645461945726, 0.049283093236008796, 0.042276645461945726, 0.04293529150197436, 0.05078002025795369, 0.05053990568724741, 0.04724666887988786, 0.04293529150197436, 4.1023799471449915e-05, 0.06053988789959311, 0.04724666887988786, 0.049283093236008796, 0.042276645461945726, 0.05179730875804896, 0.05078002025795369, 4.1023799471449915e-05, 0.05179730875804896
0.1907367706298828, 0.24653220176696777, 0.17296910285949707, 0.17849206924438477, 0.17649340629577637, 0.17544198036193848, 0.17333436012268066, 0.17238998413085938, 0.16958117485046387, 0.1724236011505127, 0.1735677719116211, 0.17130041122436523, 0.17290782928466797, 0.17070436477661133, 0.1699528694152832, 0.24683666229248047, 0.1724717617034912, 0.17448806762695312, 0.17579197883605957, 0.17272162437438965