{'Spout_wait': 2.0, 'Spliters': 3.0, 'Counters': 14.0}, {'Spout_wait': 4.0, 'Spliters': 6.0, 'Counters': 14.0}, {'Spout_wait': 5.0, 'Spliters': 5.0, 'Counters': 10.0}, {'Spout_wait': 6.0, 'Spliters': 4.0, 'Counters': 15.0}, {'Spout_wait': 4.0, 'Spliters': 5.0, 'Counters': 17.0}, {'Spout_wait': 6.0, 'Spliters': 3.0, 'Counters': 1.0}, {'Spout_wait': 5.0, 'Spliters': 5.0, 'Counters': 10.0}, {'Spout_wait': 3.0, 'Spliters': 4.0, 'Counters': 15.0}, {'Spout_wait': 6.0, 'Spliters': 3.0, 'Counters': 12.0}, {'Spout_wait': 2.0, 'Spliters': 5.0, 'Counters': 14.0}, {'Spout_wait': 5.0, 'Spliters': 5.0, 'Counters': 10.0}, {'Spout_wait': 5.0, 'Spliters': 5.0, 'Counters': 1.0}, {'Spout_wait': 6.0, 'Spliters': 4.0, 'Counters': 12.0}, {'Spout_wait': 2.0, 'Spliters': 5.0, 'Counters': 14.0}, {'Spout_wait': 4.0, 'Spliters': 5.0, 'Counters': 10.0}, {'Spout_wait': 5.0, 'Spliters': 4.0, 'Counters': 5.0}, {'Spout_wait': 6.0, 'Spliters': 4.0, 'Counters': 15.0}, {'Spout_wait': 6.0, 'Spliters': 4.0, 'Counters': 13.0}, {'Spout_wait': 5.0, 'Spliters': 5.0, 'Counters': 1.0}, {'Spout_wait': 6.0, 'Spliters': 4.0, 'Counters': 15.0}
0.06407312853136182, 0.0730553385560346, 0.04293529150197436, 0.05179730875804896, 0.0689839553311513, 0.042276645461945726, 0.04293529150197436, 0.05078002025795369, 0.07299553757811197, 0.04724666887988786, 0.04293529150197436, 4.1023799471449915e-05, 0.06053988789959311, 0.04724666887988786, 0.049283093236008796, 0.07275679403201576, 0.05179730875804896, 0.06622868155999705, 4.1023799471449915e-05, 0.05179730875804896
0.13564157485961914, 0.12229466438293457, 0.2070162296295166, 0.1221609115600586, 0.12180542945861816, 0.12131452560424805, 0.12154245376586914, 0.1216282844543457, 0.11971402168273926, 0.12100934982299805, 0.1189875602722168, 0.11959099769592285, 0.11869454383850098, 0.12470769882202148, 0.12106943130493164, 0.11864972114562988, 0.11893248558044434, 0.11872053146362305, 0.11880230903625488, 0.11786866188049316