{'Spout_wait': 6.0, 'Spliters': 5.0, 'Counters': 9.0}, {'Spout_wait': 4.0, 'Spliters': 6.0, 'Counters': 14.0}, {'Spout_wait': 5.0, 'Spliters': 5.0, 'Counters': 10.0}, {'Spout_wait': 3.0, 'Spliters': 6.0, 'Counters': 1.0}, {'Spout_wait': 4.0, 'Spliters': 5.0, 'Counters': 17.0}, {'Spout_wait': 6.0, 'Spliters': 4.0, 'Counters': 1.0}, {'Spout_wait': 5.0, 'Spliters': 5.0, 'Counters': 10.0}, {'Spout_wait': 3.0, 'Spliters': 4.0, 'Counters': 18.0}, {'Spout_wait': 6.0, 'Spliters': 3.0, 'Counters': 12.0}, {'Spout_wait': 2.0, 'Spliters': 5.0, 'Counters': 14.0}, {'Spout_wait': 6.0, 'Spliters': 6.0, 'Counters': 18.0}, {'Spout_wait': 6.0, 'Spliters': 5.0, 'Counters': 9.0}, {'Spout_wait': 3.0, 'Spliters': 6.0, 'Counters': 13.0}, {'Spout_wait': 2.0, 'Spliters': 4.0, 'Counters': 15.0}, {'Spout_wait': 4.0, 'Spliters': 5.0, 'Counters': 10.0}, {'Spout_wait': 5.0, 'Spliters': 4.0, 'Counters': 5.0}, {'Spout_wait': 6.0, 'Spliters': 4.0, 'Counters': 15.0}, {'Spout_wait': 6.0, 'Spliters': 4.0, 'Counters': 13.0}, {'Spout_wait': 5.0, 'Spliters': 5.0, 'Counters': 16.0}, {'Spout_wait': 4.0, 'Spliters': 3.0, 'Counters': 18.0}
0.9234712271093025, 0.9269446614439654, 0.9570647084980256, 0.9390407939300781, 0.9310160446688487, 0.9471245796275547, 0.9570647084980256, 0.9365256874504616, 0.927004462421888, 0.9527533311201122, 0.936825160518386, 0.9234712271093025, 0.9394597291077313, 0.9149084248232988, 0.9507169067639912, 0.9272432059679843, 0.948202691241951, 0.9337713184400029, 0.9220345286069052, 0.9317946230573486
0.06899762153625488, 0.05700826644897461, 0.05602693557739258, 0.0761256217956543, 0.20104479789733887, 0.05647015571594238, 0.05660700798034668, 0.05533885955810547, 0.05588674545288086, 0.05620527267456055, 0.05485057830810547, 0.056774139404296875, 0.0557711124420166, 0.056412696838378906, 0.05565357208251953, 0.0564727783203125, 0.05503082275390625, 0.056879281997680664, 0.05507469177246094, 0.05719947814941406