{'Spout_wait': 6.0, 'Spliters': 5.0, 'Counters': 9.0}, {'Spout_wait': 4.0, 'Spliters': 6.0, 'Counters': 14.0}, {'Spout_wait': 3.0, 'Spliters': 6.0, 'Counters': 18.0}, {'Spout_wait': 3.0, 'Spliters': 6.0, 'Counters': 1.0}, {'Spout_wait': 2.0, 'Spliters': 4.0, 'Counters': 7.0}, {'Spout_wait': 6.0, 'Spliters': 4.0, 'Counters': 1.0}, {'Spout_wait': 5.0, 'Spliters': 5.0, 'Counters': 10.0}, {'Spout_wait': 3.0, 'Spliters': 4.0, 'Counters': 18.0}, {'Spout_wait': 6.0, 'Spliters': 5.0, 'Counters': 4.0}, {'Spout_wait': 5.0, 'Spliters': 3.0, 'Counters': 12.0}, {'Spout_wait': 6.0, 'Spliters': 6.0, 'Counters': 18.0}, {'Spout_wait': 6.0, 'Spliters': 5.0, 'Counters': 9.0}, {'Spout_wait': 4.0, 'Spliters': 6.0, 'Counters': 1.0}, {'Spout_wait': 4.0, 'Spliters': 3.0, 'Counters': 5.0}, {'Spout_wait': 4.0, 'Spliters': 5.0, 'Counters': 10.0}, {'Spout_wait': 6.0, 'Spliters': 6.0, 'Counters': 12.0}, {'Spout_wait': 1.0, 'Spliters': 6.0, 'Counters': 16.0}, {'Spout_wait': 6.0, 'Spliters': 4.0, 'Counters': 13.0}, {'Spout_wait': 5.0, 'Spliters': 5.0, 'Counters': 16.0}, {'Spout_wait': 5.0, 'Spliters': 5.0, 'Counters': 7.0}
0.07652877289069748, 0.07305533855603463, 0.08862460786000748, 0.06095920606992189, 0.10096026919159784, 0.0528754203724453, 0.04293529150197439, 0.06347431254953839, 0.08922331758199342, 0.06856444270796458, 0.06317483948161395, 0.07652877289069748, 0.06341415770644487, 0.09209799450449718, 0.04928309323600877, 0.08461235338551698, 0.08317541227496894, 0.06622868155999706, 0.07796547139309484, 0.08539094303473094
0.024910449981689453, 0.02002239227294922, 0.0198822021484375, 0.02030801773071289, 0.02006673812866211, 0.019771814346313477, 0.020274639129638672, 0.020450592041015625, 0.01959514617919922, 0.019736766815185547, 0.019868850708007812, 0.020070314407348633, 0.01978278160095215, 0.024047374725341797, 0.020174264907836914, 0.019633769989013672, 0.019835472106933594, 0.019836902618408203, 0.019585609436035156, 0.019531965255737305