{'Max_spout': 1000.0, 'Spliters': 2.0, 'Counters': 12.0}, {'Max_spout': 100000.0, 'Spliters': 6.0, 'Counters': 1.0}, {'Max_spout': 100000.0, 'Spliters': 1.0, 'Counters': 9.0}, {'Max_spout': 1000000.0, 'Spliters': 2.0, 'Counters': 18.0}, {'Max_spout': 1000.0, 'Spliters': 2.0, 'Counters': 18.0}, {'Max_spout': 1000.0, 'Spliters': 2.0, 'Counters': 18.0}, {'Max_spout': 10000.0, 'Spliters': 2.0, 'Counters': 12.0}, {'Max_spout': 1000000.0, 'Spliters': 1.0, 'Counters': 6.0}, {'Max_spout': 100000.0, 'Spliters': 2.0, 'Counters': 15.0}, {'Max_spout': 1000.0, 'Spliters': 2.0, 'Counters': 12.0}, {'Max_spout': 100000.0, 'Spliters': 1.0, 'Counters': 9.0}, {'Max_spout': 1000.0, 'Spliters': 6.0, 'Counters': 12.0}, {'Max_spout': 10000.0, 'Spliters': 6.0, 'Counters': 18.0}, {'Max_spout': 1000.0, 'Spliters': 6.0, 'Counters': 6.0}, {'Max_spout': 1000.0, 'Spliters': 6.0, 'Counters': 3.0}, {'Max_spout': 10000.0, 'Spliters': 2.0, 'Counters': 9.0}, {'Max_spout': 1000000.0, 'Spliters': 1.0, 'Counters': 6.0}, {'Max_spout': 100.0, 'Spliters': 2.0, 'Counters': 9.0}, {'Max_spout': 100000.0, 'Spliters': 6.0, 'Counters': 12.0}, {'Max_spout': 1000.0, 'Spliters': 2.0, 'Counters': 18.0}
0.38207560321211176, 0.3984556230484778, 0.3516674107597572, 0.3164259069728935, 0.3773207429627526, 0.3773207429627526, 0.3482003422813653, 0.36846990554864756, 0.42412389951739193, 0.38207560321211176, 0.3516674107597572, 0.44840683633798434, 0.4488983530922102, 0.46102757153250495, 0.49611442166000447, 0.4083252000894198, 0.36846990554864756, 0.467081405965204, 0.45165826904553846, 0.3773207429627526
0.011630535125732422, 0.012941598892211914, 0.01081085205078125, 0.01002812385559082, 0.010125875473022461, 0.009682893753051758, 0.009771108627319336, 0.009687423706054688, 0.01052403450012207, 0.009919881820678711, 0.00983119010925293, 0.009408950805664062, 0.009961605072021484, 0.0095672607421875, 0.009614706039428711, 0.009529352188110352, 0.009963512420654297, 0.010051250457763672, 0.010321855545043945, 0.00989985466003418