{'Max_spout': 10000.0, 'Spliters': 2.0, 'Counters': 12.0}, {'Max_spout': 1000.0, 'Spliters': 2.0, 'Counters': 15.0}, {'Max_spout': 100000.0, 'Spliters': 1.0, 'Counters': 9.0}, {'Max_spout': 1000000.0, 'Spliters': 2.0, 'Counters': 18.0}, {'Max_spout': 1000000.0, 'Spliters': 1.0, 'Counters': 6.0}, {'Max_spout': 100000.0, 'Spliters': 1.0, 'Counters': 9.0}, {'Max_spout': 10000.0, 'Spliters': 2.0, 'Counters': 12.0}, {'Max_spout': 10000.0, 'Spliters': 2.0, 'Counters': 12.0}, {'Max_spout': 10000.0, 'Spliters': 1.0, 'Counters': 6.0}, {'Max_spout': 1000.0, 'Spliters': 2.0, 'Counters': 12.0}, {'Max_spout': 10000.0, 'Spliters': 2.0, 'Counters': 12.0}, {'Max_spout': 1000000.0, 'Spliters': 2.0, 'Counters': 18.0}, {'Max_spout': 1000000.0, 'Spliters': 2.0, 'Counters': 18.0}, {'Max_spout': 10000.0, 'Spliters': 2.0, 'Counters': 12.0}, {'Max_spout': 1000000.0, 'Spliters': 1.0, 'Counters': 9.0}, {'Max_spout': 100000.0, 'Spliters': 1.0, 'Counters': 9.0}, {'Max_spout': 1000000.0, 'Spliters': 1.0, 'Counters': 6.0}, {'Max_spout': 1000.0, 'Spliters': 2.0, 'Counters': 18.0}, {'Max_spout': 10000.0, 'Spliters': 2.0, 'Counters': 12.0}, {'Max_spout': 1000.0, 'Spliters': 2.0, 'Counters': 18.0}
0.6517996577186347, 0.6310702395610492, 0.6483325892402427, 0.6835740930271065, 0.6315300944513524, 0.6483325892402427, 0.6517996577186347, 0.6517996577186347, 0.5850596921330444, 0.6179243967878882, 0.6517996577186347, 0.6835740930271065, 0.6835740930271065, 0.6517996577186347, 0.6798734670052698, 0.6483325892402427, 0.6315300944513524, 0.6226792570372475, 0.6517996577186347, 0.6226792570372475
0.0633993148803711, 0.04818129539489746, 0.047159433364868164, 0.04838681221008301, 0.04916667938232422, 0.05420112609863281, 0.0526883602142334, 0.051392316818237305, 0.04985451698303223, 0.14837050437927246, 0.049309492111206055, 0.04835343360900879, 0.04969286918640137, 0.05161476135253906, 0.05090641975402832, 0.04790353775024414, 0.04722189903259277, 0.0461573600769043, 0.04891347885131836, 0.04848957061767578