{'Max_spout': 10000.0, 'Spliters': 2.0, 'Counters': 12.0}, {'Max_spout': 100000.0, 'Spliters': 6.0, 'Counters': 1.0}, {'Max_spout': 100000.0, 'Spliters': 1.0, 'Counters': 9.0}, {'Max_spout': 1000000.0, 'Spliters': 2.0, 'Counters': 18.0}, {'Max_spout': 1000.0, 'Spliters': 2.0, 'Counters': 18.0}, {'Max_spout': 1000.0, 'Spliters': 2.0, 'Counters': 18.0}, {'Max_spout': 10000.0, 'Spliters': 2.0, 'Counters': 12.0}, {'Max_spout': 10000.0, 'Spliters': 2.0, 'Counters': 12.0}, {'Max_spout': 100000.0, 'Spliters': 2.0, 'Counters': 15.0}, {'Max_spout': 1000.0, 'Spliters': 2.0, 'Counters': 12.0}, {'Max_spout': 100000.0, 'Spliters': 1.0, 'Counters': 9.0}, {'Max_spout': 1000.0, 'Spliters': 6.0, 'Counters': 12.0}, {'Max_spout': 1000000.0, 'Spliters': 2.0, 'Counters': 18.0}, {'Max_spout': 10000.0, 'Spliters': 2.0, 'Counters': 12.0}, {'Max_spout': 1000000.0, 'Spliters': 1.0, 'Counters': 9.0}, {'Max_spout': 100000.0, 'Spliters': 1.0, 'Counters': 9.0}, {'Max_spout': 1000000.0, 'Spliters': 1.0, 'Counters': 6.0}, {'Max_spout': 1000.0, 'Spliters': 2.0, 'Counters': 18.0}, {'Max_spout': 10000.0, 'Spliters': 2.0, 'Counters': 12.0}, {'Max_spout': 1000.0, 'Spliters': 2.0, 'Counters': 18.0}
0.3482003422813653, 0.3984556230484778, 0.3516674107597572, 0.3164259069728935, 0.3773207429627526, 0.3773207429627526, 0.3482003422813653, 0.3482003422813653, 0.42412389951739193, 0.38207560321211176, 0.3516674107597572, 0.44840683633798434, 0.3164259069728935, 0.3482003422813653, 0.32012653299473015, 0.3516674107597572, 0.36846990554864756, 0.3773207429627526, 0.3482003422813653, 0.3773207429627526
0.043501853942871094, 0.0290834903717041, 0.025010108947753906, 0.02467036247253418, 0.02514934539794922, 0.02510356903076172, 0.025956153869628906, 0.02557539939880371, 0.025198698043823242, 0.024531126022338867, 0.026797056198120117, 0.025341272354125977, 0.024482011795043945, 0.024366378784179688, 0.024720430374145508, 0.025562286376953125, 0.024438858032226562, 0.024173498153686523, 0.024558067321777344, 0.025194883346557617