{'Max_spout': 10000.0, 'Spliters': 2.0, 'Counters': 12.0}, {'Max_spout': 1000000.0, 'Spliters': 1.0, 'Counters': 9.0}, {'Max_spout': 1000000.0, 'Spliters': 2.0, 'Counters': 18.0}, {'Max_spout': 1000000.0, 'Spliters': 2.0, 'Counters': 18.0}, {'Max_spout': 1000000.0, 'Spliters': 2.0, 'Counters': 18.0}, {'Max_spout': 1000000.0, 'Spliters': 2.0, 'Counters': 18.0}, {'Max_spout': 1000000.0, 'Spliters': 1.0, 'Counters': 9.0}, {'Max_spout': 10000.0, 'Spliters': 2.0, 'Counters': 12.0}, {'Max_spout': 1000000.0, 'Spliters': 2.0, 'Counters': 18.0}, {'Max_spout': 1000000.0, 'Spliters': 2.0, 'Counters': 18.0}, {'Max_spout': 1000000.0, 'Spliters': 2.0, 'Counters': 18.0}, {'Max_spout': 1000000.0, 'Spliters': 2.0, 'Counters': 18.0}, {'Max_spout': 1000000.0, 'Spliters': 2.0, 'Counters': 18.0}, {'Max_spout': 1000000.0, 'Spliters': 2.0, 'Counters': 18.0}, {'Max_spout': 1000000.0, 'Spliters': 1.0, 'Counters': 9.0}, {'Max_spout': 1000000.0, 'Spliters': 2.0, 'Counters': 18.0}, {'Max_spout': 10000.0, 'Spliters': 2.0, 'Counters': 12.0}, {'Max_spout': 1000000.0, 'Spliters': 1.0, 'Counters': 9.0}, {'Max_spout': 1000000.0, 'Spliters': 2.0, 'Counters': 18.0}, {'Max_spout': 1000.0, 'Spliters': 2.0, 'Counters': 15.0}
0.6517996577186347, 0.6798734670052698, 0.6835740930271065, 0.6835740930271065, 0.6835740930271065, 0.6835740930271065, 0.6798734670052698, 0.6517996577186347, 0.6835740930271065, 0.6835740930271065, 0.6835740930271065, 0.6835740930271065, 0.6835740930271065, 0.6835740930271065, 0.6798734670052698, 0.6835740930271065, 0.6517996577186347, 0.6798734670052698, 0.6835740930271065, 0.6310702395610492
0.16564679145812988, 0.15437841415405273, 0.22780299186706543, 0.15282034873962402, 0.1523904800415039, 0.15517759323120117, 0.15156793594360352, 0.15108919143676758, 0.1507570743560791, 0.1492166519165039, 0.14893054962158203, 0.1484825611114502, 0.14867663383483887, 0.14815568923950195, 0.14907240867614746, 0.14875555038452148, 0.15126442909240723, 0.15428781509399414, 0.14972829818725586, 0.14863061904907227