{'Max_spout': 1000.0, 'Spliters': 2.0, 'Counters': 12.0}, {'Max_spout': 100000.0, 'Spliters': 6.0, 'Counters': 1.0}, {'Max_spout': 100000.0, 'Spliters': 1.0, 'Counters': 9.0}, {'Max_spout': 1000000.0, 'Spliters': 2.0, 'Counters': 18.0}, {'Max_spout': 1000.0, 'Spliters': 2.0, 'Counters': 18.0}, {'Max_spout': 1000.0, 'Spliters': 2.0, 'Counters': 18.0}, {'Max_spout': 10000.0, 'Spliters': 2.0, 'Counters': 12.0}, {'Max_spout': 1000000.0, 'Spliters': 1.0, 'Counters': 6.0}, {'Max_spout': 100000.0, 'Spliters': 2.0, 'Counters': 15.0}, {'Max_spout': 1000.0, 'Spliters': 2.0, 'Counters': 12.0}, {'Max_spout': 100000.0, 'Spliters': 1.0, 'Counters': 9.0}, {'Max_spout': 1000.0, 'Spliters': 6.0, 'Counters': 12.0}, {'Max_spout': 10000.0, 'Spliters': 6.0, 'Counters': 18.0}, {'Max_spout': 1000.0, 'Spliters': 6.0, 'Counters': 6.0}, {'Max_spout': 1000.0, 'Spliters': 6.0, 'Counters': 3.0}, {'Max_spout': 10000.0, 'Spliters': 2.0, 'Counters': 9.0}, {'Max_spout': 1000000.0, 'Spliters': 1.0, 'Counters': 6.0}, {'Max_spout': 100.0, 'Spliters': 2.0, 'Counters': 9.0}, {'Max_spout': 100000.0, 'Spliters': 6.0, 'Counters': 12.0}, {'Max_spout': 1000.0, 'Spliters': 2.0, 'Counters': 18.0}
0.38207560321211176, 0.3984556230484778, 0.35166741075975727, 0.3164259069728935, 0.37732074296275253, 0.37732074296275253, 0.3482003422813653, 0.36846990554864756, 0.42412389951739193, 0.38207560321211176, 0.35166741075975727, 0.4484068363379843, 0.44889835309221016, 0.46102757153250495, 0.4961144216600044, 0.40832520008941975, 0.36846990554864756, 0.467081405965204, 0.4516582690455384, 0.37732074296275253
0.01079249382019043, 0.012479543685913086, 0.009574174880981445, 0.009882688522338867, 0.009135246276855469, 0.009311914443969727, 0.009363651275634766, 0.009274005889892578, 0.009312152862548828, 0.00949716567993164, 0.009299278259277344, 0.00912928581237793, 0.00927734375, 0.009508132934570312, 0.009294509887695312, 0.009252309799194336, 0.009370803833007812, 0.009266853332519531, 0.00933837890625, 0.009287834167480469