{'Max_spout': 10000.0, 'Spliters': 2.0, 'Counters': 12.0}, {'Max_spout': 100000.0, 'Spliters': 6.0, 'Counters': 1.0}, {'Max_spout': 100000.0, 'Spliters': 1.0, 'Counters': 9.0}, {'Max_spout': 1000000.0, 'Spliters': 2.0, 'Counters': 18.0}, {'Max_spout': 1000.0, 'Spliters': 2.0, 'Counters': 18.0}, {'Max_spout': 1000.0, 'Spliters': 2.0, 'Counters': 18.0}, {'Max_spout': 10000.0, 'Spliters': 2.0, 'Counters': 12.0}, {'Max_spout': 10000.0, 'Spliters': 2.0, 'Counters': 12.0}, {'Max_spout': 100000.0, 'Spliters': 2.0, 'Counters': 15.0}, {'Max_spout': 1000.0, 'Spliters': 2.0, 'Counters': 12.0}, {'Max_spout': 100000.0, 'Spliters': 1.0, 'Counters': 9.0}, {'Max_spout': 1000.0, 'Spliters': 6.0, 'Counters': 12.0}, {'Max_spout': 1000000.0, 'Spliters': 2.0, 'Counters': 18.0}, {'Max_spout': 10000.0, 'Spliters': 2.0, 'Counters': 12.0}, {'Max_spout': 1000000.0, 'Spliters': 1.0, 'Counters': 9.0}, {'Max_spout': 100000.0, 'Spliters': 1.0, 'Counters': 9.0}, {'Max_spout': 1000000.0, 'Spliters': 1.0, 'Counters': 6.0}, {'Max_spout': 1000.0, 'Spliters': 2.0, 'Counters': 18.0}, {'Max_spout': 10000.0, 'Spliters': 2.0, 'Counters': 12.0}, {'Max_spout': 1000.0, 'Spliters': 2.0, 'Counters': 18.0}
0.3482003422813653, 0.3984556230484778, 0.35166741075975727, 0.3164259069728935, 0.37732074296275253, 0.37732074296275253, 0.3482003422813653, 0.3482003422813653, 0.42412389951739193, 0.38207560321211176, 0.35166741075975727, 0.4484068363379843, 0.3164259069728935, 0.3482003422813653, 0.32012653299473015, 0.35166741075975727, 0.36846990554864756, 0.37732074296275253, 0.3482003422813653, 0.37732074296275253
0.022884845733642578, 0.015984058380126953, 0.015921592712402344, 0.015838623046875, 0.015785932540893555, 0.015758514404296875, 0.01586008071899414, 0.015808582305908203, 0.015744924545288086, 0.015769481658935547, 0.015975236892700195, 0.015526771545410156, 0.015631914138793945, 0.0157625675201416, 0.01569509506225586, 0.015735626220703125, 0.015774965286254883, 0.015543699264526367, 0.015726327896118164, 0.01576066017150879