{'Max_spout': 1000.0, 'Spliters': 2.0, 'Counters': 12.0}, {'Max_spout': 1000000.0, 'Spliters': 6.0, 'Counters': 12.0}, {'Max_spout': 100000.0, 'Spliters': 1.0, 'Counters': 9.0}, {'Max_spout': 1000000.0, 'Spliters': 2.0, 'Counters': 18.0}, {'Max_spout': 1000.0, 'Spliters': 1.0, 'Counters': 9.0}, {'Max_spout': 1000000.0, 'Spliters': 6.0, 'Counters': 1.0}, {'Max_spout': 10000.0, 'Spliters': 2.0, 'Counters': 12.0}, {'Max_spout': 1000.0, 'Spliters': 2.0, 'Counters': 6.0}, {'Max_spout': 10000.0, 'Spliters': 1.0, 'Counters': 9.0}, {'Max_spout': 10000.0, 'Spliters': 1.0, 'Counters': 9.0}, {'Max_spout': 100000.0, 'Spliters': 1.0, 'Counters': 9.0}, {'Max_spout': 1000.0, 'Spliters': 1.0, 'Counters': 9.0}, {'Max_spout': 100.0, 'Spliters': 6.0, 'Counters': 6.0}, {'Max_spout': 1000.0, 'Spliters': 6.0, 'Counters': 6.0}, {'Max_spout': 10.0, 'Spliters': 3.0, 'Counters': 6.0}, {'Max_spout': 10000.0, 'Spliters': 2.0, 'Counters': 9.0}, {'Max_spout': 1000000.0, 'Spliters': 1.0, 'Counters': 6.0}, {'Max_spout': 10.0, 'Spliters': 3.0, 'Counters': 18.0}, {'Max_spout': 100.0, 'Spliters': 2.0, 'Counters': 9.0}, {'Max_spout': 1000.0, 'Spliters': 2.0, 'Counters': 18.0}
0.38207560321211176, 0.44984553552444706, 0.35166741075975727, 0.3164259069728935, 0.4676862314673944, 0.40357683359835317, 0.3482003422813653, 0.4574555529336537, 0.5235988987260785, 0.5235988987260785, 0.35166741075975727, 0.4676862314673944, 0.5056609827861955, 0.46102757153250495, 0.5725435575177117, 0.40832520008941975, 0.36846990554864756, 0.567925441114617, 0.467081405965204, 0.37732074296275253
0.007311344146728516, 0.0058422088623046875, 0.008996009826660156, 0.005920886993408203, 0.005801677703857422, 0.005902290344238281, 0.005917787551879883, 0.005937814712524414, 0.005892038345336914, 0.0058786869049072266, 0.005888462066650391, 0.0058498382568359375, 0.005879402160644531, 0.0058710575103759766, 0.0059278011322021484, 0.0059092044830322266, 0.0058782100677490234, 0.005875587463378906, 0.005876064300537109, 0.005861997604370117