{'Max_spout': 10000.0, 'Spliters': 2.0, 'Counters': 12.0}, {'Max_spout': 100000.0, 'Spliters': 6.0, 'Counters': 1.0}, {'Max_spout': 100000.0, 'Spliters': 1.0, 'Counters': 9.0}, {'Max_spout': 1000000.0, 'Spliters': 2.0, 'Counters': 18.0}, {'Max_spout': 1000.0, 'Spliters': 2.0, 'Counters': 18.0}, {'Max_spout': 1000.0, 'Spliters': 2.0, 'Counters': 18.0}, {'Max_spout': 10000.0, 'Spliters': 2.0, 'Counters': 12.0}, {'Max_spout': 1000000.0, 'Spliters': 1.0, 'Counters': 6.0}, {'Max_spout': 100000.0, 'Spliters': 2.0, 'Counters': 15.0}, {'Max_spout': 1000.0, 'Spliters': 2.0, 'Counters': 12.0}, {'Max_spout': 100000.0, 'Spliters': 1.0, 'Counters': 9.0}, {'Max_spout': 1000.0, 'Spliters': 6.0, 'Counters': 12.0}, {'Max_spout': 10000.0, 'Spliters': 6.0, 'Counters': 18.0}, {'Max_spout': 10000.0, 'Spliters': 2.0, 'Counters': 12.0}, {'Max_spout': 1000000.0, 'Spliters': 1.0, 'Counters': 6.0}, {'Max_spout': 100000.0, 'Spliters': 1.0, 'Counters': 9.0}, {'Max_spout': 1000000.0, 'Spliters': 1.0, 'Counters': 6.0}, {'Max_spout': 1000.0, 'Spliters': 2.0, 'Counters': 18.0}, {'Max_spout': 100000.0, 'Spliters': 6.0, 'Counters': 12.0}, {'Max_spout': 1000.0, 'Spliters': 2.0, 'Counters': 18.0}
0.6517996577186347, 0.6015443769515222, 0.6483325892402427, 0.6835740930271065, 0.6226792570372475, 0.6226792570372475, 0.6517996577186347, 0.6315300944513524, 0.5758761004826081, 0.6179243967878882, 0.6483325892402427, 0.5515931636620157, 0.5511016469077898, 0.6517996577186347, 0.6315300944513524, 0.6483325892402427, 0.6315300944513524, 0.6226792570372475, 0.5483417309544616, 0.6226792570372475
0.04744720458984375, 2.3139548301696777, 0.03399372100830078, 0.01433706283569336, 0.01428842544555664, 0.013348102569580078, 0.012779712677001953, 0.014053106307983398, 0.013166666030883789, 0.013419151306152344, 0.06419682502746582, 0.015395402908325195, 0.017960786819458008, 0.012737274169921875, 0.013526439666748047, 0.013516426086425781, 0.02282428741455078, 0.013883829116821289, 0.055646419525146484, 0.013859987258911133