{'Max_spout': 10000.0, 'Spliters': 2.0, 'Counters': 12.0}, {'Max_spout': 10000.0, 'Spliters': 2.0, 'Counters': 12.0}, {'Max_spout': 10000.0, 'Spliters': 2.0, 'Counters': 12.0}, {'Max_spout': 1000000.0, 'Spliters': 2.0, 'Counters': 18.0}, {'Max_spout': 1000000.0, 'Spliters': 2.0, 'Counters': 18.0}, {'Max_spout': 100000.0, 'Spliters': 1.0, 'Counters': 9.0}, {'Max_spout': 1000000.0, 'Spliters': 1.0, 'Counters': 9.0}, {'Max_spout': 10000.0, 'Spliters': 2.0, 'Counters': 12.0}, {'Max_spout': 1000000.0, 'Spliters': 1.0, 'Counters': 9.0}, {'Max_spout': 1000000.0, 'Spliters': 2.0, 'Counters': 18.0}, {'Max_spout': 1000000.0, 'Spliters': 2.0, 'Counters': 18.0}, {'Max_spout': 1000000.0, 'Spliters': 2.0, 'Counters': 18.0}, {'Max_spout': 1000000.0, 'Spliters': 2.0, 'Counters': 18.0}, {'Max_spout': 10000.0, 'Spliters': 2.0, 'Counters': 12.0}, {'Max_spout': 1000000.0, 'Spliters': 1.0, 'Counters': 9.0}, {'Max_spout': 10000.0, 'Spliters': 2.0, 'Counters': 12.0}, {'Max_spout': 100000.0, 'Spliters': 1.0, 'Counters': 9.0}, {'Max_spout': 1000000.0, 'Spliters': 1.0, 'Counters': 9.0}, {'Max_spout': 10000.0, 'Spliters': 2.0, 'Counters': 12.0}, {'Max_spout': 1000.0, 'Spliters': 2.0, 'Counters': 15.0}
0.3482003422813653, 0.3482003422813653, 0.3482003422813653, 0.3164259069728935, 0.3164259069728935, 0.35166741075975727, 0.32012653299473015, 0.3482003422813653, 0.32012653299473015, 0.3164259069728935, 0.3164259069728935, 0.3164259069728935, 0.3164259069728935, 0.3482003422813653, 0.32012653299473015, 0.3482003422813653, 0.35166741075975727, 0.32012653299473015, 0.3482003422813653, 0.36892976043895076
0.08442401885986328, 0.06903767585754395, 0.06972956657409668, 0.06822347640991211, 0.06814336776733398, 0.06774520874023438, 0.076873779296875, 0.06873440742492676, 0.07425904273986816, 0.14374494552612305, 0.06907367706298828, 0.06766033172607422, 0.06763744354248047, 0.06819915771484375, 0.06701898574829102, 0.0667870044708252, 0.06664633750915527, 0.06941509246826172, 0.06986141204833984, 0.06701970100402832