{'Max_spout': 10000.0, 'Spliters': 2.0, 'Counters': 12.0}, {'Max_spout': 1000.0, 'Spliters': 2.0, 'Counters': 15.0}, {'Max_spout': 100000.0, 'Spliters': 1.0, 'Counters': 9.0}, {'Max_spout': 1000000.0, 'Spliters': 2.0, 'Counters': 18.0}, {'Max_spout': 1000000.0, 'Spliters': 1.0, 'Counters': 6.0}, {'Max_spout': 100000.0, 'Spliters': 1.0, 'Counters': 9.0}, {'Max_spout': 10000.0, 'Spliters': 2.0, 'Counters': 12.0}, {'Max_spout': 10000.0, 'Spliters': 2.0, 'Counters': 12.0}, {'Max_spout': 10000.0, 'Spliters': 1.0, 'Counters': 6.0}, {'Max_spout': 1000.0, 'Spliters': 2.0, 'Counters': 12.0}, {'Max_spout': 10000.0, 'Spliters': 2.0, 'Counters': 12.0}, {'Max_spout': 1000000.0, 'Spliters': 2.0, 'Counters': 18.0}, {'Max_spout': 1000000.0, 'Spliters': 2.0, 'Counters': 18.0}, {'Max_spout': 10000.0, 'Spliters': 2.0, 'Counters': 12.0}, {'Max_spout': 1000000.0, 'Spliters': 1.0, 'Counters': 9.0}, {'Max_spout': 100000.0, 'Spliters': 1.0, 'Counters': 9.0}, {'Max_spout': 1000000.0, 'Spliters': 1.0, 'Counters': 6.0}, {'Max_spout': 1000.0, 'Spliters': 2.0, 'Counters': 18.0}, {'Max_spout': 10000.0, 'Spliters': 2.0, 'Counters': 12.0}, {'Max_spout': 1000.0, 'Spliters': 2.0, 'Counters': 18.0}
0.3482003422813653, 0.3689297604389507, 0.3516674107597572, 0.3164259069728935, 0.36846990554864756, 0.3516674107597572, 0.3482003422813653, 0.3482003422813653, 0.4149403078669555, 0.38207560321211176, 0.3482003422813653, 0.3164259069728935, 0.3164259069728935, 0.3482003422813653, 0.32012653299473015, 0.3516674107597572, 0.36846990554864756, 0.3773207429627526, 0.3482003422813653, 0.3773207429627526
0.04022026062011719, 0.03468489646911621, 0.03456568717956543, 0.03488492965698242, 0.034371137619018555, 0.034308433532714844, 0.03492164611816406, 0.03421354293823242, 0.034575462341308594, 0.09924745559692383, 0.034829139709472656, 0.034325361251831055, 0.03438735008239746, 0.03422069549560547, 0.03455853462219238, 0.03512120246887207, 0.03460836410522461, 0.034029245376586914, 0.03429818153381348, 0.03434467315673828