{'Max_spout': 10000.0, 'Spliters': 2.0, 'Counters': 17.0}, {'Max_spout': 10000.0, 'Spliters': 2.0, 'Counters': 12.0}, {'Max_spout': 1000.0, 'Spliters': 2.0, 'Counters': 15.0}, {'Max_spout': 100000.0, 'Spliters': 2.0, 'Counters': 18.0}, {'Max_spout': 10000.0, 'Spliters': 2.0, 'Counters': 11.0}, {'Max_spout': 10000.0, 'Spliters': 2.0, 'Counters': 14.0}, {'Max_spout': 100000.0, 'Spliters': 2.0, 'Counters': 11.0}, {'Max_spout': 10000.0, 'Spliters': 2.0, 'Counters': 11.0}, {'Max_spout': 100000.0, 'Spliters': 2.0, 'Counters': 12.0}, {'Max_spout': 1000000.0, 'Spliters': 2.0, 'Counters': 18.0}, {'Max_spout': 1000.0, 'Spliters': 1.0, 'Counters': 16.0}, {'Max_spout': 100000.0, 'Spliters': 2.0, 'Counters': 17.0}, {'Max_spout': 100000.0, 'Spliters': 2.0, 'Counters': 17.0}, {'Max_spout': 10000.0, 'Spliters': 2.0, 'Counters': 14.0}, {'Max_spout': 10000.0, 'Spliters': 2.0, 'Counters': 17.0}, {'Max_spout': 100000.0, 'Spliters': 2.0, 'Counters': 12.0}, {'Max_spout': 10000.0, 'Spliters': 2.0, 'Counters': 15.0}, {'Max_spout': 10000.0, 'Spliters': 2.0, 'Counters': 18.0}, {'Max_spout': 1000000.0, 'Spliters': 2.0, 'Counters': 13.0}, {'Max_spout': 10000.0, 'Spliters': 2.0, 'Counters': 18.0}
0.13361873109709846, 0.16476005941792843, 0.2208784596835694, 0.15717968355457917, 0.17147007144779203, 0.15332396214456628, 0.17117835533245512, 0.17147007144779203, 0.14512965696185745, 0.13380251720146816, 0.19199060033478188, 0.12371969767889157, 0.12371969767889157, 0.15332396214456628, 0.13361873109709846, 0.14512965696185745, 0.12284324324612456, 0.1364697956198428, 0.17533366435627948, 0.1364697956198428
0.10917377471923828, 0.10073518753051758, 0.10454726219177246, 0.19397234916687012, 0.10089755058288574, 0.10055780410766602, 0.1002805233001709, 0.09954071044921875, 0.09984016418457031, 0.10020756721496582, 0.09832978248596191, 0.09889531135559082, 0.09779047966003418, 0.09836864471435547, 0.10097932815551758, 0.09831857681274414, 0.09790182113647461, 0.0981905460357666, 0.09727215766906738, 0.09688949584960938