{'Max_spout': 1000.0, 'Spliters': 1.0, 'Counters': 14.0}, {'Max_spout': 1000000.0, 'Spliters': 4.0, 'Counters': 11.0}, {'Max_spout': 1000.0, 'Spliters': 2.0, 'Counters': 7.0}, {'Max_spout': 100000.0, 'Spliters': 3.0, 'Counters': 10.0}, {'Max_spout': 1000.0, 'Spliters': 2.0, 'Counters': 17.0}, {'Max_spout': 10000.0, 'Spliters': 2.0, 'Counters': 14.0}, {'Max_spout': 10000.0, 'Spliters': 6.0, 'Counters': 1.0}, {'Max_spout': 1000.0, 'Spliters': 5.0, 'Counters': 18.0}, {'Max_spout': 1000000.0, 'Spliters': 2.0, 'Counters': 13.0}, {'Max_spout': 10.0, 'Spliters': 5.0, 'Counters': 16.0}, {'Max_spout': 1000000.0, 'Spliters': 3.0, 'Counters': 8.0}, {'Max_spout': 100.0, 'Spliters': 4.0, 'Counters': 14.0}, {'Max_spout': 100.0, 'Spliters': 3.0, 'Counters': 5.0}, {'Max_spout': 100000.0, 'Spliters': 4.0, 'Counters': 15.0}, {'Max_spout': 10000.0, 'Spliters': 2.0, 'Counters': 17.0}, {'Max_spout': 1000.0, 'Spliters': 4.0, 'Counters': 16.0}, {'Max_spout': 1000.0, 'Spliters': 2.0, 'Counters': 17.0}, {'Max_spout': 100000.0, 'Spliters': 1.0, 'Counters': 16.0}, {'Max_spout': 1000.0, 'Spliters': 5.0, 'Counters': 13.0}, {'Max_spout': 10000.0, 'Spliters': 1.0, 'Counters': 18.0}
0.21626152942507804, 0.31892820643894076, 0.3025108134947628, 0.308171405419183, 0.20413732624457143, 0.15332396214456628, 0.3049403342160628, 0.28123148254365576, 0.17533366435627948, 0.5145270252993613, 0.2904163457191597, 0.34806704603764005, 0.3693466651197101, 0.30980175073759025, 0.13361873109709846, 0.2730416185209879, 0.20413732624457143, 0.270247788790447, 0.2781926838540735, 0.2432461034191092
0.006196022033691406, 0.005171060562133789, 0.008457422256469727, 0.005240201950073242, 0.005231618881225586, 0.00511932373046875, 0.0050809383392333984, 0.0051920413970947266, 0.005171537399291992, 0.005192995071411133, 0.005251169204711914, 0.0051229000091552734, 0.005089998245239258, 0.005059242248535156, 0.005079984664916992, 0.00511622428894043, 0.005124330520629883, 0.005067586898803711, 0.005062580108642578, 0.0064258575439453125