{'Max_spout': 10000.0, 'Spliters': 2.0, 'Counters': 17.0}, {'Max_spout': 10000.0, 'Spliters': 2.0, 'Counters': 15.0}, {'Max_spout': 100000.0, 'Spliters': 2.0, 'Counters': 13.0}, {'Max_spout': 100000.0, 'Spliters': 2.0, 'Counters': 18.0}, {'Max_spout': 100000.0, 'Spliters': 2.0, 'Counters': 11.0}, {'Max_spout': 10000.0, 'Spliters': 2.0, 'Counters': 15.0}, {'Max_spout': 100000.0, 'Spliters': 2.0, 'Counters': 15.0}, {'Max_spout': 10000.0, 'Spliters': 2.0, 'Counters': 18.0}, {'Max_spout': 100000.0, 'Spliters': 2.0, 'Counters': 15.0}, {'Max_spout': 100000.0, 'Spliters': 2.0, 'Counters': 17.0}, {'Max_spout': 1000000.0, 'Spliters': 2.0, 'Counters': 18.0}, {'Max_spout': 100000.0, 'Spliters': 2.0, 'Counters': 17.0}, {'Max_spout': 100000.0, 'Spliters': 2.0, 'Counters': 17.0}, {'Max_spout': 10000.0, 'Spliters': 2.0, 'Counters': 15.0}, {'Max_spout': 100000.0, 'Spliters': 2.0, 'Counters': 17.0}, {'Max_spout': 10000.0, 'Spliters': 2.0, 'Counters': 15.0}, {'Max_spout': 10000.0, 'Spliters': 2.0, 'Counters': 15.0}, {'Max_spout': 10000.0, 'Spliters': 2.0, 'Counters': 15.0}, {'Max_spout': 10000.0, 'Spliters': 2.0, 'Counters': 11.0}, {'Max_spout': 10000.0, 'Spliters': 2.0, 'Counters': 18.0}
0.13361873109709846, 0.12284324324612456, 0.14855608246731045, 0.15717968355457917, 0.17117835533245512, 0.12284324324612456, 0.13253934592671898, 0.1364697956198428, 0.13253934592671898, 0.12371969767889157, 0.13380251720146816, 0.12371969767889157, 0.12371969767889157, 0.12284324324612456, 0.12371969767889157, 0.12284324324612456, 0.12284324324612456, 0.12284324324612456, 0.17147007144779203, 0.1364697956198428
0.19684839248657227, 0.2406480312347412, 0.18771100044250488, 0.18748879432678223, 0.18832015991210938, 0.1901090145111084, 0.18449068069458008, 0.18357181549072266, 0.1834099292755127, 0.1834087371826172, 0.184126615524292, 0.18419313430786133, 0.18283605575561523, 0.1831204891204834, 0.18356633186340332, 0.18495774269104004, 0.184478759765625, 0.18475866317749023, 0.18395662307739258, 0.18716073036193848