{'Max_spout': 1000.0, 'Spliters': 1.0, 'Counters': 14.0}, {'Max_spout': 1000000.0, 'Spliters': 2.0, 'Counters': 15.0}, {'Max_spout': 10000.0, 'Spliters': 3.0, 'Counters': 13.0}, {'Max_spout': 100000.0, 'Spliters': 3.0, 'Counters': 10.0}, {'Max_spout': 1000.0, 'Spliters': 2.0, 'Counters': 17.0}, {'Max_spout': 10000.0, 'Spliters': 2.0, 'Counters': 14.0}, {'Max_spout': 100000.0, 'Spliters': 1.0, 'Counters': 8.0}, {'Max_spout': 1000.0, 'Spliters': 5.0, 'Counters': 18.0}, {'Max_spout': 1000000.0, 'Spliters': 2.0, 'Counters': 13.0}, {'Max_spout': 1000.0, 'Spliters': 1.0, 'Counters': 9.0}, {'Max_spout': 1000000.0, 'Spliters': 1.0, 'Counters': 9.0}, {'Max_spout': 1000000.0, 'Spliters': 3.0, 'Counters': 9.0}, {'Max_spout': 10000.0, 'Spliters': 1.0, 'Counters': 14.0}, {'Max_spout': 10000.0, 'Spliters': 2.0, 'Counters': 14.0}, {'Max_spout': 10000.0, 'Spliters': 2.0, 'Counters': 17.0}, {'Max_spout': 1000.0, 'Spliters': 4.0, 'Counters': 16.0}, {'Max_spout': 10000.0, 'Spliters': 2.0, 'Counters': 13.0}, {'Max_spout': 100000.0, 'Spliters': 1.0, 'Counters': 16.0}, {'Max_spout': 1000.0, 'Spliters': 5.0, 'Counters': 13.0}, {'Max_spout': 10000.0, 'Spliters': 2.0, 'Counters': 18.0}
0.21626152942507804, 0.19052519703880066, 0.28619693005929525, 0.308171405419183, 0.20413732624457137, 0.15332396214456634, 0.27990932392186396, 0.2812314825436557, 0.1753336643562795, 0.25040289674104876, 0.265291457122927, 0.2891545294288054, 0.2503918831855877, 0.15332396214456634, 0.13361873109709843, 0.27304161852098785, 0.18561058666702812, 0.270247788790447, 0.2781926838540735, 0.13646979561984285
0.013011693954467773, 0.01798248291015625, 0.011756658554077148, 0.011482477188110352, 0.011568546295166016, 0.011683464050292969, 0.011586666107177734, 0.011545896530151367, 0.011578798294067383, 0.01163339614868164, 0.011561155319213867, 0.011661529541015625, 0.011455059051513672, 0.011556148529052734, 0.011610269546508789, 0.011677980422973633, 0.011689901351928711, 0.01138448715209961, 0.011499881744384766, 0.011591672897338867