{'Max_spout': 1000.0, 'Spliters': 1.0, 'Counters': 14.0}, {'Max_spout': 1000000.0, 'Spliters': 2.0, 'Counters': 15.0}, {'Max_spout': 100000.0, 'Spliters': 1.0, 'Counters': 13.0}, {'Max_spout': 1000.0, 'Spliters': 2.0, 'Counters': 17.0}, {'Max_spout': 1000.0, 'Spliters': 2.0, 'Counters': 17.0}, {'Max_spout': 10000.0, 'Spliters': 2.0, 'Counters': 14.0}, {'Max_spout': 100000.0, 'Spliters': 1.0, 'Counters': 8.0}, {'Max_spout': 1000.0, 'Spliters': 5.0, 'Counters': 18.0}, {'Max_spout': 1000000.0, 'Spliters': 2.0, 'Counters': 13.0}, {'Max_spout': 1000.0, 'Spliters': 1.0, 'Counters': 9.0}, {'Max_spout': 1000.0, 'Spliters': 2.0, 'Counters': 15.0}, {'Max_spout': 1000.0, 'Spliters': 2.0, 'Counters': 15.0}, {'Max_spout': 10000.0, 'Spliters': 1.0, 'Counters': 14.0}, {'Max_spout': 10000.0, 'Spliters': 2.0, 'Counters': 14.0}, {'Max_spout': 10000.0, 'Spliters': 2.0, 'Counters': 17.0}, {'Max_spout': 100000.0, 'Spliters': 2.0, 'Counters': 13.0}, {'Max_spout': 10000.0, 'Spliters': 2.0, 'Counters': 13.0}, {'Max_spout': 10000.0, 'Spliters': 1.0, 'Counters': 10.0}, {'Max_spout': 10000.0, 'Spliters': 2.0, 'Counters': 16.0}, {'Max_spout': 10000.0, 'Spliters': 2.0, 'Counters': 18.0}
0.783738470574922, 0.8094748029611993, 0.7438891223707282, 0.7958626737554286, 0.7958626737554286, 0.8466760378554337, 0.720090676078136, 0.7187685174563443, 0.8246663356437205, 0.7495971032589512, 0.7791215403164307, 0.7791215403164307, 0.7496081168144123, 0.8466760378554337, 0.8663812689029016, 0.8514439175326896, 0.8143894133329719, 0.7589043796341239, 0.8188594726769084, 0.8635302043801572
0.024722814559936523, 0.021998167037963867, 0.014587163925170898, 0.013897418975830078, 0.01352238655090332, 0.013534307479858398, 0.013483762741088867, 0.013393163681030273, 0.013675928115844727, 0.013488292694091797, 0.013650655746459961, 0.08492350578308105, 0.013656854629516602, 0.013340234756469727, 0.01376032829284668, 0.013516902923583984, 0.013532400131225586, 0.013518571853637695, 0.013410568237304688, 0.013269186019897461