{'Max_spout': 1000.0, 'Spliters': 1.0, 'Counters': 14.0}, {'Max_spout': 1000000.0, 'Spliters': 2.0, 'Counters': 15.0}, {'Max_spout': 10000.0, 'Spliters': 3.0, 'Counters': 13.0}, {'Max_spout': 100000.0, 'Spliters': 3.0, 'Counters': 10.0}, {'Max_spout': 1000.0, 'Spliters': 2.0, 'Counters': 17.0}, {'Max_spout': 10000.0, 'Spliters': 2.0, 'Counters': 14.0}, {'Max_spout': 100000.0, 'Spliters': 1.0, 'Counters': 8.0}, {'Max_spout': 1000.0, 'Spliters': 5.0, 'Counters': 18.0}, {'Max_spout': 1000000.0, 'Spliters': 2.0, 'Counters': 13.0}, {'Max_spout': 1000.0, 'Spliters': 1.0, 'Counters': 9.0}, {'Max_spout': 1000000.0, 'Spliters': 1.0, 'Counters': 9.0}, {'Max_spout': 1000000.0, 'Spliters': 3.0, 'Counters': 9.0}, {'Max_spout': 10000.0, 'Spliters': 1.0, 'Counters': 14.0}, {'Max_spout': 10000.0, 'Spliters': 2.0, 'Counters': 14.0}, {'Max_spout': 10000.0, 'Spliters': 2.0, 'Counters': 17.0}, {'Max_spout': 1000.0, 'Spliters': 4.0, 'Counters': 16.0}, {'Max_spout': 10000.0, 'Spliters': 2.0, 'Counters': 13.0}, {'Max_spout': 100000.0, 'Spliters': 1.0, 'Counters': 16.0}, {'Max_spout': 1000.0, 'Spliters': 5.0, 'Counters': 13.0}, {'Max_spout': 10000.0, 'Spliters': 2.0, 'Counters': 18.0}
0.21626152942507804, 0.19052519703880064, 0.28619693005929525, 0.308171405419183, 0.20413732624457143, 0.15332396214456628, 0.2799093239218639, 0.28123148254365576, 0.17533366435627948, 0.2504028967410488, 0.265291457122927, 0.28915452942880543, 0.2503918831855877, 0.15332396214456628, 0.13361873109709846, 0.2730416185209879, 0.18561058666702818, 0.270247788790447, 0.2781926838540735, 0.1364697956198428
0.015699386596679688, 0.012877464294433594, 0.009517908096313477, 0.009444952011108398, 0.009392499923706055, 0.009540081024169922, 0.009482622146606445, 0.009520292282104492, 0.009746074676513672, 0.009476900100708008, 0.009553909301757812, 0.009282350540161133, 0.009369134902954102, 0.009248733520507812, 0.009693384170532227, 0.009495735168457031, 0.009534358978271484, 0.009234905242919922, 0.009396791458129883, 0.009444713592529297