{'Max_spout': 1000.0, 'Spliters': 1.0, 'Counters': 14.0}, {'Max_spout': 1000000.0, 'Spliters': 2.0, 'Counters': 15.0}, {'Max_spout': 100000.0, 'Spliters': 1.0, 'Counters': 13.0}, {'Max_spout': 1000.0, 'Spliters': 2.0, 'Counters': 17.0}, {'Max_spout': 1000.0, 'Spliters': 2.0, 'Counters': 17.0}, {'Max_spout': 10000.0, 'Spliters': 2.0, 'Counters': 14.0}, {'Max_spout': 100000.0, 'Spliters': 1.0, 'Counters': 8.0}, {'Max_spout': 1000.0, 'Spliters': 5.0, 'Counters': 18.0}, {'Max_spout': 1000000.0, 'Spliters': 2.0, 'Counters': 13.0}, {'Max_spout': 1000.0, 'Spliters': 1.0, 'Counters': 9.0}, {'Max_spout': 1000.0, 'Spliters': 2.0, 'Counters': 15.0}, {'Max_spout': 1000.0, 'Spliters': 2.0, 'Counters': 15.0}, {'Max_spout': 10000.0, 'Spliters': 1.0, 'Counters': 14.0}, {'Max_spout': 10000.0, 'Spliters': 2.0, 'Counters': 14.0}, {'Max_spout': 10000.0, 'Spliters': 2.0, 'Counters': 17.0}, {'Max_spout': 100000.0, 'Spliters': 2.0, 'Counters': 13.0}, {'Max_spout': 10000.0, 'Spliters': 2.0, 'Counters': 13.0}, {'Max_spout': 10000.0, 'Spliters': 1.0, 'Counters': 10.0}, {'Max_spout': 10000.0, 'Spliters': 2.0, 'Counters': 16.0}, {'Max_spout': 10000.0, 'Spliters': 2.0, 'Counters': 18.0}
0.21626152942507804, 0.19052519703880064, 0.2561108776292717, 0.20413732624457143, 0.20413732624457143, 0.15332396214456628, 0.2799093239218639, 0.28123148254365576, 0.17533366435627948, 0.2504028967410488, 0.2208784596835694, 0.2208784596835694, 0.2503918831855877, 0.15332396214456628, 0.13361873109709846, 0.14855608246731045, 0.18561058666702818, 0.24109562036587606, 0.18114052732309163, 0.1364697956198428
0.02300572395324707, 0.024576425552368164, 0.020416259765625, 0.02036738395690918, 0.021775007247924805, 0.026178836822509766, 0.024058103561401367, 0.022722721099853516, 0.022754907608032227, 0.021245956420898438, 0.02032327651977539, 0.12091708183288574, 0.021119117736816406, 0.021077394485473633, 0.020622730255126953, 0.020498991012573242, 0.020267486572265625, 0.02107405662536621, 0.022320270538330078, 0.021960735321044922