{'Max_spout': 1000.0, 'Spliters': 1.0, 'Counters': 14.0}, {'Max_spout': 1000000.0, 'Spliters': 4.0, 'Counters': 11.0}, {'Max_spout': 1000.0, 'Spliters': 2.0, 'Counters': 7.0}, {'Max_spout': 100000.0, 'Spliters': 3.0, 'Counters': 10.0}, {'Max_spout': 1000.0, 'Spliters': 2.0, 'Counters': 17.0}, {'Max_spout': 10000.0, 'Spliters': 2.0, 'Counters': 14.0}, {'Max_spout': 10000.0, 'Spliters': 6.0, 'Counters': 1.0}, {'Max_spout': 1000.0, 'Spliters': 5.0, 'Counters': 18.0}, {'Max_spout': 1000000.0, 'Spliters': 2.0, 'Counters': 13.0}, {'Max_spout': 10.0, 'Spliters': 5.0, 'Counters': 16.0}, {'Max_spout': 1000000.0, 'Spliters': 3.0, 'Counters': 8.0}, {'Max_spout': 100.0, 'Spliters': 4.0, 'Counters': 14.0}, {'Max_spout': 100.0, 'Spliters': 3.0, 'Counters': 5.0}, {'Max_spout': 100000.0, 'Spliters': 4.0, 'Counters': 15.0}, {'Max_spout': 10000.0, 'Spliters': 2.0, 'Counters': 17.0}, {'Max_spout': 1000.0, 'Spliters': 4.0, 'Counters': 16.0}, {'Max_spout': 1000.0, 'Spliters': 2.0, 'Counters': 17.0}, {'Max_spout': 100000.0, 'Spliters': 1.0, 'Counters': 16.0}, {'Max_spout': 1000.0, 'Spliters': 5.0, 'Counters': 13.0}, {'Max_spout': 10000.0, 'Spliters': 1.0, 'Counters': 18.0}
0.783738470574922, 0.6810717935610593, 0.6974891865052373, 0.691828594580817, 0.7958626737554286, 0.8466760378554337, 0.6950596657839372, 0.7187685174563443, 0.8246663356437205, 0.48547297470063866, 0.7095836542808402, 0.65193295396236, 0.6306533348802899, 0.6901982492624097, 0.8663812689029016, 0.7269583814790122, 0.7958626737554286, 0.729752211209553, 0.7218073161459265, 0.7567538965808908
0.014892339706420898, 0.006264686584472656, 0.01031184196472168, 0.00553131103515625, 0.005377531051635742, 0.005123138427734375, 0.005120515823364258, 0.00507807731628418, 0.0050411224365234375, 0.005084991455078125, 0.005160093307495117, 0.005423545837402344, 0.005555868148803711, 0.005480766296386719, 0.0053577423095703125, 0.005509853363037109, 0.005676746368408203, 0.00562286376953125, 0.005612373352050781, 0.005293130874633789