{'Max_spout': 10000.0, 'Spliters': 2.0, 'Counters': 17.0}, {'Max_spout': 10000.0, 'Spliters': 2.0, 'Counters': 12.0}, {'Max_spout': 1000.0, 'Spliters': 1.0, 'Counters': 15.0}, {'Max_spout': 1000.0, 'Spliters': 1.0, 'Counters': 16.0}, {'Max_spout': 10000.0, 'Spliters': 2.0, 'Counters': 11.0}, {'Max_spout': 10000.0, 'Spliters': 2.0, 'Counters': 14.0}, {'Max_spout': 100000.0, 'Spliters': 3.0, 'Counters': 2.0}, {'Max_spout': 10000.0, 'Spliters': 2.0, 'Counters': 11.0}, {'Max_spout': 100000.0, 'Spliters': 2.0, 'Counters': 12.0}, {'Max_spout': 1000000.0, 'Spliters': 2.0, 'Counters': 18.0}, {'Max_spout': 1000.0, 'Spliters': 1.0, 'Counters': 16.0}, {'Max_spout': 1000.0, 'Spliters': 2.0, 'Counters': 15.0}, {'Max_spout': 100000.0, 'Spliters': 2.0, 'Counters': 17.0}, {'Max_spout': 10000.0, 'Spliters': 2.0, 'Counters': 14.0}, {'Max_spout': 10000.0, 'Spliters': 2.0, 'Counters': 17.0}, {'Max_spout': 100000.0, 'Spliters': 2.0, 'Counters': 13.0}, {'Max_spout': 10000.0, 'Spliters': 2.0, 'Counters': 15.0}, {'Max_spout': 100000.0, 'Spliters': 2.0, 'Counters': 9.0}, {'Max_spout': 1000000.0, 'Spliters': 2.0, 'Counters': 13.0}, {'Max_spout': 10000.0, 'Spliters': 2.0, 'Counters': 18.0}
0.13361873109709843, 0.16476005941792837, 0.2319189706324668, 0.19199060033478188, 0.17147007144779203, 0.15332396214456634, 0.24275536721044977, 0.17147007144779203, 0.14512965696185742, 0.13380251720146819, 0.19199060033478188, 0.22087845968356934, 0.12371969767889157, 0.15332396214456634, 0.13361873109709843, 0.14855608246731045, 0.12284324324612461, 0.20799191559604002, 0.1753336643562795, 0.13646979561984285
0.051978349685668945, 0.04636025428771973, 0.046569108963012695, 0.04634284973144531, 0.04630279541015625, 0.046019792556762695, 0.04640650749206543, 0.05018806457519531, 0.0465240478515625, 0.045427560806274414, 0.045809030532836914, 0.04653596878051758, 0.0456082820892334, 0.04612612724304199, 0.04533219337463379, 0.04553341865539551, 0.04576611518859863, 0.04591941833496094, 0.045548439025878906, 0.04566550254821777