{'Max_spout': 10000.0, 'Spliters': 2.0, 'Counters': 17.0}, {'Max_spout': 10000.0, 'Spliters': 2.0, 'Counters': 12.0}, {'Max_spout': 1000.0, 'Spliters': 2.0, 'Counters': 15.0}, {'Max_spout': 100000.0, 'Spliters': 2.0, 'Counters': 18.0}, {'Max_spout': 10000.0, 'Spliters': 2.0, 'Counters': 11.0}, {'Max_spout': 10000.0, 'Spliters': 2.0, 'Counters': 14.0}, {'Max_spout': 100000.0, 'Spliters': 2.0, 'Counters': 11.0}, {'Max_spout': 10000.0, 'Spliters': 2.0, 'Counters': 11.0}, {'Max_spout': 100000.0, 'Spliters': 2.0, 'Counters': 12.0}, {'Max_spout': 1000000.0, 'Spliters': 2.0, 'Counters': 18.0}, {'Max_spout': 1000.0, 'Spliters': 1.0, 'Counters': 16.0}, {'Max_spout': 100000.0, 'Spliters': 2.0, 'Counters': 17.0}, {'Max_spout': 100000.0, 'Spliters': 2.0, 'Counters': 17.0}, {'Max_spout': 10000.0, 'Spliters': 2.0, 'Counters': 14.0}, {'Max_spout': 10000.0, 'Spliters': 2.0, 'Counters': 17.0}, {'Max_spout': 100000.0, 'Spliters': 2.0, 'Counters': 12.0}, {'Max_spout': 10000.0, 'Spliters': 2.0, 'Counters': 15.0}, {'Max_spout': 10000.0, 'Spliters': 2.0, 'Counters': 18.0}, {'Max_spout': 1000000.0, 'Spliters': 2.0, 'Counters': 13.0}, {'Max_spout': 10000.0, 'Spliters': 2.0, 'Counters': 18.0}
0.8663812689029016, 0.8352399405820716, 0.7791215403164307, 0.8428203164454209, 0.828529928552208, 0.8466760378554337, 0.8288216446675449, 0.828529928552208, 0.8548703430381426, 0.8661974827985318, 0.8080093996652181, 0.8762803023211084, 0.8762803023211084, 0.8466760378554337, 0.8663812689029016, 0.8548703430381426, 0.8771567567538754, 0.8635302043801572, 0.8246663356437205, 0.8635302043801572
0.1075296401977539, 0.09291219711303711, 0.09442472457885742, 0.16545796394348145, 0.08649325370788574, 0.0872035026550293, 0.09051513671875, 0.08785414695739746, 0.09435892105102539, 0.0986783504486084, 0.09391498565673828, 0.08683609962463379, 0.08290696144104004, 0.0820014476776123, 0.08272099494934082, 0.0845174789428711, 0.08443927764892578, 0.08803200721740723, 0.09081816673278809, 0.08639240264892578