{'Max_spout': 1000.0, 'Spliters': 1.0, 'Counters': 14.0}, {'Max_spout': 1000000.0, 'Spliters': 2.0, 'Counters': 15.0}, {'Max_spout': 10000.0, 'Spliters': 3.0, 'Counters': 13.0}, {'Max_spout': 100000.0, 'Spliters': 3.0, 'Counters': 10.0}, {'Max_spout': 1000.0, 'Spliters': 2.0, 'Counters': 17.0}, {'Max_spout': 10000.0, 'Spliters': 2.0, 'Counters': 14.0}, {'Max_spout': 100000.0, 'Spliters': 1.0, 'Counters': 8.0}, {'Max_spout': 1000.0, 'Spliters': 5.0, 'Counters': 18.0}, {'Max_spout': 1000000.0, 'Spliters': 2.0, 'Counters': 13.0}, {'Max_spout': 1000.0, 'Spliters': 1.0, 'Counters': 9.0}, {'Max_spout': 1000000.0, 'Spliters': 1.0, 'Counters': 9.0}, {'Max_spout': 1000000.0, 'Spliters': 3.0, 'Counters': 9.0}, {'Max_spout': 10000.0, 'Spliters': 1.0, 'Counters': 14.0}, {'Max_spout': 10000.0, 'Spliters': 2.0, 'Counters': 14.0}, {'Max_spout': 10000.0, 'Spliters': 2.0, 'Counters': 17.0}, {'Max_spout': 1000.0, 'Spliters': 4.0, 'Counters': 16.0}, {'Max_spout': 10000.0, 'Spliters': 2.0, 'Counters': 13.0}, {'Max_spout': 100000.0, 'Spliters': 1.0, 'Counters': 16.0}, {'Max_spout': 1000.0, 'Spliters': 5.0, 'Counters': 13.0}, {'Max_spout': 10000.0, 'Spliters': 2.0, 'Counters': 18.0}
0.783738470574922, 0.8094748029611993, 0.7138030699407047, 0.691828594580817, 0.7958626737554286, 0.8466760378554337, 0.720090676078136, 0.7187685174563443, 0.8246663356437205, 0.7495971032589512, 0.734708542877073, 0.7108454705711946, 0.7496081168144123, 0.8466760378554337, 0.8663812689029016, 0.7269583814790122, 0.8143894133329719, 0.729752211209553, 0.7218073161459265, 0.8635302043801572
0.02211761474609375, 0.018783092498779297, 0.013464212417602539, 0.01340174674987793, 0.013421773910522461, 0.014329195022583008, 0.014381170272827148, 0.013971090316772461, 0.013573408126831055, 0.018192529678344727, 0.01396322250366211, 0.013617277145385742, 0.013949871063232422, 0.014394283294677734, 0.013654947280883789, 0.013598442077636719, 0.013360977172851562, 0.013393640518188477, 0.013441085815429688, 0.01438760757446289