{'Max_spout': 1000.0, 'Spliters': 2.0, 'Counters': 12.0}, {'Max_spout': 1000.0, 'Spliters': 2.0, 'Counters': 12.0}, {'Max_spout': 1000.0, 'Spliters': 2.0, 'Counters': 12.0}, {'Max_spout': 1000.0, 'Spliters': 2.0, 'Counters': 12.0}, {'Max_spout': 1000.0, 'Spliters': 2.0, 'Counters': 12.0}, {'Max_spout': 1000.0, 'Spliters': 2.0, 'Counters': 12.0}, {'Max_spout': 1000.0, 'Spliters': 2.0, 'Counters': 12.0}, {'Max_spout': 1000.0, 'Spliters': 2.0, 'Counters': 15.0}, {'Max_spout': 1000.0, 'Spliters': 2.0, 'Counters': 12.0}, {'Max_spout': 1000.0, 'Spliters': 2.0, 'Counters': 12.0}, {'Max_spout': 1000.0, 'Spliters': 2.0, 'Counters': 9.0}, {'Max_spout': 1000.0, 'Spliters': 2.0, 'Counters': 15.0}, {'Max_spout': 1000.0, 'Spliters': 2.0, 'Counters': 15.0}, {'Max_spout': 1000.0, 'Spliters': 2.0, 'Counters': 12.0}, {'Max_spout': 1000.0, 'Spliters': 2.0, 'Counters': 12.0}, {'Max_spout': 1000.0, 'Spliters': 2.0, 'Counters': 12.0}, {'Max_spout': 1000.0, 'Spliters': 2.0, 'Counters': 12.0}, {'Max_spout': 1000.0, 'Spliters': 2.0, 'Counters': 12.0}, {'Max_spout': 1000.0, 'Spliters': 2.0, 'Counters': 12.0}, {'Max_spout': 1000.0, 'Spliters': 2.0, 'Counters': 12.0}
0.3482522082801707, 0.3482522082801707, 0.3482522082801707, 0.3482522082801707, 0.3482522082801707, 0.3482522082801707, 0.3482522082801707, 0.3534006710681069, 0.3482522082801707, 0.3482522082801707, 0.3843556979164898, 0.3534006710681069, 0.3534006710681069, 0.3482522082801707, 0.3482522082801707, 0.3482522082801707, 0.3482522082801707, 0.3482522082801707, 0.3482522082801707, 0.3482522082801707
0.2120816707611084, 0.203948974609375, 0.29593610763549805, 0.20285511016845703, 0.20374131202697754, 0.19872784614562988, 0.26296257972717285, 0.1975553035736084, 0.20371317863464355, 0.19793939590454102, 0.19765901565551758, 0.19785737991333008, 0.19654035568237305, 0.199113130569458, 0.19671154022216797, 0.20169496536254883, 0.19950628280639648, 0.19731688499450684, 0.19814038276672363, 0.19932818412780762