{'Max_spout': 1000.0, 'Spliters': 2.0, 'Counters': 12.0}, {'Max_spout': 1000000.0, 'Spliters': 6.0, 'Counters': 12.0}, {'Max_spout': 100000.0, 'Spliters': 6.0, 'Counters': 3.0}, {'Max_spout': 100000.0, 'Spliters': 2.0, 'Counters': 12.0}, {'Max_spout': 1000.0, 'Spliters': 2.0, 'Counters': 18.0}, {'Max_spout': 1000.0, 'Spliters': 2.0, 'Counters': 18.0}, {'Max_spout': 10000.0, 'Spliters': 2.0, 'Counters': 12.0}, {'Max_spout': 10000.0, 'Spliters': 2.0, 'Counters': 9.0}, {'Max_spout': 100.0, 'Spliters': 2.0, 'Counters': 9.0}, {'Max_spout': 1000.0, 'Spliters': 2.0, 'Counters': 12.0}, {'Max_spout': 1000000.0, 'Spliters': 6.0, 'Counters': 9.0}, {'Max_spout': 1000.0, 'Spliters': 6.0, 'Counters': 12.0}, {'Max_spout': 10000.0, 'Spliters': 6.0, 'Counters': 18.0}, {'Max_spout': 1000.0, 'Spliters': 6.0, 'Counters': 18.0}, {'Max_spout': 1000000.0, 'Spliters': 2.0, 'Counters': 15.0}, {'Max_spout': 10000.0, 'Spliters': 2.0, 'Counters': 9.0}, {'Max_spout': 1000.0, 'Spliters': 2.0, 'Counters': 12.0}, {'Max_spout': 100.0, 'Spliters': 2.0, 'Counters': 9.0}, {'Max_spout': 1000.0, 'Spliters': 2.0, 'Counters': 6.0}, {'Max_spout': 1000.0, 'Spliters': 2.0, 'Counters': 18.0}
0.3482522082801707, 0.45132372310007496, 0.5244937297968766, 0.4381613591108899, 0.36703078577231235, 0.36703078577231235, 0.4060542266639211, 0.39158101576180454, 0.4332312508997562, 0.3482522082801707, 0.4550215006629207, 0.46453191791875453, 0.44750804325835974, 0.4645748136796372, 0.44378367243631417, 0.39158101576180454, 0.3482522082801707, 0.4332312508997562, 0.4247156424780914, 0.36703078577231235
0.02048182487487793, 0.016854047775268555, 0.012813568115234375, 0.012641191482543945, 0.012410640716552734, 0.01257181167602539, 0.012523174285888672, 0.012519359588623047, 0.012584924697875977, 0.012565374374389648, 0.01267695426940918, 0.012431144714355469, 0.012580633163452148, 0.012594223022460938, 0.012534618377685547, 0.012428760528564453, 0.012453794479370117, 0.01263427734375, 0.01256251335144043, 0.012610673904418945