{'Max_spout': 1000.0, 'Spliters': 2.0, 'Counters': 12.0}, {'Max_spout': 1000.0, 'Spliters': 2.0, 'Counters': 12.0}, {'Max_spout': 1000.0, 'Spliters': 2.0, 'Counters': 12.0}, {'Max_spout': 100.0, 'Spliters': 2.0, 'Counters': 18.0}, {'Max_spout': 1000.0, 'Spliters': 2.0, 'Counters': 18.0}, {'Max_spout': 1000.0, 'Spliters': 2.0, 'Counters': 18.0}, {'Max_spout': 1000.0, 'Spliters': 2.0, 'Counters': 9.0}, {'Max_spout': 1000.0, 'Spliters': 2.0, 'Counters': 15.0}, {'Max_spout': 1000.0, 'Spliters': 2.0, 'Counters': 9.0}, {'Max_spout': 1000.0, 'Spliters': 2.0, 'Counters': 12.0}, {'Max_spout': 1000.0, 'Spliters': 2.0, 'Counters': 9.0}, {'Max_spout': 10000.0, 'Spliters': 2.0, 'Counters': 6.0}, {'Max_spout': 100.0, 'Spliters': 2.0, 'Counters': 9.0}, {'Max_spout': 10000.0, 'Spliters': 2.0, 'Counters': 12.0}, {'Max_spout': 1000.0, 'Spliters': 2.0, 'Counters': 18.0}, {'Max_spout': 10000.0, 'Spliters': 2.0, 'Counters': 9.0}, {'Max_spout': 1000.0, 'Spliters': 2.0, 'Counters': 12.0}, {'Max_spout': 1000.0, 'Spliters': 2.0, 'Counters': 12.0}, {'Max_spout': 1000.0, 'Spliters': 2.0, 'Counters': 18.0}, {'Max_spout': 1000.0, 'Spliters': 2.0, 'Counters': 18.0}
0.3482522082801707, 0.3482522082801707, 0.3482522082801707, 0.40079210255235836, 0.36703078577231235, 0.36703078577231235, 0.3843556979164898, 0.3534006710681069, 0.3843556979164898, 0.3482522082801707, 0.3843556979164898, 0.40485955073549257, 0.4332312508997562, 0.4060542266639211, 0.36703078577231235, 0.39158101576180454, 0.3482522082801707, 0.3482522082801707, 0.36703078577231235, 0.36703078577231235
0.045087575912475586, 0.03865313529968262, 0.038516998291015625, 0.03816533088684082, 0.04254937171936035, 0.03850221633911133, 0.038307905197143555, 0.03729438781738281, 0.03700995445251465, 0.12401700019836426, 0.037216901779174805, 0.036379098892211914, 0.03789854049682617, 0.0365755558013916, 0.03677773475646973, 0.03628897666931152, 0.03626656532287598, 0.03668856620788574, 0.03642606735229492, 0.03678631782531738