{'Max_spout': 1000.0, 'Spliters': 2.0, 'Counters': 12.0}, {'Max_spout': 1000000.0, 'Spliters': 6.0, 'Counters': 12.0}, {'Max_spout': 100000.0, 'Spliters': 6.0, 'Counters': 3.0}, {'Max_spout': 100000.0, 'Spliters': 2.0, 'Counters': 12.0}, {'Max_spout': 1000.0, 'Spliters': 2.0, 'Counters': 18.0}, {'Max_spout': 1000.0, 'Spliters': 2.0, 'Counters': 18.0}, {'Max_spout': 10000.0, 'Spliters': 2.0, 'Counters': 12.0}, {'Max_spout': 10000.0, 'Spliters': 2.0, 'Counters': 9.0}, {'Max_spout': 100.0, 'Spliters': 2.0, 'Counters': 9.0}, {'Max_spout': 1000.0, 'Spliters': 2.0, 'Counters': 12.0}, {'Max_spout': 1000000.0, 'Spliters': 6.0, 'Counters': 9.0}, {'Max_spout': 1000.0, 'Spliters': 6.0, 'Counters': 12.0}, {'Max_spout': 10000.0, 'Spliters': 6.0, 'Counters': 18.0}, {'Max_spout': 1000.0, 'Spliters': 6.0, 'Counters': 18.0}, {'Max_spout': 1000000.0, 'Spliters': 2.0, 'Counters': 15.0}, {'Max_spout': 10000.0, 'Spliters': 2.0, 'Counters': 9.0}, {'Max_spout': 1000.0, 'Spliters': 2.0, 'Counters': 12.0}, {'Max_spout': 100.0, 'Spliters': 2.0, 'Counters': 9.0}, {'Max_spout': 1000.0, 'Spliters': 2.0, 'Counters': 6.0}, {'Max_spout': 1000.0, 'Spliters': 2.0, 'Counters': 18.0}
0.6517477917198293, 0.548676276899925, 0.4755062702031234, 0.5618386408891101, 0.6329692142276877, 0.6329692142276877, 0.5939457733360789, 0.6084189842381955, 0.5667687491002438, 0.6517477917198293, 0.5449784993370793, 0.5354680820812454, 0.5524919567416402, 0.5354251863203627, 0.5562163275636858, 0.6084189842381955, 0.6517477917198293, 0.5667687491002438, 0.5752843575219087, 0.6329692142276877
0.01811385154724121, 0.014839649200439453, 0.010249853134155273, 0.010170221328735352, 0.010325908660888672, 0.010930299758911133, 0.011822700500488281, 0.01202845573425293, 0.01228475570678711, 0.011922836303710938, 0.01179051399230957, 0.011595726013183594, 0.011462211608886719, 0.011462688446044922, 0.010769367218017578, 0.010442495346069336, 0.01009058952331543, 0.009999752044677734, 0.009894371032714844, 0.009915590286254883