{'Max_spout': 1000.0, 'Spliters': 2.0, 'Counters': 12.0}, {'Max_spout': 1000000.0, 'Spliters': 6.0, 'Counters': 12.0}, {'Max_spout': 1000000.0, 'Spliters': 1.0, 'Counters': 15.0}, {'Max_spout': 1000000.0, 'Spliters': 6.0, 'Counters': 15.0}, {'Max_spout': 1000.0, 'Spliters': 1.0, 'Counters': 9.0}, {'Max_spout': 1000.0, 'Spliters': 2.0, 'Counters': 6.0}, {'Max_spout': 10000.0, 'Spliters': 2.0, 'Counters': 12.0}, {'Max_spout': 1000.0, 'Spliters': 2.0, 'Counters': 6.0}, {'Max_spout': 1000.0, 'Spliters': 3.0, 'Counters': 6.0}, {'Max_spout': 10.0, 'Spliters': 6.0, 'Counters': 12.0}, {'Max_spout': 1000000.0, 'Spliters': 6.0, 'Counters': 9.0}, {'Max_spout': 1000.0, 'Spliters': 1.0, 'Counters': 9.0}, {'Max_spout': 1000000.0, 'Spliters': 2.0, 'Counters': 12.0}, {'Max_spout': 1000.0, 'Spliters': 6.0, 'Counters': 6.0}, {'Max_spout': 1000000.0, 'Spliters': 2.0, 'Counters': 15.0}, {'Max_spout': 10000.0, 'Spliters': 2.0, 'Counters': 9.0}, {'Max_spout': 1000.0, 'Spliters': 2.0, 'Counters': 12.0}, {'Max_spout': 10.0, 'Spliters': 3.0, 'Counters': 18.0}, {'Max_spout': 100.0, 'Spliters': 2.0, 'Counters': 9.0}, {'Max_spout': 1000.0, 'Spliters': 2.0, 'Counters': 18.0}
0.6517477917198293, 0.548676276899925, 0.3840183852188608, 0.5249306385685184, 0.4908242216654569, 0.5752843575219087, 0.5939457733360789, 0.5752843575219087, 0.47548228588358343, 0.4664514322687059, 0.5449784993370793, 0.4908242216654569, 0.5253570663435487, 0.5334328731481205, 0.5562163275636858, 0.6084189842381955, 0.6517477917198293, 0.4136145629718948, 0.5667687491002438, 0.6329692142276877
0.01436758041381836, 0.0076596736907958984, 0.010579347610473633, 0.006996870040893555, 0.007027149200439453, 0.007153511047363281, 0.0071451663970947266, 0.007338762283325195, 0.0074062347412109375, 0.006837368011474609, 0.006779909133911133, 0.006708383560180664, 0.00690150260925293, 0.006945610046386719, 0.006771564483642578, 0.006801605224609375, 0.0067861080169677734, 0.006789684295654297, 0.0070095062255859375, 0.008001565933227539