{'Max_spout': 1000.0, 'Spliters': 2.0, 'Counters': 12.0}, {'Max_spout': 1000000.0, 'Spliters': 6.0, 'Counters': 12.0}, {'Max_spout': 1000000.0, 'Spliters': 1.0, 'Counters': 15.0}, {'Max_spout': 1000000.0, 'Spliters': 6.0, 'Counters': 15.0}, {'Max_spout': 1000.0, 'Spliters': 1.0, 'Counters': 9.0}, {'Max_spout': 1000.0, 'Spliters': 2.0, 'Counters': 6.0}, {'Max_spout': 10000.0, 'Spliters': 2.0, 'Counters': 12.0}, {'Max_spout': 1000.0, 'Spliters': 2.0, 'Counters': 6.0}, {'Max_spout': 1000.0, 'Spliters': 3.0, 'Counters': 6.0}, {'Max_spout': 10.0, 'Spliters': 6.0, 'Counters': 12.0}, {'Max_spout': 1000000.0, 'Spliters': 6.0, 'Counters': 9.0}, {'Max_spout': 1000.0, 'Spliters': 1.0, 'Counters': 9.0}, {'Max_spout': 1000000.0, 'Spliters': 2.0, 'Counters': 12.0}, {'Max_spout': 1000.0, 'Spliters': 6.0, 'Counters': 6.0}, {'Max_spout': 1000000.0, 'Spliters': 2.0, 'Counters': 15.0}, {'Max_spout': 10000.0, 'Spliters': 2.0, 'Counters': 9.0}, {'Max_spout': 1000.0, 'Spliters': 2.0, 'Counters': 12.0}, {'Max_spout': 10.0, 'Spliters': 3.0, 'Counters': 18.0}, {'Max_spout': 100.0, 'Spliters': 2.0, 'Counters': 9.0}, {'Max_spout': 1000.0, 'Spliters': 2.0, 'Counters': 18.0}
0.3482522082801707, 0.45132372310007496, 0.6159816147811392, 0.4750693614314816, 0.5091757783345431, 0.4247156424780914, 0.4060542266639211, 0.4247156424780914, 0.5245177141164166, 0.5335485677312941, 0.4550215006629207, 0.5091757783345431, 0.4746429336564512, 0.4665671268518795, 0.44378367243631417, 0.39158101576180454, 0.3482522082801707, 0.5863854370281052, 0.4332312508997562, 0.36703078577231235
0.012427806854248047, 0.005721330642700195, 0.012039422988891602, 0.005913496017456055, 0.005229949951171875, 0.005110502243041992, 0.0051038265228271484, 0.005125999450683594, 0.005042314529418945, 0.005153656005859375, 0.004919767379760742, 0.004863739013671875, 0.0050313472747802734, 0.004988908767700195, 0.005032539367675781, 0.004999399185180664, 0.005191326141357422, 0.004763364791870117, 0.004761934280395508, 0.005093574523925781