{'Max_spout': 1000.0, 'Spliters': 2.0, 'Counters': 12.0}, {'Max_spout': 1000000.0, 'Spliters': 6.0, 'Counters': 12.0}, {'Max_spout': 1000000.0, 'Spliters': 1.0, 'Counters': 15.0}, {'Max_spout': 1000000.0, 'Spliters': 6.0, 'Counters': 15.0}, {'Max_spout': 1000.0, 'Spliters': 1.0, 'Counters': 9.0}, {'Max_spout': 1000.0, 'Spliters': 2.0, 'Counters': 6.0}, {'Max_spout': 10000.0, 'Spliters': 2.0, 'Counters': 12.0}, {'Max_spout': 1000.0, 'Spliters': 2.0, 'Counters': 6.0}, {'Max_spout': 1000.0, 'Spliters': 3.0, 'Counters': 6.0}, {'Max_spout': 10.0, 'Spliters': 6.0, 'Counters': 12.0}, {'Max_spout': 1000000.0, 'Spliters': 6.0, 'Counters': 9.0}, {'Max_spout': 1000.0, 'Spliters': 1.0, 'Counters': 9.0}, {'Max_spout': 1000000.0, 'Spliters': 2.0, 'Counters': 12.0}, {'Max_spout': 1000.0, 'Spliters': 6.0, 'Counters': 6.0}, {'Max_spout': 1000000.0, 'Spliters': 2.0, 'Counters': 15.0}, {'Max_spout': 10000.0, 'Spliters': 2.0, 'Counters': 9.0}, {'Max_spout': 1000.0, 'Spliters': 2.0, 'Counters': 12.0}, {'Max_spout': 10.0, 'Spliters': 3.0, 'Counters': 18.0}, {'Max_spout': 100.0, 'Spliters': 2.0, 'Counters': 9.0}, {'Max_spout': 1000.0, 'Spliters': 2.0, 'Counters': 18.0}
0.34825220828017067, 0.45132372310007496, 0.6159816147811392, 0.4750693614314816, 0.5091757783345431, 0.42471564247809135, 0.4060542266639211, 0.42471564247809135, 0.5245177141164166, 0.5335485677312941, 0.4550215006629207, 0.5091757783345431, 0.47464293365645127, 0.4665671268518795, 0.4437836724363142, 0.3915810157618045, 0.34825220828017067, 0.5863854370281052, 0.4332312508997562, 0.3670307857723123
0.010704994201660156, 0.006622314453125, 0.009091854095458984, 0.00561833381652832, 0.005896568298339844, 0.0062236785888671875, 0.005820751190185547, 0.0060122013092041016, 0.005555152893066406, 0.00533604621887207, 0.0057027339935302734, 0.005264997482299805, 0.005146503448486328, 0.005918979644775391, 0.005620718002319336, 0.005889415740966797, 0.005410909652709961, 0.005433082580566406, 0.005507230758666992, 0.005910396575927734