{'Max_spout': 1000.0, 'Spliters': 2.0, 'Counters': 12.0}, {'Max_spout': 1000.0, 'Spliters': 2.0, 'Counters': 6.0}, {'Max_spout': 10000.0, 'Spliters': 2.0, 'Counters': 9.0}, {'Max_spout': 10000.0, 'Spliters': 2.0, 'Counters': 18.0}, {'Max_spout': 1000.0, 'Spliters': 2.0, 'Counters': 18.0}, {'Max_spout': 1000.0, 'Spliters': 2.0, 'Counters': 18.0}, {'Max_spout': 10000.0, 'Spliters': 2.0, 'Counters': 12.0}, {'Max_spout': 10000.0, 'Spliters': 2.0, 'Counters': 9.0}, {'Max_spout': 1000.0, 'Spliters': 2.0, 'Counters': 6.0}, {'Max_spout': 1000.0, 'Spliters': 2.0, 'Counters': 12.0}, {'Max_spout': 1000.0, 'Spliters': 2.0, 'Counters': 9.0}, {'Max_spout': 1000.0, 'Spliters': 6.0, 'Counters': 12.0}, {'Max_spout': 100.0, 'Spliters': 2.0, 'Counters': 9.0}, {'Max_spout': 10000.0, 'Spliters': 2.0, 'Counters': 12.0}, {'Max_spout': 1000000.0, 'Spliters': 2.0, 'Counters': 15.0}, {'Max_spout': 10000.0, 'Spliters': 2.0, 'Counters': 9.0}, {'Max_spout': 1000.0, 'Spliters': 2.0, 'Counters': 12.0}, {'Max_spout': 1000.0, 'Spliters': 2.0, 'Counters': 18.0}, {'Max_spout': 10000.0, 'Spliters': 2.0, 'Counters': 12.0}, {'Max_spout': 1000.0, 'Spliters': 2.0, 'Counters': 18.0}
0.6517477917198293, 0.5752843575219087, 0.6084189842381955, 0.5797838880682783, 0.6329692142276877, 0.6329692142276877, 0.5939457733360789, 0.6084189842381955, 0.5752843575219087, 0.6517477917198293, 0.6156443020835102, 0.5354680820812454, 0.5667687491002438, 0.5939457733360789, 0.5562163275636858, 0.6084189842381955, 0.6517477917198293, 0.6329692142276877, 0.5939457733360789, 0.6329692142276877
0.03305649757385254, 0.026294946670532227, 0.023025035858154297, 0.022836685180664062, 0.021411895751953125, 0.02310633659362793, 0.026389598846435547, 0.02327132225036621, 0.025336027145385742, 0.02138805389404297, 0.023284196853637695, 0.032502174377441406, 0.023720502853393555, 0.02200150489807129, 0.021530628204345703, 0.022225379943847656, 0.025913715362548828, 0.02249288558959961, 0.023918867111206055, 0.021295547485351562