{'Max_spout': 1000.0, 'Spliters': 2.0, 'Counters': 12.0}, {'Max_spout': 1000.0, 'Spliters': 2.0, 'Counters': 6.0}, {'Max_spout': 100000.0, 'Spliters': 2.0, 'Counters': 6.0}, {'Max_spout': 100000.0, 'Spliters': 2.0, 'Counters': 15.0}, {'Max_spout': 1000.0, 'Spliters': 2.0, 'Counters': 18.0}, {'Max_spout': 1000.0, 'Spliters': 2.0, 'Counters': 18.0}, {'Max_spout': 10000.0, 'Spliters': 2.0, 'Counters': 12.0}, {'Max_spout': 10000.0, 'Spliters': 2.0, 'Counters': 9.0}, {'Max_spout': 1000.0, 'Spliters': 2.0, 'Counters': 6.0}, {'Max_spout': 1000.0, 'Spliters': 2.0, 'Counters': 12.0}, {'Max_spout': 10000.0, 'Spliters': 6.0, 'Counters': 18.0}, {'Max_spout': 1000.0, 'Spliters': 6.0, 'Counters': 12.0}, {'Max_spout': 100.0, 'Spliters': 2.0, 'Counters': 9.0}, {'Max_spout': 10000.0, 'Spliters': 2.0, 'Counters': 12.0}, {'Max_spout': 1000000.0, 'Spliters': 2.0, 'Counters': 15.0}, {'Max_spout': 10000.0, 'Spliters': 2.0, 'Counters': 9.0}, {'Max_spout': 1000.0, 'Spliters': 2.0, 'Counters': 12.0}, {'Max_spout': 1000.0, 'Spliters': 2.0, 'Counters': 18.0}, {'Max_spout': 1000.0, 'Spliters': 2.0, 'Counters': 6.0}, {'Max_spout': 1000.0, 'Spliters': 2.0, 'Counters': 18.0}
0.6517477917198293, 0.5752843575219087, 0.5166356347816446, 0.5637016669945107, 0.6329692142276877, 0.6329692142276877, 0.5939457733360789, 0.6084189842381955, 0.5752843575219087, 0.6517477917198293, 0.5524919567416402, 0.5354680820812454, 0.5667687491002438, 0.5939457733360789, 0.5562163275636858, 0.6084189842381955, 0.6517477917198293, 0.6329692142276877, 0.5752843575219087, 0.6329692142276877
0.02239823341369629, 0.019362688064575195, 0.012998104095458984, 0.012857675552368164, 0.012529611587524414, 0.012836217880249023, 0.012745857238769531, 0.012678861618041992, 0.012673377990722656, 0.01281881332397461, 0.013013839721679688, 0.01253652572631836, 0.012869834899902344, 0.013030290603637695, 0.012661457061767578, 0.012651205062866211, 0.012799978256225586, 0.012670755386352539, 0.012871503829956055, 0.012506723403930664