{'Max_spout': 1000.0, 'Spliters': 2.0, 'Counters': 12.0}, {'Max_spout': 1000.0, 'Spliters': 2.0, 'Counters': 6.0}, {'Max_spout': 10000.0, 'Spliters': 2.0, 'Counters': 9.0}, {'Max_spout': 10000.0, 'Spliters': 2.0, 'Counters': 18.0}, {'Max_spout': 1000.0, 'Spliters': 2.0, 'Counters': 18.0}, {'Max_spout': 1000.0, 'Spliters': 2.0, 'Counters': 18.0}, {'Max_spout': 10000.0, 'Spliters': 2.0, 'Counters': 12.0}, {'Max_spout': 10000.0, 'Spliters': 2.0, 'Counters': 9.0}, {'Max_spout': 1000.0, 'Spliters': 2.0, 'Counters': 6.0}, {'Max_spout': 1000.0, 'Spliters': 2.0, 'Counters': 12.0}, {'Max_spout': 1000.0, 'Spliters': 2.0, 'Counters': 9.0}, {'Max_spout': 1000.0, 'Spliters': 6.0, 'Counters': 12.0}, {'Max_spout': 100.0, 'Spliters': 2.0, 'Counters': 9.0}, {'Max_spout': 10000.0, 'Spliters': 2.0, 'Counters': 12.0}, {'Max_spout': 1000000.0, 'Spliters': 2.0, 'Counters': 15.0}, {'Max_spout': 10000.0, 'Spliters': 2.0, 'Counters': 9.0}, {'Max_spout': 1000.0, 'Spliters': 2.0, 'Counters': 12.0}, {'Max_spout': 1000.0, 'Spliters': 2.0, 'Counters': 18.0}, {'Max_spout': 10000.0, 'Spliters': 2.0, 'Counters': 12.0}, {'Max_spout': 1000.0, 'Spliters': 2.0, 'Counters': 18.0}
0.34825220828017067, 0.42471564247809135, 0.3915810157618045, 0.4202161119317217, 0.3670307857723123, 0.3670307857723123, 0.4060542266639211, 0.3915810157618045, 0.42471564247809135, 0.34825220828017067, 0.3843556979164898, 0.4645319179187546, 0.4332312508997562, 0.4060542266639211, 0.4437836724363142, 0.3915810157618045, 0.34825220828017067, 0.3670307857723123, 0.4060542266639211, 0.3670307857723123
0.026718854904174805, 0.019807815551757812, 0.019137144088745117, 0.01932549476623535, 0.01855015754699707, 0.01969623565673828, 0.01938319206237793, 0.019836902618408203, 0.019623517990112305, 0.01934218406677246, 0.01907491683959961, 0.019509315490722656, 0.019239425659179688, 0.019187211990356445, 0.019350767135620117, 0.019231319427490234, 0.01900768280029297, 0.019173145294189453, 0.01936483383178711, 0.01895618438720703