{'Max_spout': 1000.0, 'Spliters': 2.0, 'Counters': 12.0}, {'Max_spout': 1000.0, 'Spliters': 2.0, 'Counters': 12.0}, {'Max_spout': 1000.0, 'Spliters': 2.0, 'Counters': 12.0}, {'Max_spout': 1000.0, 'Spliters': 2.0, 'Counters': 12.0}, {'Max_spout': 1000.0, 'Spliters': 2.0, 'Counters': 12.0}, {'Max_spout': 1000.0, 'Spliters': 2.0, 'Counters': 12.0}, {'Max_spout': 1000.0, 'Spliters': 2.0, 'Counters': 12.0}, {'Max_spout': 1000.0, 'Spliters': 2.0, 'Counters': 15.0}, {'Max_spout': 1000.0, 'Spliters': 2.0, 'Counters': 12.0}, {'Max_spout': 1000.0, 'Spliters': 2.0, 'Counters': 12.0}, {'Max_spout': 1000.0, 'Spliters': 2.0, 'Counters': 9.0}, {'Max_spout': 1000.0, 'Spliters': 2.0, 'Counters': 15.0}, {'Max_spout': 1000.0, 'Spliters': 2.0, 'Counters': 15.0}, {'Max_spout': 1000.0, 'Spliters': 2.0, 'Counters': 12.0}, {'Max_spout': 1000.0, 'Spliters': 2.0, 'Counters': 12.0}, {'Max_spout': 1000.0, 'Spliters': 2.0, 'Counters': 12.0}, {'Max_spout': 1000.0, 'Spliters': 2.0, 'Counters': 12.0}, {'Max_spout': 1000.0, 'Spliters': 2.0, 'Counters': 12.0}, {'Max_spout': 1000.0, 'Spliters': 2.0, 'Counters': 12.0}, {'Max_spout': 1000.0, 'Spliters': 2.0, 'Counters': 12.0}
0.6517477917198293, 0.6517477917198293, 0.6517477917198293, 0.6517477917198293, 0.6517477917198293, 0.6517477917198293, 0.6517477917198293, 0.6465993289318931, 0.6517477917198293, 0.6517477917198293, 0.6156443020835102, 0.6465993289318931, 0.6465993289318931, 0.6517477917198293, 0.6517477917198293, 0.6517477917198293, 0.6517477917198293, 0.6517477917198293, 0.6517477917198293, 0.6517477917198293
0.24486947059631348, 0.2348475456237793, 0.3239121437072754, 0.2271883487701416, 0.21633410453796387, 0.22247743606567383, 0.21607375144958496, 0.21720170974731445, 0.2152724266052246, 0.21609282493591309, 0.2189936637878418, 0.2139444351196289, 0.22705364227294922, 0.21231698989868164, 0.21926379203796387, 0.21138954162597656, 0.22530579566955566, 0.20924019813537598, 0.2252051830291748, 0.2091681957244873