{'Max_spout': 1000.0, 'Spliters': 2.0, 'Counters': 12.0}, {'Max_spout': 1000.0, 'Spliters': 2.0, 'Counters': 6.0}, {'Max_spout': 10000.0, 'Spliters': 2.0, 'Counters': 9.0}, {'Max_spout': 10000.0, 'Spliters': 2.0, 'Counters': 18.0}, {'Max_spout': 1000.0, 'Spliters': 2.0, 'Counters': 18.0}, {'Max_spout': 1000.0, 'Spliters': 2.0, 'Counters': 18.0}, {'Max_spout': 10000.0, 'Spliters': 2.0, 'Counters': 12.0}, {'Max_spout': 10000.0, 'Spliters': 2.0, 'Counters': 9.0}, {'Max_spout': 1000.0, 'Spliters': 2.0, 'Counters': 6.0}, {'Max_spout': 1000.0, 'Spliters': 2.0, 'Counters': 12.0}, {'Max_spout': 1000.0, 'Spliters': 2.0, 'Counters': 9.0}, {'Max_spout': 1000.0, 'Spliters': 6.0, 'Counters': 12.0}, {'Max_spout': 100.0, 'Spliters': 2.0, 'Counters': 9.0}, {'Max_spout': 10000.0, 'Spliters': 2.0, 'Counters': 12.0}, {'Max_spout': 1000000.0, 'Spliters': 2.0, 'Counters': 15.0}, {'Max_spout': 10000.0, 'Spliters': 2.0, 'Counters': 9.0}, {'Max_spout': 1000.0, 'Spliters': 2.0, 'Counters': 12.0}, {'Max_spout': 1000.0, 'Spliters': 2.0, 'Counters': 18.0}, {'Max_spout': 10000.0, 'Spliters': 2.0, 'Counters': 12.0}, {'Max_spout': 1000.0, 'Spliters': 2.0, 'Counters': 18.0}
0.3482522082801707, 0.4247156424780914, 0.39158101576180454, 0.4202161119317217, 0.36703078577231235, 0.36703078577231235, 0.4060542266639211, 0.39158101576180454, 0.4247156424780914, 0.3482522082801707, 0.3843556979164898, 0.46453191791875453, 0.4332312508997562, 0.4060542266639211, 0.44378367243631417, 0.39158101576180454, 0.3482522082801707, 0.36703078577231235, 0.4060542266639211, 0.36703078577231235
0.023481130599975586, 0.01943182945251465, 0.019046783447265625, 0.018383264541625977, 0.018712997436523438, 0.0186765193939209, 0.01897716522216797, 0.018781423568725586, 0.019080162048339844, 0.01883220672607422, 0.01940011978149414, 0.018779516220092773, 0.018963098526000977, 0.018932819366455078, 0.02231121063232422, 0.01886439323425293, 0.018195390701293945, 0.0183868408203125, 0.01870894432067871, 0.018679380416870117