{'Max_spout': 1000.0, 'Spliters': 2.0, 'Counters': 12.0}, {'Max_spout': 1000.0, 'Spliters': 2.0, 'Counters': 12.0}, {'Max_spout': 1000.0, 'Spliters': 2.0, 'Counters': 12.0}, {'Max_spout': 100.0, 'Spliters': 2.0, 'Counters': 18.0}, {'Max_spout': 1000.0, 'Spliters': 2.0, 'Counters': 18.0}, {'Max_spout': 1000.0, 'Spliters': 2.0, 'Counters': 18.0}, {'Max_spout': 1000.0, 'Spliters': 2.0, 'Counters': 9.0}, {'Max_spout': 1000.0, 'Spliters': 2.0, 'Counters': 15.0}, {'Max_spout': 1000.0, 'Spliters': 2.0, 'Counters': 9.0}, {'Max_spout': 1000.0, 'Spliters': 2.0, 'Counters': 12.0}, {'Max_spout': 1000.0, 'Spliters': 2.0, 'Counters': 9.0}, {'Max_spout': 10000.0, 'Spliters': 2.0, 'Counters': 6.0}, {'Max_spout': 100.0, 'Spliters': 2.0, 'Counters': 9.0}, {'Max_spout': 10000.0, 'Spliters': 2.0, 'Counters': 12.0}, {'Max_spout': 1000.0, 'Spliters': 2.0, 'Counters': 18.0}, {'Max_spout': 10000.0, 'Spliters': 2.0, 'Counters': 9.0}, {'Max_spout': 1000.0, 'Spliters': 2.0, 'Counters': 12.0}, {'Max_spout': 1000.0, 'Spliters': 2.0, 'Counters': 12.0}, {'Max_spout': 1000.0, 'Spliters': 2.0, 'Counters': 18.0}, {'Max_spout': 1000.0, 'Spliters': 2.0, 'Counters': 18.0}
0.34825220828017067, 0.34825220828017067, 0.34825220828017067, 0.4007921025523584, 0.3670307857723123, 0.3670307857723123, 0.3843556979164898, 0.3534006710681069, 0.3843556979164898, 0.34825220828017067, 0.3843556979164898, 0.4048595507354926, 0.4332312508997562, 0.4060542266639211, 0.3670307857723123, 0.3915810157618045, 0.34825220828017067, 0.34825220828017067, 0.3670307857723123, 0.3670307857723123
0.03759622573852539, 0.03304457664489746, 0.033234357833862305, 0.033379316329956055, 0.03279685974121094, 0.03279447555541992, 0.033200740814208984, 0.03262639045715332, 0.03290438652038574, 0.032671213150024414, 0.032921552658081055, 0.03301739692687988, 0.032533884048461914, 0.032582998275756836, 0.03297996520996094, 0.03279876708984375, 0.03268837928771973, 0.03297924995422363, 0.09778690338134766, 0.03262758255004883