{'Max_spout': 1000.0, 'Spliters': 2.0, 'Counters': 12.0}, {'Max_spout': 1000.0, 'Spliters': 2.0, 'Counters': 12.0}, {'Max_spout': 1000.0, 'Spliters': 2.0, 'Counters': 12.0}, {'Max_spout': 1000.0, 'Spliters': 2.0, 'Counters': 15.0}, {'Max_spout': 1000.0, 'Spliters': 2.0, 'Counters': 18.0}, {'Max_spout': 1000.0, 'Spliters': 2.0, 'Counters': 18.0}, {'Max_spout': 1000.0, 'Spliters': 2.0, 'Counters': 15.0}, {'Max_spout': 1000.0, 'Spliters': 2.0, 'Counters': 15.0}, {'Max_spout': 1000.0, 'Spliters': 2.0, 'Counters': 12.0}, {'Max_spout': 1000.0, 'Spliters': 2.0, 'Counters': 12.0}, {'Max_spout': 1000.0, 'Spliters': 2.0, 'Counters': 9.0}, {'Max_spout': 1000.0, 'Spliters': 2.0, 'Counters': 15.0}, {'Max_spout': 1000.0, 'Spliters': 2.0, 'Counters': 9.0}, {'Max_spout': 1000.0, 'Spliters': 2.0, 'Counters': 9.0}, {'Max_spout': 1000.0, 'Spliters': 2.0, 'Counters': 12.0}, {'Max_spout': 10000.0, 'Spliters': 2.0, 'Counters': 9.0}, {'Max_spout': 1000.0, 'Spliters': 2.0, 'Counters': 12.0}, {'Max_spout': 1000.0, 'Spliters': 2.0, 'Counters': 12.0}, {'Max_spout': 1000.0, 'Spliters': 2.0, 'Counters': 12.0}, {'Max_spout': 1000.0, 'Spliters': 2.0, 'Counters': 12.0}
0.6517477917198293, 0.6517477917198293, 0.6517477917198293, 0.6465993289318931, 0.6329692142276877, 0.6329692142276877, 0.6465993289318931, 0.6465993289318931, 0.6517477917198293, 0.6517477917198293, 0.6156443020835102, 0.6465993289318931, 0.6156443020835102, 0.6156443020835102, 0.6517477917198293, 0.6084189842381955, 0.6517477917198293, 0.6517477917198293, 0.6517477917198293, 0.6517477917198293
0.13942670822143555, 0.09682273864746094, 0.1071171760559082, 0.10059714317321777, 0.2023923397064209, 0.10057306289672852, 0.10437607765197754, 0.11069273948669434, 0.09182143211364746, 0.10076355934143066, 0.11117315292358398, 0.1033787727355957, 0.09306669235229492, 0.09695029258728027, 0.111572265625, 0.09841251373291016, 0.09426617622375488, 0.09513330459594727, 0.11407852172851562, 0.09461021423339844