{'Max_spout': 1000.0, 'Spliters': 2.0, 'Counters': 12.0}, {'Max_spout': 1000.0, 'Spliters': 2.0, 'Counters': 15.0}, {'Max_spout': 1000.0, 'Spliters': 2.0, 'Counters': 12.0}, {'Max_spout': 10000.0, 'Spliters': 2.0, 'Counters': 18.0}, {'Max_spout': 1000.0, 'Spliters': 2.0, 'Counters': 18.0}, {'Max_spout': 1000.0, 'Spliters': 2.0, 'Counters': 18.0}, {'Max_spout': 10000.0, 'Spliters': 2.0, 'Counters': 12.0}, {'Max_spout': 1000.0, 'Spliters': 2.0, 'Counters': 15.0}, {'Max_spout': 1000.0, 'Spliters': 2.0, 'Counters': 9.0}, {'Max_spout': 1000.0, 'Spliters': 2.0, 'Counters': 12.0}, {'Max_spout': 10000.0, 'Spliters': 2.0, 'Counters': 12.0}, {'Max_spout': 10000.0, 'Spliters': 2.0, 'Counters': 18.0}, {'Max_spout': 100000.0, 'Spliters': 6.0, 'Counters': 18.0}, {'Max_spout': 10000.0, 'Spliters': 2.0, 'Counters': 12.0}, {'Max_spout': 1000.0, 'Spliters': 2.0, 'Counters': 18.0}, {'Max_spout': 10000.0, 'Spliters': 2.0, 'Counters': 18.0}, {'Max_spout': 1000.0, 'Spliters': 2.0, 'Counters': 12.0}, {'Max_spout': 1000.0, 'Spliters': 2.0, 'Counters': 18.0}, {'Max_spout': 1000.0, 'Spliters': 2.0, 'Counters': 18.0}, {'Max_spout': 1000.0, 'Spliters': 2.0, 'Counters': 18.0}
0.3530381716077479, 0.3340436419777277, 0.3530381716077479, 0.3893870191155626, 0.3513569799560069, 0.3513569799560069, 0.37770818548803936, 0.3340436419777277, 0.40781820730939655, 0.3530381716077479, 0.37770818548803936, 0.3893870191155626, 0.43093537436088897, 0.37770818548803936, 0.3513569799560069, 0.3893870191155626, 0.3530381716077479, 0.3513569799560069, 0.3513569799560069, 0.3513569799560069
0.05130743980407715, 0.03925609588623047, 0.03795886039733887, 0.03709578514099121, 0.037567853927612305, 0.039484262466430664, 0.03886699676513672, 0.03675365447998047, 0.036920785903930664, 0.11143183708190918, 0.03695034980773926, 0.036522626876831055, 0.03662610054016113, 0.03633403778076172, 0.03641319274902344, 0.03578972816467285, 0.03697943687438965, 0.03629755973815918, 0.03667044639587402, 0.037322044372558594