{'Max_spout': 1000.0, 'Spliters': 2.0, 'Counters': 12.0}, {'Max_spout': 1000.0, 'Spliters': 2.0, 'Counters': 15.0}, {'Max_spout': 1000.0, 'Spliters': 2.0, 'Counters': 12.0}, {'Max_spout': 1000.0, 'Spliters': 2.0, 'Counters': 15.0}, {'Max_spout': 1000.0, 'Spliters': 2.0, 'Counters': 18.0}, {'Max_spout': 1000.0, 'Spliters': 2.0, 'Counters': 18.0}, {'Max_spout': 1000.0, 'Spliters': 2.0, 'Counters': 15.0}, {'Max_spout': 1000.0, 'Spliters': 2.0, 'Counters': 15.0}, {'Max_spout': 1000.0, 'Spliters': 2.0, 'Counters': 18.0}, {'Max_spout': 1000.0, 'Spliters': 2.0, 'Counters': 15.0}, {'Max_spout': 10000.0, 'Spliters': 2.0, 'Counters': 12.0}, {'Max_spout': 10000.0, 'Spliters': 2.0, 'Counters': 12.0}, {'Max_spout': 1000000.0, 'Spliters': 2.0, 'Counters': 9.0}, {'Max_spout': 10000.0, 'Spliters': 2.0, 'Counters': 12.0}, {'Max_spout': 1000.0, 'Spliters': 2.0, 'Counters': 15.0}, {'Max_spout': 1000.0, 'Spliters': 2.0, 'Counters': 12.0}, {'Max_spout': 1000.0, 'Spliters': 2.0, 'Counters': 12.0}, {'Max_spout': 1000.0, 'Spliters': 2.0, 'Counters': 18.0}, {'Max_spout': 1000.0, 'Spliters': 2.0, 'Counters': 18.0}, {'Max_spout': 1000.0, 'Spliters': 2.0, 'Counters': 18.0}
0.353038171607748, 0.33404364197772773, 0.353038171607748, 0.33404364197772773, 0.3513569799560069, 0.3513569799560069, 0.33404364197772773, 0.33404364197772773, 0.3513569799560069, 0.33404364197772773, 0.3777081854880393, 0.3777081854880393, 0.3961943038278054, 0.3777081854880393, 0.33404364197772773, 0.353038171607748, 0.353038171607748, 0.3513569799560069, 0.3513569799560069, 0.3513569799560069
0.08145904541015625, 0.07388138771057129, 0.07365131378173828, 0.07312154769897461, 0.07323527336120605, 0.07303452491760254, 0.07303905487060547, 0.07311677932739258, 0.07377362251281738, 0.1475074291229248, 0.07237362861633301, 0.07230234146118164, 0.0711815357208252, 0.07220292091369629, 0.07185649871826172, 0.07233834266662598, 0.07140946388244629, 0.07074999809265137, 0.07173943519592285, 0.0702066421508789