{'Max_spout': 1000.0, 'Spliters': 2.0, 'Counters': 12.0}, {'Max_spout': 1000.0, 'Spliters': 2.0, 'Counters': 6.0}, {'Max_spout': 10000.0, 'Spliters': 2.0, 'Counters': 9.0}, {'Max_spout': 10000.0, 'Spliters': 2.0, 'Counters': 18.0}, {'Max_spout': 1000.0, 'Spliters': 2.0, 'Counters': 18.0}, {'Max_spout': 1000.0, 'Spliters': 2.0, 'Counters': 18.0}, {'Max_spout': 10000.0, 'Spliters': 2.0, 'Counters': 12.0}, {'Max_spout': 10000.0, 'Spliters': 2.0, 'Counters': 12.0}, {'Max_spout': 1000.0, 'Spliters': 2.0, 'Counters': 6.0}, {'Max_spout': 1000.0, 'Spliters': 2.0, 'Counters': 12.0}, {'Max_spout': 1000.0, 'Spliters': 2.0, 'Counters': 9.0}, {'Max_spout': 100000.0, 'Spliters': 6.0, 'Counters': 9.0}, {'Max_spout': 100000.0, 'Spliters': 6.0, 'Counters': 18.0}, {'Max_spout': 10000.0, 'Spliters': 2.0, 'Counters': 12.0}, {'Max_spout': 100000.0, 'Spliters': 6.0, 'Counters': 15.0}, {'Max_spout': 10000.0, 'Spliters': 2.0, 'Counters': 9.0}, {'Max_spout': 1000.0, 'Spliters': 2.0, 'Counters': 12.0}, {'Max_spout': 1000.0, 'Spliters': 2.0, 'Counters': 18.0}, {'Max_spout': 10000.0, 'Spliters': 2.0, 'Counters': 12.0}, {'Max_spout': 1000.0, 'Spliters': 2.0, 'Counters': 18.0}
0.646961828392252, 0.5856827522498886, 0.608520416903813, 0.6106129808844374, 0.6486430200439931, 0.6486430200439931, 0.6222918145119607, 0.6222918145119607, 0.5856827522498886, 0.646961828392252, 0.5921817926906034, 0.5488780818895627, 0.569064625639111, 0.6222918145119607, 0.5618322096157607, 0.608520416903813, 0.646961828392252, 0.6486430200439931, 0.6222918145119607, 0.6486430200439931
0.033989667892456055, 0.025977611541748047, 0.02532219886779785, 0.02461981773376465, 0.024696826934814453, 0.02601003646850586, 0.02586960792541504, 0.02484750747680664, 0.0244753360748291, 0.025536537170410156, 0.02582383155822754, 0.024502038955688477, 0.024718046188354492, 0.02531147003173828, 0.02473163604736328, 0.025679588317871094, 0.025086402893066406, 0.02437591552734375, 0.024538516998291016, 0.025452136993408203