{'Max_spout': 1000.0, 'Spliters': 2.0, 'Counters': 18.0}, {'Max_spout': 1000.0, 'Spliters': 2.0, 'Counters': 15.0}, {'Max_spout': 1000.0, 'Spliters': 2.0, 'Counters': 12.0}, {'Max_spout': 1000.0, 'Spliters': 2.0, 'Counters': 15.0}, {'Max_spout': 1000.0, 'Spliters': 2.0, 'Counters': 18.0}, {'Max_spout': 1000.0, 'Spliters': 2.0, 'Counters': 18.0}, {'Max_spout': 1000.0, 'Spliters': 2.0, 'Counters': 15.0}, {'Max_spout': 1000.0, 'Spliters': 2.0, 'Counters': 15.0}, {'Max_spout': 1000.0, 'Spliters': 2.0, 'Counters': 18.0}, {'Max_spout': 1000.0, 'Spliters': 2.0, 'Counters': 15.0}, {'Max_spout': 10000.0, 'Spliters': 2.0, 'Counters': 12.0}, {'Max_spout': 10000.0, 'Spliters': 2.0, 'Counters': 18.0}, {'Max_spout': 10000.0, 'Spliters': 2.0, 'Counters': 12.0}, {'Max_spout': 10000.0, 'Spliters': 2.0, 'Counters': 12.0}, {'Max_spout': 1000.0, 'Spliters': 2.0, 'Counters': 18.0}, {'Max_spout': 10000.0, 'Spliters': 2.0, 'Counters': 12.0}, {'Max_spout': 1000.0, 'Spliters': 2.0, 'Counters': 12.0}, {'Max_spout': 1000.0, 'Spliters': 2.0, 'Counters': 18.0}, {'Max_spout': 1000.0, 'Spliters': 2.0, 'Counters': 18.0}, {'Max_spout': 1000.0, 'Spliters': 2.0, 'Counters': 15.0}
0.3513569799560069, 0.3340436419777277, 0.3530381716077479, 0.3340436419777277, 0.3513569799560069, 0.3513569799560069, 0.3340436419777277, 0.3340436419777277, 0.3513569799560069, 0.3340436419777277, 0.37770818548803936, 0.3893870191155626, 0.37770818548803936, 0.37770818548803936, 0.3513569799560069, 0.37770818548803936, 0.3530381716077479, 0.3513569799560069, 0.3513569799560069, 0.3340436419777277
0.13433480262756348, 0.09726214408874512, 0.10569548606872559, 0.11051273345947266, 0.20244193077087402, 0.10181689262390137, 0.1122283935546875, 0.11245059967041016, 0.0969243049621582, 0.10021138191223145, 0.12108612060546875, 0.09630060195922852, 0.0996699333190918, 0.0971074104309082, 0.11763381958007812, 0.09310507774353027, 0.09862756729125977, 0.10113215446472168, 0.11313128471374512, 0.09148621559143066