{'Max_spout': 1000.0, 'Spliters': 2.0, 'Counters': 15.0}, {'Max_spout': 1000.0, 'Spliters': 2.0, 'Counters': 15.0}, {'Max_spout': 1000.0, 'Spliters': 2.0, 'Counters': 12.0}, {'Max_spout': 1000.0, 'Spliters': 2.0, 'Counters': 15.0}, {'Max_spout': 1000.0, 'Spliters': 2.0, 'Counters': 15.0}, {'Max_spout': 1000.0, 'Spliters': 2.0, 'Counters': 18.0}, {'Max_spout': 1000.0, 'Spliters': 2.0, 'Counters': 15.0}, {'Max_spout': 1000.0, 'Spliters': 2.0, 'Counters': 15.0}, {'Max_spout': 1000.0, 'Spliters': 2.0, 'Counters': 15.0}, {'Max_spout': 1000.0, 'Spliters': 2.0, 'Counters': 15.0}, {'Max_spout': 1000.0, 'Spliters': 2.0, 'Counters': 18.0}, {'Max_spout': 1000.0, 'Spliters': 2.0, 'Counters': 18.0}, {'Max_spout': 1000.0, 'Spliters': 2.0, 'Counters': 15.0}, {'Max_spout': 1000.0, 'Spliters': 2.0, 'Counters': 18.0}, {'Max_spout': 1000.0, 'Spliters': 2.0, 'Counters': 18.0}, {'Max_spout': 1000.0, 'Spliters': 2.0, 'Counters': 15.0}, {'Max_spout': 1000.0, 'Spliters': 2.0, 'Counters': 18.0}, {'Max_spout': 1000.0, 'Spliters': 2.0, 'Counters': 18.0}, {'Max_spout': 1000.0, 'Spliters': 2.0, 'Counters': 15.0}, {'Max_spout': 1000.0, 'Spliters': 2.0, 'Counters': 15.0}
0.3340436419777277, 0.3340436419777277, 0.3530381716077479, 0.3340436419777277, 0.3340436419777277, 0.3513569799560069, 0.3340436419777277, 0.3340436419777277, 0.3340436419777277, 0.3340436419777277, 0.3513569799560069, 0.3513569799560069, 0.3340436419777277, 0.3513569799560069, 0.3513569799560069, 0.3340436419777277, 0.3513569799560069, 0.3513569799560069, 0.3340436419777277, 0.3340436419777277
0.15005874633789062, 0.1454617977142334, 0.20358657836914062, 0.14380931854248047, 0.14385223388671875, 0.14314532279968262, 0.14219355583190918, 0.14189982414245605, 0.14059090614318848, 0.14150786399841309, 0.1411902904510498, 0.14131689071655273, 0.1435098648071289, 0.1423196792602539, 0.1417088508605957, 0.14082670211791992, 0.14254021644592285, 0.14189887046813965, 0.14125871658325195, 0.14067387580871582