{'Max_spout': 1000.0, 'Spliters': 2.0, 'Counters': 12.0}, {'Max_spout': 1000000.0, 'Spliters': 6.0, 'Counters': 12.0}, {'Max_spout': 100000.0, 'Spliters': 1.0, 'Counters': 15.0}, {'Max_spout': 10000.0, 'Spliters': 6.0, 'Counters': 6.0}, {'Max_spout': 1000.0, 'Spliters': 1.0, 'Counters': 9.0}, {'Max_spout': 1000.0, 'Spliters': 2.0, 'Counters': 6.0}, {'Max_spout': 10000.0, 'Spliters': 2.0, 'Counters': 12.0}, {'Max_spout': 1000.0, 'Spliters': 2.0, 'Counters': 6.0}, {'Max_spout': 1000.0, 'Spliters': 3.0, 'Counters': 6.0}, {'Max_spout': 10000.0, 'Spliters': 3.0, 'Counters': 3.0}, {'Max_spout': 1000000.0, 'Spliters': 6.0, 'Counters': 9.0}, {'Max_spout': 1000.0, 'Spliters': 1.0, 'Counters': 9.0}, {'Max_spout': 100.0, 'Spliters': 6.0, 'Counters': 6.0}, {'Max_spout': 1000.0, 'Spliters': 6.0, 'Counters': 6.0}, {'Max_spout': 1000000.0, 'Spliters': 2.0, 'Counters': 15.0}, {'Max_spout': 10000.0, 'Spliters': 2.0, 'Counters': 9.0}, {'Max_spout': 1000.0, 'Spliters': 2.0, 'Counters': 12.0}, {'Max_spout': 10.0, 'Spliters': 3.0, 'Counters': 18.0}, {'Max_spout': 100.0, 'Spliters': 2.0, 'Counters': 9.0}, {'Max_spout': 1000.0, 'Spliters': 2.0, 'Counters': 18.0}
0.3530381716077479, 0.4426252477282385, 0.6120256478408291, 0.43515614436816086, 0.5174469340638226, 0.4143172477501114, 0.37770818548803936, 0.4143172477501114, 0.513885203239707, 0.5384336609260343, 0.4547484867462059, 0.5174469340638226, 0.5021169684422148, 0.45798220162788744, 0.5377809488779259, 0.39147958309618697, 0.3530381716077479, 0.5630279189726654, 0.46999872704776124, 0.3513569799560069
0.008640766143798828, 0.006981611251831055, 0.010648965835571289, 0.007347583770751953, 0.006816387176513672, 0.006632566452026367, 0.006638526916503906, 0.0065898895263671875, 0.007093191146850586, 0.007092952728271484, 0.007215261459350586, 0.007620811462402344, 0.0077059268951416016, 0.007819175720214844, 0.0076143741607666016, 0.007616758346557617, 0.007977724075317383, 0.007548809051513672, 0.007414817810058594, 0.007359743118286133