{'Width': 7.0, 'Complexity': 1.0, 'Fifo': 2.0, 'Multiplier': 1.0}, {'Width': 3.0, 'Complexity': 0.0, 'Fifo': 3.0, 'Multiplier': 1.0}, {'Width': 4.0, 'Complexity': 0.0, 'Fifo': 2.0, 'Multiplier': 2.0}, {'Width': 3.0, 'Complexity': 0.0, 'Fifo': 1.0, 'Multiplier': 1.0}, {'Width': 4.0, 'Complexity': 1.0, 'Fifo': 2.0, 'Multiplier': 1.0}, {'Width': 3.0, 'Complexity': 0.0, 'Fifo': 3.0, 'Multiplier': 2.0}, {'Width': 7.0, 'Complexity': 0.0, 'Fifo': 2.0, 'Multiplier': 1.0}, {'Width': 6.0, 'Complexity': 0.0, 'Fifo': 3.0, 'Multiplier': 2.0}, {'Width': 4.0, 'Complexity': 1.0, 'Fifo': 3.0, 'Multiplier': 5.0}, {'Width': 4.0, 'Complexity': 0.0, 'Fifo': 2.0, 'Multiplier': 1.0}, {'Width': 5.0, 'Complexity': 0.0, 'Fifo': 2.0, 'Multiplier': 2.0}, {'Width': 4.0, 'Complexity': 0.0, 'Fifo': 2.0, 'Multiplier': 2.0}, {'Width': 4.0, 'Complexity': 1.0, 'Fifo': 1.0, 'Multiplier': 1.0}, {'Width': 4.0, 'Complexity': 0.0, 'Fifo': 4.0, 'Multiplier': 2.0}, {'Width': 6.0, 'Complexity': 0.0, 'Fifo': 1.0, 'Multiplier': 1.0}, {'Width': 7.0, 'Complexity': 0.0, 'Fifo': 1.0, 'Multiplier': 1.0}, {'Width': 3.0, 'Complexity': 0.0, 'Fifo': 2.0, 'Multiplier': 1.0}, {'Width': 6.0, 'Complexity': 0.0, 'Fifo': 4.0, 'Multiplier': 1.0}, {'Width': 3.0, 'Complexity': 0.0, 'Fifo': 1.0, 'Multiplier': 2.0}, {'Width': 5.0, 'Complexity': 1.0, 'Fifo': 3.0, 'Multiplier': 1.0}
0.5043635496785811, 0.2258786831625051, 0.5408570998371044, 0.22581417455021327, 0.3877806214317866, 0.41985099335665094, 0.5335948416821916, 0.6083182294734002, 0.6768754909073402, 0.37790341766003394, 0.5845933317204779, 0.5408570998371044, 0.3796361104778351, 0.5408570998371044, 0.5090042772848435, 0.5335948416821916, 0.2258786831625051, 0.5090215664735307, 0.41975353518343883, 0.44772479049532365
0.010099649429321289, 0.0078277587890625, 0.010650634765625, 0.007615089416503906, 0.0077130794525146484, 0.007878780364990234, 0.0077533721923828125, 0.00771331787109375, 0.007731199264526367, 0.007570028305053711, 0.007615089416503906, 0.007615089416503906, 0.007592439651489258, 0.007299900054931641, 0.007440805435180664, 0.007457256317138672, 0.00747370719909668, 0.007475852966308594, 0.007417917251586914, 0.0074350833892822266