{'Width': 7.0, 'Complexity': 1.0, 'Fifo': 2.0, 'Multiplier': 1.0}, {'Width': 3.0, 'Complexity': 0.0, 'Fifo': 3.0, 'Multiplier': 1.0}, {'Width': 3.0, 'Complexity': 0.0, 'Fifo': 1.0, 'Multiplier': 2.0}, {'Width': 3.0, 'Complexity': 0.0, 'Fifo': 1.0, 'Multiplier': 1.0}, {'Width': 4.0, 'Complexity': 1.0, 'Fifo': 2.0, 'Multiplier': 1.0}, {'Width': 3.0, 'Complexity': 0.0, 'Fifo': 3.0, 'Multiplier': 2.0}, {'Width': 3.0, 'Complexity': 1.0, 'Fifo': 1.0, 'Multiplier': 1.0}, {'Width': 4.0, 'Complexity': 0.0, 'Fifo': 2.0, 'Multiplier': 1.0}, {'Width': 3.0, 'Complexity': 1.0, 'Fifo': 4.0, 'Multiplier': 2.0}, {'Width': 4.0, 'Complexity': 0.0, 'Fifo': 2.0, 'Multiplier': 1.0}, {'Width': 3.0, 'Complexity': 0.0, 'Fifo': 2.0, 'Multiplier': 2.0}, {'Width': 7.0, 'Complexity': 0.0, 'Fifo': 2.0, 'Multiplier': 1.0}, {'Width': 4.0, 'Complexity': 1.0, 'Fifo': 1.0, 'Multiplier': 1.0}, {'Width': 4.0, 'Complexity': 0.0, 'Fifo': 4.0, 'Multiplier': 2.0}, {'Width': 6.0, 'Complexity': 0.0, 'Fifo': 1.0, 'Multiplier': 1.0}, {'Width': 7.0, 'Complexity': 0.0, 'Fifo': 1.0, 'Multiplier': 1.0}, {'Width': 3.0, 'Complexity': 0.0, 'Fifo': 2.0, 'Multiplier': 1.0}, {'Width': 6.0, 'Complexity': 0.0, 'Fifo': 4.0, 'Multiplier': 1.0}, {'Width': 3.0, 'Complexity': 0.0, 'Fifo': 1.0, 'Multiplier': 2.0}, {'Width': 5.0, 'Complexity': 1.0, 'Fifo': 3.0, 'Multiplier': 1.0}
0.5043635496785811, 0.2258786831625051, 0.41975353518343883, 0.22581417455021327, 0.3877806214317866, 0.41985099335665094, 0.3131549450517663, 0.37790341766003394, 0.4546758097128903, 0.37790341766003394, 0.41985099335665094, 0.5335948416821916, 0.3796361104778351, 0.5408570998371044, 0.5090042772848435, 0.5335948416821916, 0.2258786831625051, 0.5090215664735307, 0.41975353518343883, 0.44772479049532365
0.018444061279296875, 0.015560626983642578, 0.010063648223876953, 0.01002192497253418, 0.010005474090576172, 0.009941339492797852, 0.009931564331054688, 0.00995016098022461, 0.009974479675292969, 0.010024547576904297, 0.009996891021728516, 0.009960651397705078, 0.009904623031616211, 0.00984334945678711, 0.0096893310546875, 0.00993490219116211, 0.00986027717590332, 0.00982809066772461, 0.01004934310913086, 0.009740352630615234