{'Spout': 1.0, 'Split': 2.0, 'Count': 12.0, 'Buffer_size': 5240000.0, 'Heap': 1024.0}, {'Spout': 1.0, 'Split': 2.0, 'Count': 9.0, 'Buffer_size': 5240000.0, 'Heap': 512.0}, {'Spout': 1.0, 'Split': 2.0, 'Count': 12.0, 'Buffer_size': 5240000.0, 'Heap': 512.0}, {'Spout': 1.0, 'Split': 2.0, 'Count': 12.0, 'Buffer_size': 5240000.0, 'Heap': 512.0}, {'Spout': 1.0, 'Split': 2.0, 'Count': 12.0, 'Buffer_size': 262000.0, 'Heap': 2048.0}, {'Spout': 1.0, 'Split': 2.0, 'Count': 12.0, 'Buffer_size': 105000000.0, 'Heap': 1024.0}, {'Spout': 1.0, 'Split': 2.0, 'Count': 12.0, 'Buffer_size': 105000000.0, 'Heap': 2048.0}, {'Spout': 1.0, 'Split': 2.0, 'Count': 12.0, 'Buffer_size': 262000.0, 'Heap': 1024.0}, {'Spout': 1.0, 'Split': 2.0, 'Count': 12.0, 'Buffer_size': 10500000.0, 'Heap': 2048.0}, {'Spout': 1.0, 'Split': 2.0, 'Count': 12.0, 'Buffer_size': 10500000.0, 'Heap': 2048.0}, {'Spout': 1.0, 'Split': 2.0, 'Count': 12.0, 'Buffer_size': 262000.0, 'Heap': 512.0}, {'Spout': 1.0, 'Split': 2.0, 'Count': 12.0, 'Buffer_size': 5240000.0, 'Heap': 512.0}, {'Spout': 1.0, 'Split': 2.0, 'Count': 12.0, 'Buffer_size': 10500000.0, 'Heap': 512.0}, {'Spout': 1.0, 'Split': 2.0, 'Count': 12.0, 'Buffer_size': 1050000.0, 'Heap': 2048.0}, {'Spout': 1.0, 'Split': 2.0, 'Count': 12.0, 'Buffer_size': 10500000.0, 'Heap': 1024.0}, {'Spout': 1.0, 'Split': 2.0, 'Count': 9.0, 'Buffer_size': 10500000.0, 'Heap': 1024.0}, {'Spout': 1.0, 'Split': 2.0, 'Count': 12.0, 'Buffer_size': 5240000.0, 'Heap': 512.0}, {'Spout': 1.0, 'Split': 2.0, 'Count': 6.0, 'Buffer_size': 10500000.0, 'Heap': 2048.0}, {'Spout': 1.0, 'Split': 2.0, 'Count': 12.0, 'Buffer_size': 10500000.0, 'Heap': 512.0}, {'Spout': 1.0, 'Split': 2.0, 'Count': 12.0, 'Buffer_size': 105000000.0, 'Heap': 512.0}
0.9905384895783675, 0.9593609966518934, 1.0, 1.0, 0.9952827703104171, 0.9936972295586854, 0.9840767773157787, 0.9978795931388816, 0.98078755181852, 0.98078755181852, 0.9932412805990584, 1.0, 0.9817311962744655, 0.9737160648794702, 0.9907885431651801, 0.9625087456570407, 1.0, 0.8775049918640173, 0.9817311962744655, 0.9832320195324413
0.15719890594482422, 0.1393120288848877, 0.25424909591674805, 0.14030027389526367, 0.14100146293640137, 0.13878107070922852, 0.13912034034729004, 0.13941454887390137, 0.14035820960998535, 0.1417248249053955, 0.13802266120910645, 0.1372373104095459, 0.13727712631225586, 0.13688087463378906, 0.14574432373046875, 0.13836288452148438, 0.13925576210021973, 0.13730645179748535, 0.1363074779510498, 0.13489532470703125