{'Max_spout': 1.0, 'Spliters': 1.0, 'Counters': 9.0}, {'Max_spout': 1.0, 'Spliters': 1.0, 'Counters': 1.0}, {'Max_spout': 1.0, 'Spliters': 1.0, 'Counters': 9.0}, {'Max_spout': 1000000.0, 'Spliters': 6.0, 'Counters': 3.0}, {'Max_spout': 1000.0, 'Spliters': 2.0, 'Counters': 1.0}, {'Max_spout': 1.0, 'Spliters': 1.0, 'Counters': 18.0}, {'Max_spout': 10000.0, 'Spliters': 3.0, 'Counters': 1.0}, {'Max_spout': 1.0, 'Spliters': 6.0, 'Counters': 12.0}, {'Max_spout': 100000.0, 'Spliters': 1.0, 'Counters': 1.0}, {'Max_spout': 1.0, 'Spliters': 2.0, 'Counters': 6.0}, {'Max_spout': 1.0, 'Spliters': 2.0, 'Counters': 9.0}, {'Max_spout': 1.0, 'Spliters': 1.0, 'Counters': 18.0}, {'Max_spout': 10.0, 'Spliters': 3.0, 'Counters': 1.0}, {'Max_spout': 1.0, 'Spliters': 1.0, 'Counters': 1.0}, {'Max_spout': 1.0, 'Spliters': 1.0, 'Counters': 6.0}, {'Max_spout': 1.0, 'Spliters': 2.0, 'Counters': 12.0}, {'Max_spout': 1.0, 'Spliters': 2.0, 'Counters': 9.0}, {'Max_spout': 1.0, 'Spliters': 2.0, 'Counters': 15.0}, {'Max_spout': 1.0, 'Spliters': 6.0, 'Counters': 6.0}, {'Max_spout': 1000.0, 'Spliters': 6.0, 'Counters': 1.0}
0.9981062441095384, 0.9951922088827427, 0.9981062441095384, 0.7377573819779033, 0.9301336198923642, 0.9984292102303923, 0.9232309530730226, 0.987587824764455, 0.9286318274303935, 0.9923779995478474, 0.9929901671496478, 0.9984292102303923, 0.9394497244511778, 0.9951922088827427, 0.9966382162874751, 0.9939620015678537, 0.9929901671496478, 0.9946005936704513, 0.9863884460338292, 0.9258234902067863
0.015296459197998047, 0.009502887725830078, 0.014066219329833984, 0.007746696472167969, 0.01591968536376953, 0.01468515396118164, 0.012487411499023438, 0.012875795364379883, 0.011825799942016602, 0.011184930801391602, 0.01700758934020996, 0.010627985000610352, 0.015830516815185547, 0.010088920593261719, 0.009484291076660156, 0.009851932525634766, 0.01036834716796875, 0.010879755020141602, 0.010202646255493164, 0.00790548324584961