{'Max_spout': 1.0, 'Spliters': 1.0, 'Counters': 9.0}, {'Max_spout': 1.0, 'Spliters': 1.0, 'Counters': 1.0}, {'Max_spout': 1.0, 'Spliters': 1.0, 'Counters': 9.0}, {'Max_spout': 10000.0, 'Spliters': 3.0, 'Counters': 1.0}, {'Max_spout': 1000.0, 'Spliters': 2.0, 'Counters': 1.0}, {'Max_spout': 1.0, 'Spliters': 1.0, 'Counters': 18.0}, {'Max_spout': 1.0, 'Spliters': 3.0, 'Counters': 18.0}, {'Max_spout': 1.0, 'Spliters': 1.0, 'Counters': 18.0}, {'Max_spout': 1.0, 'Spliters': 1.0, 'Counters': 15.0}, {'Max_spout': 1.0, 'Spliters': 2.0, 'Counters': 6.0}, {'Max_spout': 1.0, 'Spliters': 2.0, 'Counters': 3.0}, {'Max_spout': 1.0, 'Spliters': 1.0, 'Counters': 18.0}, {'Max_spout': 1.0, 'Spliters': 2.0, 'Counters': 6.0}, {'Max_spout': 1.0, 'Spliters': 1.0, 'Counters': 1.0}, {'Max_spout': 1.0, 'Spliters': 1.0, 'Counters': 18.0}, {'Max_spout': 1.0, 'Spliters': 2.0, 'Counters': 12.0}, {'Max_spout': 1.0, 'Spliters': 2.0, 'Counters': 9.0}, {'Max_spout': 1.0, 'Spliters': 2.0, 'Counters': 15.0}, {'Max_spout': 1.0, 'Spliters': 6.0, 'Counters': 6.0}, {'Max_spout': 10.0, 'Spliters': 2.0, 'Counters': 1.0}
0.9981062441095384, 0.9951922088827427, 0.9981062441095384, 0.9232309530730226, 0.9301336198923642, 0.9984292102303923, 0.9870079537747399, 0.9984292102303923, 0.9978346589624567, 0.9923779995478474, 0.9930738447355054, 0.9984292102303923, 0.9923779995478474, 0.9951922088827427, 0.9984292102303923, 0.9939620015678537, 0.9929901671496478, 0.9946005936704513, 0.9863884460338292, 0.9380683102706162
0.017835617065429688, 0.012214899063110352, 0.009015560150146484, 0.009012460708618164, 0.008688688278198242, 0.008917093276977539, 0.008955001831054688, 0.008811712265014648, 0.008801460266113281, 0.008820772171020508, 0.008902311325073242, 0.008675336837768555, 0.008719444274902344, 0.008745193481445312, 0.008765220642089844, 0.008769750595092773, 0.008863210678100586, 0.008751869201660156, 0.008867979049682617, 0.008823871612548828