{'Max_spout': 1.0, 'Spliters': 1.0, 'Counters': 12.0}, {'Max_spout': 1.0, 'Spliters': 1.0, 'Counters': 18.0}, {'Max_spout': 1.0, 'Spliters': 1.0, 'Counters': 12.0}, {'Max_spout': 1.0, 'Spliters': 1.0, 'Counters': 12.0}, {'Max_spout': 1.0, 'Spliters': 1.0, 'Counters': 12.0}, {'Max_spout': 1.0, 'Spliters': 1.0, 'Counters': 12.0}, {'Max_spout': 1.0, 'Spliters': 1.0, 'Counters': 18.0}, {'Max_spout': 1.0, 'Spliters': 1.0, 'Counters': 12.0}, {'Max_spout': 1.0, 'Spliters': 1.0, 'Counters': 12.0}, {'Max_spout': 1.0, 'Spliters': 1.0, 'Counters': 12.0}, {'Max_spout': 1.0, 'Spliters': 1.0, 'Counters': 18.0}, {'Max_spout': 1.0, 'Spliters': 1.0, 'Counters': 18.0}, {'Max_spout': 1.0, 'Spliters': 1.0, 'Counters': 15.0}, {'Max_spout': 1.0, 'Spliters': 1.0, 'Counters': 12.0}, {'Max_spout': 1.0, 'Spliters': 1.0, 'Counters': 12.0}, {'Max_spout': 1.0, 'Spliters': 1.0, 'Counters': 12.0}, {'Max_spout': 1.0, 'Spliters': 1.0, 'Counters': 18.0}, {'Max_spout': 1.0, 'Spliters': 1.0, 'Counters': 12.0}, {'Max_spout': 1.0, 'Spliters': 1.0, 'Counters': 12.0}, {'Max_spout': 1.0, 'Spliters': 1.0, 'Counters': 12.0}
0.0, 0.0015707897696076722, 0.0, 0.0, 0.0, 0.0, 0.0015707897696076722, 0.0, 0.0, 0.0, 0.0015707897696076722, 0.0015707897696076722, 0.002165341037543289, 0.0, 0.0, 0.0, 0.0015707897696076722, 0.0, 0.0, 0.0
0.20067262649536133, 0.1942446231842041, 0.26119518280029297, 0.19135475158691406, 0.1918957233428955, 0.18873119354248047, 0.18626856803894043, 0.1862630844116211, 0.19251251220703125, 0.18659591674804688, 0.1834392547607422, 0.18694281578063965, 0.18689441680908203, 0.18820834159851074, 0.18742108345031738, 0.19294977188110352, 0.1884171962738037, 0.18713688850402832, 0.18485641479492188, 0.1864767074584961