{'Max_spout': 1.0, 'Spliters': 1.0, 'Counters': 9.0}, {'Max_spout': 1.0, 'Spliters': 1.0, 'Counters': 1.0}, {'Max_spout': 1.0, 'Spliters': 1.0, 'Counters': 9.0}, {'Max_spout': 1.0, 'Spliters': 1.0, 'Counters': 12.0}, {'Max_spout': 1.0, 'Spliters': 1.0, 'Counters': 18.0}, {'Max_spout': 1.0, 'Spliters': 1.0, 'Counters': 18.0}, {'Max_spout': 1.0, 'Spliters': 1.0, 'Counters': 9.0}, {'Max_spout': 1.0, 'Spliters': 1.0, 'Counters': 12.0}, {'Max_spout': 1.0, 'Spliters': 1.0, 'Counters': 12.0}, {'Max_spout': 1.0, 'Spliters': 1.0, 'Counters': 12.0}, {'Max_spout': 1.0, 'Spliters': 1.0, 'Counters': 3.0}, {'Max_spout': 1.0, 'Spliters': 1.0, 'Counters': 18.0}, {'Max_spout': 1.0, 'Spliters': 1.0, 'Counters': 15.0}, {'Max_spout': 1.0, 'Spliters': 1.0, 'Counters': 12.0}, {'Max_spout': 1.0, 'Spliters': 1.0, 'Counters': 12.0}, {'Max_spout': 1.0, 'Spliters': 1.0, 'Counters': 12.0}, {'Max_spout': 1.0, 'Spliters': 1.0, 'Counters': 18.0}, {'Max_spout': 1.0, 'Spliters': 1.0, 'Counters': 12.0}, {'Max_spout': 1.0, 'Spliters': 1.0, 'Counters': 9.0}, {'Max_spout': 1.0, 'Spliters': 1.0, 'Counters': 12.0}
0.0018937558904615903, 0.004807791117257265, 0.0018937558904615903, 0.0, 0.0015707897696076722, 0.0015707897696076722, 0.0018937558904615903, 0.0, 0.0, 0.0, 0.003421972853229538, 0.0015707897696076722, 0.002165341037543289, 0.0, 0.0, 0.0, 0.0015707897696076722, 0.0, 0.0018937558904615903, 0.0
0.09288430213928223, 0.08396077156066895, 0.08335280418395996, 0.08279919624328613, 0.15033507347106934, 0.08360862731933594, 0.08278369903564453, 0.08211612701416016, 0.08449578285217285, 0.08333969116210938, 0.08200764656066895, 0.08199334144592285, 0.08120894432067871, 0.0820772647857666, 0.08127474784851074, 0.08104825019836426, 0.08533978462219238, 0.08164000511169434, 0.08146166801452637, 0.08020591735839844