{'Max_spout': 1.0, 'Spliters': 1.0, 'Counters': 9.0}, {'Max_spout': 1.0, 'Spliters': 1.0, 'Counters': 1.0}, {'Max_spout': 1.0, 'Spliters': 1.0, 'Counters': 9.0}, {'Max_spout': 1.0, 'Spliters': 1.0, 'Counters': 1.0}, {'Max_spout': 1.0, 'Spliters': 2.0, 'Counters': 15.0}, {'Max_spout': 1.0, 'Spliters': 1.0, 'Counters': 18.0}, {'Max_spout': 1.0, 'Spliters': 3.0, 'Counters': 18.0}, {'Max_spout': 1.0, 'Spliters': 1.0, 'Counters': 18.0}, {'Max_spout': 1.0, 'Spliters': 1.0, 'Counters': 9.0}, {'Max_spout': 1.0, 'Spliters': 1.0, 'Counters': 18.0}, {'Max_spout': 1.0, 'Spliters': 2.0, 'Counters': 3.0}, {'Max_spout': 1.0, 'Spliters': 1.0, 'Counters': 18.0}, {'Max_spout': 1.0, 'Spliters': 2.0, 'Counters': 6.0}, {'Max_spout': 1.0, 'Spliters': 1.0, 'Counters': 1.0}, {'Max_spout': 1.0, 'Spliters': 1.0, 'Counters': 18.0}, {'Max_spout': 1.0, 'Spliters': 2.0, 'Counters': 12.0}, {'Max_spout': 1.0, 'Spliters': 1.0, 'Counters': 6.0}, {'Max_spout': 1.0, 'Spliters': 2.0, 'Counters': 1.0}, {'Max_spout': 1.0, 'Spliters': 1.0, 'Counters': 9.0}, {'Max_spout': 1.0, 'Spliters': 2.0, 'Counters': 12.0}
0.0018937558904615903, 0.004807791117257265, 0.0018937558904615903, 0.004807791117257265, 0.005399406329548717, 0.0015707897696076722, 0.012992046225260068, 0.0015707897696076722, 0.0018937558904615903, 0.0015707897696076722, 0.006926155264494582, 0.0015707897696076722, 0.007622000452152555, 0.004807791117257265, 0.0015707897696076722, 0.006037998432146252, 0.003361783712524935, 0.003421972853229538, 0.0018937558904615903, 0.006037998432146252
0.02482151985168457, 0.018873929977416992, 0.01831507682800293, 0.017899274826049805, 0.017498493194580078, 0.017155885696411133, 0.01751875877380371, 0.017102956771850586, 0.017031431198120117, 0.01705646514892578, 0.016996383666992188, 0.016770601272583008, 0.016819477081298828, 0.01689767837524414, 0.016945838928222656, 0.01694321632385254, 0.016928672790527344, 0.017068862915039062, 0.017454862594604492, 0.017088890075683594