{'Max_spout': 1.0, 'Spliters': 1.0, 'Counters': 9.0}, {'Max_spout': 1.0, 'Spliters': 1.0, 'Counters': 1.0}, {'Max_spout': 1.0, 'Spliters': 1.0, 'Counters': 9.0}, {'Max_spout': 1.0, 'Spliters': 1.0, 'Counters': 1.0}, {'Max_spout': 1.0, 'Spliters': 2.0, 'Counters': 15.0}, {'Max_spout': 1.0, 'Spliters': 1.0, 'Counters': 18.0}, {'Max_spout': 1.0, 'Spliters': 3.0, 'Counters': 18.0}, {'Max_spout': 1.0, 'Spliters': 1.0, 'Counters': 18.0}, {'Max_spout': 1.0, 'Spliters': 1.0, 'Counters': 9.0}, {'Max_spout': 1.0, 'Spliters': 1.0, 'Counters': 18.0}, {'Max_spout': 1.0, 'Spliters': 2.0, 'Counters': 3.0}, {'Max_spout': 1.0, 'Spliters': 1.0, 'Counters': 18.0}, {'Max_spout': 1.0, 'Spliters': 2.0, 'Counters': 6.0}, {'Max_spout': 1.0, 'Spliters': 1.0, 'Counters': 1.0}, {'Max_spout': 1.0, 'Spliters': 1.0, 'Counters': 18.0}, {'Max_spout': 1.0, 'Spliters': 2.0, 'Counters': 12.0}, {'Max_spout': 1.0, 'Spliters': 1.0, 'Counters': 6.0}, {'Max_spout': 1.0, 'Spliters': 2.0, 'Counters': 1.0}, {'Max_spout': 1.0, 'Spliters': 1.0, 'Counters': 9.0}, {'Max_spout': 1.0, 'Spliters': 2.0, 'Counters': 12.0}
0.0018937558904615903, 0.004807791117257265, 0.0018937558904615903, 0.004807791117257265, 0.005399406329548717, 0.0015707897696076722, 0.012992046225260068, 0.0015707897696076722, 0.0018937558904615903, 0.0015707897696076722, 0.006926155264494582, 0.0015707897696076722, 0.007622000452152555, 0.004807791117257265, 0.0015707897696076722, 0.006037998432146252, 0.003361783712524935, 0.003421972853229538, 0.0018937558904615903, 0.006037998432146252
0.025517940521240234, 0.020115375518798828, 0.01985478401184082, 0.01985931396484375, 0.0195314884185791, 0.019470930099487305, 0.019107341766357422, 0.018274545669555664, 0.01878190040588379, 0.020383358001708984, 0.019097566604614258, 0.018764257431030273, 0.0192718505859375, 0.01866936683654785, 0.018891096115112305, 0.01890087127685547, 0.01852893829345703, 0.01904773712158203, 0.018758535385131836, 0.018466472625732422