{'Max_spout': 1.0, 'Spliters': 1.0, 'Counters': 9.0}, {'Max_spout': 1.0, 'Spliters': 1.0, 'Counters': 1.0}, {'Max_spout': 1.0, 'Spliters': 1.0, 'Counters': 9.0}, {'Max_spout': 10000.0, 'Spliters': 3.0, 'Counters': 1.0}, {'Max_spout': 1000.0, 'Spliters': 2.0, 'Counters': 1.0}, {'Max_spout': 1.0, 'Spliters': 1.0, 'Counters': 18.0}, {'Max_spout': 1.0, 'Spliters': 3.0, 'Counters': 18.0}, {'Max_spout': 1.0, 'Spliters': 1.0, 'Counters': 18.0}, {'Max_spout': 1.0, 'Spliters': 1.0, 'Counters': 15.0}, {'Max_spout': 1.0, 'Spliters': 2.0, 'Counters': 6.0}, {'Max_spout': 1.0, 'Spliters': 2.0, 'Counters': 3.0}, {'Max_spout': 1.0, 'Spliters': 1.0, 'Counters': 18.0}, {'Max_spout': 1.0, 'Spliters': 2.0, 'Counters': 6.0}, {'Max_spout': 1.0, 'Spliters': 1.0, 'Counters': 1.0}, {'Max_spout': 1.0, 'Spliters': 1.0, 'Counters': 18.0}, {'Max_spout': 1.0, 'Spliters': 2.0, 'Counters': 12.0}, {'Max_spout': 1.0, 'Spliters': 2.0, 'Counters': 9.0}, {'Max_spout': 1.0, 'Spliters': 2.0, 'Counters': 15.0}, {'Max_spout': 1.0, 'Spliters': 6.0, 'Counters': 6.0}, {'Max_spout': 10.0, 'Spliters': 2.0, 'Counters': 1.0}
0.0018937558904615903, 0.004807791117257265, 0.0018937558904615903, 0.07676904692697739, 0.0698663801076358, 0.0015707897696076722, 0.012992046225260068, 0.0015707897696076722, 0.002165341037543289, 0.007622000452152555, 0.006926155264494582, 0.0015707897696076722, 0.007622000452152555, 0.004807791117257265, 0.0015707897696076722, 0.006037998432146252, 0.007009832850352171, 0.005399406329548717, 0.013611553966170753, 0.06193168972938379
0.012688398361206055, 0.017748594284057617, 0.009741544723510742, 0.009420156478881836, 0.009065389633178711, 0.009108304977416992, 0.009578704833984375, 0.009122610092163086, 0.009145259857177734, 0.009310483932495117, 0.009099006652832031, 0.009433507919311523, 0.009239435195922852, 0.009103775024414062, 0.008845090866088867, 0.00956583023071289, 0.009073257446289062, 0.00880122184753418, 0.00960087776184082, 0.008991003036499023