{'Max_spout': 1.0, 'Spliters': 1.0, 'Counters': 9.0}, {'Max_spout': 1.0, 'Spliters': 1.0, 'Counters': 1.0}, {'Max_spout': 1.0, 'Spliters': 1.0, 'Counters': 9.0}, {'Max_spout': 10000.0, 'Spliters': 3.0, 'Counters': 1.0}, {'Max_spout': 100.0, 'Spliters': 2.0, 'Counters': 1.0}, {'Max_spout': 1.0, 'Spliters': 1.0, 'Counters': 18.0}, {'Max_spout': 1.0, 'Spliters': 3.0, 'Counters': 18.0}, {'Max_spout': 1.0, 'Spliters': 1.0, 'Counters': 18.0}, {'Max_spout': 1.0, 'Spliters': 1.0, 'Counters': 15.0}, {'Max_spout': 1.0, 'Spliters': 2.0, 'Counters': 6.0}, {'Max_spout': 1.0, 'Spliters': 2.0, 'Counters': 9.0}, {'Max_spout': 1.0, 'Spliters': 1.0, 'Counters': 18.0}, {'Max_spout': 1.0, 'Spliters': 2.0, 'Counters': 6.0}, {'Max_spout': 1.0, 'Spliters': 1.0, 'Counters': 1.0}, {'Max_spout': 1.0, 'Spliters': 1.0, 'Counters': 18.0}, {'Max_spout': 1.0, 'Spliters': 2.0, 'Counters': 12.0}, {'Max_spout': 1.0, 'Spliters': 2.0, 'Counters': 9.0}, {'Max_spout': 1.0, 'Spliters': 2.0, 'Counters': 15.0}, {'Max_spout': 1.0, 'Spliters': 6.0, 'Counters': 6.0}, {'Max_spout': 10.0, 'Spliters': 2.0, 'Counters': 1.0}
0.0012736252462314246, 0.0023531105074919845, 0.0012736252462314246, 0.06990210993344015, 0.06182354348986707, 0.001956462434749673, 0.010219127139933115, 0.001956462434749673, 0.0, 0.002341395163571347, 0.003837611944295216, 0.001956462434749673, 0.002341395163571347, 0.0023531105074919845, 0.001956462434749673, 0.004038446411506524, 0.003837611944295216, 0.003507908693956674, 0.012276006808288442, 0.048416169182955215
0.012404918670654297, 0.015589237213134766, 0.01051473617553711, 0.010864734649658203, 0.010911226272583008, 0.011237621307373047, 0.01030874252319336, 0.010176658630371094, 0.010143041610717773, 0.010173559188842773, 0.010120391845703125, 0.009943246841430664, 0.010030031204223633, 0.010336875915527344, 0.010056257247924805, 0.010210514068603516, 0.009964704513549805, 0.010031938552856445, 0.010106563568115234, 0.010043621063232422