{'Max_spout': 1.0, 'Spliters': 1.0, 'Counters': 9.0}, {'Max_spout': 1.0, 'Spliters': 1.0, 'Counters': 1.0}, {'Max_spout': 1.0, 'Spliters': 1.0, 'Counters': 9.0}, {'Max_spout': 1000000.0, 'Spliters': 6.0, 'Counters': 3.0}, {'Max_spout': 100.0, 'Spliters': 2.0, 'Counters': 1.0}, {'Max_spout': 1.0, 'Spliters': 1.0, 'Counters': 18.0}, {'Max_spout': 10000.0, 'Spliters': 3.0, 'Counters': 1.0}, {'Max_spout': 1.0, 'Spliters': 6.0, 'Counters': 12.0}, {'Max_spout': 100000.0, 'Spliters': 1.0, 'Counters': 1.0}, {'Max_spout': 1.0, 'Spliters': 2.0, 'Counters': 6.0}, {'Max_spout': 1.0, 'Spliters': 2.0, 'Counters': 9.0}, {'Max_spout': 1.0, 'Spliters': 1.0, 'Counters': 18.0}, {'Max_spout': 10.0, 'Spliters': 3.0, 'Counters': 1.0}, {'Max_spout': 1.0, 'Spliters': 1.0, 'Counters': 1.0}, {'Max_spout': 1.0, 'Spliters': 1.0, 'Counters': 1.0}, {'Max_spout': 1.0, 'Spliters': 2.0, 'Counters': 12.0}, {'Max_spout': 1.0, 'Spliters': 2.0, 'Counters': 9.0}, {'Max_spout': 1.0, 'Spliters': 2.0, 'Counters': 15.0}, {'Max_spout': 1.0, 'Spliters': 6.0, 'Counters': 6.0}, {'Max_spout': 100.0, 'Spliters': 1.0, 'Counters': 1.0}
0.0012736252462314246, 0.0023531105074919845, 0.0012736252462314246, 0.2706863685279002, 0.06182354348986707, 0.001956462434749673, 0.06990210993344015, 0.010963888289174828, 0.057947438272689666, 0.002341395163571347, 0.003837611944295216, 0.001956462434749673, 0.05419350735639916, 0.0023531105074919845, 0.0023531105074919845, 0.004038446411506524, 0.003837611944295216, 0.003507908693956674, 0.012276006808288442, 0.07726771401841315
0.007729768753051758, 0.005952596664428711, 0.009989023208618164, 0.006026268005371094, 0.005949735641479492, 0.006003379821777344, 0.006029367446899414, 0.005992889404296875, 0.006036996841430664, 0.005979299545288086, 0.00597381591796875, 0.005953073501586914, 0.006032228469848633, 0.005994558334350586, 0.005954742431640625, 0.0059888362884521484, 0.006032228469848633, 0.005959272384643555, 0.005989551544189453, 0.005975961685180664