{'Max_spout': 1.0, 'Spliters': 1.0, 'Counters': 9.0}, {'Max_spout': 1.0, 'Spliters': 1.0, 'Counters': 1.0}, {'Max_spout': 1.0, 'Spliters': 1.0, 'Counters': 9.0}, {'Max_spout': 1.0, 'Spliters': 1.0, 'Counters': 1.0}, {'Max_spout': 1.0, 'Spliters': 2.0, 'Counters': 15.0}, {'Max_spout': 1.0, 'Spliters': 2.0, 'Counters': 1.0}, {'Max_spout': 1.0, 'Spliters': 3.0, 'Counters': 18.0}, {'Max_spout': 1.0, 'Spliters': 1.0, 'Counters': 18.0}, {'Max_spout': 1.0, 'Spliters': 1.0, 'Counters': 15.0}, {'Max_spout': 1.0, 'Spliters': 1.0, 'Counters': 18.0}, {'Max_spout': 1.0, 'Spliters': 2.0, 'Counters': 9.0}, {'Max_spout': 1.0, 'Spliters': 1.0, 'Counters': 18.0}, {'Max_spout': 1.0, 'Spliters': 2.0, 'Counters': 6.0}, {'Max_spout': 1.0, 'Spliters': 1.0, 'Counters': 1.0}, {'Max_spout': 1.0, 'Spliters': 2.0, 'Counters': 1.0}, {'Max_spout': 1.0, 'Spliters': 2.0, 'Counters': 12.0}, {'Max_spout': 1.0, 'Spliters': 1.0, 'Counters': 6.0}, {'Max_spout': 1.0, 'Spliters': 2.0, 'Counters': 1.0}, {'Max_spout': 1.0, 'Spliters': 1.0, 'Counters': 9.0}, {'Max_spout': 1.0, 'Spliters': 2.0, 'Counters': 12.0}
0.0012736252462314246, 0.0023531105074919845, 0.0012736252462314246, 0.0023531105074919845, 0.003507908693956674, 0.0019045801973868182, 0.010219127139933115, 0.001956462434749673, 0.0, 0.001956462434749673, 0.003837611944295216, 0.001956462434749673, 0.002341395163571347, 0.0023531105074919845, 0.0019045801973868182, 0.004038446411506524, 0.0032401294043417073, 0.0019045801973868182, 0.0012736252462314246, 0.004038446411506524
0.029347658157348633, 0.025020122528076172, 0.02546977996826172, 0.024470806121826172, 0.024372339248657227, 0.024732589721679688, 0.025722265243530273, 0.024668216705322266, 0.024423599243164062, 0.024729490280151367, 0.02505779266357422, 0.02441716194152832, 0.0243380069732666, 0.024779558181762695, 0.025044918060302734, 0.024576902389526367, 0.02434515953063965, 0.024533510208129883, 0.025213241577148438, 0.0248258113861084