{'Max_spout': 1.0, 'Spliters': 1.0, 'Counters': 15.0}, {'Max_spout': 1.0, 'Spliters': 1.0, 'Counters': 1.0}, {'Max_spout': 1.0, 'Spliters': 1.0, 'Counters': 15.0}, {'Max_spout': 1.0, 'Spliters': 1.0, 'Counters': 12.0}, {'Max_spout': 1.0, 'Spliters': 1.0, 'Counters': 15.0}, {'Max_spout': 1.0, 'Spliters': 1.0, 'Counters': 15.0}, {'Max_spout': 1.0, 'Spliters': 1.0, 'Counters': 9.0}, {'Max_spout': 1.0, 'Spliters': 1.0, 'Counters': 12.0}, {'Max_spout': 1.0, 'Spliters': 1.0, 'Counters': 15.0}, {'Max_spout': 1.0, 'Spliters': 1.0, 'Counters': 15.0}, {'Max_spout': 1.0, 'Spliters': 1.0, 'Counters': 3.0}, {'Max_spout': 1.0, 'Spliters': 2.0, 'Counters': 1.0}, {'Max_spout': 1.0, 'Spliters': 1.0, 'Counters': 15.0}, {'Max_spout': 1.0, 'Spliters': 1.0, 'Counters': 12.0}, {'Max_spout': 1.0, 'Spliters': 1.0, 'Counters': 15.0}, {'Max_spout': 1.0, 'Spliters': 1.0, 'Counters': 15.0}, {'Max_spout': 1.0, 'Spliters': 2.0, 'Counters': 1.0}, {'Max_spout': 1.0, 'Spliters': 1.0, 'Counters': 15.0}, {'Max_spout': 1.0, 'Spliters': 1.0, 'Counters': 9.0}, {'Max_spout': 1.0, 'Spliters': 1.0, 'Counters': 12.0}
0.0, 0.0023531105074919845, 0.0, 0.0008150532127657595, 0.0, 0.0, 0.0012736252462314246, 0.0008150532127657595, 0.0, 0.0, 0.0019296845057882317, 0.0019045801973868182, 0.0, 0.0008150532127657595, 0.0, 0.0, 0.0019045801973868182, 0.0, 0.0012736252462314246, 0.0008150532127657595
0.08940649032592773, 0.08430242538452148, 0.08588242530822754, 0.08225250244140625, 0.1926112174987793, 0.08146452903747559, 0.08177638053894043, 0.08122444152832031, 0.08117914199829102, 0.08157181739807129, 0.08197617530822754, 0.08031249046325684, 0.07984709739685059, 0.08061337471008301, 0.08007287979125977, 0.07972121238708496, 0.07926559448242188, 0.08398127555847168, 0.08105254173278809, 0.0792851448059082