{'Max_spout': 1.0, 'Spliters': 1.0, 'Counters': 9.0}, {'Max_spout': 1.0, 'Spliters': 1.0, 'Counters': 1.0}, {'Max_spout': 1.0, 'Spliters': 1.0, 'Counters': 9.0}, {'Max_spout': 1000000.0, 'Spliters': 6.0, 'Counters': 3.0}, {'Max_spout': 1000.0, 'Spliters': 2.0, 'Counters': 1.0}, {'Max_spout': 1.0, 'Spliters': 1.0, 'Counters': 18.0}, {'Max_spout': 10000.0, 'Spliters': 3.0, 'Counters': 1.0}, {'Max_spout': 1.0, 'Spliters': 6.0, 'Counters': 12.0}, {'Max_spout': 100000.0, 'Spliters': 1.0, 'Counters': 1.0}, {'Max_spout': 1.0, 'Spliters': 2.0, 'Counters': 6.0}, {'Max_spout': 1.0, 'Spliters': 2.0, 'Counters': 9.0}, {'Max_spout': 1.0, 'Spliters': 1.0, 'Counters': 18.0}, {'Max_spout': 10.0, 'Spliters': 3.0, 'Counters': 1.0}, {'Max_spout': 1.0, 'Spliters': 1.0, 'Counters': 1.0}, {'Max_spout': 1.0, 'Spliters': 1.0, 'Counters': 6.0}, {'Max_spout': 1.0, 'Spliters': 2.0, 'Counters': 12.0}, {'Max_spout': 1.0, 'Spliters': 2.0, 'Counters': 9.0}, {'Max_spout': 1.0, 'Spliters': 2.0, 'Counters': 15.0}, {'Max_spout': 1.0, 'Spliters': 6.0, 'Counters': 6.0}, {'Max_spout': 100.0, 'Spliters': 1.0, 'Counters': 1.0}
0.003115159039619231, 0.004705878549212117, 0.003115159039619231, 0.2723589853020103, 0.07602151997775575, 0.0, 0.07628502331115383, 0.014659191578239472, 0.05673727909367787, 0.007426590881168038, 0.006553635052732987, 0.0, 0.06878891928068442, 0.004705878549212117, 0.0020255808389428864, 0.005236118385743005, 0.006553635052732987, 0.005286232516634626, 0.014272827794913567, 0.07350611392396877
0.007892608642578125, 0.005346536636352539, 0.00849461555480957, 0.005623579025268555, 0.005311012268066406, 0.005354881286621094, 0.005356788635253906, 0.005334377288818359, 0.005381584167480469, 0.005361318588256836, 0.005331993103027344, 0.005445957183837891, 0.0053675174713134766, 0.005349636077880859, 0.00535893440246582, 0.005333662033081055, 0.00539088249206543, 0.005322694778442383, 0.005325794219970703, 0.005320072174072266