{'Max_spout': 1.0, 'Spliters': 1.0, 'Counters': 9.0}, {'Max_spout': 1.0, 'Spliters': 1.0, 'Counters': 1.0}, {'Max_spout': 1.0, 'Spliters': 1.0, 'Counters': 9.0}, {'Max_spout': 10000.0, 'Spliters': 3.0, 'Counters': 1.0}, {'Max_spout': 1000.0, 'Spliters': 2.0, 'Counters': 1.0}, {'Max_spout': 1.0, 'Spliters': 1.0, 'Counters': 18.0}, {'Max_spout': 1.0, 'Spliters': 3.0, 'Counters': 18.0}, {'Max_spout': 1.0, 'Spliters': 1.0, 'Counters': 18.0}, {'Max_spout': 1.0, 'Spliters': 1.0, 'Counters': 15.0}, {'Max_spout': 1.0, 'Spliters': 2.0, 'Counters': 6.0}, {'Max_spout': 1.0, 'Spliters': 2.0, 'Counters': 3.0}, {'Max_spout': 1.0, 'Spliters': 1.0, 'Counters': 18.0}, {'Max_spout': 1.0, 'Spliters': 2.0, 'Counters': 6.0}, {'Max_spout': 1.0, 'Spliters': 1.0, 'Counters': 1.0}, {'Max_spout': 1.0, 'Spliters': 1.0, 'Counters': 18.0}, {'Max_spout': 1.0, 'Spliters': 2.0, 'Counters': 12.0}, {'Max_spout': 1.0, 'Spliters': 2.0, 'Counters': 9.0}, {'Max_spout': 1.0, 'Spliters': 2.0, 'Counters': 12.0}, {'Max_spout': 1.0, 'Spliters': 6.0, 'Counters': 6.0}, {'Max_spout': 10.0, 'Spliters': 2.0, 'Counters': 1.0}
0.003115159039619231, 0.004705878549212117, 0.003115159039619231, 0.07628502331115383, 0.07602151997775575, 0.0, 0.015921744359735368, 0.0, 0.0037165286103190143, 0.007426590881168038, 0.0061333229871901596, 0.0, 0.007426590881168038, 0.004705878549212117, 0.0, 0.005236118385743005, 0.006553635052732987, 0.005236118385743005, 0.014272827794913567, 0.04917651166850956
0.014747142791748047, 0.015339136123657227, 0.010161876678466797, 0.009964466094970703, 0.009633302688598633, 0.009646415710449219, 0.009532690048217773, 0.009438514709472656, 0.009369850158691406, 0.009305715560913086, 0.009168863296508789, 0.008972883224487305, 0.008993148803710938, 0.009031057357788086, 0.009014606475830078, 0.009000539779663086, 0.008925676345825195, 0.008993148803710938, 0.009050846099853516, 0.00901484489440918