{'Max_spout': 1.0, 'Spliters': 1.0, 'Counters': 9.0}, {'Max_spout': 1.0, 'Spliters': 1.0, 'Counters': 1.0}, {'Max_spout': 1.0, 'Spliters': 1.0, 'Counters': 9.0}, {'Max_spout': 1000000.0, 'Spliters': 6.0, 'Counters': 3.0}, {'Max_spout': 1000.0, 'Spliters': 2.0, 'Counters': 1.0}, {'Max_spout': 1.0, 'Spliters': 1.0, 'Counters': 18.0}, {'Max_spout': 10000.0, 'Spliters': 3.0, 'Counters': 1.0}, {'Max_spout': 1.0, 'Spliters': 6.0, 'Counters': 12.0}, {'Max_spout': 100000.0, 'Spliters': 1.0, 'Counters': 1.0}, {'Max_spout': 1.0, 'Spliters': 2.0, 'Counters': 6.0}, {'Max_spout': 1.0, 'Spliters': 2.0, 'Counters': 9.0}, {'Max_spout': 1.0, 'Spliters': 1.0, 'Counters': 18.0}, {'Max_spout': 10.0, 'Spliters': 3.0, 'Counters': 1.0}, {'Max_spout': 1.0, 'Spliters': 1.0, 'Counters': 1.0}, {'Max_spout': 1.0, 'Spliters': 1.0, 'Counters': 6.0}, {'Max_spout': 1.0, 'Spliters': 2.0, 'Counters': 12.0}, {'Max_spout': 1.0, 'Spliters': 2.0, 'Counters': 9.0}, {'Max_spout': 1.0, 'Spliters': 2.0, 'Counters': 15.0}, {'Max_spout': 1.0, 'Spliters': 6.0, 'Counters': 6.0}, {'Max_spout': 100.0, 'Spliters': 1.0, 'Counters': 1.0}
0.003115159039619231, 0.004705878549212117, 0.003115159039619231, 0.2723589853020103, 0.07602151997775575, 0.0, 0.07628502331115383, 0.014659191578239472, 0.05673727909367787, 0.007426590881168038, 0.006553635052732987, 0.0, 0.06878891928068442, 0.004705878549212117, 0.0020255808389428864, 0.005236118385743005, 0.006553635052732987, 0.005286232516634626, 0.014272827794913567, 0.07350611392396877
0.006648063659667969, 0.00455784797668457, 0.007710456848144531, 0.004507541656494141, 0.004462480545043945, 0.0046117305755615234, 0.00466465950012207, 0.004564523696899414, 0.004540205001831055, 0.004617214202880859, 0.0045430660247802734, 0.004523754119873047, 0.004517316818237305, 0.00452876091003418, 0.004583120346069336, 0.004584550857543945, 0.004599571228027344, 0.004541635513305664, 0.004568338394165039, 0.004552364349365234