{'Max_spout': 1.0, 'Spliters': 1.0, 'Counters': 9.0}, {'Max_spout': 1.0, 'Spliters': 1.0, 'Counters': 1.0}, {'Max_spout': 1.0, 'Spliters': 1.0, 'Counters': 9.0}, {'Max_spout': 1.0, 'Spliters': 1.0, 'Counters': 1.0}, {'Max_spout': 1.0, 'Spliters': 2.0, 'Counters': 15.0}, {'Max_spout': 1.0, 'Spliters': 1.0, 'Counters': 18.0}, {'Max_spout': 1.0, 'Spliters': 3.0, 'Counters': 18.0}, {'Max_spout': 1.0, 'Spliters': 1.0, 'Counters': 18.0}, {'Max_spout': 1.0, 'Spliters': 1.0, 'Counters': 9.0}, {'Max_spout': 1.0, 'Spliters': 1.0, 'Counters': 18.0}, {'Max_spout': 1.0, 'Spliters': 2.0, 'Counters': 3.0}, {'Max_spout': 1.0, 'Spliters': 1.0, 'Counters': 18.0}, {'Max_spout': 1.0, 'Spliters': 2.0, 'Counters': 6.0}, {'Max_spout': 1.0, 'Spliters': 1.0, 'Counters': 1.0}, {'Max_spout': 1.0, 'Spliters': 1.0, 'Counters': 18.0}, {'Max_spout': 1.0, 'Spliters': 2.0, 'Counters': 12.0}, {'Max_spout': 1.0, 'Spliters': 1.0, 'Counters': 6.0}, {'Max_spout': 1.0, 'Spliters': 1.0, 'Counters': 1.0}, {'Max_spout': 1.0, 'Spliters': 1.0, 'Counters': 9.0}, {'Max_spout': 1.0, 'Spliters': 2.0, 'Counters': 12.0}
0.9968848409603808, 0.9952941214507879, 0.9968848409603808, 0.9952941214507879, 0.9947137674833654, 1.0, 0.9840782556402646, 1.0, 0.9968848409603808, 1.0, 0.9938666770128098, 1.0, 0.992573409118832, 0.9952941214507879, 1.0, 0.994763881614257, 0.9979744191610571, 0.9952941214507879, 0.9968848409603808, 0.994763881614257
0.029989957809448242, 0.025032520294189453, 0.027840137481689453, 0.027452468872070312, 0.02749490737915039, 0.0290529727935791, 0.027636289596557617, 0.02775263786315918, 0.027666091918945312, 0.0275726318359375, 0.027379274368286133, 0.027139902114868164, 0.027429819107055664, 0.02747511863708496, 0.02749347686767578, 0.02730393409729004, 0.027578115463256836, 0.027323007583618164, 0.02763819694519043, 0.02867412567138672