{'Max_spout': 1.0, 'Spliters': 1.0, 'Counters': 9.0}, {'Max_spout': 1.0, 'Spliters': 1.0, 'Counters': 1.0}, {'Max_spout': 1.0, 'Spliters': 1.0, 'Counters': 9.0}, {'Max_spout': 1000000.0, 'Spliters': 6.0, 'Counters': 3.0}, {'Max_spout': 1000.0, 'Spliters': 2.0, 'Counters': 1.0}, {'Max_spout': 1.0, 'Spliters': 1.0, 'Counters': 18.0}, {'Max_spout': 10000.0, 'Spliters': 3.0, 'Counters': 1.0}, {'Max_spout': 1.0, 'Spliters': 6.0, 'Counters': 12.0}, {'Max_spout': 100000.0, 'Spliters': 1.0, 'Counters': 1.0}, {'Max_spout': 1.0, 'Spliters': 2.0, 'Counters': 6.0}, {'Max_spout': 1.0, 'Spliters': 2.0, 'Counters': 9.0}, {'Max_spout': 1.0, 'Spliters': 1.0, 'Counters': 18.0}, {'Max_spout': 10.0, 'Spliters': 3.0, 'Counters': 1.0}, {'Max_spout': 1.0, 'Spliters': 1.0, 'Counters': 1.0}, {'Max_spout': 1.0, 'Spliters': 1.0, 'Counters': 6.0}, {'Max_spout': 1.0, 'Spliters': 2.0, 'Counters': 12.0}, {'Max_spout': 1.0, 'Spliters': 2.0, 'Counters': 9.0}, {'Max_spout': 1.0, 'Spliters': 2.0, 'Counters': 15.0}, {'Max_spout': 1.0, 'Spliters': 6.0, 'Counters': 6.0}, {'Max_spout': 100.0, 'Spliters': 1.0, 'Counters': 1.0}
0.9968848409603808, 0.9952941214507879, 0.9968848409603808, 0.7276410146979897, 0.9239784800222443, 1.0, 0.9237149766888462, 0.9853408084217605, 0.9432627209063221, 0.992573409118832, 0.993446364947267, 1.0, 0.9312110807193156, 0.9952941214507879, 0.9979744191610571, 0.994763881614257, 0.993446364947267, 0.9947137674833654, 0.9857271722050864, 0.9264938860760312
0.007141590118408203, 0.005239963531494141, 0.00993657112121582, 0.005401611328125, 0.005658864974975586, 0.005269289016723633, 0.0052492618560791016, 0.00479888916015625, 0.004929780960083008, 0.004781961441040039, 0.005438566207885742, 0.005450725555419922, 0.005005836486816406, 0.00515294075012207, 0.004992246627807617, 0.004634857177734375, 0.0051991939544677734, 0.004924297332763672, 0.005037546157836914, 0.004628181457519531