{'Max_spout': 1.0, 'Spliters': 1.0, 'Counters': 18.0}, {'Max_spout': 1.0, 'Spliters': 1.0, 'Counters': 18.0}, {'Max_spout': 1.0, 'Spliters': 1.0, 'Counters': 18.0}, {'Max_spout': 1.0, 'Spliters': 1.0, 'Counters': 18.0}, {'Max_spout': 1.0, 'Spliters': 1.0, 'Counters': 18.0}, {'Max_spout': 1.0, 'Spliters': 1.0, 'Counters': 18.0}, {'Max_spout': 1.0, 'Spliters': 1.0, 'Counters': 9.0}, {'Max_spout': 1.0, 'Spliters': 1.0, 'Counters': 18.0}, {'Max_spout': 1.0, 'Spliters': 1.0, 'Counters': 12.0}, {'Max_spout': 1.0, 'Spliters': 1.0, 'Counters': 18.0}, {'Max_spout': 1.0, 'Spliters': 1.0, 'Counters': 12.0}, {'Max_spout': 1.0, 'Spliters': 1.0, 'Counters': 18.0}, {'Max_spout': 1.0, 'Spliters': 1.0, 'Counters': 6.0}, {'Max_spout': 1.0, 'Spliters': 1.0, 'Counters': 12.0}, {'Max_spout': 1.0, 'Spliters': 1.0, 'Counters': 18.0}, {'Max_spout': 1.0, 'Spliters': 1.0, 'Counters': 12.0}, {'Max_spout': 1.0, 'Spliters': 1.0, 'Counters': 18.0}, {'Max_spout': 1.0, 'Spliters': 1.0, 'Counters': 18.0}, {'Max_spout': 1.0, 'Spliters': 1.0, 'Counters': 18.0}, {'Max_spout': 1.0, 'Spliters': 1.0, 'Counters': 12.0}
0.0, 0.0, 0.0, 0.0, 0.0, 0.0, 0.003115159039619231, 0.0, 0.0008018260942662669, 0.0, 0.0008018260942662669, 0.0, 0.0020255808389428864, 0.0008018260942662669, 0.0, 0.0008018260942662669, 0.0, 0.0, 0.0, 0.0008018260942662669
0.18102359771728516, 0.17461347579956055, 0.22738265991210938, 0.17371368408203125, 0.1736302375793457, 0.17104005813598633, 0.175339937210083, 0.16967391967773438, 0.17174005508422852, 0.16900873184204102, 0.16791963577270508, 0.1695089340209961, 0.2327122688293457, 0.16958308219909668, 0.16824817657470703, 0.1683516502380371, 0.16878223419189453, 0.16922807693481445, 0.16933465003967285, 0.16750073432922363