{'Max_spout': 1.0, 'Spliters': 1.0, 'Counters': 6.0}, {'Max_spout': 1.0, 'Spliters': 1.0, 'Counters': 1.0}, {'Max_spout': 1.0, 'Spliters': 1.0, 'Counters': 9.0}, {'Max_spout': 1.0, 'Spliters': 1.0, 'Counters': 18.0}, {'Max_spout': 1.0, 'Spliters': 1.0, 'Counters': 18.0}, {'Max_spout': 1.0, 'Spliters': 1.0, 'Counters': 18.0}, {'Max_spout': 1.0, 'Spliters': 1.0, 'Counters': 9.0}, {'Max_spout': 1.0, 'Spliters': 1.0, 'Counters': 18.0}, {'Max_spout': 1.0, 'Spliters': 1.0, 'Counters': 9.0}, {'Max_spout': 1.0, 'Spliters': 1.0, 'Counters': 18.0}, {'Max_spout': 1.0, 'Spliters': 1.0, 'Counters': 3.0}, {'Max_spout': 1.0, 'Spliters': 1.0, 'Counters': 18.0}, {'Max_spout': 1.0, 'Spliters': 1.0, 'Counters': 15.0}, {'Max_spout': 1.0, 'Spliters': 1.0, 'Counters': 12.0}, {'Max_spout': 1.0, 'Spliters': 1.0, 'Counters': 18.0}, {'Max_spout': 1.0, 'Spliters': 1.0, 'Counters': 12.0}, {'Max_spout': 1.0, 'Spliters': 1.0, 'Counters': 18.0}, {'Max_spout': 1.0, 'Spliters': 1.0, 'Counters': 12.0}, {'Max_spout': 1.0, 'Spliters': 1.0, 'Counters': 9.0}, {'Max_spout': 1.0, 'Spliters': 1.0, 'Counters': 12.0}
0.0020255808389428864, 0.004705878549212117, 0.003115159039619231, 0.0, 0.0, 0.0, 0.003115159039619231, 0.0, 0.003115159039619231, 0.0, 0.003166889755378377, 0.0, 0.0037165286103190143, 0.0008018260942662669, 0.0, 0.0008018260942662669, 0.0, 0.0008018260942662669, 0.003115159039619231, 0.0008018260942662669
0.09169411659240723, 0.08373880386352539, 0.08325386047363281, 0.08314013481140137, 0.13597774505615234, 0.08408975601196289, 0.08306431770324707, 0.08224344253540039, 0.0822603702545166, 0.08266663551330566, 0.08160758018493652, 0.08573555946350098, 0.08131837844848633, 0.08141851425170898, 0.08125758171081543, 0.08126950263977051, 0.0804753303527832, 0.08104348182678223, 0.081390380859375, 0.08025217056274414