{
  "stats": {
    "submitted": 1,
    "finished": 1,
    "running": 0
  },
  "data": [
    [
      1,
      null,
      327741615,
      null,
      [
        0.9763337722486912,
        0.8176754201188972,
        0.9892487640655014,
        0.5
      ],
      0.008019447326660156,
      1,
      1763053602.6106637,
      1763053602.9442115,
      {}
    ]
  ],
  "configs": {
    "1": {
      " ACAP": 4.47,
      " AEXP": 4.795,
      " CPLx": 3.394,
      " DOCU": 2.303,
      " ETAT": 4.31,
      " FLEx": 1.5,
      " KLOC": 63.75,
      " LTEx": 3.502,
      " PCAP": 4.311,
      " PCON": 3.525,
      " PLEx": 2.732,
      " PMAT": 2.588,
      " PREC": 3.049,
      " PVOL": 4.178,
      " RELY": 1.03,
      " RESL": 1.399,
      " RUSE": 4.092,
      " SCED": 3.0,
      " SITE": 3.884,
      " STOR": 3.528,
      " TEAM": 4.539,
      " TIME": 3.034,
      " TOOL": 2.0,
      "DATA": 3.627
    }
  },
  "config_origins": {
    "1": "Initial Design: Sobol"
  }
}