{
  "incumbent_ids": [
    12
  ],
  "rejected_config_ids": [
    2,
    3,
    1,
    5,
    4,
    7,
    8,
    9,
    10,
    11,
    6,
    13,
    14,
    15,
    16,
    17,
    18,
    19,
    20,
    21,
    22,
    23,
    24,
    25,
    26,
    27,
    28,
    29
  ],
  "incumbents_changed": 4,
  "trajectory": [
    {
      "config_ids": [
        1
      ],
      "costs": [
        0.28038583836166997
      ],
      "trial": 1,
      "walltime": 0.016222238540649414
    },
    {
      "config_ids": [
        4
      ],
      "costs": [
        0.23417575518979283
      ],
      "trial": 4,
      "walltime": 0.06064152717590332
    },
    {
      "config_ids": [
        6
      ],
      "costs": [
        0.08730467328447655
      ],
      "trial": 6,
      "walltime": 0.08637619018554688
    },
    {
      "config_ids": [
        12
      ],
      "costs": [
        0.07336248167695492
      ],
      "trial": 12,
      "walltime": 0.19129204750061035
    }
  ],
  "state": {
    "queue": []
  }
}