{
  "incumbent_ids": [
    11
  ],
  "rejected_config_ids": [
    2,
    3,
    4,
    5,
    6,
    7,
    1,
    9,
    10,
    8,
    12
  ],
  "incumbents_changed": 3,
  "trajectory": [
    {
      "config_ids": [
        1
      ],
      "costs": [
        0.4015474785431107
      ],
      "trial": 1,
      "walltime": 0.01309514045715332
    },
    {
      "config_ids": [
        8
      ],
      "costs": [
        0.380576109886156
      ],
      "trial": 8,
      "walltime": 1.484619379043579
    },
    {
      "config_ids": [
        11
      ],
      "costs": [
        0.2602945792893654
      ],
      "trial": 11,
      "walltime": 1.5165958404541016
    }
  ],
  "state": {
    "queue": [
      [
        12,
        1
      ]
    ]
  }
}