{"config": {"Criticality": 0.0926955789090584, "Criticality Modifier": 0.1645508195356518, "Culture": 0.5099845657609479, "Dynamism": 0.0014173334998465, "Initial Known": 0.6548519423369804, "Inter-Dependency": 0.6863928388537286, "Plan": 0.8325212675515182, "Size": 0.3271303656418494, "Team Size": 0.7073653583411855}, "score": 0.0626043344058278, "info": {}}