{
  "incumbent_ids": [
    4
  ],
  "rejected_config_ids": [
    2,
    3,
    1,
    5
  ],
  "incumbents_changed": 2,
  "trajectory": [
    {
      "config_ids": [
        1
      ],
      "costs": [
        0.4943642399681015
      ],
      "trial": 1,
      "walltime": 14.74285340309143
    },
    {
      "config_ids": [
        4
      ],
      "costs": [
        0.40507076577409473
      ],
      "trial": 4,
      "walltime": 58.41139817237854
    }
  ],
  "state": {
    "queue": []
  }
}