{
  "incumbent_ids": [
    18
  ],
  "rejected_config_ids": [
    2,
    3,
    1,
    5,
    6,
    4,
    8,
    9,
    10,
    11,
    12,
    13,
    14,
    15,
    16,
    17,
    7
  ],
  "incumbents_changed": 4,
  "trajectory": [
    {
      "config_ids": [
        1
      ],
      "costs": [
        0.31161863331737427
      ],
      "trial": 1,
      "walltime": 0.010265827178955078
    },
    {
      "config_ids": [
        4
      ],
      "costs": [
        0.22199428172602054
      ],
      "trial": 4,
      "walltime": 1.6636378765106201
    },
    {
      "config_ids": [
        7
      ],
      "costs": [
        0.1926291703372458
      ],
      "trial": 7,
      "walltime": 1.6886065006256104
    },
    {
      "config_ids": [
        18
      ],
      "costs": [
        0.14877030815926817
      ],
      "trial": 18,
      "walltime": 4.937793493270874
    }
  ],
  "state": {
    "queue": [
      [
        18,
        1
      ]
    ]
  }
}