{
  "incumbent_ids": [
    8
  ],
  "rejected_config_ids": [
    2,
    3,
    1,
    5,
    6,
    7,
    4,
    9,
    10,
    11,
    12
  ],
  "incumbents_changed": 3,
  "trajectory": [
    {
      "config_ids": [
        1
      ],
      "costs": [
        0.5663160613450335
      ],
      "trial": 1,
      "walltime": 0.015014410018920898
    },
    {
      "config_ids": [
        4
      ],
      "costs": [
        0.5456433253022921
      ],
      "trial": 4,
      "walltime": 3.6539535522460938
    },
    {
      "config_ids": [
        8
      ],
      "costs": [
        0.5332761807722322
      ],
      "trial": 8,
      "walltime": 4.078395128250122
    }
  ],
  "state": {
    "queue": [
      [
        12,
        1
      ]
    ]
  }
}