{
  "incumbent_ids": [
    4
  ],
  "rejected_config_ids": [
    2,
    3,
    1,
    5,
    6,
    7,
    8,
    9,
    10,
    11,
    12,
    13,
    14,
    15,
    16,
    17,
    18,
    19,
    20,
    21,
    22,
    23,
    24
  ],
  "incumbents_changed": 2,
  "trajectory": [
    {
      "config_ids": [
        1
      ],
      "costs": [
        0.1349701496760729
      ],
      "trial": 1,
      "walltime": 0.014355659484863281
    },
    {
      "config_ids": [
        4
      ],
      "costs": [
        0.11519730086111923
      ],
      "trial": 4,
      "walltime": 2.7967939376831055
    }
  ],
  "state": {
    "queue": [
      [
        24,
        1
      ]
    ]
  }
}