{"config": {"Criticality": 0.5826841154875513, "Criticality Modifier": 0.2656923320442468, "Culture": 0.1948625659603821, "Dynamism": 0.6002630817423744, "Initial Known": 0.5632169708082724, "Inter-Dependency": 0.6386800711761388, "Plan": 0.5424302391860093, "Size": 0.1490659676433605, "Team Size": 0.9405893840853996}, "score": 0.23662202034760815, "info": {}}