{
  "stats": {
    "submitted": 22,
    "finished": 22,
    "running": 0
  },
  "data": [
    [
      1,
      null,
      218175338,
      null,
      0.41821186046824166,
      0.04520416259765625,
      1,
      1763050755.5525117,
      1763050755.5988805,
      {}
    ],
    [
      2,
      null,
      218175338,
      null,
      0.45112191811043734,
      0.04129934310913086,
      1,
      1763050755.6048853,
      1763050755.6471882,
      {}
    ],
    [
      3,
      null,
      218175338,
      null,
      0.7046263151671761,
      0.0543367862701416,
      1,
      1763050756.7157197,
      1763050756.7712197,
      {}
    ],
    [
      4,
      null,
      218175338,
      null,
      0.47835452846938886,
      0.05404806137084961,
      1,
      1763050756.7747257,
      1763050756.8297696,
      {}
    ],
    [
      5,
      null,
      218175338,
      null,
      0.42572488935337316,
      0.05102133750915527,
      1,
      1763050756.8329675,
      1763050756.884993,
      {}
    ],
    [
      6,
      null,
      218175338,
      null,
      0.5345546302910422,
      0.04976153373718262,
      1,
      1763050756.890107,
      1763050756.9409647,
      {}
    ],
    [
      7,
      null,
      218175338,
      null,
      0.597939059093988,
      0.045929670333862305,
      1,
      1763050756.9466817,
      1763050756.993657,
      {}
    ],
    [
      8,
      null,
      218175338,
      null,
      0.5377809488779259,
      0.047107696533203125,
      1,
      1763050756.999058,
      1763050757.047254,
      {}
    ],
    [
      9,
      null,
      218175338,
      null,
      0.7065304515408883,
      0.048799991607666016,
      1,
      1763050757.0512764,
      1763050757.1011455,
      {}
    ],
    [
      10,
      null,
      218175338,
      null,
      0.5762823178139942,
      0.04712343215942383,
      1,
      1763050757.1054344,
      1763050757.1535735,
      {}
    ],
    [
      11,
      null,
      218175338,
      null,
      0.6633917184128374,
      0.04646492004394531,
      1,
      1763050757.7370784,
      1763050757.7847066,
      {}
    ],
    [
      12,
      null,
      218175338,
      null,
      0.46999872704776124,
      0.047899723052978516,
      1,
      1763050757.789545,
      1763050757.8385577,
      {}
    ],
    [
      13,
      null,
      218175338,
      null,
      0.44564373939940793,
      0.044602155685424805,
      1,
      1763050757.8434017,
      1763050757.8893209,
      {}
    ],
    [
      14,
      null,
      218175338,
      null,
      0.5218739335384631,
      0.04441356658935547,
      1,
      1763050757.894067,
      1763050757.939484,
      {}
    ],
    [
      15,
      null,
      218175338,
      null,
      0.5963650992280811,
      0.04399919509887695,
      1,
      1763050757.945271,
      1763050757.990225,
      {}
    ],
    [
      16,
      null,
      218175338,
      null,
      0.493974959551124,
      0.043354034423828125,
      1,
      1763050758.6861763,
      1763050758.7304955,
      {}
    ],
    [
      17,
      null,
      218175338,
      null,
      0.5425784635882135,
      0.043047189712524414,
      1,
      1763050758.7347734,
      1763050758.7787287,
      {}
    ],
    [
      18,
      null,
      218175338,
      null,
      0.5166613480956607,
      0.045771121978759766,
      1,
      1763050758.785216,
      1763050758.832035,
      {}
    ],
    [
      19,
      null,
      218175338,
      null,
      0.391479583096187,
      0.045282840728759766,
      1,
      1763050759.3225434,
      1763050759.3688583,
      {}
    ],
    [
      20,
      null,
      218175338,
      null,
      0.5419532128751275,
      0.04548478126525879,
      1,
      1763050759.8924236,
      1763050759.9389653,
      {}
    ],
    [
      21,
      null,
      218175338,
      null,
      0.5273971509438041,
      0.04571056365966797,
      1,
      1763050759.9457798,
      1763050759.9925036,
      {}
    ],
    [
      22,
      null,
      218175338,
      null,
      0.5002144420884215,
      0.045660972595214844,
      1,
      1763050760.4053123,
      1763050760.4520104,
      {}
    ]
  ],
  "configs": {
    "1": {
      "Counters": 15,
      "Max_spout": 100.0,
      "Spliters": 2
    },
    "2": {
      "Counters": 9,
      "Max_spout": 100000.0,
      "Spliters": 6
    },
    "3": {
      "Counters": 15,
      "Max_spout": 1.0,
      "Spliters": 2
    },
    "4": {
      "Counters": 15,
      "Max_spout": 100000.0,
      "Spliters": 2
    },
    "5": {
      "Counters": 15,
      "Max_spout": 10000.0,
      "Spliters": 2
    },
    "6": {
      "Counters": 15,
      "Max_spout": 10.0,
      "Spliters": 2
    },
    "7": {
      "Counters": 12,
      "Max_spout": 10.0,
      "Spliters": 1
    },
    "8": {
      "Counters": 15,
      "Max_spout": 1000000.0,
      "Spliters": 2
    },
    "9": {
      "Counters": 12,
      "Max_spout": 1.0,
      "Spliters": 1
    },
    "10": {
      "Counters": 12,
      "Max_spout": 10.0,
      "Spliters": 3
    },
    "11": {
      "Counters": 1,
      "Max_spout": 100.0,
      "Spliters": 2
    },
    "12": {
      "Counters": 9,
      "Max_spout": 100.0,
      "Spliters": 2
    },
    "13": {
      "Counters": 12,
      "Max_spout": 100.0,
      "Spliters": 2
    },
    "14": {
      "Counters": 9,
      "Max_spout": 1000000.0,
      "Spliters": 3
    },
    "15": {
      "Counters": 6,
      "Max_spout": 10.0,
      "Spliters": 1
    },
    "16": {
      "Counters": 15,
      "Max_spout": 100.0,
      "Spliters": 6
    },
    "17": {
      "Counters": 15,
      "Max_spout": 100.0,
      "Spliters": 1
    },
    "18": {
      "Counters": 6,
      "Max_spout": 100.0,
      "Spliters": 3
    },
    "19": {
      "Counters": 9,
      "Max_spout": 10000.0,
      "Spliters": 2
    },
    "20": {
      "Counters": 9,
      "Max_spout": 10000.0,
      "Spliters": 1
    },
    "21": {
      "Counters": 18,
      "Max_spout": 10000.0,
      "Spliters": 1
    },
    "22": {
      "Counters": 3,
      "Max_spout": 1000.0,
      "Spliters": 6
    }
  },
  "config_origins": {
    "1": "Initial Design: Sobol",
    "2": "Initial Design: Sobol",
    "3": "Acquisition Function Maximizer: Local Search",
    "4": "Acquisition Function Maximizer: Local Search",
    "5": "Acquisition Function Maximizer: Local Search",
    "6": "Acquisition Function Maximizer: Local Search",
    "7": "Random Search",
    "8": "Acquisition Function Maximizer: Local Search",
    "9": "Random Search",
    "10": "Random Search",
    "11": "Acquisition Function Maximizer: Local Search",
    "12": "Acquisition Function Maximizer: Local Search",
    "13": "Acquisition Function Maximizer: Local Search",
    "14": "Random Search",
    "15": "Random Search",
    "16": "Acquisition Function Maximizer: Local Search",
    "17": "Acquisition Function Maximizer: Local Search",
    "18": "Random Search",
    "19": "Acquisition Function Maximizer: Local Search",
    "20": "Acquisition Function Maximizer: Local Search",
    "21": "Random Search",
    "22": "Random Search"
  }
}