{
  "incumbent_ids": [
    14
  ],
  "rejected_config_ids": [
    2,
    3,
    4,
    5,
    6,
    7,
    8,
    9,
    10,
    1,
    12,
    13,
    11,
    15,
    16,
    17,
    18,
    19,
    20,
    21,
    22,
    23,
    24,
    25,
    26,
    27,
    28,
    29,
    30,
    31,
    32,
    33,
    34,
    35,
    36,
    37,
    38,
    39,
    40,
    41,
    42,
    43,
    44,
    45,
    46,
    47,
    48,
    49,
    50
  ],
  "incumbents_changed": 3,
  "trajectory": [
    {
      "config_ids": [
        1
      ],
      "costs": [
        0.6130576112543916
      ],
      "trial": 1,
      "walltime": 0.011487483978271484
    },
    {
      "config_ids": [
        11
      ],
      "costs": [
        0.5116071164729238
      ],
      "trial": 11,
      "walltime": 2.4366939067840576
    },
    {
      "config_ids": [
        14
      ],
      "costs": [
        0.48979173423645794
      ],
      "trial": 14,
      "walltime": 4.866547346115112
    }
  ],
  "state": {
    "queue": [
      [
        50,
        1
      ]
    ]
  }
}