{
  "stats": {
    "submitted": 18,
    "finished": 18,
    "running": 0
  },
  "data": [
    [
      1,
      null,
      1192722770,
      null,
      0.5175517134279106,
      0.020545005798339844,
      1,
      1763447150.436215,
      1763447150.4591155,
      {}
    ],
    [
      2,
      null,
      1192722770,
      null,
      0.4423438515260485,
      0.002263307571411133,
      1,
      1763447153.0733745,
      1763447153.0775273,
      {}
    ],
    [
      3,
      null,
      1192722770,
      null,
      0.46615474221531517,
      0.001964092254638672,
      1,
      1763447153.0866053,
      1763447153.0902982,
      {}
    ],
    [
      4,
      null,
      1192722770,
      null,
      0.3303160714825324,
      0.0018925666809082031,
      1,
      1763447153.0984545,
      1763447153.1020572,
      {}
    ],
    [
      5,
      null,
      1192722770,
      null,
      0.2582038096602679,
      0.002011537551879883,
      1,
      1763447153.1116848,
      1763447153.1154687,
      {}
    ],
    [
      6,
      null,
      1192722770,
      null,
      0.20595810505424195,
      0.001966238021850586,
      1,
      1763447153.1257925,
      1763447153.1295161,
      {}
    ],
    [
      7,
      null,
      1192722770,
      null,
      0.4842685444700795,
      0.0020689964294433594,
      1,
      1763447153.142311,
      1763447153.1462889,
      {}
    ],
    [
      8,
      null,
      1192722770,
      null,
      0.5175517134279106,
      0.0011322498321533203,
      1,
      1763447153.1563497,
      1763447153.1594179,
      {}
    ],
    [
      9,
      null,
      1192722770,
      null,
      0.29398540679274365,
      0.0028553009033203125,
      1,
      1763447153.1719472,
      1763447153.1765845,
      {}
    ],
    [
      10,
      null,
      1192722770,
      null,
      0.20595810505424195,
      0.001477956771850586,
      1,
      1763447156.125577,
      1763447156.128809,
      {}
    ],
    [
      11,
      null,
      1192722770,
      null,
      0.19983946185284207,
      0.001094818115234375,
      1,
      1763447156.138772,
      1763447156.1414466,
      {}
    ],
    [
      12,
      null,
      1192722770,
      null,
      0.42635330417194606,
      0.001009225845336914,
      1,
      1763447156.152498,
      1763447156.1550233,
      {}
    ],
    [
      13,
      null,
      1192722770,
      null,
      0.39359804996111514,
      0.0008597373962402344,
      1,
      1763447156.1667113,
      1763447156.1691391,
      {}
    ],
    [
      14,
      null,
      1192722770,
      null,
      0.5641424961980336,
      0.0008530616760253906,
      1,
      1763447156.1800556,
      1763447156.1824255,
      {}
    ],
    [
      15,
      null,
      1192722770,
      null,
      0.4879592142623438,
      0.0009171962738037109,
      1,
      1763447156.1935604,
      1763447156.1959958,
      {}
    ],
    [
      16,
      null,
      1192722770,
      null,
      0.3229527965896597,
      0.000993490219116211,
      1,
      1763447156.2077186,
      1763447156.2103777,
      {}
    ],
    [
      17,
      null,
      1192722770,
      null,
      0.23926555968452579,
      0.0009818077087402344,
      1,
      1763447156.222488,
      1763447156.2250698,
      {}
    ],
    [
      18,
      null,
      1192722770,
      null,
      0.6355675698778612,
      0.002099752426147461,
      1,
      1763447158.7519298,
      1763447158.7557487,
      {}
    ]
  ],
  "configs": {
    "1": {
      " ACAP": 2.562945087440312,
      " AEXP": 2.9683269523084164,
      " CPLx": 5.147003533318639,
      " DOCU": 2.8110116608440876,
      " ETAT": 3.5084503359682855,
      " FLEx": 3.211724688455462,
      " KLOC": 120.47640484909806,
      " LTEx": 3.6191244907677174,
      " PCAP": 3.0,
      " PCON": 2.221854050643742,
      " PLEx": 3.0,
      " PMAT": 1.1343881655484438,
      " PREC": 1.3082157606258988,
      " PVOL": 2.0,
      " RELY": 5.0,
      " RESL": 1.1838814616203308,
      " RUSE": 3.36157663166523,
      " SCED": 1.538615496829152,
      " SITE": 3.0,
      " STOR": 3.241552447900176,
      " TEAM": 2.822825513780117,
      " TIME": 4.880720165558159,
      " TOOL": 2.4228814598172903,
      "DATA": 3.97978076952137
    },
    "2": {
      " ACAP": 2.5125609857771614,
      " AEXP": 2.9252195321348147,
      " CPLx": 5.233557385617405,
      " DOCU": 3.527831297976423,
      " ETAT": 4.256707014676357,
      " FLEx": 3.7177407342359254,
      " KLOC": 122.61343485631093,
      " LTEx": 3.9402992120817903,
      " PCAP": 3.0,
      " PCON": 2.789665042195253,
      " PLEx": 3.0,
      " PMAT": 3.4045660394811175,
      " PREC": 1.020326902872862,
      " PVOL": 2.0,
      " RELY": 5.0,
      " RESL": 2.792813059855433,
      " RUSE": 3.019622375378943,
      " SCED": 1.008109352376086,
      " SITE": 3.0,
      " STOR": 3.1300080821928575,
      " TEAM": 2.5269737083511075,
      " TIME": 5.271076073675659,
      " TOOL": 2.1322490993237393,
      "DATA": 4.879344815075152
    },
    "3": {
      " ACAP": 2.428009305168732,
      " AEXP": 2.98267983296356,
      " CPLx": 5.211719797950112,
      " DOCU": 2.9207980249755012,
      " ETAT": 4.509455655597156,
      " FLEx": 2.5062566551785737,
      " KLOC": 119.08420905429085,
      " LTEx": 2.588386775403522,
      " PCAP": 3.0,
      " PCON": 2.0102521306084458,
      " PLEx": 3.0,
      " PMAT": 2.0139584299272326,
      " PREC": 1.8889898363277167,
      " PVOL": 2.0,
      " RELY": 5.0,
      " RESL": 1.911503104271141,
      " RUSE": 2.607557518666807,
      " SCED": 1.902076168802055,
      " SITE": 3.0,
      " STOR": 3.4769405002439564,
      " TEAM": 2.210387361524323,
      " TIME": 5.548775304855397,
      " TOOL": 2.440087477186254,
      "DATA": 3.0883098714460013
    },
    "4": {
      " ACAP": 2.50467746471738,
      " AEXP": 2.4776413398953636,
      " CPLx": 5.159905504557847,
      " DOCU": 2.0576152936570637,
      " ETAT": 4.7437875295587215,
      " FLEx": 4.706582933942485,
      " KLOC": 118.11471293495298,
      " LTEx": 3.6002500938780426,
      " PCAP": 3.0,
      " PCON": 2.09353043915943,
      " PLEx": 3.0,
      " PMAT": 3.718586695093197,
      " PREC": 1.9992953418266133,
      " PVOL": 2.0,
      " RELY": 5.0,
      " RESL": 1.8447938209064236,
      " RUSE": 2.478125621803908,
      " SCED": 1.1567293225224191,
      " SITE": 3.0,
      " STOR": 3.3172878475939935,
      " TEAM": 2.5351942978210524,
      " TIME": 4.6978947581237165,
      " TOOL": 2.2747478578315246,
      "DATA": 2.2602023057233787
    },
    "5": {
      " ACAP": 2.484470666515947,
      " AEXP": 2.106035813991001,
      " CPLx": 5.071742109326956,
      " DOCU": 3.682754009991092,
      " ETAT": 1.986792378697535,
      " FLEx": 2.9573191319321657,
      " KLOC": 80.5305309462278,
      " LTEx": 2.886652224918244,
      " PCAP": 3.0,
      " PCON": 2.8475046552711394,
      " PLEx": 3.0,
      " PMAT": 2.297162494197879,
      " PREC": 1.7554107996830322,
      " PVOL": 2.0,
      " RELY": 5.0,
      " RESL": 1.1616073988189661,
      " RUSE": 2.1110636971208985,
      " SCED": 1.2300251522034031,
      " SITE": 3.0,
      " STOR": 3.825431740783193,
      " TEAM": 2.9225670139811846,
      " TIME": 3.4682366462220373,
      " TOOL": 2.059283060811527,
      "DATA": 3.838589720046795
    },
    "6": {
      " ACAP": 2.9482453217410627,
      " AEXP": 2.1825107824358003,
      " CPLx": 5.296806193772698,
      " DOCU": 2.274234225852732,
      " ETAT": 3.038476621317418,
      " FLEx": 4.706949487907621,
      " KLOC": 124.9001358902979,
      " LTEx": 2.5522063131707764,
      " PCAP": 3.0,
      " PCON": 2.4625423539852407,
      " PLEx": 3.0,
      " PMAT": 2.155073713154237,
      " PREC": 1.9196767517346096,
      " PVOL": 2.0,
      " RELY": 5.0,
      " RESL": 2.1704408946310925,
      " RUSE": 3.4142377386705594,
      " SCED": 2.689911831869112,
      " SITE": 3.0,
      " STOR": 3.5058219546306426,