{
  "incumbent_ids": [
    2
  ],
  "rejected_config_ids": [
    1,
    3,
    4,
    5
  ],
  "incumbents_changed": 2,
  "trajectory": [
    {
      "config_ids": [
        1
      ],
      "costs": [
        0.5206508557477275
      ],
      "trial": 1,
      "walltime": 2.385538101196289
    },
    {
      "config_ids": [
        2
      ],
      "costs": [
        0.5001745796466874
      ],
      "trial": 2,
      "walltime": 76.04715037345886
    }
  ],
  "state": {
    "queue": [
      [
        5,
        1
      ]
    ]
  }
}