{
  "incumbent_ids": [
    3
  ],
  "rejected_config_ids": [
    2,
    1,
    4,
    5,
    6,
    7,
    8,
    9
  ],
  "incumbents_changed": 2,
  "trajectory": [
    {
      "config_ids": [
        1
      ],
      "costs": [
        0.6514806253779085
      ],
      "trial": 1,
      "walltime": 2.1911258697509766
    },
    {
      "config_ids": [
        3
      ],
      "costs": [
        0.607851698147118
      ],
      "trial": 3,
      "walltime": 79.90693378448486
    }
  ],
  "state": {
    "queue": []
  }
}