{
  "incumbent_ids": [
    7
  ],
  "rejected_config_ids": [
    1,
    3,
    4,
    5,
    6,
    2,
    8,
    9,
    10,
    11,
    12
  ],
  "incumbents_changed": 3,
  "trajectory": [
    {
      "config_ids": [
        1
      ],
      "costs": [
        0.2159057355606766
      ],
      "trial": 1,
      "walltime": 0.013342857360839844
    },
    {
      "config_ids": [
        2
      ],
      "costs": [
        0.17344167493539575
      ],
      "trial": 2,
      "walltime": 2.852585792541504
    },
    {
      "config_ids": [
        7
      ],
      "costs": [
        0.14576625634027174
      ],
      "trial": 7,
      "walltime": 2.912792205810547
    }
  ],
  "state": {
    "queue": [
      [
        12,
        1
      ]
    ]
  }
}