{
  "incumbent_ids": [
    4
  ],
  "rejected_config_ids": [
    1,
    3,
    2,
    5
  ],
  "incumbents_changed": 3,
  "trajectory": [
    {
      "config_ids": [
        1
      ],
      "costs": [
        0.5846998898124721
      ],
      "trial": 1,
      "walltime": 3.3561105728149414
    },
    {
      "config_ids": [
        2
      ],
      "costs": [
        0.33066907112699273
      ],
      "trial": 2,
      "walltime": 6.7263288497924805
    },
    {
      "config_ids": [
        4
      ],
      "costs": [
        0.31498582736785063
      ],
      "trial": 4,
      "walltime": 13.747877836227417
    }
  ],
  "state": {
    "queue": []
  }
}