{
  "incumbent_ids": [
    9
  ],
  "rejected_config_ids": [
    2,
    3,
    1,
    5,
    6,
    7,
    8,
    4,
    10,
    11,
    12,
    13,
    14,
    15,
    16,
    17,
    18,
    19,
    20,
    21,
    22,
    23,
    24
  ],
  "incumbents_changed": 3,
  "trajectory": [
    {
      "config_ids": [
        1
      ],
      "costs": [
        0.39843675644118604
      ],
      "trial": 1,
      "walltime": 0.008220911026000977
    },
    {
      "config_ids": [
        4
      ],
      "costs": [
        0.3976286670163818
      ],
      "trial": 4,
      "walltime": 1.330488681793213
    },
    {
      "config_ids": [
        9
      ],
      "costs": [
        0.2522027542020703
      ],
      "trial": 9,
      "walltime": 1.370025396347046
    }
  ],
  "state": {
    "queue": [
      [
        24,
        1
      ]
    ]
  }
}