{
  "incumbent_ids": [
    9
  ],
  "rejected_config_ids": [
    1,
    3,
    4,
    5,
    6,
    7,
    8,
    2
  ],
  "incumbents_changed": 3,
  "trajectory": [
    {
      "config_ids": [
        1
      ],
      "costs": [
        0.5434296311977073
      ],
      "trial": 1,
      "walltime": 2.481698513031006
    },
    {
      "config_ids": [
        2
      ],
      "costs": [
        0.5219252976936036
      ],
      "trial": 2,
      "walltime": 68.71757531166077
    },
    {
      "config_ids": [
        9
      ],
      "costs": [
        0.49945898432928915
      ],
      "trial": 9,
      "walltime": 84.79383659362793
    }
  ],
  "state": {
    "queue": []
  }
}