{
  "stats": {
    "submitted": 6,
    "finished": 6,
    "running": 0
  },
  "data": [
    [
      1,
      null,
      2005877882,
      null,
      0.26181732753833076,
      0.0032155513763427734,
      1,
      1763447123.1105309,
      1763447123.1167772,
      {}
    ],
    [
      2,
      null,
      2005877882,
      null,
      0.3444612413865348,
      0.002249479293823242,
      1,
      1763447126.4722579,
      1763447126.4763193,
      {}
    ],
    [
      3,
      null,
      2005877882,
      null,
      0.46669380913077085,
      0.0010731220245361328,
      1,
      1763447126.4832346,
      1763447126.4858983,
      {}
    ],
    [
      4,
      null,
      2005877882,
      null,
      0.3527510852198589,
      0.0009932518005371094,
      1,
      1763447126.492677,
      1763447126.4952447,
      {}
    ],
    [
      5,
      null,
      2005877882,
      null,
      0.3843892650544294,
      0.0012485980987548828,
      1,
      1763447126.5023637,
      1763447126.505594,
      {}
    ],
    [
      6,
      null,
      2005877882,
      null,
      0.46237624699719604,
      0.0011713504791259766,
      1,
      1763447126.5129702,
      1763447126.5158176,
      {}
    ]
  ],
  "configs": {
    "1": {
      " ACAP": 2.1139191472902894,
      " AEXP": 2.7919190330430865,
      " CPLx": 5.0464546624571085,
      " DOCU": 2.6702079456299543,
      " ETAT": 2.0836317939124998,
      " FLEx": 3.5881482427343725,
      " KLOC": 90.58022126943246,
      " LTEx": 2.8799336720257998,
      " PCAP": 3.0,
      " PCON": 2.691495954990387,
      " PLEx": 3.0,
      " PMAT": 3.649383230134845,
      " PREC": 1.761472599580884,
      " PVOL": 2.0,
      " RELY": 5.0,
      " RESL": 1.3768078573048115,
      " RUSE": 3.72811821103096,
      " SCED": 1.4513890612870455,
      " SITE": 3.0,
      " STOR": 4.122668070718646,
      " TEAM": 2.9260962205007672,
      " TIME": 3.218584382906556,
      " TOOL": 2.234886111691594,
      "DATA": 2.9643012583740056
    },
    "2": {
      " ACAP": 2.9987033181892553,
      " AEXP": 2.4029141810363757,
      " CPLx": 5.8973355955407865,
      " DOCU": 2.318507497409574,
      " ETAT": 3.785930128722711,
      " FLEx": 4.670877767210126,
      " KLOC": 82.04550360909363,
      " LTEx": 2.9208019383524966,
      " PCAP": 3.0,
      " PCON": 2.576016043844657,
      " PLEx": 3.0,
      " PMAT": 1.0659307775522122,
      " PREC": 1.204289471745807,
      " PVOL": 2.0,
      " RELY": 5.0,
      " RESL": 1.6030026346556405,
      " RUSE": 3.805210851840698,
      " SCED": 1.6786231193329235,
      " SITE": 3.0,
      " STOR": 4.020203840160751,
      " TEAM": 2.6715373894806165,
      " TIME": 4.519109373634508,
      " TOOL": 2.8214768599365017,
      "DATA": 3.7729588328778307
    },
    "3": {
      " ACAP": 2.1841621478380726,
      " AEXP": 2.885889115758573,
      " CPLx": 5.718629005849042,
      " DOCU": 2.4604157105472475,
      " ETAT": 4.044199509069587,
      " FLEx": 2.8349569855729264,
      " KLOC": 75.93692536227206,
      " LTEx": 2.360928406083077,
      " PCAP": 3.0,
      " PCON": 2.3208598093897894,
      " PLEx": 3.0,
      " PMAT": 2.746537397144286,
      " PREC": 1.5708272642282703,
      " PVOL": 2.0,
      " RELY": 5.0,
      " RESL": 2.5054534658393477,
      " RUSE": 3.2076852367163697,
      " SCED": 1.1211899405060934,
      " SITE": 3.0,
      " STOR": 4.679586871112129,
      " TEAM": 2.0635833113299817,
      " TIME": 4.470881278723809,
      " TOOL": 2.2858915923662937,
      "DATA": 4.351978145793584
    },
    "4": {
      " ACAP": 2.2217161449369778,
      " AEXP": 2.897981367618436,
      " CPLx": 5.854764765604115,
      " DOCU": 2.7354415974760076,
      " ETAT": 2.878573564059984,
      " FLEx": 2.482010973243527,
      " KLOC": 116.47051849383608,
      " LTEx": 3.123880493664758,
      " PCAP": 3.0,
      " PCON": 2.54728360051973,
      " PLEx": 3.0,
      " PMAT": 1.5007148032486664,
      " PREC": 1.2305412274657421,
      " PVOL": 2.0,
      " RELY": 5.0,
      " RESL": 2.403687770944843,
      " RUSE": 2.192375856109136,
      " SCED": 2.4078338592919746,
      " SITE": 3.0,
      " STOR": 3.258677952334919,
      " TEAM": 2.0583045756620284,
      " TIME": 4.826099026259804,
      " TOOL": 2.8908533833547256,
      "DATA": 3.7602035723158567
    },
    "5": {
      " ACAP": 2.9751357298752774,
      " AEXP": 2.5613934368437867,
      " CPLx": 5.492756761882848,
      " DOCU": 2.3613347034861274,
      " ETAT": 3.750292663594449,
      " FLEx": 3.7381380317093518,
      " KLOC": 124.33326065801614,
      " LTEx": 2.408791595553261,
      " PCAP": 3.0,
      " PCON": 2.3820944439537706,
      " PLEx": 3.0,
      " PMAT": 3.0410008260819783,
      " PREC": 1.865428069324761,
      " PVOL": 2.0,
      " RELY": 5.0,
      " RESL": 2.883168746283861,
      " RUSE": 3.0905015736779156,
      " SCED": 1.0629232380637943,
      " SITE": 3.0,
      " STOR": 3.809051568249144,
      " TEAM": 2.52980184912317,
      " TIME": 5.526642203970783,
      " TOOL": 2.562069555384946,
      "DATA": 2.4733818834337744
    },
    "6": {
      " ACAP": 2.8979361308926928,
      " AEXP": 2.1549246698170283,
      " CPLx": 5.276574074870333,
      " DOCU": 2.3733108766480098,
      " ETAT": 5.770884211703919,
      " FLEx": 2.4320180421593607,
      " KLOC": 109.26826408762287,
      " LTEx": 3.6199568748352835,
      " PCAP": 3.0,
      " PCON": 2.7735381958933987,
      " PLEx": 3.0,
      " PMAT": 2.037927445241733,
      " PREC": 1.8770469531956864,
      " PVOL": 2.0,
      " RELY": 5.0,
      " RESL": 1.2767299075661478,
      " RUSE": 3.8956121247180118,
      " SCED": 1.7229450199182392,
      " SITE": 3.0,
      " STOR": 4.7025419895247875,
      " TEAM": 2.955237549179064,
      " TIME": 3.9570780006300987,
      " TOOL": 2.8959596685174063,
      "DATA": 4.275714257259235
    }
  },
  "config_origins": {
    "1": "Initial Design: Sobol",
    "2": "Acquisition Function Maximizer: Local Search",
    "3": "Acquisition Function Maximizer: Local Search",
    "4": "Acquisition Function Maximizer: Local Search",
    "5": "Acquisition Function Maximizer: Local Search",
    "6": "Acquisition Function Maximizer: Local Search"
  }
}