{
  "incumbent_ids": [
    22
  ],
  "rejected_config_ids": [
    2,
    3,
    4,
    5,
    6,
    7,
    8,
    9,
    10,
    11,
    12,
    13,
    14,
    15,
    16,
    17,
    1,
    19,
    20,
    21,
    18,
    23,
    24
  ],
  "incumbents_changed": 3,
  "trajectory": [
    {
      "config_ids": [
        1
      ],
      "costs": [
        0.24492555558325813
      ],
      "trial": 1,
      "walltime": 0.01827549934387207
    },
    {
      "config_ids": [
        18
      ],
      "costs": [
        0.229223777915757
      ],
      "trial": 18,
      "walltime": 5.227015018463135
    },
    {
      "config_ids": [
        22
      ],
      "costs": [
        0.21763243860469084
      ],
      "trial": 22,
      "walltime": 7.973363637924194
    }
  ],
  "state": {
    "queue": [
      [
        24,
        1
      ]
    ]
  }
}