{
  "DE_params": {
    "mutation_factor": 0.5,
    "crossover_prob": 0.5,
    "strategy": "rand1_bin",
    "configspace": true,
    "boundary_fix_type": "random",
    "max_age": Infinity,
    "dimensions": 24,
    "output_path": "../results/tmp/DEHB_tmp/dehb_20251208-050307_b588",
    "async_strategy": "immediate"
  },
  "HB_params": {
    "min_fidelity": 1,
    "max_fidelity": 10,
    "min_clip": null,
    "max_clip": null,
    "eta": 3
  },
  "internals": {
    "initial_configs": [
      {
        "config_id": 0,
        "config": [
          0.1270718232044199,
          0.11853893866299105,
          0.7945252945252945,
          0.1498371335504886,
          0.31302131603336425,
          0.10325203252032521,
          0.41446834415584416,
          0.08180242634315425,
          0.20672353236327146,
          0.5303236333967909,
          0.8072827207145311,
          0.5524475524475524,
          0.06697648988518316,
          0.49239280774550487,
          0.6917241379310345,
          0.7495230307985827,
          0.6281736281736282,
          0.0,
          0.6703550023052097,
          0.2047952047952048,
          0.5245945945945946,
          0.929070929070929,
          0.0,
          0.5541290770298404
        ],
        "results": {
          "1.1111111111111112": {
            "score": Infinity,
            "cost": -1,
            "info": {}
          }
        }
      },
      {
        "config_id": 1,
        "config": [
          0.939728779507785,
          0.9827705031013094,
          0.3496188496188496,
          0.05157437567861021,
          0.2594995366079703,
          0.26449864498644987,
          0.9796063311688312,
          0.0017331022530329288,
          0.08178625188158554,
          0.9023660592874626,
          0.8959120577121265,
          0.14485514485514486,
          0.09759431383269546,
          0.642807745504841,
          0.24586206896551724,
          0.8013082583810303,
          0.7229047229047229,
          0.0,
          0.13646841862609496,
          0.21978021978021978,
          0.4110810810810811,
          0.1048951048951049,
          0.0,
          0.710617626648161
        ],
        "results": {
          "1.1111111111111112": {
            "score": Infinity,
            "cost": -1,
            "info": {}
          }
        }
      },
      {
        "config_id": 2,
        "config": [
          0.9196383726770467,
          0.5268780151619573,
          0.1995841995841996,
          0.250814332247557,
          0.5078776645041705,
          0.44661246612466127,
          0.03987418831168831,
          0.7965337954939341,
          0.7260411440040141,
          0.1449551264617895,
          0.17554105118515975,
          0.0939060939060939,
          0.48687807545106615,
          0.4266943291839557,
          0.9975862068965518,
          0.17170891251022077,
          0.009282009282009281,
          0.0,
          0.43337943752881514,
          0.18981018981018982,
          0.24621621621621623,
          0.8441558441558441,
          0.0,
          0.6769604441360166
        ],
        "results": {
          "1.1111111111111112": {
            "score": Infinity,
            "cost": -1,
            "info": {}
          }
        }
      },
      {
        "config_id": 3,
        "config": [
          0.9869412355600201,
          0.4948311509303928,
          0.5665280665280665,
          0.2244842562432139,
          0.8290083410565339,
          0.38834688346883467,
          0.15513392857142858,
          0.3722703639514731,
          0.49372804816859006,
          0.6491705194451999,
          0.5815870834764686,
          0.7912087912087912,
          0.6388737014762165,
          0.8101659751037344,
          0.5127586206896552,
          0.40038157536113383,
          0.4608244608244608,
          0.0,
          0.9824804057169202,
          0.2807192807192807,
          0.5645945945945946,
          0.6993006993006993,
          0.0,
          0.03365718251214434
        ],
        "results": {
          "1.1111111111111112": {
            "score": Infinity,
            "cost": -1,
            "info": {}
          }
        }
      },
      {
        "config_id": 4,
        "config": [
          0.5288799598191863,
          0.7991040661612681,
          0.5959805959805959,
          0.6484799131378935,
          0.4983781278962002,
          0.3140921409214092,
          0.486911525974026,
          0.7389948006932409,
          0.29453085800301054,
          0.009518629317378298,
          0.33905874270010306,
          0.6913086913086913,
          0.11290322580645161,
          0.6939834024896265,
          0.4379310344827586,
          0.8449168710820387,
          0.49003549003549,
          0.0,
          0.05763024435223606,
          0.7952047952047953,
          0.7681081081081081,
          0.9600399600399601,
          0.0,
          0.7192921582234559
        ],
        "results": {
          "1.1111111111111112": {
            "score": Infinity,
            "cost": -1,
            "info": {}
          }
        }
      },
      {
        "config_id": 5,
        "config": [
          0.18884982420894023,
          0.3177119228118539,
          0.1191961191961192,
          0.8002171552660152,
          0.9439295644114921,
          0.6585365853658537,
          0.6185064935064936,
          0.9209705372616984,
          0.08730556949322629,
          0.022844710361707914,
          0.13225695637238064,
          0.2807192807192807,
          0.26681246582832147,
          0.9802904564315352,
          0.5637931034482758,
          0.24802398473698556,
          0.34616434616434616,
          0.0,
          0.30982019363762103,
          0.7612387612387612,
          0.03027027027027027,
          0.11188811188811189,
          0.0,
          0.3789035392088827
        ],
        "results": {
          "1.1111111111111112": {
            "score": Infinity,
            "cost": -1,
            "info": {}
          }
        }
      },
      {
        "config_id": 6,
        "config": [
          0.7292817679558011,
          0.06581667815299794,
          0.10256410256410256,
          0.9359391965255157,
          0.2344763670064875,
          0.3699186991869919,
          0.07751623376623376,
          0.4388214904679376,
          0.0035122930255895636,
          0.0704378569485994,
          0.8914462384060461,
          0.5094905094905094,
          0.30098414434117005,
          0.2572614107883817,
          0.29586206896551726,
          0.4472608340147179,
          0.23396123396123397,
          0.0,
          0.5776855693868141,
          0.6843156843156843,
          0.5375675675675675,
          0.987012987012987,
          0.0,
          0.41290770298403884
        ],
        "results": {
          "1.1111111111111112": {
            "score": Infinity,
            "cost": -1,
            "info": {}
          }
        }
      },
      {
        "config_id": 7,
        "config": [
          0.9301858362631843,
          0.80289455547898,
          0.3568953568953569,
          0.5917480998914224,
          0.904772937905468,
          0.1737127371273713,
          0.5823863636363636,
          0.5057192374350087,
          0.37882589061716004,
          0.16752787598585803,
          0.8529714874613535,
          0.7142857142857143,
          0.25997813012575177,
          0.4851313969571231,
          0.34586206896551724,
          0.3180703188879804,
          0.2740922740922741,
          0.0,
          0.2000922083909636,
          0.5024975024975025,
          0.5427027027027027,
          0.978021978021978,
          0.0,
          0.20645385149201942
        ],
        "results": {
          "1.1111111111111112": {
            "score": Infinity,
            "cost": -1,
            "info": {}
          }
        }
      },
      {
        "config_id": 8,