{
  "stats": {
    "submitted": 12,
    "finished": 12,
    "running": 0
  },
  "data": [
    [
      1,
      null,
      662124363,
      null,
      0.259312314023887,
      0.0025234222412109375,
      1,
      1763363197.4566624,
      1763363197.4609416,
      {}
    ],
    [
      2,
      null,
      662124363,
      null,
      0.7875754873264931,
      0.0007865428924560547,
      1,
      1763363197.4864912,
      1763363197.4888003,
      {}
    ],
    [
      3,
      null,
      662124363,
      null,
      0.7935180781083431,
      0.0023963451385498047,
      1,
      1763363199.2495148,
      1763363199.2534661,
      {}
    ],
    [
      4,
      null,
      662124363,
      null,
      0.7934087957659337,
      0.0007884502410888672,
      1,
      1763363199.257071,
      1763363199.2592235,
      {}
    ],
    [
      5,
      null,
      662124363,
      null,
      0.5087061893224663,
      0.0005862712860107422,
      1,
      1763363199.262538,
      1763363199.2644672,
      {}
    ],
    [
      6,
      null,
      662124363,
      null,
      0.7916875146567781,
      0.0006825923919677734,
      1,
      1763363199.2696564,
      1763363199.27164,
      {}
    ],
    [
      7,
      null,
      662124363,
      null,
      0.7941175229798446,
      0.0005016326904296875,
      1,
      1763363199.2752562,
      1763363199.277032,
      {}
    ],
    [
      8,
      null,
      662124363,
      null,
      0.7955078121116727,
      0.0005180835723876953,
      1,
      1763363199.281925,
      1763363199.2837474,
      {}
    ],
    [
      9,
      null,
      662124363,
      null,
      0.7916875146567781,
      0.0004949569702148438,
      1,
      1763363199.2879217,
      1763363199.289711,
      {}
    ],
    [
      10,
      null,
      662124363,
      null,
      0.790681425594496,
      0.0018758773803710938,
      1,
      1763363200.7622626,
      1763363200.7656236,
      {}
    ],
    [
      11,
      null,
      662124363,
      null,
      0.7941175229798446,
      0.0019237995147705078,
      1,
      1763363200.770516,
      1763363200.7737951,
      {}
    ],
    [
      12,
      null,
      662124363,
      null,
      0.7878846609838578,
      0.0013284683227539062,
      1,
      1763363200.7780027,
      1763363200.7806773,
      {}
    ]
  ],
  "configs": {
    "1": {
      "Max_depth": 13,
      "Min_impurity_decrease": 0.5,
      "Min_sample_leaves": 1,
      "N_estimators": 120,
      "criterion": "absolute_error"
    },
    "2": {
      "Max_depth": 4,
      "Min_impurity_decrease": 1.0,
      "Min_sample_leaves": 6,
      "N_estimators": 180,
      "criterion": "squared_error"
    },
    "3": {
      "Max_depth": 14,
      "Min_impurity_decrease": 2.5,
      "Min_sample_leaves": 6,
      "N_estimators": 160,
      "criterion": "absolute_error"
    },
    "4": {
      "Max_depth": 5,
      "Min_impurity_decrease": 2.0,
      "Min_sample_leaves": 18,
      "N_estimators": 100,
      "criterion": "squared_error"
    },
    "5": {
      "Max_depth": 6,
      "Min_impurity_decrease": 0.25,
      "Min_sample_leaves": 2,
      "N_estimators": 50,
      "criterion": "poisson"
    },
    "6": {
      "Max_depth": 14,
      "Min_impurity_decrease": 3.75,
      "Min_sample_leaves": 14,
      "N_estimators": 120,
      "criterion": "poisson"
    },
    "7": {
      "Max_depth": 14,
      "Min_impurity_decrease": 0.5,
      "Min_sample_leaves": 19,
      "N_estimators": 180,
      "criterion": "squared_error"
    },
    "8": {
      "Max_depth": 4,
      "Min_impurity_decrease": 6.0,
      "Min_sample_leaves": 11,
      "N_estimators": 160,
      "criterion": "absolute_error"
    },
    "9": {
      "Max_depth": 15,
      "Min_impurity_decrease": 3.5,
      "Min_sample_leaves": 8,
      "N_estimators": 130,
      "criterion": "absolute_error"
    },
    "10": {
      "Max_depth": 18,
      "Min_impurity_decrease": 8.25,
      "Min_sample_leaves": 20,
      "N_estimators": 50,
      "criterion": "poisson"
    },
    "11": {
      "Max_depth": 1,
      "Min_impurity_decrease": 9.75,
      "Min_sample_leaves": 7,
      "N_estimators": 110,
      "criterion": "squared_error"
    },
    "12": {
      "Max_depth": 18,
      "Min_impurity_decrease": 0.0,
      "Min_sample_leaves": 20,
      "N_estimators": 50,
      "criterion": "poisson"
    }
  },
  "config_origins": {
    "1": "Initial Design: Sobol",
    "2": "Random Search",
    "3": "Acquisition Function Maximizer: Local Search",
    "4": "Acquisition Function Maximizer: Local Search",
    "5": "Acquisition Function Maximizer: Local Search",
    "6": "Random Search",
    "7": "Acquisition Function Maximizer: Local Search",
    "8": "Acquisition Function Maximizer: Local Search",
    "9": "Random Search",
    "10": "Acquisition Function Maximizer: Local Search",
    "11": "Random Search",
    "12": "Acquisition Function Maximizer: Local Search"
  }
}