{
  "incumbent_ids": [
    2
  ],
  "rejected_config_ids": [
    1,
    3,
    4,
    5,
    6,
    7,
    8,
    9
  ],
  "incumbents_changed": 2,
  "trajectory": [
    {
      "config_ids": [
        1
      ],
      "costs": [
        0.6021549445202594
      ],
      "trial": 1,
      "walltime": 2.385725498199463
    },
    {
      "config_ids": [
        2
      ],
      "costs": [
        0.596319611967298
      ],
      "trial": 2,
      "walltime": 83.84511041641235
    }
  ],
  "state": {
    "queue": []
  }
}