{"config": {"Criticality": 0.6078121839608673, "Criticality Modifier": 0.4477446523205831, "Culture": 0.0771355046718063, "Dynamism": 0.12799055847892, "Initial Known": 0.6128664293376747, "Inter-Dependency": 0.8491676754126052, "Plan": 0.8807536290556817, "Size": 0.2746990825688726, "Team Size": 0.0954342532795675}, "score": 0.13590879900627761, "info": {}}