{
  "incumbent_ids": [
    4
  ],
  "rejected_config_ids": [
    1,
    3,
    2,
    5,
    6,
    7,
    8,
    9,
    10,
    11,
    12,
    13,
    14,
    15,
    16,
    17,
    18,
    19,
    20
  ],
  "incumbents_changed": 3,
  "trajectory": [
    {
      "config_ids": [
        1
      ],
      "costs": [
        0.5846998898124721
      ],
      "trial": 1,
      "walltime": 3.4916675090789795
    },
    {
      "config_ids": [
        2
      ],
      "costs": [
        0.33066907112699273
      ],
      "trial": 2,
      "walltime": 6.980156183242798
    },
    {
      "config_ids": [
        4
      ],
      "costs": [
        0.31498582736785063
      ],
      "trial": 4,
      "walltime": 14.822972059249878
    }
  ],
  "state": {
    "queue": []
  }
}