{
  "incumbent_ids": [
    7
  ],
  "rejected_config_ids": [
    1,
    3,
    4,
    5,
    6,
    2,
    8,
    9,
    10,
    11,
    12,
    13,
    14,
    15,
    16,
    17,
    18
  ],
  "incumbents_changed": 3,
  "trajectory": [
    {
      "config_ids": [
        1
      ],
      "costs": [
        0.2159057355606766
      ],
      "trial": 1,
      "walltime": 0.028101682662963867
    },
    {
      "config_ids": [
        2
      ],
      "costs": [
        0.17344167493539575
      ],
      "trial": 2,
      "walltime": 5.305189371109009
    },
    {
      "config_ids": [
        7
      ],
      "costs": [
        0.14576625634027174
      ],
      "trial": 7,
      "walltime": 5.391595363616943
    }
  ],
  "state": {
    "queue": [
      [
        18,
        1
      ]
    ]
  }
}