{
  "stats": {
    "submitted": 18,
    "finished": 18,
    "running": 0
  },
  "data": [
    [
      1,
      null,
      1603867075,
      null,
      0.03400646363299542,
      0.004183530807495117,
      1,
      1763365718.8762147,
      1763365718.8822997,
      {}
    ],
    [
      2,
      null,
      1603867075,
      null,
      0.2540022643918881,
      0.0033211708068847656,
      1,
      1763365721.7021976,
      1763365721.708697,
      {}
    ],
    [
      3,
      null,
      1603867075,
      null,
      0.4316432597366322,
      0.0011892318725585938,
      1,
      1763365721.7148619,
      1763365721.7176561,
      {}
    ],
    [
      4,
      null,
      1603867075,
      null,
      0.3484992400825704,
      0.0010995864868164062,
      1,
      1763365721.7242625,
      1763365721.7270117,
      {}
    ],
    [
      5,
      null,
      1603867075,
      null,
      0.3511905330119207,
      0.0012331008911132812,
      1,
      1763365721.7349293,
      1763365721.737711,
      {}
    ],
    [
      6,
      null,
      1603867075,
      null,
      0.23080145904539495,
      0.0012764930725097656,
      1,
      1763365721.7449741,
      1763365721.7477388,
      {}
    ],
    [
      7,
      null,
      1603867075,
      null,
      0.3953117996601656,
      0.001252889633178711,
      1,
      1763365721.7558382,
      1763365721.7585917,
      {}
    ],
    [
      8,
      null,
      1603867075,
      null,
      0.22122657780443522,
      0.0012295246124267578,
      1,
      1763365721.7669957,
      1763365721.7698584,
      {}
    ],
    [
      9,
      null,
      1603867075,
      null,
      0.28161343781578196,
      0.0012335777282714844,
      1,
      1763365721.7786205,
      1763365721.7814155,
      {}
    ],
    [
      10,
      null,
      1603867075,
      null,
      0.4335630595831117,
      0.0027260780334472656,
      1,
      1763365724.702265,
      1763365724.7067168,
      {}
    ],
    [
      11,
      null,
      1603867075,
      null,
      0.2450521574421115,
      0.0015728473663330078,
      1,
      1763365724.7174766,
      1763365724.720916,
      {}
    ],
    [
      12,
      null,
      1603867075,
      null,
      0.1965932399807997,
      0.001417398452758789,
      1,
      1763365724.7314754,
      1763365724.7344353,
      {}
    ],
    [
      13,
      null,
      1603867075,
      null,
      0.30921941702141587,
      0.0014719963073730469,
      1,
      1763365724.74551,
      1763365724.748617,
      {}
    ],
    [
      14,
      null,
      1603867075,
      null,
      0.23643964979909082,
      0.0013737678527832031,
      1,
      1763365724.7601726,
      1763365724.7630408,
      {}
    ],
    [
      15,
      null,
      1603867075,
      null,
      0.03400646363299542,
      0.0011892318725585938,
      1,
      1763365724.775224,
      1763365724.7779577,
      {}
    ],
    [
      16,
      null,
      1603867075,
      null,
      0.1813995200813966,
      0.0018625259399414062,
      1,
      1763365724.790102,
      1763365724.793845,
      {}
    ],
    [
      17,
      null,
      1603867075,
      null,
      0.26281278757195525,
      0.0016031265258789062,
      1,
      1763365724.8069232,
      1763365724.810084,
      {}
    ],
    [
      18,
      null,
      1603867075,
      null,
      0.03400646363299542,
      0.0019309520721435547,
      1,
      1763365728.2359557,
      1763365728.2395005,
      {}
    ]
  ],
  "configs": {
    "1": {
      " ACAP": 4.367141455411911,
      " AEXP": 4.56652261267975,
      " CPLx": 1.8240280468016863,
      " DOCU": 1.2023590095341206,
      " ETAT": 3.8074833632744856,
      " FLEx": 4.698377590626478,
      " KLOC": 75.40022766435612,
      " LTEx": 2.437849486269057,
      " PCAP": 4.130796430632472,
      " PCON": 2.192410346120596,
      " PLEx": 1.3949018819257617,
      " PMAT": 2.7906440189108253,
      " PREC": 3.2201657277503983,
      " PVOL": 2.8938524908507244,
      " RELY": 3.2971371202254667,
      " RESL": 2.933265586568974,
      " RUSE": 5.54910581552051,
      " SCED": 3.0,
      " SITE": 3.2659320943057537,
      " STOR": 3.747660524211824,
      " TEAM": 3.978505959535949,
      " TIME": 3.3234233437106013,
      " TOOL": 2.0,
      "DATA": 4.0267120233131575
    },
    "2": {
      " ACAP": 4.998472338880613,
      " AEXP": 2.323898989446405,
      " CPLx": 1.7188030693365124,
      " DOCU": 1.9951347397466486,
      " ETAT": 1.117962250099184,
      " FLEx": 1.0994427431919966,
      " KLOC": 14.432523079506172,
      " LTEx": 1.497027195776831,
      " PCAP": 4.002083583231215,
      " PCON": 1.4436573906469001,
      " PLEx": 3.692547448202742,
      " PMAT": 2.1955075179320898,
      " PREC": 4.111032156609845,
      " PVOL": 4.030466433522886,
      " RELY": 3.347131239777296,
      " RESL": 4.587339198411204,
      " RUSE": 5.226371278589206,
      " SCED": 3.0,
      " SITE": 3.074295646659544,
      " STOR": 3.046276329048189,
      " TEAM": 4.120055988925211,
      " TIME": 3.038532499437654,
      " TOOL": 2.0,
      "DATA": 4.98776066793533
    },
    "3": {
      " ACAP": 4.950428077399957,
      " AEXP": 2.5902809990243343,
      " CPLx": 1.664228114449312,
      " DOCU": 3.4317001759205072,
      " ETAT": 3.4909413141363297,
      " FLEx": 3.025212862184253,
      " KLOC": 348.6631811107879,
      " LTEx": 1.6727365438049797,
      " PCAP": 4.489802278100713,
      " PCON": 1.493098038153677,
      " PLEx": 3.902337228567268,
      " PMAT": 2.478979197689958,
      " PREC": 1.9942901322771278,
      " PVOL": 3.5221476402258833,
      " RELY": 1.1326757124324451,
      " RESL": 4.316496273761033,
      " RUSE": 3.0065682772381077,
      " SCED": 3.0,
      " SITE": 3.426577922233886,
      " STOR": 3.5686511196355757,
      " TEAM": 4.852544675739708,
      " TIME": 3.445922666377829,
      " TOOL": 2.0,
      "DATA": 3.360560926771597
    },
    "4": {
      " ACAP": 4.970023581185806,
      " AEXP": 2.825676772463657,
      " CPLx": 2.7422265283817646,
      " DOCU": 3.016377331839117,
      " ETAT": 1.0348811591444818,
      " FLEx": 2.5009195046159136,
      " KLOC": 338.33860223747905,
      " LTEx": 3.724813776798442,
      " PCAP": 4.0235441264264855,
      " PCON": 2.686290521113903,
      " PLEx": 3.9707247531562326,
      " PMAT": 2.2732324105982156,
      " PREC": 1.1837417603266107,
      " PVOL": 3.4512261521581653,
      " RELY": 1.779384256763624,
      " RESL": 1.6849619892720922,
      " RUSE": 3.0319210211494623,
      " SCED": 3.0,
      " SITE": 2.2351602384013365,
      " STOR": 3.355852937371383,
      " TEAM": 4.587906249459962,
      " TIME": 3.4696578875916315,
      " TOOL": 2.0,
      "DATA": 2.630039408943155
    },
    "5": {
      " ACAP": 4.998812668733101,
      " AEXP": 4.010945226801175,
      " CPLx": 1.2790298625253427,
      " DOCU": 3.385661856547389,
      " ETAT": 1.77116282189936,
      " FLEx": 2.410844961520577,
      " KLOC": 217.7371642009157,
      " LTEx": 3.863372640972237,
      " PCAP": 4.116896321076106,
      " PCON": 1.1278292806590304,
      " PLEx": 3.0744174964606183,
      " PMAT": 2.180334118833018,
      " PREC": 1.0937077633939247,
      " PVOL": 2.262850089494144,
      " RELY": 2.889493983651829,
      " RESL": 4.86008171566287,
      " RUSE": 5.838965795218041,
      " SCED": 3.0,
      " SITE": 1.4134061841758896,
      " STOR": 3.283704929172925,
      " TEAM": 3.578586344842409,
      " TIME": 3.8869718872177033,
      " TOOL": 2.0,
      "DATA": 4.6507210161429855
    },
    "6": {
      " ACAP": 4.999726945017956,
      " AEXP": 3.3868628989526717,
      " CPLx": 3.0244681811255987,
      " DOCU": 2.451766762019631,
      " ETAT": 1.11869307234834,
      " FLEx": 4.348371892961655,
      " KLOC": 346.4249282238893,
      " LTEx": 2.1584124994416207,
      " PCAP": 4.77632224834836,
      " PCON": 3.818508047122989,
      " PLEx": 1.5747160805023213,
      " PMAT": 2.393340772495319,