{
  "incumbent_ids": [
    3
  ],
  "rejected_config_ids": [
    2,
    1,
    4,
    5,
    6,
    7,
    8,
    9,
    10
  ],
  "incumbents_changed": 2,
  "trajectory": [
    {
      "config_ids": [
        1
      ],
      "costs": [
        0.8590749845757853
      ],
      "trial": 1,
      "walltime": 2.387956380844116
    },
    {
      "config_ids": [
        3
      ],
      "costs": [
        0.858952501310291
      ],
      "trial": 3,
      "walltime": 8.035652160644531
    }
  ],
  "state": {
    "queue": []
  }
}