{
  "stats": {
    "submitted": 18,
    "finished": 18,
    "running": 0
  },
  "data": [
    [
      1,
      null,
      1265576559,
      null,
      0.2654860946355877,
      0.0016372203826904297,
      1,
      1763450109.3647141,
      1763450109.3675032,
      {}
    ],
    [
      2,
      null,
      1265576559,
      null,
      0.23704275648468964,
      0.0014476776123046875,
      1,
      1763450110.6592155,
      1763450110.661911,
      {}
    ],
    [
      3,
      null,
      1265576559,
      null,
      0.18530105257043217,
      0.0007503032684326172,
      1,
      1763450110.666669,
      1763450110.668521,
      {}
    ],
    [
      4,
      null,
      1265576559,
      null,
      0.23960687972414618,
      0.0008451938629150391,
      1,
      1763450110.6731937,
      1763450110.6750615,
      {}
    ],
    [
      5,
      null,
      1265576559,
      null,
      0.253504423898985,
      0.0006692409515380859,
      1,
      1763450110.6794782,
      1763450110.6812565,
      {}
    ],
    [
      6,
      null,
      1265576559,
      null,
      0.2605479118994658,
      0.0006992816925048828,
      1,
      1763450110.685712,
      1763450110.6874409,
      {}
    ],
    [
      7,
      null,
      1265576559,
      null,
      0.4219647443794807,
      0.0006334781646728516,
      1,
      1763450110.692178,
      1763450110.693832,
      {}
    ],
    [
      8,
      null,
      1265576559,
      null,
      0.2872370615677238,
      0.0008039474487304688,
      1,
      1763450110.6986616,
      1763450110.7005646,
      {}
    ],
    [
      9,
      null,
      1265576559,
      null,
      0.29118070288959474,
      0.0007092952728271484,
      1,
      1763450110.7057192,
      1763450110.7074518,
      {}
    ],
    [
      10,
      null,
      1265576559,
      null,
      0.2771357059263757,
      0.0006399154663085938,
      1,
      1763450110.7194295,
      1763450110.7211196,
      {}
    ],
    [
      11,
      null,
      1265576559,
      null,
      0.3669294174409955,
      0.0012845993041992188,
      1,
      1763450112.0726666,
      1763450112.0751452,
      {}
    ],
    [
      12,
      null,
      1265576559,
      null,
      0.2033766257654459,
      0.0008962154388427734,
      1,
      1763450112.081073,
      1763450112.0830877,
      {}
    ],
    [
      13,
      null,
      1265576559,
      null,
      0.1960927454623309,
      0.0008864402770996094,
      1,
      1763450112.0888088,
      1763450112.090716,
      {}
    ],
    [
      14,
      null,
      1265576559,
      null,
      0.45370406149806786,
      0.0006120204925537109,
      1,
      1763450112.096474,
      1763450112.0981483,
      {}
    ],
    [
      15,
      null,
      1265576559,
      null,
      0.08132692581050571,
      0.0005583763122558594,
      1,
      1763450112.104107,
      1763450112.1056714,
      {}
    ],
    [
      16,
      null,
      1265576559,
      null,
      0.12660422635120716,
      0.0007066726684570312,
      1,
      1763450112.1125314,
      1763450112.11438,
      {}
    ],
    [
      17,
      null,
      1265576559,
      null,
      0.35143486296897397,
      0.0006127357482910156,
      1,
      1763450112.1207287,
      1763450112.1223397,
      {}
    ],
    [
      18,
      null,
      1265576559,
      null,
      0.30236967455747454,
      0.0023517608642578125,
      1,
      1763450113.738747,
      1763450113.743184,
      {}
    ]
  ],
  "configs": {
    "1": {
      "Criticality": 0.008588228594585027,
      "Criticality Modifier": 0.8025092805100718,
      "Culture": 0.5006268955627272,
      "Dynamism": 0.9131640058920183,
      "Initial Known": 0.24595958167250093,
      "Inter-Dependency": 0.3098286613682644,
      "Plan": 0.2882082889994503,
      "Size": 0.26140803879869534,
      "Team Size": 0.7266980184925483
    },
    "2": {
      "Criticality": 0.9765294209238276,
      "Criticality Modifier": 0.9340601992437935,
      "Culture": 0.05637346462495594,
      "Dynamism": 0.1701331894542049,
      "Initial Known": 0.5550651177072573,
      "Inter-Dependency": 0.07891371222491154,
      "Plan": 0.6972129802348883,
      "Size": 0.9743763190855427,
      "Team Size": 0.9238293545835053
    },
    "3": {
      "Criticality": 0.8461977696986746,
      "Criticality Modifier": 0.097562084996276,
      "Culture": 0.07253663523775837,
      "Dynamism": 0.03625086029634644,
      "Initial Known": 0.47314304029834553,
      "Inter-Dependency": 0.4345095077886615,
      "Plan": 0.2644596896207789,
      "Size": 0.46810306674935614,
      "Team Size": 0.6846047004148591
    },
    "4": {
      "Criticality": 0.13011963674948054,
      "Criticality Modifier": 0.03673781347873147,
      "Culture": 0.541755048019255,
      "Dynamism": 0.5045985403787564,
      "Initial Known": 0.3636006696770965,
      "Inter-Dependency": 0.5509828599126289,
      "Plan": 0.543929373198482,
      "Size": 0.7128213994535655,
      "Team Size": 0.26502942911196414
    },
    "5": {
      "Criticality": 0.46379707630288713,
      "Criticality Modifier": 0.3238638164599258,
      "Culture": 0.04026240411328771,
      "Dynamism": 0.9421995157918248,
      "Initial Known": 0.8340606583774857,
      "Inter-Dependency": 0.5641749184351555,
      "Plan": 0.37268904468870445,
      "Size": 0.6156583959862372,
      "Team Size": 0.990327664055514
    },
    "6": {
      "Criticality": 0.6044153203193443,
      "Criticality Modifier": 0.29021246800717326,
      "Culture": 0.05925787314509814,
      "Dynamism": 0.5057621140494051,
      "Initial Known": 0.768747470681789,
      "Inter-Dependency": 0.3205583853343015,
      "Plan": 0.3403415146340041,
      "Size": 0.10537836112133794,
      "Team Size": 0.39583476455254424
    },
    "7": {
      "Criticality": 0.9198211222382735,
      "Criticality Modifier": 0.18109392119581524,
      "Culture": 0.22710987538035227,
      "Dynamism": 0.6586986966229916,
      "Initial Known": 0.5425502840341435,
      "Inter-Dependency": 0.14470514828933456,
      "Plan": 0.008755650175067345,
      "Size": 0.7312169470683441,
      "Team Size": 0.44080628558167845
    },
    "8": {
      "Criticality": 0.5568765200584989,
      "Criticality Modifier": 0.8052389829339544,
      "Culture": 0.42573071490315667,
      "Dynamism": 0.4835874012190249,
      "Initial Known": 0.5189696791019768,
      "Inter-Dependency": 0.06497677852649689,
      "Plan": 0.6546575285295804,
      "Size": 0.38872122200545356,
      "Team Size": 0.8808851334831381
    },
    "9": {
      "Criticality": 0.8917112595273592,
      "Criticality Modifier": 0.7751881095801975,
      "Culture": 0.4643582894447671,
      "Dynamism": 0.20098890705691957,
      "Initial Known": 0.05414846481542871,
      "Inter-Dependency": 0.3060089694915826,
      "Plan": 0.009064931859487223,
      "Size": 0.3097138844169784,
      "Team Size": 0.5174319308809768
    },
    "10": {
      "Criticality": 0.2731146079348055,
      "Criticality Modifier": 0.15152159612556262,
      "Culture": 0.19587250544695428,
      "Dynamism": 0.9381924712232524,
      "Initial Known": 0.24497952548733581,
      "Inter-Dependency": 0.5976873491422809,
      "Plan": 0.990809220644747,
      "Size": 0.8171584581770089,
      "Team Size": 0.7446777477912693
    },
    "11": {
      "Criticality": 0.8455073871165073,
      "Criticality Modifier": 0.025341655534205344,
      "Culture": 0.18451111398251652,
      "Dynamism": 0.06220546684543391,
      "Initial Known": 0.5562884476976538,
      "Inter-Dependency": 0.5115012838178684,
      "Plan": 0.5754858718092626,
      "Size": 0.956384415464271,
      "Team Size": 0.6650675810261965
    },
    "12": {
      "Criticality": 0.5227737730521592,
      "Criticality Modifier": 0.05560054590302235,
      "Culture": 0.013143289231883666,
      "Dynamism": 0.06469290140100402,
      "Initial Known": 0.9131924575034563,
      "Inter-Dependency": 0.42894667763017985,