{
  "incumbent_ids": [
    58
  ],
  "rejected_config_ids": [
    2,
    3,
    4,
    1,
    6,
    7,
    8,
    9,
    10,
    11,
    12,
    13,
    14,
    15,
    16,
    17,
    18,
    19,
    20,
    21,
    22,
    23,
    24,
    25,
    5,
    27,
    28,
    29,
    30,
    31,
    32,
    33,
    34,
    35,
    36,
    37,
    38,
    39,
    40,
    41,
    42,
    43,
    44,
    45,
    46,
    47,
    48,
    49,
    50,
    51,
    52,
    53,
    54,
    55,
    56,
    57,
    26,
    59,
    60,
    61,
    62,
    63,
    64,
    65,
    66,
    67,
    68,
    69,
    70,
    71,
    72,
    73,
    74,
    75,
    76,
    77,
    78,
    79,
    80,
    81,
    82,
    83,
    84,
    85,
    86,
    87,
    88,
    89,
    90
  ],
  "incumbents_changed": 4,
  "trajectory": [
    {
      "config_ids": [
        1
      ],
      "costs": [
        0.45382663094968345
      ],
      "trial": 1,
      "walltime": 0.05703544616699219
    },
    {
      "config_ids": [
        5
      ],
      "costs": [
        0.3893870191155626
      ],
      "trial": 5,
      "walltime": 0.6980843544006348
    },
    {
      "config_ids": [
        26
      ],
      "costs": [
        0.3513569799560069
      ],
      "trial": 26,
      "walltime": 5.245340585708618
    },
    {
      "config_ids": [
        58
      ],
      "costs": [
        0.33404364197772773
      ],
      "trial": 58,
      "walltime": 12.978262901306152
    }
  ],
  "state": {
    "queue": [
      [
        90,
        1
      ]
    ]
  }
}