{
  "DE_params": {
    "mutation_factor": 0.5,
    "crossover_prob": 0.5,
    "strategy": "rand1_bin",
    "configspace": true,
    "boundary_fix_type": "random",
    "max_age": Infinity,
    "dimensions": 31,
    "output_path": "../results/tmp/DEHB_tmp/dehb_20251208-045746_af60",
    "async_strategy": "immediate"
  },
  "HB_params": {
    "min_fidelity": 1,
    "max_fidelity": 10,
    "min_clip": null,
    "max_clip": null,
    "eta": 3
  },
  "internals": {
    "initial_configs": [
      {
        "config_id": 0,
        "config": [
          0.5,
          0.5,
          0.5,
          0.0,
          0.0,
          0.0,
          0.30357142857142855,
          0.5,
          0.0,
          0.5,
          0.0,
          0.5,
          0.456444218033622,
          0.0,
          0.0,
          0.5,
          0.5,
          0.5,
          0.0,
          0.9505494505494505,
          0.2974683544303797,
          0.6981132075471698,
          0.8112522686025408,
          0.5071868583162218,
          0.9261363636363636,
          0.6488294314381271,
          0.7677419354838709,
          0.76,
          0.6666666666666666,
          0.0,
          0.0
        ],
        "results": {
          "1.1111111111111112": {
            "score": Infinity,
            "cost": -1,
            "info": {}
          }
        }
      },
      {
        "config_id": 1,
        "config": [
          0.5,
          0.0,
          0.5,
          0.5,
          0.0,
          0.4,
          0.5178571428571429,
          0.0,
          0.0,
          0.5,
          0.0,
          0.5,
          0.6327050433010698,
          0.3333333333333333,
          0.0,
          0.0,
          0.0,
          0.5,
          0.0,
          0.7417582417582418,
          0.6518987341772152,
          0.5660377358490566,
          0.4029038112522686,
          0.32238193018480493,
          0.8693181818181818,
          0.3433667781493868,
          0.712258064516129,
          0.65,
          0.3333333333333333,
          0.0,
          0.0
        ],
        "results": {
          "1.1111111111111112": {
            "score": Infinity,
            "cost": -1,
            "info": {}
          }
        }
      },
      {
        "config_id": 2,
        "config": [
          0.0,
          0.5,
          0.0,
          0.5,
          0.0,
          0.2,
          0.30357142857142855,
          0.0,
          0.0,
          0.5,
          0.0,
          0.0,
          0.014773306164034642,
          0.6666666666666666,
          0.5,
          0.5,
          0.0,
          0.0,
          0.0,
          0.8956043956043956,
          0.189873417721519,
          0.29245283018867924,
          0.35208711433756806,
          0.7772073921971252,
          0.10227272727272728,
          0.3188405797101449,
          0.23483870967741935,
          0.19,
          0.6666666666666666,
          0.0,
          0.0
        ],
        "results": {
          "1.1111111111111112": {
            "score": Infinity,
            "cost": -1,
            "info": {}
          }
        }
      },
      {
        "config_id": 3,
        "config": [
          0.5,
          0.0,
          0.5,
          0.5,
          0.5,
          0.0,
          0.6964285714285714,
          0.5,
          0.0,
          0.5,
          0.0,
          0.0,
          0.9337748344370861,
          0.0,
          0.0,
          0.0,
          0.5,
          0.0,
          0.5,
          0.6813186813186813,
          0.4240506329113924,
          0.15566037735849056,
          0.20689655172413793,
          0.3264887063655031,
          0.24431818181818182,
          0.3634336677814939,
          0.9793548387096774,
          0.02,
          0.6666666666666666,
          0.0,
          0.0
        ],
        "results": {
          "1.1111111111111112": {
            "score": Infinity,
            "cost": -1,
            "info": {}
          }
        }
      },
      {
        "config_id": 4,
        "config": [
          0.5,
          0.5,
          0.5,
          0.0,
          0.0,
          0.6,
          0.6607142857142857,
          0.0,
          0.0,
          0.0,
          0.5,
          0.0,
          0.673458991339786,
          0.6666666666666666,
          0.5,
          0.5,
          0.5,
          0.5,
          0.5,
          0.2032967032967033,
          0.4177215189873418,
          0.9292452830188679,
          0.3684210526315789,
          0.433264887063655,
          0.3181818181818182,
          0.4659977703455964,
          0.5393548387096774,
          0.14,
          0.0,
          0.0,
          0.0
        ],
        "results": {
          "1.1111111111111112": {
            "score": Infinity,
            "cost": -1,
            "info": {}
          }
        }
      },
      {
        "config_id": 5,
        "config": [
          0.0,
          0.0,
          0.5,
          0.5,
          0.0,
          0.6,
          0.0,
          0.0,
          0.0,
          0.5,
          0.0,
          0.0,
          0.6479877738155884,
          0.6666666666666666,
          0.0,
          0.5,
          0.0,
          0.0,
          0.0,
          0.4340659340659341,
          0.0,
          0.8679245283018868,
          0.5444646098003629,
          0.20841889117043122,
          0.7272727272727273,
          0.9855072463768116,
          0.5083870967741936,
          0.88,
          0.0,
          0.0,
          0.0
        ],
        "results": {
          "1.1111111111111112": {
            "score": Infinity,
            "cost": -1,
            "info": {}
          }
        }
      },
      {
        "config_id": 6,
        "config": [
          0.5,
          0.0,
          0.5,
          0.5,
          0.5,
          0.4,
          0.017857142857142856,
          0.0,
          0.5,
          0.0,
          0.0,
          0.0,
          0.32603158430973,
          0.3333333333333333,
          0.5,
          0.5,
          0.5,
          0.0,
          0.0,
          0.8296703296703297,
          0.31645569620253167,
          0.9198113207547169,
          0.46098003629764067,
          0.23408624229979466,
          0.8409090909090909,
          0.16722408026755853,
          0.4103225806451613,
          0.5,
          0.0,
          0.0,
          0.0
        ],
        "results": {
          "1.1111111111111112": {
            "score": Infinity,
            "cost": -1,
            "info": {}
          }
        }
      },
      {
        "config_id": 7,
        "config": [
          0.5,
          0.0,
          0.0,
          0.0,
          0.0,
          0.0,
          0.7857142857142857,
          0.0,
          0.0,
          0.0,
          0.0,
          0.0,
          0.7544574630667346,
          0.0,
          0.0,
          0.5,
          0.0,
          0.0,
          0.5,
          0.6263736263736264,
          0.7341772151898734,
          0.33490566037735847,
          0.039927404718693285,
          0.5133470225872689,
          0.6534090909090909,
          0.0033444816053511705,
          0.2541935483870968,
          0.6,
          0.0,
          0.0,
          0.0
        ],
        "results": {
          "1.1111111111111112": {
            "score": Infinity,
            "cost": -1,
            "info": {}
          }
        }
      },
      {
        "config_id": 8,