{
  "incumbent_ids": [
    5
  ],
  "rejected_config_ids": [
    2,
    3,
    4,
    1,
    6
  ],
  "incumbents_changed": 2,
  "trajectory": [
    {
      "config_ids": [
        1
      ],
      "costs": [
        0.20174505409931276
      ],
      "trial": 1,
      "walltime": 0.008974075317382812
    },
    {
      "config_ids": [
        5
      ],
      "costs": [
        0.18363205337453525
      ],
      "trial": 5,
      "walltime": 2.6573214530944824
    }
  ],
  "state": {
    "queue": [
      [
        6,
        1
      ]
    ]
  }
}