{
  "stats": {
    "submitted": 24,
    "finished": 24,
    "running": 0
  },
  "data": [
    [
      1,
      null,
      953453411,
      null,
      0.21343649857860925,
      0.0022165775299072266,
      1,
      1763449062.9415214,
      1763449062.9454048,
      {}
    ],
    [
      2,
      null,
      953453411,
      null,
      0.5282495715577947,
      0.0016279220581054688,
      1,
      1763449062.9525728,
      1763449062.9555304,
      {}
    ],
    [
      3,
      null,
      953453411,
      null,
      0.16887569146923676,
      0.0014867782592773438,
      1,
      1763449064.827344,
      1763449064.8301778,
      {}
    ],
    [
      4,
      null,
      953453411,
      null,
      0.41213246631072065,
      0.00150299072265625,
      1,
      1763449064.8375769,
      1763449064.840395,
      {}
    ],
    [
      5,
      null,
      953453411,
      null,
      0.22518402568296925,
      0.0012657642364501953,
      1,
      1763449064.8455627,
      1763449064.8480985,
      {}
    ],
    [
      6,
      null,
      953453411,
      null,
      0.21343649857860925,
      0.0006890296936035156,
      1,
      1763449064.8537886,
      1763449064.855838,
      {}
    ],
    [
      7,
      null,
      953453411,
      null,
      0.4130636465913151,
      0.0012857913970947266,
      1,
      1763449064.863321,
      1763449064.8660069,
      {}
    ],
    [
      8,
      null,
      953453411,
      null,
      0.22833619961531537,
      0.0013911724090576172,
      1,
      1763449064.8739092,
      1763449064.8779714,
      {}
    ],
    [
      9,
      null,
      953453411,
      null,
      0.3193083879809454,
      0.0012156963348388672,
      1,
      1763449064.8844976,
      1763449064.886989,
      {}
    ],
    [
      10,
      null,
      953453411,
      null,
      0.458050769193892,
      0.0028047561645507812,
      1,
      1763449064.8935142,
      1763449064.8975732,
      {}
    ],
    [
      11,
      null,
      953453411,
      null,
      0.16887569146923676,
      0.0007052421569824219,
      1,
      1763449066.5305324,
      1763449066.5340488,
      {}
    ],
    [
      12,
      null,
      953453411,
      null,
      0.4157796690427502,
      0.0020399093627929688,
      1,
      1763449066.541787,
      1763449066.5452216,
      {}
    ],
    [
      13,
      null,
      953453411,
      null,
      0.20663170943169995,
      0.0013566017150878906,
      1,
      1763449066.554194,
      1763449066.5570264,
      {}
    ],
    [
      14,
      null,
      953453411,
      null,
      0.4548761112999753,
      0.004076480865478516,
      1,
      1763449066.5647955,
      1763449066.570319,
      {}
    ],
    [
      15,
      null,
      953453411,
      null,
      0.22237668747440842,
      0.0016903877258300781,
      1,
      1763449066.5791795,
      1763449066.5825737,
      {}
    ],
    [
      16,
      null,
      953453411,
      null,
      0.2909331016733403,
      0.0017437934875488281,
      1,
      1763449066.5924995,
      1763449066.595614,
      {}
    ],
    [
      17,
      null,
      953453411,
      null,
      0.37483931522895375,
      0.00121307373046875,
      1,
      1763449066.6050606,
      1763449066.6076188,
      {}
    ],
    [
      18,
      null,
      953453411,
      null,
      0.45682016825438565,
      0.001172780990600586,
      1,
      1763449066.616226,
      1763449066.6186814,
      {}
    ],
    [
      19,
      null,
      953453411,
      null,
      0.16887569146923676,
      0.0005800724029541016,
      1,
      1763449068.319475,
      1763449068.3213131,
      {}
    ],
    [
      20,
      null,
      953453411,
      null,
      0.23626318151541403,
      0.0014057159423828125,
      1,
      1763449068.3290439,
      1763449068.3315258,
      {}
    ],
    [
      21,
      null,
      953453411,
      null,
      0.2090622149988235,
      0.0006875991821289062,
      1,
      1763449068.3392344,
      1763449068.3409886,
      {}
    ],
    [
      22,
      null,
      953453411,
      null,
      0.2607013746574297,
      0.0006759166717529297,
      1,
      1763449068.3524544,
      1763449068.3541842,
      {}
    ],
    [
      23,
      null,
      953453411,
      null,
      0.057799290519405355,
      0.0007283687591552734,
      1,
      1763449068.3622158,
      1763449068.3640926,
      {}
    ],
    [
      24,
      null,
      953453411,
      null,
      0.11589144691736175,
      0.0018801689147949219,
      1,
      1763449068.3739204,
      1763449068.3768902,
      {}
    ]
  ],
  "configs": {
    "1": {
      "Criticality": 0.3503982276008343,
      "Criticality Modifier": 0.9282948997009851,
      "Culture": 0.0054966682202963095,
      "Dynamism": 0.42628699995421965,
      "Initial Known": 0.7116201186328489,
      "Inter-Dependency": 0.8579589816043698,
      "Plan": 0.95237445901188,
      "Size": 0.3374126997039127,
      "Team Size": 0.1740089308777737
    },
    "2": {
      "Criticality": 0.940088315884667,
      "Criticality Modifier": 0.20504810712547739,
      "Culture": 0.8055330313616031,
      "Dynamism": 0.7014684069214671,
      "Initial Known": 0.14560505847736852,
      "Inter-Dependency": 0.31944540190982323,
      "Plan": 0.36598611392619756,
      "Size": 0.7014679820613153,
      "Team Size": 0.5795640133451949
    },
    "3": {
      "Criticality": 0.9240587349022072,
      "Criticality Modifier": 0.8729262700933799,
      "Culture": 0.04543945020639746,
      "Dynamism": 0.20245276451070054,
      "Initial Known": 0.29075791854096766,
      "Inter-Dependency": 0.27583230804099945,
      "Plan": 0.01226602788516558,
      "Size": 0.034291495473300335,
      "Team Size": 0.38636552572928223
    },
    "4": {
      "Criticality": 0.8975070566589464,
      "Criticality Modifier": 0.7909185074829255,
      "Culture": 0.18484478669744683,
      "Dynamism": 0.345504641509151,
      "Initial Known": 0.626640478622422,
      "Inter-Dependency": 0.19823667336278344,
      "Plan": 0.5178305139565915,
      "Size": 0.4515870394421636,
      "Team Size": 0.8676807574892986
    },
    "5": {
      "Criticality": 0.984146714289009,
      "Criticality Modifier": 0.5422024987333132,
      "Culture": 0.06256428462398338,
      "Dynamism": 0.46369649828486004,
      "Initial Known": 0.708409612278526,
      "Inter-Dependency": 0.5565034155953871,
      "Plan": 0.2977739939226264,
      "Size": 0.01673936148457147,
      "Team Size": 0.43766409554682456
    },
    "6": {
      "Criticality": 0.43308697465155255,
      "Criticality Modifier": 0.9282948997009851,
      "Culture": 0.13986377794376684,
      "Dynamism": 0.5013642611878415,
      "Initial Known": 0.6033389564375762,
      "Inter-Dependency": 0.8646715083328425,
      "Plan": 0.9983911997484224,
      "Size": 0.22952029659364587,
      "Team Size": 0.1740089308777737
    },
    "7": {
      "Criticality": 0.9819336548224455,
      "Criticality Modifier": 0.6935385159547393,
      "Culture": 0.04326662274159726,
      "Dynamism": 0.26444754114690805,
      "Initial Known": 0.5033000890574342,
      "Inter-Dependency": 0.11826140397649948,
      "Plan": 0.9622661073056196,
      "Size": 0.9715243410441111,
      "Team Size": 0.10999371878604294
    },
    "8": {
      "Criticality": 0.2636265367347496,
      "Criticality Modifier": 0.9030601538734333,
      "Culture": 0.03836981146616802,
      "Dynamism": 0.6973621001662372,
      "Initial Known": 0.5930337070128843,
      "Inter-Dependency": 0.05004882940622276,
      "Plan": 0.37139908285406426,
      "Size": 0.3982110932691389,
      "Team Size": 0.4926822230640985
    },
    "9": {
      "Criticality": 0.9799982691002165,
      "Criticality Modifier": 0.8719331305923481,
      "Culture": 0.1250343726966065,
      "Dynamism": 0.33340678248126643,
      "Initial Known": 0.5093981313950536,
      "Inter-Dependency": 0.5361789150821518,
      "Plan": 0.784081886270982,