{
  "incumbent_ids": [
    18
  ],
  "rejected_config_ids": [
    2,
    3,
    4,
    5,
    1,
    7,
    8,
    9,
    10,
    11,
    12,
    13,
    14,
    6,
    16,
    17,
    15
  ],
  "incumbents_changed": 4,
  "trajectory": [
    {
      "config_ids": [
        1
      ],
      "costs": [
        0.7900064642210698
      ],
      "trial": 1,
      "walltime": 0.009563446044921875
    },
    {
      "config_ids": [
        6
      ],
      "costs": [
        0.7890238199781132
      ],
      "trial": 6,
      "walltime": 1.5282528400421143
    },
    {
      "config_ids": [
        15
      ],
      "costs": [
        0.7845910067679509
      ],
      "trial": 15,
      "walltime": 3.063472032546997
    },
    {
      "config_ids": [
        18
      ],
      "costs": [
        0.7836896540923618
      ],
      "trial": 18,
      "walltime": 4.673265218734741
    }
  ],
  "state": {
    "queue": [
      [
        18,
        1
      ]
    ]
  }
}