{
  "stats": {
    "submitted": 12,
    "finished": 12,
    "running": 0
  },
  "data": [
    [
      1,
      null,
      44556670,
      null,
      0.2839890193067851,
      0.004382133483886719,
      1,
      1763446473.5745125,
      1763446473.586892,
      {}
    ],
    [
      2,
      null,
      44556670,
      null,
      0.44875645394820274,
      0.00208282470703125,
      1,
      1763446473.5997996,
      1763446473.6036067,
      {}
    ],
    [
      3,
      null,
      44556670,
      null,
      0.3526401661011005,
      0.003469705581665039,
      1,
      1763446476.5260403,
      1763446476.5375369,
      {}
    ],
    [
      4,
      null,
      44556670,
      null,
      0.27460327960343045,
      0.0012118816375732422,
      1,
      1763446476.5462348,
      1763446476.5491471,
      {}
    ],
    [
      5,
      null,
      44556670,
      null,
      0.2898822708849941,
      0.005271434783935547,
      1,
      1763446476.567802,
      1763446476.5748167,
      {}
    ],
    [
      6,
      null,
      44556670,
      null,
      0.30621972005301434,
      0.0009238719940185547,
      1,
      1763446476.5826268,
      1763446476.5853639,
      {}
    ],
    [
      7,
      null,
      44556670,
      null,
      0.0697324451076411,
      0.0009875297546386719,
      1,
      1763446476.5968764,
      1763446476.5994666,
      {}
    ],
    [
      8,
      null,
      44556670,
      null,
      0.3650573398146434,
      0.0010418891906738281,
      1,
      1763446476.609034,
      1763446476.6117332,
      {}
    ],
    [
      9,
      null,
      44556670,
      null,
      0.13280985417673263,
      0.0008890628814697266,
      1,
      1763446476.6221006,
      1763446476.6247969,
      {}
    ],
    [
      10,
      null,
      44556670,
      null,
      0.4197899453049845,
      0.0010037422180175781,
      1,
      1763446476.6441073,
      1763446476.6467385,
      {}
    ],
    [
      11,
      null,
      44556670,
      null,
      0.0697324451076411,
      0.0015325546264648438,
      1,
      1763446480.3448818,
      1763446480.3483262,
      {}
    ],
    [
      12,
      null,
      44556670,
      null,
      0.18227572944943304,
      0.0020766258239746094,
      1,
      1763446480.3596756,
      1763446480.3633242,
      {}
    ]
  ],
  "configs": {
    "1": {
      " ACAP": 3.042371194809675,
      " AEXP": 3.076904942453839,
      " CPLx": 2.7754002306610346,
      " DOCU": 1.5580247417092323,
      " ETAT": 3.393119766309858,
      " FLEx": 4.068270470947027,
      " KLOC": 98.18410247364639,
      " LTEx": 1.9797016365490854,
      " PCAP": 4.644330454990268,
      " PCON": 1.6309722550213337,
      " PLEx": 1.8284069541841745,
      " PMAT": 2.076540805399418,
      " PREC": 3.297110894807614,
      " PVOL": 4.523044988298789,
      " RELY": 3.2750703311469405,
      " RESL": 3.055569282119162,
      " RUSE": 5.043038733530789,
      " SCED": 3.0,
      " SITE": 5.564531925134361,
      " STOR": 3.606088695116341,
      " TEAM": 3.9838599601984024,
      " TIME": 3.4321481455117464,
      " TOOL": 2.0,
      "DATA": 4.146621259988285
    },
    "2": {
      " ACAP": 3.0207483077713997,
      " AEXP": 3.5051219018540674,
      " CPLx": 2.4873198794024383,
      " DOCU": 1.5353181158371063,
      " ETAT": 1.7119869829308745,
      " FLEx": 1.874234702504313,
      " KLOC": 170.46096898816452,
      " LTEx": 1.7440554040722638,
      " PCAP": 3.1681193023307,
      " PCON": 2.3819945602016004,
      " PLEx": 1.5003290395969642,
      " PMAT": 2.8785590855326593,
      " PREC": 4.803905162475239,
      " PVOL": 2.117206379121127,
      " RELY": 3.0966230668048844,
      " RESL": 3.2904665024620674,
      " RUSE": 5.591130465782372,
      " SCED": 3.0,
      " SITE": 4.334494864598183,
      " STOR": 3.5478377830464813,
      " TEAM": 3.8100072688481528,
      " TIME": 3.3864771696146656,
      " TOOL": 2.0,
      "DATA": 4.08262159461561
    },
    "3": {
      " ACAP": 4.886496912342044,
      " AEXP": 2.376349747173749,
      " CPLx": 1.3747544008485795,
      " DOCU": 4.473294674370404,
      " ETAT": 2.058543136908196,
      " FLEx": 4.841433409680841,
      " KLOC": 378.1620765297465,
      " LTEx": 1.3169837405354137,
      " PCAP": 4.636850798130906,
      " PCON": 1.264241884539913,
      " PLEx": 3.381182251957917,
      " PMAT": 2.1460997405682,
      " PREC": 2.142413930552423,
      " PVOL": 4.141730194854958,
      " RELY": 3.9871912182876774,
      " RESL": 4.329203197382849,
      " RUSE": 2.5572813456668864,
      " SCED": 3.0,
      " SITE": 2.9108834982990848,
      " STOR": 3.21597795722513,
      " TEAM": 2.2732286097221266,
      " TIME": 3.5797115642957764,
      " TOOL": 2.0,
      "DATA": 4.9754323729351615
    },
    "4": {
      " ACAP": 3.546562718250809,
      " AEXP": 2.358600740699134,
      " CPLx": 2.4366173384516774,
      " DOCU": 2.0177645324261007,
      " ETAT": 5.963132625265059,
      " FLEx": 1.5786348519129132,
      " KLOC": 249.8225044944539,
      " LTEx": 1.6302386162714784,
      " PCAP": 4.8148840792411995,
      " PCON": 4.288147881371044,
      " PLEx": 2.6403627681002524,
      " PMAT": 2.4958824504819805,
      " PREC": 3.8667987669724297,
      " PVOL": 4.906294265806467,
      " RELY": 2.907436224751433,
      " RESL": 3.946521471749052,
      " RUSE": 2.7755135423099873,
      " SCED": 3.0,
      " SITE": 5.127091958359031,
      " STOR": 3.1943632559557096,
      " TEAM": 3.875597139014687,
      " TIME": 3.2150748273704868,
      " TOOL": 2.0,
      "DATA": 4.53542085146699
    },
    "5": {
      " ACAP": 3.5148685056713296,
      " AEXP": 2.970040673036075,
      " CPLx": 3.0048191543947445,
      " DOCU": 3.0997549260645845,
      " ETAT": 5.7583315196462515,
      " FLEx": 3.868684825625305,
      " KLOC": 294.9708912752743,
      " LTEx": 3.477351955536623,
      " PCAP": 4.813496003270368,
      " PCON": 1.5282000495346093,
      " PLEx": 3.2247452596781683,
      " PMAT": 2.739224450842454,
      " PREC": 4.813263022673344,
      " PVOL": 3.2146316659535232,
      " RELY": 1.2335918857330936,
      " RESL": 4.132685216451122,
      " RUSE": 5.575633205267188,
      " SCED": 3.0,
      " SITE": 1.4754225188377976,
      " STOR": 3.906323611066087,
      " TEAM": 3.3864704418300198,
      " TIME": 3.3185783973924297,
      " TOOL": 2.0,
      "DATA": 2.3868510886939864
    },
    "6": {
      " ACAP": 4.03427943827856,
      " AEXP": 4.388378130301103,
      " CPLx": 3.208438494975036,
      " DOCU": 2.0999210334832763,
      " ETAT": 5.803660482325207,
      " FLEx": 1.6345486309335207,
      " KLOC": 276.8934694537363,
      " LTEx": 2.6307228436158128,
      " PCAP": 4.26396289901505,
      " PCON": 3.2431735833098525,
      " PLEx": 2.514988724192802,
      " PMAT": 2.4349062225324105,
      " PREC": 1.4581539962960282,
      " PVOL": 4.368795702492215,
      " RELY": 2.900173884802469,
      " RESL": 4.039733706075836,
      " RUSE": 4.038897568650185,
      " SCED": 3.0,
      " SITE": 4.519179207751165,
      " STOR": 3.203410754443086,
      " TEAM": 3.0715500456841864,
      " TIME": 3.4996142584292795,
      " TOOL": 2.0,
      "DATA": 3.9419560155471567
    },
    "7": {
      " ACAP": 4.79622669222025,
      " AEXP": 4.527039737086632,
      " CPLx": 2.1895403653796177,
      " DOCU": 2.561236379873034,
      " ETAT": 1.6381882089181934,
      " FLEx": 1.4705674954723853,
      " KLOC": 194.7053556429924,
      " LTEx": 3.5147419966660403,
      " PCAP": 4.919375280256729,
      " PCON": 3.4864896472819904,
      " PLEx": 3.014541223138414,
      " PMAT": 2.4225765311225778,
      " PREC": 1.7236024459415784,
      " PVOL": 4.432397231363465,
      " RELY": 3.504602683826345,
      " RESL": 4.996813711661512,
      " RUSE": 3.462784185029048,
      " SCED": 3.0,
      " SITE": 3.417972057931666,
      " STOR": 3.3318299902163333,
      " TEAM": 4.918493540352717,
      " TIME": 3.176647702224855,