{
  "stats": {
    "submitted": 20,
    "finished": 20,
    "running": 0
  },
  "data": [
    [
      1,
      null,
      959027881,
      null,
      0.8592196446958857,
      2.328089714050293,
      1,
      1763068939.0249872,
      1763068941.3904035,
      {}
    ],
    [
      2,
      null,
      959027881,
      null,
      0.8590293308418671,
      2.266252040863037,
      1,
      1763068941.396181,
      1763068943.7029188,
      {}
    ],
    [
      3,
      null,
      959027881,
      null,
      0.858911636629811,
      2.0822646617889404,
      1,
      1763068943.705952,
      1763068945.8191493,
      {}
    ],
    [
      4,
      null,
      959027881,
      null,
      0.8589031464247143,
      2.1530802249908447,
      1,
      1763068945.8223975,
      1763068948.010419,
      {}
    ],
    [
      5,
      null,
      959027881,
      null,
      0.8590578900000583,
      2.1353952884674072,
      1,
      1763068948.0147078,
      1763068950.1824005,
      {}
    ],
    [
      6,
      null,
      959027881,
      null,
      0.8598478431729194,
      2.0775363445281982,
      1,
      1763068950.1890147,
      1763068952.2993007,
      {}
    ],
    [
      7,
      null,
      959027881,
      null,
      0.8601409538121213,
      2.0155153274536133,
      1,
      1763068952.3023982,
      1763068954.350106,
      {}
    ],
    [
      8,
      null,
      959027881,
      null,
      0.8592187281979784,
      2.045245409011841,
      1,
      1763068954.35308,
      1763068956.430529,
      {}
    ],
    [
      9,
      null,
      959027881,
      null,
      0.8804005379032998,
      2.0373728275299072,
      1,
      1763068956.433665,
      1763068958.5120049,
      {}
    ],
    [
      10,
      null,
      959027881,
      null,
      0.8797858997752667,
      2.0104751586914062,
      1,
      1763068958.515799,
      1763068960.5581083,
      {}
    ],
    [
      11,
      null,
      959027881,
      null,
      0.8588750888379932,
      2.25580096244812,
      1,
      1763068960.5614583,
      1763068962.852058,
      {}
    ],
    [
      12,
      null,
      959027881,
      null,
      0.85902600327334,
      2.422593832015991,
      1,
      1763068962.8564498,
      1763068965.3138587,
      {}
    ],
    [
      13,
      null,
      959027881,
      null,
      0.8593138052949617,
      2.1604416370391846,
      1,
      1763068965.3181632,
      1763068967.5149944,
      {}
    ],
    [
      14,
      null,
      959027881,
      null,
      0.8590032386512302,
      2.246020793914795,
      1,
      1763068967.5199552,
      1763068969.8009512,
      {}
    ],
    [
      15,
      null,
      959027881,
      null,
      0.8593899387688044,
      2.4714317321777344,
      1,
      1763068969.8047574,
      1763068972.3093772,
      {}
    ],
    [
      16,
      null,
      959027881,
      null,
      0.8588733107941845,
      2.1653990745544434,
      1,
      1763068972.3139977,
      1763068974.5135975,
      {}
    ],
    [
      17,
      null,
      959027881,
      null,
      0.8592561333127494,
      2.19830060005188,
      1,
      1763068974.5179226,
      1763068976.7504497,
      {}
    ],
    [
      18,
      null,
      959027881,
      null,
      0.8818758379615692,
      2.163536548614502,
      1,
      1763068976.754489,
      1763068978.9513865,
      {}
    ],
    [
      19,
      null,
      959027881,
      null,
      0.8595235528013676,
      2.0935471057891846,
      1,
      1763068978.9554434,
      1763068981.0811596,
      {}
    ],
    [
      20,
      null,
      959027881,
      null,
      0.8827225511876424,
      2.1702287197113037,
      1,
      1763068981.08626,
      1763068983.2898207,
      {}
    ]
  ],
  "configs": {
    "1": {
      "row_id": "4933"
    },
    "2": {
      "row_id": "8898"
    },
    "3": {
      "row_id": "5631"
    },
    "4": {
      "row_id": "534"
    },
    "5": {
      "row_id": "1371"
    },
    "6": {
      "row_id": "7445"
    },
    "7": {
      "row_id": "8026"
    },
    "8": {
      "row_id": "3163"
    },
    "9": {
      "row_id": "2694"
    },
    "10": {
      "row_id": "8495"
    },
    "11": {
      "row_id": "6664"
    },
    "12": {
      "row_id": "2152"
    },
    "13": {
      "row_id": "1003"
    },
    "14": {
      "row_id": "5163"
    },
    "15": {
      "row_id": "9680"
    },
    "16": {
      "row_id": "4152"
    },
    "17": {
      "row_id": "3813"
    },
    "18": {
      "row_id": "9849"
    },
    "19": {
      "row_id": "5615"
    },
    "20": {
      "row_id": "713"
    }
  },
  "config_origins": {
    "1": "Initial Design: Sobol",
    "2": "Initial Design: Sobol",
    "3": "Initial Design: Sobol",
    "4": "Initial Design: Sobol",
    "5": "Initial Design: Sobol",
    "6": "Initial Design: Sobol",
    "7": "Initial Design: Sobol",
    "8": "Initial Design: Sobol",
    "9": "Initial Design: Sobol",
    "10": "Initial Design: Sobol",
    "11": "Initial Design: Sobol",
    "12": "Initial Design: Sobol",
    "13": "Initial Design: Sobol",
    "14": "Initial Design: Sobol",
    "15": "Initial Design: Sobol",
    "16": "Initial Design: Sobol",
    "17": "Initial Design: Sobol",
    "18": "Initial Design: Sobol",
    "19": "Initial Design: Sobol",
    "20": "Initial Design: Sobol"
  }
}