{
  "stats": {
    "submitted": 12,
    "finished": 12,
    "running": 0
  },
  "data": [
    [
      1,
      null,
      1872583848,
      null,
      0.09617903858894328,
      0.0024137496948242188,
      1,
      1763363363.103702,
      1763363363.1078494,
      {}
    ],
    [
      2,
      null,
      1872583848,
      null,
      0.3185601958671078,
      0.0006814002990722656,
      1,
      1763363363.9164581,
      1763363363.918623,
      {}
    ],
    [
      3,
      null,
      1872583848,
      null,
      0.3969551695004466,
      0.0008804798126220703,
      1,
      1763363363.923222,
      1763363363.9254818,
      {}
    ],
    [
      4,
      null,
      1872583848,
      null,
      0.5292600708259778,
      0.0004115104675292969,
      1,
      1763363363.9294438,
      1763363363.9313269,
      {}
    ],
    [
      5,
      null,
      1872583848,
      null,
      0.26783664934807594,
      0.0007410049438476562,
      1,
      1763363363.9355907,
      1763363363.9376833,
      {}
    ],
    [
      6,
      null,
      1872583848,
      null,
      0.4658168881276066,
      0.0006003379821777344,
      1,
      1763363363.9422212,
      1763363363.9442484,
      {}
    ],
    [
      7,
      null,
      1872583848,
      null,
      0.3496510033244473,
      0.0005919933319091797,
      1,
      1763363363.949054,
      1763363363.951208,
      {}
    ],
    [
      8,
      null,
      1872583848,
      null,
      0.3955278614511639,
      0.0006163120269775391,
      1,
      1763363363.9561598,
      1763363363.958123,
      {}
    ],
    [
      9,
      null,
      1872583848,
      null,
      0.02873642486778638,
      0.0005526542663574219,
      1,
      1763363363.9636848,
      1763363363.9655724,
      {}
    ],
    [
      10,
      null,
      1872583848,
      null,
      0.28851999376721627,
      0.0010180473327636719,
      1,
      1763363364.8347666,
      1763363364.8385234,
      {}
    ],
    [
      11,
      null,
      1872583848,
      null,
      0.2791720812004125,
      0.0006220340728759766,
      1,
      1763363364.8457284,
      1763363364.8477983,
      {}
    ],
    [
      12,
      null,
      1872583848,
      null,
      0.2729880596317038,
      0.0005910396575927734,
      1,
      1763363364.8538105,
      1763363364.855823,
      {}
    ]
  ],
  "configs": {
    "1": {
      "data_alignFieldPointers": 1,
      "explorationId": 0,
      "no_explorationId": 1,
      "opt_unroll": 2,
      "opt_unroll_interleave": 0,
      "opt_useAddressPrecalc": 0,
      "opt_vectorize": 1,
      "poly_tileSize_x": 16,
      "poly_tileSize_y": 10,
      "poly_tileSize_z": 16,
      "simd_avoidUnaligned": 0
    },
    "2": {
      "data_alignFieldPointers": 0,
      "explorationId": 3,
      "no_explorationId": 0,
      "opt_unroll": 2,
      "opt_unroll_interleave": 0,
      "opt_useAddressPrecalc": 1,
      "opt_vectorize": 0,
      "poly_tileSize_x": 8,
      "poly_tileSize_y": 16,
      "poly_tileSize_z": 128,
      "simd_avoidUnaligned": 0
    },
    "3": {
      "data_alignFieldPointers": 0,
      "explorationId": 0,
      "no_explorationId": 0,
      "opt_unroll": 2,
      "opt_unroll_interleave": 1,
      "opt_useAddressPrecalc": 0,
      "opt_vectorize": 1,
      "poly_tileSize_x": 64,
      "poly_tileSize_y": 16,
      "poly_tileSize_z": 20,
      "simd_avoidUnaligned": 1
    },
    "4": {
      "data_alignFieldPointers": 1,
      "explorationId": 1,
      "no_explorationId": 0,
      "opt_unroll": 3,
      "opt_unroll_interleave": 0,
      "opt_useAddressPrecalc": 1,
      "opt_vectorize": 1,
      "poly_tileSize_x": 10,
      "poly_tileSize_y": 10,
      "poly_tileSize_z": 10,
      "simd_avoidUnaligned": 1
    },
    "5": {
      "data_alignFieldPointers": 1,
      "explorationId": 4,
      "no_explorationId": 0,
      "opt_unroll": 3,
      "opt_unroll_interleave": 1,
      "opt_useAddressPrecalc": 1,
      "opt_vectorize": 0,
      "poly_tileSize_x": 8,
      "poly_tileSize_y": 64,
      "poly_tileSize_z": 20,
      "simd_avoidUnaligned": 0
    },
    "6": {
      "data_alignFieldPointers": 1,
      "explorationId": 0,
      "no_explorationId": 0,
      "opt_unroll": 4,
      "opt_unroll_interleave": 1,
      "opt_useAddressPrecalc": 0,
      "opt_vectorize": 1,
      "poly_tileSize_x": 32,
      "poly_tileSize_y": 0,
      "poly_tileSize_z": 8,
      "simd_avoidUnaligned": 0
    },
    "7": {
      "data_alignFieldPointers": 0,
      "explorationId": 3,
      "no_explorationId": 1,
      "opt_unroll": 4,
      "opt_unroll_interleave": 0,
      "opt_useAddressPrecalc": 1,
      "opt_vectorize": 1,
      "poly_tileSize_x": 64,
      "poly_tileSize_y": 64,
      "poly_tileSize_z": 10,
      "simd_avoidUnaligned": 0
    },
    "8": {
      "data_alignFieldPointers": 1,
      "explorationId": 2,
      "no_explorationId": 0,
      "opt_unroll": 2,
      "opt_unroll_interleave": 0,
      "opt_useAddressPrecalc": 0,
      "opt_vectorize": 1,
      "poly_tileSize_x": 16,
      "poly_tileSize_y": 32,
      "poly_tileSize_z": 128,
      "simd_avoidUnaligned": 0
    },
    "9": {
      "data_alignFieldPointers": 0,
      "explorationId": 1,
      "no_explorationId": 1,
      "opt_unroll": 3,
      "opt_unroll_interleave": 0,
      "opt_useAddressPrecalc": 1,
      "opt_vectorize": 0,
      "poly_tileSize_x": 16,
      "poly_tileSize_y": 32,
      "poly_tileSize_z": 64,
      "simd_avoidUnaligned": 0
    },
    "10": {
      "data_alignFieldPointers": 0,
      "explorationId": 4,
      "no_explorationId": 1,
      "opt_unroll": 3,
      "opt_unroll_interleave": 1,
      "opt_useAddressPrecalc": 1,
      "opt_vectorize": 0,
      "poly_tileSize_x": 8,
      "poly_tileSize_y": 16,
      "poly_tileSize_z": 64,
      "simd_avoidUnaligned": 1
    },
    "11": {
      "data_alignFieldPointers": 0,
      "explorationId": 4,
      "no_explorationId": 1,
      "opt_unroll": 3,
      "opt_unroll_interleave": 1,
      "opt_useAddressPrecalc": 1,
      "opt_vectorize": 0,
      "poly_tileSize_x": 16,
      "poly_tileSize_y": 16,
      "poly_tileSize_z": 64,
      "simd_avoidUnaligned": 1
    },
    "12": {
      "data_alignFieldPointers": 0,
      "explorationId": 4,
      "no_explorationId": 1,
      "opt_unroll": 3,
      "opt_unroll_interleave": 0,
      "opt_useAddressPrecalc": 1,
      "opt_vectorize": 0,
      "poly_tileSize_x": 128,
      "poly_tileSize_y": 16,
      "poly_tileSize_z": 64,
      "simd_avoidUnaligned": 1
    }
  },
  "config_origins": {
    "1": "Initial Design: Sobol",
    "2": "Acquisition Function Maximizer: Local Search",
    "3": "Random Search",
    "4": "Acquisition Function Maximizer: Local Search",
    "5": "Acquisition Function Maximizer: Local Search",
    "6": "Acquisition Function Maximizer: Local Search",
    "7": "Acquisition Function Maximizer: Local Search",
    "8": "Acquisition Function Maximizer: Local Search",
    "9": "Acquisition Function Maximizer: Local Search",
    "10": "Acquisition Function Maximizer: Local Search",
    "11": "Acquisition Function Maximizer: Local Search",
    "12": "Acquisition Function Maximizer: Local Search"
  }
}