{
  "incumbent_ids": [
    11
  ],
  "rejected_config_ids": [
    2,
    3,
    4,
    5,
    6,
    7,
    8,
    9,
    10,
    1,
    12,
    13,
    14,
    15,
    16,
    17,
    18
  ],
  "incumbents_changed": 2,
  "trajectory": [
    {
      "config_ids": [
        1
      ],
      "costs": [
        0.4893697889292481
      ],
      "trial": 1,
      "walltime": 0.035924434661865234
    },
    {
      "config_ids": [
        11
      ],
      "costs": [
        0.428754178957624
      ],
      "trial": 11,
      "walltime": 2.9311904907226562
    }
  ],
  "state": {
    "queue": [
      [
        18,
        1
      ]
    ]
  }
}