{
  "incumbent_ids": [
    2
  ],
  "rejected_config_ids": [
    1
  ],
  "incumbents_changed": 2,
  "trajectory": [
    {
      "config_ids": [
        1
      ],
      "costs": [
        0.642250671434759
      ],
      "trial": 1,
      "walltime": 2.4466850757598877
    },
    {
      "config_ids": [
        2
      ],
      "costs": [
        0.6040954139130118
      ],
      "trial": 2,
      "walltime": 5.004612684249878
    }
  ],
  "state": {
    "queue": []
  }
}