{
  "incumbent_ids": [
    6
  ],
  "rejected_config_ids": [
    1,
    3,
    4,
    5,
    2,
    7,
    8,
    9
  ],
  "incumbents_changed": 3,
  "trajectory": [
    {
      "config_ids": [
        1
      ],
      "costs": [
        0.574307935886541
      ],
      "trial": 1,
      "walltime": 3.3916850090026855
    },
    {
      "config_ids": [
        2
      ],
      "costs": [
        0.2399611405121046
      ],
      "trial": 2,
      "walltime": 157.74519419670105
    },
    {
      "config_ids": [
        6
      ],
      "costs": [
        0.15680540532282639
      ],
      "trial": 6,
      "walltime": 171.29971051216125
    }
  ],
  "state": {
    "queue": []
  }
}