{
  "incumbent_ids": [
    19
  ],
  "rejected_config_ids": [
    2,
    3,
    1,
    5,
    6,
    7,
    4,
    9,
    10,
    11,
    12,
    13,
    14,
    15,
    16,
    17,
    18,
    8,
    20,
    21,
    22,
    23,
    24,
    25,
    26,
    27,
    28,
    29,
    30,
    31,
    32,
    33,
    34,
    35,
    36,
    37,
    38,
    39,
    40,
    41,
    42,
    43,
    44,
    45,
    46,
    47,
    48,
    49,
    50
  ],
  "incumbents_changed": 4,
  "trajectory": [
    {
      "config_ids": [
        1
      ],
      "costs": [
        0.39300500759243184
      ],
      "trial": 1,
      "walltime": 0.013710975646972656
    },
    {
      "config_ids": [
        4
      ],
      "costs": [
        0.2530281756816072
      ],
      "trial": 4,
      "walltime": 0.05719304084777832
    },
    {
      "config_ids": [
        8
      ],
      "costs": [
        0.22948626534465855
      ],
      "trial": 8,
      "walltime": 2.8661885261535645
    },
    {
      "config_ids": [
        19
      ],
      "costs": [
        0.1795749351421474
      ],
      "trial": 19,
      "walltime": 5.335700273513794
    }
  ],
  "state": {
    "queue": [
      [
        50,
        1
      ]
    ]
  }
}