{
  "incumbent_ids": [
    5
  ],
  "rejected_config_ids": [
    1,
    3,
    2,
    4,
    6,
    7,
    8,
    9
  ],
  "incumbents_changed": 4,
  "trajectory": [
    {
      "config_ids": [
        1
      ],
      "costs": [
        0.5290025789712038
      ],
      "trial": 1,
      "walltime": 3.2452380657196045
    },
    {
      "config_ids": [
        2
      ],
      "costs": [
        0.4477316307832342
      ],
      "trial": 2,
      "walltime": 6.776799917221069
    },
    {
      "config_ids": [
        4
      ],
      "costs": [
        0.4168884859710096
      ],
      "trial": 4,
      "walltime": 188.04114174842834
    },
    {
      "config_ids": [
        5
      ],
      "costs": [
        0.3658006996054466
      ],
      "trial": 5,
      "walltime": 191.5071246623993
    }
  ],
  "state": {
    "queue": []
  }
}