{
  "incumbent_ids": [
    24
  ],
  "rejected_config_ids": [
    1,
    3,
    4,
    5,
    6,
    7,
    8,
    9,
    10,
    11,
    12,
    13,
    14,
    15,
    16,
    17,
    18,
    19,
    20,
    21,
    22,
    23,
    2,
    25,
    26,
    27,
    28
  ],
  "incumbents_changed": 3,
  "trajectory": [
    {
      "config_ids": [
        1
      ],
      "costs": [
        0.24302943290122192
      ],
      "trial": 1,
      "walltime": 0.010631322860717773
    },
    {
      "config_ids": [
        2
      ],
      "costs": [
        0.1906610996469038
      ],
      "trial": 2,
      "walltime": 0.01943492889404297
    },
    {
      "config_ids": [
        24
      ],
      "costs": [
        0.1644700885793985
      ],
      "trial": 24,
      "walltime": 4.266286849975586
    }
  ],
  "state": {
    "queue": []
  }
}