{
  "incumbent_ids": [
    3
  ],
  "rejected_config_ids": [
    2,
    1,
    4,
    5,
    6,
    7,
    8,
    9,
    10,
    11,
    12,
    13,
    14,
    15,
    16,
    17,
    18,
    19,
    20,
    21,
    22,
    23,
    24
  ],
  "incumbents_changed": 2,
  "trajectory": [
    {
      "config_ids": [
        1
      ],
      "costs": [
        0.16400266636957506
      ],
      "trial": 1,
      "walltime": 0.009360790252685547
    },
    {
      "config_ids": [
        3
      ],
      "costs": [
        0.04405002636551325
      ],
      "trial": 3,
      "walltime": 3.5133183002471924
    }
  ],
  "state": {
    "queue": [
      [
        24,
        1
      ]
    ]
  }
}