{
  "stats": {
    "submitted": 18,
    "finished": 18,
    "running": 0
  },
  "data": [
    [
      1,
      null,
      959027881,
      null,
      0.24715191590024277,
      0.004157543182373047,
      1,
      1763448327.2075968,
      1763448327.2163792,
      {}
    ],
    [
      2,
      null,
      959027881,
      null,
      0.3544867355491179,
      0.002021312713623047,
      1,
      1763448332.0411608,
      1763448332.044946,
      {}
    ],
    [
      3,
      null,
      959027881,
      null,
      0.13831626396160512,
      0.0008990764617919922,
      1,
      1763448332.0517848,
      1763448332.0542367,
      {}
    ],
    [
      4,
      null,
      959027881,
      null,
      0.32365974246456186,
      0.0009121894836425781,
      1,
      1763448332.0621207,
      1763448332.0646102,
      {}
    ],
    [
      5,
      null,
      959027881,
      null,
      0.27013971716586804,
      0.0008428096771240234,
      1,
      1763448332.0741084,
      1763448332.076502,
      {}
    ],
    [
      6,
      null,
      959027881,
      null,
      0.2474337578258533,
      0.0008881092071533203,
      1,
      1763448332.088047,
      1763448332.090474,
      {}
    ],
    [
      7,
      null,
      959027881,
      null,
      0.19536733351555546,
      0.0008668899536132812,
      1,
      1763448332.1029263,
      1763448332.1053782,
      {}
    ],
    [
      8,
      null,
      959027881,
      null,
      0.30097435047650634,
      0.0009100437164306641,
      1,
      1763448332.1163535,
      1763448332.118972,
      {}
    ],
    [
      9,
      null,
      959027881,
      null,
      0.17305094635673557,
      0.0008671283721923828,
      1,
      1763448332.1324131,
      1763448332.134837,
      {}
    ],
    [
      10,
      null,
      959027881,
      null,
      0.40779969710811315,
      0.003864288330078125,
      1,
      1763448332.1735637,
      1763448332.1811295,
      {}
    ],
    [
      11,
      null,
      959027881,
      null,
      0.13831626396160512,
      0.0020599365234375,
      1,
      1763448338.3635738,
      1763448338.373122,
      {}
    ],
    [
      12,
      null,
      959027881,
      null,
      0.2439453673812665,
      0.0023496150970458984,
      1,
      1763448338.4158134,
      1763448338.4202902,
      {}
    ],
    [
      13,
      null,
      959027881,
      null,
      0.21478014013209723,
      0.015570402145385742,
      1,
      1763448338.4513204,
      1763448338.469082,
      {}
    ],
    [
      14,
      null,
      959027881,
      null,
      0.1642680060727817,
      0.013793230056762695,
      1,
      1763448338.4847639,
      1763448338.5005882,
      {}
    ],
    [
      15,
      null,
      959027881,
      null,
      0.10063298766613282,
      0.01914215087890625,
      1,
      1763448338.5345366,
      1763448338.556231,
      {}
    ],
    [
      16,
      null,
      959027881,
      null,
      0.1718225089572426,
      0.012627840042114258,
      1,
      1763448338.5976574,
      1763448338.6168947,
      {}
    ],
    [
      17,
      null,
      959027881,
      null,
      0.24914055309581273,
      0.002209901809692383,
      1,
      1763448338.6406636,
      1763448338.6449654,
      {}
    ],
    [
      18,
      null,
      959027881,
      null,
      0.18951350187358273,
      0.0037336349487304688,
      1,
      1763448342.8209252,
      1763448342.8273873,
      {}
    ]
  ],
  "configs": {
    "1": {
      " ACAP": 3.986786112189293,
      " AEXP": 4.065286513417959,
      " CPLx": 3.8316959800049664,
      " DOCU": 2.543355611184612,
      " ETAT": 1.6263824832560494,
      " FLEx": 4.53863423494529,
      " KLOC": 284.2035732662082,
      " LTEx": 3.224091889336705,
      " PCAP": 4.316558038815856,
      " PCON": 2.717793431133032,
      " PLEx": 3.047956855295226,
      " PMAT": 2.5373304691165686,
      " PREC": 4.4784367318116125,
      " PVOL": 3.5336525589227676,
      " RELY": 2.149597253650427,
      " RESL": 1.5710110050356016,
      " RUSE": 5.048532686596737,
      " SCED": 3.0,
      " SITE": 5.803436282090843,
      " STOR": 3.2133772298693657,
      " TEAM": 2.8704796523889526,
      " TIME": 3.4992144517600536,
      " TOOL": 2.0,
      "DATA": 4.125612730160356
    },
    "2": {
      " ACAP": 4.998982461539076,
      " AEXP": 3.0356852666494007,
      " CPLx": 1.2953605842289093,
      " DOCU": 4.780824039297832,
      " ETAT": 2.6099626014185455,
      " FLEx": 1.074149001730595,
      " KLOC": 324.88150843380646,
      " LTEx": 3.9553102607115385,
      " PCAP": 4.022327620164157,
      " PCON": 3.849427713982349,
      " PLEx": 2.721124739126221,
      " PMAT": 2.643132619484454,
      " PREC": 2.9758989866176764,
      " PVOL": 2.7981471499166757,
      " RELY": 1.8870743435871264,
      " RESL": 2.224011859826745,
      " RUSE": 5.818289776335451,
      " SCED": 3.0,
      " SITE": 4.697377402197592,
      " STOR": 3.0775003246451114,
      " TEAM": 2.419430595817479,
      " TIME": 3.79376958316152,
      " TOOL": 2.0,
      "DATA": 3.4023910237434842
    },
    "3": {
      " ACAP": 4.9978944759202495,
      " AEXP": 4.820615393852535,
      " CPLx": 3.3339629802357997,
      " DOCU": 2.680683715372457,
      " ETAT": 1.8590862705847155,
      " FLEx": 4.967076281150817,
      " KLOC": 158.04909463720938,
      " LTEx": 3.726524976217713,
      " PCAP": 3.069624362954038,
      " PCON": 1.8597444002840882,
      " PLEx": 3.697560512566394,
      " PMAT": 2.710309911929852,
      " PREC": 4.026428256495525,
      " PVOL": 4.516379242893293,
      " RELY": 3.108804749181753,
      " RESL": 1.8288729164685045,
      " RUSE": 2.4225918878605377,
      " SCED": 3.0,
      " SITE": 1.0039621180164784,
      " STOR": 3.4784630990762224,
      " TEAM": 4.525812823087918,
      " TIME": 3.7890219392948676,
      " TOOL": 2.0,
      "DATA": 2.646908572568479
    },
    "4": {
      " ACAP": 3.8854960805433985,
      " AEXP": 4.822904392759735,
      " CPLx": 2.1172316814818286,
      " DOCU": 1.4058972320094558,
      " ETAT": 4.597053097790125,
      " FLEx": 1.056099580180365,
      " KLOC": 189.17056135564053,
      " LTEx": 1.045711794044961,
      " PCAP": 4.129365757125161,
      " PCON": 2.0403531256926946,
      " PLEx": 3.0945198542225065,
      " PMAT": 2.002002137775129,
      " PREC": 1.5911485824061893,
      " PVOL": 3.3677710197007613,
      " RELY": 1.1024428452356143,
      " RESL": 1.769718218626289,
      " RUSE": 4.261479385441224,
      " SCED": 3.0,
      " SITE": 2.5077193376724427,
      " STOR": 3.6679062664484965,
      " TEAM": 3.6500422344388683,
      " TIME": 3.199304588743245,
      " TOOL": 2.0,
      "DATA": 4.818082269160044
    },
    "5": {
      " ACAP": 4.100078278640037,
      " AEXP": 4.7609819580764245,
      " CPLx": 1.0391045959415053,
      " DOCU": 1.7884652119753102,
      " ETAT": 2.0620890554434093,
      " FLEx": 4.725163129719256,
      " KLOC": 25.340583487635108,
      " LTEx": 1.693758269339888,
      " PCAP": 4.58765547490032,
      " PCON": 2.5638888141191574,
      " PLEx": 2.3176684268936905,
      " PMAT": 2.409293081537423,
      " PREC": 2.6702723562703126,
      " PVOL": 3.9775250924444268,
      " RELY": 1.0380008115282067,
      " RESL": 1.3133203773865476,
      " RUSE": 5.715425078552416,
      " SCED": 3.0,
      " SITE": 3.9046434522280924,
      " STOR": 3.9153768042555126,
      " TEAM": 2.9450243147318718,
      " TIME": 3.2152154625876417,
      " TOOL": 2.0,
      "DATA": 4.7317875718914575
    },
    "6": {
      " ACAP": 4.590593693379282,
      " AEXP": 2.383671612413141,
      " CPLx": 2.737548332916254,
      " DOCU": 3.209752738575911,
      " ETAT": 3.345605040568061,
      " FLEx": 1.7001626872591413,
      " KLOC": 252.5239796151318,
      " LTEx": 2.7350809563637246,
      " PCAP": 3.4218657608448275,
      " PCON": 2.3103701228132922,
      " PLEx": 2.1714727753496814,
      " PMAT": 2.3728457804919585,