{
  "incumbent_ids": [
    3
  ],
  "rejected_config_ids": [
    1,
    2,
    4,
    5,
    6,
    7,
    8,
    9,
    10,
    11,
    12,
    13,
    14,
    15,
    16,
    17,
    18
  ],
  "incumbents_changed": 3,
  "trajectory": [
    {
      "config_ids": [
        1
      ],
      "costs": [
        0.37105652745269735
      ],
      "trial": 1,
      "walltime": 0.006810903549194336
    },
    {
      "config_ids": [
        2
      ],
      "costs": [
        0.266717544872874
      ],
      "trial": 2,
      "walltime": 0.01894688606262207
    },
    {
      "config_ids": [
        3
      ],
      "costs": [
        0.14123478358288533
      ],
      "trial": 3,
      "walltime": 2.4708046913146973
    }
  ],
  "state": {
    "queue": [
      [
        18,
        1
      ]
    ]
  }
}