{'Spout_wait': 10.0, 'Spliters': 5.0, 'Counters': 16.0}, {'Spout_wait': 9.0, 'Spliters': 6.0, 'Counters': 12.0}, {'Spout_wait': 8.0, 'Spliters': 6.0, 'Counters': 16.0}, {'Spout_wait': 5.0, 'Spliters': 5.0, 'Counters': 17.0}, {'Spout_wait': 10.0, 'Spliters': 6.0, 'Counters': 17.0}, {'Spout_wait': 7.0, 'Spliters': 5.0, 'Counters': 12.0}, {'Spout_wait': 5.0, 'Spliters': 3.0, 'Counters': 17.0}, {'Spout_wait': 5.0, 'Spliters': 5.0, 'Counters': 17.0}, {'Spout_wait': 4.0, 'Spliters': 5.0, 'Counters': 15.0}, {'Spout_wait': 10.0, 'Spliters': 4.0, 'Counters': 17.0}, {'Spout_wait': 4.0, 'Spliters': 4.0, 'Counters': 17.0}, {'Spout_wait': 7.0, 'Spliters': 6.0, 'Counters': 12.0}, {'Spout_wait': 9.0, 'Spliters': 3.0, 'Counters': 17.0}, {'Spout_wait': 5.0, 'Spliters': 3.0, 'Counters': 17.0}, {'Spout_wait': 3.0, 'Spliters': 6.0, 'Counters': 17.0}, {'Spout_wait': 7.0, 'Spliters': 3.0, 'Counters': 17.0}, {'Spout_wait': 8.0, 'Spliters': 6.0, 'Counters': 17.0}, {'Spout_wait': 5.0, 'Spliters': 5.0, 'Counters': 17.0}, {'Spout_wait': 10.0, 'Spliters': 5.0, 'Counters': 17.0}, {'Spout_wait': 9.0, 'Spliters': 6.0, 'Counters': 17.0}
0.08494804826290847, 0.06901207886297123, 0.058868329738443026, 0.024147530214372992, 0.000747363758841324, 0.08223546974041218, 0.021277644326842537, 0.024147530214372992, 0.06713198483889915, 0.03413510224963634, 0.04308830093697913, 0.0933271892952734, 0.020033994250278075, 0.021277644326842537, 0.031565920769186406, 0.02967052168107598, 0.006111178207122481, 0.024147530214372992, 0.019199269545525532, 0.008586239120553896
0.5563576221466064, 0.22806572914123535, 0.3626735210418701, 0.3121798038482666, 0.2896144390106201, 0.23798060417175293, 0.20438218116760254, 0.13591909408569336, 0.32967591285705566, 0.5390715599060059, 0.5740306377410889, 0.7687406539916992, 0.273529052734375, 0.4719712734222412, 0.24373912811279297, 0.343625545501709, 0.3754160404205322, 0.20116662979125977, 0.4784870147705078, 0.24488544464111328