{'Spout_wait': 9.0, 'Spliters': 6.0, 'Counters': 11.0}, {'Spout_wait': 10.0, 'Spliters': 4.0, 'Counters': 16.0}, {'Spout_wait': 3.0, 'Spliters': 6.0, 'Counters': 17.0}, {'Spout_wait': 9.0, 'Spliters': 3.0, 'Counters': 18.0}, {'Spout_wait': 2.0, 'Spliters': 4.0, 'Counters': 15.0}, {'Spout_wait': 8.0, 'Spliters': 4.0, 'Counters': 13.0}, {'Spout_wait': 4.0, 'Spliters': 5.0, 'Counters': 14.0}, {'Spout_wait': 10.0, 'Spliters': 4.0, 'Counters': 15.0}, {'Spout_wait': 9.0, 'Spliters': 6.0, 'Counters': 17.0}, {'Spout_wait': 3.0, 'Spliters': 5.0, 'Counters': 17.0}, {'Spout_wait': 5.0, 'Spliters': 5.0, 'Counters': 15.0}, {'Spout_wait': 10.0, 'Spliters': 2.0, 'Counters': 12.0}, {'Spout_wait': 10.0, 'Spliters': 3.0, 'Counters': 16.0}, {'Spout_wait': 9.0, 'Spliters': 5.0, 'Counters': 18.0}, {'Spout_wait': 4.0, 'Spliters': 1.0, 'Counters': 5.0}, {'Spout_wait': 5.0, 'Spliters': 3.0, 'Counters': 9.0}, {'Spout_wait': 9.0, 'Spliters': 6.0, 'Counters': 12.0}, {'Spout_wait': 5.0, 'Spliters': 6.0, 'Counters': 13.0}, {'Spout_wait': 4.0, 'Spliters': 6.0, 'Counters': 10.0}, {'Spout_wait': 3.0, 'Spliters': 3.0, 'Counters': 18.0}
0.09877264668340935, 0.07739417901803258, 0.031565920769186406, 0.05981031067793674, 0.0925167690679376, 0.10556090118423667, 0.1067112296090571, 0.030368608200511682, 0.008586239120553896, 0.07451111866140236, 0.06522933540472042, 0.17915464345086873, 0.08563426221181725, 0.09199815275663703, 0.2544035217055878, 0.15074618163197928, 0.06901207886297123, 0.096910783067086, 0.11161224463988029, 0.10244888762132565
0.291487455368042, 0.07960081100463867, 0.07711005210876465, 0.07723808288574219, 0.09339380264282227, 0.08802223205566406, 0.054366350173950195, 0.11419796943664551, 0.10127878189086914, 0.08798789978027344, 0.13680124282836914, 0.09250140190124512, 0.12182116508483887, 0.1071469783782959, 0.16153240203857422, 0.20382404327392578, 0.1959676742553711, 0.16202855110168457, 0.18736600875854492, 0.06834602355957031