{'Spout_wait': 5.0, 'Spliters': 6.0, 'Counters': 16.0}, {'Spout_wait': 5.0, 'Spliters': 5.0, 'Counters': 1.0}, {'Spout_wait': 5.0, 'Spliters': 5.0, 'Counters': 1.0}, {'Spout_wait': 2.0, 'Spliters': 4.0, 'Counters': 10.0}, {'Spout_wait': 3.0, 'Spliters': 4.0, 'Counters': 15.0}, {'Spout_wait': 5.0, 'Spliters': 6.0, 'Counters': 14.0}, {'Spout_wait': 5.0, 'Spliters': 5.0, 'Counters': 1.0}, {'Spout_wait': 5.0, 'Spliters': 5.0, 'Counters': 4.0}, {'Spout_wait': 2.0, 'Spliters': 5.0, 'Counters': 14.0}, {'Spout_wait': 5.0, 'Spliters': 5.0, 'Counters': 1.0}, {'Spout_wait': 5.0, 'Spliters': 5.0, 'Counters': 10.0}, {'Spout_wait': 5.0, 'Spliters': 5.0, 'Counters': 1.0}, {'Spout_wait': 5.0, 'Spliters': 5.0, 'Counters': 10.0}, {'Spout_wait': 5.0, 'Spliters': 6.0, 'Counters': 16.0}, {'Spout_wait': 2.0, 'Spliters': 5.0, 'Counters': 14.0}, {'Spout_wait': 5.0, 'Spliters': 5.0, 'Counters': 10.0}, {'Spout_wait': 5.0, 'Spliters': 5.0, 'Counters': 10.0}, {'Spout_wait': 3.0, 'Spliters': 4.0, 'Counters': 15.0}, {'Spout_wait': 5.0, 'Spliters': 5.0, 'Counters': 1.0}, {'Spout_wait': 6.0, 'Spliters': 5.0, 'Counters': 1.0}
0.05281542808411355, 4.1023799471462397e-05, 4.1023799471462397e-05, 0.054792021290341, 0.050780020257953695, 0.05053990568724742, 4.1023799471462397e-05, 0.054612027473105784, 0.04724666887988782, 4.1023799471462397e-05, 0.04293529150197439, 4.1023799471462397e-05, 0.04293529150197439, 0.05281542808411355, 0.04724666887988782, 0.04293529150197439, 0.04293529150197439, 0.050780020257953695, 4.1023799471462397e-05, 0.06185809585680524
0.43476390838623047, 0.483447790145874, 0.2528567314147949, 0.4000422954559326, 0.43334150314331055, 0.2519371509552002, 0.6470692157745361, 0.33086228370666504, 0.3269059658050537, 0.21532201766967773, 0.29151368141174316, 0.21926045417785645, 0.26123714447021484, 0.23644590377807617, 0.236466646194458, 0.35245299339294434, 0.23561882972717285, 0.2708618640899658, 0.23678159713745117, 0.3144042491912842