{'Spout_wait': 5.0, 'Spliters': 6.0, 'Counters': 16.0}, {'Spout_wait': 6.0, 'Spliters': 4.0, 'Counters': 2.0}, {'Spout_wait': 5.0, 'Spliters': 5.0, 'Counters': 1.0}, {'Spout_wait': 2.0, 'Spliters': 3.0, 'Counters': 14.0}, {'Spout_wait': 6.0, 'Spliters': 4.0, 'Counters': 15.0}, {'Spout_wait': 5.0, 'Spliters': 6.0, 'Counters': 14.0}, {'Spout_wait': 3.0, 'Spliters': 3.0, 'Counters': 13.0}, {'Spout_wait': 5.0, 'Spliters': 5.0, 'Counters': 4.0}, {'Spout_wait': 6.0, 'Spliters': 4.0, 'Counters': 15.0}, {'Spout_wait': 5.0, 'Spliters': 5.0, 'Counters': 1.0}, {'Spout_wait': 3.0, 'Spliters': 4.0, 'Counters': 15.0}, {'Spout_wait': 5.0, 'Spliters': 5.0, 'Counters': 1.0}, {'Spout_wait': 4.0, 'Spliters': 6.0, 'Counters': 1.0}, {'Spout_wait': 5.0, 'Spliters': 6.0, 'Counters': 16.0}, {'Spout_wait': 5.0, 'Spliters': 6.0, 'Counters': 14.0}, {'Spout_wait': 6.0, 'Spliters': 4.0, 'Counters': 12.0}, {'Spout_wait': 5.0, 'Spliters': 5.0, 'Counters': 10.0}, {'Spout_wait': 3.0, 'Spliters': 4.0, 'Counters': 15.0}, {'Spout_wait': 6.0, 'Spliters': 3.0, 'Counters': 1.0}, {'Spout_wait': 6.0, 'Spliters': 6.0, 'Counters': 10.0}
0.05281542808411355, 0.06473198371359523, 4.1023799471462397e-05, 0.06407312853136182, 0.051797308758049, 0.05053990568724742, 0.07209869473914099, 0.054612027473105784, 0.051797308758049, 4.1023799471462397e-05, 0.050780020257953695, 4.1023799471462397e-05, 0.06341415770644487, 0.05281542808411355, 0.05053990568724742, 0.06053988789959308, 0.04293529150197439, 0.050780020257953695, 0.04227664546194576, 0.06527079973415661
0.24903512001037598, 0.34002113342285156, 0.3599987030029297, 0.29155516624450684, 0.3754849433898926, 0.22256779670715332, 0.288036584854126, 0.292924165725708, 0.16049504280090332, 0.17132234573364258, 0.17356085777282715, 0.23448944091796875, 0.2921600341796875, 0.2079458236694336, 0.20372867584228516, 0.24729156494140625, 0.23482108116149902, 0.247178316116333, 0.16305971145629883, 0.22625088691711426