{'Max_spout': 100000.0, 'Spliters': 2.0, 'Counters': 6.0}, {'Max_spout': 100000.0, 'Spliters': 1.0, 'Counters': 9.0}, {'Max_spout': 1000000.0, 'Spliters': 3.0, 'Counters': 1.0}, {'Max_spout': 1000.0, 'Spliters': 2.0, 'Counters': 12.0}, {'Max_spout': 10000.0, 'Spliters': 1.0, 'Counters': 6.0}, {'Max_spout': 1000000.0, 'Spliters': 6.0, 'Counters': 12.0}, {'Max_spout': 10000.0, 'Spliters': 2.0, 'Counters': 9.0}, {'Max_spout': 1000000.0, 'Spliters': 1.0, 'Counters': 6.0}, {'Max_spout': 10000.0, 'Spliters': 2.0, 'Counters': 9.0}, {'Max_spout': 1000.0, 'Spliters': 3.0, 'Counters': 9.0}, {'Max_spout': 10000.0, 'Spliters': 2.0, 'Counters': 9.0}, {'Max_spout': 100000.0, 'Spliters': 6.0, 'Counters': 12.0}, {'Max_spout': 1000.0, 'Spliters': 2.0, 'Counters': 6.0}, {'Max_spout': 100000.0, 'Spliters': 6.0, 'Counters': 18.0}, {'Max_spout': 1000.0, 'Spliters': 2.0, 'Counters': 3.0}, {'Max_spout': 1000.0, 'Spliters': 2.0, 'Counters': 18.0}, {'Max_spout': 100000.0, 'Spliters': 6.0, 'Counters': 12.0}, {'Max_spout': 10000.0, 'Spliters': 6.0, 'Counters': 15.0}, {'Max_spout': 1000000.0, 'Spliters': 6.0, 'Counters': 15.0}, {'Max_spout': 10000.0, 'Spliters': 2.0, 'Counters': 6.0}
0.485152625417959, 0.35166741075975727, 0.4953093571573213, 0.38207560321211176, 0.41494030786695557, 0.44984553552444706, 0.40832520008941975, 0.36846990554864756, 0.40832520008941975, 0.4905387254901873, 0.40832520008941975, 0.4516582690455384, 0.4574555529336537, 0.42495585890769383, 0.4976484988611444, 0.37732074296275253, 0.4516582690455384, 0.4606383323142671, 0.46478414719232286, 0.4166887504479434
0.15628385543823242, 0.08272671699523926, 0.05442690849304199, 0.03412127494812012, 0.046679019927978516, 0.05726766586303711, 0.05876612663269043, 0.07790064811706543, 0.06979012489318848, 0.05671381950378418, 0.06470370292663574, 0.08081436157226562, 0.08826971054077148, 0.04577136039733887, 0.06832051277160645, 0.058759212493896484, 0.063568115234375, 0.07049155235290527, 0.05054330825805664, 0.05181765556335449