{'Max_spout': 10000.0, 'Spliters': 1.0, 'Counters': 6.0}, {'Max_spout': 10000.0, 'Spliters': 2.0, 'Counters': 3.0}, {'Max_spout': 10000.0, 'Spliters': 2.0, 'Counters': 6.0}, {'Max_spout': 100000.0, 'Spliters': 2.0, 'Counters': 12.0}, {'Max_spout': 10000.0, 'Spliters': 2.0, 'Counters': 6.0}, {'Max_spout': 10000.0, 'Spliters': 2.0, 'Counters': 12.0}, {'Max_spout': 100.0, 'Spliters': 2.0, 'Counters': 15.0}, {'Max_spout': 1000.0, 'Spliters': 2.0, 'Counters': 15.0}, {'Max_spout': 100.0, 'Spliters': 2.0, 'Counters': 15.0}, {'Max_spout': 10000.0, 'Spliters': 2.0, 'Counters': 15.0}, {'Max_spout': 10000.0, 'Spliters': 2.0, 'Counters': 6.0}, {'Max_spout': 1000000.0, 'Spliters': 6.0, 'Counters': 1.0}, {'Max_spout': 1000000.0, 'Spliters': 1.0, 'Counters': 9.0}, {'Max_spout': 100.0, 'Spliters': 6.0, 'Counters': 18.0}, {'Max_spout': 100.0, 'Spliters': 3.0, 'Counters': 18.0}, {'Max_spout': 10000.0, 'Spliters': 1.0, 'Counters': 6.0}, {'Max_spout': 100000.0, 'Spliters': 6.0, 'Counters': 1.0}, {'Max_spout': 10000.0, 'Spliters': 2.0, 'Counters': 9.0}, {'Max_spout': 10000.0, 'Spliters': 2.0, 'Counters': 12.0}, {'Max_spout': 10000.0, 'Spliters': 2.0, 'Counters': 12.0}
0.41494030786695557, 0.49848428330806605, 0.4166887504479434, 0.4409963825425648, 0.4166887504479434, 0.3482003422813653, 0.45581047217279547, 0.36892976043895076, 0.45581047217279547, 0.37396253693787807, 0.4166887504479434, 0.40357683359835317, 0.32012653299473015, 0.4908349470997968, 0.5096961412754359, 0.41494030786695557, 0.3984556230484778, 0.40832520008941975, 0.3482003422813653, 0.3482003422813653
0.16150474548339844, 0.14907407760620117, 0.1444079875946045, 0.07987332344055176, 0.17753815650939941, 0.09060049057006836, 0.1777784824371338, 0.1156318187713623, 0.18923735618591309, 0.12584638595581055, 0.0935513973236084, 0.11914610862731934, 0.1463451385498047, 0.18172764778137207, 0.14595818519592285, 0.18072724342346191, 0.11049342155456543, 0.18708109855651855, 0.14257526397705078, 0.2353498935699463