{'Max_spout': 10000.0, 'Spliters': 2.0, 'Counters': 15.0}, {'Max_spout': 10000.0, 'Spliters': 2.0, 'Counters': 14.0}, {'Max_spout': 100000.0, 'Spliters': 2.0, 'Counters': 12.0}, {'Max_spout': 1000000.0, 'Spliters': 2.0, 'Counters': 16.0}, {'Max_spout': 10000.0, 'Spliters': 2.0, 'Counters': 10.0}, {'Max_spout': 100000.0, 'Spliters': 2.0, 'Counters': 15.0}, {'Max_spout': 1000000.0, 'Spliters': 2.0, 'Counters': 18.0}, {'Max_spout': 10000.0, 'Spliters': 2.0, 'Counters': 17.0}, {'Max_spout': 10000.0, 'Spliters': 2.0, 'Counters': 13.0}, {'Max_spout': 10000.0, 'Spliters': 2.0, 'Counters': 15.0}, {'Max_spout': 100000.0, 'Spliters': 2.0, 'Counters': 15.0}, {'Max_spout': 100000.0, 'Spliters': 2.0, 'Counters': 17.0}, {'Max_spout': 1000000.0, 'Spliters': 2.0, 'Counters': 13.0}, {'Max_spout': 1000000.0, 'Spliters': 2.0, 'Counters': 16.0}, {'Max_spout': 1000.0, 'Spliters': 2.0, 'Counters': 18.0}, {'Max_spout': 10000.0, 'Spliters': 2.0, 'Counters': 11.0}, {'Max_spout': 1000.0, 'Spliters': 2.0, 'Counters': 17.0}, {'Max_spout': 100000.0, 'Spliters': 2.0, 'Counters': 15.0}, {'Max_spout': 10000.0, 'Spliters': 2.0, 'Counters': 14.0}, {'Max_spout': 100000.0, 'Spliters': 2.0, 'Counters': 18.0}
0.12284324324612461, 0.15332396214456634, 0.14512965696185742, 0.19902882585866655, 0.21484928662395242, 0.132539345926719, 0.13380251720146819, 0.13361873109709843, 0.18561058666702812, 0.12284324324612461, 0.132539345926719, 0.12371969767889157, 0.1753336643562795, 0.19902882585866655, 0.2352639057826642, 0.17147007144779203, 0.20413732624457137, 0.132539345926719, 0.15332396214456634, 0.15717968355457912
0.21692395210266113, 0.5006024837493896, 0.46085643768310547, 0.24626874923706055, 0.20468497276306152, 0.15332460403442383, 0.26408863067626953, 0.18628263473510742, 0.12840843200683594, 0.2204899787902832, 0.22734689712524414, 0.24267244338989258, 0.19078755378723145, 0.22066617012023926, 0.27100324630737305, 0.24213218688964844, 0.15291309356689453, 0.2372264862060547, 0.21523141860961914, 0.15173101425170898