{'Max_spout': 100000.0, 'Spliters': 2.0, 'Counters': 15.0}, {'Max_spout': 1000000.0, 'Spliters': 2.0, 'Counters': 13.0}, {'Max_spout': 100000.0, 'Spliters': 2.0, 'Counters': 11.0}, {'Max_spout': 1000.0, 'Spliters': 1.0, 'Counters': 18.0}, {'Max_spout': 10000.0, 'Spliters': 3.0, 'Counters': 9.0}, {'Max_spout': 100000.0, 'Spliters': 2.0, 'Counters': 12.0}, {'Max_spout': 10000.0, 'Spliters': 2.0, 'Counters': 12.0}, {'Max_spout': 10000.0, 'Spliters': 1.0, 'Counters': 17.0}, {'Max_spout': 10000.0, 'Spliters': 2.0, 'Counters': 7.0}, {'Max_spout': 10000.0, 'Spliters': 2.0, 'Counters': 15.0}, {'Max_spout': 10000.0, 'Spliters': 2.0, 'Counters': 6.0}, {'Max_spout': 10000.0, 'Spliters': 2.0, 'Counters': 14.0}, {'Max_spout': 1000000.0, 'Spliters': 2.0, 'Counters': 15.0}, {'Max_spout': 1000000.0, 'Spliters': 2.0, 'Counters': 16.0}, {'Max_spout': 1000.0, 'Spliters': 3.0, 'Counters': 9.0}, {'Max_spout': 10000.0, 'Spliters': 2.0, 'Counters': 7.0}, {'Max_spout': 1000.0, 'Spliters': 4.0, 'Counters': 17.0}, {'Max_spout': 100000.0, 'Spliters': 2.0, 'Counters': 15.0}, {'Max_spout': 100000.0, 'Spliters': 2.0, 'Counters': 9.0}, {'Max_spout': 100000.0, 'Spliters': 2.0, 'Counters': 18.0}
0.132539345926719, 0.1753336643562795, 0.17117835533245507, 0.2169919538979822, 0.2913385861949046, 0.14512965696185742, 0.16476005941792837, 0.2611721402874033, 0.22720910320416798, 0.12284324324612461, 0.2392286039050402, 0.15332396214456634, 0.19052519703880066, 0.19902882585866655, 0.29320617372362956, 0.22720910320416798, 0.2673802716242708, 0.132539345926719, 0.20799191559604002, 0.15717968355457912
0.1730053424835205, 0.4641692638397217, 0.23676538467407227, 0.23473215103149414, 0.1592099666595459, 0.15702557563781738, 0.16788768768310547, 0.263289213180542, 0.11239886283874512, 0.24017930030822754, 0.11320328712463379, 0.14502406120300293, 0.16356635093688965, 0.23277759552001953, 0.280120849609375, 0.07584071159362793, 0.17051148414611816, 0.1973865032196045, 0.18630170822143555, 0.2198026180267334