{'Max_spout': 100.0, 'Spliters': 2.0, 'Counters': 12.0}, {'Max_spout': 10000.0, 'Spliters': 2.0, 'Counters': 9.0}, {'Max_spout': 1000.0, 'Spliters': 2.0, 'Counters': 12.0}, {'Max_spout': 1000.0, 'Spliters': 2.0, 'Counters': 12.0}, {'Max_spout': 1000.0, 'Spliters': 2.0, 'Counters': 15.0}, {'Max_spout': 1000.0, 'Spliters': 2.0, 'Counters': 12.0}, {'Max_spout': 10000.0, 'Spliters': 2.0, 'Counters': 9.0}, {'Max_spout': 1000.0, 'Spliters': 2.0, 'Counters': 12.0}, {'Max_spout': 1000.0, 'Spliters': 2.0, 'Counters': 9.0}, {'Max_spout': 1000.0, 'Spliters': 2.0, 'Counters': 15.0}, {'Max_spout': 10000.0, 'Spliters': 2.0, 'Counters': 6.0}, {'Max_spout': 1000.0, 'Spliters': 2.0, 'Counters': 9.0}, {'Max_spout': 10000.0, 'Spliters': 2.0, 'Counters': 6.0}, {'Max_spout': 100.0, 'Spliters': 2.0, 'Counters': 12.0}, {'Max_spout': 1000.0, 'Spliters': 2.0, 'Counters': 9.0}, {'Max_spout': 1000.0, 'Spliters': 2.0, 'Counters': 18.0}, {'Max_spout': 1000.0, 'Spliters': 2.0, 'Counters': 9.0}, {'Max_spout': 1000.0, 'Spliters': 2.0, 'Counters': 9.0}, {'Max_spout': 1000.0, 'Spliters': 2.0, 'Counters': 15.0}, {'Max_spout': 10000.0, 'Spliters': 2.0, 'Counters': 15.0}
0.405608670201996, 0.3915810157618045, 0.34825220828017067, 0.34825220828017067, 0.3534006710681069, 0.34825220828017067, 0.3915810157618045, 0.34825220828017067, 0.3843556979164898, 0.3534006710681069, 0.4048595507354926, 0.3843556979164898, 0.4048595507354926, 0.405608670201996, 0.3843556979164898, 0.3670307857723123, 0.3843556979164898, 0.3843556979164898, 0.3534006710681069, 0.3975491585218419
0.3561413288116455, 0.19093894958496094, 0.1479034423828125, 0.1607654094696045, 0.13965320587158203, 0.12563586235046387, 0.15779638290405273, 0.13652515411376953, 0.14325976371765137, 0.2098402976989746, 0.19099068641662598, 0.1875927448272705, 0.21636748313903809, 0.4172251224517822, 0.19678044319152832, 0.10625648498535156, 0.165635347366333, 0.12932538986206055, 0.1971454620361328, 0.18334197998046875