{'Max_spout': 1000.0, 'Spliters': 2.0, 'Counters': 3.0}, {'Max_spout': 1000000.0, 'Spliters': 6.0, 'Counters': 6.0}, {'Max_spout': 1000.0, 'Spliters': 2.0, 'Counters': 12.0}, {'Max_spout': 1000.0, 'Spliters': 2.0, 'Counters': 12.0}, {'Max_spout': 1000.0, 'Spliters': 1.0, 'Counters': 6.0}, {'Max_spout': 1000000.0, 'Spliters': 6.0, 'Counters': 12.0}, {'Max_spout': 10000.0, 'Spliters': 2.0, 'Counters': 9.0}, {'Max_spout': 1000.0, 'Spliters': 2.0, 'Counters': 12.0}, {'Max_spout': 1000.0, 'Spliters': 2.0, 'Counters': 9.0}, {'Max_spout': 100.0, 'Spliters': 2.0, 'Counters': 15.0}, {'Max_spout': 10000.0, 'Spliters': 6.0, 'Counters': 18.0}, {'Max_spout': 10000.0, 'Spliters': 2.0, 'Counters': 9.0}, {'Max_spout': 10000.0, 'Spliters': 2.0, 'Counters': 6.0}, {'Max_spout': 100000.0, 'Spliters': 6.0, 'Counters': 18.0}, {'Max_spout': 10000.0, 'Spliters': 2.0, 'Counters': 9.0}, {'Max_spout': 1000.0, 'Spliters': 2.0, 'Counters': 18.0}, {'Max_spout': 100000.0, 'Spliters': 6.0, 'Counters': 12.0}, {'Max_spout': 1000.0, 'Spliters': 2.0, 'Counters': 9.0}, {'Max_spout': 1000000.0, 'Spliters': 6.0, 'Counters': 15.0}, {'Max_spout': 10000.0, 'Spliters': 2.0, 'Counters': 6.0}
0.4797667742484102, 0.4607099566646824, 0.34825220828017067, 0.34825220828017067, 0.504753926626011, 0.45132372310007496, 0.3915810157618045, 0.34825220828017067, 0.3843556979164898, 0.42069156568117205, 0.4475080432583598, 0.3915810157618045, 0.4048595507354926, 0.46030367959212204, 0.3915810157618045, 0.3670307857723123, 0.4488602405241635, 0.3843556979164898, 0.4750693614314816, 0.4048595507354926
0.10373449325561523, 0.07071375846862793, 0.10330009460449219, 0.06137871742248535, 0.05107688903808594, 0.053739309310913086, 0.06812429428100586, 0.07144927978515625, 0.07196927070617676, 0.11078739166259766, 0.07791924476623535, 0.0823662281036377, 0.12608551979064941, 0.07033252716064453, 0.11869525909423828, 0.0800790786743164, 0.09112215042114258, 0.07640242576599121, 0.09177088737487793, 0.09040403366088867