{'Max_spout': 10000.0, 'Spliters': 2.0, 'Counters': 15.0}, {'Max_spout': 10000.0, 'Spliters': 6.0, 'Counters': 6.0}, {'Max_spout': 10000.0, 'Spliters': 2.0, 'Counters': 12.0}, {'Max_spout': 10000.0, 'Spliters': 2.0, 'Counters': 6.0}, {'Max_spout': 1000.0, 'Spliters': 2.0, 'Counters': 6.0}, {'Max_spout': 10000.0, 'Spliters': 2.0, 'Counters': 12.0}, {'Max_spout': 1000.0, 'Spliters': 2.0, 'Counters': 15.0}, {'Max_spout': 1000.0, 'Spliters': 2.0, 'Counters': 15.0}, {'Max_spout': 10000.0, 'Spliters': 2.0, 'Counters': 6.0}, {'Max_spout': 10000.0, 'Spliters': 2.0, 'Counters': 12.0}, {'Max_spout': 1000.0, 'Spliters': 2.0, 'Counters': 15.0}, {'Max_spout': 1000.0, 'Spliters': 2.0, 'Counters': 6.0}, {'Max_spout': 1000.0, 'Spliters': 2.0, 'Counters': 18.0}, {'Max_spout': 100000.0, 'Spliters': 6.0, 'Counters': 12.0}, {'Max_spout': 100.0, 'Spliters': 6.0, 'Counters': 9.0}, {'Max_spout': 10000.0, 'Spliters': 2.0, 'Counters': 6.0}, {'Max_spout': 10000.0, 'Spliters': 6.0, 'Counters': 6.0}, {'Max_spout': 10000.0, 'Spliters': 2.0, 'Counters': 9.0}, {'Max_spout': 10000.0, 'Spliters': 2.0, 'Counters': 12.0}, {'Max_spout': 10000.0, 'Spliters': 2.0, 'Counters': 12.0}
0.42572488935337316, 0.43515614436816086, 0.3777081854880393, 0.42781165897207585, 0.41431724775011136, 0.3777081854880393, 0.33404364197772773, 0.33404364197772773, 0.42781165897207585, 0.3777081854880393, 0.33404364197772773, 0.41431724775011136, 0.3513569799560069, 0.4526470286993124, 0.49343058023315467, 0.42781165897207585, 0.43515614436816086, 0.391479583096187, 0.3777081854880393, 0.3777081854880393
0.18086862564086914, 0.08337211608886719, 0.09625673294067383, 0.06507730484008789, 0.13958311080932617, 0.12068295478820801, 0.13834381103515625, 0.18764805793762207, 0.11427927017211914, 0.15070104598999023, 0.251812219619751, 0.08796191215515137, 0.12505245208740234, 0.10964465141296387, 0.15108227729797363, 0.22158479690551758, 0.17778491973876953, 0.15001583099365234, 0.07945537567138672, 0.32593321800231934