{'Max_spout': 10000.0, 'Spliters': 2.0, 'Counters': 9.0}, {'Max_spout': 1000.0, 'Spliters': 2.0, 'Counters': 12.0}, {'Max_spout': 10000.0, 'Spliters': 2.0, 'Counters': 12.0}, {'Max_spout': 1000.0, 'Spliters': 2.0, 'Counters': 15.0}, {'Max_spout': 1000.0, 'Spliters': 2.0, 'Counters': 12.0}, {'Max_spout': 10000.0, 'Spliters': 2.0, 'Counters': 12.0}, {'Max_spout': 1000.0, 'Spliters': 2.0, 'Counters': 15.0}, {'Max_spout': 1000.0, 'Spliters': 2.0, 'Counters': 15.0}, {'Max_spout': 1000.0, 'Spliters': 2.0, 'Counters': 12.0}, {'Max_spout': 1000.0, 'Spliters': 2.0, 'Counters': 18.0}, {'Max_spout': 1000.0, 'Spliters': 2.0, 'Counters': 15.0}, {'Max_spout': 1000.0, 'Spliters': 2.0, 'Counters': 12.0}, {'Max_spout': 1000.0, 'Spliters': 2.0, 'Counters': 18.0}, {'Max_spout': 1000.0, 'Spliters': 2.0, 'Counters': 15.0}, {'Max_spout': 1000.0, 'Spliters': 6.0, 'Counters': 15.0}, {'Max_spout': 1000.0, 'Spliters': 2.0, 'Counters': 12.0}, {'Max_spout': 10000.0, 'Spliters': 2.0, 'Counters': 6.0}, {'Max_spout': 10000.0, 'Spliters': 2.0, 'Counters': 12.0}, {'Max_spout': 1000.0, 'Spliters': 2.0, 'Counters': 15.0}, {'Max_spout': 10000.0, 'Spliters': 2.0, 'Counters': 12.0}
0.391479583096187, 0.353038171607748, 0.3777081854880393, 0.33404364197772773, 0.353038171607748, 0.3777081854880393, 0.33404364197772773, 0.33404364197772773, 0.353038171607748, 0.3513569799560069, 0.33404364197772773, 0.353038171607748, 0.3513569799560069, 0.33404364197772773, 0.4620269596269353, 0.353038171607748, 0.42781165897207585, 0.3777081854880393, 0.33404364197772773, 0.3777081854880393
0.20787954330444336, 0.14559364318847656, 0.13124823570251465, 0.16327166557312012, 0.15737152099609375, 0.15687060356140137, 0.15719079971313477, 0.21239590644836426, 0.3807342052459717, 0.299422025680542, 0.17018771171569824, 0.1674950122833252, 0.24115681648254395, 0.21932578086853027, 0.25336599349975586, 0.2641937732696533, 0.2275385856628418, 0.23599982261657715, 0.13667535781860352, 0.22506928443908691