{'Width': 3.0, 'Complexity': 0.0, 'Fifo': 4.0, 'Multiplier': 2.0}, {'Width': 4.0, 'Complexity': 0.0, 'Fifo': 3.0, 'Multiplier': 1.0}, {'Width': 4.0, 'Complexity': 0.0, 'Fifo': 2.0, 'Multiplier': 2.0}, {'Width': 4.0, 'Complexity': 0.0, 'Fifo': 3.0, 'Multiplier': 5.0}, {'Width': 3.0, 'Complexity': 0.0, 'Fifo': 2.0, 'Multiplier': 1.0}, {'Width': 3.0, 'Complexity': 1.0, 'Fifo': 1.0, 'Multiplier': 1.0}, {'Width': 5.0, 'Complexity': 1.0, 'Fifo': 4.0, 'Multiplier': 1.0}, {'Width': 4.0, 'Complexity': 0.0, 'Fifo': 3.0, 'Multiplier': 2.0}, {'Width': 4.0, 'Complexity': 0.0, 'Fifo': 1.0, 'Multiplier': 2.0}, {'Width': 7.0, 'Complexity': 1.0, 'Fifo': 3.0, 'Multiplier': 1.0}, {'Width': 5.0, 'Complexity': 1.0, 'Fifo': 3.0, 'Multiplier': 2.0}, {'Width': 4.0, 'Complexity': 0.0, 'Fifo': 2.0, 'Multiplier': 5.0}, {'Width': 5.0, 'Complexity': 0.0, 'Fifo': 2.0, 'Multiplier': 1.0}, {'Width': 5.0, 'Complexity': 0.0, 'Fifo': 3.0, 'Multiplier': 2.0}, {'Width': 3.0, 'Complexity': 1.0, 'Fifo': 3.0, 'Multiplier': 2.0}, {'Width': 5.0, 'Complexity': 1.0, 'Fifo': 3.0, 'Multiplier': 2.0}, {'Width': 3.0, 'Complexity': 0.0, 'Fifo': 3.0, 'Multiplier': 1.0}, {'Width': 4.0, 'Complexity': 0.0, 'Fifo': 1.0, 'Multiplier': 2.0}, {'Width': 3.0, 'Complexity': 1.0, 'Fifo': 2.0, 'Multiplier': 2.0}, {'Width': 5.0, 'Complexity': 0.0, 'Fifo': 4.0, 'Multiplier': 1.0}
0.419850993356651, 0.3779034501993668, 0.5408570998371044, 0.6591644242125103, 0.22587868316250503, 0.31315494505176633, 0.44772479049532365, 0.5408570998371044, 0.5408491849332049, 0.5043635496785811, 0.5835525588932539, 0.6591644242125103, 0.4613695020025905, 0.5845933317204779, 0.45467580971289023, 0.5835525588932539, 0.22587868316250503, 0.5408491849332049, 0.45467580971289023, 0.4613695020025905
0.23687362670898438, 0.11923742294311523, 0.13315558433532715, 0.11213159561157227, 0.11469626426696777, 0.0971994400024414, 0.0905752182006836, 0.11392426490783691, 0.09223127365112305, 0.10814452171325684, 0.1430649757385254, 0.09854674339294434, 0.1323387622833252, 0.1912672519683838, 0.11563229560852051, 0.08047986030578613, 0.13663244247436523, 0.08606648445129395, 0.05664396286010742, 0.07030320167541504