{'Width': 3.0, 'Complexity': 1.0, 'Fifo': 1.0, 'Multiplier': 1.0}, {'Width': 4.0, 'Complexity': 0.0, 'Fifo': 3.0, 'Multiplier': 1.0}, {'Width': 4.0, 'Complexity': 0.0, 'Fifo': 2.0, 'Multiplier': 1.0}, {'Width': 3.0, 'Complexity': 0.0, 'Fifo': 3.0, 'Multiplier': 2.0}, {'Width': 3.0, 'Complexity': 0.0, 'Fifo': 2.0, 'Multiplier': 1.0}, {'Width': 3.0, 'Complexity': 1.0, 'Fifo': 1.0, 'Multiplier': 1.0}, {'Width': 5.0, 'Complexity': 1.0, 'Fifo': 4.0, 'Multiplier': 1.0}, {'Width': 3.0, 'Complexity': 0.0, 'Fifo': 3.0, 'Multiplier': 2.0}, {'Width': 4.0, 'Complexity': 0.0, 'Fifo': 1.0, 'Multiplier': 2.0}, {'Width': 3.0, 'Complexity': 1.0, 'Fifo': 1.0, 'Multiplier': 1.0}, {'Width': 3.0, 'Complexity': 0.0, 'Fifo': 3.0, 'Multiplier': 2.0}, {'Width': 4.0, 'Complexity': 0.0, 'Fifo': 1.0, 'Multiplier': 5.0}, {'Width': 5.0, 'Complexity': 0.0, 'Fifo': 2.0, 'Multiplier': 1.0}, {'Width': 5.0, 'Complexity': 0.0, 'Fifo': 3.0, 'Multiplier': 2.0}, {'Width': 3.0, 'Complexity': 1.0, 'Fifo': 3.0, 'Multiplier': 1.0}, {'Width': 4.0, 'Complexity': 1.0, 'Fifo': 2.0, 'Multiplier': 2.0}, {'Width': 3.0, 'Complexity': 0.0, 'Fifo': 3.0, 'Multiplier': 1.0}, {'Width': 4.0, 'Complexity': 0.0, 'Fifo': 1.0, 'Multiplier': 2.0}, {'Width': 3.0, 'Complexity': 1.0, 'Fifo': 2.0, 'Multiplier': 2.0}, {'Width': 5.0, 'Complexity': 0.0, 'Fifo': 4.0, 'Multiplier': 1.0}
0.31315494505176633, 0.3779034501993668, 0.377903417660034, 0.419850993356651, 0.22587868316250503, 0.31315494505176633, 0.44772479049532365, 0.419850993356651, 0.5408491849332049, 0.31315494505176633, 0.419850993356651, 0.6591613963941463, 0.4613695020025905, 0.5845933317204779, 0.3139305450653319, 0.5520334348262175, 0.22587868316250503, 0.5408491849332049, 0.45467580971289023, 0.4613695020025905
0.22755074501037598, 0.14639687538146973, 0.1642928123474121, 0.32025909423828125, 0.2392430305480957, 0.14800381660461426, 0.10491156578063965, 0.10474061965942383, 0.11395263671875, 0.10982894897460938, 0.12736868858337402, 0.1712634563446045, 0.09112906455993652, 0.14077377319335938, 0.13261771202087402, 0.11851358413696289, 0.11687731742858887, 0.09306788444519043, 0.11773061752319336, 0.08593940734863281