{'Width': 3.0, 'Complexity': 0.0, 'Fifo': 3.0, 'Multiplier': 1.0}, {'Width': 4.0, 'Complexity': 1.0, 'Fifo': 2.0, 'Multiplier': 1.0}, {'Width': 3.0, 'Complexity': 0.0, 'Fifo': 3.0, 'Multiplier': 1.0}, {'Width': 4.0, 'Complexity': 0.0, 'Fifo': 4.0, 'Multiplier': 1.0}, {'Width': 5.0, 'Complexity': 0.0, 'Fifo': 1.0, 'Multiplier': 1.0}, {'Width': 4.0, 'Complexity': 0.0, 'Fifo': 3.0, 'Multiplier': 2.0}, {'Width': 3.0, 'Complexity': 1.0, 'Fifo': 1.0, 'Multiplier': 1.0}, {'Width': 3.0, 'Complexity': 1.0, 'Fifo': 3.0, 'Multiplier': 2.0}, {'Width': 3.0, 'Complexity': 0.0, 'Fifo': 1.0, 'Multiplier': 1.0}, {'Width': 6.0, 'Complexity': 0.0, 'Fifo': 4.0, 'Multiplier': 5.0}, {'Width': 3.0, 'Complexity': 0.0, 'Fifo': 2.0, 'Multiplier': 1.0}, {'Width': 3.0, 'Complexity': 1.0, 'Fifo': 3.0, 'Multiplier': 1.0}, {'Width': 4.0, 'Complexity': 1.0, 'Fifo': 3.0, 'Multiplier': 1.0}, {'Width': 4.0, 'Complexity': 1.0, 'Fifo': 1.0, 'Multiplier': 1.0}, {'Width': 5.0, 'Complexity': 1.0, 'Fifo': 4.0, 'Multiplier': 1.0}, {'Width': 5.0, 'Complexity': 1.0, 'Fifo': 4.0, 'Multiplier': 1.0}, {'Width': 3.0, 'Complexity': 1.0, 'Fifo': 4.0, 'Multiplier': 2.0}, {'Width': 4.0, 'Complexity': 0.0, 'Fifo': 3.0, 'Multiplier': 2.0}, {'Width': 3.0, 'Complexity': 0.0, 'Fifo': 3.0, 'Multiplier': 2.0}, {'Width': 5.0, 'Complexity': 1.0, 'Fifo': 1.0, 'Multiplier': 1.0}
0.22587868316250503, 0.3877806214317866, 0.22587868316250503, 0.377903417660034, 0.46135536441445457, 0.5408570998371044, 0.31315494505176633, 0.45467580971289023, 0.22581417455021324, 0.6780011143421788, 0.22587868316250503, 0.3139305450653319, 0.3877806214317866, 0.3796361104778351, 0.44772479049532365, 0.44772479049532365, 0.45467580971289023, 0.5408570998371044, 0.419850993356651, 0.44576155393974004
0.47733545303344727, 0.15774011611938477, 0.08897972106933594, 0.12915468215942383, 0.16179227828979492, 0.14838457107543945, 0.13332486152648926, 0.14460229873657227, 0.21861648559570312, 0.4131922721862793, 0.14979076385498047, 0.15347790718078613, 0.15287208557128906, 0.1524806022644043, 0.12192058563232422, 0.10763955116271973, 0.1271228790283203, 0.19365644454956055, 0.14695978164672852, 0.13028693199157715