{'Spout': 1.0, 'Split': 2.0, 'Count': 12.0, 'Buffer_size': 1050000.0, 'Heap': 512.0}, {'Spout': 1.0, 'Split': 2.0, 'Count': 12.0, 'Buffer_size': 262000.0, 'Heap': 1024.0}, {'Spout': 1.0, 'Split': 2.0, 'Count': 12.0, 'Buffer_size': 5240000.0, 'Heap': 512.0}, {'Spout': 1.0, 'Split': 2.0, 'Count': 12.0, 'Buffer_size': 5240000.0, 'Heap': 512.0}, {'Spout': 1.0, 'Split': 2.0, 'Count': 12.0, 'Buffer_size': 1050000.0, 'Heap': 512.0}, {'Spout': 1.0, 'Split': 2.0, 'Count': 12.0, 'Buffer_size': 1050000.0, 'Heap': 512.0}, {'Spout': 1.0, 'Split': 2.0, 'Count': 12.0, 'Buffer_size': 262000.0, 'Heap': 1024.0}, {'Spout': 3.0, 'Split': 6.0, 'Count': 12.0, 'Buffer_size': 5240000.0, 'Heap': 2048.0}, {'Spout': 1.0, 'Split': 2.0, 'Count': 12.0, 'Buffer_size': 5240000.0, 'Heap': 512.0}, {'Spout': 1.0, 'Split': 2.0, 'Count': 12.0, 'Buffer_size': 262000.0, 'Heap': 1024.0}, {'Spout': 1.0, 'Split': 2.0, 'Count': 12.0, 'Buffer_size': 262000.0, 'Heap': 512.0}, {'Spout': 1.0, 'Split': 2.0, 'Count': 12.0, 'Buffer_size': 1050000.0, 'Heap': 1024.0}, {'Spout': 1.0, 'Split': 2.0, 'Count': 9.0, 'Buffer_size': 5240000.0, 'Heap': 1024.0}, {'Spout': 1.0, 'Split': 2.0, 'Count': 12.0, 'Buffer_size': 262000.0, 'Heap': 1024.0}, {'Spout': 1.0, 'Split': 2.0, 'Count': 12.0, 'Buffer_size': 5240000.0, 'Heap': 512.0}, {'Spout': 1.0, 'Split': 2.0, 'Count': 12.0, 'Buffer_size': 262000.0, 'Heap': 1024.0}, {'Spout': 1.0, 'Split': 2.0, 'Count': 12.0, 'Buffer_size': 262000.0, 'Heap': 2048.0}, {'Spout': 1.0, 'Split': 2.0, 'Count': 12.0, 'Buffer_size': 5240000.0, 'Heap': 2048.0}, {'Spout': 1.0, 'Split': 2.0, 'Count': 12.0, 'Buffer_size': 262000.0, 'Heap': 1024.0}, {'Spout': 1.0, 'Split': 2.0, 'Count': 9.0, 'Buffer_size': 262000.0, 'Heap': 1024.0}
0.004885495408456952, 0.0021204068611183624, 0.0, 0.0, 0.004885495408456952, 0.004885495408456952, 0.0021204068611183624, 0.2377519790499225, 0.0, 0.0021204068611183624, 0.006758719400941637, 0.047120164470837334, 0.03312051691775342, 0.0021204068611183624, 0.0, 0.0021204068611183624, 0.00471722968958288, 0.022153033274302514, 0.0021204068611183624, 0.04735433457075189
0.3796212673187256, 0.23875093460083008, 0.22545719146728516, 0.30478858947753906, 0.29627013206481934, 0.593742847442627, 0.3427443504333496, 0.23906970024108887, 0.25496768951416016, 0.23315167427062988, 0.277299165725708, 0.5244131088256836, 0.3491179943084717, 0.29363393783569336, 0.2492210865020752, 0.2832164764404297, 0.4385340213775635, 0.2891960144042969, 0.28156161308288574, 0.3108794689178467