{'Max_spout': 1.0, 'Spliters': 6.0, 'Counters': 9.0}, {'Max_spout': 1.0, 'Spliters': 2.0, 'Counters': 1.0}, {'Max_spout': 10.0, 'Spliters': 3.0, 'Counters': 15.0}, {'Max_spout': 1.0, 'Spliters': 6.0, 'Counters': 9.0}, {'Max_spout': 1.0, 'Spliters': 2.0, 'Counters': 15.0}, {'Max_spout': 1.0, 'Spliters': 1.0, 'Counters': 18.0}, {'Max_spout': 1.0, 'Spliters': 2.0, 'Counters': 15.0}, {'Max_spout': 1.0, 'Spliters': 1.0, 'Counters': 15.0}, {'Max_spout': 1.0, 'Spliters': 1.0, 'Counters': 12.0}, {'Max_spout': 1.0, 'Spliters': 1.0, 'Counters': 9.0}, {'Max_spout': 100000.0, 'Spliters': 2.0, 'Counters': 1.0}, {'Max_spout': 1.0, 'Spliters': 1.0, 'Counters': 15.0}, {'Max_spout': 10000.0, 'Spliters': 2.0, 'Counters': 1.0}, {'Max_spout': 1.0, 'Spliters': 1.0, 'Counters': 12.0}, {'Max_spout': 1.0, 'Spliters': 2.0, 'Counters': 12.0}, {'Max_spout': 1.0, 'Spliters': 1.0, 'Counters': 1.0}, {'Max_spout': 1.0, 'Spliters': 2.0, 'Counters': 15.0}, {'Max_spout': 1.0, 'Spliters': 3.0, 'Counters': 12.0}, {'Max_spout': 1.0, 'Spliters': 2.0, 'Counters': 18.0}, {'Max_spout': 1.0, 'Spliters': 2.0, 'Counters': 12.0}
0.009792353897109196, 0.0019045801973868182, 0.1973817879957892, 0.009792353897109196, 0.003507908693956674, 0.001956462434749673, 0.003507908693956674, 0.0, 0.0008150532127657595, 0.0012736252462314246, 0.037256467288249384, 0.0, 0.04904545051355047, 0.0008150532127657595, 0.004038446411506524, 0.0023531105074919845, 0.003507908693956674, 0.01014716145584904, 0.00412714830119143, 0.004038446411506524
0.14806461334228516, 0.10342764854431152, 0.19649267196655273, 0.19098806381225586, 0.19240498542785645, 0.256131649017334, 0.2742574214935303, 0.1601884365081787, 0.12475943565368652, 0.1549844741821289, 0.23618054389953613, 0.2920801639556885, 0.11795973777770996, 0.29206299781799316, 0.24503517150878906, 0.20639967918395996, 0.15778803825378418, 0.0950770378112793, 0.17682194709777832, 0.07586169242858887