{'Max_spout': 1.0, 'Spliters': 1.0, 'Counters': 15.0}, {'Max_spout': 1.0, 'Spliters': 1.0, 'Counters': 15.0}, {'Max_spout': 1.0, 'Spliters': 1.0, 'Counters': 15.0}, {'Max_spout': 1.0, 'Spliters': 1.0, 'Counters': 15.0}, {'Max_spout': 1.0, 'Spliters': 1.0, 'Counters': 15.0}, {'Max_spout': 1.0, 'Spliters': 1.0, 'Counters': 15.0}, {'Max_spout': 1.0, 'Spliters': 1.0, 'Counters': 15.0}, {'Max_spout': 1.0, 'Spliters': 1.0, 'Counters': 9.0}, {'Max_spout': 1.0, 'Spliters': 1.0, 'Counters': 9.0}, {'Max_spout': 1.0, 'Spliters': 1.0, 'Counters': 9.0}, {'Max_spout': 1.0, 'Spliters': 1.0, 'Counters': 15.0}, {'Max_spout': 1.0, 'Spliters': 1.0, 'Counters': 15.0}, {'Max_spout': 1.0, 'Spliters': 1.0, 'Counters': 15.0}, {'Max_spout': 1.0, 'Spliters': 2.0, 'Counters': 6.0}, {'Max_spout': 1.0, 'Spliters': 1.0, 'Counters': 15.0}, {'Max_spout': 1.0, 'Spliters': 1.0, 'Counters': 15.0}, {'Max_spout': 1.0, 'Spliters': 1.0, 'Counters': 15.0}, {'Max_spout': 1.0, 'Spliters': 2.0, 'Counters': 1.0}, {'Max_spout': 1.0, 'Spliters': 1.0, 'Counters': 15.0}, {'Max_spout': 1.0, 'Spliters': 1.0, 'Counters': 15.0}
0.0, 0.0, 0.0, 0.0, 0.0, 0.0, 0.0, 0.0012736252462314246, 0.0012736252462314246, 0.0012736252462314246, 0.0, 0.0, 0.0, 0.002341395163571347, 0.0, 0.0, 0.0, 0.0019045801973868182, 0.0, 0.0
0.7275543212890625, 0.5560688972473145, 0.21941757202148438, 0.26443028450012207, 0.19135236740112305, 0.21860694885253906, 0.15758371353149414, 0.18373346328735352, 0.22519707679748535, 0.17325329780578613, 0.17536044120788574, 0.2777097225189209, 0.1842637062072754, 0.30816125869750977, 0.2420482635498047, 0.18700408935546875, 0.27918410301208496, 0.4143047332763672, 0.3385179042816162, 0.1634817123413086