{'Max_spout': 1.0, 'Spliters': 6.0, 'Counters': 9.0}, {'Max_spout': 1.0, 'Spliters': 2.0, 'Counters': 1.0}, {'Max_spout': 10.0, 'Spliters': 3.0, 'Counters': 15.0}, {'Max_spout': 100.0, 'Spliters': 6.0, 'Counters': 1.0}, {'Max_spout': 1.0, 'Spliters': 6.0, 'Counters': 15.0}, {'Max_spout': 1.0, 'Spliters': 1.0, 'Counters': 18.0}, {'Max_spout': 1.0, 'Spliters': 3.0, 'Counters': 12.0}, {'Max_spout': 10.0, 'Spliters': 1.0, 'Counters': 3.0}, {'Max_spout': 1.0, 'Spliters': 1.0, 'Counters': 12.0}, {'Max_spout': 1.0, 'Spliters': 1.0, 'Counters': 9.0}, {'Max_spout': 10.0, 'Spliters': 3.0, 'Counters': 6.0}, {'Max_spout': 10.0, 'Spliters': 1.0, 'Counters': 15.0}, {'Max_spout': 10000.0, 'Spliters': 2.0, 'Counters': 1.0}, {'Max_spout': 1.0, 'Spliters': 1.0, 'Counters': 1.0}, {'Max_spout': 1.0, 'Spliters': 3.0, 'Counters': 18.0}, {'Max_spout': 1.0, 'Spliters': 1.0, 'Counters': 6.0}, {'Max_spout': 1.0, 'Spliters': 6.0, 'Counters': 3.0}, {'Max_spout': 10.0, 'Spliters': 1.0, 'Counters': 12.0}, {'Max_spout': 1.0, 'Spliters': 3.0, 'Counters': 12.0}, {'Max_spout': 1000000.0, 'Spliters': 3.0, 'Counters': 3.0}
0.009792353897109196, 0.0019045801973868182, 0.1973817879957892, 0.0778819327639676, 0.011025812249898292, 0.001956462434749673, 0.01014716145584904, 0.1457171213056918, 0.0008150532127657595, 0.0012736252462314246, 0.2026871651712867, 0.15170868291082784, 0.04904545051355047, 0.0023531105074919845, 0.010219127139933115, 0.0032401294043417073, 0.01451196387657383, 0.15438647580697795, 0.01014716145584904, 0.23140649398249735
0.16100692749023438, 0.07064199447631836, 0.15160918235778809, 0.07657480239868164, 0.12754130363464355, 0.09557604789733887, 0.09291219711303711, 0.12029027938842773, 0.15542960166931152, 0.14368152618408203, 0.1602945327758789, 0.11241292953491211, 0.16074061393737793, 0.12600970268249512, 0.09501218795776367, 0.12426185607910156, 0.12479901313781738, 0.060828208923339844, 0.1452171802520752, 0.05390644073486328