{'Max_spout': 1.0, 'Spliters': 1.0, 'Counters': 6.0}, {'Max_spout': 1.0, 'Spliters': 1.0, 'Counters': 9.0}, {'Max_spout': 1.0, 'Spliters': 1.0, 'Counters': 6.0}, {'Max_spout': 1.0, 'Spliters': 2.0, 'Counters': 1.0}, {'Max_spout': 1.0, 'Spliters': 1.0, 'Counters': 12.0}, {'Max_spout': 1.0, 'Spliters': 1.0, 'Counters': 15.0}, {'Max_spout': 1.0, 'Spliters': 1.0, 'Counters': 15.0}, {'Max_spout': 1.0, 'Spliters': 1.0, 'Counters': 15.0}, {'Max_spout': 1.0, 'Spliters': 1.0, 'Counters': 12.0}, {'Max_spout': 1.0, 'Spliters': 1.0, 'Counters': 15.0}, {'Max_spout': 1.0, 'Spliters': 1.0, 'Counters': 3.0}, {'Max_spout': 1.0, 'Spliters': 1.0, 'Counters': 15.0}, {'Max_spout': 1.0, 'Spliters': 2.0, 'Counters': 1.0}, {'Max_spout': 1.0, 'Spliters': 1.0, 'Counters': 15.0}, {'Max_spout': 1.0, 'Spliters': 2.0, 'Counters': 1.0}, {'Max_spout': 1.0, 'Spliters': 1.0, 'Counters': 15.0}, {'Max_spout': 1.0, 'Spliters': 1.0, 'Counters': 12.0}, {'Max_spout': 1.0, 'Spliters': 1.0, 'Counters': 15.0}, {'Max_spout': 1.0, 'Spliters': 1.0, 'Counters': 12.0}, {'Max_spout': 1.0, 'Spliters': 2.0, 'Counters': 12.0}
0.0032401294043417073, 0.0012736252462314246, 0.0032401294043417073, 0.0019045801973868182, 0.0008150532127657595, 0.0, 0.0, 0.0, 0.0008150532127657595, 0.0, 0.0019296845057882317, 0.0, 0.0019045801973868182, 0.0, 0.0019045801973868182, 0.0, 0.0008150532127657595, 0.0, 0.0008150532127657595, 0.004038446411506524
0.32087278366088867, 0.23066043853759766, 0.4292113780975342, 0.1748027801513672, 0.2443692684173584, 0.33234405517578125, 0.21378564834594727, 0.2904386520385742, 0.16336822509765625, 0.19861841201782227, 0.428386926651001, 0.4669761657714844, 0.26718735694885254, 0.3324275016784668, 0.26213860511779785, 0.22552919387817383, 0.2619321346282959, 0.16643667221069336, 0.23423242568969727, 0.18854761123657227