{'Max_spout': 1.0, 'Spliters': 6.0, 'Counters': 9.0}, {'Max_spout': 1.0, 'Spliters': 2.0, 'Counters': 1.0}, {'Max_spout': 10.0, 'Spliters': 3.0, 'Counters': 3.0}, {'Max_spout': 1.0, 'Spliters': 6.0, 'Counters': 9.0}, {'Max_spout': 1.0, 'Spliters': 2.0, 'Counters': 15.0}, {'Max_spout': 1.0, 'Spliters': 1.0, 'Counters': 9.0}, {'Max_spout': 1.0, 'Spliters': 2.0, 'Counters': 15.0}, {'Max_spout': 1.0, 'Spliters': 1.0, 'Counters': 15.0}, {'Max_spout': 1.0, 'Spliters': 1.0, 'Counters': 12.0}, {'Max_spout': 1.0, 'Spliters': 1.0, 'Counters': 9.0}, {'Max_spout': 100000.0, 'Spliters': 2.0, 'Counters': 1.0}, {'Max_spout': 1.0, 'Spliters': 1.0, 'Counters': 15.0}, {'Max_spout': 10000.0, 'Spliters': 2.0, 'Counters': 1.0}, {'Max_spout': 1.0, 'Spliters': 1.0, 'Counters': 12.0}, {'Max_spout': 1.0, 'Spliters': 2.0, 'Counters': 15.0}, {'Max_spout': 1.0, 'Spliters': 1.0, 'Counters': 1.0}, {'Max_spout': 1.0, 'Spliters': 2.0, 'Counters': 15.0}, {'Max_spout': 1.0, 'Spliters': 3.0, 'Counters': 12.0}, {'Max_spout': 1.0, 'Spliters': 2.0, 'Counters': 12.0}, {'Max_spout': 1.0, 'Spliters': 2.0, 'Counters': 12.0}
0.009792353897109196, 0.0019045801973868182, 0.16811016439974757, 0.009792353897109196, 0.003507908693956674, 0.0012736252462314246, 0.003507908693956674, 0.0, 0.0008150532127657595, 0.0012736252462314246, 0.037256467288249384, 0.0, 0.04904545051355047, 0.0008150532127657595, 0.003507908693956674, 0.0023531105074919845, 0.003507908693956674, 0.01014716145584904, 0.004038446411506524, 0.004038446411506524
0.22994065284729004, 0.10666680335998535, 0.2274785041809082, 0.15348100662231445, 0.19659924507141113, 0.30440831184387207, 0.1984539031982422, 0.14762401580810547, 0.08754611015319824, 0.14283967018127441, 0.14799213409423828, 0.1852741241455078, 0.12823128700256348, 0.1822984218597412, 0.2591519355773926, 0.19749760627746582, 0.10173201560974121, 0.14359188079833984, 0.2272624969482422, 0.2205808162689209