{'Max_spout': 1.0, 'Spliters': 1.0, 'Counters': 3.0}, {'Max_spout': 1.0, 'Spliters': 6.0, 'Counters': 1.0}, {'Max_spout': 1.0, 'Spliters': 1.0, 'Counters': 9.0}, {'Max_spout': 1.0, 'Spliters': 1.0, 'Counters': 6.0}, {'Max_spout': 1.0, 'Spliters': 1.0, 'Counters': 3.0}, {'Max_spout': 1.0, 'Spliters': 2.0, 'Counters': 6.0}, {'Max_spout': 1.0, 'Spliters': 1.0, 'Counters': 6.0}, {'Max_spout': 1.0, 'Spliters': 2.0, 'Counters': 15.0}, {'Max_spout': 1.0, 'Spliters': 6.0, 'Counters': 3.0}, {'Max_spout': 1.0, 'Spliters': 1.0, 'Counters': 18.0}, {'Max_spout': 1.0, 'Spliters': 1.0, 'Counters': 12.0}, {'Max_spout': 1.0, 'Spliters': 1.0, 'Counters': 18.0}, {'Max_spout': 1.0, 'Spliters': 1.0, 'Counters': 18.0}, {'Max_spout': 10.0, 'Spliters': 3.0, 'Counters': 18.0}, {'Max_spout': 100000.0, 'Spliters': 2.0, 'Counters': 1.0}, {'Max_spout': 1.0, 'Spliters': 6.0, 'Counters': 12.0}, {'Max_spout': 10.0, 'Spliters': 6.0, 'Counters': 3.0}, {'Max_spout': 1000.0, 'Spliters': 6.0, 'Counters': 1.0}, {'Max_spout': 1.0, 'Spliters': 2.0, 'Counters': 18.0}, {'Max_spout': 1.0, 'Spliters': 1.0, 'Counters': 9.0}
0.003166889755378377, 0.01519589775424035, 0.003115159039619231, 0.0020255808389428864, 0.003166889755378377, 0.007426590881168038, 0.0020255808389428864, 0.005286232516634626, 0.019185629207162158, 0.0, 0.0008018260942662669, 0.0, 0.0, 0.1968321402937011, 0.05259397207834615, 0.014659191578239472, 0.198416393463824, 0.12316436788298513, 0.004397110839524876, 0.003115159039619231
0.2119588851928711, 0.09374809265136719, 0.08539032936096191, 0.08734488487243652, 0.1078801155090332, 0.1057882308959961, 0.05840015411376953, 0.08553028106689453, 0.10020804405212402, 0.06446480751037598, 0.12489175796508789, 0.13603448867797852, 0.09145092964172363, 0.06431174278259277, 0.08619928359985352, 0.08707380294799805, 0.07635378837585449, 0.09271240234375, 0.056607723236083984, 0.06649303436279297