{'Max_spout': 1.0, 'Spliters': 3.0, 'Counters': 6.0}, {'Max_spout': 1.0, 'Spliters': 6.0, 'Counters': 1.0}, {'Max_spout': 1.0, 'Spliters': 1.0, 'Counters': 9.0}, {'Max_spout': 1.0, 'Spliters': 1.0, 'Counters': 3.0}, {'Max_spout': 1.0, 'Spliters': 2.0, 'Counters': 18.0}, {'Max_spout': 1000.0, 'Spliters': 1.0, 'Counters': 1.0}, {'Max_spout': 1.0, 'Spliters': 1.0, 'Counters': 15.0}, {'Max_spout': 1.0, 'Spliters': 2.0, 'Counters': 15.0}, {'Max_spout': 1000.0, 'Spliters': 6.0, 'Counters': 3.0}, {'Max_spout': 1.0, 'Spliters': 1.0, 'Counters': 18.0}, {'Max_spout': 1.0, 'Spliters': 1.0, 'Counters': 12.0}, {'Max_spout': 1.0, 'Spliters': 1.0, 'Counters': 12.0}, {'Max_spout': 1.0, 'Spliters': 1.0, 'Counters': 18.0}, {'Max_spout': 10.0, 'Spliters': 3.0, 'Counters': 18.0}, {'Max_spout': 10.0, 'Spliters': 1.0, 'Counters': 1.0}, {'Max_spout': 100.0, 'Spliters': 2.0, 'Counters': 1.0}, {'Max_spout': 10.0, 'Spliters': 6.0, 'Counters': 3.0}, {'Max_spout': 1000.0, 'Spliters': 6.0, 'Counters': 1.0}, {'Max_spout': 1.0, 'Spliters': 2.0, 'Counters': 18.0}, {'Max_spout': 1.0, 'Spliters': 2.0, 'Counters': 6.0}
0.014104702968696481, 0.01519589775424035, 0.003115159039619231, 0.003166889755378377, 0.004397110839524876, 0.09818813168053697, 0.0037165286103190143, 0.005286232516634626, 0.29840216751699034, 0.0, 0.0008018260942662669, 0.0008018260942662669, 0.0, 0.1968321402937011, 0.06889723046680507, 0.07730185519279387, 0.198416393463824, 0.12316436788298513, 0.004397110839524876, 0.007426590881168038
0.25116443634033203, 0.07028841972351074, 0.0960838794708252, 0.07986235618591309, 0.06291961669921875, 0.09194207191467285, 0.11695194244384766, 0.07051801681518555, 0.1019439697265625, 0.05940890312194824, 0.060300350189208984, 0.1282210350036621, 0.17715930938720703, 0.12611675262451172, 0.08345317840576172, 0.0780487060546875, 0.0885474681854248, 0.09383392333984375, 0.10147428512573242, 0.0856630802154541