{
  "stats": {
    "submitted": 20,
    "finished": 20,
    "running": 0
  },
  "data": [
    [
      1,
      null,
      645852458,
      null,
      0.0065707371490982824,
      3.3230440616607666,
      1,
      1763066504.138819,
      1763066507.5218246,
      {}
    ],
    [
      2,
      null,
      645852458,
      null,
      0.8417162960121952,
      2.9047513008117676,
      1,
      1763066507.5249493,
      1763066510.4917638,
      {}
    ],
    [
      3,
      null,
      645852458,
      null,
      0.9047583818269959,
      2.926095485687256,
      1,
      1763066510.4948936,
      1763066513.482465,
      {}
    ],
    [
      4,
      null,
      645852458,
      null,
      0.7997511880866208,
      2.968252182006836,
      1,
      1763066513.4858892,
      1763066516.5152383,
      {}
    ],
    [
      5,
      null,
      645852458,
      null,
      0.00526048348944097,
      3.103782892227173,
      1,
      1763066516.5182974,
      1763066519.686556,
      {}
    ],
    [
      6,
      null,
      645852458,
      null,
      0.8467918254189211,
      2.9229893684387207,
      1,
      1763066519.690418,
      1763066522.6745796,
      {}
    ],
    [
      7,
      null,
      645852458,
      null,
      0.0033681111905007333,
      2.9025487899780273,
      1,
      1763066522.6780124,
      1763066525.6406116,
      {}
    ],
    [
      8,
      null,
      645852458,
      null,
      0.874525203400819,
      2.9198977947235107,
      1,
      1763066525.6443691,
      1763066528.6244648,
      {}
    ],
    [
      9,
      null,
      645852458,
      null,
      0.003845098035398231,
      2.9373559951782227,
      1,
      1763066528.6276696,
      1763066531.625555,
      {}
    ],
    [
      10,
      null,
      645852458,
      null,
      0.8455594471625124,
      2.9365792274475098,
      1,
      1763066531.628941,
      1763066534.6264098,
      {}
    ],
    [
      11,
      null,
      645852458,
      null,
      0.8335140691650395,
      2.9438610076904297,
      1,
      1763066534.629977,
      1763066537.634571,
      {}
    ],
    [
      12,
      null,
      645852458,
      null,
      0.006716753530189412,
      2.9130916595458984,
      1,
      1763066537.6381674,
      1763066540.612626,
      {}
    ],
    [
      13,
      null,
      645852458,
      null,
      0.8576846474483152,
      2.9522347450256348,
      1,
      1763066540.6161935,
      1763066543.6301332,
      {}
    ],
    [
      14,
      null,
      645852458,
      null,
      0.9315416798892611,
      2.9228453636169434,
      1,
      1763066543.6337757,
      1763066546.6172712,
      {}
    ],
    [
      15,
      null,
      645852458,
      null,
      0.8695470182481537,
      3.194047451019287,
      1,
      1763066546.6210046,
      1763066549.8764586,
      {}
    ],
    [
      16,
      null,
      645852458,
      null,
      0.008075679316876916,
      3.367297649383545,
      1,
      1763066549.881683,
      1763066553.3318155,
      {}
    ],
    [
      17,
      null,
      645852458,
      null,
      0.9111383242381351,
      2.8066654205322266,
      1,
      1763066553.3355665,
      1763066556.2026973,
      {}
    ],
    [
      18,
      null,
      645852458,
      null,
      0.8294119822989208,
      2.8502931594848633,
      1,
      1763066556.2071013,
      1763066559.1166186,
      {}
    ],
    [
      19,
      null,
      645852458,
      null,
      0.0037010285393883624,
      2.9055795669555664,
      1,
      1763066559.1213405,
      1763066562.088606,
      {}
    ],
    [
      20,
      null,
      645852458,
      null,
      0.8584575608255572,
      2.8829212188720703,
      1,
      1763066562.0923486,
      1763066565.0345042,
      {}
    ]
  ],
  "configs": {
    "1": {
      "row_id": "10445"
    },
    "2": {
      "row_id": "5896"
    },
    "3": {
      "row_id": "2373"
    },
    "4": {
      "row_id": "16349"
    },
    "5": {
      "row_id": "18550"
    },
    "6": {
      "row_id": "4311"
    },
    "7": {
      "row_id": "7911"
    },
    "8": {
      "row_id": "12569"
    },
    "9": {
      "row_id": "14160"
    },
    "10": {
      "row_id": "9314"
    },
    "11": {
      "row_id": "3410"
    },
    "12": {
      "row_id": "17683"
    },
    "13": {
      "row_id": "15131"
    },
    "14": {
      "row_id": "597"
    },
    "15": {
      "row_id": "6577"
    },
    "16": {
      "row_id": "11532"
    },
    "17": {
      "row_id": "10977"
    },
    "18": {
      "row_id": "5944"
    },
    "19": {
      "row_id": "41"
    },
    "20": {
      "row_id": "14499"
    }
  },
  "config_origins": {
    "1": "Initial Design: Sobol",
    "2": "Initial Design: Sobol",
    "3": "Initial Design: Sobol",
    "4": "Initial Design: Sobol",
    "5": "Initial Design: Sobol",
    "6": "Initial Design: Sobol",
    "7": "Initial Design: Sobol",
    "8": "Initial Design: Sobol",
    "9": "Initial Design: Sobol",
    "10": "Initial Design: Sobol",
    "11": "Initial Design: Sobol",
    "12": "Initial Design: Sobol",
    "13": "Initial Design: Sobol",
    "14": "Initial Design: Sobol",
    "15": "Initial Design: Sobol",
    "16": "Initial Design: Sobol",
    "17": "Initial Design: Sobol",
    "18": "Initial Design: Sobol",
    "19": "Initial Design: Sobol",
    "20": "Initial Design: Sobol"
  }
}