{
  "incumbent_ids": [
    8
  ],
  "rejected_config_ids": [
    1,
    3,
    4,
    5,
    6,
    7,
    2,
    9
  ],
  "incumbents_changed": 3,
  "trajectory": [
    {
      "config_ids": [
        1
      ],
      "costs": [
        0.25334926049796447
      ],
      "trial": 1,
      "walltime": 1.9612598419189453
    },
    {
      "config_ids": [
        2
      ],
      "costs": [
        0.1918006112077355
      ],
      "trial": 2,
      "walltime": 101.00111889839172
    },
    {
      "config_ids": [
        8
      ],
      "costs": [
        0.13865766994366546
      ],
      "trial": 8,
      "walltime": 110.70182609558105
    }
  ],
  "state": {
    "queue": []
  }
}