{
  "stats": {
    "submitted": 20,
    "finished": 20,
    "running": 0
  },
  "data": [
    [
      1,
      null,
      662124363,
      null,
      0.543094016770858,
      2.6873645782470703,
      1,
      1763062728.1563733,
      1763062730.9083438,
      {}
    ],
    [
      2,
      null,
      662124363,
      null,
      0.6360547153935936,
      3.7516911029815674,
      1,
      1763062730.9140246,
      1763062734.707588,
      {}
    ],
    [
      3,
      null,
      662124363,
      null,
      0.5735902124464628,
      3.120305061340332,
      1,
      1763062734.7105932,
      1763062737.8659704,
      {}
    ],
    [
      4,
      null,
      662124363,
      null,
      0.645415624164181,
      3.0251100063323975,
      1,
      1763062737.869294,
      1763062740.9575293,
      {}
    ],
    [
      5,
      null,
      662124363,
      null,
      0.6474910014876165,
      2.3125782012939453,
      1,
      1763062740.960751,
      1763062743.306871,
      {}
    ],
    [
      6,
      null,
      662124363,
      null,
      0.6368575072726991,
      2.2451233863830566,
      1,
      1763062743.3102424,
      1763062745.590276,
      {}
    ],
    [
      7,
      null,
      662124363,
      null,
      0.5000371404274512,
      3.2298784255981445,
      1,
      1763062745.5936015,
      1763062748.8564944,
      {}
    ],
    [
      8,
      null,
      662124363,
      null,
      0.6375441027129854,
      2.8138511180877686,
      1,
      1763062748.8612132,
      1763062751.708675,
      {}
    ],
    [
      9,
      null,
      662124363,
      null,
      0.5865788011851883,
      2.7161521911621094,
      1,
      1763062751.7125118,
      1763062754.4679444,
      {}
    ],
    [
      10,
      null,
      662124363,
      null,
      0.654885910862191,
      2.6689884662628174,
      1,
      1763062754.4727025,
      1763062757.1843524,
      {}
    ],
    [
      11,
      null,
      662124363,
      null,
      0.5706411937815102,
      3.0442028045654297,
      1,
      1763062757.1888125,
      1763062760.2757928,
      {}
    ],
    [
      12,
      null,
      662124363,
      null,
      0.5906324524144854,
      2.183323383331299,
      1,
      1763062760.2797434,
      1763062762.49631,
      {}
    ],
    [
      13,
      null,
      662124363,
      null,
      0.545737984263214,
      2.3035802841186523,
      1,
      1763062762.5013885,
      1763062764.8363736,
      {}
    ],
    [
      14,
      null,
      662124363,
      null,
      0.6566458915257771,
      2.3294591903686523,
      1,
      1763062764.8402343,
      1763062767.2038667,
      {}
    ],
    [
      15,
      null,
      662124363,
      null,
      0.6288085084196537,
      2.104787826538086,
      1,
      1763062767.2079163,
      1763062769.3452244,
      {}
    ],
    [
      16,
      null,
      662124363,
      null,
      0.5892400097858266,
      2.155057668685913,
      1,
      1763062769.3492692,
      1763062771.5377975,
      {}
    ],
    [
      17,
      null,
      662124363,
      null,
      0.5898011303388856,
      2.2336151599884033,
      1,
      1763062771.5417936,
      1763062773.809422,
      {}
    ],
    [
      18,
      null,
      662124363,
      null,
      0.635763154850396,
      2.3936638832092285,
      1,
      1763062773.8131945,
      1763062776.2400737,
      {}
    ],
    [
      19,
      null,
      662124363,
      null,
      0.6492908440344601,
      2.298426389694214,
      1,
      1763062776.2441244,
      1763062778.5756435,
      {}
    ],
    [
      20,
      null,
      662124363,
      null,
      0.5620806376676757,
      2.0887794494628906,
      1,
      1763062778.5809183,
      1763062780.7043543,
      {}
    ]
  ],
  "configs": {
    "1": {
      "row_id": "6263"
    },
    "2": {
      "row_id": "1140"
    },
    "3": {
      "row_id": "3681"
    },
    "4": {
      "row_id": "8880"
    },
    "5": {
      "row_id": "7867"
    },
    "6": {
      "row_id": "4533"
    },
    "7": {
      "row_id": "2148"
    },
    "8": {
      "row_id": "5406"
    },
    "9": {
      "row_id": "6030"
    },
    "10": {
      "row_id": "1531"
    },
    "11": {
      "row_id": "3915"
    },
    "12": {
      "row_id": "8489"
    },
    "13": {
      "row_id": "9507"
    },
    "14": {
      "row_id": "3048"
    },
    "15": {
      "row_id": "508"
    },
    "16": {
      "row_id": "6891"
    },
    "17": {
      "row_id": "7435"
    },
    "18": {
      "row_id": "126"
    },
    "19": {
      "row_id": "2507"
    },
    "20": {
      "row_id": "9896"
    }
  },
  "config_origins": {
    "1": "Initial Design: Sobol",
    "2": "Initial Design: Sobol",
    "3": "Initial Design: Sobol",
    "4": "Initial Design: Sobol",
    "5": "Initial Design: Sobol",
    "6": "Initial Design: Sobol",
    "7": "Initial Design: Sobol",
    "8": "Initial Design: Sobol",
    "9": "Initial Design: Sobol",
    "10": "Initial Design: Sobol",
    "11": "Initial Design: Sobol",
    "12": "Initial Design: Sobol",
    "13": "Initial Design: Sobol",
    "14": "Initial Design: Sobol",
    "15": "Initial Design: Sobol",
    "16": "Initial Design: Sobol",
    "17": "Initial Design: Sobol",
    "18": "Initial Design: Sobol",
    "19": "Initial Design: Sobol",
    "20": "Initial Design: Sobol"
  }
}