{
  "incumbent_ids": [
    41
  ],
  "rejected_config_ids": [
    2,
    1,
    4,
    5,
    6,
    7,
    8,
    9,
    10,
    11,
    12,
    13,
    14,
    15,
    16,
    17,
    18,
    3,
    20,
    21,
    22,
    23,
    24,
    25,
    26,
    27,
    28,
    29,
    30,
    31,
    32,
    33,
    34,
    35,
    36,
    37,
    38,
    39,
    40,
    19,
    42,
    43,
    44,
    45,
    46,
    47,
    48,
    49,
    50
  ],
  "incumbents_changed": 4,
  "trajectory": [
    {
      "config_ids": [
        1
      ],
      "costs": [
        0.4993958412180537
      ],
      "trial": 1,
      "walltime": 0.015950918197631836
    },
    {
      "config_ids": [
        3
      ],
      "costs": [
        0.464362392092313
      ],
      "trial": 3,
      "walltime": 0.05408191680908203
    },
    {
      "config_ids": [
        19
      ],
      "costs": [
        0.428754178957624
      ],
      "trial": 19,
      "walltime": 3.4716737270355225
    },
    {
      "config_ids": [
        41
      ],
      "costs": [
        0.42658178130810276
      ],
      "trial": 41,
      "walltime": 7.63254714012146
    }
  ],
  "state": {
    "queue": [
      [
        50,
        1
      ]
    ]
  }
}