{
  "incumbent_ids": [
    4
  ],
  "rejected_config_ids": [
    2,
    1,
    3,
    5,
    6,
    7,
    8,
    9
  ],
  "incumbents_changed": 3,
  "trajectory": [
    {
      "config_ids": [
        1
      ],
      "costs": [
        0.44628578602351787
      ],
      "trial": 1,
      "walltime": 3.902986526489258
    },
    {
      "config_ids": [
        3
      ],
      "costs": [
        0.43468029162834143
      ],
      "trial": 3,
      "walltime": 11.323513984680176
    },
    {
      "config_ids": [
        4
      ],
      "costs": [
        0.3414260989946143
      ],
      "trial": 4,
      "walltime": 184.53135323524475
    }
  ],
  "state": {
    "queue": []
  }
}