{
  "incumbent_ids": [
    4
  ],
  "rejected_config_ids": [
    1,
    3,
    2,
    5,
    6
  ],
  "incumbents_changed": 3,
  "trajectory": [
    {
      "config_ids": [
        1
      ],
      "costs": [
        0.28862076367173817
      ],
      "trial": 1,
      "walltime": 0.007100343704223633
    },
    {
      "config_ids": [
        2
      ],
      "costs": [
        0.22607231345942402
      ],
      "trial": 2,
      "walltime": 2.800528049468994
    },
    {
      "config_ids": [
        4
      ],
      "costs": [
        0.14992204625609862
      ],
      "trial": 4,
      "walltime": 2.820960521697998
    }
  ],
  "state": {
    "queue": [
      [
        6,
        1
      ]
    ]
  }
}