{
  "DE_params": {
    "mutation_factor": 0.5,
    "crossover_prob": 0.5,
    "strategy": "rand1_bin",
    "configspace": true,
    "boundary_fix_type": "random",
    "max_age": Infinity,
    "dimensions": 17,
    "output_path": "../results/tmp/DEHB_tmp/dehb_20251208-050116_b4fa",
    "async_strategy": "immediate"
  },
  "HB_params": {
    "min_fidelity": 1,
    "max_fidelity": 10,
    "min_clip": null,
    "max_clip": null,
    "eta": 3
  },
  "internals": {
    "initial_configs": [
      {
        "config_id": 0,
        "config": [
          0.7837837837837838,
          0.30927835051546393,
          0.04,
          0.5515548281505729,
          0.4864864864864865,
          0.596116504854369,
          0.0,
          0.0,
          0.0,
          0.5,
          0.6190476190476191,
          0.1346153846153846,
          0.9541284403669725,
          0.7272727272727273,
          0.01,
          0.11599297012302284,
          0.6124031007751938
        ],
        "results": {
          "1.1111111111111112": {
            "score": Infinity,
            "cost": -1,
            "info": {}
          }
        }
      },
      {
        "config_id": 1,
        "config": [
          0.8648648648648649,
          0.6958762886597938,
          0.52,
          0.6284779050736498,
          0.3783783783783784,
          0.7106796116504854,
          0.5,
          0.0,
          0.0,
          0.5,
          0.7619047619047619,
          0.46153846153846156,
          0.981651376146789,
          0.09090909090909091,
          0.97,
          0.8242530755711776,
          0.9069767441860465
        ],
        "results": {
          "1.1111111111111112": {
            "score": Infinity,
            "cost": -1,
            "info": {}
          }
        }
      },
      {
        "config_id": 2,
        "config": [
          0.08108108108108109,
          0.42783505154639173,
          0.44,
          0.5286415711947627,
          0.32432432432432434,
          0.258252427184466,
          0.5,
          0.5,
          0.0,
          0.0,
          0.38095238095238093,
          0.2692307692307692,
          0.44036697247706424,
          0.45454545454545453,
          0.59,
          0.9876977152899824,
          0.9302325581395349
        ],
        "results": {
          "1.1111111111111112": {
            "score": Infinity,
            "cost": -1,
            "info": {}
          }
        }
      },
      {
        "config_id": 3,
        "config": [
          0.3783783783783784,
          0.07216494845360824,
          0.2,
          0.24549918166939444,
          0.40540540540540543,
          0.12427184466019417,
          0.5,
          0.5,
          0.5,
          0.5,
          0.9523809523809523,
          0.9807692307692307,
          0.25688073394495414,
          0.18181818181818182,
          0.59,
          0.0913884007029877,
          0.9534883720930233
        ],
        "results": {
          "1.1111111111111112": {
            "score": Infinity,
            "cost": -1,
            "info": {}
          }
        }
      },
      {
        "config_id": 4,
        "config": [
          0.5135135135135135,
          0.8762886597938144,
          0.64,
          0.41898527004909986,
          0.4864864864864865,
          0.27766990291262134,
          0.5,
          0.5,
          0.0,
          0.5,
          0.5238095238095238,
          0.07692307692307693,
          0.06880733944954129,
          0.36363636363636365,
          0.55,
          0.4833040421792619,
          0.7596899224806202
        ],
        "results": {
          "1.1111111111111112": {
            "score": Infinity,
            "cost": -1,
            "info": {}
          }
        }
      },
      {
        "config_id": 5,
        "config": [
          0.5405405405405406,
          0.7216494845360825,
          0.88,
          0.4238952536824877,
          0.32432432432432434,
          0.18058252427184465,
          0.0,
          0.0,
          0.0,
          0.5,
          0.8571428571428571,
          0.2692307692307692,
          0.03211009174311927,
          0.9090909090909091,
          0.65,
          0.29876977152899825,
          0.6744186046511628
        ],
        "results": {
          "1.1111111111111112": {
            "score": Infinity,
            "cost": -1,
            "info": {}
          }
        }
      },
      {
        "config_id": 6,
        "config": [
          0.21621621621621623,
          0.9123711340206185,
          0.72,
          0.5859247135842881,
          0.5945945945945946,
          0.829126213592233,
          0.5,
          0.0,
          0.0,
          0.5,
          0.7142857142857143,
          0.40384615384615385,
          0.09174311926605505,
          0.36363636363636365,
          0.82,
          0.5975395430579965,
          0.6821705426356589
        ],
        "results": {
          "1.1111111111111112": {
            "score": Infinity,
            "cost": -1,
            "info": {}
          }
        }
      },
      {
        "config_id": 7,
        "config": [
          0.5135135135135135,
          0.7061855670103093,
          0.44,
          0.5761047463175123,
          0.02702702702702703,
          0.5048543689320388,
          0.5,
          0.0,
          0.0,
          0.5,
          0.5238095238095238,
          0.7307692307692307,
          0.7522935779816514,
          0.8181818181818182,
          0.14,
          0.14235500878734622,
          0.7829457364341085
        ],
        "results": {
          "1.1111111111111112": {
            "score": Infinity,
            "cost": -1,
            "info": {}
          }
        }
      },
      {
        "config_id": 8,
        "config": [
          0.9459459459459459,
          0.211340206185567,
          0.24,
          0.14729950900163666,
          0.5675675675675675,
          0.683495145631068,
          0.0,
          0.0,
          0.0,
          0.0,
          0.9047619047619048,
          0.6346153846153846,
          0.6100917431192661,
          0.09090909090909091,
          0.51,
          0.8488576449912126,
          0.4496124031007752
        ],
        "results": {
          "1.1111111111111112": {
            "score": Infinity,
            "cost": -1,
            "info": {}
          }
        }
      },
      {
        "config_id": 9,
        "config": [
          0.972972972972973,
          0.4845360824742268,
          0.48,
          0.07855973813420622,
          0.7837837837837838,
          0.4407766990291262,
          0.0,
          0.0,
          0.0,
          0.5,
          0.23809523809523808,
          0.28846153846153844,
          0.5091743119266054,
          0.8181818181818182,
          0.68,
          0.43233743409490333,
          0.13178294573643412
        ],
        "results": {
          "3.333333333333333": {
            "score": Infinity,
            "cost": -1,
            "info": {}
          }
        }
      },
      {
        "config_id": 10,
        "config": [
          0.0,
          0.4690721649484536,
          0.8,
          0.5695581014729951,
          0.8648648648648649,
          0.9922330097087378,
          0.0,
          0.0,
          0.5,
          0.0,
          0.9523809523809523,
          0.4807692307692308,
          0.1834862385321101,
          0.8181818181818182,
          0.19,
          0.22847100175746923,
          0.8062015503875969
        ],
        "results": {
          "3.333333333333333": {
            "score": Infinity,
            "cost": -1,
            "info": {}
          }
        }
      },
      {
        "config_id": 11,