None, None, None, None, None, None, None, None, None, None, None, None, None, None, None, None, None, None, None, None
None, None, None, None, None, None, None, None, None, None, None, None, None, None, None, None, None, None, None, None
4.8903868198394775, 5.79022216796875, 6.358941078186035, 6.495304822921753, 6.578741788864136, 6.565913915634155, 6.52761435508728, 6.699988603591919, 6.8273725509643555, 6.820145606994629, 6.754603147506714, 6.8841941356658936, 7.260939598083496, 7.306077003479004, 7.417196273803711, 7.354262590408325, 2.9901123046875, 2.893082618713379, 2.784163475036621, 3.0707831382751465