None, None, None, None, None, None, None, None, None, None, None, None, None, None, None, None, None, None, None, None
None, None, None, None, None, None, None, None, None, None, None, None, None, None, None, None, None, None, None, None
57.56184768676758, 58.85391616821289, 59.607500076293945, 60.31255793571472, 61.33100891113281, 61.570515632629395, 62.793469190597534, 63.21351671218872, 63.28631782531738, 64.06899881362915, 64.62283492088318, 64.66807317733765, 64.60173273086548, 65.06850671768188, 65.51367735862732, 66.02922773361206, 55.354933738708496, 54.21678400039673, 55.19477462768555, 59.63561987876892