None, None, None, None, None, None, None, None, None, None, None, None, None, None, None, None, None, None, None, None
None, None, None, None, None, None, None, None, None, None, None, None, None, None, None, None, None, None, None, None
33.28597903251648, 35.278071880340576, 35.80306625366211, 36.0170795917511, 36.04428744316101, 36.100003719329834, 36.300716400146484, 36.754462480545044, 36.851569414138794, 37.29176735877991, 37.37305474281311, 37.43604755401611, 37.5519745349884, 37.6788227558136, 37.83986282348633, 37.74593806266785, 26.76098608970642, 25.391438961029053, 25.470293283462524, 25.824440240859985