{'Clndrs': 5.0, 'Volume': 183.0, 'Model': 79.0, 'origin': 2.0}, {'Clndrs': 6.0, 'Volume': 262.0, 'Model': 82.0, 'origin': 1.0}, {'Clndrs': 4.0, 'Volume': 146.0, 'Model': 80.0, 'origin': 2.0}, {'Clndrs': 4.0, 'Volume': 85.0, 'Model': 80.0, 'origin': 3.0}, {'Clndrs': 4.0, 'Volume': 85.0, 'Model': 80.0, 'origin': 2.0}, {'Clndrs': 4.0, 'Volume': 97.0, 'Model': 71.0, 'origin': 2.0}, {'Clndrs': 5.0, 'Volume': 183.0, 'Model': 79.0, 'origin': 2.0}, {'Clndrs': 4.0, 'Volume': 79.0, 'Model': 77.0, 'origin': 2.0}, {'Clndrs': 4.0, 'Volume': 85.0, 'Model': 76.0, 'origin': 1.0}, {'Clndrs': 8.0, 'Volume': 350.0, 'Model': 81.0, 'origin': 1.0}, {'Clndrs': 5.0, 'Volume': 121.0, 'Model': 80.0, 'origin': 2.0}, {'Clndrs': 6.0, 'Volume': 262.0, 'Model': 82.0, 'origin': 1.0}, {'Clndrs': 4.0, 'Volume': 97.0, 'Model': 82.0, 'origin': 2.0}, {'Clndrs': 4.0, 'Volume': 98.0, 'Model': 71.0, 'origin': 1.0}, {'Clndrs': 4.0, 'Volume': 140.0, 'Model': 77.0, 'origin': 1.0}, {'Clndrs': 6.0, 'Volume': 262.0, 'Model': 82.0, 'origin': 1.0}, {'Clndrs': 4.0, 'Volume': 97.0, 'Model': 73.0, 'origin': 2.0}, {'Clndrs': 4.0, 'Volume': 79.0, 'Model': 71.0, 'origin': 2.0}, {'Clndrs': 4.0, 'Volume': 146.0, 'Model': 80.0, 'origin': 2.0}, {'Clndrs': 4.0, 'Volume': 141.0, 'Model': 79.0, 'origin': 2.0}
0.4559540336686524, 0.38125731428387977, 0.4071477874217173, 0.25394722064135844, 0.2976352869025818, 0.35266393508851945, 0.4559540336686524, 0.2596851205899111, 0.30998225385304745, 0.49253148257199353, 0.31159152325128536, 0.38125731428387977, 0.16745989117220028, 0.3578925042330301, 0.4625395169378512, 0.38125731428387977, 0.3216062143047753, 0.3495755905847796, 0.4071477874217173, 0.3872631585390678
2.4357292652130127, 1.355095624923706, 1.5066814422607422, 1.316253662109375, 1.4963855743408203, 1.365715503692627, 1.384803295135498, 1.2593050003051758, 1.2988383769989014, 1.3004863262176514, 1.2967281341552734, 1.4178781509399414, 1.321934700012207, 1.4932806491851807, 1.2484722137451172, 1.5238897800445557, 1.2033183574676514, 1.1995964050292969, 1.2823388576507568, 1.2731046676635742