{'Clndrs': 4.0, 'Volume': 86.0, 'Model': 81.0, 'origin': 1.0}, {'Clndrs': 4.0, 'Volume': 71.0, 'Model': 71.0, 'origin': 3.0}, {'Clndrs': 4.0, 'Volume': 98.0, 'Model': 71.0, 'origin': 1.0}, {'Clndrs': 4.0, 'Volume': 83.0, 'Model': 74.0, 'origin': 3.0}, {'Clndrs': 4.0, 'Volume': 76.0, 'Model': 74.0, 'origin': 3.0}, {'Clndrs': 3.0, 'Volume': 70.0, 'Model': 80.0, 'origin': 3.0}, {'Clndrs': 4.0, 'Volume': 91.0, 'Model': 82.0, 'origin': 3.0}, {'Clndrs': 4.0, 'Volume': 105.0, 'Model': 82.0, 'origin': 2.0}, {'Clndrs': 4.0, 'Volume': 71.0, 'Model': 71.0, 'origin': 3.0}, {'Clndrs': 4.0, 'Volume': 68.0, 'Model': 73.0, 'origin': 2.0}, {'Clndrs': 6.0, 'Volume': 146.0, 'Model': 81.0, 'origin': 3.0}, {'Clndrs': 4.0, 'Volume': 105.0, 'Model': 82.0, 'origin': 2.0}, {'Clndrs': 4.0, 'Volume': 85.0, 'Model': 80.0, 'origin': 2.0}, {'Clndrs': 4.0, 'Volume': 91.0, 'Model': 82.0, 'origin': 3.0}, {'Clndrs': 4.0, 'Volume': 98.0, 'Model': 80.0, 'origin': 2.0}, {'Clndrs': 4.0, 'Volume': 151.0, 'Model': 80.0, 'origin': 1.0}, {'Clndrs': 4.0, 'Volume': 97.0, 'Model': 70.0, 'origin': 2.0}, {'Clndrs': 4.0, 'Volume': 79.0, 'Model': 81.0, 'origin': 3.0}, {'Clndrs': 4.0, 'Volume': 91.0, 'Model': 82.0, 'origin': 3.0}, {'Clndrs': 4.0, 'Volume': 105.0, 'Model': 82.0, 'origin': 2.0}
0.41914545658949853, 0.27467083302654305, 0.32909678259718966, 0.35511448019040315, 0.35511448019040315, 0.25394722064135844, 0.3348019145129377, 0.16745989117220028, 0.27467083302654305, 0.3216062143047753, 0.4015216308946139, 0.16745989117220028, 0.19532716835654673, 0.3348019145129377, 0.19532716835654673, 0.4416864193967309, 0.35266393508851945, 0.3328729067416236, 0.3348019145129377, 0.16745989117220028
32.13946318626404, 32.150120973587036, 33.72162866592407, 34.23057174682617, 35.13279151916504, 35.244516372680664, 35.568453788757324, 35.92483115196228, 36.23932456970215, 36.4184889793396, 36.58430528640747, 36.6613609790802, 37.118584632873535, 37.47035527229309, 38.13959264755249, 38.23545289039612, 26.548150777816772, 27.79604434967041, 28.227226495742798, 29.563397884368896