{'Clndrs': 4.0, 'Volume': 104.0, 'Model': 70.0, 'origin': 2.0}, {'Clndrs': 4.0, 'Volume': 105.0, 'Model': 81.0, 'origin': 1.0}, {'Clndrs': 3.0, 'Volume': 70.0, 'Model': 80.0, 'origin': 3.0}, {'Clndrs': 4.0, 'Volume': 91.0, 'Model': 82.0, 'origin': 3.0}, {'Clndrs': 4.0, 'Volume': 97.0, 'Model': 70.0, 'origin': 2.0}, {'Clndrs': 4.0, 'Volume': 88.0, 'Model': 71.0, 'origin': 2.0}, {'Clndrs': 5.0, 'Volume': 131.0, 'Model': 78.0, 'origin': 2.0}, {'Clndrs': 4.0, 'Volume': 98.0, 'Model': 80.0, 'origin': 2.0}, {'Clndrs': 4.0, 'Volume': 112.0, 'Model': 82.0, 'origin': 1.0}, {'Clndrs': 4.0, 'Volume': 135.0, 'Model': 82.0, 'origin': 1.0}, {'Clndrs': 4.0, 'Volume': 85.0, 'Model': 76.0, 'origin': 1.0}, {'Clndrs': 3.0, 'Volume': 70.0, 'Model': 80.0, 'origin': 3.0}, {'Clndrs': 3.0, 'Volume': 80.0, 'Model': 77.0, 'origin': 3.0}, {'Clndrs': 8.0, 'Volume': 454.0, 'Model': 70.0, 'origin': 1.0}, {'Clndrs': 4.0, 'Volume': 156.0, 'Model': 80.0, 'origin': 1.0}, {'Clndrs': 4.0, 'Volume': 98.0, 'Model': 81.0, 'origin': 1.0}, {'Clndrs': 3.0, 'Volume': 70.0, 'Model': 80.0, 'origin': 3.0}, {'Clndrs': 3.0, 'Volume': 70.0, 'Model': 80.0, 'origin': 3.0}, {'Clndrs': 4.0, 'Volume': 119.0, 'Model': 81.0, 'origin': 3.0}, {'Clndrs': 3.0, 'Volume': 70.0, 'Model': 72.0, 'origin': 3.0}
0.5750488709415786, 0.41914545658949853, 0.25394722064135844, 0.3348019145129377, 0.419906382732522, 0.35266393508851945, 0.4559540336686524, 0.4334235600653338, 0.39284905848868923, 0.4479229985724873, 0.3923177859578426, 0.25831625843393935, 0.4127648071621979, 0.8063283887730788, 0.4416864193967309, 0.41914545658949853, 0.25831625843393935, 0.25069416027841385, 0.3829859092340627, 0.3517798862205761
3.2251882553100586, 3.233678102493286, 3.250415086746216, 3.264277458190918, 3.266655445098877, 3.3583319187164307, 3.3516476154327393, 3.3659253120422363, 3.3684723377227783, 3.3972649574279785, 3.440281391143799, 3.441756010055542, 3.517740249633789, 3.505629777908325, 3.606973886489868, 3.6263575553894043, 2.385228157043457, 2.4679782390594482, 2.4452695846557617, 2.6438345909118652