None, None, None, None, None, None, None, None, None, None, None, None, None, None, None, None, None, None, None, None
None, None, None, None, None, None, None, None, None, None, None, None, None, None, None, None, None, None, None, None
10.354605436325073, 10.78674054145813, 11.537086963653564, 11.599927186965942, 16.08139991760254, 16.54287624359131, 16.77162194252014, 17.126966953277588, 17.219987154006958, 17.441493034362793, 17.477455854415894, 17.511169910430908, 17.5326247215271, 17.64977478981018, 17.57639718055725, 17.67100954055786, 10.569667339324951, 11.3196702003479, 15.01707649230957, 16.300517559051514