None, None, None, None, None, None, None, None, None, None, None, None, None, None, None, None, None, None, None, None
None, None, None, None, None, None, None, None, None, None, None, None, None, None, None, None, None, None, None, None
17.949064254760742, 18.706135034561157, 19.3032648563385, 19.83798599243164, 20.79899001121521, 20.905079126358032, 21.08625841140747, 21.263554334640503, 21.54706597328186, 21.68158769607544, 21.588844537734985, 21.650214672088623, 21.80384874343872, 21.750481605529785, 21.701143503189087, 21.802976369857788, 14.751901865005493, 15.119099378585815, 14.623616218566895, 15.32200574874878