None, None, None, None, None, None, None, None, None, None, None, None, None, None, None, None, None, None, None, None
None, None, None, None, None, None, None, None, None, None, None, None, None, None, None, None, None, None, None, None
6.006892919540405, 6.289610862731934, 6.306210517883301, 6.372565031051636, 6.664558172225952, 6.899935483932495, 7.007945537567139, 7.288233757019043, 7.135296106338501, 7.25792670249939, 7.197225332260132, 7.25424861907959, 7.2058587074279785, 7.240475177764893, 7.163010597229004, 7.28330135345459, 2.2044765949249268, 2.3191912174224854, 2.615544080734253, 2.699542760848999