None, None, None, None, None, None, None, None, None, None, None, None, None, None, None, None, None, None, None, None
None, None, None, None, None, None, None, None, None, None, None, None, None, None, None, None, None, None, None, None
5.69706392288208, 7.592700481414795, 8.238409519195557, 10.824988842010498, 11.907241344451904, 12.009681701660156, 11.972413301467896, 12.21528959274292, 12.224052906036377, 12.303879499435425, 12.217762470245361, 12.4781653881073, 12.373477697372437, 12.354159116744995, 12.475842952728271, 12.573819398880005, 5.157560348510742, 7.955986261367798, 7.36627721786499, 4.682384967803955