None, None, None, None, None, None, None, None, None, None, None, None, None, None, None, None, None, None, None, None
None, None, None, None, None, None, None, None, None, None, None, None, None, None, None, None, None, None, None, None
17.141374588012695, 20.068978786468506, 20.786312103271484, 21.368678092956543, 21.591981410980225, 21.476969003677368, 21.559898853302002, 21.21378755569458, 21.425925254821777, 21.618754386901855, 21.833711624145508, 21.695069313049316, 21.6705584526062, 22.03901195526123, 22.249847888946533, 22.0395348072052, 6.742764711380005, 7.102637052536011, 7.109358549118042, 6.902140140533447