None, None, None, None, None, None, None, None, None, None, None, None, None, None, None, None, None, None, None, None
None, None, None, None, None, None, None, None, None, None, None, None, None, None, None, None, None, None, None, None
27.916332483291626, 30.485963106155396, 31.228570699691772, 31.329612255096436, 31.394070625305176, 31.521325826644897, 31.5779287815094, 31.507813215255737, 31.79685139656067, 31.73131489753723, 31.930094003677368, 31.670344352722168, 31.921536684036255, 31.851991653442383, 31.978329181671143, 32.1483268737793, 19.132324695587158, 17.514968395233154, 17.57797646522522, 17.994196891784668