None, None, None, None, None, None, None, None, None, None, None, None, None, None, None, None, None, None, None, None
None, None, None, None, None, None, None, None, None, None, None, None, None, None, None, None, None, None, None, None
15.334137201309204, 18.05626392364502, 19.560584783554077, 20.278778076171875, 22.024965047836304, 21.735905647277832, 22.30994701385498, 22.26289200782776, 22.556219577789307, 22.55586528778076, 22.458178281784058, 22.553494453430176, 22.56105375289917, 22.712608337402344, 22.629210948944092, 22.61857795715332, 9.13637924194336, 6.572798252105713, 6.019231081008911, 9.502772092819214