{'Spout_wait': 100.0, 'Spliters': 6.0, 'Counters': 17.0}, {'Spout_wait': 9.0, 'Spliters': 2.0, 'Counters': 16.0}, {'Spout_wait': 7.0, 'Spliters': 3.0, 'Counters': 17.0}, {'Spout_wait': 3.0, 'Spliters': 6.0, 'Counters': 18.0}, {'Spout_wait': 10.0, 'Spliters': 4.0, 'Counters': 15.0}, {'Spout_wait': 5.0, 'Spliters': 6.0, 'Counters': 15.0}, {'Spout_wait': 100.0, 'Spliters': 6.0, 'Counters': 11.0}, {'Spout_wait': 1.0, 'Spliters': 6.0, 'Counters': 17.0}, {'Spout_wait': 3.0, 'Spliters': 5.0, 'Counters': 18.0}, {'Spout_wait': 4.0, 'Spliters': 3.0, 'Counters': 15.0}, {'Spout_wait': 1.0, 'Spliters': 3.0, 'Counters': 17.0}, {'Spout_wait': 10.0, 'Spliters': 6.0, 'Counters': 17.0}, {'Spout_wait': 6.0, 'Spliters': 4.0, 'Counters': 16.0}, {'Spout_wait': 2.0, 'Spliters': 6.0, 'Counters': 17.0}, {'Spout_wait': 2.0, 'Spliters': 6.0, 'Counters': 17.0}, {'Spout_wait': 8.0, 'Spliters': 6.0, 'Counters': 15.0}, {'Spout_wait': 4.0, 'Spliters': 3.0, 'Counters': 18.0}, {'Spout_wait': 10.0, 'Spliters': 5.0, 'Counters': 17.0}, {'Spout_wait': 8.0, 'Spliters': 4.0, 'Counters': 17.0}, {'Spout_wait': 4.0, 'Spliters': 4.0, 'Counters': 15.0}
0.06173091761865335, 0.10461128710511314, 0.02967052168107598, 0.05630847554506302, 0.030368608200511682, 0.07770766963824427, 0.10495416997350338, 0.0947019071992724, 0.07424828484036816, 0.09457155307266985, 0.10110875530731922, 0.000747363758841324, 0.08460547966421594, 0.03826415626869606, 0.03826415626869606, 0.045320344504342636, 0.08979103759176488, 0.019199269545525532, 0.0381354535975994, 0.07739346614557374
2.1698052883148193, 2.1059842109680176, 1.3066809177398682, 1.2864775657653809, 1.7401657104492188, 2.159538745880127, 1.6736576557159424, 2.265765428543091, 1.430100679397583, 1.7065129280090332, 1.3449106216430664, 1.5747997760772705, 1.6072123050689697, 2.0308985710144043, 1.3150429725646973, 1.363879680633545, 1.225867748260498, 1.9842002391815186, 1.8260536193847656, 1.7811803817749023