{'Spout_wait': 100.0, 'Spliters': 6.0, 'Counters': 17.0}, {'Spout_wait': 9.0, 'Spliters': 2.0, 'Counters': 16.0}, {'Spout_wait': 7.0, 'Spliters': 3.0, 'Counters': 17.0}, {'Spout_wait': 3.0, 'Spliters': 6.0, 'Counters': 18.0}, {'Spout_wait': 10.0, 'Spliters': 4.0, 'Counters': 15.0}, {'Spout_wait': 5.0, 'Spliters': 6.0, 'Counters': 15.0}, {'Spout_wait': 100.0, 'Spliters': 6.0, 'Counters': 11.0}, {'Spout_wait': 1.0, 'Spliters': 6.0, 'Counters': 17.0}, {'Spout_wait': 3.0, 'Spliters': 5.0, 'Counters': 18.0}, {'Spout_wait': 4.0, 'Spliters': 3.0, 'Counters': 15.0}, {'Spout_wait': 1.0, 'Spliters': 3.0, 'Counters': 17.0}, {'Spout_wait': 10.0, 'Spliters': 6.0, 'Counters': 17.0}, {'Spout_wait': 6.0, 'Spliters': 4.0, 'Counters': 16.0}, {'Spout_wait': 2.0, 'Spliters': 6.0, 'Counters': 17.0}, {'Spout_wait': 2.0, 'Spliters': 6.0, 'Counters': 17.0}, {'Spout_wait': 8.0, 'Spliters': 6.0, 'Counters': 15.0}, {'Spout_wait': 4.0, 'Spliters': 3.0, 'Counters': 18.0}, {'Spout_wait': 10.0, 'Spliters': 5.0, 'Counters': 17.0}, {'Spout_wait': 8.0, 'Spliters': 4.0, 'Counters': 17.0}, {'Spout_wait': 4.0, 'Spliters': 4.0, 'Counters': 15.0}
0.06173091761865335, 0.10461128710511314, 0.02967052168107598, 0.05630847554506302, 0.030368608200511682, 0.07770766963824427, 0.10495416997350338, 0.0947019071992724, 0.07424828484036816, 0.09457155307266985, 0.10110875530731922, 0.000747363758841324, 0.08460547966421594, 0.03826415626869606, 0.03826415626869606, 0.045320344504342636, 0.08979103759176488, 0.019199269545525532, 0.0381354535975994, 0.07739346614557374
8.713661193847656, 6.180628299713135, 6.024187803268433, 5.765763998031616, 6.645198822021484, 6.363046884536743, 5.658778667449951, 4.323682546615601, 3.9262218475341797, 4.105323314666748, 6.341504335403442, 4.465356349945068, 1.4190254211425781, 2.7077927589416504, 7.216723203659058, 3.582335948944092, 4.738271713256836, 3.9885902404785156, 3.624993324279785, 3.2147483825683594