{'Spout_wait': 10.0, 'Spliters': 6.0, 'Counters': 17.0}, {'Spout_wait': 10.0, 'Spliters': 4.0, 'Counters': 15.0}, {'Spout_wait': 100.0, 'Spliters': 2.0, 'Counters': 13.0}, {'Spout_wait': 10.0, 'Spliters': 6.0, 'Counters': 17.0}, {'Spout_wait': 10.0, 'Spliters': 6.0, 'Counters': 17.0}, {'Spout_wait': 10.0, 'Spliters': 6.0, 'Counters': 17.0}, {'Spout_wait': 100.0, 'Spliters': 2.0, 'Counters': 16.0}, {'Spout_wait': 10.0, 'Spliters': 6.0, 'Counters': 17.0}, {'Spout_wait': 6.0, 'Spliters': 5.0, 'Counters': 18.0}, {'Spout_wait': 10.0, 'Spliters': 6.0, 'Counters': 17.0}, {'Spout_wait': 10.0, 'Spliters': 4.0, 'Counters': 15.0}, {'Spout_wait': 10.0, 'Spliters': 6.0, 'Counters': 17.0}, {'Spout_wait': 100.0, 'Spliters': 5.0, 'Counters': 18.0}, {'Spout_wait': 10.0, 'Spliters': 4.0, 'Counters': 15.0}, {'Spout_wait': 100.0, 'Spliters': 2.0, 'Counters': 13.0}, {'Spout_wait': 10.0, 'Spliters': 6.0, 'Counters': 17.0}, {'Spout_wait': 10.0, 'Spliters': 6.0, 'Counters': 17.0}, {'Spout_wait': 100.0, 'Spliters': 2.0, 'Counters': 16.0}, {'Spout_wait': 100.0, 'Spliters': 3.0, 'Counters': 15.0}, {'Spout_wait': 100.0, 'Spliters': 3.0, 'Counters': 15.0}
0.000747363758841324, 0.030368608200511682, 0.08631061307197851, 0.000747363758841324, 0.000747363758841324, 0.000747363758841324, 0.08575376331947415, 0.000747363758841324, 0.043214253142607406, 0.000747363758841324, 0.030368608200511682, 0.000747363758841324, 0.06678122462527203, 0.030368608200511682, 0.08631061307197851, 0.000747363758841324, 0.000747363758841324, 0.08575376331947415, 0.06728675283962182, 0.06728675283962182
92.56767201423645, 89.6316750049591, 46.63147592544556, 26.52316904067993, 24.363828420639038, 13.960047006607056, 8.068283319473267, 10.72079348564148, 8.033091306686401, 7.438404321670532, 7.836572885513306, 6.133471965789795, 6.85171914100647, 7.619464635848999, 6.578909158706665, 8.292263746261597, 6.7090818881988525, 7.210049390792847, 6.946879863739014, 5.78579568862915