{'Spout_wait': 1000.0, 'Spliters': 3.0, 'Counters': 13.0}, {'Spout_wait': 1000.0, 'Spliters': 6.0, 'Counters': 3.0}, {'Spout_wait': 1000.0, 'Spliters': 5.0, 'Counters': 11.0}, {'Spout_wait': 100.0, 'Spliters': 5.0, 'Counters': 3.0}, {'Spout_wait': 100.0, 'Spliters': 6.0, 'Counters': 7.0}, {'Spout_wait': 1000.0, 'Spliters': 3.0, 'Counters': 12.0}, {'Spout_wait': 1000.0, 'Spliters': 4.0, 'Counters': 4.0}, {'Spout_wait': 1000.0, 'Spliters': 6.0, 'Counters': 12.0}, {'Spout_wait': 1000.0, 'Spliters': 5.0, 'Counters': 5.0}, {'Spout_wait': 1000.0, 'Spliters': 2.0, 'Counters': 4.0}, {'Spout_wait': 1.0, 'Spliters': 3.0, 'Counters': 15.0}, {'Spout_wait': 100.0, 'Spliters': 3.0, 'Counters': 12.0}, {'Spout_wait': 100.0, 'Spliters': 4.0, 'Counters': 2.0}, {'Spout_wait': 1000.0, 'Spliters': 5.0, 'Counters': 10.0}, {'Spout_wait': 1000.0, 'Spliters': 4.0, 'Counters': 9.0}, {'Spout_wait': 1000.0, 'Spliters': 3.0, 'Counters': 4.0}, {'Spout_wait': 100.0, 'Spliters': 5.0, 'Counters': 10.0}, {'Spout_wait': 100.0, 'Spliters': 1.0, 'Counters': 10.0}, {'Spout_wait': 1000.0, 'Spliters': 4.0, 'Counters': 17.0}, {'Spout_wait': 1000.0, 'Spliters': 5.0, 'Counters': 6.0}
0.6208406590641024, 0.6200485214789095, 0.6157760059417278, 0.24020703437726432, 0.17114226068916072, 0.617797147462315, 0.6157981813464296, 0.6152012140940812, 0.6201125547023003, 0.624284448824579, 0.12008292993787617, 0.09739306614659426, 0.3125618678466019, 0.6170070270734129, 0.6179018063644617, 0.6195651533530443, 0.10638876685350374, 0.26120343848785754, 0.6165957357059703, 0.6126621970574682
5.11974573135376, 5.235747814178467, 3.7512083053588867, 2.6200051307678223, 1.8395051956176758, 4.080734014511108, 2.6065919399261475, 1.923370599746704, 4.720004081726074, 7.099047660827637, 4.851991176605225, 8.545812845230103, 6.594631195068359, 5.924548625946045, 7.712539196014404, 10.981266736984253, 4.131819248199463, 1.9759323596954346, 5.957298994064331, 8.815068244934082