{'Spout_wait': 100.0, 'Spliters': 3.0, 'Counters': 17.0}, {'Spout_wait': 100.0, 'Spliters': 1.0, 'Counters': 5.0}, {'Spout_wait': 100.0, 'Spliters': 2.0, 'Counters': 6.0}, {'Spout_wait': 100.0, 'Spliters': 5.0, 'Counters': 3.0}, {'Spout_wait': 10.0, 'Spliters': 6.0, 'Counters': 8.0}, {'Spout_wait': 100.0, 'Spliters': 2.0, 'Counters': 5.0}, {'Spout_wait': 1000.0, 'Spliters': 5.0, 'Counters': 10.0}, {'Spout_wait': 1000.0, 'Spliters': 6.0, 'Counters': 13.0}, {'Spout_wait': 1000.0, 'Spliters': 6.0, 'Counters': 12.0}, {'Spout_wait': 100.0, 'Spliters': 2.0, 'Counters': 15.0}, {'Spout_wait': 100.0, 'Spliters': 2.0, 'Counters': 10.0}, {'Spout_wait': 100.0, 'Spliters': 3.0, 'Counters': 12.0}, {'Spout_wait': 10.0, 'Spliters': 4.0, 'Counters': 7.0}, {'Spout_wait': 100.0, 'Spliters': 6.0, 'Counters': 17.0}, {'Spout_wait': 100.0, 'Spliters': 2.0, 'Counters': 16.0}, {'Spout_wait': 100.0, 'Spliters': 2.0, 'Counters': 9.0}, {'Spout_wait': 100.0, 'Spliters': 5.0, 'Counters': 10.0}, {'Spout_wait': 100.0, 'Spliters': 2.0, 'Counters': 13.0}, {'Spout_wait': 1000.0, 'Spliters': 4.0, 'Counters': 17.0}, {'Spout_wait': 100.0, 'Spliters': 6.0, 'Counters': 3.0}
0.07362183353555851, 0.26311573671698496, 0.20782375673682363, 0.24020703437726432, 0.154482833941064, 0.24143868404796953, 0.6170070270734129, 0.6110661174888876, 0.6152012140940812, 0.1500009762302269, 0.0987026874265261, 0.09739306614659426, 0.17393949862696478, 0.06173091761865335, 0.08575376331947415, 0.14396086350093895, 0.10638876685350374, 0.08631061307197851, 0.6165957357059703, 0.25113495222951965
9.538508892059326, 8.99350643157959, 7.310446739196777, 5.613986015319824, 9.396125555038452, 10.639833211898804, 7.571956634521484, 13.588101863861084, 5.658380031585693, 7.152078151702881, 9.763644933700562, 11.962151050567627, 9.709908723831177, 5.969586610794067, 5.288057327270508, 5.450893878936768, 3.8936586380004883, 5.794727087020874, 4.564749717712402, 8.704019784927368