{'Spout_wait': 1000.0, 'Spliters': 5.0, 'Counters': 12.0}, {'Spout_wait': 1000.0, 'Spliters': 4.0, 'Counters': 17.0}, {'Spout_wait': 10.0, 'Spliters': 2.0, 'Counters': 13.0}, {'Spout_wait': 100.0, 'Spliters': 5.0, 'Counters': 13.0}, {'Spout_wait': 9.0, 'Spliters': 6.0, 'Counters': 15.0}, {'Spout_wait': 100.0, 'Spliters': 2.0, 'Counters': 11.0}, {'Spout_wait': 10.0, 'Spliters': 6.0, 'Counters': 17.0}, {'Spout_wait': 1000.0, 'Spliters': 6.0, 'Counters': 17.0}, {'Spout_wait': 100.0, 'Spliters': 6.0, 'Counters': 17.0}, {'Spout_wait': 10.0, 'Spliters': 4.0, 'Counters': 4.0}, {'Spout_wait': 10.0, 'Spliters': 6.0, 'Counters': 17.0}, {'Spout_wait': 100.0, 'Spliters': 4.0, 'Counters': 17.0}, {'Spout_wait': 100.0, 'Spliters': 3.0, 'Counters': 15.0}, {'Spout_wait': 1000.0, 'Spliters': 6.0, 'Counters': 13.0}, {'Spout_wait': 100.0, 'Spliters': 6.0, 'Counters': 17.0}, {'Spout_wait': 100.0, 'Spliters': 6.0, 'Counters': 17.0}, {'Spout_wait': 100.0, 'Spliters': 5.0, 'Counters': 10.0}, {'Spout_wait': 100.0, 'Spliters': 2.0, 'Counters': 16.0}, {'Spout_wait': 100.0, 'Spliters': 2.0, 'Counters': 13.0}, {'Spout_wait': 10.0, 'Spliters': 4.0, 'Counters': 15.0}
0.6121069774254142, 0.6165957357059703, 0.1113071552680781, 0.09056376926622, 0.05703678646842847, 0.12838524290426045, 0.000747363758841324, 0.6129096299654555, 0.06173091761865335, 0.20041797314564058, 0.000747363758841324, 0.08533787863612297, 0.06728675283962182, 0.6110661174888876, 0.06173091761865335, 0.06173091761865335, 0.10638876685350374, 0.08575376331947415, 0.08631061307197851, 0.030368608200511682
14.251465797424316, 9.948197841644287, 13.41902208328247, 16.89858388900757, 15.951624631881714, 15.556700944900513, 13.871336221694946, 15.229358434677124, 15.801275730133057, 14.092748880386353, 13.307134866714478, 14.414123773574829, 13.384004831314087, 10.883736610412598, 8.305859088897705, 6.091040849685669, 7.272587060928345, 7.88423752784729, 8.572335243225098, 6.140627384185791