{'Spout_wait': 10.0, 'Spliters': 6.0, 'Counters': 17.0}, {'Spout_wait': 10.0, 'Spliters': 6.0, 'Counters': 17.0}, {'Spout_wait': 10.0, 'Spliters': 6.0, 'Counters': 17.0}, {'Spout_wait': 10.0, 'Spliters': 6.0, 'Counters': 17.0}, {'Spout_wait': 10.0, 'Spliters': 6.0, 'Counters': 17.0}, {'Spout_wait': 10.0, 'Spliters': 6.0, 'Counters': 17.0}, {'Spout_wait': 10.0, 'Spliters': 6.0, 'Counters': 17.0}, {'Spout_wait': 10.0, 'Spliters': 6.0, 'Counters': 17.0}, {'Spout_wait': 10.0, 'Spliters': 6.0, 'Counters': 17.0}, {'Spout_wait': 10.0, 'Spliters': 6.0, 'Counters': 17.0}, {'Spout_wait': 10.0, 'Spliters': 6.0, 'Counters': 17.0}, {'Spout_wait': 10.0, 'Spliters': 6.0, 'Counters': 17.0}, {'Spout_wait': 10.0, 'Spliters': 6.0, 'Counters': 17.0}, {'Spout_wait': 10.0, 'Spliters': 6.0, 'Counters': 17.0}, {'Spout_wait': 10.0, 'Spliters': 6.0, 'Counters': 17.0}, {'Spout_wait': 10.0, 'Spliters': 6.0, 'Counters': 17.0}, {'Spout_wait': 10.0, 'Spliters': 6.0, 'Counters': 17.0}, {'Spout_wait': 10.0, 'Spliters': 6.0, 'Counters': 17.0}, {'Spout_wait': 10.0, 'Spliters': 6.0, 'Counters': 17.0}, {'Spout_wait': 10.0, 'Spliters': 6.0, 'Counters': 17.0}
0.000747363758841324, 0.000747363758841324, 0.000747363758841324, 0.000747363758841324, 0.000747363758841324, 0.000747363758841324, 0.000747363758841324, 0.000747363758841324, 0.000747363758841324, 0.000747363758841324, 0.000747363758841324, 0.000747363758841324, 0.000747363758841324, 0.000747363758841324, 0.000747363758841324, 0.000747363758841324, 0.000747363758841324, 0.000747363758841324, 0.000747363758841324, 0.000747363758841324
54.43932890892029, 62.78622007369995, 60.14149069786072, 31.817126512527466, 34.10186576843262, 27.66004776954651, 24.88161826133728, 30.050252437591553, 31.452308177947998, 27.07029104232788, 30.79129910469055, 30.26823854446411, 29.364452362060547, 34.059388637542725, 24.161322355270386, 23.536197900772095, 33.6331353187561, 30.66081213951111, 27.509013652801514, 26.690264463424683