{'Spout_wait': 4.0, 'Spliters': 5.0, 'Counters': 15.0}, {'Spout_wait': 6.0, 'Spliters': 3.0, 'Counters': 1.0}, {'Spout_wait': 6.0, 'Spliters': 4.0, 'Counters': 1.0}, {'Spout_wait': 2.0, 'Spliters': 5.0, 'Counters': 14.0}, {'Spout_wait': 6.0, 'Spliters': 4.0, 'Counters': 1.0}, {'Spout_wait': 5.0, 'Spliters': 5.0, 'Counters': 1.0}, {'Spout_wait': 5.0, 'Spliters': 5.0, 'Counters': 1.0}, {'Spout_wait': 5.0, 'Spliters': 5.0, 'Counters': 13.0}, {'Spout_wait': 3.0, 'Spliters': 6.0, 'Counters': 13.0}, {'Spout_wait': 5.0, 'Spliters': 6.0, 'Counters': 14.0}, {'Spout_wait': 5.0, 'Spliters': 5.0, 'Counters': 10.0}, {'Spout_wait': 6.0, 'Spliters': 4.0, 'Counters': 15.0}, {'Spout_wait': 6.0, 'Spliters': 3.0, 'Counters': 1.0}, {'Spout_wait': 3.0, 'Spliters': 4.0, 'Counters': 15.0}, {'Spout_wait': 4.0, 'Spliters': 5.0, 'Counters': 10.0}, {'Spout_wait': 2.0, 'Spliters': 5.0, 'Counters': 14.0}, {'Spout_wait': 4.0, 'Spliters': 6.0, 'Counters': 10.0}, {'Spout_wait': 5.0, 'Spliters': 5.0, 'Counters': 10.0}, {'Spout_wait': 4.0, 'Spliters': 6.0, 'Counters': 17.0}, {'Spout_wait': 2.0, 'Spliters': 6.0, 'Counters': 18.0}
0.05317513139432972, 0.04227664546194576, 0.0528754203724453, 0.04724666887988782, 0.0528754203724453, 4.1023799471462397e-05, 4.1023799471462397e-05, 0.06575009723038128, 0.060540270892268655, 0.05053990568724742, 0.04293529150197439, 0.051797308758049, 0.04227664546194576, 0.050780020257953695, 0.04928309323600877, 0.04724666887988782, 0.07305530287202056, 0.04293529150197439, 0.07844433583031751, 0.05658818806113297
18.49329376220703, 15.4779372215271, 16.878971338272095, 15.767227411270142, 13.817870140075684, 14.564804077148438, 9.57389235496521, 13.06265664100647, 13.709005117416382, 10.307931423187256, 9.84975266456604, 10.439641952514648, 8.986469507217407, 5.890216112136841, 4.2847161293029785, 5.153409004211426, 4.037085056304932, 4.665383338928223, 3.9826748371124268, 4.196093559265137