{'Spout_wait': 4.0, 'Spliters': 5.0, 'Counters': 15.0}, {'Spout_wait': 100.0, 'Spliters': 3.0, 'Counters': 17.0}, {'Spout_wait': 2.0, 'Spliters': 3.0, 'Counters': 1.0}, {'Spout_wait': 100.0, 'Spliters': 4.0, 'Counters': 2.0}, {'Spout_wait': 100.0, 'Spliters': 5.0, 'Counters': 1.0}, {'Spout_wait': 5.0, 'Spliters': 5.0, 'Counters': 1.0}, {'Spout_wait': 3.0, 'Spliters': 6.0, 'Counters': 13.0}, {'Spout_wait': 100.0, 'Spliters': 5.0, 'Counters': 1.0}, {'Spout_wait': 2.0, 'Spliters': 5.0, 'Counters': 14.0}, {'Spout_wait': 3.0, 'Spliters': 4.0, 'Counters': 18.0}, {'Spout_wait': 5.0, 'Spliters': 6.0, 'Counters': 14.0}, {'Spout_wait': 100.0, 'Spliters': 3.0, 'Counters': 17.0}, {'Spout_wait': 2.0, 'Spliters': 3.0, 'Counters': 16.0}, {'Spout_wait': 3.0, 'Spliters': 6.0, 'Counters': 1.0}, {'Spout_wait': 100.0, 'Spliters': 4.0, 'Counters': 2.0}, {'Spout_wait': 1000.0, 'Spliters': 6.0, 'Counters': 13.0}, {'Spout_wait': 2.0, 'Spliters': 4.0, 'Counters': 15.0}, {'Spout_wait': 6.0, 'Spliters': 5.0, 'Counters': 9.0}, {'Spout_wait': 100.0, 'Spliters': 6.0, 'Counters': 12.0}, {'Spout_wait': 100.0, 'Spliters': 4.0, 'Counters': 11.0}
0.05317513139432972, 0.23505020096193818, 0.07964273981014114, 0.2242343870647051, 0.2416306819895433, 4.1023799471462397e-05, 0.060540270892268655, 0.2416306819895433, 0.04724666887988782, 0.06347431254953839, 0.05053990568724742, 0.23505020096193818, 0.06682831248794607, 0.06095920606992189, 0.2242343870647051, 0.5408579213043592, 0.08509157517670118, 0.07652877289069748, 0.23679854450004734, 0.2515060731994244
159.588800907135, 80.48926496505737, 34.40301537513733, 23.427525281906128, 18.189138889312744, 16.82657241821289, 20.08316659927368, 16.875216007232666, 13.90152645111084, 12.794536828994751, 12.232160806655884, 12.843940258026123, 12.473700761795044, 12.403261661529541, 12.797820329666138, 13.004935503005981, 11.627629518508911, 11.733859062194824, 12.099957466125488, 12.22624659538269