{'Spout_wait': 2.0, 'Spliters': 6.0, 'Counters': 13.0}, {'Spout_wait': 3.0, 'Spliters': 4.0, 'Counters': 15.0}, {'Spout_wait': 100.0, 'Spliters': 4.0, 'Counters': 2.0}, {'Spout_wait': 6.0, 'Spliters': 4.0, 'Counters': 15.0}, {'Spout_wait': 100.0, 'Spliters': 3.0, 'Counters': 17.0}, {'Spout_wait': 10.0, 'Spliters': 5.0, 'Counters': 17.0}, {'Spout_wait': 6.0, 'Spliters': 3.0, 'Counters': 15.0}, {'Spout_wait': 100.0, 'Spliters': 4.0, 'Counters': 2.0}, {'Spout_wait': 1000.0, 'Spliters': 6.0, 'Counters': 13.0}, {'Spout_wait': 10.0, 'Spliters': 3.0, 'Counters': 2.0}, {'Spout_wait': 100.0, 'Spliters': 4.0, 'Counters': 1.0}, {'Spout_wait': 2.0, 'Spliters': 4.0, 'Counters': 10.0}, {'Spout_wait': 100.0, 'Spliters': 4.0, 'Counters': 2.0}, {'Spout_wait': 6.0, 'Spliters': 3.0, 'Counters': 1.0}, {'Spout_wait': 2.0, 'Spliters': 4.0, 'Counters': 10.0}, {'Spout_wait': 1000.0, 'Spliters': 5.0, 'Counters': 15.0}, {'Spout_wait': 100.0, 'Spliters': 4.0, 'Counters': 2.0}, {'Spout_wait': 10.0, 'Spliters': 5.0, 'Counters': 17.0}, {'Spout_wait': 100.0, 'Spliters': 4.0, 'Counters': 2.0}, {'Spout_wait': 3.0, 'Spliters': 6.0, 'Counters': 1.0}
0.08161830138839776, 0.050780020257953695, 0.2242343870647051, 0.051797308758049, 0.23505020096193818, 0.2286779133323581, 0.06658807043310322, 0.2242343870647051, 0.5408579213043592, 0.2242713474924538, 0.25450516701710046, 0.054792021290341, 0.2242343870647051, 0.04227664546194576, 0.054792021290341, 0.5413476337735508, 0.2242343870647051, 0.2286779133323581, 0.2242343870647051, 0.06095920606992189
61.87555146217346, 78.95527744293213, 52.4494149684906, 39.92353630065918, 31.49714994430542, 25.937227964401245, 9.455911874771118, 11.880126714706421, 7.509542465209961, 7.684621334075928, 7.39622688293457, 5.608739137649536, 6.315161228179932, 5.870866298675537, 6.958909511566162, 9.188884496688843, 5.30143141746521, 5.775439739227295, 7.9487175941467285, 4.946945428848267