{'Spout_wait': 4.0, 'Spliters': 4.0, 'Counters': 16.0}, {'Spout_wait': 1.0, 'Spliters': 6.0, 'Counters': 5.0}, {'Spout_wait': 5.0, 'Spliters': 6.0, 'Counters': 14.0}, {'Spout_wait': 2.0, 'Spliters': 5.0, 'Counters': 2.0}, {'Spout_wait': 5.0, 'Spliters': 3.0, 'Counters': 1.0}, {'Spout_wait': 1.0, 'Spliters': 3.0, 'Counters': 2.0}, {'Spout_wait': 2.0, 'Spliters': 4.0, 'Counters': 15.0}, {'Spout_wait': 5.0, 'Spliters': 6.0, 'Counters': 14.0}, {'Spout_wait': 2.0, 'Spliters': 6.0, 'Counters': 2.0}, {'Spout_wait': 5.0, 'Spliters': 3.0, 'Counters': 15.0}, {'Spout_wait': 5.0, 'Spliters': 4.0, 'Counters': 16.0}, {'Spout_wait': 6.0, 'Spliters': 4.0, 'Counters': 12.0}, {'Spout_wait': 3.0, 'Spliters': 6.0, 'Counters': 13.0}, {'Spout_wait': 5.0, 'Spliters': 6.0, 'Counters': 14.0}, {'Spout_wait': 5.0, 'Spliters': 5.0, 'Counters': 10.0}, {'Spout_wait': 2.0, 'Spliters': 4.0, 'Counters': 9.0}, {'Spout_wait': 5.0, 'Spliters': 5.0, 'Counters': 1.0}, {'Spout_wait': 6.0, 'Spliters': 6.0, 'Counters': 5.0}, {'Spout_wait': 3.0, 'Spliters': 3.0, 'Counters': 1.0}, {'Spout_wait': 4.0, 'Spliters': 6.0, 'Counters': 1.0}
0.07173817139972272, 0.09413416011886078, 0.05053990568724742, 0.0714984759902183, 0.07862474536683417, 0.0846123759215458, 0.08509157517670118, 0.05053990568724742, 0.0888650571708538, 0.09652886898030433, 0.06515091393206351, 0.06053988789959308, 0.060540270892268655, 0.05053990568724742, 0.04293529150197439, 0.10185846681893507, 4.1023799471462397e-05, 0.08970266066896315, 0.0910795609811983, 0.06341415770644487
8.31412959098816, 7.627092123031616, 7.4581522941589355, 5.244471073150635, 5.4245758056640625, 5.667250871658325, 7.139643907546997, 4.425110101699829, 6.772197484970093, 5.867755174636841, 6.66771936416626, 5.621251344680786, 5.506538152694702, 4.3661816120147705, 4.721424341201782, 3.80146861076355, 4.907295227050781, 5.062866926193237, 3.7310872077941895, 3.5450439453125