{'Spout_wait': 1000.0, 'Spliters': 5.0, 'Counters': 2.0}, {'Spout_wait': 100.0, 'Spliters': 6.0, 'Counters': 2.0}, {'Spout_wait': 100.0, 'Spliters': 2.0, 'Counters': 4.0}, {'Spout_wait': 100.0, 'Spliters': 6.0, 'Counters': 4.0}, {'Spout_wait': 100.0, 'Spliters': 5.0, 'Counters': 4.0}, {'Spout_wait': 100.0, 'Spliters': 2.0, 'Counters': 4.0}, {'Spout_wait': 1000.0, 'Spliters': 4.0, 'Counters': 16.0}, {'Spout_wait': 100.0, 'Spliters': 3.0, 'Counters': 12.0}, {'Spout_wait': 100.0, 'Spliters': 5.0, 'Counters': 11.0}, {'Spout_wait': 10000.0, 'Spliters': 6.0, 'Counters': 16.0}, {'Spout_wait': 100.0, 'Spliters': 5.0, 'Counters': 2.0}, {'Spout_wait': 1000.0, 'Spliters': 3.0, 'Counters': 15.0}, {'Spout_wait': 1000.0, 'Spliters': 6.0, 'Counters': 13.0}, {'Spout_wait': 1000.0, 'Spliters': 6.0, 'Counters': 13.0}, {'Spout_wait': 100.0, 'Spliters': 3.0, 'Counters': 9.0}, {'Spout_wait': 100.0, 'Spliters': 3.0, 'Counters': 11.0}, {'Spout_wait': 1000.0, 'Spliters': 5.0, 'Counters': 2.0}, {'Spout_wait': 100.0, 'Spliters': 1.0, 'Counters': 11.0}, {'Spout_wait': 1000.0, 'Spliters': 6.0, 'Counters': 18.0}, {'Spout_wait': 100.0, 'Spliters': 5.0, 'Counters': 1.0}
0.5457763797126151, 0.2566499415945438, 0.29944543648875244, 0.2779490554016877, 0.2553156884067548, 0.29944543648875244, 0.5495637549324388, 0.25521360623790545, 0.2732791256740199, 0.6942938282849415, 0.27795958874492377, 0.5462260232202324, 0.5408579213043592, 0.5408579213043592, 0.2781070682567721, 0.27972221221950666, 0.5457763797126151, 0.41311024581983324, 0.5387376054343538, 0.2416306819895433
16.062766313552856, 8.37108302116394, 15.696938753128052, 15.580182075500488, 14.553761959075928, 15.002842664718628, 13.351281642913818, 10.730509281158447, 9.08285140991211, 9.592610359191895, 8.318630695343018, 13.501399040222168, 7.915605306625366, 5.452481746673584, 7.119189739227295, 3.507357358932495, 5.983177661895752, 7.361050128936768, 5.812576055526733, 6.212266683578491