{'Spout_wait': 10000.0, 'Spliters': 5.0, 'Counters': 8.0}, {'Spout_wait': 100.0, 'Spliters': 4.0, 'Counters': 2.0}, {'Spout_wait': 100.0, 'Spliters': 2.0, 'Counters': 2.0}, {'Spout_wait': 1000.0, 'Spliters': 5.0, 'Counters': 2.0}, {'Spout_wait': 100.0, 'Spliters': 6.0, 'Counters': 12.0}, {'Spout_wait': 1000.0, 'Spliters': 3.0, 'Counters': 3.0}, {'Spout_wait': 10000.0, 'Spliters': 5.0, 'Counters': 18.0}, {'Spout_wait': 10.0, 'Spliters': 5.0, 'Counters': 14.0}, {'Spout_wait': 10000.0, 'Spliters': 6.0, 'Counters': 11.0}, {'Spout_wait': 10000.0, 'Spliters': 6.0, 'Counters': 2.0}, {'Spout_wait': 1000.0, 'Spliters': 5.0, 'Counters': 2.0}, {'Spout_wait': 100.0, 'Spliters': 5.0, 'Counters': 3.0}, {'Spout_wait': 1000.0, 'Spliters': 2.0, 'Counters': 3.0}, {'Spout_wait': 1000.0, 'Spliters': 5.0, 'Counters': 15.0}, {'Spout_wait': 1000.0, 'Spliters': 3.0, 'Counters': 2.0}, {'Spout_wait': 100.0, 'Spliters': 5.0, 'Counters': 15.0}, {'Spout_wait': 1000.0, 'Spliters': 3.0, 'Counters': 2.0}, {'Spout_wait': 1000.0, 'Spliters': 1.0, 'Counters': 18.0}, {'Spout_wait': 1000.0, 'Spliters': 5.0, 'Counters': 15.0}, {'Spout_wait': 100.0, 'Spliters': 5.0, 'Counters': 14.0}
0.6945472136620976, 0.2242343870647051, 0.29944380923778247, 0.5457763797126151, 0.23679854450004734, 0.545817930158705, 0.698278114564385, 0.25217035741198024, 0.6934864804400439, 0.698406719278959, 0.5457763797126151, 0.25321854680821576, 0.5524634681435373, 0.5413476337735508, 0.5396207737518398, 0.26865458964982913, 0.5396207737518398, 0.5508432750686004, 0.5413476337735508, 0.25637890051843204
11.440324783325195, 17.020317792892456, 17.908100128173828, 17.223389148712158, 20.430272817611694, 16.674546718597412, 19.534685611724854, 16.231091022491455, 12.696463346481323, 14.857861042022705, 12.600063562393188, 10.357028245925903, 9.237050533294678, 10.765463590621948, 9.838072538375854, 11.721519470214844, 8.252410650253296, 7.6250505447387695, 5.992550611495972, 7.935980319976807