{'Spout_wait': 1000.0, 'Spliters': 2.0, 'Counters': 16.0}, {'Spout_wait': 1000.0, 'Spliters': 5.0, 'Counters': 2.0}, {'Spout_wait': 1000.0, 'Spliters': 2.0, 'Counters': 3.0}, {'Spout_wait': 1000.0, 'Spliters': 6.0, 'Counters': 2.0}, {'Spout_wait': 100.0, 'Spliters': 5.0, 'Counters': 8.0}, {'Spout_wait': 100.0, 'Spliters': 2.0, 'Counters': 4.0}, {'Spout_wait': 10000.0, 'Spliters': 6.0, 'Counters': 16.0}, {'Spout_wait': 100.0, 'Spliters': 3.0, 'Counters': 1.0}, {'Spout_wait': 1000.0, 'Spliters': 6.0, 'Counters': 2.0}, {'Spout_wait': 10000.0, 'Spliters': 5.0, 'Counters': 4.0}, {'Spout_wait': 1000.0, 'Spliters': 6.0, 'Counters': 2.0}, {'Spout_wait': 1000.0, 'Spliters': 4.0, 'Counters': 12.0}, {'Spout_wait': 100.0, 'Spliters': 6.0, 'Counters': 12.0}, {'Spout_wait': 1000.0, 'Spliters': 4.0, 'Counters': 2.0}, {'Spout_wait': 1000.0, 'Spliters': 5.0, 'Counters': 15.0}, {'Spout_wait': 100.0, 'Spliters': 2.0, 'Counters': 17.0}, {'Spout_wait': 1000.0, 'Spliters': 4.0, 'Counters': 3.0}, {'Spout_wait': 1000.0, 'Spliters': 1.0, 'Counters': 18.0}, {'Spout_wait': 1000.0, 'Spliters': 5.0, 'Counters': 15.0}, {'Spout_wait': 1000.0, 'Spliters': 1.0, 'Counters': 2.0}
0.5551648651557498, 0.5457763797126151, 0.5524634681435373, 0.5461925922587385, 0.27588954248750497, 0.29944543648875244, 0.6942938282849415, 0.2573801160442827, 0.5461925922587385, 0.6991529651106558, 0.5461925922587385, 0.544695431608032, 0.23679854450004734, 0.5493992362172274, 0.5413476337735508, 0.3182292747573474, 0.5552781741644538, 0.5508432750686004, 0.5413476337735508, 0.5569764768004496
9.133631706237793, 15.764291763305664, 14.21166706085205, 7.505661487579346, 7.196517705917358, 6.126281499862671, 9.38533639907837, 10.886234283447266, 9.048850297927856, 7.584996461868286, 9.001333475112915, 6.395568370819092, 8.080165147781372, 7.443838119506836, 4.763096332550049, 5.560954809188843, 7.439655542373657, 7.65713357925415, 5.9048261642456055, 3.3023757934570312