{'Max_spout': 1000000.0, 'Spliters': 1.0, 'Counters': 9.0}, {'Max_spout': 1000000.0, 'Spliters': 2.0, 'Counters': 18.0}, {'Max_spout': 1000000.0, 'Spliters': 2.0, 'Counters': 18.0}, {'Max_spout': 1000.0, 'Spliters': 2.0, 'Counters': 15.0}, {'Max_spout': 10000.0, 'Spliters': 2.0, 'Counters': 12.0}, {'Max_spout': 1000000.0, 'Spliters': 2.0, 'Counters': 18.0}, {'Max_spout': 1000000.0, 'Spliters': 2.0, 'Counters': 18.0}, {'Max_spout': 1000000.0, 'Spliters': 2.0, 'Counters': 18.0}, {'Max_spout': 100000.0, 'Spliters': 1.0, 'Counters': 9.0}, {'Max_spout': 10000.0, 'Spliters': 2.0, 'Counters': 15.0}, {'Max_spout': 1000.0, 'Spliters': 2.0, 'Counters': 15.0}, {'Max_spout': 10000.0, 'Spliters': 2.0, 'Counters': 12.0}, {'Max_spout': 1000000.0, 'Spliters': 1.0, 'Counters': 9.0}, {'Max_spout': 1000000.0, 'Spliters': 2.0, 'Counters': 18.0}, {'Max_spout': 1000000.0, 'Spliters': 1.0, 'Counters': 9.0}, {'Max_spout': 1000000.0, 'Spliters': 2.0, 'Counters': 18.0}, {'Max_spout': 1000000.0, 'Spliters': 2.0, 'Counters': 18.0}, {'Max_spout': 1000000.0, 'Spliters': 1.0, 'Counters': 9.0}, {'Max_spout': 10000.0, 'Spliters': 2.0, 'Counters': 12.0}, {'Max_spout': 10000.0, 'Spliters': 2.0, 'Counters': 12.0}
0.32012653299473015, 0.3164259069728935, 0.3164259069728935, 0.36892976043895076, 0.3482003422813653, 0.3164259069728935, 0.3164259069728935, 0.3164259069728935, 0.35166741075975727, 0.37396253693787807, 0.36892976043895076, 0.3482003422813653, 0.32012653299473015, 0.3164259069728935, 0.32012653299473015, 0.3164259069728935, 0.3164259069728935, 0.32012653299473015, 0.3482003422813653, 0.3482003422813653
26.430738925933838, 16.74509835243225, 20.974411725997925, 14.71813416481018, 14.28010892868042, 14.30473017692566, 14.92756700515747, 12.867621183395386, 11.838864088058472, 11.214272260665894, 10.29317331314087, 7.065215826034546, 5.958113431930542, 4.918744325637817, 4.756040096282959, 4.2498087882995605, 4.326193332672119, 3.345249652862549, 4.207612037658691, 4.052141904830933