{'Max_spout': 1000000.0, 'Spliters': 2.0, 'Counters': 9.0}, {'Max_spout': 1.0, 'Spliters': 1.0, 'Counters': 18.0}, {'Max_spout': 100000.0, 'Spliters': 1.0, 'Counters': 12.0}, {'Max_spout': 10000.0, 'Spliters': 2.0, 'Counters': 9.0}, {'Max_spout': 1000000.0, 'Spliters': 1.0, 'Counters': 9.0}, {'Max_spout': 1000000.0, 'Spliters': 6.0, 'Counters': 3.0}, {'Max_spout': 100000.0, 'Spliters': 1.0, 'Counters': 18.0}, {'Max_spout': 100000.0, 'Spliters': 1.0, 'Counters': 12.0}, {'Max_spout': 1000000.0, 'Spliters': 1.0, 'Counters': 12.0}, {'Max_spout': 1000000.0, 'Spliters': 1.0, 'Counters': 12.0}, {'Max_spout': 1000000.0, 'Spliters': 1.0, 'Counters': 15.0}, {'Max_spout': 1000000.0, 'Spliters': 1.0, 'Counters': 18.0}, {'Max_spout': 1000000.0, 'Spliters': 1.0, 'Counters': 18.0}, {'Max_spout': 1000000.0, 'Spliters': 1.0, 'Counters': 18.0}, {'Max_spout': 1000000.0, 'Spliters': 1.0, 'Counters': 18.0}, {'Max_spout': 1000000.0, 'Spliters': 1.0, 'Counters': 6.0}, {'Max_spout': 1000000.0, 'Spliters': 3.0, 'Counters': 18.0}, {'Max_spout': 10000.0, 'Spliters': 6.0, 'Counters': 1.0}, {'Max_spout': 1000000.0, 'Spliters': 3.0, 'Counters': 18.0}, {'Max_spout': 1000000.0, 'Spliters': 3.0, 'Counters': 18.0}
0.32012653299473015, 0.4736053421368347, 0.5031445411148578, 0.7024726614032724, 0.36846990554864756, 0.40357683359835317, 0.519680962742378, 0.5031445411148578, 0.5595940781866473, 0.32012653299473015, 0.5127308558106343, 0.5595940781866473, 0.3164259069728935, 0.5595940781866473, 0.3164259069728935, 0.32012653299473015, 0.3164259069728935, 0.6200556766121914, 0.3164259069728935, 0.3164259069728935
33.57577323913574, 33.84411668777466, 34.47443199157715, 34.812556743621826, 34.986451148986816, 35.03583884239197, 35.491434812545776, 35.61200499534607, 35.78379225730896, 35.86774826049805, 36.328856468200684, 36.4674186706543, 36.48145389556885, 37.02202868461609, 37.177513122558594, 37.55919098854065, 27.220831871032715, 27.005132913589478, 29.186999797821045, 29.988009452819824