{'Max_spout': 10000.0, 'Spliters': 2.0, 'Counters': 18.0}, {'Max_spout': 1000000.0, 'Spliters': 1.0, 'Counters': 6.0}, {'Max_spout': 1000000.0, 'Spliters': 6.0, 'Counters': 9.0}, {'Max_spout': 1000000.0, 'Spliters': 1.0, 'Counters': 9.0}, {'Max_spout': 1000000.0, 'Spliters': 1.0, 'Counters': 9.0}, {'Max_spout': 1000000.0, 'Spliters': 6.0, 'Counters': 6.0}, {'Max_spout': 1000000.0, 'Spliters': 6.0, 'Counters': 1.0}, {'Max_spout': 1000000.0, 'Spliters': 1.0, 'Counters': 6.0}, {'Max_spout': 100000.0, 'Spliters': 2.0, 'Counters': 15.0}, {'Max_spout': 1000000.0, 'Spliters': 6.0, 'Counters': 1.0}, {'Max_spout': 100000.0, 'Spliters': 6.0, 'Counters': 18.0}, {'Max_spout': 1000000.0, 'Spliters': 1.0, 'Counters': 6.0}, {'Max_spout': 100000.0, 'Spliters': 6.0, 'Counters': 1.0}, {'Max_spout': 10000.0, 'Spliters': 2.0, 'Counters': 15.0}, {'Max_spout': 100000.0, 'Spliters': 6.0, 'Counters': 18.0}, {'Max_spout': 100000.0, 'Spliters': 1.0, 'Counters': 9.0}, {'Max_spout': 1000000.0, 'Spliters': 2.0, 'Counters': 18.0}, {'Max_spout': 1000000.0, 'Spliters': 6.0, 'Counters': 1.0}, {'Max_spout': 1000000.0, 'Spliters': 6.0, 'Counters': 9.0}, {'Max_spout': 1000000.0, 'Spliters': 2.0, 'Counters': 18.0}
0.38803073678533906, 0.36846990554864756, 0.44400910161431717, 0.32012653299473015, 0.32012653299473015, 0.4640992432358131, 0.40357683359835317, 0.36846990554864756, 0.42412389951739193, 0.40357683359835317, 0.42495585890769383, 0.36846990554864756, 0.3984556230484778, 0.37396253693787807, 0.42495585890769383, 0.35166741075975727, 0.3164259069728935, 0.40357683359835317, 0.44400910161431717, 0.3164259069728935
8.233196258544922, 10.315749168395996, 8.390645265579224, 8.764859914779663, 6.341972589492798, 4.85477614402771, 9.283766031265259, 7.731252908706665, 5.003740072250366, 15.357904434204102, 10.16069507598877, 8.590696334838867, 9.975543737411499, 11.972035884857178, 6.1308794021606445, 6.3483312129974365, 4.98098087310791, 7.851194381713867, 6.22913670539856, 10.20145320892334