{'Max_spout': 1000000.0, 'Spliters': 2.0, 'Counters': 18.0}, {'Max_spout': 1000000.0, 'Spliters': 2.0, 'Counters': 18.0}, {'Max_spout': 1000000.0, 'Spliters': 2.0, 'Counters': 18.0}, {'Max_spout': 1000000.0, 'Spliters': 2.0, 'Counters': 18.0}, {'Max_spout': 1000000.0, 'Spliters': 2.0, 'Counters': 18.0}, {'Max_spout': 1000000.0, 'Spliters': 2.0, 'Counters': 18.0}, {'Max_spout': 1000000.0, 'Spliters': 2.0, 'Counters': 18.0}, {'Max_spout': 1000000.0, 'Spliters': 2.0, 'Counters': 18.0}, {'Max_spout': 1000000.0, 'Spliters': 2.0, 'Counters': 18.0}, {'Max_spout': 1000000.0, 'Spliters': 2.0, 'Counters': 18.0}, {'Max_spout': 1000000.0, 'Spliters': 2.0, 'Counters': 18.0}, {'Max_spout': 1000000.0, 'Spliters': 2.0, 'Counters': 18.0}, {'Max_spout': 1000000.0, 'Spliters': 2.0, 'Counters': 18.0}, {'Max_spout': 1000000.0, 'Spliters': 2.0, 'Counters': 18.0}, {'Max_spout': 1000000.0, 'Spliters': 2.0, 'Counters': 18.0}, {'Max_spout': 1000000.0, 'Spliters': 2.0, 'Counters': 18.0}, {'Max_spout': 1000000.0, 'Spliters': 2.0, 'Counters': 18.0}, {'Max_spout': 1000000.0, 'Spliters': 2.0, 'Counters': 18.0}, {'Max_spout': 1000000.0, 'Spliters': 2.0, 'Counters': 18.0}, {'Max_spout': 1000000.0, 'Spliters': 2.0, 'Counters': 18.0}
0.3164259069728935, 0.3164259069728935, 0.3164259069728935, 0.3164259069728935, 0.3164259069728935, 0.3164259069728935, 0.3164259069728935, 0.3164259069728935, 0.3164259069728935, 0.3164259069728935, 0.3164259069728935, 0.3164259069728935, 0.3164259069728935, 0.3164259069728935, 0.3164259069728935, 0.3164259069728935, 0.3164259069728935, 0.3164259069728935, 0.3164259069728935, 0.3164259069728935
43.00577211380005, 59.97964811325073, 32.49543380737305, 29.563856840133667, 28.913148403167725, 35.51972317695618, 31.43942379951477, 24.117631673812866, 41.292656898498535, 12.689461946487427, 34.90096926689148, 61.048497438430786, 11.013440132141113, 33.84082341194153, 14.990641355514526, 43.03007650375366, 41.2728226184845, 42.26177906990051, 26.50112247467041, 30.06954002380371