{'Max_spout': 100000.0, 'Spliters': 6.0, 'Counters': 1.0}, {'Max_spout': 1000000.0, 'Spliters': 2.0, 'Counters': 18.0}, {'Max_spout': 1000000.0, 'Spliters': 6.0, 'Counters': 18.0}, {'Max_spout': 1000.0, 'Spliters': 2.0, 'Counters': 15.0}, {'Max_spout': 1000000.0, 'Spliters': 2.0, 'Counters': 18.0}, {'Max_spout': 1000.0, 'Spliters': 6.0, 'Counters': 12.0}, {'Max_spout': 10000.0, 'Spliters': 6.0, 'Counters': 6.0}, {'Max_spout': 1000000.0, 'Spliters': 1.0, 'Counters': 3.0}, {'Max_spout': 1000000.0, 'Spliters': 1.0, 'Counters': 3.0}, {'Max_spout': 1000.0, 'Spliters': 6.0, 'Counters': 12.0}, {'Max_spout': 1000000.0, 'Spliters': 2.0, 'Counters': 18.0}, {'Max_spout': 10000.0, 'Spliters': 6.0, 'Counters': 18.0}, {'Max_spout': 1000000.0, 'Spliters': 1.0, 'Counters': 9.0}, {'Max_spout': 10000.0, 'Spliters': 6.0, 'Counters': 6.0}, {'Max_spout': 100000.0, 'Spliters': 1.0, 'Counters': 9.0}, {'Max_spout': 100000.0, 'Spliters': 6.0, 'Counters': 1.0}, {'Max_spout': 1000000.0, 'Spliters': 1.0, 'Counters': 6.0}, {'Max_spout': 100000.0, 'Spliters': 6.0, 'Counters': 1.0}, {'Max_spout': 1000000.0, 'Spliters': 2.0, 'Counters': 18.0}, {'Max_spout': 10000.0, 'Spliters': 2.0, 'Counters': 12.0}
0.3984556230484778, 0.3164259069728935, 0.44459959447439834, 0.36892976043895076, 0.3164259069728935, 0.4484068363379843, 0.44770505914202796, 0.39445597231778273, 0.39445597231778273, 0.4484068363379843, 0.3164259069728935, 0.44889835309221016, 0.32012653299473015, 0.44770505914202796, 0.35166741075975727, 0.3984556230484778, 0.36846990554864756, 0.3984556230484778, 0.3164259069728935, 0.3482003422813653
6.8810670375823975, 5.396672010421753, 5.9629034996032715, 7.032132148742676, 5.619881629943848, 5.393451690673828, 4.567050218582153, 4.94635009765625, 4.8625876903533936, 4.823845624923706, 3.8507556915283203, 6.331204175949097, 5.161983251571655, 6.2167580127716064, 4.931936502456665, 4.52998948097229, 4.411602973937988, 5.268382549285889, 3.6326236724853516, 3.826948881149292