{'Max_spout': 100000.0, 'Spliters': 1.0, 'Counters': 6.0}, {'Max_spout': 1.0, 'Spliters': 2.0, 'Counters': 12.0}, {'Max_spout': 100.0, 'Spliters': 2.0, 'Counters': 12.0}, {'Max_spout': 10000.0, 'Spliters': 2.0, 'Counters': 15.0}, {'Max_spout': 1000000.0, 'Spliters': 3.0, 'Counters': 18.0}, {'Max_spout': 10.0, 'Spliters': 2.0, 'Counters': 9.0}, {'Max_spout': 10.0, 'Spliters': 1.0, 'Counters': 9.0}, {'Max_spout': 1000000.0, 'Spliters': 1.0, 'Counters': 18.0}, {'Max_spout': 1000.0, 'Spliters': 2.0, 'Counters': 15.0}, {'Max_spout': 1000000.0, 'Spliters': 1.0, 'Counters': 6.0}, {'Max_spout': 1000000.0, 'Spliters': 2.0, 'Counters': 9.0}, {'Max_spout': 1000000.0, 'Spliters': 2.0, 'Counters': 15.0}, {'Max_spout': 100.0, 'Spliters': 1.0, 'Counters': 9.0}, {'Max_spout': 1.0, 'Spliters': 2.0, 'Counters': 18.0}, {'Max_spout': 10000.0, 'Spliters': 2.0, 'Counters': 15.0}, {'Max_spout': 1000000.0, 'Spliters': 1.0, 'Counters': 18.0}, {'Max_spout': 1000000.0, 'Spliters': 3.0, 'Counters': 18.0}, {'Max_spout': 1000000.0, 'Spliters': 3.0, 'Counters': 18.0}, {'Max_spout': 1000000.0, 'Spliters': 6.0, 'Counters': 18.0}, {'Max_spout': 1000000.0, 'Spliters': 6.0, 'Counters': 6.0}
0.500780182192749, 0.4509522821374017, 0.703404286372092, 0.36892976043895076, 0.3164259069728935, 0.7024726614032724, 0.4676862314673944, 0.5595940781866473, 0.45581047217279547, 0.32012653299473015, 0.32012653299473015, 0.5127308558106343, 0.5831629391601839, 0.5314034555672825, 0.36892976043895076, 0.3164259069728935, 0.3164259069728935, 0.3164259069728935, 0.4640992432358131, 0.44400910161431717
10.893991708755493, 11.324649333953857, 11.736120462417603, 11.94800329208374, 12.023425340652466, 12.098308801651001, 12.143043994903564, 12.392784118652344, 12.68061375617981, 12.722991704940796, 12.850749015808105, 12.853652715682983, 13.197423458099365, 13.232341527938843, 13.241927862167358, 13.33198881149292, 11.47903060913086, 11.232116460800171, 11.67213749885559, 12.586888551712036