{'Max_spout': 1000000.0, 'Spliters': 6.0, 'Counters': 6.0}, {'Max_spout': 10000.0, 'Spliters': 2.0, 'Counters': 6.0}, {'Max_spout': 100000.0, 'Spliters': 1.0, 'Counters': 9.0}, {'Max_spout': 1000.0, 'Spliters': 2.0, 'Counters': 18.0}, {'Max_spout': 1000000.0, 'Spliters': 2.0, 'Counters': 18.0}, {'Max_spout': 10000.0, 'Spliters': 1.0, 'Counters': 6.0}, {'Max_spout': 1000000.0, 'Spliters': 6.0, 'Counters': 15.0}, {'Max_spout': 1000.0, 'Spliters': 2.0, 'Counters': 12.0}, {'Max_spout': 1000000.0, 'Spliters': 1.0, 'Counters': 3.0}, {'Max_spout': 100.0, 'Spliters': 3.0, 'Counters': 18.0}, {'Max_spout': 1000.0, 'Spliters': 2.0, 'Counters': 15.0}, {'Max_spout': 10000.0, 'Spliters': 2.0, 'Counters': 12.0}, {'Max_spout': 1000000.0, 'Spliters': 1.0, 'Counters': 9.0}, {'Max_spout': 1000.0, 'Spliters': 6.0, 'Counters': 12.0}, {'Max_spout': 10000.0, 'Spliters': 2.0, 'Counters': 9.0}, {'Max_spout': 10000.0, 'Spliters': 6.0, 'Counters': 12.0}, {'Max_spout': 1000000.0, 'Spliters': 1.0, 'Counters': 6.0}, {'Max_spout': 1000000.0, 'Spliters': 1.0, 'Counters': 12.0}, {'Max_spout': 1000.0, 'Spliters': 6.0, 'Counters': 18.0}, {'Max_spout': 100.0, 'Spliters': 2.0, 'Counters': 12.0}
0.4640992432358131, 0.4166887504479434, 0.35166741075975727, 0.37732074296275253, 0.3164259069728935, 0.41494030786695557, 0.46478414719232286, 0.38207560321211176, 0.39445597231778273, 0.5096961412754359, 0.36892976043895076, 0.3482003422813653, 0.32012653299473015, 0.4484068363379843, 0.40832520008941975, 0.4555332964187899, 0.36846990554864756, 0.5127308558106343, 0.4751683735659056, 0.4509522821374017
3.641385316848755, 3.20135235786438, 3.357131242752075, 3.1926658153533936, 3.223733901977539, 2.486941337585449, 1.709057331085205, 2.2536563873291016, 1.8419933319091797, 3.7404229640960693, 3.1321470737457275, 2.365083932876587, 1.928959846496582, 1.315708875656128, 1.8975460529327393, 3.0492663383483887, 2.732038974761963, 2.0822741985321045, 1.9215078353881836, 2.278477430343628