{'Max_spout': 10000.0, 'Spliters': 2.0, 'Counters': 10.0}, {'Max_spout': 10000.0, 'Spliters': 2.0, 'Counters': 3.0}, {'Max_spout': 1000.0, 'Spliters': 3.0, 'Counters': 14.0}, {'Max_spout': 1000.0, 'Spliters': 3.0, 'Counters': 16.0}, {'Max_spout': 100000.0, 'Spliters': 2.0, 'Counters': 12.0}, {'Max_spout': 100000.0, 'Spliters': 5.0, 'Counters': 12.0}, {'Max_spout': 1000000.0, 'Spliters': 3.0, 'Counters': 18.0}, {'Max_spout': 100000.0, 'Spliters': 2.0, 'Counters': 13.0}, {'Max_spout': 10000.0, 'Spliters': 3.0, 'Counters': 13.0}, {'Max_spout': 10000.0, 'Spliters': 1.0, 'Counters': 9.0}, {'Max_spout': 100000.0, 'Spliters': 1.0, 'Counters': 15.0}, {'Max_spout': 1000.0, 'Spliters': 5.0, 'Counters': 12.0}, {'Max_spout': 1000000.0, 'Spliters': 4.0, 'Counters': 1.0}, {'Max_spout': 100000.0, 'Spliters': 2.0, 'Counters': 15.0}, {'Max_spout': 1000.0, 'Spliters': 1.0, 'Counters': 16.0}, {'Max_spout': 1000000.0, 'Spliters': 3.0, 'Counters': 13.0}, {'Max_spout': 1000.0, 'Spliters': 2.0, 'Counters': 17.0}, {'Max_spout': 100000.0, 'Spliters': 2.0, 'Counters': 9.0}, {'Max_spout': 1000.0, 'Spliters': 4.0, 'Counters': 17.0}, {'Max_spout': 10000.0, 'Spliters': 1.0, 'Counters': 4.0}
0.21484928662395242, 0.2631456917190933, 0.27100783026302744, 0.27668511940262697, 0.14512965696185742, 0.28916233125565105, 0.2942332091133377, 0.14855608246731045, 0.28619693005929525, 0.24205134551675467, 0.26551465639284955, 0.30894220162926045, 0.2633732602683787, 0.132539345926719, 0.19199060033478188, 0.2897871381850693, 0.20413732624457137, 0.20799191559604002, 0.2673802716242708, 0.24374303102488581
2.5033791065216064, 1.2782280445098877, 2.0088469982147217, 1.7035801410675049, 2.0816164016723633, 1.1710278987884521, 2.1647722721099854, 1.7098219394683838, 2.16438889503479, 1.3833577632904053, 2.2227091789245605, 1.900578260421753, 2.0151262283325195, 2.041316509246826, 1.3534812927246094, 2.0671651363372803, 2.313204050064087, 2.0712897777557373, 2.421627998352051, 2.784301519393921