{'Max_spout': 10000.0, 'Spliters': 2.0, 'Counters': 15.0}, {'Max_spout': 10000.0, 'Spliters': 2.0, 'Counters': 17.0}, {'Max_spout': 100000.0, 'Spliters': 2.0, 'Counters': 13.0}, {'Max_spout': 100000.0, 'Spliters': 2.0, 'Counters': 17.0}, {'Max_spout': 100000.0, 'Spliters': 2.0, 'Counters': 17.0}, {'Max_spout': 1000000.0, 'Spliters': 2.0, 'Counters': 18.0}, {'Max_spout': 100000.0, 'Spliters': 2.0, 'Counters': 17.0}, {'Max_spout': 1000000.0, 'Spliters': 2.0, 'Counters': 18.0}, {'Max_spout': 100000.0, 'Spliters': 2.0, 'Counters': 12.0}, {'Max_spout': 100000.0, 'Spliters': 2.0, 'Counters': 17.0}, {'Max_spout': 100000.0, 'Spliters': 2.0, 'Counters': 17.0}, {'Max_spout': 100000.0, 'Spliters': 2.0, 'Counters': 17.0}, {'Max_spout': 1000000.0, 'Spliters': 2.0, 'Counters': 16.0}, {'Max_spout': 1000000.0, 'Spliters': 2.0, 'Counters': 18.0}, {'Max_spout': 100000.0, 'Spliters': 2.0, 'Counters': 17.0}, {'Max_spout': 100000.0, 'Spliters': 2.0, 'Counters': 15.0}, {'Max_spout': 100000.0, 'Spliters': 2.0, 'Counters': 14.0}, {'Max_spout': 1000000.0, 'Spliters': 2.0, 'Counters': 18.0}, {'Max_spout': 100000.0, 'Spliters': 2.0, 'Counters': 12.0}, {'Max_spout': 100000.0, 'Spliters': 2.0, 'Counters': 11.0}
0.12284324324612461, 0.13361873109709843, 0.14855608246731045, 0.12371969767889157, 0.12371969767889157, 0.13380251720146819, 0.12371969767889157, 0.13380251720146819, 0.14512965696185742, 0.12371969767889157, 0.12371969767889157, 0.12371969767889157, 0.19902882585866655, 0.13380251720146819, 0.12371969767889157, 0.132539345926719, 0.17424465104643616, 0.13380251720146819, 0.14512965696185742, 0.17117835533245507
35.782724142074585, 26.526577472686768, 33.807652711868286, 20.380022287368774, 26.46294331550598, 22.47689390182495, 19.41666293144226, 15.010927200317383, 12.204126358032227, 12.223934650421143, 14.799625396728516, 9.396536827087402, 11.083012580871582, 5.670634031295776, 3.850212574005127, 4.154726505279541, 5.146212339401245, 4.604740858078003, 3.8871676921844482, 3.2175118923187256