{'Max_spout': 1.0, 'Spliters': 2.0, 'Counters': 13.0}, {'Max_spout': 100000.0, 'Spliters': 2.0, 'Counters': 12.0}, {'Max_spout': 1000000.0, 'Spliters': 2.0, 'Counters': 13.0}, {'Max_spout': 1000000.0, 'Spliters': 1.0, 'Counters': 18.0}, {'Max_spout': 1000000.0, 'Spliters': 2.0, 'Counters': 17.0}, {'Max_spout': 100000.0, 'Spliters': 1.0, 'Counters': 7.0}, {'Max_spout': 100000.0, 'Spliters': 5.0, 'Counters': 12.0}, {'Max_spout': 1000000.0, 'Spliters': 2.0, 'Counters': 13.0}, {'Max_spout': 100000.0, 'Spliters': 2.0, 'Counters': 17.0}, {'Max_spout': 100000.0, 'Spliters': 2.0, 'Counters': 18.0}, {'Max_spout': 100000.0, 'Spliters': 2.0, 'Counters': 14.0}, {'Max_spout': 100000.0, 'Spliters': 1.0, 'Counters': 15.0}, {'Max_spout': 1000.0, 'Spliters': 2.0, 'Counters': 16.0}, {'Max_spout': 100000.0, 'Spliters': 2.0, 'Counters': 14.0}, {'Max_spout': 100000.0, 'Spliters': 3.0, 'Counters': 18.0}, {'Max_spout': 100000.0, 'Spliters': 2.0, 'Counters': 16.0}, {'Max_spout': 10.0, 'Spliters': 2.0, 'Counters': 11.0}, {'Max_spout': 1000000.0, 'Spliters': 1.0, 'Counters': 18.0}, {'Max_spout': 100000.0, 'Spliters': 2.0, 'Counters': 16.0}, {'Max_spout': 100000.0, 'Spliters': 2.0, 'Counters': 16.0}
0.29682320601485335, 0.17117835533245507, 0.17863486685012364, 0.4341266286028427, 0.19902882585866655, 0.5150374220444338, 0.3054919767995985, 0.17863486685012364, 0.15717968355457912, 0.12371969767889157, 0.14855608246731045, 0.270247788790447, 0.5085907185965295, 0.14855608246731045, 0.2945819743879329, 0.132539345926719, 0.7044723488072678, 0.4341266286028427, 0.132539345926719, 0.12371969767889157
14.99251914024353, 15.329751968383789, 15.878912448883057, 15.87178349494934, 15.955615758895874, 16.45916485786438, 16.511579990386963, 16.93599033355713, 16.958149671554565, 17.152130603790283, 17.601083517074585, 17.61471676826477, 17.621531009674072, 17.66626238822937, 18.18147301673889, 18.632132053375244, 11.396896600723267, 12.116408824920654, 12.62411642074585, 12.728235483169556