{'Max_spout': 10.0, 'Spliters': 4.0, 'Counters': 18.0}, {'Max_spout': 100000.0, 'Spliters': 3.0, 'Counters': 12.0}, {'Max_spout': 1000000.0, 'Spliters': 1.0, 'Counters': 18.0}, {'Max_spout': 10000.0, 'Spliters': 2.0, 'Counters': 18.0}, {'Max_spout': 1000000.0, 'Spliters': 1.0, 'Counters': 18.0}, {'Max_spout': 10000.0, 'Spliters': 2.0, 'Counters': 8.0}, {'Max_spout': 10000.0, 'Spliters': 1.0, 'Counters': 9.0}, {'Max_spout': 10000.0, 'Spliters': 2.0, 'Counters': 15.0}, {'Max_spout': 1000000.0, 'Spliters': 1.0, 'Counters': 13.0}, {'Max_spout': 10.0, 'Spliters': 2.0, 'Counters': 18.0}, {'Max_spout': 1000000.0, 'Spliters': 2.0, 'Counters': 13.0}, {'Max_spout': 1000.0, 'Spliters': 2.0, 'Counters': 15.0}, {'Max_spout': 10000.0, 'Spliters': 2.0, 'Counters': 18.0}, {'Max_spout': 100000.0, 'Spliters': 2.0, 'Counters': 18.0}, {'Max_spout': 1000000.0, 'Spliters': 2.0, 'Counters': 13.0}, {'Max_spout': 1000000.0, 'Spliters': 2.0, 'Counters': 17.0}, {'Max_spout': 1000000.0, 'Spliters': 2.0, 'Counters': 15.0}, {'Max_spout': 100000.0, 'Spliters': 1.0, 'Counters': 15.0}, {'Max_spout': 1.0, 'Spliters': 1.0, 'Counters': 15.0}, {'Max_spout': 100.0, 'Spliters': 3.0, 'Counters': 17.0}
0.32933583433419666, 0.2942828815365135, 0.4341266286028427, 0.5086927979555401, 0.4341266286028427, 0.3549489051464332, 0.3265701158061032, 0.70444565113333, 0.31482392338807075, 0.7046835745333472, 0.20654669282586668, 0.5026230028874009, 0.2352639057826642, 0.12371969767889157, 0.17863486685012364, 0.13380251720146819, 0.19902882585866655, 0.2319189706324668, 0.5308283119118645, 0.515437887173539
6.154212713241577, 6.25529408454895, 6.323875665664673, 6.373825788497925, 6.555867910385132, 6.577800750732422, 6.627883195877075, 6.699516296386719, 6.7617106437683105, 6.823734283447266, 6.831861734390259, 6.9433488845825195, 6.9577796459198, 7.116273880004883, 7.08580756187439, 7.248729228973389, 4.642297983169556, 4.605235815048218, 4.509246110916138, 4.723026275634766