{'Max_spout': 100000.0, 'Spliters': 2.0, 'Counters': 12.0}, {'Max_spout': 1000.0, 'Spliters': 5.0, 'Counters': 13.0}, {'Max_spout': 10000.0, 'Spliters': 2.0, 'Counters': 15.0}, {'Max_spout': 1000000.0, 'Spliters': 2.0, 'Counters': 16.0}, {'Max_spout': 1000000.0, 'Spliters': 2.0, 'Counters': 18.0}, {'Max_spout': 100000.0, 'Spliters': 1.0, 'Counters': 9.0}, {'Max_spout': 100000.0, 'Spliters': 2.0, 'Counters': 17.0}, {'Max_spout': 1000000.0, 'Spliters': 2.0, 'Counters': 13.0}, {'Max_spout': 100000.0, 'Spliters': 2.0, 'Counters': 17.0}, {'Max_spout': 10000.0, 'Spliters': 2.0, 'Counters': 6.0}, {'Max_spout': 1000000.0, 'Spliters': 2.0, 'Counters': 15.0}, {'Max_spout': 100000.0, 'Spliters': 1.0, 'Counters': 12.0}, {'Max_spout': 100000.0, 'Spliters': 2.0, 'Counters': 11.0}, {'Max_spout': 1000000.0, 'Spliters': 2.0, 'Counters': 13.0}, {'Max_spout': 1000000.0, 'Spliters': 3.0, 'Counters': 9.0}, {'Max_spout': 1000000.0, 'Spliters': 2.0, 'Counters': 11.0}, {'Max_spout': 100000.0, 'Spliters': 2.0, 'Counters': 17.0}, {'Max_spout': 100000.0, 'Spliters': 1.0, 'Counters': 11.0}, {'Max_spout': 100000.0, 'Spliters': 1.0, 'Counters': 11.0}, {'Max_spout': 1000000.0, 'Spliters': 2.0, 'Counters': 12.0}
0.14512965696185742, 0.2781926838540735, 0.12284324324612461, 0.19902882585866655, 0.13380251720146819, 0.24267659476476688, 0.12371969767889157, 0.1753336643562795, 0.12371969767889157, 0.2392286039050402, 0.19052519703880066, 0.25178398967781845, 0.17117835533245507, 0.1753336643562795, 0.2891545294288054, 0.2224197759651717, 0.12371969767889157, 0.23453324511852047, 0.23453324511852047, 0.17863486685012364
11.373645782470703, 10.93409252166748, 14.753191947937012, 11.468868017196655, 10.985062837600708, 11.681774139404297, 9.627395391464233, 7.004851818084717, 12.247907876968384, 11.124072790145874, 5.7198896408081055, 8.593228816986084, 9.386415004730225, 9.351115465164185, 5.346877098083496, 5.082491159439087, 6.361511468887329, 9.271965026855469, 5.036306858062744, 5.298272371292114