{'Max_spout': 100000.0, 'Spliters': 2.0, 'Counters': 17.0}, {'Max_spout': 100000.0, 'Spliters': 2.0, 'Counters': 17.0}, {'Max_spout': 100000.0, 'Spliters': 2.0, 'Counters': 12.0}, {'Max_spout': 100000.0, 'Spliters': 2.0, 'Counters': 15.0}, {'Max_spout': 100000.0, 'Spliters': 2.0, 'Counters': 12.0}, {'Max_spout': 100000.0, 'Spliters': 1.0, 'Counters': 13.0}, {'Max_spout': 100000.0, 'Spliters': 2.0, 'Counters': 17.0}, {'Max_spout': 100000.0, 'Spliters': 2.0, 'Counters': 17.0}, {'Max_spout': 1000000.0, 'Spliters': 2.0, 'Counters': 13.0}, {'Max_spout': 100000.0, 'Spliters': 2.0, 'Counters': 12.0}, {'Max_spout': 100000.0, 'Spliters': 2.0, 'Counters': 17.0}, {'Max_spout': 10000.0, 'Spliters': 1.0, 'Counters': 11.0}, {'Max_spout': 1000000.0, 'Spliters': 2.0, 'Counters': 18.0}, {'Max_spout': 1000000.0, 'Spliters': 2.0, 'Counters': 14.0}, {'Max_spout': 100000.0, 'Spliters': 2.0, 'Counters': 17.0}, {'Max_spout': 100000.0, 'Spliters': 1.0, 'Counters': 11.0}, {'Max_spout': 100000.0, 'Spliters': 2.0, 'Counters': 17.0}, {'Max_spout': 100000.0, 'Spliters': 2.0, 'Counters': 15.0}, {'Max_spout': 10000.0, 'Spliters': 2.0, 'Counters': 15.0}, {'Max_spout': 100000.0, 'Spliters': 2.0, 'Counters': 12.0}
0.12371969767889157, 0.12371969767889157, 0.14512965696185742, 0.132539345926719, 0.14512965696185742, 0.25611087762927176, 0.12371969767889157, 0.12371969767889157, 0.1753336643562795, 0.14512965696185742, 0.12371969767889157, 0.22938914119097897, 0.13380251720146819, 0.20654669282586668, 0.12371969767889157, 0.23453324511852047, 0.12371969767889157, 0.132539345926719, 0.12284324324612461, 0.14512965696185742
10.950958490371704, 20.048311948776245, 13.367689847946167, 13.6188645362854, 18.804298162460327, 14.797955513000488, 11.378482818603516, 13.502577304840088, 10.064828157424927, 9.563018083572388, 11.750525951385498, 8.901149272918701, 6.296402215957642, 6.144176959991455, 7.482543230056763, 5.183091163635254, 6.440672159194946, 4.779473781585693, 6.835270404815674, 4.952493190765381