{'Max_spout': 100000.0, 'Spliters': 3.0, 'Counters': 7.0}, {'Max_spout': 100000.0, 'Spliters': 3.0, 'Counters': 14.0}, {'Max_spout': 100.0, 'Spliters': 3.0, 'Counters': 2.0}, {'Max_spout': 100.0, 'Spliters': 1.0, 'Counters': 12.0}, {'Max_spout': 10.0, 'Spliters': 2.0, 'Counters': 13.0}, {'Max_spout': 1000000.0, 'Spliters': 3.0, 'Counters': 10.0}, {'Max_spout': 100000.0, 'Spliters': 1.0, 'Counters': 16.0}, {'Max_spout': 1000000.0, 'Spliters': 1.0, 'Counters': 9.0}, {'Max_spout': 1.0, 'Spliters': 1.0, 'Counters': 15.0}, {'Max_spout': 1.0, 'Spliters': 2.0, 'Counters': 17.0}, {'Max_spout': 1000.0, 'Spliters': 2.0, 'Counters': 13.0}, {'Max_spout': 1000000.0, 'Spliters': 2.0, 'Counters': 14.0}, {'Max_spout': 1000000.0, 'Spliters': 2.0, 'Counters': 14.0}, {'Max_spout': 1000.0, 'Spliters': 5.0, 'Counters': 14.0}, {'Max_spout': 1000.0, 'Spliters': 3.0, 'Counters': 14.0}, {'Max_spout': 1.0, 'Spliters': 2.0, 'Counters': 15.0}, {'Max_spout': 10000.0, 'Spliters': 5.0, 'Counters': 9.0}, {'Max_spout': 1000000.0, 'Spliters': 1.0, 'Counters': 10.0}, {'Max_spout': 100000.0, 'Spliters': 1.0, 'Counters': 11.0}, {'Max_spout': 100000.0, 'Spliters': 2.0, 'Counters': 18.0}
0.2933021090337202, 0.2942828815365135, 0.490090799886155, 0.5267843992947235, 0.7027095169977602, 0.29533131335752105, 0.19199060033478188, 0.32702052936954007, 0.5308283119118645, 0.3099914439907179, 0.5058345762107026, 0.17863486685012364, 0.1753336643562795, 0.3478314774449016, 0.5114960538905226, 0.5026230028874009, 0.3324646101542943, 0.265291457122927, 0.25178398967781845, 0.13646979561984285
1.5939035415649414, 1.6832950115203857, 1.8015339374542236, 1.929927110671997, 2.3636562824249268, 2.421705484390259, 2.510420322418213, 2.5393497943878174, 2.531517267227173, 2.617077350616455, 2.594482421875, 2.656006097793579, 2.685840129852295, 2.801492929458618, 2.8847849369049072, 2.953024387359619, 1.3534784317016602, 1.7352571487426758, 2.3563942909240723, 2.297579765319824