{'Max_spout': 100000.0, 'Spliters': 2.0, 'Counters': 15.0}, {'Max_spout': 100000.0, 'Spliters': 2.0, 'Counters': 15.0}, {'Max_spout': 1000000.0, 'Spliters': 6.0, 'Counters': 12.0}, {'Max_spout': 10000.0, 'Spliters': 2.0, 'Counters': 18.0}, {'Max_spout': 10000.0, 'Spliters': 2.0, 'Counters': 15.0}, {'Max_spout': 100000.0, 'Spliters': 6.0, 'Counters': 12.0}, {'Max_spout': 100000.0, 'Spliters': 2.0, 'Counters': 15.0}, {'Max_spout': 1000.0, 'Spliters': 2.0, 'Counters': 18.0}, {'Max_spout': 10000.0, 'Spliters': 2.0, 'Counters': 15.0}, {'Max_spout': 100000.0, 'Spliters': 6.0, 'Counters': 12.0}, {'Max_spout': 10000.0, 'Spliters': 2.0, 'Counters': 18.0}, {'Max_spout': 1000000.0, 'Spliters': 6.0, 'Counters': 18.0}, {'Max_spout': 1000000.0, 'Spliters': 6.0, 'Counters': 18.0}, {'Max_spout': 100000.0, 'Spliters': 2.0, 'Counters': 15.0}, {'Max_spout': 1000000.0, 'Spliters': 2.0, 'Counters': 9.0}, {'Max_spout': 10000.0, 'Spliters': 6.0, 'Counters': 18.0}, {'Max_spout': 100000.0, 'Spliters': 2.0, 'Counters': 15.0}, {'Max_spout': 1000000.0, 'Spliters': 2.0, 'Counters': 9.0}, {'Max_spout': 1000.0, 'Spliters': 2.0, 'Counters': 9.0}, {'Max_spout': 10000.0, 'Spliters': 6.0, 'Counters': 18.0}
0.43629833300548926, 0.43629833300548926, 0.45132372310007496, 0.4202161119317217, 0.3975491585218419, 0.4488602405241635, 0.43629833300548926, 0.3670307857723123, 0.3975491585218419, 0.4488602405241635, 0.4202161119317217, 0.45684852732534786, 0.45684852732534786, 0.43629833300548926, 0.41464190904005405, 0.4475080432583598, 0.43629833300548926, 0.41464190904005405, 0.3843556979164898, 0.4475080432583598
13.296954154968262, 14.09183645248413, 17.257640600204468, 12.692658185958862, 15.233912467956543, 17.386606693267822, 12.148014068603516, 12.3842031955719, 10.873378992080688, 14.027343511581421, 10.959412813186646, 9.182950258255005, 5.602050304412842, 6.148477554321289, 5.203652858734131, 8.29774785041809, 9.509299278259277, 5.626824617385864, 5.463743686676025, 5.099857568740845