{'Max_spout': 10000.0, 'Spliters': 2.0, 'Counters': 6.0}, {'Max_spout': 1000.0, 'Spliters': 2.0, 'Counters': 18.0}, {'Max_spout': 1000.0, 'Spliters': 2.0, 'Counters': 9.0}, {'Max_spout': 1000.0, 'Spliters': 2.0, 'Counters': 15.0}, {'Max_spout': 1000.0, 'Spliters': 2.0, 'Counters': 18.0}, {'Max_spout': 1000000.0, 'Spliters': 6.0, 'Counters': 12.0}, {'Max_spout': 1000000.0, 'Spliters': 6.0, 'Counters': 15.0}, {'Max_spout': 100000.0, 'Spliters': 2.0, 'Counters': 15.0}, {'Max_spout': 1000.0, 'Spliters': 2.0, 'Counters': 9.0}, {'Max_spout': 1000.0, 'Spliters': 2.0, 'Counters': 9.0}, {'Max_spout': 10000.0, 'Spliters': 2.0, 'Counters': 15.0}, {'Max_spout': 10000.0, 'Spliters': 6.0, 'Counters': 18.0}, {'Max_spout': 100.0, 'Spliters': 2.0, 'Counters': 6.0}, {'Max_spout': 1000000.0, 'Spliters': 6.0, 'Counters': 18.0}, {'Max_spout': 10000.0, 'Spliters': 2.0, 'Counters': 9.0}, {'Max_spout': 1000000.0, 'Spliters': 6.0, 'Counters': 18.0}, {'Max_spout': 1000.0, 'Spliters': 2.0, 'Counters': 15.0}, {'Max_spout': 100.0, 'Spliters': 2.0, 'Counters': 18.0}, {'Max_spout': 1000000.0, 'Spliters': 2.0, 'Counters': 9.0}, {'Max_spout': 1000.0, 'Spliters': 2.0, 'Counters': 9.0}
0.4048595507354926, 0.3670307857723123, 0.3843556979164898, 0.3534006710681069, 0.3670307857723123, 0.45132372310007496, 0.4750693614314816, 0.43629833300548926, 0.3843556979164898, 0.3843556979164898, 0.3975491585218419, 0.4475080432583598, 0.45074322476566475, 0.45684852732534786, 0.3915810157618045, 0.45684852732534786, 0.3534006710681069, 0.4007921025523584, 0.41464190904005405, 0.3843556979164898
8.116915941238403, 5.430816650390625, 6.340851068496704, 5.7376179695129395, 5.031702995300293, 4.700807094573975, 6.158465385437012, 3.769636392593384, 5.140103816986084, 6.851965665817261, 6.42923903465271, 5.378236293792725, 6.067809820175171, 4.1335976123809814, 4.311504364013672, 3.678020477294922, 4.4160425662994385, 3.8500516414642334, 4.369869947433472, 4.648475885391235