{'Max_spout': 1000.0, 'Spliters': 2.0, 'Counters': 12.0}, {'Max_spout': 1000.0, 'Spliters': 2.0, 'Counters': 12.0}, {'Max_spout': 1000.0, 'Spliters': 2.0, 'Counters': 18.0}, {'Max_spout': 1000.0, 'Spliters': 2.0, 'Counters': 12.0}, {'Max_spout': 1000.0, 'Spliters': 2.0, 'Counters': 12.0}, {'Max_spout': 1000.0, 'Spliters': 2.0, 'Counters': 12.0}, {'Max_spout': 1000.0, 'Spliters': 2.0, 'Counters': 18.0}, {'Max_spout': 1000.0, 'Spliters': 2.0, 'Counters': 15.0}, {'Max_spout': 1000.0, 'Spliters': 2.0, 'Counters': 18.0}, {'Max_spout': 1000.0, 'Spliters': 2.0, 'Counters': 15.0}, {'Max_spout': 1000.0, 'Spliters': 2.0, 'Counters': 15.0}, {'Max_spout': 1000.0, 'Spliters': 2.0, 'Counters': 12.0}, {'Max_spout': 1000.0, 'Spliters': 2.0, 'Counters': 15.0}, {'Max_spout': 1000.0, 'Spliters': 2.0, 'Counters': 18.0}, {'Max_spout': 1000.0, 'Spliters': 2.0, 'Counters': 12.0}, {'Max_spout': 1000.0, 'Spliters': 2.0, 'Counters': 12.0}, {'Max_spout': 1000.0, 'Spliters': 2.0, 'Counters': 15.0}, {'Max_spout': 100.0, 'Spliters': 2.0, 'Counters': 12.0}, {'Max_spout': 1000.0, 'Spliters': 2.0, 'Counters': 18.0}, {'Max_spout': 1000.0, 'Spliters': 2.0, 'Counters': 12.0}
0.34825220828017067, 0.34825220828017067, 0.3670307857723123, 0.34825220828017067, 0.34825220828017067, 0.34825220828017067, 0.3670307857723123, 0.3534006710681069, 0.3670307857723123, 0.3534006710681069, 0.3534006710681069, 0.34825220828017067, 0.3534006710681069, 0.3670307857723123, 0.34825220828017067, 0.34825220828017067, 0.3534006710681069, 0.405608670201996, 0.3670307857723123, 0.34825220828017067
18.052926301956177, 13.29878854751587, 16.54549288749695, 16.86622405052185, 12.704925537109375, 12.786412954330444, 14.071106910705566, 11.403646469116211, 12.49826717376709, 11.347968101501465, 9.17542576789856, 9.711782455444336, 7.231153726577759, 5.573638200759888, 5.2694292068481445, 5.561194181442261, 5.69170355796814, 4.1468846797943115, 4.192203998565674, 4.630511999130249