{'Max_spout': 100000.0, 'Spliters': 6.0, 'Counters': 12.0}, {'Max_spout': 1000.0, 'Spliters': 2.0, 'Counters': 12.0}, {'Max_spout': 1000.0, 'Spliters': 2.0, 'Counters': 18.0}, {'Max_spout': 1000.0, 'Spliters': 2.0, 'Counters': 15.0}, {'Max_spout': 1000.0, 'Spliters': 2.0, 'Counters': 9.0}, {'Max_spout': 1000000.0, 'Spliters': 6.0, 'Counters': 9.0}, {'Max_spout': 10000.0, 'Spliters': 2.0, 'Counters': 15.0}, {'Max_spout': 1000.0, 'Spliters': 2.0, 'Counters': 15.0}, {'Max_spout': 1000.0, 'Spliters': 2.0, 'Counters': 12.0}, {'Max_spout': 1000.0, 'Spliters': 2.0, 'Counters': 15.0}, {'Max_spout': 1000.0, 'Spliters': 2.0, 'Counters': 15.0}, {'Max_spout': 10000.0, 'Spliters': 2.0, 'Counters': 18.0}, {'Max_spout': 1000.0, 'Spliters': 2.0, 'Counters': 6.0}, {'Max_spout': 1000.0, 'Spliters': 2.0, 'Counters': 18.0}, {'Max_spout': 10000.0, 'Spliters': 2.0, 'Counters': 9.0}, {'Max_spout': 10000.0, 'Spliters': 6.0, 'Counters': 18.0}, {'Max_spout': 1000.0, 'Spliters': 2.0, 'Counters': 15.0}, {'Max_spout': 1000.0, 'Spliters': 2.0, 'Counters': 9.0}, {'Max_spout': 1000000.0, 'Spliters': 6.0, 'Counters': 9.0}, {'Max_spout': 1000.0, 'Spliters': 2.0, 'Counters': 18.0}
0.4488602405241635, 0.34825220828017067, 0.3670307857723123, 0.3534006710681069, 0.3843556979164898, 0.4550215006629207, 0.3975491585218419, 0.3534006710681069, 0.34825220828017067, 0.3534006710681069, 0.3534006710681069, 0.4202161119317217, 0.42471564247809135, 0.3670307857723123, 0.3915810157618045, 0.4475080432583598, 0.3534006710681069, 0.3843556979164898, 0.4550215006629207, 0.3670307857723123
7.684223175048828, 7.231412887573242, 6.110145568847656, 5.816004276275635, 5.906131744384766, 7.061659812927246, 6.04646897315979, 7.875875949859619, 6.350034236907959, 5.054824590682983, 5.291147232055664, 5.262345790863037, 5.553128242492676, 4.6193389892578125, 5.501298666000366, 5.6035215854644775, 5.534047603607178, 4.408909797668457, 4.873631477355957, 6.04561710357666