{'Max_spout': 1000000.0, 'Spliters': 3.0, 'Counters': 1.0}, {'Max_spout': 10000.0, 'Spliters': 2.0, 'Counters': 15.0}, {'Max_spout': 1.0, 'Spliters': 2.0, 'Counters': 18.0}, {'Max_spout': 1000.0, 'Spliters': 2.0, 'Counters': 9.0}, {'Max_spout': 1000.0, 'Spliters': 2.0, 'Counters': 15.0}, {'Max_spout': 1000000.0, 'Spliters': 6.0, 'Counters': 15.0}, {'Max_spout': 10.0, 'Spliters': 2.0, 'Counters': 12.0}, {'Max_spout': 1000000.0, 'Spliters': 6.0, 'Counters': 15.0}, {'Max_spout': 1.0, 'Spliters': 2.0, 'Counters': 15.0}, {'Max_spout': 100.0, 'Spliters': 2.0, 'Counters': 3.0}, {'Max_spout': 100000.0, 'Spliters': 1.0, 'Counters': 18.0}, {'Max_spout': 1.0, 'Spliters': 2.0, 'Counters': 9.0}, {'Max_spout': 1000000.0, 'Spliters': 1.0, 'Counters': 9.0}, {'Max_spout': 1.0, 'Spliters': 2.0, 'Counters': 15.0}, {'Max_spout': 1.0, 'Spliters': 2.0, 'Counters': 12.0}, {'Max_spout': 1000.0, 'Spliters': 1.0, 'Counters': 15.0}, {'Max_spout': 1000.0, 'Spliters': 2.0, 'Counters': 6.0}, {'Max_spout': 10.0, 'Spliters': 2.0, 'Counters': 18.0}, {'Max_spout': 1000000.0, 'Spliters': 6.0, 'Counters': 15.0}, {'Max_spout': 1000000.0, 'Spliters': 1.0, 'Counters': 9.0}
0.5501573853628801, 0.3534006710681069, 0.5216628675848648, 0.3915810157618045, 0.42069156568117205, 0.45132372310007496, 0.7028372715537391, 0.45132372310007496, 0.3534006710681069, 0.4797667742484102, 0.5355903617495779, 0.5230642383107819, 0.6609012628524336, 0.518476046580786, 0.405608670201996, 0.5934026716465242, 0.45074322476566475, 0.7036708276531332, 0.4607099566646824, 0.41464190904005405
4.832301139831543, 5.008167505264282, 5.273282051086426, 5.353854656219482, 5.34935188293457, 5.393873453140259, 5.4040937423706055, 5.414106369018555, 5.428414583206177, 5.45403265953064, 5.489616632461548, 5.499083757400513, 5.513022184371948, 5.607328653335571, 5.618102550506592, 5.684331655502319, 4.590331077575684, 4.805019855499268, 4.6093950271606445, 4.6455676555633545