{'Max_spout': 10000.0, 'Spliters': 2.0, 'Counters': 6.0}, {'Max_spout': 1000.0, 'Spliters': 2.0, 'Counters': 12.0}, {'Max_spout': 1000.0, 'Spliters': 2.0, 'Counters': 12.0}, {'Max_spout': 1000.0, 'Spliters': 2.0, 'Counters': 15.0}, {'Max_spout': 1000.0, 'Spliters': 2.0, 'Counters': 18.0}, {'Max_spout': 1000000.0, 'Spliters': 6.0, 'Counters': 12.0}, {'Max_spout': 1000.0, 'Spliters': 2.0, 'Counters': 15.0}, {'Max_spout': 1000.0, 'Spliters': 2.0, 'Counters': 12.0}, {'Max_spout': 1000.0, 'Spliters': 2.0, 'Counters': 12.0}, {'Max_spout': 1000.0, 'Spliters': 2.0, 'Counters': 15.0}, {'Max_spout': 1000.0, 'Spliters': 2.0, 'Counters': 12.0}, {'Max_spout': 1000.0, 'Spliters': 2.0, 'Counters': 15.0}, {'Max_spout': 1000.0, 'Spliters': 2.0, 'Counters': 12.0}, {'Max_spout': 1000.0, 'Spliters': 2.0, 'Counters': 15.0}, {'Max_spout': 1000.0, 'Spliters': 2.0, 'Counters': 12.0}, {'Max_spout': 10000.0, 'Spliters': 2.0, 'Counters': 6.0}, {'Max_spout': 1000.0, 'Spliters': 2.0, 'Counters': 12.0}, {'Max_spout': 1000.0, 'Spliters': 2.0, 'Counters': 18.0}, {'Max_spout': 10000.0, 'Spliters': 2.0, 'Counters': 9.0}, {'Max_spout': 1000.0, 'Spliters': 2.0, 'Counters': 15.0}
0.4048595507354926, 0.34825220828017067, 0.34825220828017067, 0.3534006710681069, 0.3670307857723123, 0.45132372310007496, 0.3534006710681069, 0.34825220828017067, 0.34825220828017067, 0.3534006710681069, 0.34825220828017067, 0.3534006710681069, 0.34825220828017067, 0.3534006710681069, 0.34825220828017067, 0.4048595507354926, 0.34825220828017067, 0.3670307857723123, 0.3915810157618045, 0.3534006710681069
11.029516458511353, 13.344281196594238, 12.343279123306274, 12.736832857131958, 13.265536546707153, 15.792345523834229, 13.225436210632324, 14.612961769104004, 14.557456016540527, 11.21333909034729, 7.188421249389648, 5.737353324890137, 4.253615617752075, 3.6530447006225586, 4.0684919357299805, 3.287740468978882, 4.071645736694336, 4.453946590423584, 4.062266826629639, 3.967662811279297