{'Max_spout': 1000000.0, 'Spliters': 2.0, 'Counters': 12.0}, {'Max_spout': 1000000.0, 'Spliters': 6.0, 'Counters': 15.0}, {'Max_spout': 1.0, 'Spliters': 2.0, 'Counters': 18.0}, {'Max_spout': 10.0, 'Spliters': 2.0, 'Counters': 15.0}, {'Max_spout': 10.0, 'Spliters': 6.0, 'Counters': 12.0}, {'Max_spout': 10.0, 'Spliters': 1.0, 'Counters': 18.0}, {'Max_spout': 1000000.0, 'Spliters': 1.0, 'Counters': 9.0}, {'Max_spout': 1000000.0, 'Spliters': 6.0, 'Counters': 15.0}, {'Max_spout': 1000.0, 'Spliters': 6.0, 'Counters': 3.0}, {'Max_spout': 1000000.0, 'Spliters': 6.0, 'Counters': 6.0}, {'Max_spout': 1000.0, 'Spliters': 1.0, 'Counters': 18.0}, {'Max_spout': 10000.0, 'Spliters': 3.0, 'Counters': 3.0}, {'Max_spout': 10000.0, 'Spliters': 6.0, 'Counters': 15.0}, {'Max_spout': 1000000.0, 'Spliters': 2.0, 'Counters': 6.0}, {'Max_spout': 1000000.0, 'Spliters': 6.0, 'Counters': 9.0}, {'Max_spout': 1000000.0, 'Spliters': 6.0, 'Counters': 15.0}, {'Max_spout': 10000.0, 'Spliters': 2.0, 'Counters': 3.0}, {'Max_spout': 100.0, 'Spliters': 2.0, 'Counters': 1.0}, {'Max_spout': 1000000.0, 'Spliters': 6.0, 'Counters': 18.0}, {'Max_spout': 100000.0, 'Spliters': 1.0, 'Counters': 12.0}
0.41464190904005405, 0.45684852732534786, 0.5216628675848648, 0.42069156568117205, 0.48720995808056355, 0.510825701154224, 0.6609012628524336, 0.45132372310007496, 0.5176768446988977, 0.4550215006629207, 0.510825701154224, 0.5562716794437395, 0.4687885535894645, 0.41464190904005405, 0.4607099566646824, 0.4550215006629207, 0.6641835572892089, 0.6633144680252819, 0.45132372310007496, 0.5188602285953636
2.435140371322632, 2.5384202003479004, 2.5747628211975098, 2.661590337753296, 2.667318105697632, 2.697746753692627, 2.697648763656616, 2.709099531173706, 2.7692503929138184, 2.8098692893981934, 2.8373005390167236, 2.8827147483825684, 2.9678242206573486, 3.112367868423462, 3.1900126934051514, 3.2109150886535645, 2.4958455562591553, 2.564880132675171, 2.5696029663085938, 2.8400826454162598