{'Max_spout': 100000.0, 'Spliters': 2.0, 'Counters': 15.0}, {'Max_spout': 10000.0, 'Spliters': 6.0, 'Counters': 18.0}, {'Max_spout': 1000000.0, 'Spliters': 6.0, 'Counters': 12.0}, {'Max_spout': 10000.0, 'Spliters': 2.0, 'Counters': 15.0}, {'Max_spout': 1000000.0, 'Spliters': 6.0, 'Counters': 18.0}, {'Max_spout': 100000.0, 'Spliters': 6.0, 'Counters': 12.0}, {'Max_spout': 10000.0, 'Spliters': 2.0, 'Counters': 18.0}, {'Max_spout': 10000.0, 'Spliters': 2.0, 'Counters': 15.0}, {'Max_spout': 10000.0, 'Spliters': 2.0, 'Counters': 18.0}, {'Max_spout': 1000000.0, 'Spliters': 6.0, 'Counters': 12.0}, {'Max_spout': 1000000.0, 'Spliters': 2.0, 'Counters': 15.0}, {'Max_spout': 1000000.0, 'Spliters': 6.0, 'Counters': 18.0}, {'Max_spout': 1000000.0, 'Spliters': 6.0, 'Counters': 18.0}, {'Max_spout': 1000000.0, 'Spliters': 2.0, 'Counters': 15.0}, {'Max_spout': 10000.0, 'Spliters': 2.0, 'Counters': 9.0}, {'Max_spout': 10000.0, 'Spliters': 6.0, 'Counters': 18.0}, {'Max_spout': 100000.0, 'Spliters': 2.0, 'Counters': 15.0}, {'Max_spout': 100000.0, 'Spliters': 6.0, 'Counters': 15.0}, {'Max_spout': 1000000.0, 'Spliters': 6.0, 'Counters': 9.0}, {'Max_spout': 100000.0, 'Spliters': 6.0, 'Counters': 12.0}
0.43629833300548926, 0.4475080432583598, 0.45132372310007496, 0.3975491585218419, 0.45684852732534786, 0.4488602405241635, 0.4202161119317217, 0.3975491585218419, 0.4202161119317217, 0.45132372310007496, 0.4437836724363142, 0.45684852732534786, 0.45684852732534786, 0.4437836724363142, 0.3915810157618045, 0.4475080432583598, 0.43629833300548926, 0.46493854636793785, 0.4550215006629207, 0.4488602405241635
11.911614418029785, 10.84813642501831, 15.318203210830688, 9.118651628494263, 10.36679458618164, 11.899977207183838, 11.674600839614868, 15.068550109863281, 11.274452924728394, 11.852795839309692, 8.91175103187561, 12.52237606048584, 9.713621616363525, 8.592752456665039, 6.913090944290161, 5.358754396438599, 6.438983201980591, 7.056324005126953, 8.853414297103882, 5.773082494735718