{'Max_spout': 100000.0, 'Spliters': 2.0, 'Counters': 15.0}, {'Max_spout': 1000.0, 'Spliters': 2.0, 'Counters': 12.0}, {'Max_spout': 100000.0, 'Spliters': 2.0, 'Counters': 15.0}, {'Max_spout': 10000.0, 'Spliters': 2.0, 'Counters': 9.0}, {'Max_spout': 10000.0, 'Spliters': 2.0, 'Counters': 9.0}, {'Max_spout': 1000000.0, 'Spliters': 2.0, 'Counters': 9.0}, {'Max_spout': 10000.0, 'Spliters': 2.0, 'Counters': 9.0}, {'Max_spout': 1000.0, 'Spliters': 2.0, 'Counters': 12.0}, {'Max_spout': 1000.0, 'Spliters': 2.0, 'Counters': 15.0}, {'Max_spout': 100000.0, 'Spliters': 6.0, 'Counters': 12.0}, {'Max_spout': 1000.0, 'Spliters': 2.0, 'Counters': 15.0}, {'Max_spout': 1000000.0, 'Spliters': 2.0, 'Counters': 9.0}, {'Max_spout': 1000000.0, 'Spliters': 6.0, 'Counters': 18.0}, {'Max_spout': 100000.0, 'Spliters': 2.0, 'Counters': 15.0}, {'Max_spout': 1000000.0, 'Spliters': 2.0, 'Counters': 9.0}, {'Max_spout': 1000.0, 'Spliters': 2.0, 'Counters': 9.0}, {'Max_spout': 1000.0, 'Spliters': 2.0, 'Counters': 15.0}, {'Max_spout': 1000000.0, 'Spliters': 2.0, 'Counters': 9.0}, {'Max_spout': 10000.0, 'Spliters': 2.0, 'Counters': 15.0}, {'Max_spout': 1000000.0, 'Spliters': 6.0, 'Counters': 12.0}
0.43629833300548926, 0.34825220828017067, 0.43629833300548926, 0.3915810157618045, 0.3915810157618045, 0.41464190904005405, 0.3915810157618045, 0.34825220828017067, 0.3534006710681069, 0.4488602405241635, 0.3534006710681069, 0.41464190904005405, 0.45684852732534786, 0.43629833300548926, 0.41464190904005405, 0.3843556979164898, 0.3534006710681069, 0.41464190904005405, 0.3975491585218419, 0.45132372310007496
36.38938641548157, 36.959455728530884, 27.383737325668335, 23.778870820999146, 22.591279983520508, 18.416449785232544, 14.246286153793335, 13.896881580352783, 12.426772117614746, 11.099695205688477, 12.247077941894531, 10.988384485244751, 10.772136211395264, 7.135640859603882, 4.608181953430176, 4.831178665161133, 3.5744426250457764, 4.1177661418914795, 5.270071506500244, 4.267222166061401