{'Max_spout': 1.0, 'Spliters': 2.0, 'Counters': 12.0}, {'Max_spout': 10000.0, 'Spliters': 6.0, 'Counters': 12.0}, {'Max_spout': 100.0, 'Spliters': 6.0, 'Counters': 18.0}, {'Max_spout': 1.0, 'Spliters': 2.0, 'Counters': 18.0}, {'Max_spout': 10000.0, 'Spliters': 2.0, 'Counters': 18.0}, {'Max_spout': 1.0, 'Spliters': 2.0, 'Counters': 15.0}, {'Max_spout': 10000.0, 'Spliters': 2.0, 'Counters': 9.0}, {'Max_spout': 1000000.0, 'Spliters': 1.0, 'Counters': 12.0}, {'Max_spout': 100000.0, 'Spliters': 1.0, 'Counters': 6.0}, {'Max_spout': 100000.0, 'Spliters': 2.0, 'Counters': 9.0}, {'Max_spout': 1000000.0, 'Spliters': 1.0, 'Counters': 9.0}, {'Max_spout': 100000.0, 'Spliters': 2.0, 'Counters': 15.0}, {'Max_spout': 1000000.0, 'Spliters': 2.0, 'Counters': 18.0}, {'Max_spout': 10000.0, 'Spliters': 2.0, 'Counters': 15.0}, {'Max_spout': 1.0, 'Spliters': 1.0, 'Counters': 15.0}, {'Max_spout': 10.0, 'Spliters': 6.0, 'Counters': 9.0}, {'Max_spout': 10.0, 'Spliters': 1.0, 'Counters': 9.0}, {'Max_spout': 1000000.0, 'Spliters': 2.0, 'Counters': 15.0}, {'Max_spout': 1000.0, 'Spliters': 2.0, 'Counters': 6.0}, {'Max_spout': 1000000.0, 'Spliters': 3.0, 'Counters': 9.0}
0.5255555641504882, 0.4645319179187546, 0.4475080432583598, 0.4007921025523584, 0.3670307857723123, 0.518476046580786, 0.3843556979164898, 0.4437836724363142, 0.5424650652428165, 0.3915810157618045, 0.6609012628524336, 0.3975491585218419, 0.6294885640565546, 0.3534006710681069, 0.48390727777612574, 0.6979231313569473, 0.7057676935604548, 0.5272230514946954, 0.45074322476566475, 0.5553940011807946
10.878283977508545, 11.034840822219849, 11.090357303619385, 11.135993957519531, 11.179787158966064, 11.202703714370728, 11.351100444793701, 11.479302644729614, 11.482964992523193, 11.522902727127075, 11.542702674865723, 11.661817073822021, 11.71077823638916, 11.740525722503662, 11.734858274459839, 11.818790435791016, 11.966746091842651, 12.38453984260559, 12.946600198745728, 13.103457927703857