{'Max_spout': 100000.0, 'Spliters': 2.0, 'Counters': 15.0}, {'Max_spout': 1000.0, 'Spliters': 6.0, 'Counters': 12.0}, {'Max_spout': 1000000.0, 'Spliters': 2.0, 'Counters': 9.0}, {'Max_spout': 100000.0, 'Spliters': 2.0, 'Counters': 12.0}, {'Max_spout': 1000000.0, 'Spliters': 6.0, 'Counters': 15.0}, {'Max_spout': 1000000.0, 'Spliters': 6.0, 'Counters': 6.0}, {'Max_spout': 1000000.0, 'Spliters': 6.0, 'Counters': 12.0}, {'Max_spout': 1000000.0, 'Spliters': 2.0, 'Counters': 9.0}, {'Max_spout': 100000.0, 'Spliters': 2.0, 'Counters': 15.0}, {'Max_spout': 100000.0, 'Spliters': 6.0, 'Counters': 18.0}, {'Max_spout': 100000.0, 'Spliters': 6.0, 'Counters': 12.0}, {'Max_spout': 100000.0, 'Spliters': 2.0, 'Counters': 12.0}, {'Max_spout': 100000.0, 'Spliters': 6.0, 'Counters': 12.0}, {'Max_spout': 1000000.0, 'Spliters': 3.0, 'Counters': 12.0}, {'Max_spout': 100000.0, 'Spliters': 2.0, 'Counters': 12.0}, {'Max_spout': 100000.0, 'Spliters': 6.0, 'Counters': 12.0}, {'Max_spout': 1000000.0, 'Spliters': 6.0, 'Counters': 6.0}, {'Max_spout': 100000.0, 'Spliters': 6.0, 'Counters': 9.0}, {'Max_spout': 100000.0, 'Spliters': 2.0, 'Counters': 12.0}, {'Max_spout': 100000.0, 'Spliters': 6.0, 'Counters': 12.0}
0.43629833300548926, 0.4645319179187546, 0.41464190904005405, 0.43816135911088994, 0.4750693614314816, 0.4607099566646824, 0.45132372310007496, 0.41464190904005405, 0.43629833300548926, 0.46030367959212204, 0.4488602405241635, 0.43816135911088994, 0.4488602405241635, 0.5240388498328138, 0.43816135911088994, 0.4488602405241635, 0.4607099566646824, 0.4702548652592582, 0.43816135911088994, 0.4488602405241635
6.559255123138428, 3.5217974185943604, 4.092906713485718, 4.040323734283447, 6.3049681186676025, 4.695482969284058, 3.405829429626465, 3.4655051231384277, 3.541301727294922, 2.549376964569092, 3.643537759780884, 4.43443751335144, 3.93855357170105, 3.096759796142578, 8.656907558441162, 5.861053228378296, 2.7379231452941895, 3.468414783477783, 4.560600519180298, 3.6066184043884277