{'Max_spout': 1000.0, 'Spliters': 2.0, 'Counters': 15.0}, {'Max_spout': 1000.0, 'Spliters': 2.0, 'Counters': 15.0}, {'Max_spout': 1000.0, 'Spliters': 2.0, 'Counters': 15.0}, {'Max_spout': 1000.0, 'Spliters': 2.0, 'Counters': 15.0}, {'Max_spout': 1000.0, 'Spliters': 2.0, 'Counters': 15.0}, {'Max_spout': 1000.0, 'Spliters': 2.0, 'Counters': 15.0}, {'Max_spout': 1000.0, 'Spliters': 2.0, 'Counters': 15.0}, {'Max_spout': 1000.0, 'Spliters': 2.0, 'Counters': 15.0}, {'Max_spout': 1000.0, 'Spliters': 2.0, 'Counters': 15.0}, {'Max_spout': 1000.0, 'Spliters': 2.0, 'Counters': 15.0}, {'Max_spout': 1000.0, 'Spliters': 2.0, 'Counters': 15.0}, {'Max_spout': 1000.0, 'Spliters': 2.0, 'Counters': 15.0}, {'Max_spout': 1000.0, 'Spliters': 2.0, 'Counters': 15.0}, {'Max_spout': 1000.0, 'Spliters': 2.0, 'Counters': 15.0}, {'Max_spout': 1000.0, 'Spliters': 2.0, 'Counters': 15.0}, {'Max_spout': 1000.0, 'Spliters': 2.0, 'Counters': 15.0}, {'Max_spout': 1000.0, 'Spliters': 2.0, 'Counters': 15.0}, {'Max_spout': 1000.0, 'Spliters': 2.0, 'Counters': 15.0}, {'Max_spout': 1000.0, 'Spliters': 2.0, 'Counters': 15.0}, {'Max_spout': 1000.0, 'Spliters': 2.0, 'Counters': 15.0}
0.33404364197772773, 0.33404364197772773, 0.33404364197772773, 0.33404364197772773, 0.33404364197772773, 0.33404364197772773, 0.33404364197772773, 0.33404364197772773, 0.33404364197772773, 0.33404364197772773, 0.33404364197772773, 0.33404364197772773, 0.33404364197772773, 0.33404364197772773, 0.33404364197772773, 0.33404364197772773, 0.33404364197772773, 0.33404364197772773, 0.33404364197772773, 0.33404364197772773
54.30004382133484, 51.127002000808716, 85.07717537879944, 20.083491563796997, 29.62720012664795, 51.83970904350281, 30.87866997718811, 30.85503911972046, 45.78961372375488, 15.173966407775879, 39.30037045478821, 36.90742778778076, 26.143104791641235, 34.02306771278381, 38.77228546142578, 22.739596128463745, 20.81231427192688, 38.20782971382141, 13.153578042984009, 43.06524062156677