{'Max_spout': 100000.0, 'Spliters': 2.0, 'Counters': 18.0}, {'Max_spout': 1000.0, 'Spliters': 2.0, 'Counters': 15.0}, {'Max_spout': 1000.0, 'Spliters': 2.0, 'Counters': 15.0}, {'Max_spout': 1000.0, 'Spliters': 2.0, 'Counters': 15.0}, {'Max_spout': 10000.0, 'Spliters': 2.0, 'Counters': 12.0}, {'Max_spout': 1000.0, 'Spliters': 2.0, 'Counters': 18.0}, {'Max_spout': 1000000.0, 'Spliters': 6.0, 'Counters': 12.0}, {'Max_spout': 100000.0, 'Spliters': 6.0, 'Counters': 18.0}, {'Max_spout': 10.0, 'Spliters': 2.0, 'Counters': 12.0}, {'Max_spout': 100.0, 'Spliters': 2.0, 'Counters': 15.0}, {'Max_spout': 100000.0, 'Spliters': 6.0, 'Counters': 18.0}, {'Max_spout': 100.0, 'Spliters': 3.0, 'Counters': 9.0}, {'Max_spout': 10000.0, 'Spliters': 2.0, 'Counters': 12.0}, {'Max_spout': 100.0, 'Spliters': 2.0, 'Counters': 9.0}, {'Max_spout': 10000.0, 'Spliters': 2.0, 'Counters': 9.0}, {'Max_spout': 10000.0, 'Spliters': 6.0, 'Counters': 12.0}, {'Max_spout': 1000.0, 'Spliters': 2.0, 'Counters': 15.0}, {'Max_spout': 10000.0, 'Spliters': 2.0, 'Counters': 9.0}, {'Max_spout': 100000.0, 'Spliters': 2.0, 'Counters': 18.0}, {'Max_spout': 1000.0, 'Spliters': 2.0, 'Counters': 9.0}
0.42885023240274767, 0.33404364197772773, 0.33404364197772773, 0.33404364197772773, 0.3777081854880393, 0.3513569799560069, 0.4426252477282385, 0.430935374360889, 0.5268505111466267, 0.41821186046824166, 0.430935374360889, 0.4986732173573928, 0.3777081854880393, 0.46999872704776124, 0.391479583096187, 0.4350877441709323, 0.33404364197772773, 0.391479583096187, 0.42885023240274767, 0.40781820730939655
2.6150777339935303, 2.1640536785125732, 1.2263445854187012, 2.440011501312256, 1.7266747951507568, 1.9405291080474854, 1.748645305633545, 2.198737859725952, 2.3811333179473877, 1.1630098819732666, 1.961148977279663, 2.768317699432373, 1.5155763626098633, 1.8835768699645996, 3.1356983184814453, 3.2021946907043457, 2.496587038040161, 2.877047538757324, 1.906259298324585, 2.9530751705169678