{'Max_spout': 100000.0, 'Spliters': 6.0, 'Counters': 9.0}, {'Max_spout': 10000.0, 'Spliters': 6.0, 'Counters': 12.0}, {'Max_spout': 100000.0, 'Spliters': 6.0, 'Counters': 9.0}, {'Max_spout': 100000.0, 'Spliters': 6.0, 'Counters': 18.0}, {'Max_spout': 100000.0, 'Spliters': 6.0, 'Counters': 18.0}, {'Max_spout': 100000.0, 'Spliters': 6.0, 'Counters': 18.0}, {'Max_spout': 1000000.0, 'Spliters': 6.0, 'Counters': 12.0}, {'Max_spout': 1000.0, 'Spliters': 2.0, 'Counters': 18.0}, {'Max_spout': 100000.0, 'Spliters': 2.0, 'Counters': 18.0}, {'Max_spout': 100000.0, 'Spliters': 6.0, 'Counters': 18.0}, {'Max_spout': 100000.0, 'Spliters': 6.0, 'Counters': 18.0}, {'Max_spout': 100000.0, 'Spliters': 6.0, 'Counters': 18.0}, {'Max_spout': 100000.0, 'Spliters': 6.0, 'Counters': 18.0}, {'Max_spout': 100000.0, 'Spliters': 6.0, 'Counters': 6.0}, {'Max_spout': 1000000.0, 'Spliters': 2.0, 'Counters': 9.0}, {'Max_spout': 100000.0, 'Spliters': 6.0, 'Counters': 15.0}, {'Max_spout': 1000000.0, 'Spliters': 6.0, 'Counters': 12.0}, {'Max_spout': 100000.0, 'Spliters': 6.0, 'Counters': 18.0}, {'Max_spout': 1000000.0, 'Spliters': 6.0, 'Counters': 12.0}, {'Max_spout': 100000.0, 'Spliters': 6.0, 'Counters': 18.0}
0.45112191811043734, 0.4350877441709323, 0.45112191811043734, 0.430935374360889, 0.430935374360889, 0.430935374360889, 0.4426252477282385, 0.3513569799560069, 0.42885023240274767, 0.430935374360889, 0.430935374360889, 0.430935374360889, 0.430935374360889, 0.45933496111217487, 0.3961943038278054, 0.43816779038423925, 0.4426252477282385, 0.430935374360889, 0.4426252477282385, 0.430935374360889
7.898996829986572, 10.212045907974243, 9.996778011322021, 8.466919898986816, 13.516542196273804, 8.830763339996338, 11.34905195236206, 11.51134967803955, 14.540845394134521, 11.764105558395386, 10.508484601974487, 8.814088344573975, 7.684636354446411, 8.819892168045044, 8.428194999694824, 8.796901941299438, 5.38549017906189, 2.8313522338867188, 4.667177677154541, 7.020153760910034