{'Max_spout': 100000.0, 'Spliters': 2.0, 'Counters': 18.0}, {'Max_spout': 1000.0, 'Spliters': 2.0, 'Counters': 18.0}, {'Max_spout': 1000000.0, 'Spliters': 2.0, 'Counters': 9.0}, {'Max_spout': 1000.0, 'Spliters': 2.0, 'Counters': 15.0}, {'Max_spout': 1000.0, 'Spliters': 2.0, 'Counters': 15.0}, {'Max_spout': 100000.0, 'Spliters': 6.0, 'Counters': 9.0}, {'Max_spout': 1000000.0, 'Spliters': 2.0, 'Counters': 9.0}, {'Max_spout': 1000000.0, 'Spliters': 2.0, 'Counters': 9.0}, {'Max_spout': 1000.0, 'Spliters': 2.0, 'Counters': 6.0}, {'Max_spout': 10000.0, 'Spliters': 2.0, 'Counters': 18.0}, {'Max_spout': 10000.0, 'Spliters': 2.0, 'Counters': 15.0}, {'Max_spout': 10000.0, 'Spliters': 2.0, 'Counters': 18.0}, {'Max_spout': 10000.0, 'Spliters': 6.0, 'Counters': 12.0}, {'Max_spout': 1000000.0, 'Spliters': 6.0, 'Counters': 18.0}, {'Max_spout': 1000.0, 'Spliters': 2.0, 'Counters': 18.0}, {'Max_spout': 10000.0, 'Spliters': 6.0, 'Counters': 6.0}, {'Max_spout': 1000.0, 'Spliters': 2.0, 'Counters': 15.0}, {'Max_spout': 1000.0, 'Spliters': 6.0, 'Counters': 6.0}, {'Max_spout': 100000.0, 'Spliters': 2.0, 'Counters': 18.0}, {'Max_spout': 1000.0, 'Spliters': 2.0, 'Counters': 18.0}
0.42885023240274767, 0.3513569799560069, 0.3961943038278054, 0.33404364197772773, 0.33404364197772773, 0.45112191811043734, 0.3961943038278054, 0.3961943038278054, 0.41431724775011136, 0.3893870191155626, 0.42572488935337316, 0.3893870191155626, 0.4350877441709323, 0.44333117752233564, 0.3513569799560069, 0.43515614436816086, 0.33404364197772773, 0.4579822016278874, 0.42885023240274767, 0.3513569799560069
8.105272769927979, 7.145037651062012, 8.272172927856445, 6.945955514907837, 7.722021102905273, 5.382910490036011, 5.745921850204468, 6.998082876205444, 5.477479934692383, 4.214829683303833, 5.541038513183594, 6.85639214515686, 4.112969636917114, 5.104669094085693, 2.6853277683258057, 4.327784776687622, 5.151901006698608, 3.770015239715576, 8.233189582824707, 6.673434019088745