{'Max_spout': 1000000.0, 'Spliters': 6.0, 'Counters': 6.0}, {'Max_spout': 10000.0, 'Spliters': 2.0, 'Counters': 6.0}, {'Max_spout': 100.0, 'Spliters': 2.0, 'Counters': 15.0}, {'Max_spout': 1000.0, 'Spliters': 2.0, 'Counters': 18.0}, {'Max_spout': 1000.0, 'Spliters': 1.0, 'Counters': 6.0}, {'Max_spout': 10000.0, 'Spliters': 6.0, 'Counters': 3.0}, {'Max_spout': 1000000.0, 'Spliters': 6.0, 'Counters': 15.0}, {'Max_spout': 1000.0, 'Spliters': 2.0, 'Counters': 12.0}, {'Max_spout': 100000.0, 'Spliters': 2.0, 'Counters': 15.0}, {'Max_spout': 1000000.0, 'Spliters': 6.0, 'Counters': 3.0}, {'Max_spout': 1000.0, 'Spliters': 2.0, 'Counters': 15.0}, {'Max_spout': 10000.0, 'Spliters': 2.0, 'Counters': 12.0}, {'Max_spout': 1000.0, 'Spliters': 2.0, 'Counters': 9.0}, {'Max_spout': 1000.0, 'Spliters': 6.0, 'Counters': 12.0}, {'Max_spout': 10000.0, 'Spliters': 2.0, 'Counters': 9.0}, {'Max_spout': 10000.0, 'Spliters': 6.0, 'Counters': 12.0}, {'Max_spout': 100.0, 'Spliters': 3.0, 'Counters': 6.0}, {'Max_spout': 100.0, 'Spliters': 2.0, 'Counters': 6.0}, {'Max_spout': 1000.0, 'Spliters': 6.0, 'Counters': 18.0}, {'Max_spout': 100.0, 'Spliters': 2.0, 'Counters': 18.0}
0.4701804099594522, 0.42781165897207585, 0.41821186046824166, 0.3513569799560069, 0.49240578970723936, 0.5259144445240524, 0.45382663094968345, 0.353038171607748, 0.47835452846938886, 0.5159175666939738, 0.33404364197772773, 0.3777081854880393, 0.40781820730939655, 0.47081381721121374, 0.391479583096187, 0.4350877441709323, 0.5166613480956607, 0.4961525209426614, 0.4716991532748779, 0.41809352356324125
1.4165468215942383, 1.1070568561553955, 1.5998585224151611, 1.5137369632720947, 1.4193673133850098, 1.2905786037445068, 0.9032530784606934, 1.0752038955688477, 1.1385996341705322, 1.405425786972046, 1.0542888641357422, 1.2805886268615723, 1.063016414642334, 2.5701448917388916, 1.319671630859375, 1.23541259765625, 3.0406205654144287, 1.2401576042175293, 1.9102158546447754, 1.444608211517334