{'Max_spout': 100000.0, 'Spliters': 6.0, 'Counters': 18.0}, {'Max_spout': 10000.0, 'Spliters': 6.0, 'Counters': 6.0}, {'Max_spout': 1000000.0, 'Spliters': 6.0, 'Counters': 9.0}, {'Max_spout': 100000.0, 'Spliters': 2.0, 'Counters': 18.0}, {'Max_spout': 100000.0, 'Spliters': 6.0, 'Counters': 18.0}, {'Max_spout': 100000.0, 'Spliters': 6.0, 'Counters': 18.0}, {'Max_spout': 1000000.0, 'Spliters': 6.0, 'Counters': 12.0}, {'Max_spout': 10000.0, 'Spliters': 6.0, 'Counters': 12.0}, {'Max_spout': 100000.0, 'Spliters': 6.0, 'Counters': 18.0}, {'Max_spout': 100000.0, 'Spliters': 6.0, 'Counters': 18.0}, {'Max_spout': 100000.0, 'Spliters': 2.0, 'Counters': 18.0}, {'Max_spout': 100000.0, 'Spliters': 6.0, 'Counters': 18.0}, {'Max_spout': 100000.0, 'Spliters': 2.0, 'Counters': 18.0}, {'Max_spout': 100000.0, 'Spliters': 6.0, 'Counters': 6.0}, {'Max_spout': 1000000.0, 'Spliters': 2.0, 'Counters': 9.0}, {'Max_spout': 100000.0, 'Spliters': 2.0, 'Counters': 18.0}, {'Max_spout': 100000.0, 'Spliters': 6.0, 'Counters': 18.0}, {'Max_spout': 1000000.0, 'Spliters': 2.0, 'Counters': 9.0}, {'Max_spout': 1000000.0, 'Spliters': 6.0, 'Counters': 12.0}, {'Max_spout': 100000.0, 'Spliters': 6.0, 'Counters': 18.0}
0.430935374360889, 0.43515614436816086, 0.45474848674620594, 0.42885023240274767, 0.430935374360889, 0.430935374360889, 0.4426252477282385, 0.4350877441709323, 0.430935374360889, 0.430935374360889, 0.42885023240274767, 0.430935374360889, 0.42885023240274767, 0.45933496111217487, 0.3961943038278054, 0.42885023240274767, 0.430935374360889, 0.3961943038278054, 0.4426252477282385, 0.430935374360889
13.429314136505127, 22.328869104385376, 15.435539722442627, 16.860191822052002, 12.77221393585205, 15.680805683135986, 19.96891212463379, 13.688228130340576, 13.687647819519043, 11.368840456008911, 9.12697696685791, 6.644906520843506, 8.118505001068115, 7.622448205947876, 10.563822507858276, 7.383792877197266, 8.503618478775024, 7.596785306930542, 9.932837963104248, 10.21046781539917