{'Max_spout': 100000.0, 'Spliters': 6.0, 'Counters': 18.0}, {'Max_spout': 1000.0, 'Spliters': 2.0, 'Counters': 18.0}, {'Max_spout': 1000.0, 'Spliters': 2.0, 'Counters': 18.0}, {'Max_spout': 1000.0, 'Spliters': 2.0, 'Counters': 15.0}, {'Max_spout': 1000.0, 'Spliters': 2.0, 'Counters': 18.0}, {'Max_spout': 1000.0, 'Spliters': 2.0, 'Counters': 15.0}, {'Max_spout': 10000.0, 'Spliters': 2.0, 'Counters': 18.0}, {'Max_spout': 1000.0, 'Spliters': 2.0, 'Counters': 15.0}, {'Max_spout': 1000.0, 'Spliters': 2.0, 'Counters': 15.0}, {'Max_spout': 1000.0, 'Spliters': 2.0, 'Counters': 18.0}, {'Max_spout': 1000.0, 'Spliters': 2.0, 'Counters': 18.0}, {'Max_spout': 1000.0, 'Spliters': 2.0, 'Counters': 18.0}, {'Max_spout': 1000.0, 'Spliters': 2.0, 'Counters': 15.0}, {'Max_spout': 1000.0, 'Spliters': 2.0, 'Counters': 15.0}, {'Max_spout': 10000.0, 'Spliters': 2.0, 'Counters': 12.0}, {'Max_spout': 1000.0, 'Spliters': 2.0, 'Counters': 15.0}, {'Max_spout': 1000.0, 'Spliters': 2.0, 'Counters': 15.0}, {'Max_spout': 1000.0, 'Spliters': 2.0, 'Counters': 18.0}, {'Max_spout': 10000.0, 'Spliters': 2.0, 'Counters': 12.0}, {'Max_spout': 10000.0, 'Spliters': 2.0, 'Counters': 18.0}
0.430935374360889, 0.3513569799560069, 0.3513569799560069, 0.33404364197772773, 0.3513569799560069, 0.33404364197772773, 0.3893870191155626, 0.33404364197772773, 0.33404364197772773, 0.3513569799560069, 0.3513569799560069, 0.3513569799560069, 0.33404364197772773, 0.33404364197772773, 0.3777081854880393, 0.33404364197772773, 0.33404364197772773, 0.3513569799560069, 0.3777081854880393, 0.3893870191155626
23.193922758102417, 16.957287788391113, 22.83128595352173, 14.323739767074585, 15.174294710159302, 12.78918981552124, 16.5856990814209, 14.235311031341553, 12.041366815567017, 10.588552236557007, 7.76101016998291, 6.367868423461914, 5.65234375, 4.759807825088501, 5.711971759796143, 3.8946311473846436, 4.0734686851501465, 3.4363808631896973, 4.597900867462158, 3.5712368488311768