{'Max_spout': 100000.0, 'Spliters': 2.0, 'Counters': 18.0}, {'Max_spout': 1000.0, 'Spliters': 2.0, 'Counters': 18.0}, {'Max_spout': 1000000.0, 'Spliters': 2.0, 'Counters': 9.0}, {'Max_spout': 1000.0, 'Spliters': 2.0, 'Counters': 15.0}, {'Max_spout': 1000.0, 'Spliters': 2.0, 'Counters': 15.0}, {'Max_spout': 100000.0, 'Spliters': 6.0, 'Counters': 9.0}, {'Max_spout': 1000000.0, 'Spliters': 2.0, 'Counters': 9.0}, {'Max_spout': 1000000.0, 'Spliters': 2.0, 'Counters': 9.0}, {'Max_spout': 1000.0, 'Spliters': 2.0, 'Counters': 6.0}, {'Max_spout': 10000.0, 'Spliters': 2.0, 'Counters': 18.0}, {'Max_spout': 10000.0, 'Spliters': 2.0, 'Counters': 15.0}, {'Max_spout': 10000.0, 'Spliters': 2.0, 'Counters': 18.0}, {'Max_spout': 10000.0, 'Spliters': 6.0, 'Counters': 12.0}, {'Max_spout': 1000000.0, 'Spliters': 6.0, 'Counters': 18.0}, {'Max_spout': 1000.0, 'Spliters': 2.0, 'Counters': 18.0}, {'Max_spout': 10000.0, 'Spliters': 6.0, 'Counters': 6.0}, {'Max_spout': 1000.0, 'Spliters': 2.0, 'Counters': 15.0}, {'Max_spout': 1000.0, 'Spliters': 6.0, 'Counters': 6.0}, {'Max_spout': 100000.0, 'Spliters': 2.0, 'Counters': 18.0}, {'Max_spout': 1000.0, 'Spliters': 2.0, 'Counters': 18.0}
0.42885023240274767, 0.3513569799560069, 0.3961943038278054, 0.33404364197772773, 0.33404364197772773, 0.45112191811043734, 0.3961943038278054, 0.3961943038278054, 0.41431724775011136, 0.3893870191155626, 0.42572488935337316, 0.3893870191155626, 0.4350877441709323, 0.44333117752233564, 0.3513569799560069, 0.43515614436816086, 0.33404364197772773, 0.4579822016278874, 0.42885023240274767, 0.3513569799560069
3.3033552169799805, 2.9598491191864014, 3.6009466648101807, 3.1058356761932373, 2.902193784713745, 2.9504952430725098, 3.9663214683532715, 3.9000046253204346, 3.82875394821167, 3.999194622039795, 3.0463242530822754, 3.722639322280884, 2.3558270931243896, 4.449850797653198, 3.7797231674194336, 3.357360601425171, 3.235792875289917, 3.618187665939331, 2.8836669921875, 2.622731924057007