{'Max_spout': 100000.0, 'Spliters': 2.0, 'Counters': 18.0}, {'Max_spout': 1000.0, 'Spliters': 2.0, 'Counters': 18.0}, {'Max_spout': 10000.0, 'Spliters': 2.0, 'Counters': 9.0}, {'Max_spout': 1000.0, 'Spliters': 2.0, 'Counters': 15.0}, {'Max_spout': 1000.0, 'Spliters': 2.0, 'Counters': 15.0}, {'Max_spout': 100000.0, 'Spliters': 6.0, 'Counters': 9.0}, {'Max_spout': 10000.0, 'Spliters': 2.0, 'Counters': 9.0}, {'Max_spout': 1000000.0, 'Spliters': 2.0, 'Counters': 9.0}, {'Max_spout': 1000.0, 'Spliters': 2.0, 'Counters': 6.0}, {'Max_spout': 10000.0, 'Spliters': 2.0, 'Counters': 18.0}, {'Max_spout': 10000.0, 'Spliters': 2.0, 'Counters': 15.0}, {'Max_spout': 10000.0, 'Spliters': 2.0, 'Counters': 18.0}, {'Max_spout': 10000.0, 'Spliters': 6.0, 'Counters': 12.0}, {'Max_spout': 1000000.0, 'Spliters': 6.0, 'Counters': 18.0}, {'Max_spout': 1000.0, 'Spliters': 2.0, 'Counters': 18.0}, {'Max_spout': 100.0, 'Spliters': 2.0, 'Counters': 18.0}, {'Max_spout': 1000.0, 'Spliters': 2.0, 'Counters': 15.0}, {'Max_spout': 1000.0, 'Spliters': 2.0, 'Counters': 9.0}, {'Max_spout': 10000.0, 'Spliters': 2.0, 'Counters': 15.0}, {'Max_spout': 1000.0, 'Spliters': 2.0, 'Counters': 18.0}
0.42885023240274767, 0.3513569799560069, 0.391479583096187, 0.33404364197772773, 0.33404364197772773, 0.45112191811043734, 0.391479583096187, 0.3961943038278054, 0.41431724775011136, 0.3893870191155626, 0.42572488935337316, 0.3893870191155626, 0.4350877441709323, 0.44333117752233564, 0.3513569799560069, 0.41809352356324125, 0.33404364197772773, 0.40781820730939655, 0.42572488935337316, 0.3513569799560069
4.416728496551514, 3.193835735321045, 4.698167324066162, 3.3617467880249023, 3.559772491455078, 3.6984105110168457, 3.8097586631774902, 5.3501105308532715, 5.04556941986084, 3.34828519821167, 4.253704309463501, 4.707162141799927, 4.182058095932007, 3.53755259513855, 4.295356512069702, 3.5725362300872803, 5.515727996826172, 4.60364031791687, 4.689688444137573, 7.132341623306274