{'Max_spout': 100000.0, 'Spliters': 6.0, 'Counters': 9.0}, {'Max_spout': 100000.0, 'Spliters': 6.0, 'Counters': 18.0}, {'Max_spout': 100000.0, 'Spliters': 6.0, 'Counters': 9.0}, {'Max_spout': 100000.0, 'Spliters': 6.0, 'Counters': 18.0}, {'Max_spout': 100000.0, 'Spliters': 6.0, 'Counters': 15.0}, {'Max_spout': 10000.0, 'Spliters': 6.0, 'Counters': 15.0}, {'Max_spout': 1000000.0, 'Spliters': 6.0, 'Counters': 12.0}, {'Max_spout': 100000.0, 'Spliters': 6.0, 'Counters': 15.0}, {'Max_spout': 100000.0, 'Spliters': 2.0, 'Counters': 18.0}, {'Max_spout': 100000.0, 'Spliters': 6.0, 'Counters': 18.0}, {'Max_spout': 100000.0, 'Spliters': 6.0, 'Counters': 18.0}, {'Max_spout': 100000.0, 'Spliters': 3.0, 'Counters': 9.0}, {'Max_spout': 100000.0, 'Spliters': 2.0, 'Counters': 15.0}, {'Max_spout': 10000.0, 'Spliters': 6.0, 'Counters': 12.0}, {'Max_spout': 1000000.0, 'Spliters': 2.0, 'Counters': 9.0}, {'Max_spout': 1000000.0, 'Spliters': 6.0, 'Counters': 12.0}, {'Max_spout': 10000.0, 'Spliters': 6.0, 'Counters': 6.0}, {'Max_spout': 100000.0, 'Spliters': 6.0, 'Counters': 9.0}, {'Max_spout': 1000000.0, 'Spliters': 6.0, 'Counters': 15.0}, {'Max_spout': 100000.0, 'Spliters': 2.0, 'Counters': 18.0}
0.45112191811043734, 0.430935374360889, 0.45112191811043734, 0.430935374360889, 0.43816779038423925, 0.45815727634111725, 0.4426252477282385, 0.43816779038423925, 0.42885023240274767, 0.430935374360889, 0.430935374360889, 0.5000005369538446, 0.47835452846938886, 0.4350877441709323, 0.3961943038278054, 0.4426252477282385, 0.43515614436816086, 0.45112191811043734, 0.45382663094968345, 0.42885023240274767
6.3475799560546875, 5.8504462242126465, 6.867412090301514, 9.862549066543579, 6.353932857513428, 7.911731243133545, 9.927193641662598, 12.404898881912231, 10.632281064987183, 10.402291297912598, 6.229173183441162, 8.114852905273438, 6.721698522567749, 7.100234508514404, 5.081068992614746, 5.708229064941406, 5.86899733543396, 5.180178165435791, 5.208155155181885, 6.537930727005005