{'Max_spout': 1000.0, 'Spliters': 2.0, 'Counters': 15.0}, {'Max_spout': 1000000.0, 'Spliters': 2.0, 'Counters': 9.0}, {'Max_spout': 1000.0, 'Spliters': 2.0, 'Counters': 15.0}, {'Max_spout': 1000.0, 'Spliters': 2.0, 'Counters': 15.0}, {'Max_spout': 1000000.0, 'Spliters': 2.0, 'Counters': 9.0}, {'Max_spout': 1000.0, 'Spliters': 2.0, 'Counters': 15.0}, {'Max_spout': 1000000.0, 'Spliters': 2.0, 'Counters': 9.0}, {'Max_spout': 1000.0, 'Spliters': 2.0, 'Counters': 15.0}, {'Max_spout': 1000.0, 'Spliters': 2.0, 'Counters': 15.0}, {'Max_spout': 1000000.0, 'Spliters': 2.0, 'Counters': 9.0}, {'Max_spout': 1000.0, 'Spliters': 2.0, 'Counters': 15.0}, {'Max_spout': 1000.0, 'Spliters': 2.0, 'Counters': 15.0}, {'Max_spout': 10000.0, 'Spliters': 6.0, 'Counters': 6.0}, {'Max_spout': 1000.0, 'Spliters': 2.0, 'Counters': 15.0}, {'Max_spout': 1000.0, 'Spliters': 2.0, 'Counters': 15.0}, {'Max_spout': 1000.0, 'Spliters': 2.0, 'Counters': 18.0}, {'Max_spout': 1000000.0, 'Spliters': 2.0, 'Counters': 9.0}, {'Max_spout': 1000000.0, 'Spliters': 2.0, 'Counters': 9.0}, {'Max_spout': 1000.0, 'Spliters': 2.0, 'Counters': 15.0}, {'Max_spout': 1000.0, 'Spliters': 2.0, 'Counters': 15.0}
0.33404364197772773, 0.3961943038278054, 0.33404364197772773, 0.33404364197772773, 0.3961943038278054, 0.33404364197772773, 0.3961943038278054, 0.33404364197772773, 0.33404364197772773, 0.3961943038278054, 0.33404364197772773, 0.33404364197772773, 0.43515614436816086, 0.33404364197772773, 0.33404364197772773, 0.3513569799560069, 0.3961943038278054, 0.3961943038278054, 0.33404364197772773, 0.33404364197772773
159.19789361953735, 65.80101823806763, 45.56902623176575, 23.24847102165222, 18.702028036117554, 18.964529037475586, 21.19584894180298, 18.350574254989624, 14.104155540466309, 15.24598240852356, 12.41417670249939, 12.81412148475647, 13.416016101837158, 13.211876153945923, 12.911067247390747, 12.046136856079102, 13.591919660568237, 13.551900386810303, 12.00324273109436, 13.577376365661621