{'Width': 4.0, 'Complexity': 0.0, 'Fifo': 1.0, 'Multiplier': 10.0}, {'Width': 7.0, 'Complexity': 1.0, 'Fifo': 3.0, 'Multiplier': 1.0}, {'Width': 3.0, 'Complexity': 0.0, 'Fifo': 1.0, 'Multiplier': 5.0}, {'Width': 4.0, 'Complexity': 0.0, 'Fifo': 3.0, 'Multiplier': 5.0}, {'Width': 4.0, 'Complexity': 0.0, 'Fifo': 1.0, 'Multiplier': 1.0}, {'Width': 3.0, 'Complexity': 0.0, 'Fifo': 1.0, 'Multiplier': 5.0}, {'Width': 6.0, 'Complexity': 0.0, 'Fifo': 1.0, 'Multiplier': 5.0}, {'Width': 4.0, 'Complexity': 1.0, 'Fifo': 3.0, 'Multiplier': 2.0}, {'Width': 4.0, 'Complexity': 0.0, 'Fifo': 2.0, 'Multiplier': 5.0}, {'Width': 4.0, 'Complexity': 1.0, 'Fifo': 1.0, 'Multiplier': 2.0}, {'Width': 6.0, 'Complexity': 0.0, 'Fifo': 4.0, 'Multiplier': 2.0}, {'Width': 7.0, 'Complexity': 0.0, 'Fifo': 1.0, 'Multiplier': 1.0}, {'Width': 3.0, 'Complexity': 0.0, 'Fifo': 2.0, 'Multiplier': 10.0}, {'Width': 5.0, 'Complexity': 0.0, 'Fifo': 3.0, 'Multiplier': 5.0}, {'Width': 5.0, 'Complexity': 1.0, 'Fifo': 4.0, 'Multiplier': 10.0}, {'Width': 7.0, 'Complexity': 1.0, 'Fifo': 2.0, 'Multiplier': 10.0}, {'Width': 6.0, 'Complexity': 0.0, 'Fifo': 4.0, 'Multiplier': 2.0}, {'Width': 3.0, 'Complexity': 1.0, 'Fifo': 2.0, 'Multiplier': 2.0}, {'Width': 5.0, 'Complexity': 1.0, 'Fifo': 4.0, 'Multiplier': 10.0}, {'Width': 5.0, 'Complexity': 0.0, 'Fifo': 3.0, 'Multiplier': 20.0}
0.7150469925026123, 0.5043635496785811, 0.6107123475465449, 0.6591644242125103, 0.3777953346322278, 0.6107123475465449, 0.6779996491609773, 0.5520334348262175, 0.6591644242125103, 0.5491263607226946, 0.6083182294734002, 0.5335948416821916, 0.6976094257526668, 0.6720839720119343, 0.7315563613540257, 0.7249230968333147, 0.6083182294734002, 0.45467580971289023, 0.7315563613540257, 0.7629452305463723
7.6865551471710205, 13.47330617904663, 10.22964596748352, 8.796102523803711, 10.502599477767944, 13.629377841949463, 7.182151794433594, 11.118781089782715, 6.9793360233306885, 6.416781663894653, 7.557810306549072, 9.054124593734741, 8.960498571395874, 12.278459548950195, 7.667713165283203, 5.956934213638306, 5.643883228302002, 6.5283591747283936, 7.3930747509002686, 8.830987453460693