{'Width': 3, 'Complexity': 0, 'Fifo': 3, 'Multiplier': 1}, {'Width': 5, 'Complexity': 1, 'Fifo': 4, 'Multiplier': 1}, {'Width': 3, 'Complexity': 0, 'Fifo': 2, 'Multiplier': 20}, {'Width': 4, 'Complexity': 0, 'Fifo': 3, 'Multiplier': 1}, {'Width': 4, 'Complexity': 0, 'Fifo': 4, 'Multiplier': 1}, {'Width': 4, 'Complexity': 0, 'Fifo': 4, 'Multiplier': 5}, {'Width': 5, 'Complexity': 0, 'Fifo': 1, 'Multiplier': 2}, {'Width': 7, 'Complexity': 1, 'Fifo': 2, 'Multiplier': 2}, {'Width': 4, 'Complexity': 1, 'Fifo': 4, 'Multiplier': 1}, {'Width': 3, 'Complexity': 1, 'Fifo': 1, 'Multiplier': 2}, {'Width': 7, 'Complexity': 1, 'Fifo': 2, 'Multiplier': 1}, {'Width': 7, 'Complexity': 1, 'Fifo': 3, 'Multiplier': 2}, {'Width': 3, 'Complexity': 1, 'Fifo': 1, 'Multiplier': 20}, {'Width': 5, 'Complexity': 1, 'Fifo': 1, 'Multiplier': 2}, {'Width': 5, 'Complexity': 1, 'Fifo': 1, 'Multiplier': 2}, {'Width': 3, 'Complexity': 1, 'Fifo': 3, 'Multiplier': 1}, {'Width': 6, 'Complexity': 1, 'Fifo': 3, 'Multiplier': 1}, {'Width': 3, 'Complexity': 0, 'Fifo': 1, 'Multiplier': 1}, {'Width': 6, 'Complexity': 0, 'Fifo': 4, 'Multiplier': 2}, {'Width': 6, 'Complexity': 0, 'Fifo': 1, 'Multiplier': 5}
0.6976046123913325, 0.5835525588932539, 0.6107140280978589, 0.4613695020025905, 0.6591644242125103, 0.377903417660034, 0.7629452305463723, 0.5043635496785811, 0.7353137653220261, 0.31315494505176633, 0.7249230968333147, 0.684310726931179, 0.6373206884049731, 0.7315223560012921, 0.44576155393974004, 0.6391991176499863, 0.6011336985066399, 0.6107123475465449, 0.6780011143421788, 0.6720825701666092
2.196598768234253, 2.328115224838257, 2.3027899265289307, 2.622584581375122, 3.208101272583008, 3.265718460083008, 3.318455934524536, 3.404104471206665, 3.4268972873687744, 3.547210931777954, 3.516709089279175, 3.5418782234191895, 3.5993683338165283, 3.6670782566070557, 3.771115779876709, 3.8762271404266357, 1.71852445602417, 2.1525537967681885, 2.639432907104492, 2.534670114517212