None, None, None, None, None, None, None, None, None, None, None, None, None, None, None, None, None, None, None, None
None, None, None, None, None, None, None, None, None, None, None, None, None, None, None, None, None, None, None, None
10.461194276809692, 10.454766035079956, 11.382062911987305, 11.735011339187622, 11.975650548934937, 11.966788530349731, 11.98253059387207, 12.05033278465271, 12.08943223953247, 12.088198900222778, 12.077431201934814, 12.166751861572266, 12.271342039108276, 12.147692680358887, 12.265612840652466, 12.283324003219604, 8.123660802841187, 8.60797643661499, 8.06327486038208, 7.965709209442139