None, None, None, None, None, None, None, None, None, None, None, None, None, None, None, None, None, None, None, None
None, None, None, None, None, None, None, None, None, None, None, None, None, None, None, None, None, None, None, None
5.694169521331787, 6.183727264404297, 6.224424123764038, 6.597559452056885, 6.705219268798828, 6.701451778411865, 6.981867074966431, 7.191962718963623, 7.0908284187316895, 7.220438718795776, 7.306486129760742, 7.256857872009277, 7.285300016403198, 7.316145181655884, 7.3124823570251465, 7.42200779914856, 5.456789493560791, 5.07357382774353, 5.239575624465942, 5.73162055015564