{'Max_spout': 1000.0, 'Spliters': 6.0, 'Counters': 1.0}, {'Max_spout': 100000.0, 'Spliters': 2.0, 'Counters': 1.0}, {'Max_spout': 100000.0, 'Spliters': 2.0, 'Counters': 1.0}, {'Max_spout': 100000.0, 'Spliters': 2.0, 'Counters': 1.0}, {'Max_spout': 100000.0, 'Spliters': 2.0, 'Counters': 1.0}, {'Max_spout': 100000.0, 'Spliters': 2.0, 'Counters': 1.0}, {'Max_spout': 100000.0, 'Spliters': 2.0, 'Counters': 1.0}, {'Max_spout': 100000.0, 'Spliters': 2.0, 'Counters': 1.0}, {'Max_spout': 100000.0, 'Spliters': 2.0, 'Counters': 1.0}, {'Max_spout': 100000.0, 'Spliters': 2.0, 'Counters': 1.0}, {'Max_spout': 100000.0, 'Spliters': 2.0, 'Counters': 1.0}, {'Max_spout': 100000.0, 'Spliters': 2.0, 'Counters': 1.0}, {'Max_spout': 1000.0, 'Spliters': 6.0, 'Counters': 1.0}, {'Max_spout': 100000.0, 'Spliters': 2.0, 'Counters': 1.0}, {'Max_spout': 1.0, 'Spliters': 1.0, 'Counters': 18.0}, {'Max_spout': 100000.0, 'Spliters': 2.0, 'Counters': 1.0}, {'Max_spout': 100000.0, 'Spliters': 2.0, 'Counters': 1.0}, {'Max_spout': 100000.0, 'Spliters': 2.0, 'Counters': 1.0}, {'Max_spout': 100000.0, 'Spliters': 2.0, 'Counters': 1.0}, {'Max_spout': 100000.0, 'Spliters': 2.0, 'Counters': 1.0}
0.07417650979321366, 0.0543493260284269, 0.0543493260284269, 0.0543493260284269, 0.0543493260284269, 0.0543493260284269, 0.0543493260284269, 0.0543493260284269, 0.0543493260284269, 0.0543493260284269, 0.0543493260284269, 0.0543493260284269, 0.07417650979321366, 0.0543493260284269, 0.0015707897696076722, 0.0543493260284269, 0.0543493260284269, 0.0543493260284269, 0.0543493260284269, 0.0543493260284269
115.43438458442688, 63.24784064292908, 36.49068474769592, 21.33230972290039, 18.866092443466187, 18.41569995880127, 20.156375885009766, 18.142046689987183, 16.21032214164734, 14.222670793533325, 13.313864946365356, 13.984439849853516, 13.372845888137817, 14.378539085388184, 11.908395290374756, 13.244217157363892, 12.126405954360962, 12.757797241210938, 13.278907537460327, 13.153872013092041