{'Max_spout': 1.0, 'Spliters': 1.0, 'Counters': 18.0}, {'Max_spout': 1.0, 'Spliters': 2.0, 'Counters': 15.0}, {'Max_spout': 1.0, 'Spliters': 1.0, 'Counters': 3.0}, {'Max_spout': 1.0, 'Spliters': 2.0, 'Counters': 6.0}, {'Max_spout': 1.0, 'Spliters': 1.0, 'Counters': 18.0}, {'Max_spout': 1.0, 'Spliters': 2.0, 'Counters': 1.0}, {'Max_spout': 1.0, 'Spliters': 1.0, 'Counters': 18.0}, {'Max_spout': 1.0, 'Spliters': 2.0, 'Counters': 1.0}, {'Max_spout': 1.0, 'Spliters': 6.0, 'Counters': 18.0}, {'Max_spout': 1.0, 'Spliters': 1.0, 'Counters': 15.0}, {'Max_spout': 1.0, 'Spliters': 3.0, 'Counters': 12.0}, {'Max_spout': 1.0, 'Spliters': 2.0, 'Counters': 1.0}, {'Max_spout': 1.0, 'Spliters': 6.0, 'Counters': 6.0}, {'Max_spout': 10000.0, 'Spliters': 2.0, 'Counters': 1.0}, {'Max_spout': 1.0, 'Spliters': 1.0, 'Counters': 9.0}, {'Max_spout': 10.0, 'Spliters': 1.0, 'Counters': 18.0}, {'Max_spout': 1.0, 'Spliters': 2.0, 'Counters': 6.0}, {'Max_spout': 1.0, 'Spliters': 1.0, 'Counters': 12.0}, {'Max_spout': 1.0, 'Spliters': 2.0, 'Counters': 6.0}, {'Max_spout': 100000.0, 'Spliters': 2.0, 'Counters': 1.0}
0.0015707897696076722, 0.005399406329548717, 0.003421972853229538, 0.007622000452152555, 0.0015707897696076722, 0.003421972853229538, 0.0015707897696076722, 0.003421972853229538, 0.010017821857759901, 0.002165341037543289, 0.012569254212505876, 0.003421972853229538, 0.013611553966170753, 0.06821925289128083, 0.0018937558904615903, 0.1605523307877731, 0.007622000452152555, 0.0, 0.007622000452152555, 0.0543493260284269
2.4541780948638916, 3.453444719314575, 1.9261910915374756, 3.4000191688537598, 2.4686098098754883, 1.8826494216918945, 1.8227388858795166, 2.5952632427215576, 2.555177927017212, 2.7763984203338623, 3.1443469524383545, 2.798272132873535, 2.5525596141815186, 2.0654890537261963, 2.0179474353790283, 2.3941311836242676, 2.7055344581604004, 2.3887500762939453, 2.813814163208008, 2.2611453533172607