{'Max_spout': 100000.0, 'Spliters': 3.0, 'Counters': 12.0}, {'Max_spout': 100000.0, 'Spliters': 2.0, 'Counters': 1.0}, {'Max_spout': 100000.0, 'Spliters': 1.0, 'Counters': 1.0}, {'Max_spout': 100000.0, 'Spliters': 3.0, 'Counters': 12.0}, {'Max_spout': 1000000.0, 'Spliters': 6.0, 'Counters': 3.0}, {'Max_spout': 1000000.0, 'Spliters': 3.0, 'Counters': 6.0}, {'Max_spout': 100000.0, 'Spliters': 3.0, 'Counters': 1.0}, {'Max_spout': 10000.0, 'Spliters': 3.0, 'Counters': 1.0}, {'Max_spout': 100000.0, 'Spliters': 2.0, 'Counters': 1.0}, {'Max_spout': 100000.0, 'Spliters': 3.0, 'Counters': 3.0}, {'Max_spout': 100000.0, 'Spliters': 1.0, 'Counters': 6.0}, {'Max_spout': 100000.0, 'Spliters': 3.0, 'Counters': 1.0}, {'Max_spout': 100000.0, 'Spliters': 3.0, 'Counters': 1.0}, {'Max_spout': 100000.0, 'Spliters': 3.0, 'Counters': 12.0}, {'Max_spout': 100000.0, 'Spliters': 3.0, 'Counters': 3.0}, {'Max_spout': 10000.0, 'Spliters': 1.0, 'Counters': 1.0}, {'Max_spout': 100000.0, 'Spliters': 3.0, 'Counters': 9.0}, {'Max_spout': 10000.0, 'Spliters': 1.0, 'Counters': 15.0}, {'Max_spout': 100000.0, 'Spliters': 3.0, 'Counters': 18.0}, {'Max_spout': 100000.0, 'Spliters': 6.0, 'Counters': 15.0}
0.23639064807556232, 0.0543493260284269, 0.07136817256960648, 0.23639064807556232, 0.2622426180220967, 0.21472255742190827, 0.08437636710090923, 0.07676904692697739, 0.0543493260284269, 0.20980466421799626, 0.22471982689015924, 0.08437636710090923, 0.08437636710090923, 0.23639064807556232, 0.20980466421799626, 0.07742819141908375, 0.24436203914936594, 0.2314140337587678, 0.2486046395551288, 0.34254373988895837
13.451753616333008, 13.828723669052124, 11.997679948806763, 7.856528282165527, 10.816189289093018, 10.592315196990967, 8.084038019180298, 11.14357614517212, 2.7239975929260254, 9.658751249313354, 6.665063858032227, 5.832130193710327, 6.319885969161987, 7.059732437133789, 6.563428640365601, 7.900554895401001, 6.201369285583496, 5.735223770141602, 4.618894577026367, 4.2589757442474365