{'Max_spout': 100000.0, 'Spliters': 3.0, 'Counters': 3.0}, {'Max_spout': 100000.0, 'Spliters': 3.0, 'Counters': 3.0}, {'Max_spout': 100000.0, 'Spliters': 1.0, 'Counters': 1.0}, {'Max_spout': 100000.0, 'Spliters': 3.0, 'Counters': 12.0}, {'Max_spout': 100000.0, 'Spliters': 2.0, 'Counters': 1.0}, {'Max_spout': 1000000.0, 'Spliters': 3.0, 'Counters': 6.0}, {'Max_spout': 100000.0, 'Spliters': 3.0, 'Counters': 1.0}, {'Max_spout': 100000.0, 'Spliters': 3.0, 'Counters': 6.0}, {'Max_spout': 100000.0, 'Spliters': 2.0, 'Counters': 1.0}, {'Max_spout': 100000.0, 'Spliters': 3.0, 'Counters': 3.0}, {'Max_spout': 10000.0, 'Spliters': 3.0, 'Counters': 3.0}, {'Max_spout': 100000.0, 'Spliters': 2.0, 'Counters': 1.0}, {'Max_spout': 10000.0, 'Spliters': 3.0, 'Counters': 1.0}, {'Max_spout': 100000.0, 'Spliters': 3.0, 'Counters': 1.0}, {'Max_spout': 100000.0, 'Spliters': 3.0, 'Counters': 3.0}, {'Max_spout': 100000.0, 'Spliters': 1.0, 'Counters': 1.0}, {'Max_spout': 1000000.0, 'Spliters': 3.0, 'Counters': 18.0}, {'Max_spout': 1000000.0, 'Spliters': 3.0, 'Counters': 3.0}, {'Max_spout': 1000000.0, 'Spliters': 3.0, 'Counters': 18.0}, {'Max_spout': 100000.0, 'Spliters': 3.0, 'Counters': 9.0}
0.20980466421799626, 0.20980466421799626, 0.07136817256960648, 0.23639064807556232, 0.0543493260284269, 0.21472255742190827, 0.08437636710090923, 0.24986714348210326, 0.0543493260284269, 0.20980466421799626, 0.21826050447308076, 0.0543493260284269, 0.07676904692697739, 0.08437636710090923, 0.20980466421799626, 0.07136817256960648, 0.23354267410075957, 0.2221654584797691, 0.23354267410075957, 0.24436203914936594
13.254663705825806, 10.400671243667603, 9.953523397445679, 9.6853768825531, 7.726313352584839, 6.9412782192230225, 9.016497611999512, 8.246608257293701, 5.483264207839966, 8.324007987976074, 5.752371549606323, 6.607161045074463, 5.34052300453186, 5.334380865097046, 5.563229084014893, 5.656244993209839, 6.109296798706055, 4.928562641143799, 4.165941476821899, 5.084460973739624