{'Max_spout': 1.0, 'Spliters': 2.0, 'Counters': 1.0}, {'Max_spout': 1.0, 'Spliters': 1.0, 'Counters': 12.0}, {'Max_spout': 1.0, 'Spliters': 1.0, 'Counters': 18.0}, {'Max_spout': 1.0, 'Spliters': 6.0, 'Counters': 9.0}, {'Max_spout': 1.0, 'Spliters': 1.0, 'Counters': 12.0}, {'Max_spout': 1.0, 'Spliters': 2.0, 'Counters': 1.0}, {'Max_spout': 1.0, 'Spliters': 1.0, 'Counters': 18.0}, {'Max_spout': 1.0, 'Spliters': 1.0, 'Counters': 18.0}, {'Max_spout': 1.0, 'Spliters': 1.0, 'Counters': 18.0}, {'Max_spout': 1.0, 'Spliters': 1.0, 'Counters': 12.0}, {'Max_spout': 1.0, 'Spliters': 6.0, 'Counters': 18.0}, {'Max_spout': 1.0, 'Spliters': 1.0, 'Counters': 12.0}, {'Max_spout': 1.0, 'Spliters': 3.0, 'Counters': 15.0}, {'Max_spout': 1.0, 'Spliters': 2.0, 'Counters': 1.0}, {'Max_spout': 1.0, 'Spliters': 1.0, 'Counters': 18.0}, {'Max_spout': 1.0, 'Spliters': 1.0, 'Counters': 18.0}, {'Max_spout': 1.0, 'Spliters': 1.0, 'Counters': 12.0}, {'Max_spout': 1.0, 'Spliters': 1.0, 'Counters': 9.0}, {'Max_spout': 1.0, 'Spliters': 1.0, 'Counters': 12.0}, {'Max_spout': 1.0, 'Spliters': 1.0, 'Counters': 1.0}
0.003421972853229538, 0.0, 0.0015707897696076722, 0.012987642141793931, 0.0, 0.003421972853229538, 0.0015707897696076722, 0.0015707897696076722, 0.0015707897696076722, 0.0, 0.010017821857759901, 0.0, 0.012736609384221054, 0.003421972853229538, 0.0015707897696076722, 0.0015707897696076722, 0.0, 0.0018937558904615903, 0.0, 0.004807791117257265
4.511925935745239, 3.969569206237793, 4.142617225646973, 4.097838640213013, 3.9006507396698, 3.548370599746704, 4.3018176555633545, 4.283184289932251, 3.247575521469116, 3.7924299240112305, 2.632049560546875, 3.451399087905884, 2.4376156330108643, 2.201003074645996, 1.9623911380767822, 2.6622869968414307, 1.7431423664093018, 1.2913875579833984, 1.7659335136413574, 1.6184861660003662