{'Max_spout': 100000.0, 'Spliters': 3.0, 'Counters': 1.0}, {'Max_spout': 1.0, 'Spliters': 6.0, 'Counters': 12.0}, {'Max_spout': 10.0, 'Spliters': 3.0, 'Counters': 9.0}, {'Max_spout': 1.0, 'Spliters': 3.0, 'Counters': 3.0}, {'Max_spout': 10.0, 'Spliters': 2.0, 'Counters': 3.0}, {'Max_spout': 10.0, 'Spliters': 3.0, 'Counters': 6.0}, {'Max_spout': 10.0, 'Spliters': 3.0, 'Counters': 9.0}, {'Max_spout': 10.0, 'Spliters': 6.0, 'Counters': 9.0}, {'Max_spout': 1.0, 'Spliters': 3.0, 'Counters': 18.0}, {'Max_spout': 1000.0, 'Spliters': 2.0, 'Counters': 1.0}, {'Max_spout': 10000.0, 'Spliters': 1.0, 'Counters': 3.0}, {'Max_spout': 1.0, 'Spliters': 2.0, 'Counters': 12.0}, {'Max_spout': 1.0, 'Spliters': 1.0, 'Counters': 1.0}, {'Max_spout': 10000.0, 'Spliters': 2.0, 'Counters': 1.0}, {'Max_spout': 1.0, 'Spliters': 1.0, 'Counters': 9.0}, {'Max_spout': 10.0, 'Spliters': 3.0, 'Counters': 1.0}, {'Max_spout': 1.0, 'Spliters': 2.0, 'Counters': 12.0}, {'Max_spout': 1.0, 'Spliters': 1.0, 'Counters': 9.0}, {'Max_spout': 1.0, 'Spliters': 1.0, 'Counters': 6.0}, {'Max_spout': 10000.0, 'Spliters': 2.0, 'Counters': 1.0}
0.08437636710090923, 0.012412175235545053, 0.18998628862014189, 0.019323650221819033, 0.21921472255742191, 0.18769616521772314, 0.18998628862014189, 0.22222417959265162, 0.012992046225260068, 0.0698663801076358, 0.21542721077649862, 0.006037998432146252, 0.004807791117257265, 0.06821925289128083, 0.0018937558904615903, 0.0605502755488222, 0.006037998432146252, 0.0018937558904615903, 0.003361783712524935, 0.06821925289128083
3.7902615070343018, 3.6480765342712402, 3.484801769256592, 2.7717862129211426, 1.8825149536132812, 2.3054490089416504, 2.936190605163574, 1.9097390174865723, 2.33009672164917, 2.1232211589813232, 2.101316213607788, 2.3338723182678223, 1.5258653163909912, 1.649902105331421, 2.2147631645202637, 1.6947553157806396, 1.6426196098327637, 1.9990572929382324, 2.2653982639312744, 1.3450262546539307