{'Max_spout': 100000.0, 'Spliters': 1.0, 'Counters': 1.0}, {'Max_spout': 100000.0, 'Spliters': 1.0, 'Counters': 1.0}, {'Max_spout': 100000.0, 'Spliters': 2.0, 'Counters': 1.0}, {'Max_spout': 100000.0, 'Spliters': 2.0, 'Counters': 1.0}, {'Max_spout': 100000.0, 'Spliters': 2.0, 'Counters': 1.0}, {'Max_spout': 100000.0, 'Spliters': 3.0, 'Counters': 1.0}, {'Max_spout': 100000.0, 'Spliters': 2.0, 'Counters': 1.0}, {'Max_spout': 100000.0, 'Spliters': 2.0, 'Counters': 1.0}, {'Max_spout': 100000.0, 'Spliters': 2.0, 'Counters': 1.0}, {'Max_spout': 100000.0, 'Spliters': 2.0, 'Counters': 1.0}, {'Max_spout': 10000.0, 'Spliters': 2.0, 'Counters': 1.0}, {'Max_spout': 100000.0, 'Spliters': 2.0, 'Counters': 1.0}, {'Max_spout': 100000.0, 'Spliters': 2.0, 'Counters': 1.0}, {'Max_spout': 10000.0, 'Spliters': 2.0, 'Counters': 1.0}, {'Max_spout': 100000.0, 'Spliters': 2.0, 'Counters': 1.0}, {'Max_spout': 100000.0, 'Spliters': 2.0, 'Counters': 1.0}, {'Max_spout': 100000.0, 'Spliters': 2.0, 'Counters': 1.0}, {'Max_spout': 100000.0, 'Spliters': 2.0, 'Counters': 1.0}, {'Max_spout': 100000.0, 'Spliters': 2.0, 'Counters': 1.0}, {'Max_spout': 100000.0, 'Spliters': 2.0, 'Counters': 1.0}
0.07136817256960648, 0.07136817256960648, 0.0543493260284269, 0.0543493260284269, 0.0543493260284269, 0.08437636710090923, 0.0543493260284269, 0.0543493260284269, 0.0543493260284269, 0.0543493260284269, 0.06821925289128083, 0.0543493260284269, 0.0543493260284269, 0.06821925289128083, 0.0543493260284269, 0.0543493260284269, 0.0543493260284269, 0.0543493260284269, 0.0543493260284269, 0.0543493260284269
67.5203754901886, 47.51436758041382, 33.0551381111145, 25.41923999786377, 16.82861042022705, 20.528636932373047, 11.59886622428894, 7.852969408035278, 9.367485761642456, 7.978109359741211, 6.968007802963257, 6.768337965011597, 6.588238716125488, 6.35172700881958, 5.653026103973389, 6.0368101596832275, 7.091810703277588, 7.621469020843506, 6.743648052215576, 5.940917253494263