{'Max_spout': 1.0, 'Spliters': 1.0, 'Counters': 18.0}, {'Max_spout': 1.0, 'Spliters': 2.0, 'Counters': 15.0}, {'Max_spout': 1.0, 'Spliters': 1.0, 'Counters': 3.0}, {'Max_spout': 1.0, 'Spliters': 2.0, 'Counters': 6.0}, {'Max_spout': 1.0, 'Spliters': 1.0, 'Counters': 18.0}, {'Max_spout': 1.0, 'Spliters': 2.0, 'Counters': 1.0}, {'Max_spout': 1.0, 'Spliters': 1.0, 'Counters': 18.0}, {'Max_spout': 1.0, 'Spliters': 2.0, 'Counters': 1.0}, {'Max_spout': 1.0, 'Spliters': 6.0, 'Counters': 18.0}, {'Max_spout': 1.0, 'Spliters': 1.0, 'Counters': 15.0}, {'Max_spout': 1.0, 'Spliters': 3.0, 'Counters': 12.0}, {'Max_spout': 1.0, 'Spliters': 2.0, 'Counters': 1.0}, {'Max_spout': 1.0, 'Spliters': 6.0, 'Counters': 6.0}, {'Max_spout': 10000.0, 'Spliters': 2.0, 'Counters': 1.0}, {'Max_spout': 1.0, 'Spliters': 1.0, 'Counters': 9.0}, {'Max_spout': 10.0, 'Spliters': 1.0, 'Counters': 18.0}, {'Max_spout': 1.0, 'Spliters': 2.0, 'Counters': 6.0}, {'Max_spout': 1.0, 'Spliters': 1.0, 'Counters': 12.0}, {'Max_spout': 1.0, 'Spliters': 2.0, 'Counters': 6.0}, {'Max_spout': 100000.0, 'Spliters': 2.0, 'Counters': 1.0}
0.0015707897696076722, 0.005399406329548717, 0.003421972853229538, 0.007622000452152555, 0.0015707897696076722, 0.003421972853229538, 0.0015707897696076722, 0.003421972853229538, 0.010017821857759901, 0.002165341037543289, 0.012569254212505876, 0.003421972853229538, 0.013611553966170753, 0.06821925289128083, 0.0018937558904615903, 0.1605523307877731, 0.007622000452152555, 0.0, 0.007622000452152555, 0.0543493260284269
2.234165906906128, 2.2778985500335693, 1.8905153274536133, 2.3650550842285156, 1.9654853343963623, 3.084365129470825, 2.2044260501861572, 2.3788795471191406, 1.9825584888458252, 2.079432487487793, 2.9368245601654053, 2.2181921005249023, 2.319727659225464, 2.4901609420776367, 2.253535509109497, 1.9435200691223145, 2.2350752353668213, 1.5930655002593994, 2.179912805557251, 2.6004579067230225