{'Max_spout': 100000.0, 'Spliters': 6.0, 'Counters': 9.0}, {'Max_spout': 1000000.0, 'Spliters': 3.0, 'Counters': 3.0}, {'Max_spout': 100000.0, 'Spliters': 3.0, 'Counters': 15.0}, {'Max_spout': 1000000.0, 'Spliters': 3.0, 'Counters': 9.0}, {'Max_spout': 100000.0, 'Spliters': 3.0, 'Counters': 6.0}, {'Max_spout': 100000.0, 'Spliters': 3.0, 'Counters': 12.0}, {'Max_spout': 100000.0, 'Spliters': 6.0, 'Counters': 1.0}, {'Max_spout': 100000.0, 'Spliters': 3.0, 'Counters': 1.0}, {'Max_spout': 100000.0, 'Spliters': 2.0, 'Counters': 1.0}, {'Max_spout': 100000.0, 'Spliters': 3.0, 'Counters': 3.0}, {'Max_spout': 100000.0, 'Spliters': 3.0, 'Counters': 3.0}, {'Max_spout': 100000.0, 'Spliters': 3.0, 'Counters': 3.0}, {'Max_spout': 100000.0, 'Spliters': 3.0, 'Counters': 3.0}, {'Max_spout': 1000000.0, 'Spliters': 3.0, 'Counters': 3.0}, {'Max_spout': 1000000.0, 'Spliters': 3.0, 'Counters': 6.0}, {'Max_spout': 1000000.0, 'Spliters': 3.0, 'Counters': 3.0}, {'Max_spout': 100000.0, 'Spliters': 3.0, 'Counters': 12.0}, {'Max_spout': 100000.0, 'Spliters': 3.0, 'Counters': 3.0}, {'Max_spout': 100000.0, 'Spliters': 3.0, 'Counters': 18.0}, {'Max_spout': 100000.0, 'Spliters': 3.0, 'Counters': 12.0}
0.3350127571617737, 0.2221654584797691, 0.256032860334769, 0.24828167343427487, 0.24986714348210326, 0.23639064807556232, 0.08955850531279275, 0.08437636710090923, 0.0543493260284269, 0.20980466421799626, 0.20980466421799626, 0.20980466421799626, 0.20980466421799626, 0.2221654584797691, 0.21472255742190827, 0.2221654584797691, 0.23639064807556232, 0.20980466421799626, 0.2486046395551288, 0.23639064807556232
6.565619707107544, 6.580837726593018, 5.290630340576172, 4.142287492752075, 4.337204933166504, 4.450796365737915, 4.924906015396118, 7.525460720062256, 6.422604322433472, 4.823939085006714, 4.382922649383545, 3.599665880203247, 4.614965915679932, 3.556340456008911, 4.741961240768433, 5.7454140186309814, 2.470062732696533, 3.6349306106567383, 3.716676712036133, 2.9420113563537598