{'Max_spout': 1000000.0, 'Spliters': 3.0, 'Counters': 3.0}, {'Max_spout': 100000.0, 'Spliters': 3.0, 'Counters': 3.0}, {'Max_spout': 1000.0, 'Spliters': 6.0, 'Counters': 1.0}, {'Max_spout': 1000000.0, 'Spliters': 3.0, 'Counters': 3.0}, {'Max_spout': 100000.0, 'Spliters': 2.0, 'Counters': 1.0}, {'Max_spout': 1000000.0, 'Spliters': 3.0, 'Counters': 6.0}, {'Max_spout': 100000.0, 'Spliters': 3.0, 'Counters': 3.0}, {'Max_spout': 100000.0, 'Spliters': 2.0, 'Counters': 1.0}, {'Max_spout': 100000.0, 'Spliters': 2.0, 'Counters': 1.0}, {'Max_spout': 100000.0, 'Spliters': 3.0, 'Counters': 1.0}, {'Max_spout': 100000.0, 'Spliters': 6.0, 'Counters': 1.0}, {'Max_spout': 100000.0, 'Spliters': 2.0, 'Counters': 1.0}, {'Max_spout': 100000.0, 'Spliters': 2.0, 'Counters': 1.0}, {'Max_spout': 100000.0, 'Spliters': 3.0, 'Counters': 12.0}, {'Max_spout': 1000000.0, 'Spliters': 3.0, 'Counters': 6.0}, {'Max_spout': 100000.0, 'Spliters': 1.0, 'Counters': 1.0}, {'Max_spout': 100000.0, 'Spliters': 3.0, 'Counters': 12.0}, {'Max_spout': 10000.0, 'Spliters': 2.0, 'Counters': 1.0}, {'Max_spout': 100000.0, 'Spliters': 2.0, 'Counters': 1.0}, {'Max_spout': 100000.0, 'Spliters': 3.0, 'Counters': 9.0}
0.2221654584797691, 0.20980466421799626, 0.07417650979321366, 0.2221654584797691, 0.0543493260284269, 0.21472255742190827, 0.20980466421799626, 0.0543493260284269, 0.0543493260284269, 0.08437636710090923, 0.08955850531279275, 0.0543493260284269, 0.0543493260284269, 0.23639064807556232, 0.21472255742190827, 0.07136817256960648, 0.23639064807556232, 0.06821925289128083, 0.0543493260284269, 0.24436203914936594
17.859781742095947, 16.766914129257202, 11.166313886642456, 12.151711702346802, 9.64956283569336, 11.36465072631836, 8.257088661193848, 7.840471506118774, 9.64848804473877, 8.806528806686401, 7.508875608444214, 6.227735996246338, 6.684410572052002, 5.778939962387085, 4.73913049697876, 3.4914815425872803, 4.644194602966309, 4.392770290374756, 6.589000463485718, 4.446385145187378