{'Max_spout': 1000000.0, 'Spliters': 6.0, 'Counters': 6.0}, {'Max_spout': 1000000.0, 'Spliters': 3.0, 'Counters': 3.0}, {'Max_spout': 100000.0, 'Spliters': 3.0, 'Counters': 15.0}, {'Max_spout': 100000.0, 'Spliters': 3.0, 'Counters': 15.0}, {'Max_spout': 100000.0, 'Spliters': 3.0, 'Counters': 6.0}, {'Max_spout': 100000.0, 'Spliters': 3.0, 'Counters': 12.0}, {'Max_spout': 100000.0, 'Spliters': 6.0, 'Counters': 1.0}, {'Max_spout': 100000.0, 'Spliters': 3.0, 'Counters': 1.0}, {'Max_spout': 100000.0, 'Spliters': 2.0, 'Counters': 1.0}, {'Max_spout': 100000.0, 'Spliters': 3.0, 'Counters': 3.0}, {'Max_spout': 100000.0, 'Spliters': 3.0, 'Counters': 3.0}, {'Max_spout': 100000.0, 'Spliters': 1.0, 'Counters': 12.0}, {'Max_spout': 100000.0, 'Spliters': 3.0, 'Counters': 3.0}, {'Max_spout': 1000000.0, 'Spliters': 3.0, 'Counters': 3.0}, {'Max_spout': 1000000.0, 'Spliters': 3.0, 'Counters': 3.0}, {'Max_spout': 1000000.0, 'Spliters': 3.0, 'Counters': 3.0}, {'Max_spout': 10000.0, 'Spliters': 1.0, 'Counters': 9.0}, {'Max_spout': 10000.0, 'Spliters': 1.0, 'Counters': 9.0}, {'Max_spout': 100000.0, 'Spliters': 3.0, 'Counters': 18.0}, {'Max_spout': 100000.0, 'Spliters': 3.0, 'Counters': 12.0}
0.3351542325027155, 0.23140649398249735, 0.2594898469808722, 0.2594898469808722, 0.22464506691971808, 0.25177445619883954, 0.06096330252197879, 0.1005109563569967, 0.037256467288249384, 0.2372474297372249, 0.2372474297372249, 0.23147343880490112, 0.2372474297372249, 0.23140649398249735, 0.23140649398249735, 0.23140649398249735, 0.23646082807398072, 0.23646082807398072, 0.23291275248658172, 0.25177445619883954
6.3087499141693115, 6.855638265609741, 5.034719467163086, 6.460974454879761, 2.727071762084961, 5.472182035446167, 3.987487316131592, 4.032040596008301, 3.839931011199951, 4.621039390563965, 3.3563952445983887, 4.354300498962402, 3.225675106048584, 2.8980653285980225, 4.073386907577515, 2.966123342514038, 5.635826349258423, 2.8715689182281494, 3.341850519180298, 3.6745452880859375