{'Max_spout': 10000.0, 'Spliters': 3.0, 'Counters': 12.0}, {'Max_spout': 100000.0, 'Spliters': 2.0, 'Counters': 1.0}, {'Max_spout': 100000.0, 'Spliters': 1.0, 'Counters': 1.0}, {'Max_spout': 100000.0, 'Spliters': 3.0, 'Counters': 18.0}, {'Max_spout': 100000.0, 'Spliters': 2.0, 'Counters': 1.0}, {'Max_spout': 1000000.0, 'Spliters': 3.0, 'Counters': 3.0}, {'Max_spout': 1000000.0, 'Spliters': 3.0, 'Counters': 3.0}, {'Max_spout': 100000.0, 'Spliters': 3.0, 'Counters': 6.0}, {'Max_spout': 100000.0, 'Spliters': 2.0, 'Counters': 1.0}, {'Max_spout': 100000.0, 'Spliters': 3.0, 'Counters': 1.0}, {'Max_spout': 10000.0, 'Spliters': 3.0, 'Counters': 6.0}, {'Max_spout': 100000.0, 'Spliters': 1.0, 'Counters': 12.0}, {'Max_spout': 100000.0, 'Spliters': 6.0, 'Counters': 1.0}, {'Max_spout': 100000.0, 'Spliters': 3.0, 'Counters': 1.0}, {'Max_spout': 1000000.0, 'Spliters': 3.0, 'Counters': 3.0}, {'Max_spout': 100000.0, 'Spliters': 2.0, 'Counters': 1.0}, {'Max_spout': 1000000.0, 'Spliters': 3.0, 'Counters': 9.0}, {'Max_spout': 100000.0, 'Spliters': 3.0, 'Counters': 6.0}, {'Max_spout': 100000.0, 'Spliters': 1.0, 'Counters': 12.0}, {'Max_spout': 10000.0, 'Spliters': 3.0, 'Counters': 18.0}
0.24688748416336548, 0.037256467288249384, 0.057947438272689666, 0.23291275248658172, 0.037256467288249384, 0.23140649398249735, 0.23140649398249735, 0.22464506691971808, 0.037256467288249384, 0.1005109563569967, 0.20141521354561542, 0.23147343880490112, 0.06096330252197879, 0.1005109563569967, 0.23140649398249735, 0.037256467288249384, 0.262251320905027, 0.22464506691971808, 0.23147343880490112, 0.2514899407036235
15.0142502784729, 8.061158418655396, 14.140209674835205, 7.023645877838135, 8.783287286758423, 5.965769529342651, 8.023675441741943, 6.557784795761108, 10.195464134216309, 9.82437252998352, 6.7383787631988525, 6.27105188369751, 4.871045112609863, 5.792839050292969, 9.259310007095337, 5.128509759902954, 7.530374526977539, 6.015805959701538, 8.254359245300293, 4.119584798812866