{'Max_spout': 1.0, 'Spliters': 2.0, 'Counters': 1.0}, {'Max_spout': 1.0, 'Spliters': 1.0, 'Counters': 12.0}, {'Max_spout': 1.0, 'Spliters': 1.0, 'Counters': 3.0}, {'Max_spout': 1.0, 'Spliters': 2.0, 'Counters': 1.0}, {'Max_spout': 1.0, 'Spliters': 2.0, 'Counters': 1.0}, {'Max_spout': 1.0, 'Spliters': 2.0, 'Counters': 1.0}, {'Max_spout': 1.0, 'Spliters': 2.0, 'Counters': 1.0}, {'Max_spout': 1.0, 'Spliters': 1.0, 'Counters': 15.0}, {'Max_spout': 1.0, 'Spliters': 1.0, 'Counters': 1.0}, {'Max_spout': 1.0, 'Spliters': 1.0, 'Counters': 12.0}, {'Max_spout': 1.0, 'Spliters': 6.0, 'Counters': 9.0}, {'Max_spout': 1.0, 'Spliters': 1.0, 'Counters': 15.0}, {'Max_spout': 1.0, 'Spliters': 2.0, 'Counters': 1.0}, {'Max_spout': 100000.0, 'Spliters': 2.0, 'Counters': 1.0}, {'Max_spout': 1.0, 'Spliters': 1.0, 'Counters': 12.0}, {'Max_spout': 1.0, 'Spliters': 2.0, 'Counters': 15.0}, {'Max_spout': 1.0, 'Spliters': 2.0, 'Counters': 6.0}, {'Max_spout': 1.0, 'Spliters': 1.0, 'Counters': 15.0}, {'Max_spout': 1.0, 'Spliters': 1.0, 'Counters': 15.0}, {'Max_spout': 1.0, 'Spliters': 6.0, 'Counters': 12.0}
0.0019045801973868182, 0.0008150532127657595, 0.0019296845057882317, 0.0019045801973868182, 0.0019045801973868182, 0.0019045801973868182, 0.0019045801973868182, 0.0, 0.0023531105074919845, 0.0008150532127657595, 0.009792353897109196, 0.0, 0.0019045801973868182, 0.037256467288249384, 0.0008150532127657595, 0.003507908693956674, 0.002341395163571347, 0.0, 0.0, 0.010963888289174828
3.773813486099243, 3.0748889446258545, 3.8759799003601074, 4.972155809402466, 3.6053731441497803, 3.8219082355499268, 3.4686572551727295, 3.0325915813446045, 2.219940423965454, 3.5967390537261963, 3.101654529571533, 2.853215217590332, 3.0028719902038574, 3.074312925338745, 3.501403331756592, 2.972717046737671, 2.13066029548645, 2.9991204738616943, 2.0756640434265137, 2.188662052154541