{'Max_spout': 10000.0, 'Spliters': 3.0, 'Counters': 12.0}, {'Max_spout': 100000.0, 'Spliters': 3.0, 'Counters': 6.0}, {'Max_spout': 100000.0, 'Spliters': 1.0, 'Counters': 1.0}, {'Max_spout': 100000.0, 'Spliters': 3.0, 'Counters': 12.0}, {'Max_spout': 100000.0, 'Spliters': 6.0, 'Counters': 1.0}, {'Max_spout': 100000.0, 'Spliters': 3.0, 'Counters': 6.0}, {'Max_spout': 1000000.0, 'Spliters': 3.0, 'Counters': 3.0}, {'Max_spout': 100.0, 'Spliters': 6.0, 'Counters': 1.0}, {'Max_spout': 100000.0, 'Spliters': 2.0, 'Counters': 1.0}, {'Max_spout': 100000.0, 'Spliters': 3.0, 'Counters': 6.0}, {'Max_spout': 10000.0, 'Spliters': 3.0, 'Counters': 6.0}, {'Max_spout': 100000.0, 'Spliters': 3.0, 'Counters': 6.0}, {'Max_spout': 100000.0, 'Spliters': 6.0, 'Counters': 1.0}, {'Max_spout': 100000.0, 'Spliters': 3.0, 'Counters': 12.0}, {'Max_spout': 100000.0, 'Spliters': 3.0, 'Counters': 1.0}, {'Max_spout': 100000.0, 'Spliters': 1.0, 'Counters': 12.0}, {'Max_spout': 100000.0, 'Spliters': 6.0, 'Counters': 3.0}, {'Max_spout': 100000.0, 'Spliters': 3.0, 'Counters': 6.0}, {'Max_spout': 100000.0, 'Spliters': 3.0, 'Counters': 18.0}, {'Max_spout': 100000.0, 'Spliters': 6.0, 'Counters': 6.0}
0.24688748416336548, 0.22464506691971808, 0.057947438272689666, 0.25177445619883954, 0.06096330252197879, 0.22464506691971808, 0.23140649398249735, 0.0778819327639676, 0.037256467288249384, 0.22464506691971808, 0.20141521354561542, 0.22464506691971808, 0.06096330252197879, 0.25177445619883954, 0.1005109563569967, 0.23147343880490112, 0.26454418107235567, 0.22464506691971808, 0.23291275248658172, 0.3504678606275743
11.40192461013794, 5.706027030944824, 7.204698085784912, 8.788745403289795, 8.397656440734863, 8.42803692817688, 8.26142430305481, 3.1432464122772217, 9.453015089035034, 7.918545722961426, 8.76298189163208, 7.534876346588135, 4.775153875350952, 4.104837417602539, 4.478414297103882, 6.6229846477508545, 5.110909700393677, 3.321816921234131, 5.283698558807373, 4.447680234909058