{'Max_spout': 100000.0, 'Spliters': 1.0, 'Counters': 1.0}, {'Max_spout': 10000.0, 'Spliters': 3.0, 'Counters': 6.0}, {'Max_spout': 100000.0, 'Spliters': 1.0, 'Counters': 1.0}, {'Max_spout': 1000000.0, 'Spliters': 3.0, 'Counters': 3.0}, {'Max_spout': 100000.0, 'Spliters': 3.0, 'Counters': 1.0}, {'Max_spout': 1000000.0, 'Spliters': 3.0, 'Counters': 3.0}, {'Max_spout': 100000.0, 'Spliters': 6.0, 'Counters': 1.0}, {'Max_spout': 100000.0, 'Spliters': 3.0, 'Counters': 6.0}, {'Max_spout': 100000.0, 'Spliters': 2.0, 'Counters': 1.0}, {'Max_spout': 100000.0, 'Spliters': 6.0, 'Counters': 1.0}, {'Max_spout': 100000.0, 'Spliters': 2.0, 'Counters': 1.0}, {'Max_spout': 100000.0, 'Spliters': 2.0, 'Counters': 1.0}, {'Max_spout': 100000.0, 'Spliters': 6.0, 'Counters': 1.0}, {'Max_spout': 100000.0, 'Spliters': 2.0, 'Counters': 1.0}, {'Max_spout': 10000.0, 'Spliters': 2.0, 'Counters': 1.0}, {'Max_spout': 100000.0, 'Spliters': 3.0, 'Counters': 6.0}, {'Max_spout': 100000.0, 'Spliters': 6.0, 'Counters': 1.0}, {'Max_spout': 10000.0, 'Spliters': 3.0, 'Counters': 6.0}, {'Max_spout': 100000.0, 'Spliters': 2.0, 'Counters': 1.0}, {'Max_spout': 1000000.0, 'Spliters': 3.0, 'Counters': 3.0}
0.057947438272689666, 0.20141521354561542, 0.057947438272689666, 0.23140649398249735, 0.1005109563569967, 0.23140649398249735, 0.06096330252197879, 0.22464506691971808, 0.037256467288249384, 0.06096330252197879, 0.037256467288249384, 0.037256467288249384, 0.06096330252197879, 0.037256467288249384, 0.04904545051355047, 0.22464506691971808, 0.06096330252197879, 0.20141521354561542, 0.037256467288249384, 0.23140649398249735
35.60903835296631, 28.79637837409973, 25.38814687728882, 18.22994303703308, 17.218846559524536, 14.75058650970459, 11.555315017700195, 10.79374885559082, 13.107014894485474, 10.705810785293579, 9.802934646606445, 5.419894695281982, 5.633337497711182, 3.9580397605895996, 4.028854846954346, 5.416084289550781, 3.3739192485809326, 4.706534147262573, 3.5700979232788086, 3.892779588699341