{'Max_spout': 1000000.0, 'Spliters': 3.0, 'Counters': 3.0}, {'Max_spout': 100000.0, 'Spliters': 1.0, 'Counters': 1.0}, {'Max_spout': 100000.0, 'Spliters': 2.0, 'Counters': 1.0}, {'Max_spout': 1000000.0, 'Spliters': 3.0, 'Counters': 3.0}, {'Max_spout': 100000.0, 'Spliters': 2.0, 'Counters': 1.0}, {'Max_spout': 1000000.0, 'Spliters': 3.0, 'Counters': 3.0}, {'Max_spout': 1000000.0, 'Spliters': 3.0, 'Counters': 3.0}, {'Max_spout': 100000.0, 'Spliters': 3.0, 'Counters': 6.0}, {'Max_spout': 100000.0, 'Spliters': 2.0, 'Counters': 1.0}, {'Max_spout': 1000000.0, 'Spliters': 3.0, 'Counters': 3.0}, {'Max_spout': 100000.0, 'Spliters': 6.0, 'Counters': 1.0}, {'Max_spout': 100000.0, 'Spliters': 1.0, 'Counters': 1.0}, {'Max_spout': 100000.0, 'Spliters': 2.0, 'Counters': 1.0}, {'Max_spout': 100000.0, 'Spliters': 3.0, 'Counters': 18.0}, {'Max_spout': 100000.0, 'Spliters': 3.0, 'Counters': 6.0}, {'Max_spout': 100000.0, 'Spliters': 2.0, 'Counters': 1.0}, {'Max_spout': 100000.0, 'Spliters': 3.0, 'Counters': 12.0}, {'Max_spout': 100000.0, 'Spliters': 6.0, 'Counters': 1.0}, {'Max_spout': 100000.0, 'Spliters': 2.0, 'Counters': 1.0}, {'Max_spout': 100000.0, 'Spliters': 1.0, 'Counters': 12.0}
0.23140649398249735, 0.057947438272689666, 0.037256467288249384, 0.23140649398249735, 0.037256467288249384, 0.23140649398249735, 0.23140649398249735, 0.22464506691971808, 0.037256467288249384, 0.23140649398249735, 0.06096330252197879, 0.057947438272689666, 0.037256467288249384, 0.23291275248658172, 0.22464506691971808, 0.037256467288249384, 0.25177445619883954, 0.06096330252197879, 0.037256467288249384, 0.23147343880490112
16.260900497436523, 15.6231210231781, 12.969539165496826, 14.309658765792847, 15.04986310005188, 12.200520515441895, 11.78969693183899, 9.485005855560303, 12.504940032958984, 10.96077823638916, 7.428663730621338, 7.310850620269775, 4.444201469421387, 7.941627740859985, 3.994365692138672, 6.824582576751709, 6.716481685638428, 5.292802095413208, 4.299211263656616, 7.199251651763916