{'Max_spout': 1.0, 'Spliters': 1.0, 'Counters': 3.0}, {'Max_spout': 1.0, 'Spliters': 1.0, 'Counters': 18.0}, {'Max_spout': 1.0, 'Spliters': 1.0, 'Counters': 3.0}, {'Max_spout': 1.0, 'Spliters': 6.0, 'Counters': 6.0}, {'Max_spout': 1.0, 'Spliters': 1.0, 'Counters': 18.0}, {'Max_spout': 1.0, 'Spliters': 1.0, 'Counters': 3.0}, {'Max_spout': 1.0, 'Spliters': 1.0, 'Counters': 1.0}, {'Max_spout': 1.0, 'Spliters': 1.0, 'Counters': 6.0}, {'Max_spout': 1.0, 'Spliters': 1.0, 'Counters': 18.0}, {'Max_spout': 100000.0, 'Spliters': 2.0, 'Counters': 1.0}, {'Max_spout': 1.0, 'Spliters': 3.0, 'Counters': 9.0}, {'Max_spout': 1.0, 'Spliters': 2.0, 'Counters': 12.0}, {'Max_spout': 1.0, 'Spliters': 6.0, 'Counters': 1.0}, {'Max_spout': 10000.0, 'Spliters': 2.0, 'Counters': 1.0}, {'Max_spout': 1.0, 'Spliters': 1.0, 'Counters': 9.0}, {'Max_spout': 10.0, 'Spliters': 6.0, 'Counters': 1.0}, {'Max_spout': 1.0, 'Spliters': 1.0, 'Counters': 15.0}, {'Max_spout': 1.0, 'Spliters': 1.0, 'Counters': 9.0}, {'Max_spout': 10000.0, 'Spliters': 2.0, 'Counters': 1.0}, {'Max_spout': 100000.0, 'Spliters': 2.0, 'Counters': 1.0}
0.003166889755378377, 0.0, 0.003166889755378377, 0.014272827794913567, 0.0, 0.003166889755378377, 0.004705878549212117, 0.0020255808389428864, 0.0, 0.05259397207834615, 0.013299643704695163, 0.005236118385743005, 0.01519589775424035, 0.056051847109869546, 0.003115159039619231, 0.057550421282016484, 0.0037165286103190143, 0.003115159039619231, 0.056051847109869546, 0.05259397207834615
3.3947885036468506, 3.1509034633636475, 2.615673065185547, 3.1199584007263184, 2.6868577003479004, 3.313528060913086, 3.0558972358703613, 3.597811698913574, 2.1873044967651367, 3.8573081493377686, 1.7637245655059814, 1.9176356792449951, 2.681349754333496, 2.454198122024536, 1.7597084045410156, 1.7631409168243408, 1.1458179950714111, 2.2083146572113037, 1.6404683589935303, 2.0793986320495605