{'Max_spout': 1000000.0, 'Spliters': 3.0, 'Counters': 3.0}, {'Max_spout': 100000.0, 'Spliters': 1.0, 'Counters': 1.0}, {'Max_spout': 100000.0, 'Spliters': 2.0, 'Counters': 1.0}, {'Max_spout': 1000000.0, 'Spliters': 3.0, 'Counters': 3.0}, {'Max_spout': 100000.0, 'Spliters': 2.0, 'Counters': 1.0}, {'Max_spout': 1000000.0, 'Spliters': 3.0, 'Counters': 3.0}, {'Max_spout': 100000.0, 'Spliters': 3.0, 'Counters': 1.0}, {'Max_spout': 100000.0, 'Spliters': 2.0, 'Counters': 1.0}, {'Max_spout': 100000.0, 'Spliters': 2.0, 'Counters': 1.0}, {'Max_spout': 100000.0, 'Spliters': 3.0, 'Counters': 1.0}, {'Max_spout': 10000.0, 'Spliters': 3.0, 'Counters': 1.0}, {'Max_spout': 10000.0, 'Spliters': 3.0, 'Counters': 1.0}, {'Max_spout': 1000000.0, 'Spliters': 3.0, 'Counters': 3.0}, {'Max_spout': 100000.0, 'Spliters': 3.0, 'Counters': 9.0}, {'Max_spout': 100000.0, 'Spliters': 3.0, 'Counters': 1.0}, {'Max_spout': 100000.0, 'Spliters': 1.0, 'Counters': 1.0}, {'Max_spout': 100000.0, 'Spliters': 3.0, 'Counters': 1.0}, {'Max_spout': 10000.0, 'Spliters': 2.0, 'Counters': 1.0}, {'Max_spout': 100000.0, 'Spliters': 2.0, 'Counters': 1.0}, {'Max_spout': 100000.0, 'Spliters': 3.0, 'Counters': 9.0}
0.24521652537714922, 0.05673727909367787, 0.05259397207834615, 0.24521652537714922, 0.05259397207834615, 0.24521652537714922, 0.2080189075766099, 0.05259397207834615, 0.05259397207834615, 0.2080189075766099, 0.07628502331115383, 0.07628502331115383, 0.24521652537714922, 0.22462123416555124, 0.2080189075766099, 0.05673727909367787, 0.2080189075766099, 0.056051847109869546, 0.05259397207834615, 0.22462123416555124
17.266857385635376, 19.545684814453125, 12.713467359542847, 13.320696830749512, 14.27479100227356, 10.58021330833435, 10.424404621124268, 7.254831790924072, 5.426004409790039, 7.9126105308532715, 8.571078300476074, 8.078087329864502, 6.144132614135742, 5.131140232086182, 5.0595362186431885, 6.168596982955933, 5.469627857208252, 5.263371706008911, 7.621931076049805, 4.081933498382568