{'Max_spout': 100000.0, 'Spliters': 2.0, 'Counters': 1.0}, {'Max_spout': 1.0, 'Spliters': 1.0, 'Counters': 12.0}, {'Max_spout': 1.0, 'Spliters': 1.0, 'Counters': 3.0}, {'Max_spout': 1.0, 'Spliters': 1.0, 'Counters': 1.0}, {'Max_spout': 1.0, 'Spliters': 1.0, 'Counters': 12.0}, {'Max_spout': 1.0, 'Spliters': 1.0, 'Counters': 3.0}, {'Max_spout': 1.0, 'Spliters': 1.0, 'Counters': 6.0}, {'Max_spout': 1.0, 'Spliters': 1.0, 'Counters': 18.0}, {'Max_spout': 1.0, 'Spliters': 1.0, 'Counters': 1.0}, {'Max_spout': 1.0, 'Spliters': 1.0, 'Counters': 12.0}, {'Max_spout': 1.0, 'Spliters': 2.0, 'Counters': 6.0}, {'Max_spout': 1.0, 'Spliters': 1.0, 'Counters': 6.0}, {'Max_spout': 1.0, 'Spliters': 6.0, 'Counters': 15.0}, {'Max_spout': 100000.0, 'Spliters': 2.0, 'Counters': 1.0}, {'Max_spout': 1.0, 'Spliters': 1.0, 'Counters': 9.0}, {'Max_spout': 1.0, 'Spliters': 1.0, 'Counters': 6.0}, {'Max_spout': 1.0, 'Spliters': 1.0, 'Counters': 6.0}, {'Max_spout': 1.0, 'Spliters': 1.0, 'Counters': 6.0}, {'Max_spout': 1.0, 'Spliters': 1.0, 'Counters': 12.0}, {'Max_spout': 10.0, 'Spliters': 2.0, 'Counters': 1.0}
0.05259397207834615, 0.0008018260942662669, 0.003166889755378377, 0.004705878549212117, 0.0008018260942662669, 0.003166889755378377, 0.0020255808389428864, 0.0, 0.004705878549212117, 0.0008018260942662669, 0.007426590881168038, 0.0020255808389428864, 0.011018642456691707, 0.05259397207834615, 0.003115159039619231, 0.0020255808389428864, 0.0020255808389428864, 0.0020255808389428864, 0.0008018260942662669, 0.04917651166850956
3.9644367694854736, 3.83368182182312, 4.331056356430054, 4.473630666732788, 3.7360951900482178, 3.849998950958252, 3.0786406993865967, 3.0543763637542725, 3.7000293731689453, 2.9825799465179443, 2.3360984325408936, 1.7178730964660645, 2.646683931350708, 2.6654694080352783, 2.0933682918548584, 2.0904979705810547, 2.049572706222534, 2.5919101238250732, 1.4970834255218506, 2.174044609069824