{'Max_spout': 10000.0, 'Spliters': 3.0, 'Counters': 12.0}, {'Max_spout': 100000.0, 'Spliters': 3.0, 'Counters': 6.0}, {'Max_spout': 100000.0, 'Spliters': 1.0, 'Counters': 1.0}, {'Max_spout': 100000.0, 'Spliters': 3.0, 'Counters': 9.0}, {'Max_spout': 100000.0, 'Spliters': 2.0, 'Counters': 1.0}, {'Max_spout': 1000000.0, 'Spliters': 3.0, 'Counters': 15.0}, {'Max_spout': 100000.0, 'Spliters': 3.0, 'Counters': 1.0}, {'Max_spout': 100000.0, 'Spliters': 2.0, 'Counters': 1.0}, {'Max_spout': 100000.0, 'Spliters': 2.0, 'Counters': 1.0}, {'Max_spout': 100000.0, 'Spliters': 2.0, 'Counters': 1.0}, {'Max_spout': 10000.0, 'Spliters': 3.0, 'Counters': 3.0}, {'Max_spout': 100000.0, 'Spliters': 3.0, 'Counters': 9.0}, {'Max_spout': 1000000.0, 'Spliters': 3.0, 'Counters': 3.0}, {'Max_spout': 100000.0, 'Spliters': 3.0, 'Counters': 1.0}, {'Max_spout': 1000000.0, 'Spliters': 3.0, 'Counters': 9.0}, {'Max_spout': 100000.0, 'Spliters': 3.0, 'Counters': 1.0}, {'Max_spout': 100000.0, 'Spliters': 3.0, 'Counters': 9.0}, {'Max_spout': 100000.0, 'Spliters': 3.0, 'Counters': 1.0}, {'Max_spout': 100000.0, 'Spliters': 1.0, 'Counters': 3.0}, {'Max_spout': 100000.0, 'Spliters': 3.0, 'Counters': 9.0}
0.2509554016566762, 0.2303924421424276, 0.05673727909367787, 0.22462123416555124, 0.05259397207834615, 0.2482233732306478, 0.2080189075766099, 0.05259397207834615, 0.05259397207834615, 0.05259397207834615, 0.2207090987862681, 0.22462123416555124, 0.24521652537714922, 0.2080189075766099, 0.24736658325088745, 0.2080189075766099, 0.22462123416555124, 0.2080189075766099, 0.23803888856557187, 0.22462123416555124
14.1079740524292, 12.05754828453064, 13.016595840454102, 8.417801856994629, 13.401163578033447, 9.435738563537598, 9.20669674873352, 7.719431638717651, 8.372673988342285, 7.0473313331604, 4.311758995056152, 5.346065521240234, 5.914297342300415, 6.5538105964660645, 7.1145148277282715, 4.077024698257446, 5.004277944564819, 3.669999361038208, 4.216097831726074, 4.776018381118774