{'Max_spout': 10000.0, 'Spliters': 2.0, 'Counters': 1.0}, {'Max_spout': 100000.0, 'Spliters': 2.0, 'Counters': 1.0}, {'Max_spout': 100000.0, 'Spliters': 2.0, 'Counters': 1.0}, {'Max_spout': 100000.0, 'Spliters': 2.0, 'Counters': 1.0}, {'Max_spout': 100000.0, 'Spliters': 3.0, 'Counters': 9.0}, {'Max_spout': 100000.0, 'Spliters': 2.0, 'Counters': 1.0}, {'Max_spout': 10.0, 'Spliters': 6.0, 'Counters': 1.0}, {'Max_spout': 100000.0, 'Spliters': 2.0, 'Counters': 1.0}, {'Max_spout': 100000.0, 'Spliters': 2.0, 'Counters': 1.0}, {'Max_spout': 100000.0, 'Spliters': 2.0, 'Counters': 1.0}, {'Max_spout': 100000.0, 'Spliters': 2.0, 'Counters': 1.0}, {'Max_spout': 100000.0, 'Spliters': 2.0, 'Counters': 1.0}, {'Max_spout': 100000.0, 'Spliters': 3.0, 'Counters': 9.0}, {'Max_spout': 100000.0, 'Spliters': 2.0, 'Counters': 1.0}, {'Max_spout': 100000.0, 'Spliters': 2.0, 'Counters': 1.0}, {'Max_spout': 100000.0, 'Spliters': 2.0, 'Counters': 1.0}, {'Max_spout': 100000.0, 'Spliters': 2.0, 'Counters': 1.0}, {'Max_spout': 100000.0, 'Spliters': 2.0, 'Counters': 1.0}, {'Max_spout': 100000.0, 'Spliters': 2.0, 'Counters': 1.0}, {'Max_spout': 100000.0, 'Spliters': 2.0, 'Counters': 1.0}
0.056051847109869546, 0.05259397207834615, 0.05259397207834615, 0.05259397207834615, 0.22462123416555124, 0.05259397207834615, 0.057550421282016484, 0.05259397207834615, 0.05259397207834615, 0.05259397207834615, 0.05259397207834615, 0.05259397207834615, 0.22462123416555124, 0.05259397207834615, 0.05259397207834615, 0.05259397207834615, 0.05259397207834615, 0.05259397207834615, 0.05259397207834615, 0.05259397207834615
140.51154327392578, 62.514304637908936, 28.874093055725098, 24.232046604156494, 27.979684114456177, 23.136348962783813, 18.28521966934204, 16.69972014427185, 18.30151915550232, 17.01767921447754, 17.8776593208313, 19.449974536895752, 17.63226866722107, 17.380831956863403, 18.652906894683838, 18.15664029121399, 17.73476266860962, 16.443636894226074, 17.7506263256073, 17.551490306854248