{
  "incumbent_ids": [
    3
  ],
  "rejected_config_ids": [
    2,
    1,
    4,
    5,
    6,
    7,
    8,
    9,
    10,
    11,
    12
  ],
  "incumbents_changed": 2,
  "trajectory": [
    {
      "config_ids": [
        1
      ],
      "costs": [
        0.2922076240021978
      ],
      "trial": 1,
      "walltime": 0.007044792175292969
    },
    {
      "config_ids": [
        3
      ],
      "costs": [
        0.025491737333161124
      ],
      "trial": 3,
      "walltime": 0.9596140384674072
    }
  ],
  "state": {
    "queue": [
      [
        12,
        1
      ]
    ]
  }
}