{
  "stats": {
    "submitted": 17,
    "finished": 17,
    "running": 0
  },
  "data": [
    [
      1,
      null,
      1687321482,
      null,
      0.5345546302910422,
      0.09497189521789551,
      1,
      1763050749.9657214,
      1763050750.0620167,
      {}
    ],
    [
      2,
      null,
      1687321482,
      null,
      0.47839076138278025,
      0.0424652099609375,
      1,
      1763050750.9835038,
      1763050751.0269861,
      {}
    ],
    [
      3,
      null,
      1687321482,
      null,
      0.46999872704776124,
      0.04274868965148926,
      1,
      1763050751.0302174,
      1763050751.073913,
      {}
    ],
    [
      4,
      null,
      1687321482,
      null,
      0.5150609041420104,
      0.048790931701660156,
      1,
      1763050751.0806131,
      1763050751.1304266,
      {}
    ],
    [
      5,
      null,
      1687321482,
      null,
      0.513885203239707,
      0.04256129264831543,
      1,
      1763050751.1339743,
      1763050751.1775293,
      {}
    ],
    [
      6,
      null,
      1687321482,
      null,
      0.4350877441709323,
      0.04042482376098633,
      1,
      1763050751.1812758,
      1763050751.2227137,
      {}
    ],
    [
      7,
      null,
      1687321482,
      null,
      0.6985979306516978,
      0.039632320404052734,
      1,
      1763050751.2266283,
      1763050751.2672222,
      {}
    ],
    [
      8,
      null,
      1687321482,
      null,
      0.5273971509438041,
      0.040694475173950195,
      1,
      1763050751.270568,
      1763050751.312213,
      {}
    ],
    [
      9,
      null,
      1687321482,
      null,
      0.3893870191155626,
      0.03956890106201172,
      1,
      1763050751.315611,
      1763050751.3561485,
      {}
    ],
    [
      10,
      null,
      1687321482,
      null,
      0.7054428807960641,
      0.03993701934814453,
      1,
      1763050752.50143,
      1763050752.5423594,
      {}
    ],
    [
      11,
      null,
      1687321482,
      null,
      0.5084892776096819,
      0.04117631912231445,
      1,
      1763050752.5471296,
      1763050752.58923,
      {}
    ],
    [
      12,
      null,
      1687321482,
      null,
      0.5448149547306396,
      0.041979074478149414,
      1,
      1763050753.3971229,
      1763050753.4401412,
      {}
    ],
    [
      13,
      null,
      1687321482,
      null,
      0.5428861478987269,
      0.04081320762634277,
      1,
      1763050753.7991402,
      1763050753.840962,
      {}
    ],
    [
      14,
      null,
      1687321482,
      null,
      0.6981186421303903,
      0.03936910629272461,
      1,
      1763050753.8458033,
      1763050753.8860586,
      {}
    ],
    [
      15,
      null,
      1687321482,
      null,
      0.5290606139080882,
      0.04024910926818848,
      1,
      1763050753.8960357,
      1763050753.9371886,
      {}
    ],
    [
      16,
      null,
      1687321482,
      null,
      0.42572488935337316,
      0.04080462455749512,
      1,
      1763050754.3614182,
      1763050754.4032104,
      {}
    ],
    [
      17,
      null,
      1687321482,
      null,
      0.6231651640437345,
      0.04016447067260742,
      1,
      1763050754.4090176,
      1763050754.4500892,
      {}
    ]
  ],
  "configs": {
    "1": {
      "Counters": 15,
      "Max_spout": 10.0,
      "Spliters": 2
    },
    "2": {
      "Counters": 12,
      "Max_spout": 100000.0,
      "Spliters": 2
    },
    "3": {
      "Counters": 9,
      "Max_spout": 100.0,
      "Spliters": 2
    },
    "4": {
      "Counters": 15,
      "Max_spout": 1000000.0,
      "Spliters": 3
    },
    "5": {
      "Counters": 6,
      "Max_spout": 1000.0,
      "Spliters": 3
    },
    "6": {
      "Counters": 12,
      "Max_spout": 10000.0,
      "Spliters": 6
    },
    "7": {
      "Counters": 18,
      "Max_spout": 1.0,
      "Spliters": 6
    },
    "8": {
      "Counters": 18,
      "Max_spout": 10000.0,
      "Spliters": 1
    },
    "9": {
      "Counters": 18,
      "Max_spout": 10000.0,
      "Spliters": 2
    },
    "10": {
      "Counters": 1,
      "Max_spout": 1.0,
      "Spliters": 1
    },
    "11": {
      "Counters": 15,
      "Max_spout": 1000.0,
      "Spliters": 1
    },
    "12": {
      "Counters": 18,
      "Max_spout": 10.0,
      "Spliters": 6
    },
    "13": {
      "Counters": 3,
      "Max_spout": 100.0,
      "Spliters": 3
    },
    "14": {
      "Counters": 3,
      "Max_spout": 1.0,
      "Spliters": 3
    },
    "15": {
      "Counters": 12,
      "Max_spout": 10000.0,
      "Spliters": 1
    },
    "16": {
      "Counters": 15,
      "Max_spout": 10000.0,
      "Spliters": 2
    },
    "17": {
      "Counters": 1,
      "Max_spout": 1000000.0,
      "Spliters": 2
    }
  },
  "config_origins": {
    "1": "Initial Design: Sobol",
    "2": "Acquisition Function Maximizer: Local Search",
    "3": "Acquisition Function Maximizer: Local Search",
    "4": "Acquisition Function Maximizer: Local Search",
    "5": "Random Search",
    "6": "Random Search",
    "7": "Acquisition Function Maximizer: Local Search",
    "8": "Acquisition Function Maximizer: Local Search",
    "9": "Acquisition Function Maximizer: Local Search",
    "10": "Random Search",
    "11": "Random Search",
    "12": "Random Search",
    "13": "Random Search",
    "14": "Random Search",
    "15": "Random Search",
    "16": "Acquisition Function Maximizer: Local Search",
    "17": "Random Search"
  }
}