{'Clndrs': 4.0, 'Volume': 97.0, 'Model': 70.0, 'origin': 2.0}, {'Clndrs': 4.0, 'Volume': 97.0, 'Model': 70.0, 'origin': 2.0}, {'Clndrs': 4.0, 'Volume': 97.0, 'Model': 70.0, 'origin': 2.0}, {'Clndrs': 4.0, 'Volume': 97.0, 'Model': 70.0, 'origin': 2.0}, {'Clndrs': 4.0, 'Volume': 97.0, 'Model': 70.0, 'origin': 2.0}, {'Clndrs': 4.0, 'Volume': 97.0, 'Model': 70.0, 'origin': 2.0}, {'Clndrs': 4.0, 'Volume': 97.0, 'Model': 70.0, 'origin': 2.0}, {'Clndrs': 4.0, 'Volume': 97.0, 'Model': 70.0, 'origin': 2.0}, {'Clndrs': 4.0, 'Volume': 97.0, 'Model': 70.0, 'origin': 2.0}, {'Clndrs': 4.0, 'Volume': 97.0, 'Model': 70.0, 'origin': 2.0}, {'Clndrs': 4.0, 'Volume': 97.0, 'Model': 70.0, 'origin': 2.0}, {'Clndrs': 4.0, 'Volume': 97.0, 'Model': 70.0, 'origin': 2.0}, {'Clndrs': 4.0, 'Volume': 97.0, 'Model': 70.0, 'origin': 2.0}, {'Clndrs': 4.0, 'Volume': 97.0, 'Model': 70.0, 'origin': 2.0}, {'Clndrs': 4.0, 'Volume': 97.0, 'Model': 70.0, 'origin': 2.0}, {'Clndrs': 4.0, 'Volume': 97.0, 'Model': 70.0, 'origin': 2.0}, {'Clndrs': 4.0, 'Volume': 97.0, 'Model': 70.0, 'origin': 2.0}, {'Clndrs': 4.0, 'Volume': 97.0, 'Model': 70.0, 'origin': 2.0}, {'Clndrs': 4.0, 'Volume': 97.0, 'Model': 70.0, 'origin': 2.0}, {'Clndrs': 4.0, 'Volume': 97.0, 'Model': 70.0, 'origin': 2.0}
0.3263298147356364, 0.3263298147356364, 0.3263298147356364, 0.3263298147356364, 0.3263298147356364, 0.3263298147356364, 0.3263298147356364, 0.3263298147356364, 0.3263298147356364, 0.3263298147356364, 0.3263298147356364, 0.3263298147356364, 0.3263298147356364, 0.3263298147356364, 0.3263298147356364, 0.3263298147356364, 0.3263298147356364, 0.3263298147356364, 0.3263298147356364, 0.3263298147356364
0.07538914680480957, 0.05729055404663086, 0.05754661560058594, 0.05748295783996582, 0.05783724784851074, 0.05679607391357422, 0.06036972999572754, 0.14324569702148438, 0.05662131309509277, 0.057387590408325195, 0.05640411376953125, 0.055350303649902344, 0.05646085739135742, 0.05593466758728027, 0.055745840072631836, 0.056189775466918945, 0.05635237693786621, 0.05565142631530762, 0.05611777305603027, 0.05537295341491699