{'Clndrs': 4.0, 'Volume': 97.0, 'Model': 70.0, 'origin': 2.0}, {'Clndrs': 4.0, 'Volume': 97.0, 'Model': 70.0, 'origin': 2.0}, {'Clndrs': 4.0, 'Volume': 97.0, 'Model': 70.0, 'origin': 2.0}, {'Clndrs': 4.0, 'Volume': 97.0, 'Model': 70.0, 'origin': 2.0}, {'Clndrs': 4.0, 'Volume': 97.0, 'Model': 70.0, 'origin': 2.0}, {'Clndrs': 4.0, 'Volume': 97.0, 'Model': 70.0, 'origin': 2.0}, {'Clndrs': 4.0, 'Volume': 97.0, 'Model': 70.0, 'origin': 2.0}, {'Clndrs': 4.0, 'Volume': 97.0, 'Model': 70.0, 'origin': 2.0}, {'Clndrs': 4.0, 'Volume': 97.0, 'Model': 70.0, 'origin': 2.0}, {'Clndrs': 4.0, 'Volume': 97.0, 'Model': 70.0, 'origin': 2.0}, {'Clndrs': 4.0, 'Volume': 97.0, 'Model': 70.0, 'origin': 2.0}, {'Clndrs': 4.0, 'Volume': 97.0, 'Model': 70.0, 'origin': 2.0}, {'Clndrs': 4.0, 'Volume': 97.0, 'Model': 70.0, 'origin': 2.0}, {'Clndrs': 4.0, 'Volume': 97.0, 'Model': 70.0, 'origin': 2.0}, {'Clndrs': 4.0, 'Volume': 97.0, 'Model': 70.0, 'origin': 2.0}, {'Clndrs': 4.0, 'Volume': 97.0, 'Model': 70.0, 'origin': 2.0}, {'Clndrs': 4.0, 'Volume': 97.0, 'Model': 70.0, 'origin': 2.0}, {'Clndrs': 4.0, 'Volume': 97.0, 'Model': 70.0, 'origin': 2.0}, {'Clndrs': 4.0, 'Volume': 97.0, 'Model': 70.0, 'origin': 2.0}, {'Clndrs': 4.0, 'Volume': 97.0, 'Model': 70.0, 'origin': 2.0}
0.3263298147356364, 0.3263298147356364, 0.3263298147356364, 0.3263298147356364, 0.3263298147356364, 0.3263298147356364, 0.3263298147356364, 0.3263298147356364, 0.3263298147356364, 0.3263298147356364, 0.3263298147356364, 0.3263298147356364, 0.3263298147356364, 0.3263298147356364, 0.3263298147356364, 0.3263298147356364, 0.3263298147356364, 0.3263298147356364, 0.3263298147356364, 0.3263298147356364
0.35324597358703613, 0.11025071144104004, 0.10914301872253418, 0.2023777961730957, 0.24571776390075684, 0.10843014717102051, 0.15431642532348633, 0.22839832305908203, 0.14362359046936035, 0.1327650547027588, 0.10693788528442383, 0.14523792266845703, 0.10522270202636719, 0.14113378524780273, 0.10536432266235352, 0.13299202919006348, 0.15892291069030762, 0.10534858703613281, 0.1506500244140625, 0.1708989143371582