{'Clndrs': 4.0, 'Volume': 97.0, 'Model': 70.0, 'origin': 2.0}, {'Clndrs': 4.0, 'Volume': 97.0, 'Model': 70.0, 'origin': 2.0}, {'Clndrs': 4.0, 'Volume': 97.0, 'Model': 70.0, 'origin': 2.0}, {'Clndrs': 4.0, 'Volume': 97.0, 'Model': 70.0, 'origin': 2.0}, {'Clndrs': 4.0, 'Volume': 97.0, 'Model': 70.0, 'origin': 2.0}, {'Clndrs': 4.0, 'Volume': 97.0, 'Model': 70.0, 'origin': 2.0}, {'Clndrs': 4.0, 'Volume': 97.0, 'Model': 70.0, 'origin': 2.0}, {'Clndrs': 4.0, 'Volume': 97.0, 'Model': 70.0, 'origin': 2.0}, {'Clndrs': 4.0, 'Volume': 97.0, 'Model': 70.0, 'origin': 2.0}, {'Clndrs': 4.0, 'Volume': 97.0, 'Model': 70.0, 'origin': 2.0}, {'Clndrs': 4.0, 'Volume': 97.0, 'Model': 70.0, 'origin': 2.0}, {'Clndrs': 4.0, 'Volume': 97.0, 'Model': 70.0, 'origin': 2.0}, {'Clndrs': 4.0, 'Volume': 97.0, 'Model': 70.0, 'origin': 2.0}, {'Clndrs': 4.0, 'Volume': 97.0, 'Model': 70.0, 'origin': 2.0}, {'Clndrs': 4.0, 'Volume': 97.0, 'Model': 70.0, 'origin': 2.0}, {'Clndrs': 4.0, 'Volume': 97.0, 'Model': 70.0, 'origin': 2.0}, {'Clndrs': 4.0, 'Volume': 97.0, 'Model': 70.0, 'origin': 2.0}, {'Clndrs': 4.0, 'Volume': 97.0, 'Model': 70.0, 'origin': 2.0}, {'Clndrs': 4.0, 'Volume': 97.0, 'Model': 70.0, 'origin': 2.0}, {'Clndrs': 4.0, 'Volume': 97.0, 'Model': 70.0, 'origin': 2.0}
0.3263298147356364, 0.3263298147356364, 0.3263298147356364, 0.3263298147356364, 0.3263298147356364, 0.3263298147356364, 0.3263298147356364, 0.3263298147356364, 0.3263298147356364, 0.3263298147356364, 0.3263298147356364, 0.3263298147356364, 0.3263298147356364, 0.3263298147356364, 0.3263298147356364, 0.3263298147356364, 0.3263298147356364, 0.3263298147356364, 0.3263298147356364, 0.3263298147356364
0.035086631774902344, 0.012301206588745117, 0.012236356735229492, 0.012210845947265625, 0.01247096061706543, 0.012741565704345703, 0.012430906295776367, 0.0125732421875, 0.01224660873413086, 0.012232542037963867, 0.012259960174560547, 0.01219797134399414, 0.012216567993164062, 0.012177228927612305, 0.012104272842407227, 0.012141227722167969, 0.01227259635925293, 0.012162923812866211, 0.01206350326538086, 0.012066841125488281