{'Clndrs': 4.0, 'Volume': 97.0, 'Model': 70.0, 'origin': 2.0}, {'Clndrs': 4.0, 'Volume': 97.0, 'Model': 70.0, 'origin': 2.0}, {'Clndrs': 4.0, 'Volume': 97.0, 'Model': 70.0, 'origin': 2.0}, {'Clndrs': 4.0, 'Volume': 97.0, 'Model': 70.0, 'origin': 2.0}, {'Clndrs': 4.0, 'Volume': 97.0, 'Model': 70.0, 'origin': 2.0}, {'Clndrs': 4.0, 'Volume': 97.0, 'Model': 70.0, 'origin': 2.0}, {'Clndrs': 4.0, 'Volume': 97.0, 'Model': 70.0, 'origin': 2.0}, {'Clndrs': 4.0, 'Volume': 97.0, 'Model': 70.0, 'origin': 2.0}, {'Clndrs': 4.0, 'Volume': 97.0, 'Model': 70.0, 'origin': 2.0}, {'Clndrs': 4.0, 'Volume': 97.0, 'Model': 70.0, 'origin': 2.0}, {'Clndrs': 4.0, 'Volume': 97.0, 'Model': 70.0, 'origin': 2.0}, {'Clndrs': 4.0, 'Volume': 97.0, 'Model': 70.0, 'origin': 2.0}, {'Clndrs': 4.0, 'Volume': 97.0, 'Model': 70.0, 'origin': 2.0}, {'Clndrs': 4.0, 'Volume': 97.0, 'Model': 70.0, 'origin': 2.0}, {'Clndrs': 4.0, 'Volume': 97.0, 'Model': 70.0, 'origin': 2.0}, {'Clndrs': 4.0, 'Volume': 97.0, 'Model': 70.0, 'origin': 2.0}, {'Clndrs': 4.0, 'Volume': 97.0, 'Model': 70.0, 'origin': 2.0}, {'Clndrs': 4.0, 'Volume': 97.0, 'Model': 70.0, 'origin': 2.0}, {'Clndrs': 4.0, 'Volume': 97.0, 'Model': 70.0, 'origin': 2.0}, {'Clndrs': 4.0, 'Volume': 97.0, 'Model': 70.0, 'origin': 2.0}
0.3263298147356364, 0.3263298147356364, 0.3263298147356364, 0.3263298147356364, 0.3263298147356364, 0.3263298147356364, 0.3263298147356364, 0.3263298147356364, 0.3263298147356364, 0.3263298147356364, 0.3263298147356364, 0.3263298147356364, 0.3263298147356364, 0.3263298147356364, 0.3263298147356364, 0.3263298147356364, 0.3263298147356364, 0.3263298147356364, 0.3263298147356364, 0.3263298147356364
0.018916845321655273, 0.005226850509643555, 0.012052774429321289, 0.00461578369140625, 0.004415988922119141, 0.00445103645324707, 0.004561424255371094, 0.004229545593261719, 0.0042972564697265625, 0.0041501522064208984, 0.004387855529785156, 0.004250764846801758, 0.004339456558227539, 0.0042612552642822266, 0.004437685012817383, 0.004240751266479492, 0.004275798797607422, 0.05498385429382324, 0.011272192001342773, 0.005530357360839844