{'Clndrs': 4.0, 'Volume': 97.0, 'Model': 70.0, 'origin': 2.0}, {'Clndrs': 4.0, 'Volume': 97.0, 'Model': 70.0, 'origin': 2.0}, {'Clndrs': 4.0, 'Volume': 97.0, 'Model': 70.0, 'origin': 2.0}, {'Clndrs': 4.0, 'Volume': 97.0, 'Model': 70.0, 'origin': 2.0}, {'Clndrs': 4.0, 'Volume': 97.0, 'Model': 70.0, 'origin': 2.0}, {'Clndrs': 4.0, 'Volume': 97.0, 'Model': 70.0, 'origin': 2.0}, {'Clndrs': 4.0, 'Volume': 97.0, 'Model': 70.0, 'origin': 2.0}, {'Clndrs': 4.0, 'Volume': 97.0, 'Model': 70.0, 'origin': 2.0}, {'Clndrs': 4.0, 'Volume': 97.0, 'Model': 70.0, 'origin': 2.0}, {'Clndrs': 4.0, 'Volume': 97.0, 'Model': 70.0, 'origin': 2.0}, {'Clndrs': 4.0, 'Volume': 97.0, 'Model': 70.0, 'origin': 2.0}, {'Clndrs': 4.0, 'Volume': 97.0, 'Model': 70.0, 'origin': 2.0}, {'Clndrs': 4.0, 'Volume': 97.0, 'Model': 70.0, 'origin': 2.0}, {'Clndrs': 4.0, 'Volume': 97.0, 'Model': 70.0, 'origin': 2.0}, {'Clndrs': 4.0, 'Volume': 97.0, 'Model': 70.0, 'origin': 2.0}, {'Clndrs': 4.0, 'Volume': 97.0, 'Model': 70.0, 'origin': 2.0}, {'Clndrs': 4.0, 'Volume': 97.0, 'Model': 70.0, 'origin': 2.0}, {'Clndrs': 4.0, 'Volume': 97.0, 'Model': 70.0, 'origin': 2.0}, {'Clndrs': 4.0, 'Volume': 97.0, 'Model': 70.0, 'origin': 2.0}, {'Clndrs': 4.0, 'Volume': 97.0, 'Model': 70.0, 'origin': 2.0}
0.3263298147356364, 0.3263298147356364, 0.3263298147356364, 0.3263298147356364, 0.3263298147356364, 0.3263298147356364, 0.3263298147356364, 0.3263298147356364, 0.3263298147356364, 0.3263298147356364, 0.3263298147356364, 0.3263298147356364, 0.3263298147356364, 0.3263298147356364, 0.3263298147356364, 0.3263298147356364, 0.3263298147356364, 0.3263298147356364, 0.3263298147356364, 0.3263298147356364
0.05611538887023926, 0.013292551040649414, 0.010137796401977539, 0.010370969772338867, 0.010019063949584961, 0.01020503044128418, 0.010439157485961914, 0.01004171371459961, 0.010179519653320312, 0.010090827941894531, 0.010241031646728516, 0.010219335556030273, 0.010272741317749023, 0.01008296012878418, 0.010156869888305664, 0.01005101203918457, 0.010120391845703125, 0.009965896606445312, 0.010154485702514648, 0.010190486907958984