{'Spout_wait': 4.0, 'Spliters': 5.0, 'Counters': 17.0}, {'Spout_wait': 10.0, 'Spliters': 2.0, 'Counters': 14.0}, {'Spout_wait': 10.0, 'Spliters': 4.0, 'Counters': 17.0}, {'Spout_wait': 3.0, 'Spliters': 5.0, 'Counters': 17.0}, {'Spout_wait': 10.0, 'Spliters': 4.0, 'Counters': 17.0}, {'Spout_wait': 5.0, 'Spliters': 4.0, 'Counters': 17.0}, {'Spout_wait': 10.0, 'Spliters': 5.0, 'Counters': 15.0}, {'Spout_wait': 10.0, 'Spliters': 5.0, 'Counters': 15.0}, {'Spout_wait': 8.0, 'Spliters': 5.0, 'Counters': 13.0}, {'Spout_wait': 7.0, 'Spliters': 4.0, 'Counters': 17.0}, {'Spout_wait': 4.0, 'Spliters': 4.0, 'Counters': 17.0}, {'Spout_wait': 10.0, 'Spliters': 5.0, 'Counters': 17.0}, {'Spout_wait': 4.0, 'Spliters': 4.0, 'Counters': 17.0}, {'Spout_wait': 5.0, 'Spliters': 4.0, 'Counters': 17.0}, {'Spout_wait': 5.0, 'Spliters': 5.0, 'Counters': 10.0}, {'Spout_wait': 10.0, 'Spliters': 5.0, 'Counters': 12.0}, {'Spout_wait': 7.0, 'Spliters': 4.0, 'Counters': 17.0}, {'Spout_wait': 10.0, 'Spliters': 3.0, 'Counters': 17.0}, {'Spout_wait': 10.0, 'Spliters': 4.0, 'Counters': 17.0}, {'Spout_wait': 4.0, 'Spliters': 4.0, 'Counters': 15.0}
0.0492717305442536, 0.0968530019712015, 0.03413510224963634, 0.07451111866140236, 0.03413510224963634, 0.04594440035556535, 0.0744609005587048, 0.0744609005587048, 0.06869452197396686, 0.05180976722346198, 0.04308830093697913, 0.019199269545525532, 0.04308830093697913, 0.04594440035556535, 0.09305878782969357, 0.07727105045676619, 0.05180976722346198, 0.03922607230648456, 0.03413510224963634, 0.07739346614557374
0.054552555084228516, 0.038056373596191406, 0.07152676582336426, 0.0389559268951416, 0.038260459899902344, 0.03811979293823242, 0.03798937797546387, 0.13724112510681152, 0.03753066062927246, 0.038985490798950195, 0.03827667236328125, 0.03728818893432617, 0.038336753845214844, 0.037862539291381836, 0.037177324295043945, 0.054666996002197266, 0.03927731513977051, 0.038053035736083984, 0.038004398345947266, 0.0381627082824707