{'Spout_wait': 8.0, 'Spliters': 2.0, 'Counters': 16.0}, {'Spout_wait': 6.0, 'Spliters': 4.0, 'Counters': 13.0}, {'Spout_wait': 10.0, 'Spliters': 3.0, 'Counters': 17.0}, {'Spout_wait': 10.0, 'Spliters': 4.0, 'Counters': 16.0}, {'Spout_wait': 7.0, 'Spliters': 2.0, 'Counters': 16.0}, {'Spout_wait': 5.0, 'Spliters': 4.0, 'Counters': 17.0}, {'Spout_wait': 6.0, 'Spliters': 3.0, 'Counters': 13.0}, {'Spout_wait': 10.0, 'Spliters': 5.0, 'Counters': 15.0}, {'Spout_wait': 10.0, 'Spliters': 4.0, 'Counters': 16.0}, {'Spout_wait': 7.0, 'Spliters': 4.0, 'Counters': 16.0}, {'Spout_wait': 2.0, 'Spliters': 4.0, 'Counters': 15.0}, {'Spout_wait': 10.0, 'Spliters': 3.0, 'Counters': 17.0}, {'Spout_wait': 5.0, 'Spliters': 5.0, 'Counters': 16.0}, {'Spout_wait': 10.0, 'Spliters': 4.0, 'Counters': 13.0}, {'Spout_wait': 10.0, 'Spliters': 4.0, 'Counters': 12.0}, {'Spout_wait': 6.0, 'Spliters': 3.0, 'Counters': 16.0}, {'Spout_wait': 1.0, 'Spliters': 4.0, 'Counters': 15.0}, {'Spout_wait': 10.0, 'Spliters': 3.0, 'Counters': 11.0}, {'Spout_wait': 7.0, 'Spliters': 4.0, 'Counters': 16.0}, {'Spout_wait': 9.0, 'Spliters': 4.0, 'Counters': 13.0}
0.09689036188982669, 0.11102593054665022, 0.03922607230648456, 0.07739417901803258, 0.07469957232036739, 0.04594440035556535, 0.10226803409241914, 0.0744609005587048, 0.07739417901803258, 0.10611353674176605, 0.0925167690679376, 0.03922607230648456, 0.11610567290806706, 0.06959980898605189, 0.09562253326990577, 0.11307823067684397, 0.14498852103658955, 0.11195636324971525, 0.10611353674176605, 0.08846209015234485
0.02327108383178711, 0.021897554397583008, 0.011115074157714844, 0.01300501823425293, 0.017648935317993164, 0.009627819061279297, 0.009432315826416016, 0.00945734977722168, 0.009389877319335938, 0.009566783905029297, 0.009718894958496094, 0.013416528701782227, 0.00969076156616211, 0.009308338165283203, 0.009319782257080078, 0.017930030822753906, 0.00969386100769043, 0.009854555130004883, 0.009674310684204102, 0.009347200393676758