{'Spout_wait': 9.0, 'Spliters': 5.0, 'Counters': 13.0}, {'Spout_wait': 6.0, 'Spliters': 4.0, 'Counters': 13.0}, {'Spout_wait': 10.0, 'Spliters': 3.0, 'Counters': 17.0}, {'Spout_wait': 10.0, 'Spliters': 4.0, 'Counters': 16.0}, {'Spout_wait': 7.0, 'Spliters': 2.0, 'Counters': 16.0}, {'Spout_wait': 5.0, 'Spliters': 4.0, 'Counters': 17.0}, {'Spout_wait': 6.0, 'Spliters': 3.0, 'Counters': 13.0}, {'Spout_wait': 10.0, 'Spliters': 5.0, 'Counters': 15.0}, {'Spout_wait': 4.0, 'Spliters': 4.0, 'Counters': 15.0}, {'Spout_wait': 7.0, 'Spliters': 4.0, 'Counters': 16.0}, {'Spout_wait': 2.0, 'Spliters': 4.0, 'Counters': 15.0}, {'Spout_wait': 10.0, 'Spliters': 3.0, 'Counters': 17.0}, {'Spout_wait': 5.0, 'Spliters': 5.0, 'Counters': 16.0}, {'Spout_wait': 10.0, 'Spliters': 4.0, 'Counters': 13.0}, {'Spout_wait': 10.0, 'Spliters': 4.0, 'Counters': 12.0}, {'Spout_wait': 6.0, 'Spliters': 3.0, 'Counters': 16.0}, {'Spout_wait': 9.0, 'Spliters': 3.0, 'Counters': 16.0}, {'Spout_wait': 10.0, 'Spliters': 3.0, 'Counters': 11.0}, {'Spout_wait': 10.0, 'Spliters': 5.0, 'Counters': 12.0}, {'Spout_wait': 9.0, 'Spliters': 4.0, 'Counters': 13.0}
0.08851714266019262, 0.11102593054665022, 0.03922607230648456, 0.07739417901803258, 0.07469957232036739, 0.04594440035556535, 0.10226803409241914, 0.0744609005587048, 0.07739346614557374, 0.10611353674176605, 0.0925167690679376, 0.03922607230648456, 0.11610567290806706, 0.06959980898605189, 0.09562253326990577, 0.11307823067684397, 0.06610529136170162, 0.11195636324971525, 0.07727105045676619, 0.08846209015234485
0.032030344009399414, 0.014403104782104492, 0.01418614387512207, 0.014080286026000977, 0.014525651931762695, 0.014206409454345703, 0.014061450958251953, 0.07521820068359375, 0.014106273651123047, 0.014163970947265625, 0.014053583145141602, 0.014612436294555664, 0.013724327087402344, 0.013966560363769531, 0.01423192024230957, 0.013991117477416992, 0.014127254486083984, 0.01951122283935547, 0.01574397087097168, 0.015231132507324219