{'Spout_wait': 9.0, 'Spliters': 5.0, 'Counters': 13.0}, {'Spout_wait': 9.0, 'Spliters': 3.0, 'Counters': 14.0}, {'Spout_wait': 10.0, 'Spliters': 3.0, 'Counters': 17.0}, {'Spout_wait': 10.0, 'Spliters': 4.0, 'Counters': 16.0}, {'Spout_wait': 7.0, 'Spliters': 2.0, 'Counters': 16.0}, {'Spout_wait': 5.0, 'Spliters': 4.0, 'Counters': 17.0}, {'Spout_wait': 10.0, 'Spliters': 5.0, 'Counters': 16.0}, {'Spout_wait': 10.0, 'Spliters': 5.0, 'Counters': 15.0}, {'Spout_wait': 4.0, 'Spliters': 4.0, 'Counters': 15.0}, {'Spout_wait': 6.0, 'Spliters': 5.0, 'Counters': 10.0}, {'Spout_wait': 2.0, 'Spliters': 4.0, 'Counters': 15.0}, {'Spout_wait': 10.0, 'Spliters': 3.0, 'Counters': 17.0}, {'Spout_wait': 5.0, 'Spliters': 5.0, 'Counters': 16.0}, {'Spout_wait': 10.0, 'Spliters': 4.0, 'Counters': 13.0}, {'Spout_wait': 10.0, 'Spliters': 4.0, 'Counters': 12.0}, {'Spout_wait': 10.0, 'Spliters': 5.0, 'Counters': 12.0}, {'Spout_wait': 9.0, 'Spliters': 3.0, 'Counters': 16.0}, {'Spout_wait': 10.0, 'Spliters': 3.0, 'Counters': 11.0}, {'Spout_wait': 10.0, 'Spliters': 5.0, 'Counters': 12.0}, {'Spout_wait': 9.0, 'Spliters': 4.0, 'Counters': 13.0}
0.08851714266019262, 0.11004362552444069, 0.03922607230648456, 0.07739417901803258, 0.07469957232036739, 0.04594440035556535, 0.08494804826290847, 0.0744609005587048, 0.07739346614557374, 0.09249873458973967, 0.0925167690679376, 0.03922607230648456, 0.11610567290806706, 0.06959980898605189, 0.09562253326990577, 0.07727105045676619, 0.06610529136170162, 0.11195636324971525, 0.07727105045676619, 0.08846209015234485
0.32454466819763184, 0.017916440963745117, 0.017932653427124023, 0.016438961029052734, 0.016190767288208008, 0.01599860191345215, 0.019885540008544922, 0.015665054321289062, 0.01569390296936035, 0.017995357513427734, 0.015722036361694336, 0.017863750457763672, 0.01769280433654785, 0.017587900161743164, 0.01584172248840332, 0.015916109085083008, 0.02400660514831543, 0.016031503677368164, 0.015730619430541992, 0.016699552536010742