{'Spout_wait': 4.0, 'Spliters': 4.0, 'Counters': 17.0}, {'Spout_wait': 10.0, 'Spliters': 4.0, 'Counters': 15.0}, {'Spout_wait': 10.0, 'Spliters': 5.0, 'Counters': 17.0}, {'Spout_wait': 10.0, 'Spliters': 5.0, 'Counters': 17.0}, {'Spout_wait': 10.0, 'Spliters': 5.0, 'Counters': 17.0}, {'Spout_wait': 5.0, 'Spliters': 4.0, 'Counters': 17.0}, {'Spout_wait': 9.0, 'Spliters': 3.0, 'Counters': 17.0}, {'Spout_wait': 10.0, 'Spliters': 5.0, 'Counters': 15.0}, {'Spout_wait': 10.0, 'Spliters': 5.0, 'Counters': 13.0}, {'Spout_wait': 7.0, 'Spliters': 3.0, 'Counters': 17.0}, {'Spout_wait': 10.0, 'Spliters': 3.0, 'Counters': 17.0}, {'Spout_wait': 10.0, 'Spliters': 5.0, 'Counters': 17.0}, {'Spout_wait': 4.0, 'Spliters': 4.0, 'Counters': 17.0}, {'Spout_wait': 8.0, 'Spliters': 5.0, 'Counters': 17.0}, {'Spout_wait': 1.0, 'Spliters': 5.0, 'Counters': 17.0}, {'Spout_wait': 9.0, 'Spliters': 3.0, 'Counters': 17.0}, {'Spout_wait': 10.0, 'Spliters': 5.0, 'Counters': 17.0}, {'Spout_wait': 10.0, 'Spliters': 3.0, 'Counters': 17.0}, {'Spout_wait': 10.0, 'Spliters': 5.0, 'Counters': 17.0}, {'Spout_wait': 10.0, 'Spliters': 4.0, 'Counters': 17.0}
0.04308830093697913, 0.030368608200511682, 0.019199269545525532, 0.019199269545525532, 0.019199269545525532, 0.04594440035556535, 0.020033994250278075, 0.0744609005587048, 0.06555986454644991, 0.02967052168107598, 0.03922607230648456, 0.019199269545525532, 0.04308830093697913, 0.03870106513175797, 0.08331555174372429, 0.020033994250278075, 0.019199269545525532, 0.03922607230648456, 0.019199269545525532, 0.03413510224963634
0.10320091247558594, 0.07930397987365723, 0.07931756973266602, 0.07879161834716797, 0.17528390884399414, 0.07667422294616699, 0.07713651657104492, 0.07667970657348633, 0.07622408866882324, 0.08124613761901855, 0.07569503784179688, 0.07413411140441895, 0.07405281066894531, 0.07452225685119629, 0.0731501579284668, 0.07346940040588379, 0.07447266578674316, 0.07431292533874512, 0.07475519180297852, 0.07410359382629395