{'Spout_wait': 1.0, 'Spliters': 4.0, 'Counters': 15.0}, {'Spout_wait': 6.0, 'Spliters': 4.0, 'Counters': 13.0}, {'Spout_wait': 4.0, 'Spliters': 4.0, 'Counters': 9.0}, {'Spout_wait': 6.0, 'Spliters': 5.0, 'Counters': 1.0}, {'Spout_wait': 4.0, 'Spliters': 3.0, 'Counters': 13.0}, {'Spout_wait': 2.0, 'Spliters': 3.0, 'Counters': 12.0}, {'Spout_wait': 6.0, 'Spliters': 4.0, 'Counters': 1.0}, {'Spout_wait': 4.0, 'Spliters': 5.0, 'Counters': 13.0}, {'Spout_wait': 6.0, 'Spliters': 3.0, 'Counters': 1.0}, {'Spout_wait': 4.0, 'Spliters': 4.0, 'Counters': 10.0}, {'Spout_wait': 2.0, 'Spliters': 4.0, 'Counters': 15.0}, {'Spout_wait': 6.0, 'Spliters': 3.0, 'Counters': 5.0}, {'Spout_wait': 5.0, 'Spliters': 4.0, 'Counters': 1.0}, {'Spout_wait': 5.0, 'Spliters': 5.0, 'Counters': 4.0}, {'Spout_wait': 6.0, 'Spliters': 4.0, 'Counters': 6.0}, {'Spout_wait': 6.0, 'Spliters': 3.0, 'Counters': 5.0}, {'Spout_wait': 2.0, 'Spliters': 3.0, 'Counters': 1.0}, {'Spout_wait': 2.0, 'Spliters': 3.0, 'Counters': 14.0}, {'Spout_wait': 3.0, 'Spliters': 3.0, 'Counters': 10.0}, {'Spout_wait': 6.0, 'Spliters': 4.0, 'Counters': 1.0}
0.09622966129544486, 0.06622868155999706, 0.10221856111799554, 0.06185809585680524, 0.10802622409850438, 0.08125943081752762, 0.0528754203724453, 0.10437331069841194, 0.04227664546194576, 0.11323603411880345, 0.08509157517670118, 0.09622964063274253, 0.05485197085539084, 0.054612027473105784, 0.1193914705483956, 0.09622964063274253, 0.07964273981014114, 0.06407312853136182, 0.13484058054452686, 0.0528754203724453
0.013983488082885742, 0.01183938980102539, 0.008335590362548828, 0.008443832397460938, 0.008609294891357422, 0.008269309997558594, 0.008281946182250977, 0.009116888046264648, 0.008179903030395508, 0.008435726165771484, 0.008996009826660156, 0.008539199829101562, 0.00826573371887207, 0.00820612907409668, 0.008135080337524414, 0.00824117660522461, 0.008684396743774414, 0.008314847946166992, 0.008917570114135742, 0.00845026969909668