{'Spout_wait': 1.0, 'Spliters': 4.0, 'Counters': 7.0}, {'Spout_wait': 6.0, 'Spliters': 4.0, 'Counters': 13.0}, {'Spout_wait': 4.0, 'Spliters': 4.0, 'Counters': 9.0}, {'Spout_wait': 2.0, 'Spliters': 5.0, 'Counters': 15.0}, {'Spout_wait': 4.0, 'Spliters': 3.0, 'Counters': 13.0}, {'Spout_wait': 5.0, 'Spliters': 4.0, 'Counters': 17.0}, {'Spout_wait': 6.0, 'Spliters': 4.0, 'Counters': 1.0}, {'Spout_wait': 7.0, 'Spliters': 3.0, 'Counters': 8.0}, {'Spout_wait': 6.0, 'Spliters': 3.0, 'Counters': 1.0}, {'Spout_wait': 4.0, 'Spliters': 4.0, 'Counters': 10.0}, {'Spout_wait': 2.0, 'Spliters': 4.0, 'Counters': 15.0}, {'Spout_wait': 6.0, 'Spliters': 3.0, 'Counters': 9.0}, {'Spout_wait': 5.0, 'Spliters': 4.0, 'Counters': 1.0}, {'Spout_wait': 5.0, 'Spliters': 5.0, 'Counters': 4.0}, {'Spout_wait': 3.0, 'Spliters': 5.0, 'Counters': 4.0}, {'Spout_wait': 6.0, 'Spliters': 3.0, 'Counters': 5.0}, {'Spout_wait': 1.0, 'Spliters': 3.0, 'Counters': 11.0}, {'Spout_wait': 3.0, 'Spliters': 5.0, 'Counters': 11.0}, {'Spout_wait': 3.0, 'Spliters': 4.0, 'Counters': 2.0}, {'Spout_wait': 10.0, 'Spliters': 4.0, 'Counters': 10.0}
0.15002689098061084, 0.06622868155999706, 0.10221856111799554, 0.08563030302365293, 0.10802622409850438, 0.09245672224665813, 0.0528754203724453, 0.18610665389189218, 0.04227664546194576, 0.11323603411880345, 0.08509157517670118, 0.11870914632816898, 0.05485197085539084, 0.054612027473105784, 0.12682920135569264, 0.09622964063274253, 0.09048089118900249, 0.15010446143521294, 0.1539973530712161, 0.2402664529581413
0.02246236801147461, 0.00680088996887207, 0.011344194412231445, 0.004966259002685547, 0.004949808120727539, 0.004886150360107422, 0.00476837158203125, 0.004884958267211914, 0.004834890365600586, 0.004876852035522461, 0.005071878433227539, 0.011718988418579102, 0.006162881851196289, 0.005147457122802734, 0.005247592926025391, 0.005297183990478516, 0.0051822662353515625, 0.005189657211303711, 0.005191802978515625, 0.005077362060546875