{'Spout_wait': 4.0, 'Spliters': 5.0, 'Counters': 17.0}, {'Spout_wait': 6.0, 'Spliters': 4.0, 'Counters': 13.0}, {'Spout_wait': 6.0, 'Spliters': 3.0, 'Counters': 2.0}, {'Spout_wait': 6.0, 'Spliters': 5.0, 'Counters': 1.0}, {'Spout_wait': 6.0, 'Spliters': 5.0, 'Counters': 16.0}, {'Spout_wait': 6.0, 'Spliters': 5.0, 'Counters': 16.0}, {'Spout_wait': 6.0, 'Spliters': 4.0, 'Counters': 1.0}, {'Spout_wait': 5.0, 'Spliters': 5.0, 'Counters': 16.0}, {'Spout_wait': 6.0, 'Spliters': 3.0, 'Counters': 1.0}, {'Spout_wait': 5.0, 'Spliters': 5.0, 'Counters': 1.0}, {'Spout_wait': 6.0, 'Spliters': 4.0, 'Counters': 1.0}, {'Spout_wait': 6.0, 'Spliters': 5.0, 'Counters': 15.0}, {'Spout_wait': 5.0, 'Spliters': 4.0, 'Counters': 1.0}, {'Spout_wait': 5.0, 'Spliters': 5.0, 'Counters': 4.0}, {'Spout_wait': 3.0, 'Spliters': 5.0, 'Counters': 9.0}, {'Spout_wait': 5.0, 'Spliters': 5.0, 'Counters': 1.0}, {'Spout_wait': 2.0, 'Spliters': 3.0, 'Counters': 1.0}, {'Spout_wait': 5.0, 'Spliters': 4.0, 'Counters': 1.0}, {'Spout_wait': 6.0, 'Spliters': 3.0, 'Counters': 1.0}, {'Spout_wait': 6.0, 'Spliters': 4.0, 'Counters': 1.0}
0.06898395533115131, 0.06622868155999706, 0.05413328559005237, 0.06185809585680524, 0.05874364051266878, 0.05874364051266878, 0.0528754203724453, 0.07796547139309484, 0.04227664546194576, 4.1023799471462397e-05, 0.0528754203724453, 0.06784542282263151, 0.05485197085539084, 0.054612027473105784, 0.08209778137571766, 4.1023799471462397e-05, 0.07964273981014114, 0.05485197085539084, 0.04227664546194576, 0.0528754203724453
0.07884669303894043, 0.03512382507324219, 0.035370826721191406, 0.040640830993652344, 0.03538346290588379, 0.035477399826049805, 0.03564262390136719, 0.03392791748046875, 0.03423571586608887, 0.034171104431152344, 0.03439188003540039, 0.03479146957397461, 0.0341336727142334, 0.034873008728027344, 0.03388047218322754, 0.03420400619506836, 0.034234046936035156, 0.03518033027648926, 0.035605430603027344, 0.03481459617614746