{'Spout_wait': 2.0, 'Spliters': 5.0, 'Counters': 10.0}, {'Spout_wait': 6.0, 'Spliters': 4.0, 'Counters': 13.0}, {'Spout_wait': 4.0, 'Spliters': 3.0, 'Counters': 15.0}, {'Spout_wait': 6.0, 'Spliters': 5.0, 'Counters': 1.0}, {'Spout_wait': 5.0, 'Spliters': 5.0, 'Counters': 8.0}, {'Spout_wait': 2.0, 'Spliters': 3.0, 'Counters': 12.0}, {'Spout_wait': 6.0, 'Spliters': 4.0, 'Counters': 1.0}, {'Spout_wait': 5.0, 'Spliters': 5.0, 'Counters': 16.0}, {'Spout_wait': 6.0, 'Spliters': 3.0, 'Counters': 1.0}, {'Spout_wait': 5.0, 'Spliters': 4.0, 'Counters': 3.0}, {'Spout_wait': 5.0, 'Spliters': 5.0, 'Counters': 12.0}, {'Spout_wait': 5.0, 'Spliters': 4.0, 'Counters': 13.0}, {'Spout_wait': 5.0, 'Spliters': 4.0, 'Counters': 1.0}, {'Spout_wait': 5.0, 'Spliters': 5.0, 'Counters': 4.0}, {'Spout_wait': 1.0, 'Spliters': 3.0, 'Counters': 1.0}, {'Spout_wait': 3.0, 'Spliters': 3.0, 'Counters': 1.0}, {'Spout_wait': 2.0, 'Spliters': 3.0, 'Counters': 1.0}, {'Spout_wait': 2.0, 'Spliters': 3.0, 'Counters': 14.0}, {'Spout_wait': 3.0, 'Spliters': 3.0, 'Counters': 10.0}, {'Spout_wait': 6.0, 'Spliters': 4.0, 'Counters': 1.0}
0.08551131741457396, 0.06622868155999706, 0.09563060291432113, 0.06185809585680524, 0.08449295838412296, 0.08125943081752762, 0.0528754203724453, 0.07796547139309484, 0.04227664546194576, 0.10581118820203061, 0.07946235457155826, 0.09107966312515525, 0.05485197085539084, 0.054612027473105784, 0.10874526057531497, 0.0910795609811983, 0.07964273981014114, 0.06407312853136182, 0.13484058054452686, 0.0528754203724453
0.0357358455657959, 0.013090848922729492, 0.010301589965820312, 0.010352611541748047, 0.010349750518798828, 0.010318994522094727, 0.010383367538452148, 0.010662317276000977, 0.010283231735229492, 0.010435342788696289, 0.010616779327392578, 0.010209798812866211, 0.01022648811340332, 0.010329723358154297, 0.010302305221557617, 0.010299921035766602, 0.010350227355957031, 0.010253429412841797, 0.010341167449951172, 0.010415792465209961