{'Spout_wait': 4.0, 'Spliters': 5.0, 'Counters': 8.0}, {'Spout_wait': 6.0, 'Spliters': 4.0, 'Counters': 13.0}, {'Spout_wait': 4.0, 'Spliters': 3.0, 'Counters': 15.0}, {'Spout_wait': 6.0, 'Spliters': 5.0, 'Counters': 1.0}, {'Spout_wait': 5.0, 'Spliters': 5.0, 'Counters': 8.0}, {'Spout_wait': 2.0, 'Spliters': 3.0, 'Counters': 12.0}, {'Spout_wait': 6.0, 'Spliters': 4.0, 'Counters': 1.0}, {'Spout_wait': 4.0, 'Spliters': 5.0, 'Counters': 13.0}, {'Spout_wait': 6.0, 'Spliters': 3.0, 'Counters': 1.0}, {'Spout_wait': 5.0, 'Spliters': 4.0, 'Counters': 3.0}, {'Spout_wait': 2.0, 'Spliters': 4.0, 'Counters': 15.0}, {'Spout_wait': 5.0, 'Spliters': 4.0, 'Counters': 13.0}, {'Spout_wait': 5.0, 'Spliters': 4.0, 'Counters': 1.0}, {'Spout_wait': 5.0, 'Spliters': 5.0, 'Counters': 4.0}, {'Spout_wait': 1.0, 'Spliters': 3.0, 'Counters': 1.0}, {'Spout_wait': 3.0, 'Spliters': 3.0, 'Counters': 1.0}, {'Spout_wait': 2.0, 'Spliters': 3.0, 'Counters': 1.0}, {'Spout_wait': 2.0, 'Spliters': 3.0, 'Counters': 14.0}, {'Spout_wait': 3.0, 'Spliters': 3.0, 'Counters': 10.0}, {'Spout_wait': 6.0, 'Spliters': 4.0, 'Counters': 1.0}
0.09323514804701338, 0.06622868155999706, 0.09563060291432113, 0.06185809585680524, 0.08449295838412296, 0.08125943081752762, 0.0528754203724453, 0.10437331069841194, 0.04227664546194576, 0.10581118820203061, 0.08509157517670118, 0.09107966312515525, 0.05485197085539084, 0.054612027473105784, 0.10874526057531497, 0.0910795609811983, 0.07964273981014114, 0.06407312853136182, 0.13484058054452686, 0.0528754203724453
0.02679276466369629, 0.026911258697509766, 0.015644550323486328, 0.014419078826904297, 0.013852357864379883, 0.013280391693115234, 0.013280868530273438, 0.013022661209106445, 0.01259922981262207, 0.014132261276245117, 0.014302492141723633, 0.013945579528808594, 0.01424098014831543, 0.014414548873901367, 0.012591123580932617, 0.01251220703125, 0.012388944625854492, 0.015491962432861328, 0.014429807662963867, 0.014602899551391602