{'Max_spout': 1.0, 'Spliters': 3.0, 'Counters': 1.0}, {'Max_spout': 1.0, 'Spliters': 2.0, 'Counters': 6.0}, {'Max_spout': 1.0, 'Spliters': 3.0, 'Counters': 3.0}, {'Max_spout': 10.0, 'Spliters': 1.0, 'Counters': 6.0}, {'Max_spout': 10.0, 'Spliters': 1.0, 'Counters': 6.0}, {'Max_spout': 10.0, 'Spliters': 1.0, 'Counters': 3.0}, {'Max_spout': 10.0, 'Spliters': 2.0, 'Counters': 3.0}, {'Max_spout': 10.0, 'Spliters': 3.0, 'Counters': 6.0}, {'Max_spout': 1.0, 'Spliters': 3.0, 'Counters': 3.0}, {'Max_spout': 1.0, 'Spliters': 3.0, 'Counters': 1.0}, {'Max_spout': 1.0, 'Spliters': 3.0, 'Counters': 3.0}, {'Max_spout': 1.0, 'Spliters': 3.0, 'Counters': 3.0}, {'Max_spout': 10.0, 'Spliters': 1.0, 'Counters': 6.0}, {'Max_spout': 10.0, 'Spliters': 1.0, 'Counters': 1.0}, {'Max_spout': 10.0, 'Spliters': 1.0, 'Counters': 3.0}, {'Max_spout': 1.0, 'Spliters': 2.0, 'Counters': 3.0}, {'Max_spout': 10.0, 'Spliters': 1.0, 'Counters': 3.0}, {'Max_spout': 10.0, 'Spliters': 1.0, 'Counters': 3.0}, {'Max_spout': 1.0, 'Spliters': 3.0, 'Counters': 3.0}, {'Max_spout': 1.0, 'Spliters': 3.0, 'Counters': 3.0}
0.6954917611675481, 0.7018553884157711, 0.694596715408163, 0.5824427876026242, 0.5824427876026242, 0.6072823102737759, 0.5904559054300393, 0.5725435575177117, 0.694596715408163, 0.6954917611675481, 0.694596715408163, 0.694596715408163, 0.5824427876026242, 0.6583890869943377, 0.6072823102737759, 0.7027698669139925, 0.6072823102737759, 0.6072823102737759, 0.694596715408163, 0.694596715408163
0.026738643646240234, 0.013422966003417969, 0.009225130081176758, 0.007540464401245117, 0.006336212158203125, 0.006316184997558594, 0.0062792301177978516, 0.006543159484863281, 0.006407260894775391, 0.006295680999755859, 0.006341218948364258, 0.006243228912353516, 0.006463527679443359, 0.006472587585449219, 0.0063970088958740234, 0.006177186965942383, 0.0063114166259765625, 0.006513118743896484, 0.006317138671875, 0.00637364387512207