{'Max_spout': 10.0, 'Spliters': 2.0, 'Counters': 6.0}, {'Max_spout': 10.0, 'Spliters': 2.0, 'Counters': 6.0}, {'Max_spout': 10.0, 'Spliters': 2.0, 'Counters': 6.0}, {'Max_spout': 10.0, 'Spliters': 2.0, 'Counters': 6.0}, {'Max_spout': 10.0, 'Spliters': 2.0, 'Counters': 6.0}, {'Max_spout': 10.0, 'Spliters': 2.0, 'Counters': 6.0}, {'Max_spout': 10.0, 'Spliters': 2.0, 'Counters': 6.0}, {'Max_spout': 10.0, 'Spliters': 2.0, 'Counters': 6.0}, {'Max_spout': 10.0, 'Spliters': 2.0, 'Counters': 6.0}, {'Max_spout': 10.0, 'Spliters': 2.0, 'Counters': 6.0}, {'Max_spout': 10.0, 'Spliters': 3.0, 'Counters': 6.0}, {'Max_spout': 10.0, 'Spliters': 2.0, 'Counters': 6.0}, {'Max_spout': 10.0, 'Spliters': 2.0, 'Counters': 6.0}, {'Max_spout': 10.0, 'Spliters': 2.0, 'Counters': 6.0}, {'Max_spout': 10.0, 'Spliters': 2.0, 'Counters': 6.0}, {'Max_spout': 10.0, 'Spliters': 2.0, 'Counters': 6.0}, {'Max_spout': 10.0, 'Spliters': 2.0, 'Counters': 6.0}, {'Max_spout': 10.0, 'Spliters': 2.0, 'Counters': 6.0}, {'Max_spout': 10.0, 'Spliters': 2.0, 'Counters': 6.0}, {'Max_spout': 10.0, 'Spliters': 2.0, 'Counters': 6.0}
0.5413827024437494, 0.5413827024437494, 0.5413827024437494, 0.5413827024437494, 0.5413827024437494, 0.5413827024437494, 0.5413827024437494, 0.5413827024437494, 0.5413827024437494, 0.5413827024437494, 0.5725435575177117, 0.5413827024437494, 0.5413827024437494, 0.5413827024437494, 0.5413827024437494, 0.5413827024437494, 0.5413827024437494, 0.5413827024437494, 0.5413827024437494, 0.5413827024437494
0.1616988182067871, 0.12399911880493164, 0.12809205055236816, 0.12346887588500977, 0.1289653778076172, 0.22976160049438477, 0.12016868591308594, 0.12147212028503418, 0.12175107002258301, 0.12254118919372559, 0.12198543548583984, 0.12216949462890625, 0.13698649406433105, 0.13425183296203613, 0.12063145637512207, 0.12512636184692383, 0.12183380126953125, 0.13244390487670898, 0.1255934238433838, 0.13709449768066406