{'Max_spout': 10.0, 'Spliters': 2.0, 'Counters': 3.0}, {'Max_spout': 10.0, 'Spliters': 2.0, 'Counters': 3.0}, {'Max_spout': 10.0, 'Spliters': 2.0, 'Counters': 6.0}, {'Max_spout': 10.0, 'Spliters': 2.0, 'Counters': 5.0}, {'Max_spout': 10.0, 'Spliters': 5.0, 'Counters': 2.0}, {'Max_spout': 10.0, 'Spliters': 2.0, 'Counters': 6.0}, {'Max_spout': 10.0, 'Spliters': 2.0, 'Counters': 5.0}, {'Max_spout': 10.0, 'Spliters': 2.0, 'Counters': 3.0}, {'Max_spout': 10.0, 'Spliters': 3.0, 'Counters': 4.0}, {'Max_spout': 10.0, 'Spliters': 2.0, 'Counters': 3.0}, {'Max_spout': 10.0, 'Spliters': 3.0, 'Counters': 4.0}, {'Max_spout': 10.0, 'Spliters': 2.0, 'Counters': 3.0}, {'Max_spout': 10.0, 'Spliters': 4.0, 'Counters': 4.0}, {'Max_spout': 10.0, 'Spliters': 2.0, 'Counters': 5.0}, {'Max_spout': 10.0, 'Spliters': 2.0, 'Counters': 6.0}, {'Max_spout': 10.0, 'Spliters': 3.0, 'Counters': 3.0}, {'Max_spout': 10.0, 'Spliters': 2.0, 'Counters': 2.0}, {'Max_spout': 10.0, 'Spliters': 2.0, 'Counters': 3.0}, {'Max_spout': 10.0, 'Spliters': 3.0, 'Counters': 3.0}, {'Max_spout': 10.0, 'Spliters': 2.0, 'Counters': 10.0}
0.47947454772487985, 0.47947454772487985, 0.48980811862272167, 0.4917790352508382, 0.4989795553900708, 0.48980811862272167, 0.4917790352508382, 0.47947454772487985, 0.494927790534586, 0.47947454772487985, 0.494927790534586, 0.47947454772487985, 0.5046174763011375, 0.4917790352508382, 0.48980811862272167, 0.496843741358709, 0.48758592973852277, 0.47947454772487985, 0.496843741358709, 0.4981864773964486
0.1551356315612793, 0.14406538009643555, 0.14608073234558105, 0.22541236877441406, 0.14878439903259277, 0.15468645095825195, 0.1649487018585205, 0.14956450462341309, 0.14940857887268066, 0.1483592987060547, 0.15320491790771484, 0.14053678512573242, 0.14341306686401367, 0.15215849876403809, 0.1415107250213623, 0.1378648281097412, 0.13890814781188965, 0.1441974639892578, 0.14126849174499512, 0.14407849311828613