{'Max_spout': 1.0, 'Spliters': 3.0, 'Counters': 9.0}, {'Max_spout': 1.0, 'Spliters': 3.0, 'Counters': 7.0}, {'Max_spout': 1.0, 'Spliters': 3.0, 'Counters': 10.0}, {'Max_spout': 10.0, 'Spliters': 1.0, 'Counters': 15.0}, {'Max_spout': 1.0, 'Spliters': 4.0, 'Counters': 3.0}, {'Max_spout': 1.0, 'Spliters': 3.0, 'Counters': 1.0}, {'Max_spout': 10.0, 'Spliters': 3.0, 'Counters': 12.0}, {'Max_spout': 10.0, 'Spliters': 4.0, 'Counters': 15.0}, {'Max_spout': 1.0, 'Spliters': 4.0, 'Counters': 6.0}, {'Max_spout': 1.0, 'Spliters': 5.0, 'Counters': 2.0}, {'Max_spout': 1.0, 'Spliters': 5.0, 'Counters': 1.0}, {'Max_spout': 1.0, 'Spliters': 3.0, 'Counters': 2.0}, {'Max_spout': 10.0, 'Spliters': 2.0, 'Counters': 16.0}, {'Max_spout': 10.0, 'Spliters': 2.0, 'Counters': 4.0}, {'Max_spout': 10.0, 'Spliters': 1.0, 'Counters': 4.0}, {'Max_spout': 1.0, 'Spliters': 3.0, 'Counters': 4.0}, {'Max_spout': 10.0, 'Spliters': 1.0, 'Counters': 6.0}, {'Max_spout': 10.0, 'Spliters': 1.0, 'Counters': 11.0}, {'Max_spout': 1.0, 'Spliters': 3.0, 'Counters': 8.0}, {'Max_spout': 1.0, 'Spliters': 4.0, 'Counters': 3.0}
0.6936723538288208, 0.6896457161806981, 0.6929947040064471, 0.5308283119118645, 0.6891361046685434, 0.6923076314743452, 0.5112918951888492, 0.5177385986331378, 0.6901113550504209, 0.6880650567453912, 0.6839583260716027, 0.6880595601647584, 0.5085907185965295, 0.4992543844070516, 0.5190185165885711, 0.6880972510009055, 0.5200707191220714, 0.5325479562887956, 0.6925196424264438, 0.6891361046685434
0.010169744491577148, 0.004541635513305664, 0.009468555450439453, 0.004476070404052734, 0.004395008087158203, 0.0042781829833984375, 0.0043239593505859375, 0.004319906234741211, 0.004347801208496094, 0.004325151443481445, 0.004363059997558594, 0.0048754215240478516, 0.004698038101196289, 0.0043277740478515625, 0.004358053207397461, 0.004266977310180664, 0.004441261291503906, 0.0043637752532958984, 0.0043413639068603516, 0.004460334777832031