{'Max_spout': 10.0, 'Spliters': 4.0, 'Counters': 13.0}, {'Max_spout': 10.0, 'Spliters': 3.0, 'Counters': 9.0}, {'Max_spout': 1.0, 'Spliters': 3.0, 'Counters': 10.0}, {'Max_spout': 10.0, 'Spliters': 3.0, 'Counters': 9.0}, {'Max_spout': 10.0, 'Spliters': 2.0, 'Counters': 8.0}, {'Max_spout': 10.0, 'Spliters': 2.0, 'Counters': 7.0}, {'Max_spout': 10.0, 'Spliters': 3.0, 'Counters': 12.0}, {'Max_spout': 10.0, 'Spliters': 2.0, 'Counters': 13.0}, {'Max_spout': 1.0, 'Spliters': 4.0, 'Counters': 3.0}, {'Max_spout': 1.0, 'Spliters': 3.0, 'Counters': 2.0}, {'Max_spout': 1.0, 'Spliters': 5.0, 'Counters': 1.0}, {'Max_spout': 10.0, 'Spliters': 2.0, 'Counters': 3.0}, {'Max_spout': 10.0, 'Spliters': 2.0, 'Counters': 16.0}, {'Max_spout': 10.0, 'Spliters': 2.0, 'Counters': 7.0}, {'Max_spout': 10.0, 'Spliters': 1.0, 'Counters': 4.0}, {'Max_spout': 1.0, 'Spliters': 3.0, 'Counters': 4.0}, {'Max_spout': 10.0, 'Spliters': 1.0, 'Counters': 6.0}, {'Max_spout': 10.0, 'Spliters': 2.0, 'Counters': 3.0}, {'Max_spout': 10.0, 'Spliters': 3.0, 'Counters': 1.0}, {'Max_spout': 1.0, 'Spliters': 4.0, 'Counters': 3.0}
0.5121477912631147, 0.5090304450365457, 0.6929947040064471, 0.5090304450365457, 0.5029292409357543, 0.4982414432037423, 0.5112918951888492, 0.5058345762107026, 0.6891361046685434, 0.6880595601647584, 0.6839583260716027, 0.47947454772487985, 0.5085907185965295, 0.4982414432037423, 0.5190185165885711, 0.6880972510009055, 0.5200707191220714, 0.47947454772487985, 0.5164429761191779, 0.6891361046685434
0.026135683059692383, 0.01418161392211914, 0.014136314392089844, 0.014173746109008789, 0.013867616653442383, 0.013669967651367188, 0.013923168182373047, 0.013948440551757812, 0.01399850845336914, 0.014763832092285156, 0.014036417007446289, 0.014077901840209961, 0.014287471771240234, 0.014058113098144531, 0.01379847526550293, 0.013415336608886719, 0.01389622688293457, 0.014185667037963867, 0.013851642608642578, 0.014270544052124023