{'Max_spout': 10.0, 'Spliters': 2.0, 'Counters': 6.0}, {'Max_spout': 10.0, 'Spliters': 2.0, 'Counters': 6.0}, {'Max_spout': 10.0, 'Spliters': 3.0, 'Counters': 6.0}, {'Max_spout': 10.0, 'Spliters': 2.0, 'Counters': 6.0}, {'Max_spout': 10.0, 'Spliters': 2.0, 'Counters': 3.0}, {'Max_spout': 10.0, 'Spliters': 2.0, 'Counters': 6.0}, {'Max_spout': 10.0, 'Spliters': 2.0, 'Counters': 6.0}, {'Max_spout': 10.0, 'Spliters': 2.0, 'Counters': 6.0}, {'Max_spout': 10.0, 'Spliters': 2.0, 'Counters': 3.0}, {'Max_spout': 10.0, 'Spliters': 2.0, 'Counters': 3.0}, {'Max_spout': 10.0, 'Spliters': 3.0, 'Counters': 3.0}, {'Max_spout': 10.0, 'Spliters': 2.0, 'Counters': 3.0}, {'Max_spout': 10.0, 'Spliters': 2.0, 'Counters': 3.0}, {'Max_spout': 10.0, 'Spliters': 2.0, 'Counters': 6.0}, {'Max_spout': 10.0, 'Spliters': 2.0, 'Counters': 3.0}, {'Max_spout': 10.0, 'Spliters': 2.0, 'Counters': 3.0}, {'Max_spout': 10.0, 'Spliters': 2.0, 'Counters': 6.0}, {'Max_spout': 10.0, 'Spliters': 2.0, 'Counters': 6.0}, {'Max_spout': 10.0, 'Spliters': 2.0, 'Counters': 6.0}, {'Max_spout': 10.0, 'Spliters': 2.0, 'Counters': 6.0}
0.527081501219685, 0.527081501219685, 0.5743855507620085, 0.527081501219685, 0.5520985649868085, 0.527081501219685, 0.527081501219685, 0.527081501219685, 0.5520985649868085, 0.5520985649868085, 0.5771260092466575, 0.5520985649868085, 0.5520985649868085, 0.527081501219685, 0.5520985649868085, 0.5520985649868085, 0.527081501219685, 0.527081501219685, 0.527081501219685, 0.527081501219685
0.1342775821685791, 0.05196356773376465, 0.05195426940917969, 0.05214428901672363, 0.051961660385131836, 0.05171060562133789, 0.051708221435546875, 0.05227351188659668, 0.05153179168701172, 0.05159926414489746, 0.05019950866699219, 0.10648274421691895, 0.0503995418548584, 0.050188541412353516, 0.0511012077331543, 0.053395748138427734, 0.05144023895263672, 0.050695180892944336, 0.05086183547973633, 0.05011606216430664