{'Max_spout': 10.0, 'Spliters': 2.0, 'Counters': 6.0}, {'Max_spout': 10.0, 'Spliters': 2.0, 'Counters': 3.0}, {'Max_spout': 1.0, 'Spliters': 3.0, 'Counters': 3.0}, {'Max_spout': 10.0, 'Spliters': 2.0, 'Counters': 3.0}, {'Max_spout': 10.0, 'Spliters': 1.0, 'Counters': 6.0}, {'Max_spout': 10.0, 'Spliters': 3.0, 'Counters': 6.0}, {'Max_spout': 10.0, 'Spliters': 2.0, 'Counters': 3.0}, {'Max_spout': 10.0, 'Spliters': 2.0, 'Counters': 6.0}, {'Max_spout': 1.0, 'Spliters': 3.0, 'Counters': 3.0}, {'Max_spout': 10.0, 'Spliters': 3.0, 'Counters': 3.0}, {'Max_spout': 10.0, 'Spliters': 1.0, 'Counters': 3.0}, {'Max_spout': 10.0, 'Spliters': 1.0, 'Counters': 1.0}, {'Max_spout': 10.0, 'Spliters': 1.0, 'Counters': 6.0}, {'Max_spout': 10.0, 'Spliters': 1.0, 'Counters': 3.0}, {'Max_spout': 10.0, 'Spliters': 1.0, 'Counters': 3.0}, {'Max_spout': 10.0, 'Spliters': 2.0, 'Counters': 3.0}, {'Max_spout': 10.0, 'Spliters': 1.0, 'Counters': 3.0}, {'Max_spout': 10.0, 'Spliters': 1.0, 'Counters': 3.0}, {'Max_spout': 10.0, 'Spliters': 3.0, 'Counters': 3.0}, {'Max_spout': 1.0, 'Spliters': 3.0, 'Counters': 3.0}
0.527081501219685, 0.5520985649868085, 0.6934428970774223, 0.5520985649868085, 0.5948040425047345, 0.5743855507620085, 0.5520985649868085, 0.527081501219685, 0.6934428970774223, 0.5771260092466575, 0.5994441369105635, 0.6551968973476052, 0.5948040425047345, 0.5994441369105635, 0.5994441369105635, 0.5520985649868085, 0.5994441369105635, 0.5994441369105635, 0.5771260092466575, 0.6934428970774223
0.033962249755859375, 0.01380014419555664, 0.013519287109375, 0.014334678649902344, 0.014150142669677734, 0.013480663299560547, 0.013525962829589844, 0.013614892959594727, 0.013742208480834961, 0.013508081436157227, 0.01385354995727539, 0.013758659362792969, 0.01517176628112793, 0.014170646667480469, 0.013746261596679688, 0.013367891311645508, 0.013338088989257812, 0.013785123825073242, 0.01733684539794922, 0.014050722122192383