{'Max_spout': 10.0, 'Spliters': 2.0, 'Counters': 6.0}, {'Max_spout': 10.0, 'Spliters': 2.0, 'Counters': 3.0}, {'Max_spout': 1.0, 'Spliters': 3.0, 'Counters': 3.0}, {'Max_spout': 10.0, 'Spliters': 2.0, 'Counters': 3.0}, {'Max_spout': 10.0, 'Spliters': 1.0, 'Counters': 6.0}, {'Max_spout': 10.0, 'Spliters': 1.0, 'Counters': 3.0}, {'Max_spout': 10.0, 'Spliters': 2.0, 'Counters': 3.0}, {'Max_spout': 10.0, 'Spliters': 2.0, 'Counters': 6.0}, {'Max_spout': 1.0, 'Spliters': 3.0, 'Counters': 3.0}, {'Max_spout': 1.0, 'Spliters': 3.0, 'Counters': 1.0}, {'Max_spout': 1.0, 'Spliters': 3.0, 'Counters': 3.0}, {'Max_spout': 10.0, 'Spliters': 1.0, 'Counters': 1.0}, {'Max_spout': 10.0, 'Spliters': 1.0, 'Counters': 6.0}, {'Max_spout': 10.0, 'Spliters': 1.0, 'Counters': 3.0}, {'Max_spout': 10.0, 'Spliters': 1.0, 'Counters': 3.0}, {'Max_spout': 1.0, 'Spliters': 2.0, 'Counters': 3.0}, {'Max_spout': 10.0, 'Spliters': 1.0, 'Counters': 3.0}, {'Max_spout': 10.0, 'Spliters': 1.0, 'Counters': 3.0}, {'Max_spout': 10.0, 'Spliters': 3.0, 'Counters': 3.0}, {'Max_spout': 1.0, 'Spliters': 3.0, 'Counters': 3.0}
0.527081501219685, 0.5520985649868085, 0.6934428970774223, 0.5520985649868085, 0.5948040425047345, 0.5994441369105635, 0.5520985649868085, 0.527081501219685, 0.6934428970774223, 0.6955927036557877, 0.6934428970774223, 0.6551968973476052, 0.5948040425047345, 0.5994441369105635, 0.5994441369105635, 0.7022092498332593, 0.5994441369105635, 0.5994441369105635, 0.5771260092466575, 0.6934428970774223
0.14509344100952148, 0.013793706893920898, 0.009384870529174805, 0.008750438690185547, 0.008583307266235352, 0.008306026458740234, 0.00843191146850586, 0.008676528930664062, 0.008537530899047852, 0.008497476577758789, 0.008572101593017578, 0.008452892303466797, 0.008666515350341797, 0.008719921112060547, 0.008565425872802734, 0.008256912231445312, 0.008313417434692383, 0.008630990982055664, 0.008913755416870117, 0.008408546447753906