{'Max_spout': 1.0, 'Spliters': 2.0, 'Counters': 3.0}, {'Max_spout': 1.0, 'Spliters': 2.0, 'Counters': 3.0}, {'Max_spout': 1.0, 'Spliters': 3.0, 'Counters': 3.0}, {'Max_spout': 10.0, 'Spliters': 1.0, 'Counters': 6.0}, {'Max_spout': 1.0, 'Spliters': 3.0, 'Counters': 3.0}, {'Max_spout': 1.0, 'Spliters': 2.0, 'Counters': 6.0}, {'Max_spout': 10.0, 'Spliters': 2.0, 'Counters': 3.0}, {'Max_spout': 10.0, 'Spliters': 3.0, 'Counters': 6.0}, {'Max_spout': 1.0, 'Spliters': 3.0, 'Counters': 3.0}, {'Max_spout': 1.0, 'Spliters': 3.0, 'Counters': 1.0}, {'Max_spout': 1.0, 'Spliters': 3.0, 'Counters': 1.0}, {'Max_spout': 1.0, 'Spliters': 3.0, 'Counters': 3.0}, {'Max_spout': 10.0, 'Spliters': 1.0, 'Counters': 6.0}, {'Max_spout': 10.0, 'Spliters': 1.0, 'Counters': 1.0}, {'Max_spout': 10.0, 'Spliters': 1.0, 'Counters': 1.0}, {'Max_spout': 1.0, 'Spliters': 1.0, 'Counters': 1.0}, {'Max_spout': 10.0, 'Spliters': 1.0, 'Counters': 3.0}, {'Max_spout': 10.0, 'Spliters': 1.0, 'Counters': 3.0}, {'Max_spout': 1.0, 'Spliters': 3.0, 'Counters': 3.0}, {'Max_spout': 1.0, 'Spliters': 3.0, 'Counters': 3.0}
0.7022092498332593, 0.7022092498332593, 0.6934428970774223, 0.5948040425047345, 0.6934428970774223, 0.7017172129853888, 0.5520985649868085, 0.5743855507620085, 0.6934428970774223, 0.6955927036557877, 0.6955927036557877, 0.6934428970774223, 0.5948040425047345, 0.6551968973476052, 0.6551968973476052, 0.7037071594887963, 0.5994441369105635, 0.5994441369105635, 0.6934428970774223, 0.6934428970774223
0.021513700485229492, 0.008633136749267578, 0.01113438606262207, 0.005476236343383789, 0.0056915283203125, 0.00464940071105957, 0.004380464553833008, 0.0042498111724853516, 0.0041730403900146484, 0.004213809967041016, 0.0040547847747802734, 0.004248619079589844, 0.004133462905883789, 0.004353046417236328, 0.004362344741821289, 0.004487037658691406, 0.004374980926513672, 0.004839181900024414, 0.004457712173461914, 0.004170417785644531