{'Max_spout': 10.0, 'Spliters': 2.0, 'Counters': 6.0}, {'Max_spout': 10.0, 'Spliters': 2.0, 'Counters': 3.0}, {'Max_spout': 1.0, 'Spliters': 3.0, 'Counters': 1.0}, {'Max_spout': 10.0, 'Spliters': 2.0, 'Counters': 3.0}, {'Max_spout': 10.0, 'Spliters': 1.0, 'Counters': 6.0}, {'Max_spout': 10.0, 'Spliters': 3.0, 'Counters': 6.0}, {'Max_spout': 10.0, 'Spliters': 3.0, 'Counters': 6.0}, {'Max_spout': 10.0, 'Spliters': 2.0, 'Counters': 6.0}, {'Max_spout': 1.0, 'Spliters': 3.0, 'Counters': 1.0}, {'Max_spout': 10.0, 'Spliters': 3.0, 'Counters': 3.0}, {'Max_spout': 10.0, 'Spliters': 1.0, 'Counters': 3.0}, {'Max_spout': 10.0, 'Spliters': 1.0, 'Counters': 1.0}, {'Max_spout': 10.0, 'Spliters': 1.0, 'Counters': 6.0}, {'Max_spout': 10.0, 'Spliters': 1.0, 'Counters': 3.0}, {'Max_spout': 10.0, 'Spliters': 1.0, 'Counters': 3.0}, {'Max_spout': 10.0, 'Spliters': 2.0, 'Counters': 3.0}, {'Max_spout': 10.0, 'Spliters': 1.0, 'Counters': 3.0}, {'Max_spout': 10.0, 'Spliters': 1.0, 'Counters': 3.0}, {'Max_spout': 10.0, 'Spliters': 3.0, 'Counters': 3.0}, {'Max_spout': 1.0, 'Spliters': 3.0, 'Counters': 1.0}
0.5477971947868483, 0.5897734025356605, 0.6966145045739909, 0.5897734025356605, 0.5963650992280811, 0.5637853132975172, 0.5637853132975172, 0.5477971947868483, 0.6966145045739909, 0.5882349459624201, 0.6040692187838723, 0.6655506985551767, 0.5963650992280811, 0.6040692187838723, 0.6040692187838723, 0.5897734025356605, 0.6040692187838723, 0.6040692187838723, 0.5882349459624201, 0.6966145045739909
0.02413630485534668, 0.0130157470703125, 0.012819290161132812, 0.013703107833862305, 0.013617753982543945, 0.013437509536743164, 0.013731002807617188, 0.013514041900634766, 0.01362752914428711, 0.013633966445922852, 0.014178276062011719, 0.013529062271118164, 0.013833045959472656, 0.013857126235961914, 0.013537883758544922, 0.013225078582763672, 0.012563467025756836, 0.012726306915283203, 0.012549638748168945, 0.0121917724609375