{'Max_spout': 10.0, 'Spliters': 2.0, 'Counters': 6.0}, {'Max_spout': 10.0, 'Spliters': 2.0, 'Counters': 6.0}, {'Max_spout': 10.0, 'Spliters': 2.0, 'Counters': 6.0}, {'Max_spout': 10.0, 'Spliters': 2.0, 'Counters': 6.0}, {'Max_spout': 10.0, 'Spliters': 2.0, 'Counters': 6.0}, {'Max_spout': 10.0, 'Spliters': 2.0, 'Counters': 6.0}, {'Max_spout': 10.0, 'Spliters': 2.0, 'Counters': 6.0}, {'Max_spout': 10.0, 'Spliters': 2.0, 'Counters': 6.0}, {'Max_spout': 10.0, 'Spliters': 2.0, 'Counters': 6.0}, {'Max_spout': 10.0, 'Spliters': 2.0, 'Counters': 6.0}, {'Max_spout': 10.0, 'Spliters': 3.0, 'Counters': 6.0}, {'Max_spout': 10.0, 'Spliters': 2.0, 'Counters': 6.0}, {'Max_spout': 10.0, 'Spliters': 2.0, 'Counters': 6.0}, {'Max_spout': 10.0, 'Spliters': 2.0, 'Counters': 6.0}, {'Max_spout': 10.0, 'Spliters': 2.0, 'Counters': 6.0}, {'Max_spout': 10.0, 'Spliters': 2.0, 'Counters': 6.0}, {'Max_spout': 10.0, 'Spliters': 2.0, 'Counters': 6.0}, {'Max_spout': 10.0, 'Spliters': 2.0, 'Counters': 6.0}, {'Max_spout': 10.0, 'Spliters': 2.0, 'Counters': 6.0}, {'Max_spout': 10.0, 'Spliters': 2.0, 'Counters': 6.0}
0.5477971947868483, 0.5477971947868483, 0.5477971947868483, 0.5477971947868483, 0.5477971947868483, 0.5477971947868483, 0.5477971947868483, 0.5477971947868483, 0.5477971947868483, 0.5477971947868483, 0.5637853132975172, 0.5477971947868483, 0.5477971947868483, 0.5477971947868483, 0.5477971947868483, 0.5477971947868483, 0.5477971947868483, 0.5477971947868483, 0.5477971947868483, 0.5477971947868483
0.11993622779846191, 0.10704827308654785, 0.10574722290039062, 0.10626792907714844, 0.10580682754516602, 0.17217707633972168, 0.10449957847595215, 0.10300326347351074, 0.103515625, 0.1068263053894043, 0.103363037109375, 0.10390758514404297, 0.10425615310668945, 0.10363936424255371, 0.1038045883178711, 0.13918685913085938, 0.10532331466674805, 0.10335540771484375, 0.10455012321472168, 0.10561466217041016