{'Max_spout': 1.0, 'Spliters': 3.0, 'Counters': 1.0}, {'Max_spout': 1.0, 'Spliters': 2.0, 'Counters': 3.0}, {'Max_spout': 1.0, 'Spliters': 3.0, 'Counters': 1.0}, {'Max_spout': 10.0, 'Spliters': 2.0, 'Counters': 3.0}, {'Max_spout': 10.0, 'Spliters': 1.0, 'Counters': 6.0}, {'Max_spout': 10.0, 'Spliters': 1.0, 'Counters': 3.0}, {'Max_spout': 10.0, 'Spliters': 2.0, 'Counters': 3.0}, {'Max_spout': 10.0, 'Spliters': 3.0, 'Counters': 6.0}, {'Max_spout': 1.0, 'Spliters': 3.0, 'Counters': 1.0}, {'Max_spout': 1.0, 'Spliters': 3.0, 'Counters': 1.0}, {'Max_spout': 1.0, 'Spliters': 3.0, 'Counters': 1.0}, {'Max_spout': 1.0, 'Spliters': 3.0, 'Counters': 6.0}, {'Max_spout': 10.0, 'Spliters': 1.0, 'Counters': 6.0}, {'Max_spout': 10.0, 'Spliters': 1.0, 'Counters': 1.0}, {'Max_spout': 10.0, 'Spliters': 1.0, 'Counters': 3.0}, {'Max_spout': 1.0, 'Spliters': 2.0, 'Counters': 3.0}, {'Max_spout': 10.0, 'Spliters': 1.0, 'Counters': 3.0}, {'Max_spout': 10.0, 'Spliters': 1.0, 'Counters': 3.0}, {'Max_spout': 1.0, 'Spliters': 3.0, 'Counters': 3.0}, {'Max_spout': 1.0, 'Spliters': 3.0, 'Counters': 1.0}
0.6966145045739909, 0.7043813454755053, 0.6966145045739909, 0.5897734025356605, 0.5963650992280811, 0.6040692187838723, 0.5897734025356605, 0.5637853132975172, 0.6966145045739909, 0.6966145045739909, 0.6966145045739909, 0.6980819558487125, 0.5963650992280811, 0.6655506985551767, 0.6040692187838723, 0.7043813454755053, 0.6040692187838723, 0.6040692187838723, 0.6981186421303903, 0.6966145045739909
0.0199582576751709, 0.01376652717590332, 0.008471488952636719, 0.008256196975708008, 0.008168458938598633, 0.008602619171142578, 0.008646249771118164, 0.008413076400756836, 0.00840139389038086, 0.008302927017211914, 0.00812840461730957, 0.008186101913452148, 0.008196115493774414, 0.008237361907958984, 0.008153915405273438, 0.008106231689453125, 0.008285999298095703, 0.00868368148803711, 0.008111953735351562, 0.008464574813842773