{'Max_spout': 10.0, 'Spliters': 2.0, 'Counters': 6.0}, {'Max_spout': 10.0, 'Spliters': 2.0, 'Counters': 3.0}, {'Max_spout': 10.0, 'Spliters': 1.0, 'Counters': 6.0}, {'Max_spout': 10.0, 'Spliters': 2.0, 'Counters': 3.0}, {'Max_spout': 10.0, 'Spliters': 3.0, 'Counters': 3.0}, {'Max_spout': 10.0, 'Spliters': 2.0, 'Counters': 6.0}, {'Max_spout': 10.0, 'Spliters': 2.0, 'Counters': 6.0}, {'Max_spout': 10.0, 'Spliters': 2.0, 'Counters': 6.0}, {'Max_spout': 10.0, 'Spliters': 3.0, 'Counters': 3.0}, {'Max_spout': 10.0, 'Spliters': 3.0, 'Counters': 3.0}, {'Max_spout': 10.0, 'Spliters': 3.0, 'Counters': 3.0}, {'Max_spout': 10.0, 'Spliters': 3.0, 'Counters': 6.0}, {'Max_spout': 10.0, 'Spliters': 1.0, 'Counters': 6.0}, {'Max_spout': 10.0, 'Spliters': 1.0, 'Counters': 6.0}, {'Max_spout': 10.0, 'Spliters': 3.0, 'Counters': 3.0}, {'Max_spout': 10.0, 'Spliters': 2.0, 'Counters': 3.0}, {'Max_spout': 10.0, 'Spliters': 2.0, 'Counters': 3.0}, {'Max_spout': 10.0, 'Spliters': 3.0, 'Counters': 3.0}, {'Max_spout': 10.0, 'Spliters': 3.0, 'Counters': 3.0}, {'Max_spout': 10.0, 'Spliters': 2.0, 'Counters': 6.0}
0.5477971947868483, 0.5897734025356605, 0.5963650992280811, 0.5897734025356605, 0.5882349459624201, 0.5477971947868483, 0.5477971947868483, 0.5477971947868483, 0.5882349459624201, 0.5882349459624201, 0.5882349459624201, 0.5637853132975172, 0.5963650992280811, 0.5963650992280811, 0.5882349459624201, 0.5897734025356605, 0.5897734025356605, 0.5882349459624201, 0.5882349459624201, 0.5477971947868483
0.06199812889099121, 0.026248931884765625, 0.025929689407348633, 0.025938034057617188, 0.026018619537353516, 0.026043176651000977, 0.026347875595092773, 0.026225805282592773, 0.025970935821533203, 0.026080608367919922, 0.02588200569152832, 0.02612447738647461, 0.02562689781188965, 0.025754928588867188, 0.02564859390258789, 0.025568485260009766, 0.02905726432800293, 0.02697277069091797, 0.02612447738647461, 0.025801420211791992