{'Max_spout': 10.0, 'Spliters': 2.0, 'Counters': 6.0}, {'Max_spout': 10.0, 'Spliters': 2.0, 'Counters': 3.0}, {'Max_spout': 1.0, 'Spliters': 3.0, 'Counters': 1.0}, {'Max_spout': 10.0, 'Spliters': 2.0, 'Counters': 3.0}, {'Max_spout': 10.0, 'Spliters': 1.0, 'Counters': 6.0}, {'Max_spout': 10.0, 'Spliters': 1.0, 'Counters': 3.0}, {'Max_spout': 10.0, 'Spliters': 2.0, 'Counters': 3.0}, {'Max_spout': 10.0, 'Spliters': 2.0, 'Counters': 6.0}, {'Max_spout': 1.0, 'Spliters': 3.0, 'Counters': 1.0}, {'Max_spout': 1.0, 'Spliters': 3.0, 'Counters': 1.0}, {'Max_spout': 1.0, 'Spliters': 3.0, 'Counters': 1.0}, {'Max_spout': 10.0, 'Spliters': 1.0, 'Counters': 1.0}, {'Max_spout': 10.0, 'Spliters': 1.0, 'Counters': 6.0}, {'Max_spout': 10.0, 'Spliters': 1.0, 'Counters': 3.0}, {'Max_spout': 10.0, 'Spliters': 1.0, 'Counters': 3.0}, {'Max_spout': 1.0, 'Spliters': 2.0, 'Counters': 3.0}, {'Max_spout': 10.0, 'Spliters': 1.0, 'Counters': 3.0}, {'Max_spout': 10.0, 'Spliters': 1.0, 'Counters': 3.0}, {'Max_spout': 10.0, 'Spliters': 3.0, 'Counters': 3.0}, {'Max_spout': 1.0, 'Spliters': 3.0, 'Counters': 1.0}
0.5477971947868483, 0.5897734025356605, 0.6966145045739909, 0.5897734025356605, 0.5963650992280811, 0.6040692187838723, 0.5897734025356605, 0.5477971947868483, 0.6966145045739909, 0.6966145045739909, 0.6966145045739909, 0.6655506985551767, 0.5963650992280811, 0.6040692187838723, 0.6040692187838723, 0.7043813454755053, 0.6040692187838723, 0.6040692187838723, 0.5882349459624201, 0.6966145045739909
0.03506016731262207, 0.015680789947509766, 0.01279139518737793, 0.012662172317504883, 0.01251363754272461, 0.012552976608276367, 0.012431859970092773, 0.01300668716430664, 0.012413740158081055, 0.01251840591430664, 0.012374162673950195, 0.012541532516479492, 0.01235508918762207, 0.012492179870605469, 0.01231837272644043, 0.011722803115844727, 0.012182950973510742, 0.01291346549987793, 0.012948036193847656, 0.01223301887512207