{'Max_spout': 1.0, 'Spliters': 2.0, 'Counters': 3.0}, {'Max_spout': 1.0, 'Spliters': 2.0, 'Counters': 3.0}, {'Max_spout': 1.0, 'Spliters': 3.0, 'Counters': 3.0}, {'Max_spout': 10.0, 'Spliters': 1.0, 'Counters': 6.0}, {'Max_spout': 1.0, 'Spliters': 3.0, 'Counters': 3.0}, {'Max_spout': 1.0, 'Spliters': 2.0, 'Counters': 3.0}, {'Max_spout': 10.0, 'Spliters': 2.0, 'Counters': 3.0}, {'Max_spout': 10.0, 'Spliters': 3.0, 'Counters': 6.0}, {'Max_spout': 1.0, 'Spliters': 3.0, 'Counters': 3.0}, {'Max_spout': 1.0, 'Spliters': 3.0, 'Counters': 1.0}, {'Max_spout': 1.0, 'Spliters': 3.0, 'Counters': 1.0}, {'Max_spout': 1.0, 'Spliters': 3.0, 'Counters': 6.0}, {'Max_spout': 10.0, 'Spliters': 1.0, 'Counters': 6.0}, {'Max_spout': 10.0, 'Spliters': 1.0, 'Counters': 1.0}, {'Max_spout': 10.0, 'Spliters': 1.0, 'Counters': 1.0}, {'Max_spout': 1.0, 'Spliters': 1.0, 'Counters': 6.0}, {'Max_spout': 10.0, 'Spliters': 1.0, 'Counters': 3.0}, {'Max_spout': 10.0, 'Spliters': 1.0, 'Counters': 3.0}, {'Max_spout': 1.0, 'Spliters': 3.0, 'Counters': 3.0}, {'Max_spout': 1.0, 'Spliters': 3.0, 'Counters': 3.0}
0.7043813454755053, 0.7043813454755053, 0.6981186421303903, 0.5963650992280811, 0.6981186421303903, 0.7043813454755053, 0.5897734025356605, 0.5637853132975172, 0.6981186421303903, 0.6966145045739909, 0.6966145045739909, 0.6980819558487125, 0.5963650992280811, 0.6655506985551767, 0.6655506985551767, 0.704815663718125, 0.6040692187838723, 0.6040692187838723, 0.6981186421303903, 0.6981186421303903
0.012515544891357422, 0.00532221794128418, 0.012104988098144531, 0.004653215408325195, 0.004649162292480469, 0.004553794860839844, 0.004505634307861328, 0.004549264907836914, 0.0045435428619384766, 0.0045702457427978516, 0.00460362434387207, 0.004643440246582031, 0.004425764083862305, 0.004477500915527344, 0.00435185432434082, 0.004431247711181641, 0.0044765472412109375, 0.004462003707885742, 0.012589216232299805, 0.007767677307128906