{'Max_spout': 1.0, 'Spliters': 1.0, 'Counters': 6.0}, {'Max_spout': 1.0, 'Spliters': 1.0, 'Counters': 6.0}, {'Max_spout': 1.0, 'Spliters': 1.0, 'Counters': 6.0}, {'Max_spout': 1.0, 'Spliters': 1.0, 'Counters': 6.0}, {'Max_spout': 1.0, 'Spliters': 1.0, 'Counters': 6.0}, {'Max_spout': 1.0, 'Spliters': 1.0, 'Counters': 6.0}, {'Max_spout': 1.0, 'Spliters': 1.0, 'Counters': 6.0}, {'Max_spout': 1.0, 'Spliters': 1.0, 'Counters': 6.0}, {'Max_spout': 1.0, 'Spliters': 1.0, 'Counters': 6.0}, {'Max_spout': 1.0, 'Spliters': 1.0, 'Counters': 6.0}, {'Max_spout': 1.0, 'Spliters': 1.0, 'Counters': 6.0}, {'Max_spout': 1.0, 'Spliters': 1.0, 'Counters': 6.0}, {'Max_spout': 1.0, 'Spliters': 1.0, 'Counters': 6.0}, {'Max_spout': 1.0, 'Spliters': 1.0, 'Counters': 6.0}, {'Max_spout': 1.0, 'Spliters': 1.0, 'Counters': 6.0}, {'Max_spout': 1.0, 'Spliters': 1.0, 'Counters': 6.0}, {'Max_spout': 1.0, 'Spliters': 1.0, 'Counters': 6.0}, {'Max_spout': 1.0, 'Spliters': 1.0, 'Counters': 6.0}, {'Max_spout': 1.0, 'Spliters': 1.0, 'Counters': 6.0}, {'Max_spout': 1.0, 'Spliters': 1.0, 'Counters': 6.0}
0.003361783712524935, 0.003361783712524935, 0.003361783712524935, 0.003361783712524935, 0.003361783712524935, 0.003361783712524935, 0.003361783712524935, 0.003361783712524935, 0.003361783712524935, 0.003361783712524935, 0.003361783712524935, 0.003361783712524935, 0.003361783712524935, 0.003361783712524935, 0.003361783712524935, 0.003361783712524935, 0.003361783712524935, 0.003361783712524935, 0.003361783712524935, 0.003361783712524935
0.14586448669433594, 0.04100203514099121, 0.040033817291259766, 0.04054760932922363, 0.06271100044250488, 0.0410311222076416, 0.04155778884887695, 0.03959488868713379, 0.038809776306152344, 0.038526058197021484, 0.03859376907348633, 0.038956642150878906, 0.037714481353759766, 0.03896617889404297, 0.040689706802368164, 0.03917050361633301, 0.038726091384887695, 0.040955543518066406, 0.04123282432556152, 0.04028677940368652