{'Max_spout': 1.0, 'Spliters': 1.0, 'Counters': 6.0}, {'Max_spout': 1.0, 'Spliters': 1.0, 'Counters': 6.0}, {'Max_spout': 1.0, 'Spliters': 1.0, 'Counters': 6.0}, {'Max_spout': 1.0, 'Spliters': 1.0, 'Counters': 6.0}, {'Max_spout': 1.0, 'Spliters': 1.0, 'Counters': 6.0}, {'Max_spout': 1.0, 'Spliters': 1.0, 'Counters': 6.0}, {'Max_spout': 1.0, 'Spliters': 1.0, 'Counters': 6.0}, {'Max_spout': 1.0, 'Spliters': 1.0, 'Counters': 6.0}, {'Max_spout': 1.0, 'Spliters': 1.0, 'Counters': 6.0}, {'Max_spout': 1.0, 'Spliters': 1.0, 'Counters': 6.0}, {'Max_spout': 1.0, 'Spliters': 1.0, 'Counters': 6.0}, {'Max_spout': 1.0, 'Spliters': 1.0, 'Counters': 6.0}, {'Max_spout': 1.0, 'Spliters': 1.0, 'Counters': 6.0}, {'Max_spout': 1.0, 'Spliters': 1.0, 'Counters': 6.0}, {'Max_spout': 1.0, 'Spliters': 1.0, 'Counters': 6.0}, {'Max_spout': 1.0, 'Spliters': 1.0, 'Counters': 6.0}, {'Max_spout': 1.0, 'Spliters': 1.0, 'Counters': 6.0}, {'Max_spout': 1.0, 'Spliters': 1.0, 'Counters': 6.0}, {'Max_spout': 1.0, 'Spliters': 1.0, 'Counters': 6.0}, {'Max_spout': 1.0, 'Spliters': 1.0, 'Counters': 6.0}
0.003361783712524935, 0.003361783712524935, 0.003361783712524935, 0.003361783712524935, 0.003361783712524935, 0.003361783712524935, 0.003361783712524935, 0.003361783712524935, 0.003361783712524935, 0.003361783712524935, 0.003361783712524935, 0.003361783712524935, 0.003361783712524935, 0.003361783712524935, 0.003361783712524935, 0.003361783712524935, 0.003361783712524935, 0.003361783712524935, 0.003361783712524935, 0.003361783712524935
0.06362485885620117, 0.04971599578857422, 0.04956245422363281, 0.049623727798461914, 0.04909157752990723, 0.04912424087524414, 0.0491640567779541, 0.04919934272766113, 0.04895758628845215, 0.0490267276763916, 0.11156487464904785, 0.0477297306060791, 0.04779052734375, 0.04742908477783203, 0.04771065711975098, 0.04718327522277832, 0.04778265953063965, 0.04801130294799805, 0.047952890396118164, 0.04721498489379883