{'Max_spout': 1.0, 'Spliters': 1.0, 'Counters': 3.0}, {'Max_spout': 1.0, 'Spliters': 2.0, 'Counters': 1.0}, {'Max_spout': 1.0, 'Spliters': 1.0, 'Counters': 3.0}, {'Max_spout': 1.0, 'Spliters': 1.0, 'Counters': 3.0}, {'Max_spout': 1.0, 'Spliters': 2.0, 'Counters': 1.0}, {'Max_spout': 1.0, 'Spliters': 2.0, 'Counters': 1.0}, {'Max_spout': 1.0, 'Spliters': 1.0, 'Counters': 3.0}, {'Max_spout': 1.0, 'Spliters': 1.0, 'Counters': 3.0}, {'Max_spout': 1.0, 'Spliters': 1.0, 'Counters': 3.0}, {'Max_spout': 1.0, 'Spliters': 2.0, 'Counters': 1.0}, {'Max_spout': 1.0, 'Spliters': 1.0, 'Counters': 3.0}, {'Max_spout': 1.0, 'Spliters': 2.0, 'Counters': 1.0}, {'Max_spout': 1.0, 'Spliters': 1.0, 'Counters': 3.0}, {'Max_spout': 1.0, 'Spliters': 1.0, 'Counters': 1.0}, {'Max_spout': 1.0, 'Spliters': 1.0, 'Counters': 1.0}, {'Max_spout': 1.0, 'Spliters': 2.0, 'Counters': 1.0}, {'Max_spout': 1.0, 'Spliters': 2.0, 'Counters': 1.0}, {'Max_spout': 1.0, 'Spliters': 2.0, 'Counters': 1.0}, {'Max_spout': 1.0, 'Spliters': 1.0, 'Counters': 3.0}, {'Max_spout': 1.0, 'Spliters': 2.0, 'Counters': 1.0}
0.0019296845057882317, 0.0019045801973868182, 0.0019296845057882317, 0.0019296845057882317, 0.0019045801973868182, 0.0019045801973868182, 0.0019296845057882317, 0.0019296845057882317, 0.0019296845057882317, 0.0019045801973868182, 0.0019296845057882317, 0.0019045801973868182, 0.0019296845057882317, 0.0023531105074919845, 0.0023531105074919845, 0.0019045801973868182, 0.0019045801973868182, 0.0019045801973868182, 0.0019296845057882317, 0.0019045801973868182
0.011188030242919922, 0.005895853042602539, 0.011004209518432617, 0.004183769226074219, 0.004322528839111328, 0.004229068756103516, 0.004334688186645508, 0.00425267219543457, 0.004195451736450195, 0.004263401031494141, 0.0041582584381103516, 0.0042629241943359375, 0.0041615962982177734, 0.0041654109954833984, 0.004033088684082031, 0.004126310348510742, 0.004322052001953125, 0.004212617874145508, 0.004094362258911133, 0.004136562347412109