{'Max_spout': 1.0, 'Spliters': 2.0, 'Counters': 1.0}, {'Max_spout': 1.0, 'Spliters': 2.0, 'Counters': 1.0}, {'Max_spout': 1.0, 'Spliters': 2.0, 'Counters': 1.0}, {'Max_spout': 1.0, 'Spliters': 2.0, 'Counters': 1.0}, {'Max_spout': 1.0, 'Spliters': 2.0, 'Counters': 1.0}, {'Max_spout': 1.0, 'Spliters': 2.0, 'Counters': 1.0}, {'Max_spout': 1.0, 'Spliters': 2.0, 'Counters': 1.0}, {'Max_spout': 1.0, 'Spliters': 2.0, 'Counters': 1.0}, {'Max_spout': 1.0, 'Spliters': 2.0, 'Counters': 1.0}, {'Max_spout': 1.0, 'Spliters': 2.0, 'Counters': 1.0}, {'Max_spout': 1.0, 'Spliters': 2.0, 'Counters': 1.0}, {'Max_spout': 1.0, 'Spliters': 2.0, 'Counters': 1.0}, {'Max_spout': 1.0, 'Spliters': 2.0, 'Counters': 1.0}, {'Max_spout': 1.0, 'Spliters': 2.0, 'Counters': 1.0}, {'Max_spout': 1.0, 'Spliters': 2.0, 'Counters': 1.0}, {'Max_spout': 1.0, 'Spliters': 2.0, 'Counters': 1.0}, {'Max_spout': 1.0, 'Spliters': 2.0, 'Counters': 1.0}, {'Max_spout': 1.0, 'Spliters': 2.0, 'Counters': 1.0}, {'Max_spout': 1.0, 'Spliters': 2.0, 'Counters': 1.0}, {'Max_spout': 1.0, 'Spliters': 2.0, 'Counters': 1.0}
0.0019045801973868182, 0.0019045801973868182, 0.0019045801973868182, 0.0019045801973868182, 0.0019045801973868182, 0.0019045801973868182, 0.0019045801973868182, 0.0019045801973868182, 0.0019045801973868182, 0.0019045801973868182, 0.0019045801973868182, 0.0019045801973868182, 0.0019045801973868182, 0.0019045801973868182, 0.0019045801973868182, 0.0019045801973868182, 0.0019045801973868182, 0.0019045801973868182, 0.0019045801973868182, 0.0019045801973868182
0.08334541320800781, 0.02891397476196289, 0.02904820442199707, 0.02928924560546875, 0.02890181541442871, 0.028859615325927734, 0.0291287899017334, 0.028906822204589844, 0.02862548828125, 0.028764009475708008, 0.07302117347717285, 0.026830673217773438, 0.02672290802001953, 0.027261734008789062, 0.02668619155883789, 0.09049510955810547, 0.02836298942565918, 0.030410289764404297, 0.028609275817871094, 0.026760339736938477