{'Max_spout': 1.0, 'Spliters': 2.0, 'Counters': 1.0}, {'Max_spout': 1.0, 'Spliters': 2.0, 'Counters': 1.0}, {'Max_spout': 1.0, 'Spliters': 2.0, 'Counters': 1.0}, {'Max_spout': 1.0, 'Spliters': 2.0, 'Counters': 1.0}, {'Max_spout': 1.0, 'Spliters': 2.0, 'Counters': 1.0}, {'Max_spout': 1.0, 'Spliters': 2.0, 'Counters': 1.0}, {'Max_spout': 1.0, 'Spliters': 1.0, 'Counters': 3.0}, {'Max_spout': 1.0, 'Spliters': 1.0, 'Counters': 3.0}, {'Max_spout': 1.0, 'Spliters': 2.0, 'Counters': 1.0}, {'Max_spout': 1.0, 'Spliters': 2.0, 'Counters': 1.0}, {'Max_spout': 1.0, 'Spliters': 2.0, 'Counters': 1.0}, {'Max_spout': 1.0, 'Spliters': 2.0, 'Counters': 1.0}, {'Max_spout': 1.0, 'Spliters': 2.0, 'Counters': 1.0}, {'Max_spout': 1.0, 'Spliters': 2.0, 'Counters': 1.0}, {'Max_spout': 1.0, 'Spliters': 2.0, 'Counters': 1.0}, {'Max_spout': 1.0, 'Spliters': 2.0, 'Counters': 1.0}, {'Max_spout': 1.0, 'Spliters': 2.0, 'Counters': 1.0}, {'Max_spout': 1.0, 'Spliters': 2.0, 'Counters': 1.0}, {'Max_spout': 1.0, 'Spliters': 2.0, 'Counters': 1.0}, {'Max_spout': 1.0, 'Spliters': 2.0, 'Counters': 1.0}
0.0019045801973868182, 0.0019045801973868182, 0.0019045801973868182, 0.0019045801973868182, 0.0019045801973868182, 0.0019045801973868182, 0.0019296845057882317, 0.0019296845057882317, 0.0019045801973868182, 0.0019045801973868182, 0.0019045801973868182, 0.0019045801973868182, 0.0019045801973868182, 0.0019045801973868182, 0.0019045801973868182, 0.0019045801973868182, 0.0019045801973868182, 0.0019045801973868182, 0.0019045801973868182, 0.0019045801973868182
0.029299497604370117, 0.01572132110595703, 0.01538228988647461, 0.015566110610961914, 0.015698909759521484, 0.015285015106201172, 0.020125150680541992, 0.01621103286743164, 0.015405416488647461, 0.015575170516967773, 0.015380144119262695, 0.015183448791503906, 0.015433311462402344, 0.015500783920288086, 0.015333890914916992, 0.015548229217529297, 0.01580500602722168, 0.015796422958374023, 0.015596628189086914, 0.015301942825317383