{'Max_spout': 1.0, 'Spliters': 2.0, 'Counters': 1.0}, {'Max_spout': 1.0, 'Spliters': 2.0, 'Counters': 1.0}, {'Max_spout': 1.0, 'Spliters': 1.0, 'Counters': 3.0}, {'Max_spout': 1.0, 'Spliters': 2.0, 'Counters': 1.0}, {'Max_spout': 1.0, 'Spliters': 2.0, 'Counters': 1.0}, {'Max_spout': 1.0, 'Spliters': 2.0, 'Counters': 1.0}, {'Max_spout': 1.0, 'Spliters': 1.0, 'Counters': 3.0}, {'Max_spout': 1.0, 'Spliters': 1.0, 'Counters': 3.0}, {'Max_spout': 1.0, 'Spliters': 2.0, 'Counters': 1.0}, {'Max_spout': 1.0, 'Spliters': 2.0, 'Counters': 1.0}, {'Max_spout': 1.0, 'Spliters': 2.0, 'Counters': 1.0}, {'Max_spout': 1.0, 'Spliters': 2.0, 'Counters': 1.0}, {'Max_spout': 1.0, 'Spliters': 2.0, 'Counters': 1.0}, {'Max_spout': 1.0, 'Spliters': 2.0, 'Counters': 1.0}, {'Max_spout': 1.0, 'Spliters': 2.0, 'Counters': 1.0}, {'Max_spout': 1.0, 'Spliters': 2.0, 'Counters': 1.0}, {'Max_spout': 1.0, 'Spliters': 2.0, 'Counters': 1.0}, {'Max_spout': 1.0, 'Spliters': 2.0, 'Counters': 1.0}, {'Max_spout': 1.0, 'Spliters': 2.0, 'Counters': 1.0}, {'Max_spout': 1.0, 'Spliters': 2.0, 'Counters': 1.0}
0.0019045801973868182, 0.0019045801973868182, 0.0019296845057882317, 0.0019045801973868182, 0.0019045801973868182, 0.0019045801973868182, 0.0019296845057882317, 0.0019296845057882317, 0.0019045801973868182, 0.0019045801973868182, 0.0019045801973868182, 0.0019045801973868182, 0.0019045801973868182, 0.0019045801973868182, 0.0019045801973868182, 0.0019045801973868182, 0.0019045801973868182, 0.0019045801973868182, 0.0019045801973868182, 0.0019045801973868182
0.034253597259521484, 0.01239323616027832, 0.011698007583618164, 0.012042522430419922, 0.012446403503417969, 0.011628866195678711, 0.012740850448608398, 0.01257181167602539, 0.01289820671081543, 0.012939929962158203, 0.012322664260864258, 0.012317419052124023, 0.012491703033447266, 0.012798309326171875, 0.012658834457397461, 0.012102127075195312, 0.011957645416259766, 0.011960029602050781, 0.014982938766479492, 0.012289285659790039