{'Max_spout': 1.0, 'Spliters': 1.0, 'Counters': 6.0}, {'Max_spout': 1.0, 'Spliters': 1.0, 'Counters': 6.0}, {'Max_spout': 1.0, 'Spliters': 1.0, 'Counters': 6.0}, {'Max_spout': 1.0, 'Spliters': 1.0, 'Counters': 6.0}, {'Max_spout': 1.0, 'Spliters': 1.0, 'Counters': 6.0}, {'Max_spout': 1.0, 'Spliters': 1.0, 'Counters': 6.0}, {'Max_spout': 1.0, 'Spliters': 1.0, 'Counters': 6.0}, {'Max_spout': 1.0, 'Spliters': 1.0, 'Counters': 6.0}, {'Max_spout': 1.0, 'Spliters': 1.0, 'Counters': 6.0}, {'Max_spout': 1.0, 'Spliters': 1.0, 'Counters': 6.0}, {'Max_spout': 1.0, 'Spliters': 1.0, 'Counters': 6.0}, {'Max_spout': 1.0, 'Spliters': 1.0, 'Counters': 6.0}, {'Max_spout': 1.0, 'Spliters': 1.0, 'Counters': 6.0}, {'Max_spout': 1.0, 'Spliters': 1.0, 'Counters': 6.0}, {'Max_spout': 1.0, 'Spliters': 1.0, 'Counters': 6.0}, {'Max_spout': 1.0, 'Spliters': 1.0, 'Counters': 6.0}, {'Max_spout': 1.0, 'Spliters': 1.0, 'Counters': 6.0}, {'Max_spout': 1.0, 'Spliters': 1.0, 'Counters': 6.0}, {'Max_spout': 1.0, 'Spliters': 1.0, 'Counters': 6.0}, {'Max_spout': 1.0, 'Spliters': 1.0, 'Counters': 6.0}
0.0020255808389428864, 0.0020255808389428864, 0.0020255808389428864, 0.0020255808389428864, 0.0020255808389428864, 0.0020255808389428864, 0.0020255808389428864, 0.0020255808389428864, 0.0020255808389428864, 0.0020255808389428864, 0.0020255808389428864, 0.0020255808389428864, 0.0020255808389428864, 0.0020255808389428864, 0.0020255808389428864, 0.0020255808389428864, 0.0020255808389428864, 0.0020255808389428864, 0.0020255808389428864, 0.0020255808389428864
0.1529085636138916, 0.12799072265625, 0.12816166877746582, 0.1275801658630371, 0.12601208686828613, 0.23123502731323242, 0.1254889965057373, 0.1223745346069336, 0.12140846252441406, 0.12947463989257812, 0.12224292755126953, 0.12326383590698242, 0.12308788299560547, 0.12295722961425781, 0.12092018127441406, 0.1228020191192627, 0.12445425987243652, 0.12358903884887695, 0.12376213073730469, 0.12156033515930176