{'Max_spout': 1.0, 'Spliters': 1.0, 'Counters': 3.0}, {'Max_spout': 1.0, 'Spliters': 1.0, 'Counters': 6.0}, {'Max_spout': 1.0, 'Spliters': 1.0, 'Counters': 3.0}, {'Max_spout': 1.0, 'Spliters': 1.0, 'Counters': 6.0}, {'Max_spout': 1.0, 'Spliters': 1.0, 'Counters': 6.0}, {'Max_spout': 1.0, 'Spliters': 1.0, 'Counters': 6.0}, {'Max_spout': 1.0, 'Spliters': 1.0, 'Counters': 6.0}, {'Max_spout': 1.0, 'Spliters': 1.0, 'Counters': 3.0}, {'Max_spout': 1.0, 'Spliters': 1.0, 'Counters': 3.0}, {'Max_spout': 1.0, 'Spliters': 1.0, 'Counters': 3.0}, {'Max_spout': 1.0, 'Spliters': 1.0, 'Counters': 6.0}, {'Max_spout': 1.0, 'Spliters': 1.0, 'Counters': 6.0}, {'Max_spout': 1.0, 'Spliters': 1.0, 'Counters': 3.0}, {'Max_spout': 1.0, 'Spliters': 1.0, 'Counters': 1.0}, {'Max_spout': 1.0, 'Spliters': 1.0, 'Counters': 6.0}, {'Max_spout': 1.0, 'Spliters': 1.0, 'Counters': 6.0}, {'Max_spout': 1.0, 'Spliters': 1.0, 'Counters': 6.0}, {'Max_spout': 1.0, 'Spliters': 1.0, 'Counters': 3.0}, {'Max_spout': 1.0, 'Spliters': 1.0, 'Counters': 3.0}, {'Max_spout': 1.0, 'Spliters': 2.0, 'Counters': 1.0}
0.003166889755378377, 0.0020255808389428864, 0.003166889755378377, 0.0020255808389428864, 0.0020255808389428864, 0.0020255808389428864, 0.0020255808389428864, 0.003166889755378377, 0.003166889755378377, 0.003166889755378377, 0.0020255808389428864, 0.0020255808389428864, 0.003166889755378377, 0.004705878549212117, 0.0020255808389428864, 0.0020255808389428864, 0.0020255808389428864, 0.003166889755378377, 0.003166889755378377, 0.005342812986996237
0.010982751846313477, 0.004360198974609375, 0.00714421272277832, 0.006062984466552734, 0.004198551177978516, 0.004176616668701172, 0.004290103912353516, 0.005349636077880859, 0.005019187927246094, 0.004604339599609375, 0.004157543182373047, 0.006743907928466797, 0.0057086944580078125, 0.004321575164794922, 0.004156351089477539, 0.0040836334228515625, 0.005471706390380859, 0.004187345504760742, 0.005674123764038086, 0.004987478256225586