{'Max_spout': 1.0, 'Spliters': 1.0, 'Counters': 6.0}, {'Max_spout': 1.0, 'Spliters': 1.0, 'Counters': 6.0}, {'Max_spout': 1.0, 'Spliters': 1.0, 'Counters': 6.0}, {'Max_spout': 1.0, 'Spliters': 1.0, 'Counters': 6.0}, {'Max_spout': 1.0, 'Spliters': 1.0, 'Counters': 6.0}, {'Max_spout': 1.0, 'Spliters': 1.0, 'Counters': 6.0}, {'Max_spout': 1.0, 'Spliters': 1.0, 'Counters': 6.0}, {'Max_spout': 1.0, 'Spliters': 1.0, 'Counters': 6.0}, {'Max_spout': 1.0, 'Spliters': 1.0, 'Counters': 6.0}, {'Max_spout': 1.0, 'Spliters': 1.0, 'Counters': 3.0}, {'Max_spout': 1.0, 'Spliters': 1.0, 'Counters': 6.0}, {'Max_spout': 1.0, 'Spliters': 1.0, 'Counters': 6.0}, {'Max_spout': 1.0, 'Spliters': 1.0, 'Counters': 6.0}, {'Max_spout': 1.0, 'Spliters': 1.0, 'Counters': 6.0}, {'Max_spout': 1.0, 'Spliters': 1.0, 'Counters': 6.0}, {'Max_spout': 1.0, 'Spliters': 1.0, 'Counters': 6.0}, {'Max_spout': 1.0, 'Spliters': 1.0, 'Counters': 6.0}, {'Max_spout': 1.0, 'Spliters': 1.0, 'Counters': 6.0}, {'Max_spout': 1.0, 'Spliters': 1.0, 'Counters': 3.0}, {'Max_spout': 1.0, 'Spliters': 1.0, 'Counters': 6.0}
0.0020255808389428864, 0.0020255808389428864, 0.0020255808389428864, 0.0020255808389428864, 0.0020255808389428864, 0.0020255808389428864, 0.0020255808389428864, 0.0020255808389428864, 0.0020255808389428864, 0.003166889755378377, 0.0020255808389428864, 0.0020255808389428864, 0.0020255808389428864, 0.0020255808389428864, 0.0020255808389428864, 0.0020255808389428864, 0.0020255808389428864, 0.0020255808389428864, 0.003166889755378377, 0.0020255808389428864
0.02603602409362793, 0.011933565139770508, 0.011917829513549805, 0.012563705444335938, 0.012401580810546875, 0.011794328689575195, 0.012110233306884766, 0.012717008590698242, 0.012894630432128906, 0.014990091323852539, 0.011472225189208984, 0.01290440559387207, 0.01234745979309082, 0.012132883071899414, 0.012298822402954102, 0.011410713195800781, 0.011833667755126953, 0.012630701065063477, 0.011555194854736328, 0.012188196182250977