{
  "stats": {
    "submitted": 1,
    "finished": 1,
    "running": 0
  },
  "data": [
    [
      1,
      null,
      1687321482,
      null,
      0.6644153789649127,
      0.006445884704589844,
      1,
      1763453824.6137605,
      1763453824.7000732,
      {}
    ]
  ],
  "configs": {
    "1": {
      "Age": 69.2647291496396,
      "BankruptcyHistory": 0.26389820128679276,
      "BaseInterestRate": 0.2643470253832787,
      "CheckingAccountBalance": 6952.131560515612,
      "CreditCardUtilizationRate": 0.8073142102222246,
      "CreditScore": 512.4387335488573,
      "DebtToIncomeRatio": 0.6079392553795185,
      "InterestRate": 0.17916579955088335,
      "JobTenure": 1.33388352394104,
      "LengthOfCreditHistory": 2.3833496533334255,
      "LoanApproved": 0.2930649146437645,
      "MonthlyDebtPayments": 221.72903732955456,
      "MonthlyIncome": 13460.170824546367,
      "MonthlyLoanPayment": 5442.103235088394,
      "NetWorth": 489223.119217664,
      "NumberOfCreditInquiries": 3.298277017660439,
      "NumberOfDependents": 0.5991631606593728,
      "NumberOfOpenCreditLines": 10.943845285102725,
      "PaymentHistory": 16.774177307263017,
      "PreviousLoanDefaults": 0.48822903260588646,
      "SavingsAccountBalance": 11960.54499951005,
      "TotalAssets": 1750214.7910191352,
      "TotalDebtToIncomeRatio": 1.7003747072437703,
      "TotalLiabilities": 1005383.905250391,
      "UtilityBillsPaymentHistory": 0.35557775781165896,
      "applicationDate": "9/1/41",
      "educationLevel": "Bachelor",
      "employmentStatus": "Employed",
      "homeOwnershipStatus": "Own",
      "loanPurpose": "Auto",
      "maritalStatus": "Widowed"
    }
  },
  "config_origins": {
    "1": "Initial Design: Sobol"
  }
}