{
  "incumbent_ids": [
    28
  ],
  "rejected_config_ids": [
    1,
    3,
    4,
    5,
    2,
    7,
    8,
    9,
    10,
    11,
    12,
    13,
    14,
    15,
    16,
    17,
    18,
    19,
    20,
    21,
    22,
    23,
    24,
    25,
    26,
    27,
    6,
    29,
    30,
    31,
    32,
    33,
    34,
    35,
    36,
    37,
    38,
    39,
    40,
    41,
    42,
    43,
    44,
    45,
    46,
    47,
    48,
    49,
    50
  ],
  "incumbents_changed": 4,
  "trajectory": [
    {
      "config_ids": [
        1
      ],
      "costs": [
        0.22607231345942402
      ],
      "trial": 1,
      "walltime": 0.006990671157836914
    },
    {
      "config_ids": [
        2
      ],
      "costs": [
        0.21983799105344204
      ],
      "trial": 2,
      "walltime": 0.06295228004455566
    },
    {
      "config_ids": [
        6
      ],
      "costs": [
        0.1435976086465227
      ],
      "trial": 6,
      "walltime": 3.0436699390411377
    },
    {
      "config_ids": [
        28
      ],
      "costs": [
        0.06040131205854671
      ],
      "trial": 28,
      "walltime": 8.907942533493042
    }
  ],
  "state": {
    "queue": [
      [
        50,
        1
      ]
    ]
  }
}