{"config": {"Criticality": 0.2974538320418756, "Criticality Modifier": 0.2460812393498062, "Culture": 0.8558632810041387, "Dynamism": 0.6155476470215087, "Initial Known": 0.8803479431682244, "Inter-Dependency": 0.8118045109503781, "Plan": 0.7724137729394097, "Size": 0.0634048065551308, "Team Size": 0.3942421013678031}, "score": 0.39526916936929624, "info": {}}