{
  "incumbent_ids": [
    3
  ],
  "rejected_config_ids": [
    2,
    1,
    4,
    5
  ],
  "incumbents_changed": 2,
  "trajectory": [
    {
      "config_ids": [
        1
      ],
      "costs": [
        0.7888831228856359
      ],
      "trial": 1,
      "walltime": 2.104320764541626
    },
    {
      "config_ids": [
        3
      ],
      "costs": [
        0.7867392440541472
      ],
      "trial": 3,
      "walltime": 6.351196765899658
    }
  ],
  "state": {
    "queue": []
  }
}