{
  "stats": {
    "submitted": 1,
    "finished": 1,
    "running": 0
  },
  "data": [
    [
      1,
      null,
      1165313289,
      null,
      0.27212538433247513,
      2.9781854152679443,
      1,
      1763054164.4631953,
      1763054167.7497234,
      {}
    ]
  ],
  "configs": {
    "1": {
      " ACAP": 3.219,
      " AEXP": 3.626,
      " CPLx": 2.679,
      " DOCU": 4.506,
      " ETAT": 3.801,
      " FLEx": 4.1,
      " KLOC": 37.951,
      " LTEx": 2.417,
      " PCAP": 3.03,
      " PCON": 4.232,
      " PLEx": 3.291,
      " PMAT": 2.281,
      " PREC": 1.479,
      " PVOL": 4.731,
      " RELY": 3.301,
      " RESL": 2.4,
      " RUSE": 5.079,
      " SCED": 3.0,
      " SITE": 1.376,
      " STOR": 3.077,
      " TEAM": 3.375,
      " TIME": 3.804,
      " TOOL": 2.0,
      "DATA": 2.595
    }
  },
  "config_origins": {
    "1": "Initial Design: Sobol"
  }
}