{
  "incumbent_ids": [
    2
  ],
  "rejected_config_ids": [
    1,
    3,
    4,
    5,
    6,
    7,
    8,
    9,
    10
  ],
  "incumbents_changed": 2,
  "trajectory": [
    {
      "config_ids": [
        1
      ],
      "costs": [
        0.563731542846844
      ],
      "trial": 1,
      "walltime": 3.528367280960083
    },
    {
      "config_ids": [
        2
      ],
      "costs": [
        0.3274687011285665
      ],
      "trial": 2,
      "walltime": 7.065473794937134
    }
  ],
  "state": {
    "queue": []
  }
}