{
  "incumbent_ids": [
    15
  ],
  "rejected_config_ids": [
    2,
    3,
    4,
    5,
    6,
    7,
    8,
    9,
    10,
    11,
    1,
    13,
    14,
    12,
    16,
    17,
    18
  ],
  "incumbents_changed": 3,
  "trajectory": [
    {
      "config_ids": [
        1
      ],
      "costs": [
        0.3527570634142956
      ],
      "trial": 1,
      "walltime": 0.012369394302368164
    },
    {
      "config_ids": [
        12
      ],
      "costs": [
        0.3446702112382962
      ],
      "trial": 12,
      "walltime": 2.841412305831909
    },
    {
      "config_ids": [
        15
      ],
      "costs": [
        0.3116908495987212
      ],
      "trial": 15,
      "walltime": 2.881085157394409
    }
  ],
  "state": {
    "queue": [
      [
        18,
        1
      ]
    ]
  }
}