{
  "stats": {
    "submitted": 6,
    "finished": 6,
    "running": 0
  },
  "data": [
    [
      1,
      null,
      1265576559,
      null,
      0.20174505409931276,
      0.003444671630859375,
      1,
      1763365665.3247445,
      1763365665.3298466,
      {}
    ],
    [
      2,
      null,
      1265576559,
      null,
      0.3881908006197361,
      0.0025985240936279297,
      1,
      1763365667.9526467,
      1763365667.9570718,
      {}
    ],
    [
      3,
      null,
      1265576559,
      null,
      0.2804171115836075,
      0.0016880035400390625,
      1,
      1763365667.9633431,
      1763365667.9667282,
      {}
    ],
    [
      4,
      null,
      1265576559,
      null,
      0.29531503278536964,
      0.0014033317565917969,
      1,
      1763365667.9733424,
      1763365667.9763658,
      {}
    ],
    [
      5,
      null,
      1265576559,
      null,
      0.18363205337453525,
      0.0015461444854736328,
      1,
      1763365667.9834151,
      1763365667.9868567,
      {}
    ],
    [
      6,
      null,
      1265576559,
      null,
      0.2086780807692733,
      0.0019183158874511719,
      1,
      1763365667.9961545,
      1763365667.999792,
      {}
    ]
  ],
  "configs": {
    "1": {
      " ACAP": 3.0170751493424177,
      " AEXP": 4.406756059471517,
      " CPLx": 2.5017806123942137,
      " DOCU": 4.652827892452478,
      " ETAT": 2.2304586505852644,
      " FLEx": 2.2392458021640778,
      " KLOC": 120.82261767203546,
      " LTEx": 1.783930397428572,
      " PCAP": 4.453385187312961,
      " PCON": 2.6013860441744328,
      " PLEx": 3.1269782232120633,
      " PMAT": 2.1449991818517447,
      " PREC": 3.0265684420876204,
      " PVOL": 4.341835386901162,
      " RELY": 2.936413298904896,
      " RESL": 3.0692527147978543,
      " RUSE": 2.990092290252447,
      " SCED": 3.0,
      " SITE": 1.1748765679076314,
      " STOR": 3.9018702656030655,
      " TEAM": 3.3941931345397607,
      " TIME": 3.585724820382893,
      " TOOL": 2.0,
      "DATA": 2.4746970819719136
    },
    "2": {
      " ACAP": 4.953058581719482,
      " AEXP": 4.910075755964746,
      " CPLx": 1.15189851133292,
      " DOCU": 1.68047746559574,
      " ETAT": 3.0991355694685163,
      " FLEx": 1.3154984730589918,
      " KLOC": 276.6418070564765,
      " LTEx": 3.9221995818335933,
      " PCAP": 4.847678762313687,
      " PCON": 3.217533433958704,
      " PLEx": 3.7210444852485014,
      " PMAT": 2.4161610139505334,
      " PREC": 2.268092013785319,
      " PVOL": 3.476335503174767,
      " RELY": 2.86269742666921,
      " RESL": 2.6972272886891986,
      " RUSE": 3.7352638255926243,
      " SCED": 3.0,
      " SITE": 2.6671954145956462,
      " STOR": 3.6881790961738936,
      " TEAM": 1.8250536989515682,
      " TIME": 3.3734122826744057,
      " TOOL": 2.0,
      "DATA": 3.509028592201058
    },
    "3": {
      " ACAP": 4.4458892087799775,
      " AEXP": 4.950249484018411,
      " CPLx": 1.1239120047804239,
      " DOCU": 3.8413627866831437,
      " ETAT": 3.6845072624122963,
      " FLEx": 3.705412781968076,
      " KLOC": 343.9608930108447,
      " LTEx": 3.6394473611210194,
      " PCAP": 4.695059016967043,
      " PCON": 1.7294854316174804,
      " PLEx": 1.9066722865854584,
      " PMAT": 2.8447652393743983,
      " PREC": 2.3496831264015228,
      " PVOL": 4.933698782244733,
      " RELY": 3.876059373253777,
      " RESL": 2.016669725343531,
      " RUSE": 4.743280234006906,
      " SCED": 3.0,
      " SITE": 4.2866833586166395,
      " STOR": 3.273968245640159,
      " TEAM": 3.3625992486936696,
      " TIME": 3.9823666191436633,
      " TOOL": 2.0,
      "DATA": 3.3142106943403613
    },
    "4": {
      " ACAP": 4.29870984292848,
      " AEXP": 3.6508002589099364,
      " CPLx": 1.5089626666899938,
      " DOCU": 2.1187991342616943,
      " ETAT": 5.841626263932909,
      " FLEx": 2.7434833754127648,
      " KLOC": 373.66451445457346,
      " LTEx": 3.1545769137521327,
      " PCAP": 3.936930463273952,
      " PCON": 3.0480340090745837,
      " PLEx": 1.048460707942274,
      " PMAT": 2.434051999470584,
      " PREC": 2.3542942274390057,
      " PVOL": 3.1227656882202384,
      " RELY": 1.3465514737621782,
      " RESL": 1.6540166949992936,
      " RUSE": 4.4986263210819875,
      " SCED": 3.0,
      " SITE": 2.4667314633315827,
      " STOR": 3.1658474595261126,
      " TEAM": 3.7403751109325643,
      " TIME": 3.532164448908653,
      " TOOL": 2.0,
      "DATA": 2.8478766538807907
    },
    "5": {
      " ACAP": 3.7582520392924197,
      " AEXP": 2.7578914903195173,
      " CPLx": 1.8762630656518033,
      " DOCU": 1.4405746161956197,
      " ETAT": 1.2130238670839708,
      " FLEx": 4.033390979813909,
      " KLOC": 342.3186236193429,
      " LTEx": 2.235927947087478,
      " PCAP": 3.1252839962867105,
      " PCON": 3.3326441002441674,
      " PLEx": 2.215558692206871,
      " PMAT": 2.4705161372933784,
      " PREC": 3.993915890369268,
      " PVOL": 2.9587296472664697,
      " RELY": 1.9020247295191295,
      " RESL": 4.517661431129389,
      " RUSE": 4.515602629029198,
      " SCED": 3.0,
      " SITE": 5.099070392973819,
      " STOR": 3.8643377415490177,
      " TEAM": 3.2837400667683423,
      " TIME": 3.0943173429260917,
      " TOOL": 2.0,
      "DATA": 2.4326547073390983
    },
    "6": {
      " ACAP": 4.708988062096261,
      " AEXP": 2.3829798062783976,
      " CPLx": 2.364708367606053,
      " DOCU": 2.3422243130332925,
      " ETAT": 2.544042342229699,
      " FLEx": 4.04837077310686,
      " KLOC": 175.01319053431027,
      " LTEx": 1.777790947535165,
      " PCAP": 3.000423717652418,
      " PCON": 3.806383779579483,
      " PLEx": 1.4834947782012733,
      " PMAT": 2.2777968928953927,
      " PREC": 3.4832731947818596,
      " PVOL": 4.433612345336416,
      " RELY": 1.8319992183964615,
      " RESL": 2.657725351613061,
      " RUSE": 5.31898140300236,
      " SCED": 3.0,
      " SITE": 5.724023262462092,
      " STOR": 3.932918352345395,
      " TEAM": 3.8573902460124567,
      " TIME": 3.1653419610718467,
      " TOOL": 2.0,
      "DATA": 2.7277643964696736
    }
  },
  "config_origins": {
    "1": "Initial Design: Sobol",
    "2": "Acquisition Function Maximizer: Local Search",
    "3": "Acquisition Function Maximizer: Local Search",
    "4": "Random Search",
    "5": "Random Search",
    "6": "Acquisition Function Maximizer: Local Search"
  }
}