{
  "stats": {
    "submitted": 24,
    "finished": 24,
    "running": 0
  },
  "data": [
    [
      1,
      null,
      59886187,
      null,
      0.7935525752068576,
      0.0190582275390625,
      1,
      1763363213.5490186,
      1763363213.5700219,
      {}
    ],
    [
      2,
      null,
      59886187,
      null,
      0.7920125372636408,
      0.0006384849548339844,
      1,
      1763363213.5780647,
      1763363213.5806828,
      {}
    ],
    [
      3,
      null,
      59886187,
      null,
      0.7971688397332675,
      0.0012173652648925781,
      1,
      1763363216.0250967,
      1763363216.0282607,
      {}
    ],
    [
      4,
      null,
      59886187,
      null,
      0.8044326791775389,
      0.0007033348083496094,
      1,
      1763363216.0316212,
      1763363216.0338066,
      {}
    ],
    [
      5,
      null,
      59886187,
      null,
      0.7883972688781998,
      0.0006580352783203125,
      1,
      1763363216.0369742,
      1763363216.0389862,
      {}
    ],
    [
      6,
      null,
      59886187,
      null,
      0.7930783966935422,
      0.0006477832794189453,
      1,
      1763363216.043199,
      1763363216.0451276,
      {}
    ],
    [
      7,
      null,
      59886187,
      null,
      0.7872673567672154,
      0.0019137859344482422,
      1,
      1763363216.048715,
      1763363216.0522785,
      {}
    ],
    [
      8,
      null,
      59886187,
      null,
      0.7890238199781132,
      0.000993490219116211,
      1,
      1763363216.0601268,
      1763363216.0638433,
      {}
    ],
    [
      9,
      null,
      59886187,
      null,
      0.7918697758663641,
      0.0010559558868408203,
      1,
      1763363216.0715067,
      1763363216.0751827,
      {}
    ],
    [
      10,
      null,
      59886187,
      null,
      0.789659107886976,
      0.0009479522705078125,
      1,
      1763363216.0830514,
      1763363216.0894647,
      {}
    ],
    [
      11,
      null,
      59886187,
      null,
      0.7886780047438697,
      0.0008120536804199219,
      1,
      1763363217.7469044,
      1763363217.7492096,
      {}
    ],
    [
      12,
      null,
      59886187,
      null,
      0.7888505673273549,
      0.0005333423614501953,
      1,
      1763363217.7537646,
      1763363217.7556422,
      {}
    ],
    [
      13,
      null,
      59886187,
      null,
      0.7882257080769272,
      0.0005209445953369141,
      1,
      1763363217.7603457,
      1763363217.7622194,
      {}
    ],
    [
      14,
      null,
      59886187,
      null,
      0.7927490163822407,
      0.00048804283142089844,
      1,
      1763363217.7668655,
      1763363217.7689145,
      {}
    ],
    [
      15,
      null,
      59886187,
      null,
      0.7877151755902353,
      0.0005078315734863281,
      1,
      1763363217.7738311,
      1763363217.7757168,
      {}
    ],
    [
      16,
      null,
      59886187,
      null,
      0.7932650519499369,
      0.0006346702575683594,
      1,
      1763363217.8042126,
      1763363217.8062232,
      {}
    ],
    [
      17,
      null,
      59886187,
      null,
      0.7924206561024142,
      0.0005359649658203125,
      1,
      1763363217.8272219,
      1763363217.8291059,
      {}
    ],
    [
      18,
      null,
      59886187,
      null,
      0.7888505673273549,
      0.00023603439331054688,
      1,
      1763363217.8345106,
      1763363217.8361213,
      {}
    ],
    [
      19,
      null,
      59886187,
      null,
      0.7900064642210698,
      0.0010297298431396484,
      1,
      1763363219.3969991,
      1763363219.399508,
      {}
    ],
    [
      20,
      null,
      59886187,
      null,
      0.7895477137822791,
      0.0006439685821533203,
      1,
      1763363219.4048684,
      1763363219.406809,
      {}
    ],
    [
      21,
      null,
      59886187,
      null,
      0.790823349633811,
      0.0005481243133544922,
      1,
      1763363219.4119961,
      1763363219.4138415,
      {}
    ],
    [
      22,
      null,
      59886187,
      null,
      0.7900064642210698,
      0.00027179718017578125,
      1,
      1763363219.4191928,
      1763363219.4207313,
      {}
    ],
    [
      23,
      null,
      59886187,
      null,
      0.7966279336222597,
      0.0007224082946777344,
      1,
      1763363219.4269342,
      1763363219.4289722,
      {}
    ],
    [
      24,
      null,
      59886187,
      null,
      0.3537903657371162,
      0.0005164146423339844,
      1,
      1763363219.4345121,
      1763363219.4363155,
      {}
    ]
  ],
  "configs": {
    "1": {
      "Max_depth": 1,
      "Min_impurity_decrease": 5.25,
      "Min_sample_leaves": 6,
      "N_estimators": 90,
      "criterion": "squared_error"
    },
    "2": {
      "Max_depth": 14,
      "Min_impurity_decrease": 6.0,
      "Min_sample_leaves": 11,
      "N_estimators": 170,
      "criterion": "absolute_error"
    },
    "3": {
      "Max_depth": 16,
      "Min_impurity_decrease": 6.0,
      "Min_sample_leaves": 3,
      "N_estimators": 50,
      "criterion": "absolute_error"
    },
    "4": {
      "Max_depth": 16,
      "Min_impurity_decrease": 4.5,
      "Min_sample_leaves": 2,
      "N_estimators": 60,
      "criterion": "poisson"
    },
    "5": {
      "Max_depth": 5,
      "Min_impurity_decrease": 4.5,
      "Min_sample_leaves": 9,
      "N_estimators": 100,
      "criterion": "squared_error"
    },
    "6": {
      "Max_depth": 10,
      "Min_impurity_decrease": 3.0,
      "Min_sample_leaves": 11,
      "N_estimators": 40,
      "criterion": "absolute_error"
    },
    "7": {
      "Max_depth": 15,
      "Min_impurity_decrease": 6.0,
      "Min_sample_leaves": 9,
      "N_estimators": 50,
      "criterion": "poisson"
    },
    "8": {
      "Max_depth": 15,
      "Min_impurity_decrease": 3.5,
      "Min_sample_leaves": 2,
      "N_estimators": 40,
      "criterion": "absolute_error"
    },
    "9": {
      "Max_depth": 20,
      "Min_impurity_decrease": 4.25,
      "Min_sample_leaves": 5,
      "N_estimators": 30,
      "criterion": "squared_error"
    },
    "10": {
      "Max_depth": 16,
      "Min_impurity_decrease": 3.0,
      "Min_sample_leaves": 2,
      "N_estimators": 100,
      "criterion": "poisson"
    },
    "11": {
      "Max_depth": 19,
      "Min_impurity_decrease": 9.5,
      "Min_sample_leaves": 20,
      "N_estimators": 180,
      "criterion": "poisson"
    },
    "12": {
      "Max_depth": 19,
      "Min_impurity_decrease": 3.25,
      "Min_sample_leaves": 18,
      "N_estimators": 180,
      "criterion": "poisson"
    },
    "13": {
      "Max_depth": 15,
      "Min_impurity_decrease": 6.0,
      "Min_sample_leaves": 9,
      "N_estimators": 180,
      "criterion": "poisson"
    },
    "14": {
      "Max_depth": 15,
      "Min_impurity_decrease": 8.5,
      "Min_sample_leaves": 18,
      "N_estimators": 180,
      "criterion": "poisson"
    },
    "15": {
      "Max_depth": 19,
      "Min_impurity_decrease": 7.5,
      "Min_sample_leaves": 9,
      "N_estimators": 180,
      "criterion": "poisson"
    },
    "16": {
      "Max_depth": 11,
      "Min_impurity_decrease": 5.25,
      "Min_sample_leaves": 20,
      "N_estimators": 120,
      "criterion": "poisson"
    },
    "17": {
      "Max_depth": 8,
      "Min_impurity_decrease": 2.25,
      "Min_sample_leaves": 9,
      "N_estimators": 180,
      "criterion": "poisson"
    },
    "18": {
      "Max_depth": 19,
      "Min_impurity_decrease": 3.25,
      "Min_sample_leaves": 20,
      "N_estimators": 180,
      "criterion": "poisson"
    },
    "19": {
      "Max_depth": 15,
      "Min_impurity_decrease": 1.0,
      "Min_sample_leaves": 14,
      "N_estimators": 50,
      "criterion": "absolute_error"
    },
    "20": {
      "Max_depth": 15,
      "Min_impurity_decrease": 1.0,
      "Min_sample_leaves": 9,
      "N_estimators": 190,
      "criterion": "squared_error"
    },
    "21": {
      "Max_depth": 15,