{
  "incumbent_ids": [
    2
  ],
  "rejected_config_ids": [
    1,
    3,
    4,
    5
  ],
  "incumbents_changed": 2,
  "trajectory": [
    {
      "config_ids": [
        1
      ],
      "costs": [
        0.5686210481147773
      ],
      "trial": 1,
      "walltime": 4.317159652709961
    },
    {
      "config_ids": [
        2
      ],
      "costs": [
        0.41911290257338996
      ],
      "trial": 2,
      "walltime": 177.9544551372528
    }
  ],
  "state": {
    "queue": [
      [
        5,
        1
      ]
    ]
  }
}